time,rope_p0_x,rope_p0_y,rope_p0_z,rope_p1_x,rope_p1_y,rope_p1_z,rope_p2_x,rope_p2_y,rope_p2_z,rope_p3_x,rope_p3_y,rope_p3_z,rope_p4_x,rope_p4_y,rope_p4_z,rope_p5_x,rope_p5_y,rope_p5_z,rope_p6_x,rope_p6_y,rope_p6_z,rope_p7_x,rope_p7_y,rope_p7_z,rope_p8_x,rope_p8_y,rope_p8_z,goal_traj_x,goal_traj_y,goal_traj_z
1778097447.67,0.479877948761,-0.299247592688,0.448213666677,0.481900662184,-0.300011813641,0.350573241711,0.483743160963,-0.301053673029,0.252218365669,0.485156804323,-0.301370829344,0.15229536593,0.486067384481,-0.301523834467,0.0557986050844,0.487269371748,-0.298921227455,-0.0476253628731,0.488433688879,-0.299883574247,-0.146502584219,0.491274088621,-0.300710231066,-0.241849005222,0.490806370974,-0.30018299818,-0.364563286304,0.491759628057,-0.301901578903,-0.362614899874
1778097447.68,0.479875653982,-0.29924711585,0.448207676411,0.481905370951,-0.299979001284,0.350557565689,0.483675330877,-0.300968140364,0.25210365653,0.485154122114,-0.301456034184,0.15220631659,0.486036807299,-0.301418721676,0.0558074042201,0.487164705992,-0.29898634553,-0.0476719737053,0.488433688879,-0.299883574247,-0.146502584219,0.491516858339,-0.300811290741,-0.241922020912,0.491078346968,-0.301910579205,-0.362592846155,0.492480844259,-0.301898568869,-0.362614899874
1778097447.69,0.479874074459,-0.299242794514,0.448201030493,0.481900662184,-0.300011813641,0.350573241711,0.483635634184,-0.300962656736,0.252167165279,0.485116153955,-0.301398903131,0.152249887586,0.486042529345,-0.301510632038,0.0557334199548,0.487164646387,-0.29898634553,-0.0476720482111,0.488531380892,-0.300072342157,-0.146406680346,0.491493016481,-0.30076828599,-0.242117196321,0.491090148687,-0.301815211773,-0.362561196089,0.493214279413,-0.301893413067,-0.362614899874
1778097447.7,0.479870587587,-0.299235224724,0.448182791471,0.481686979532,-0.300143182278,0.350959539413,0.48374375701,-0.300957769156,0.252143263817,0.485164731741,-0.301370441914,0.152289509773,0.486052960157,-0.301428824663,0.0558690354228,0.487164705992,-0.29898634553,-0.0476719737053,0.488433688879,-0.299883574247,-0.146502584219,0.491393238306,-0.300719171762,-0.241988539696,0.491065055132,-0.301980912685,-0.362466335297,0.493960112333,-0.301885992289,-0.362614899874
1778097447.71,0.479878902435,-0.299215853214,0.448167651892,0.481900662184,-0.300011813641,0.350573241711,0.483624011278,-0.300944924355,0.252130746841,0.485213249922,-0.301438629627,0.152250617743,0.48608699441,-0.301524460316,0.0557910464704,0.487346917391,-0.298985660076,-0.0475232005119,0.488433688879,-0.299883574247,-0.146502584219,0.491482943296,-0.300713092089,-0.241869419813,0.491048485041,-0.302084207535,-0.362495541573,0.494718581438,-0.301876246929,-0.362614899874
1778097447.72,0.479898750782,-0.29918128252,0.448158621788,0.481922417879,-0.300003558397,0.350546717644,0.483760327101,-0.300957649946,0.252137124538,0.485161870718,-0.301451534033,0.152195453644,0.486040383577,-0.301418751478,0.0558018386364,0.487164705992,-0.29898634553,-0.0476719737053,0.488430708647,-0.299680799246,-0.146446079016,0.491618126631,-0.300759851933,-0.242297083139,0.490813344717,-0.301562964916,-0.362358361483,0.495489865541,-0.301863998175,-0.362614899874
1778097447.73,0.47993850708,-0.299128830433,0.448157161474,0.481686979532,-0.300143182278,0.350959539413,0.483912497759,-0.300584763288,0.251389861107,0.485214263201,-0.301434785128,0.152244910598,0.486101657152,-0.301524728537,0.055788859725,0.487164705992,-0.29898634553,-0.0476719737053,0.488504856825,-0.299888491631,-0.146301209927,0.491551548243,-0.300405114889,-0.242498874664,0.491126030684,-0.301719754934,-0.362692087889,0.496274143457,-0.301849156618,-0.362614899874
1778097447.74,0.48000651598,-0.299053579569,0.448158591986,0.481686979532,-0.300143182278,0.350959539413,0.483912855387,-0.300587177277,0.251393854618,0.485220402479,-0.301437467337,0.152244314551,0.486119538546,-0.301524877548,0.0557667911053,0.487164646387,-0.29898634553,-0.0476720482111,0.488548129797,-0.299985587597,-0.146277368069,0.491875559092,-0.299780935049,-0.243706703186,0.491111844778,-0.301855623722,-0.36269068718,0.497071713209,-0.30183160305,-0.362614899874
1778097447.75,0.480124354362,-0.298944175243,0.448166161776,0.481686979532,-0.300143182278,0.350959539413,0.483759433031,-0.300998777151,0.252063393593,0.485220938921,-0.301535278559,0.152262046933,0.486138492823,-0.301525115967,0.0557550825179,0.487269371748,-0.298921257257,-0.0476253628731,0.488694876432,-0.299807786942,-0.146466135979,0.491058140993,-0.299000412226,-0.245186001062,0.490873843431,-0.301337748766,-0.362336724997,0.497882753611,-0.301811188459,-0.362614899874
1778097447.76,0.480297148228,-0.298800587654,0.448184996843,0.481957882643,-0.299874961376,0.350510537624,0.483906239271,-0.300591528416,0.251402914524,0.485301285982,-0.301514387131,0.152219906449,0.486158579588,-0.301525115967,0.0557391159236,0.487231940031,-0.299043148756,-0.0475812852383,0.488649517298,-0.299681097269,-0.146521180868,0.491526275873,-0.300326853991,-0.242409467697,0.49083545804,-0.299951553345,-0.364705502987,0.49870750308,-0.301787793636,-0.362614899874
1778097447.77,0.480531424284,-0.298618227243,0.448217660189,0.481935709715,-0.299886673689,0.350544273853,0.483753293753,-0.301078647375,0.252165913582,0.485373288393,-0.301608860493,0.152185887098,0.486804455519,-0.301932245493,0.0552172884345,0.487346976995,-0.298985660076,-0.0475230664015,0.488694876432,-0.299807786942,-0.146466135979,0.491621285677,-0.300185918808,-0.242504268885,0.491080313921,-0.301919698715,-0.362580746412,0.499546140432,-0.301761269569,-0.362614899874
1778097447.78,0.480830639601,-0.298386394978,0.448230803013,0.48214957118,-0.299624174833,0.35020250082,0.483718603849,-0.300988554955,0.252133786678,0.485332518816,-0.301531791687,0.152221187949,0.486785024405,-0.301987886429,0.0551599040627,0.487231940031,-0.299043148756,-0.0475812852383,0.48861131072,-0.30017003417,-0.146090507507,0.491939514875,-0.299896746874,-0.243536651134,0.491096585989,-0.301818341017,-0.362553834915,0.500398874283,-0.301731437445,-0.362614899874
1778097447.79,0.481227725744,-0.298105955124,0.448264092207,0.482128530741,-0.299666911364,0.350349724293,0.483925968409,-0.301082462072,0.252208173275,0.485357552767,-0.301535695791,0.152276784182,0.486829012632,-0.301958858967,0.0552543476224,0.487453252077,-0.299098849297,-0.0472965538502,0.488694876432,-0.299807786942,-0.146466135979,0.49186065793,-0.30064830184,-0.241907060146,0.490836232901,-0.299953520298,-0.364702939987,0.501266121864,-0.301698178053,-0.362614899874
1778097447.8,0.481735289097,-0.297777175903,0.448318719864,0.482515305281,-0.299759238958,0.35050880909,0.484002679586,-0.301114231348,0.252223730087,0.485561817884,-0.301681697369,0.152305692434,0.486828416586,-0.301951855421,0.0552222505212,0.487453252077,-0.299098849297,-0.0472965538502,0.488694876432,-0.299807786942,-0.146466135979,0.491867035627,-0.300692915916,-0.241953521967,0.49112907052,-0.301672518253,-0.362687528133,0.50214779377,-0.301661342382,-0.362614899874
1778097447.81,0.482355773449,-0.297401487827,0.448363661766,0.482949286699,-0.299961358309,0.35136449337,0.484247475863,-0.301083087921,0.252102792263,0.485609978437,-0.301322191954,0.152107387781,0.48684540391,-0.301974624395,0.05526073277,0.487453430891,-0.299098968506,-0.0472966134548,0.488694876432,-0.299807786942,-0.146466135979,0.49182215333,-0.30099400878,-0.241504877806,0.491112798452,-0.301778763533,-0.362537354231,0.503044366837,-0.301620721817,-0.362614899874
1778097447.82,0.483027607203,-0.297016203403,0.448411226273,0.48325791955,-0.299482196569,0.350699603558,0.484402090311,-0.300945132971,0.252204954624,0.485618501902,-0.301319181919,0.152179732919,0.486874371767,-0.301989525557,0.0552565380931,0.489015311003,-0.301176905632,-0.0441110432148,0.488548129797,-0.299985587597,-0.146277368069,0.49170294404,-0.301222354174,-0.24136608839,0.490883141756,-0.299977958202,-0.364585399628,0.503955960274,-0.301576197147,-0.362614899874
1778097447.83,0.483793765306,-0.296590924263,0.448483109474,0.483907967806,-0.29938107729,0.350735962391,0.484881967306,-0.300648361444,0.252181202173,0.485877543688,-0.300565928221,0.151476129889,0.486900418997,-0.302004158497,0.0552538111806,0.487453430891,-0.299098968506,-0.0472966134548,0.488548129797,-0.299985587597,-0.146277368069,0.4917357862,-0.300989687443,-0.241416454315,0.491123586893,-0.301773250103,-0.362540602684,0.504882931709,-0.301527529955,-0.362614899874
1778097447.84,0.484968066216,-0.295948714018,0.448561519384,0.48419585824,-0.299823611975,0.351568579674,0.48534938693,-0.300427138805,0.252212703228,0.48625215888,-0.300369232893,0.151478916407,0.487165957689,-0.30208209157,0.0555551871657,0.487397104502,-0.298988521099,-0.0474444329739,0.488651961088,-0.300245076418,-0.146083384752,0.491381317377,-0.301353484392,-0.241326600313,0.491114884615,-0.301768213511,-0.36255043745,0.505825400352,-0.301474571228,-0.362614899874
1778097447.85,0.486090600491,-0.295368373394,0.448591053486,0.486095756292,-0.29844686389,0.351183593273,0.486407369375,-0.300394147635,0.252558916807,0.48626318574,-0.299409538507,0.150887995958,0.487494200468,-0.302122414112,0.0556120127439,0.489035755396,-0.301003247499,-0.044025093317,0.48856857419,-0.300125688314,-0.146163105965,0.491347938776,-0.301318019629,-0.241171896458,0.491095453501,-0.301647722721,-0.3623495996,0.506783723831,-0.30141711235,-0.362614899874
1778097447.86,0.487340569496,-0.294735252857,0.448595970869,0.486095756292,-0.29844686389,0.351183593273,0.486407369375,-0.300394147635,0.252558916807,0.48626318574,-0.299409538507,0.150887995958,0.487494200468,-0.302122414112,0.0556120127439,0.489035755396,-0.301003247499,-0.044025093317,0.48856857419,-0.300125688314,-0.146163105965,0.491347938776,-0.301318019629,-0.241171896458,0.491095453501,-0.301647722721,-0.3623495996,0.507758140564,-0.301354944706,-0.362614899874
1778097447.87,0.488749802113,-0.294032424688,0.448658615351,0.486693233252,-0.298338443041,0.351514697075,0.487008839846,-0.30022546649,0.252804219723,0.487306445837,-0.300449252129,0.152959182858,0.487954109907,-0.302256375551,0.0557001382113,0.487660139799,-0.299003064632,-0.0469750761986,0.48856857419,-0.300125688314,-0.146163105965,0.490588992834,-0.299367696047,-0.244183331728,0.491019576788,-0.301587283611,-0.362334370613,0.50874876976,-0.301287859678,-0.362614899874
1778097447.88,0.489809960127,-0.293546050787,0.448706626892,0.487931698561,-0.297998815775,0.351768136024,0.488083213568,-0.299835294485,0.25253868103,0.487896710634,-0.300289541483,0.152721166611,0.48807618022,-0.301672428846,0.0554419159889,0.487758547068,-0.298940032721,-0.0469485372305,0.488704651594,-0.299979805946,-0.146285861731,0.490712851286,-0.29923582077,-0.244218558073,0.491000384092,-0.301572084427,-0.36238232255,0.509755969048,-0.301215648651,-0.362614899874
1778097447.89,0.491955906153,-0.29258158803,0.448723256588,0.48937574029,-0.2976590693,0.351612567902,0.488940030336,-0.299682050943,0.253178954124,0.488448292017,-0.300735771656,0.153585940599,0.487564593554,-0.299449771643,0.0526016056538,0.487946718931,-0.298875838518,-0.0468792319298,0.488481551409,-0.300179690123,-0.145640283823,0.490412265062,-0.29941251874,-0.243917137384,0.491017192602,-0.301503509283,-0.362354099751,0.510779976845,-0.301138073206,-0.362614899874
1778097447.9,0.493761837482,-0.291778832674,0.448729276657,0.490871220827,-0.29820394516,0.352984458208,0.49007615447,-0.299400299788,0.253241121769,0.489373832941,-0.300284057856,0.1536141783,0.488985806704,-0.300869941711,0.0549542531371,0.488526672125,-0.298827320337,-0.0465713739395,0.488645642996,-0.299923509359,-0.145651161671,0.490344256163,-0.299188762903,-0.24389180541,0.490918785334,-0.301457136869,-0.362333416939,0.51182103157,-0.301054894924,-0.362614899874
1778097447.91,0.49568772316,-0.290938943624,0.448712080717,0.492072790861,-0.297909766436,0.352948606014,0.491270333529,-0.298744738102,0.253180086613,0.490111082792,-0.299643307924,0.153046905994,0.489482372999,-0.300625145435,0.0552392154932,0.488896101713,-0.298968166113,-0.0462541431189,0.488560467958,-0.29951351881,-0.145536392927,0.490557461977,-0.298984110355,-0.244021236897,0.490417867899,-0.30002489686,-0.363969117403,0.512879371643,-0.300965875387,-0.362614899874
1778097447.92,0.497752249241,-0.290066152811,0.448665499687,0.493531018496,-0.295753091574,0.351328492165,0.492468446493,-0.298490345478,0.253325521946,0.49133464694,-0.299638867378,0.153552800417,0.49040171504,-0.300891846418,0.0556891225278,0.489428788424,-0.298883408308,-0.0459562093019,0.488841682673,-0.299901366234,-0.145137280226,0.491588205099,-0.300421595573,-0.24180200696,0.490841001272,-0.301576465368,-0.362171977758,0.5139554739,-0.300870746374,-0.362614899874
1778097447.93,0.49883505702,-0.289626896381,0.448629468679,0.495597749949,-0.296427100897,0.353050351143,0.493946999311,-0.297768384218,0.253059327602,0.492284148932,-0.299489617348,0.153367757797,0.490726441145,-0.300470083952,0.0553215369582,0.490985244513,-0.300964891911,-0.0426604896784,0.489253431559,-0.299414277077,-0.145615726709,0.490880578756,-0.299200445414,-0.24388435483,0.490287810564,-0.299921423197,-0.363886982203,0.515049338341,-0.300769239664,-0.362614899874
1778097447.94,0.502246260643,-0.288289070129,0.448370039463,0.497250944376,-0.295031189919,0.351877897978,0.495460003614,-0.297194004059,0.25272706151,0.493525058031,-0.299007952213,0.153583005071,0.492184728384,-0.299964666367,0.0557519383729,0.491587311029,-0.300921946764,-0.0429563373327,0.489464133978,-0.299110502005,-0.145794004202,0.491079121828,-0.299262851477,-0.243703275919,0.48996797204,-0.300022274256,-0.36363774538,0.516161322594,-0.300661087036,-0.362614899874
1778097447.95,0.504628241062,-0.287382274866,0.448245555162,0.498888045549,-0.294879794121,0.35302183032,0.49735507369,-0.29689642787,0.253288924694,0.494987457991,-0.298342436552,0.153392493725,0.493041902781,-0.299444109201,0.0556594356894,0.491532295942,-0.297755330801,-0.0470722168684,0.490398317575,-0.300570189953,-0.142596811056,0.491070777178,-0.299007862806,-0.243619382381,0.489869147539,-0.29977491498,-0.364592730999,0.517291665077,-0.300545990467,-0.362614899874
1778097447.96,0.506104230881,-0.286813527346,0.448130249977,0.501219153404,-0.294021874666,0.35205501318,0.499034076929,-0.296292990446,0.25307071209,0.496666520834,-0.298113077879,0.153640955687,0.494591087103,-0.299224883318,0.0559289306402,0.493468850851,-0.300102829933,-0.042818441987,0.490719407797,-0.299877494574,-0.144941061735,0.492202192545,-0.301103085279,-0.240732640028,0.489757329226,-0.299868613482,-0.364677608013,0.518440723419,-0.300423651934,-0.362614899874
1778097447.97,0.509654343128,-0.285496413708,0.447779893875,0.502963066101,-0.29344984889,0.352844595909,0.501062631607,-0.295867830515,0.253150314093,0.49819752574,-0.297311246395,0.15364703536,0.495485812426,-0.297832012177,0.0546282753348,0.493465512991,-0.297318011522,-0.0465905666351,0.492038220167,-0.299092561007,-0.145052224398,0.492651611567,-0.301162928343,-0.240596622229,0.489482790232,-0.299855440855,-0.364254206419,0.519608736038,-0.30029374361,-0.362614899874
1778097447.98,0.512293756008,-0.284572392702,0.447546362877,0.506101369858,-0.293268740177,0.352660089731,0.503108382225,-0.295136749744,0.252854973078,0.500001549721,-0.295673340559,0.151331782341,0.497579425573,-0.298446059227,0.0560469143093,0.494526594877,-0.296657204628,-0.0470934659243,0.492462605238,-0.299463450909,-0.144104927778,0.493009597063,-0.301060914993,-0.240731596947,0.489362329245,-0.299997210503,-0.364261299372,0.520795941353,-0.300155967474,-0.362614899874
1778097447.99,0.515007913113,-0.283655792475,0.447185337543,0.508623123169,-0.292346388102,0.35254073143,0.505445957184,-0.29465290904,0.252967953682,0.502208352089,-0.296235114336,0.153437137604,0.49832329154,-0.29664850235,0.0533303767443,0.495783299208,-0.295907109976,-0.04696393013,0.494455486536,-0.299759179354,-0.142242968082,0.493654578924,-0.300667315722,-0.240908414125,0.489107340574,-0.300311177969,-0.364024162292,0.522002696991,-0.300009936094,-0.362614899874
1778097448,0.51776522398,-0.282764703035,0.446855932474,0.511362552643,-0.291892528534,0.352334797382,0.507716655731,-0.29363027215,0.252573996782,0.504589915276,-0.295570999384,0.152898102999,0.501136660576,-0.296805769205,0.0549290776253,0.49764212966,-0.296076327562,-0.0462858378887,0.494081765413,-0.297727674246,-0.146016806364,0.493423730135,-0.300612568855,-0.2404910326,0.488797992468,-0.299884051085,-0.364492118359,0.523229241371,-0.299855321646,-0.362614899874
1778097448.01,0.520576775074,-0.281826168299,0.446456849575,0.514044046402,-0.29009693861,0.350493729115,0.510424733162,-0.29314905405,0.252195894718,0.506860136986,-0.294986397028,0.152702704072,0.502810239792,-0.296752244234,0.0552885979414,0.498700648546,-0.296071976423,-0.0465511232615,0.495847433805,-0.299396067858,-0.141665786505,0.493317753077,-0.297904521227,-0.244592398405,0.488623827696,-0.300347983837,-0.364057004452,0.524475693703,-0.2996917665,-0.362614899874
1778097448.02,0.52346855402,-0.280924230814,0.446121543646,0.516694307327,-0.28964304924,0.350669920444,0.513081073761,-0.292514026165,0.252140909433,0.509269952774,-0.294151932001,0.152231439948,0.505078673363,-0.295774906874,0.054444886744,0.501531720161,-0.296855479479,-0.0437113195658,0.497791200876,-0.298966884613,-0.143161088228,0.495044022799,-0.299952179193,-0.241783291101,0.488623827696,-0.300347983837,-0.364057004452,0.525742530823,-0.299518883228,-0.362614899874
1778097448.03,0.526376366615,-0.280079364777,0.445627331734,0.518896698952,-0.289043903351,0.350478112698,0.51582801342,-0.2917958498,0.251551121473,0.51181602478,-0.293915599585,0.152205854654,0.506786704063,-0.293286323547,0.0515403747559,0.502789139748,-0.294574171305,-0.0474368333817,0.49870583415,-0.298884004354,-0.143130928278,0.495738714933,-0.299321055412,-0.242536425591,0.488376110792,-0.300333827734,-0.36432570219,0.52702999115,-0.299336224794,-0.362614899874
1778097448.04,0.529323995113,-0.27923232317,0.445165067911,0.52253818512,-0.288965016603,0.351265281439,0.51887357235,-0.291159391403,0.251514434814,0.514304041862,-0.292833864689,0.151899725199,0.509212732315,-0.292928636074,0.051516957581,0.504330277443,-0.293887585402,-0.0478122532368,0.499129742384,-0.296357780695,-0.146911799908,0.496384769678,-0.29996034503,-0.241867601871,0.488690048456,-0.300397872925,-0.364792943001,0.528338313103,-0.299143433571,-0.362614899874
1778097448.05,0.532272458076,-0.278418391943,0.444687843323,0.525559425354,-0.287355750799,0.349362134933,0.521121621132,-0.290350794792,0.252015709877,0.516905426979,-0.2918792665,0.150968879461,0.512140750885,-0.293987900019,0.0537988841534,0.506191492081,-0.293659567833,-0.0478252470493,0.501102566719,-0.296871423721,-0.145036280155,0.497046202421,-0.299175143242,-0.24131706357,0.488526850939,-0.300491601229,-0.36478099227,0.5296677351,-0.298940062523,-0.362614899874
1778097448.06,0.535273194313,-0.27761772275,0.444254636765,0.528330683708,-0.286964386702,0.349452257156,0.524257183075,-0.289642393589,0.250628262758,0.519571900368,-0.291150897741,0.150931626558,0.514772415161,-0.293703705072,0.0534677654505,0.508085608482,-0.293463617563,-0.0476102679968,0.502233862877,-0.296545028687,-0.145852059126,0.498125404119,-0.298923671246,-0.242453813553,0.48839661479,-0.300172060728,-0.365120023489,0.531018614769,-0.298725605011,-0.362614899874
1778097448.07,0.538874208927,-0.276660352945,0.443563103676,0.531644821167,-0.28694871068,0.350043594837,0.527690649033,-0.288864612579,0.250169068575,0.522646665573,-0.291216522455,0.151134565473,0.517147541046,-0.293499171734,0.053464025259,0.510387659073,-0.292555242777,-0.0489513874054,0.504616379738,-0.296959489584,-0.144535392523,0.499185234308,-0.29881465435,-0.242357283831,0.488651365042,-0.299925804138,-0.365373581648,0.53239107132,-0.298499673605,-0.362614899874
1778097448.08,0.541220009327,-0.276056885719,0.443081378937,0.534925460815,-0.286079317331,0.349457740784,0.530693531036,-0.288338840008,0.249879658222,0.52561879158,-0.290332347155,0.150576204062,0.519753336906,-0.292377620935,0.052961178124,0.512466669083,-0.292644768953,-0.0479042679071,0.506299972534,-0.296511858702,-0.144970864058,0.49957498908,-0.297860056162,-0.242151111364,0.488823860884,-0.300229281187,-0.365116477013,0.533785462379,-0.298261702061,-0.362614899874
1778097448.09,0.544171929359,-0.275293529034,0.442555457354,0.53787958622,-0.285102307796,0.34803211689,0.533497214317,-0.287801504135,0.249411433935,0.527718305588,-0.288297235966,0.147706836462,0.521664619446,-0.289740383625,0.0495009124279,0.514979839325,-0.291146308184,-0.0498526394367,0.507319808006,-0.295461624861,-0.146708995104,0.50140619278,-0.298136591911,-0.243324220181,0.489154666662,-0.300096213818,-0.36536604166,0.535202145576,-0.298011243343,-0.362614899874
1778097448.1,0.547095298767,-0.274539977312,0.441974014044,0.540615200996,-0.284594595432,0.34776699543,0.536677360535,-0.286988377571,0.248889133334,0.531190156937,-0.288957715034,0.149228751659,0.524826169014,-0.290624946356,0.0514035150409,0.517015457153,-0.29128742218,-0.0492116957903,0.50906431675,-0.293812841177,-0.148574084044,0.502388238907,-0.297993391752,-0.243781119585,0.489498764277,-0.299554169178,-0.365936279297,0.536641120911,-0.297747701406,-0.362614899874
1778097448.11,0.549665629864,-0.273884385824,0.441363334656,0.544530630112,-0.284510433674,0.34828299284,0.539998531342,-0.286576807499,0.248174652457,0.534018158913,-0.288168847561,0.148744374514,0.527144551277,-0.290814846754,0.0514326542616,0.518866539001,-0.291014194489,-0.0492796599865,0.510706663132,-0.294917792082,-0.145948290825,0.503708839417,-0.297571390867,-0.244096308947,0.489779025316,-0.299583762884,-0.365760713816,0.538102865219,-0.297470569611,-0.362614899874
1778097448.12,0.552706718445,-0.27311578393,0.440626114607,0.546911239624,-0.284153074026,0.348235279322,0.542821764946,-0.28572499752,0.24805867672,0.536839723587,-0.287533193827,0.14824090898,0.529815554619,-0.290095537901,0.0507869720459,0.521272659302,-0.290324509144,-0.0502780526876,0.512558102608,-0.29276818037,-0.14981007576,0.504794120789,-0.297149986029,-0.244475841522,0.490540295839,-0.299341231585,-0.366247653961,0.539587497711,-0.297179222107,-0.362614899874
1778097448.13,0.55544424057,-0.272407829762,0.440067380667,0.550166964531,-0.28237876296,0.345454752445,0.545766234398,-0.285547971725,0.247392013669,0.540058374405,-0.287294745445,0.147797644138,0.531686425209,-0.288114756346,0.0484733358026,0.523722648621,-0.289862394333,-0.0505516976118,0.515318751335,-0.294737398624,-0.146647006273,0.505837440491,-0.294772237539,-0.247990220785,0.490885406733,-0.300304979086,-0.364511221647,0.541095376015,-0.296873122454,-0.362614899874
1778097448.14,0.558126807213,-0.271691888571,0.439448177814,0.55366230011,-0.282798796892,0.346399605274,0.548847198486,-0.284983098507,0.246558263898,0.54299890995,-0.287140727043,0.147569894791,0.535479187965,-0.28883382678,0.0494999065995,0.525729894638,-0.290284723043,-0.0507712513208,0.517066001892,-0.294191449881,-0.147145271301,0.507734298706,-0.296913176775,-0.245348364115,0.492633670568,-0.298558592796,-0.368468493223,0.54262650013,-0.296551585197,-0.362614899874
1778097448.15,0.560180723667,-0.271128624678,0.438876718283,0.556465744972,-0.282202452421,0.345731139183,0.551837801933,-0.284035950899,0.246010348201,0.545608043671,-0.28655397892,0.146735310555,0.538027524948,-0.289228588343,0.0494389981031,0.52810049057,-0.288887321949,-0.0516293495893,0.517784714699,-0.291485756636,-0.15129467845,0.509334802628,-0.295768022537,-0.245501458645,0.493269771338,-0.298362702131,-0.367850750685,0.544181227684,-0.296213984489,-0.362614899874
1778097448.16,0.563170075417,-0.270273894072,0.438137352467,0.558743715286,-0.280910611153,0.344405353069,0.554635882378,-0.283905237913,0.245250970125,0.548290252686,-0.286076307297,0.146002039313,0.540019392967,-0.287066340446,0.0466683134437,0.530197262764,-0.289042949677,-0.0521498173475,0.52088534832,-0.293575376272,-0.147394388914,0.51011967659,-0.295459657907,-0.245449870825,0.493841916323,-0.298053443432,-0.367579698563,0.545759797096,-0.295859634876,-0.362614899874
1778097448.17,0.565559566021,-0.269537180662,0.437578380108,0.562066197395,-0.280976206064,0.344315767288,0.557065963745,-0.283230960369,0.245355442166,0.550989866257,-0.285931676626,0.145660504699,0.542966961861,-0.2878267169,0.0478815063834,0.532396197319,-0.288617819548,-0.0529818236828,0.522738814354,-0.293472349644,-0.148424327374,0.512564063072,-0.295341283083,-0.246980875731,0.495112270117,-0.298460513353,-0.366452723742,0.547362327576,-0.295487821102,-0.362614899874
1778097448.18,0.567176043987,-0.269013613462,0.437151789665,0.564689040184,-0.280619233847,0.343793034554,0.559893012047,-0.28298920393,0.244185224175,0.553531050682,-0.285261899233,0.144904285669,0.545088291168,-0.287976294756,0.0474287718534,0.534935355186,-0.28744712472,-0.0545702576637,0.524939060211,-0.293009310961,-0.149369090796,0.514322638512,-0.294984251261,-0.24734583497,0.496990054846,-0.297625720501,-0.368494689465,0.548988938332,-0.295097827911,-0.362614899874
1778097448.19,0.57017916441,-0.267965525389,0.436166018248,0.567382693291,-0.279781222343,0.343051761389,0.562544345856,-0.282355904579,0.243735477328,0.555944442749,-0.284895539284,0.144317954779,0.547595500946,-0.287293940783,0.0469534620643,0.537159323692,-0.287998557091,-0.053698733449,0.526953220367,-0.292724490166,-0.149591296911,0.515420556068,-0.293980836868,-0.247328460217,0.497990220785,-0.29749122262,-0.367164045572,0.550639867783,-0.294688850641,-0.362614899874
1778097448.2,0.5719871521,-0.267250180244,0.435651272535,0.569601535797,-0.278757423162,0.341434419155,0.564960837364,-0.281908929348,0.242852926254,0.558212161064,-0.284705877304,0.143619284034,0.549344778061,-0.285771667957,0.0447958409786,0.539224624634,-0.287946283817,-0.0547723025084,0.528478622437,-0.291669726372,-0.149849027395,0.51790189743,-0.294727772474,-0.248375624418,0.499884456396,-0.296517699957,-0.369244784117,0.552315115929,-0.294260084629,-0.362614899874
1778097448.21,0.57388406992,-0.266417175531,0.435116320848,0.572207450867,-0.278720527887,0.341931462288,0.567087888718,-0.281635373831,0.242201447487,0.560524702072,-0.283738583326,0.142657458782,0.551517009735,-0.284729510546,0.0423992499709,0.541173934937,-0.287011116743,-0.0555782020092,0.530940055847,-0.292190909386,-0.151091843843,0.519808530807,-0.294031918049,-0.249210476875,0.502212524414,-0.295915901661,-0.370497703552,0.554014921188,-0.293810725212,-0.362614899874
1778097448.22,0.575647711754,-0.265513688326,0.43462240696,0.574468851089,-0.278082221746,0.341170579195,0.569039106369,-0.281097501516,0.242543309927,0.562665939331,-0.283870369196,0.142612442374,0.554470062256,-0.286049962044,0.0449120029807,0.543726205826,-0.286377608776,-0.0567889809608,0.53310573101,-0.291381597519,-0.151616960764,0.521586418152,-0.293049186468,-0.248955368996,0.503903269768,-0.295487344265,-0.370558679104,0.555739283562,-0.293339908123,-0.362614899874
1778097448.23,0.577267885208,-0.26457503438,0.434132725,0.576349020004,-0.277101635933,0.339647054672,0.57152569294,-0.280678510666,0.241148501635,0.564879179001,-0.283003509045,0.141615390778,0.55643761158,-0.28577491641,0.0440959557891,0.545991182327,-0.287964403629,-0.0516972690821,0.534821271896,-0.290266245604,-0.151977539062,0.524235010147,-0.293138951063,-0.250228852034,0.505841612816,-0.295384347439,-0.369294732809,0.557488322258,-0.29284670949,-0.362614899874
1778097448.24,0.578689575195,-0.263668656349,0.43360838294,0.577683210373,-0.276462614536,0.33925151825,0.573134064674,-0.279967755079,0.240807890892,0.56690788269,-0.282924830914,0.14121504128,0.558636665344,-0.2855476439,0.0434720441699,0.547960400581,-0.285006791353,-0.0584613978863,0.537271022797,-0.290212035179,-0.153525918722,0.525007367134,-0.291873306036,-0.250580012798,0.508450269699,-0.293994992971,-0.371934324503,0.559262037277,-0.292330175638,-0.362614899874
1778097448.25,0.579986512661,-0.262665212154,0.433140963316,0.580208182335,-0.276161402464,0.339281618595,0.575692296028,-0.279706895351,0.239742696285,0.568910479546,-0.282593756914,0.140726163983,0.560829758644,-0.284670561552,0.0426288172603,0.549874544144,-0.285843878984,-0.057435631752,0.539166092873,-0.289416730404,-0.154766231775,0.527728796005,-0.29085868597,-0.253009289503,0.511413455009,-0.292331933975,-0.373209506273,0.561060428619,-0.291789352894,-0.362614899874
1778097448.26,0.581139862537,-0.261570185423,0.432766228914,0.582132816315,-0.275494784117,0.338715046644,0.57724583149,-0.279016077518,0.239291325212,0.570811152458,-0.282587140799,0.140764266253,0.562365174294,-0.284996151924,0.0425132885575,0.55192065239,-0.28442889452,-0.0594104677439,0.541900157928,-0.289710253477,-0.154210418463,0.531031012535,-0.291306823492,-0.252159953117,0.513485789299,-0.293401122093,-0.371710628271,0.562883377075,-0.291223227978,-0.362614899874
1778097448.27,0.582134485245,-0.260434806347,0.432479649782,0.583386659622,-0.274817615747,0.338508665562,0.578796029091,-0.278061449528,0.238711863756,0.572808384895,-0.281658560038,0.14035487175,0.564444422722,-0.284097552299,0.0420111566782,0.555538058281,-0.286547124386,-0.0560779869556,0.543031573296,-0.287683904171,-0.157163381577,0.533439278603,-0.290628731251,-0.252687394619,0.51630961895,-0.29191082716,-0.37376883626,0.564730882645,-0.290630698204,-0.362614899874
1778097448.28,0.582988321781,-0.259224265814,0.432254642248,0.584593772888,-0.272826015949,0.336852222681,0.580441594124,-0.277259767056,0.238529920578,0.574387907982,-0.280952036381,0.139346048236,0.566061377525,-0.283904373646,0.041763342917,0.556417346001,-0.283820211887,-0.0594217628241,0.546438097954,-0.28826469183,-0.155343562365,0.536153554916,-0.290237247944,-0.253234893084,0.519293665886,-0.291517674923,-0.374482154846,0.566602826118,-0.290010690689,-0.362614899874
1778097448.29,0.583721160889,-0.257896125317,0.432128787041,0.585829973221,-0.272440135479,0.337746977806,0.581533789635,-0.276649087667,0.238204300404,0.575644135475,-0.279993653297,0.139460638165,0.568065166473,-0.283033251762,0.0411510542035,0.558382153511,-0.283320248127,-0.060726493597,0.548469185829,-0.287848591805,-0.154778838158,0.538712143898,-0.289345324039,-0.253788918257,0.523049473763,-0.290173560381,-0.37601685524,0.568498969078,-0.289362043142,-0.362614899874
1778097448.3,0.584295034409,-0.256496697664,0.432088404894,0.586775302887,-0.271645784378,0.33815830946,0.582896828651,-0.275680810213,0.23776589334,0.577078461647,-0.279059231281,0.138571590185,0.569818735123,-0.283041477203,0.0412080958486,0.560099244118,-0.28215816617,-0.0618325918913,0.549939393997,-0.286576598883,-0.155442655087,0.541436195374,-0.288739681244,-0.25398644805,0.526021718979,-0.289484828711,-0.375794231892,0.570419073105,-0.288683593273,-0.362614899874
1778097448.31,0.584766030312,-0.255029708147,0.432048767805,0.587832093239,-0.270648509264,0.337168514729,0.583721756935,-0.274679660797,0.237344264984,0.578527450562,-0.278390467167,0.13856613636,0.571211099625,-0.281608879566,0.0404383316636,0.562070131302,-0.281975567341,-0.0606359690428,0.553565621376,-0.286434799433,-0.156537443399,0.544743657112,-0.287771970034,-0.254477649927,0.529432415962,-0.28878057003,-0.376799792051,0.572362780571,-0.287974059582,-0.362614899874
1778097448.32,0.585161447525,-0.253504663706,0.432081520557,0.588637709618,-0.269352555275,0.337001144886,0.58449614048,-0.273566126823,0.238213509321,0.579762220383,-0.277249485254,0.138095080853,0.573093056679,-0.280789703131,0.0405357852578,0.564050197601,-0.282084792852,-0.0607509464025,0.555614590645,-0.285516619682,-0.156103432178,0.547734856606,-0.287147134542,-0.254928857088,0.532541751862,-0.289013624191,-0.375142306089,0.574329853058,-0.287232190371,-0.362614899874
1778097448.33,0.58547860384,-0.251899778843,0.432281494141,0.58863055706,-0.267052650452,0.335723489523,0.585234284401,-0.272159963846,0.237914294004,0.580884933472,-0.276217848063,0.138207420707,0.574193120003,-0.279306083918,0.0398705378175,0.566168546677,-0.280229598284,-0.0618728399277,0.557782292366,-0.282970398664,-0.160495758057,0.550016760826,-0.286154061556,-0.254646152258,0.53694319725,-0.28751078248,-0.377344995737,0.576319932938,-0.286456644535,-0.362614899874
1778097448.34,0.585713148117,-0.250214278698,0.432542711496,0.58863055706,-0.267052650452,0.335723489523,0.585234284401,-0.272159963846,0.237914294004,0.580884933472,-0.276217848063,0.138207420707,0.574193120003,-0.279306083918,0.0398705378175,0.566168546677,-0.280229598284,-0.0618728399277,0.557782292366,-0.282970398664,-0.160495758057,0.550016760826,-0.286154061556,-0.254646152258,0.53694319725,-0.28751078248,-0.377344995737,0.578332304955,-0.285646051168,-0.362614899874
1778097448.35,0.58584266901,-0.248448014259,0.432851731777,0.58863055706,-0.267052650452,0.335723489523,0.585234284401,-0.272159963846,0.237914294004,0.580884933472,-0.276217848063,0.138207420707,0.574193120003,-0.279306083918,0.0398705378175,0.566168546677,-0.280229598284,-0.0618728399277,0.557782292366,-0.282970398664,-0.160495758057,0.550016760826,-0.286154061556,-0.254646152258,0.53694319725,-0.28751078248,-0.377344995737,0.580366492271,-0.284798949957,-0.362614899874
1778097448.36,0.585855960846,-0.24658882618,0.433307915926,0.58863055706,-0.267052650452,0.335723489523,0.585234284401,-0.272159963846,0.237914294004,0.580884933472,-0.276217848063,0.138207420707,0.574193120003,-0.279306083918,0.0398705378175,0.566168546677,-0.280229598284,-0.0618728399277,0.557782292366,-0.282970398664,-0.160495758057,0.550016760826,-0.286154061556,-0.254646152258,0.53694319725,-0.28751078248,-0.377344995737,0.582421898842,-0.283913850784,-0.362614899874
1778097448.37,0.585808753967,-0.244793817401,0.433808267117,0.58863055706,-0.267052650452,0.335723489523,0.585234284401,-0.272159963846,0.237914294004,0.580884933472,-0.276217848063,0.138207420707,0.574193120003,-0.279306083918,0.0398705378175,0.566168546677,-0.280229598284,-0.0618728399277,0.557782292366,-0.282970398664,-0.160495758057,0.550016760826,-0.286154061556,-0.254646152258,0.53694319725,-0.28751078248,-0.377344995737,0.584497570992,-0.282989233732,-0.362614899874
1778097448.38,0.585640668869,-0.242501914501,0.434479624033,0.58863055706,-0.267052650452,0.335723489523,0.585234284401,-0.272159963846,0.237914294004,0.580884933472,-0.276217848063,0.138207420707,0.574193120003,-0.279306083918,0.0398705378175,0.566168546677,-0.280229598284,-0.0618728399277,0.557782292366,-0.282970398664,-0.160495758057,0.550016760826,-0.286154061556,-0.254646152258,0.53694319725,-0.28751078248,-0.377344995737,0.586592793465,-0.282023519278,-0.362614899874
1778097448.39,0.585303664207,-0.239917188883,0.43522810936,0.591078519821,-0.257216453552,0.33834835887,0.588916778564,-0.262067735195,0.238766163588,0.585887670517,-0.266511768103,0.138563245535,0.582883477211,-0.270714849234,0.0409947410226,0.578675746918,-0.272306442261,-0.0605038404465,0.574402928352,-0.278735876083,-0.156249433756,0.569434046745,-0.278181403875,-0.257984250784,0.561609506607,-0.283651351929,-0.374986827374,0.588706374168,-0.281015008688,-0.362614899874
1778097448.4,0.585016727448,-0.238095849752,0.435794830322,0.591078519821,-0.257216453552,0.33834835887,0.588916778564,-0.262067735195,0.238766163588,0.585887670517,-0.266511768103,0.138563245535,0.582883477211,-0.270714849234,0.0409947410226,0.578675746918,-0.272306442261,-0.0605038404465,0.574402928352,-0.278735876083,-0.156249433756,0.569434046745,-0.278181403875,-0.257984250784,0.561609506607,-0.283651351929,-0.374986827374,0.590837478638,-0.279962092638,-0.362614899874
1778097448.41,0.584545314312,-0.235828399658,0.436511099339,0.591078519821,-0.257216453552,0.33834835887,0.588916778564,-0.262067735195,0.238766163588,0.585887670517,-0.266511768103,0.138563245535,0.582883477211,-0.270714849234,0.0409947410226,0.578675746918,-0.272306442261,-0.0605038404465,0.574402928352,-0.278735876083,-0.156249433756,0.569434046745,-0.278181403875,-0.257984250784,0.561609506607,-0.283651351929,-0.374986827374,0.592984557152,-0.278862953186,-0.362614899874
1778097448.42,0.583969116211,-0.23347684741,0.437282711267,0.591078519821,-0.257216453552,0.33834835887,0.588916778564,-0.262067735195,0.238766163588,0.585887670517,-0.266511768103,0.138563245535,0.582883477211,-0.270714849234,0.0409947410226,0.578675746918,-0.272306442261,-0.0605038404465,0.574402928352,-0.278735876083,-0.156249433756,0.569434046745,-0.278181403875,-0.257984250784,0.561609506607,-0.283651351929,-0.374986827374,0.595146417618,-0.277715802193,-0.362614899874
1778097448.43,0.583230137825,-0.231076076627,0.438142418861,0.590310096741,-0.247860893607,0.340642631054,0.589752316475,-0.25290542841,0.240758419037,0.589009046555,-0.257709354162,0.141206160188,0.587277650833,-0.261401802301,0.0419383645058,0.586166620255,-0.264428496361,-0.0589019209146,0.584515929222,-0.269760400057,-0.157180517912,0.58333170414,-0.275149345398,-0.252124547958,0.579618215561,-0.280287712812,-0.372665762901,0.597321510315,-0.276518791914,-0.362614899874
1778097448.44,0.582357823849,-0.228536784649,0.439112603664,0.589118361473,-0.243696913123,0.339448481798,0.58992433548,-0.25033980608,0.241664081812,0.589729309082,-0.2551638484,0.141633108258,0.588790416718,-0.260553836823,0.0439812019467,0.587869048119,-0.26264616847,-0.0582952797413,0.587668418884,-0.269815981388,-0.153654962778,0.587631583214,-0.27443125844,-0.251848995686,0.584163069725,-0.279603242874,-0.372052460909,0.599508047104,-0.275270044804,-0.362614899874
1778097448.45,0.58147674799,-0.22621229291,0.439945161343,0.588702201843,-0.241433918476,0.340403854847,0.589371085167,-0.247470855713,0.243080079556,0.590346693993,-0.252119034529,0.141598671675,0.590350389481,-0.257794439793,0.0447569712996,0.590159535408,-0.260503441095,-0.0569794476032,0.589795947075,-0.267024219036,-0.153507262468,0.591296672821,-0.272582918406,-0.251581847668,0.588842749596,-0.278325527906,-0.371511340141,0.601704001427,-0.273967564106,-0.362614899874
1778097448.46,0.580067515373,-0.222864091396,0.441228091717,0.588372588158,-0.239524826407,0.342435598373,0.589365959167,-0.244510784745,0.242965370417,0.590582728386,-0.250384688377,0.143494993448,0.591527104378,-0.255459666252,0.0457727983594,0.591656565666,-0.258271455765,-0.055756226182,0.592647075653,-0.265836685896,-0.151211261749,0.594804406166,-0.270055860281,-0.251249045134,0.593500971794,-0.277412414551,-0.370173096657,0.603907585144,-0.272609382868,-0.362614899874
1778097448.47,0.579214453697,-0.221015840769,0.44189208746,0.587585806847,-0.235955640674,0.341814100742,0.589309453964,-0.242006853223,0.243610039353,0.591112136841,-0.24665287137,0.143174260855,0.592344164848,-0.25302875042,0.0466172769666,0.593926787376,-0.255860686302,-0.0550717264414,0.595995187759,-0.263762295246,-0.151483595371,0.598642110825,-0.268974542618,-0.2496124506,0.598059892654,-0.276293754578,-0.369476377964,0.606116294861,-0.271193444729,-0.362614899874
1778097448.48,0.577736437321,-0.217990964651,0.443044602871,0.586837530136,-0.234114572406,0.344535946846,0.589210033417,-0.23900398612,0.244181245565,0.591316580772,-0.244280606508,0.145006537437,0.593808054924,-0.250276446342,0.0470560342073,0.59616112709,-0.253735840321,-0.0539100021124,0.598127365112,-0.260114759207,-0.153268009424,0.602209687233,-0.266929805279,-0.249088644981,0.602694034576,-0.275223106146,-0.368449538946,0.608327746391,-0.269717663527,-0.362614899874
1778097448.49,0.576559066772,-0.215724423528,0.443863838911,0.58528637886,-0.230515167117,0.345063447952,0.58890235424,-0.235978499055,0.244949802756,0.591910243034,-0.241582036018,0.145940124989,0.594976305962,-0.247490242124,0.0484358593822,0.598366975784,-0.251655578613,-0.0527408123016,0.601783752441,-0.260088503361,-0.148842692375,0.60519361496,-0.264359951019,-0.250318408012,0.607174038887,-0.273708373308,-0.367009073496,0.610539078712,-0.268179923296,-0.362614899874
1778097448.5,0.574679970741,-0.212351724505,0.445096254349,0.58450114727,-0.228031083941,0.347022235394,0.588386654854,-0.233270943165,0.246719077229,0.592266321182,-0.238361105323,0.146114423871,0.596131086349,-0.244721531868,0.0490484535694,0.600063443184,-0.248863726854,-0.0519296824932,0.603918075562,-0.25760525465,-0.147405177355,0.609872102737,-0.263324588537,-0.246918082237,0.611844301224,-0.27266612649,-0.365774273872,0.612747430801,-0.266578108072,-0.362614899874
1778097448.51,0.572987794876,-0.209504216909,0.4461543262,0.58341896534,-0.224025428295,0.346863985062,0.587974309921,-0.230109274387,0.247619256377,0.59229516983,-0.236207619309,0.148338243365,0.597493767738,-0.242646604776,0.0510472506285,0.602197527885,-0.246668368578,-0.0506625473499,0.606958985329,-0.254034101963,-0.149361431599,0.612641453743,-0.261916905642,-0.244273900986,0.616419315338,-0.271137207747,-0.364538431168,0.614949584007,-0.264909982681,-0.362614899874
1778097448.52,0.571105003357,-0.206700086594,0.447199046612,0.582806587219,-0.22089831531,0.347251355648,0.587685585022,-0.227083027363,0.248758360744,0.59322822094,-0.23249129951,0.148561269045,0.598559498787,-0.239806413651,0.051882468164,0.604459166527,-0.243967264891,-0.049430206418,0.61022734642,-0.253767848015,-0.145528018475,0.6167345047,-0.259859919548,-0.244216263294,0.620953559875,-0.269959837198,-0.363018333912,0.617141962051,-0.263173401356,-0.362614899874
1778097448.53,0.569285809994,-0.204178869724,0.448045283556,0.580880045891,-0.21824888885,0.34964799881,0.586827874184,-0.22401073575,0.250223189592,0.593120217323,-0.230136200786,0.15008097887,0.599370479584,-0.235265702009,0.0507982298732,0.606204032898,-0.241416305304,-0.0482249855995,0.612265229225,-0.250394701958,-0.145811975002,0.620178818703,-0.257910579443,-0.242365390062,0.625137090683,-0.268227517605,-0.361308276653,0.619320750237,-0.261366128922,-0.362614899874
1778097448.54,0.566977620125,-0.20114697516,0.449284434319,0.57977449894,-0.214884743094,0.349884063005,0.586574554443,-0.220613569021,0.250616520643,0.593741059303,-0.22675344348,0.150651887059,0.600592970848,-0.233740493655,0.0541876479983,0.608122229576,-0.239375293255,-0.0466476529837,0.61492729187,-0.249386668205,-0.141559332609,0.6235486269,-0.256144374609,-0.241239190102,0.629549503326,-0.266865819693,-0.359780937433,0.621482014656,-0.259485930204,-0.362614899874
1778097448.55,0.56472748518,-0.198449060321,0.45027461648,0.57873916626,-0.212129712105,0.351406425238,0.585712909698,-0.217723220587,0.251726031303,0.593949317932,-0.223497346044,0.151658445597,0.601564049721,-0.230103462934,0.053899936378,0.609768390656,-0.23657938838,-0.0455394983292,0.617914438248,-0.24686409533,-0.141327083111,0.626567959785,-0.254321306944,-0.238827228546,0.633892655373,-0.263934850693,-0.359144866467,0.623621225357,-0.257530659437,-0.362614899874
1778097448.56,0.562383115292,-0.195781230927,0.451169222593,0.576843857765,-0.208538874984,0.35134357214,0.585305333138,-0.21488918364,0.253030478954,0.593644738197,-0.22132229805,0.154008314013,0.602589726448,-0.228621736169,0.0574651807547,0.611504673958,-0.233934283257,-0.0437431484461,0.619891166687,-0.243026182055,-0.142497688532,0.629902362823,-0.252126991749,-0.237311542034,0.637859344482,-0.262548089027,-0.356891721487,0.625733613968,-0.255498111248,-0.362614899874
1778097448.57,0.559998512268,-0.193116679788,0.452237457037,0.575502634048,-0.205579131842,0.352630466223,0.584056854248,-0.211847677827,0.254771471024,0.59386074543,-0.218071877956,0.15480569005,0.6032153368,-0.226089522243,0.0582839734852,0.613263487816,-0.231650486588,-0.0426499545574,0.622152090073,-0.240681529045,-0.140659213066,0.633163571358,-0.250085473061,-0.235444307327,0.64210486412,-0.260764956474,-0.355197370052,0.627814292908,-0.253386080265,-0.362614899874
1778097448.58,0.557429969311,-0.190521895885,0.4530788064,0.573808670044,-0.202909708023,0.354016780853,0.58352458477,-0.20857578516,0.25450116396,0.593722105026,-0.215417355299,0.156156554818,0.604107737541,-0.22306497395,0.059367954731,0.614479780197,-0.228574767709,-0.0408634543419,0.624833106995,-0.238430812955,-0.138341486454,0.636344075203,-0.247441530228,-0.234536886215,0.646239876747,-0.258587568998,-0.353831350803,0.62985765934,-0.251192510128,-0.362614899874
1778097448.59,0.554785192013,-0.187953174114,0.453879058361,0.571515321732,-0.200048983097,0.355523824692,0.582239031792,-0.20576171577,0.256439983845,0.593655943871,-0.212533339858,0.156600564718,0.604504823685,-0.220139682293,0.0601352229714,0.617134809494,-0.22811768949,-0.0368082672358,0.626506447792,-0.23570650816,-0.137601792812,0.639067173004,-0.244657844305,-0.233750522137,0.650105237961,-0.256649434566,-0.352001726627,0.631858110428,-0.248915240169,-0.362614899874
1778097448.6,0.552076935768,-0.185463562608,0.454827129841,0.56934595108,-0.197417899966,0.356941759586,0.580675005913,-0.203283429146,0.258139967918,0.59337246418,-0.209703624249,0.158068865538,0.605110406876,-0.217419207096,0.0615099258721,0.617355108261,-0.224182337523,-0.0376473516226,0.628603816032,-0.233156010509,-0.135998815298,0.641981959343,-0.242885053158,-0.230804979801,0.653895139694,-0.254269391298,-0.350136578083,0.633809328079,-0.246552333236,-0.362614899874
1778097448.61,0.54926353693,-0.183010429144,0.455502122641,0.567129254341,-0.193655952811,0.356729149818,0.580042481422,-0.19993069768,0.257788062096,0.592815160751,-0.206794172525,0.158871069551,0.605384945869,-0.21476380527,0.0631114318967,0.618473291397,-0.220925673842,-0.0364792793989,0.631348252296,-0.231074631214,-0.132120668888,0.644841074944,-0.239954009652,-0.229137212038,0.657736539841,-0.251783251762,-0.349190890789,0.635704874992,-0.244101852179,-0.362614899874
1778097448.62,0.54640597105,-0.180674150586,0.456235527992,0.565131902695,-0.191454514861,0.358049273491,0.5784252882,-0.197269335389,0.258789658546,0.592110276222,-0.204219713807,0.160660237074,0.605938911438,-0.21197861433,0.064022064209,0.619356870651,-0.218465983868,-0.035184726119,0.63335442543,-0.229106917977,-0.130322143435,0.647874355316,-0.237293288112,-0.228567481041,0.661105394363,-0.249562934041,-0.346451491117,0.637537837029,-0.241561993957,-0.362614899874
1778097448.63,0.543480277061,-0.178423821926,0.456891238689,0.56256043911,-0.18888759613,0.35982427001,0.576690077782,-0.194602817297,0.260747760534,0.591060876846,-0.201337888837,0.161672323942,0.605947256088,-0.209089830518,0.0649499744177,0.622022986412,-0.218511864543,-0.0301956385374,0.635029911995,-0.22568500042,-0.130796819925,0.650553107262,-0.234950885177,-0.226000756025,0.664586663246,-0.247039169073,-0.344802826643,0.63930106163,-0.238931044936,-0.362614899874
1778097448.64,0.540470600128,-0.176230221987,0.457361727953,0.560249447823,-0.185207501054,0.358992367983,0.574616670609,-0.19195176661,0.261762529612,0.590481042862,-0.198525249958,0.162218883634,0.605479240417,-0.206251174212,0.0659542232752,0.622252106667,-0.214305788279,-0.0275162905455,0.636727809906,-0.223253190517,-0.12826231122,0.652212023735,-0.231250405312,-0.226571410894,0.668097138405,-0.24407787621,-0.343747884035,0.640986680984,-0.236207440495,-0.362614899874
1778097448.65,0.537420153618,-0.174183741212,0.45795071125,0.557914614677,-0.182785391808,0.360002487898,0.573335409164,-0.189137965441,0.26197630167,0.589158654213,-0.19608874619,0.163825362921,0.605100393295,-0.203817144036,0.0678665935993,0.622888684273,-0.213042318821,-0.0268094241619,0.638227820396,-0.220774933696,-0.127019941807,0.654528141022,-0.228758782148,-0.224945902824,0.671162724495,-0.241373434663,-0.341449052095,0.642586827278,-0.233389794827,-0.362614899874
1778097448.66,0.534286975861,-0.172184541821,0.458249986172,0.555071115494,-0.180094838142,0.36051928997,0.570691227913,-0.1863604635,0.263171285391,0.587789773941,-0.193294882774,0.164301007986,0.604102492332,-0.201033994555,0.069371022284,0.621980309486,-0.207843825221,-0.0296961516142,0.638780593872,-0.217336520553,-0.126782387495,0.657411813736,-0.226871654391,-0.221068143845,0.674491047859,-0.2385379076,-0.340352773666,0.644092917442,-0.230476871133,-0.362614899874
1778097448.67,0.531150639057,-0.170265257359,0.458630055189,0.552133798599,-0.177687823772,0.361599296331,0.568702459335,-0.183819025755,0.26389580965,0.586562037468,-0.190586715937,0.165390387177,0.60415661335,-0.19806432724,0.0691531673074,0.622913479805,-0.205303877592,-0.0275847166777,0.640324354172,-0.214458197355,-0.125308379531,0.659248828888,-0.224274769425,-0.219289004803,0.677210092545,-0.235668808222,-0.338182032108,0.645496368408,-0.227467656136,-0.362614899874
1778097448.68,0.527980566025,-0.168431833386,0.458872675896,0.549042582512,-0.175716683269,0.362994611263,0.566480398178,-0.181457430124,0.26465806365,0.584596157074,-0.187678933144,0.165704622865,0.603195548058,-0.195775300264,0.0708492994308,0.62287402153,-0.202282696962,-0.0265447944403,0.641144633293,-0.21220973134,-0.123060718179,0.661010861397,-0.221261069179,-0.218484163284,0.680243849754,-0.232667893171,-0.337149679661,0.646787881851,-0.224361345172,-0.362614899874
1778097448.69,0.524764299393,-0.166674271226,0.458961367607,0.546333909035,-0.173256248236,0.36330550909,0.563923001289,-0.178735390306,0.265156060457,0.583132624626,-0.184983104467,0.166476115584,0.602363467216,-0.19278383255,0.0710469335318,0.623048186302,-0.200961485505,-0.0234216600657,0.641227722168,-0.209295675159,-0.12277123332,0.661719083786,-0.218085289001,-0.215395212173,0.68314576149,-0.229221478105,-0.335862904787,0.647958159447,-0.221157371998,-0.362614899874
1778097448.7,0.521563529968,-0.164996817708,0.459131330252,0.543595075607,-0.170540556312,0.36280810833,0.561636567116,-0.176500096917,0.265661776066,0.58148431778,-0.182867065072,0.167404651642,0.600622177124,-0.190327689052,0.0728321373463,0.622725248337,-0.198263987899,-0.0223450213671,0.642311096191,-0.20566521585,-0.121223032475,0.664012551308,-0.215544253588,-0.215263605118,0.685137152672,-0.226128727198,-0.333971112967,0.648997426033,-0.21785543859,-0.362614899874
1778097448.71,0.518296003342,-0.163398846984,0.458981096745,0.540500044823,-0.169196993113,0.364134788513,0.558866381645,-0.174448803067,0.266467511654,0.579481601715,-0.180096969008,0.167643144727,0.599983930588,-0.187615394592,0.0723349303007,0.621960043907,-0.195360451937,-0.0214898735285,0.642618536949,-0.203399956226,-0.120141282678,0.664672970772,-0.211667746305,-0.214680403471,0.688245415688,-0.223020777106,-0.333165556192,0.64989566803,-0.214455515146,-0.362614899874
1778097448.72,0.515090465546,-0.161826744676,0.458921223879,0.53740632534,-0.166227966547,0.363274753094,0.556353211403,-0.171459078789,0.26539760828,0.577325463295,-0.177613437176,0.167902380228,0.598142623901,-0.184430405498,0.0719877630472,0.621611952782,-0.192667022347,-0.0202865451574,0.642632007599,-0.20015437901,-0.118750289083,0.665949225426,-0.2086930722,-0.213846921921,0.690140247345,-0.219639390707,-0.331596165895,0.650642633438,-0.21095789969,-0.362614899874
1778097448.73,0.511860013008,-0.160290315747,0.458654373884,0.534271240234,-0.164187803864,0.363401412964,0.553704619408,-0.16978892684,0.266677320004,0.57480609417,-0.175260782242,0.16832986474,0.596551775932,-0.181989252567,0.0726644992828,0.62083363533,-0.189343333244,-0.021017998457,0.642640471458,-0.19741114974,-0.117814078927,0.666201591492,-0.205769151449,-0.211612790823,0.692010760307,-0.215531304479,-0.331538438797,0.651227831841,-0.207363173366,-0.362614899874
1778097448.74,0.508712887764,-0.15878880024,0.458366125822,0.530866265297,-0.162471055984,0.363690644503,0.550940871239,-0.167319625616,0.266465753317,0.572624802589,-0.172811970115,0.168374121189,0.594808936119,-0.179532438517,0.0731962770224,0.617825984955,-0.184957817197,-0.0232865661383,0.641778945923,-0.193537980318,-0.118860051036,0.667232871056,-0.202414289117,-0.211408287287,0.693747162819,-0.2115804106,-0.331327527761,0.65164077282,-0.203672274947,-0.362614899874
1778097448.75,0.504591584206,-0.15682567656,0.457773774862,0.527669787407,-0.160239905119,0.363308012486,0.548003196716,-0.165323257446,0.266509592533,0.5700122118,-0.170677483082,0.168423473835,0.592900633812,-0.176891058683,0.0735848397017,0.616979837418,-0.182117000222,-0.0225970298052,0.642071485519,-0.191104725003,-0.116445317864,0.667894005775,-0.199152216315,-0.210506558418,0.695215702057,-0.208570316434,-0.329098075628,0.651870846748,-0.199886471033,-0.362614899874
1778097448.76,0.502453386784,-0.155763685703,0.457424432039,0.524369001389,-0.158723309636,0.363191187382,0.545101761818,-0.162987262011,0.265172183514,0.567444205284,-0.16815136373,0.168304979801,0.590724468231,-0.174165889621,0.0735786780715,0.616640329361,-0.180527254939,-0.0201801359653,0.640960335732,-0.187658771873,-0.116760000587,0.668065309525,-0.194815531373,-0.211333096027,0.696405410767,-0.204803705215,-0.327972054482,0.651907205582,-0.19600738585,-0.362614899874
1778097448.77,0.49915727973,-0.154100909829,0.456803292036,0.521394968033,-0.156993359327,0.363435745239,0.542086720467,-0.16115860641,0.265674322844,0.564860343933,-0.166272625327,0.168467491865,0.5886759758,-0.171635016799,0.0731864869595,0.61399435997,-0.17656236887,-0.0222548395395,0.63976931572,-0.184315830469,-0.11764998734,0.668155670166,-0.191992372274,-0.209965080023,0.697363853455,-0.201014310122,-0.32712250948,0.651739120483,-0.192037016153,-0.362614899874
1778097448.78,0.496218204498,-0.152603775263,0.456190735102,0.518463611603,-0.155283838511,0.362953692675,0.539105296135,-0.159170553088,0.265219390392,0.562160372734,-0.16379879415,0.167727634311,0.58665060997,-0.169380769134,0.0735943317413,0.612232923508,-0.173803389072,-0.0222018659115,0.639978051186,-0.18174380064,-0.116000264883,0.66795027256,-0.188278585672,-0.210001379251,0.698899149895,-0.196910127997,-0.327635318041,0.651356220245,-0.187977671623,-0.362614899874
1778097448.79,0.493686020374,-0.151243388653,0.455589473248,0.51474416256,-0.153379097581,0.362547934055,0.53596675396,-0.157528102398,0.265081167221,0.559486150742,-0.161557152867,0.167319715023,0.584194421768,-0.1667445153,0.0728132426739,0.611663579941,-0.173445612192,-0.0190149098635,0.637434959412,-0.177958011627,-0.117490276694,0.667073369026,-0.184639528394,-0.208771556616,0.699225783348,-0.193134501576,-0.326461970806,0.650747895241,-0.183832079172,-0.362614899874
1778097448.8,0.490664094687,-0.149538010359,0.454705566168,0.511800646782,-0.151555731893,0.361843258142,0.532926797867,-0.155157998204,0.264108151197,0.556478500366,-0.159251362085,0.166882768273,0.581788897514,-0.16406480968,0.0724262967706,0.608424305916,-0.167900055647,-0.0227128267288,0.637403130531,-0.175193831325,-0.116061732173,0.666616797447,-0.181278288364,-0.209010660648,0.699287891388,-0.189089655876,-0.326153218746,0.64990401268,-0.179603263736,-0.362614899874
1778097448.81,0.488078653812,-0.147963777184,0.454022526741,0.507974505424,-0.150120079517,0.361882090569,0.529616236687,-0.153567239642,0.264372587204,0.553307294846,-0.156949311495,0.166349858046,0.578987002373,-0.161313205957,0.0715605020523,0.607900500298,-0.166562020779,-0.0210424810648,0.635204672813,-0.170845553279,-0.117791771889,0.666568517685,-0.177530705929,-0.209863901138,0.699221730232,-0.184686839581,-0.32617905736,0.648814558983,-0.175294607878,-0.362614899874
1778097448.82,0.485628306866,-0.146347299218,0.453154802322,0.505287885666,-0.147735655308,0.360152423382,0.526412725449,-0.151549875736,0.263508200645,0.551079511642,-0.154906213284,0.165482401848,0.5767557621,-0.15913978219,0.0715703517199,0.606008648872,-0.163255110383,-0.022502347827,0.634338974953,-0.169614806771,-0.115841329098,0.664921998978,-0.174117982388,-0.209756523371,0.699268341064,-0.18055345118,-0.326226919889,0.647470116615,-0.170909821987,-0.362614899874
1778097448.83,0.483548164368,-0.144826933742,0.452350497246,0.50235581398,-0.146397680044,0.35979244113,0.523602962494,-0.149572923779,0.262717604637,0.547866344452,-0.152596101165,0.164735451341,0.573826313019,-0.156749531627,0.0706048607826,0.603791356087,-0.160696163774,-0.0218548327684,0.631992816925,-0.165071964264,-0.117581918836,0.663732767105,-0.170015975833,-0.210225701332,0.69842672348,-0.176424860954,-0.326490670443,0.645861506462,-0.166452854872,-0.362614899874
1778097448.84,0.481230914593,-0.14286929369,0.451424360275,0.499395519495,-0.144500404596,0.359184384346,0.520754575729,-0.147655382752,0.261981099844,0.54538834095,-0.150598734617,0.164063632488,0.571172118187,-0.154139697552,0.0699319988489,0.600603938103,-0.157090201974,-0.0237262696028,0.629283905029,-0.161653161049,-0.119350582361,0.662255644798,-0.166648536921,-0.210589975119,0.697598099709,-0.172017887235,-0.326436012983,0.643980264664,-0.161927953362,-0.362614899874
1778097448.85,0.479263246059,-0.141010016203,0.45047262311,0.496493011713,-0.142189249396,0.35737991333,0.517462015152,-0.14598415792,0.261620342731,0.542304039001,-0.148372635245,0.163033515215,0.56866145134,-0.151420280337,0.0686110556126,0.598993301392,-0.155079424381,-0.0233759880066,0.627829194069,-0.158001109958,-0.119465112686,0.660556197166,-0.162653446198,-0.211174160242,0.696463823318,-0.167445912957,-0.326870948076,0.641818404198,-0.157339558005,-0.362614899874
1778097448.86,0.478021651506,-0.139668628573,0.449797183275,0.494126290083,-0.14081145823,0.357382297516,0.515238642693,-0.143914207816,0.260180473328,0.539266228676,-0.145933017135,0.162224888802,0.565646290779,-0.149032175541,0.068133443594,0.596116185188,-0.152176514268,-0.0243400335312,0.625697374344,-0.154910579324,-0.120417654514,0.658938646317,-0.159223124385,-0.212002277374,0.694932103157,-0.162897959352,-0.327777445316,0.639411687851,-0.152769580483,-0.362614899874
1778097448.87,0.476095944643,-0.137214675546,0.448615372181,0.491647869349,-0.13888284564,0.356284379959,0.51245880127,-0.141797840595,0.259044289589,0.536658406258,-0.14389552176,0.161112576723,0.56297659874,-0.146771892905,0.0667180344462,0.594045639038,-0.149776607752,-0.0260874629021,0.623104095459,-0.151857346296,-0.120831355453,0.655985951424,-0.155979782343,-0.211710125208,0.693578243256,-0.158836245537,-0.32883900404,0.636766195297,-0.148222729564,-0.362614899874
1778097448.88,0.474661231041,-0.135047122836,0.447575628757,0.489727109671,-0.136998206377,0.355510175228,0.509847760201,-0.139149770141,0.257114440203,0.534311652184,-0.141775682569,0.160202816129,0.56026995182,-0.144344583154,0.0659539029002,0.590952277184,-0.146475687623,-0.0262641310692,0.620374083519,-0.148328855634,-0.122340753675,0.654182314873,-0.151637434959,-0.213867068291,0.691187977791,-0.154466420412,-0.329157173634,0.633889198303,-0.143703311682,-0.362614899874
1778097448.89,0.473446696997,-0.132757738233,0.446621626616,0.487528055906,-0.13467630744,0.353736579418,0.507938981056,-0.137845680118,0.257383793592,0.531722664833,-0.139571607113,0.158844456077,0.5572463274,-0.141545578837,0.0645441114902,0.588340759277,-0.143939256668,-0.0287585407495,0.617811441422,-0.144880771637,-0.123304769397,0.651450514793,-0.147394344211,-0.214530199766,0.688695430756,-0.149948984385,-0.330468535423,0.630787968636,-0.139215245843,-0.362614899874
1778097448.9,0.472477048635,-0.130310699344,0.445649385452,0.485886484385,-0.132942289114,0.353441089392,0.506133675575,-0.135372921824,0.255482077599,0.52939593792,-0.137639716268,0.158707231283,0.555036187172,-0.139288932085,0.0637916922569,0.585367083549,-0.141500741243,-0.0283299982548,0.614751458168,-0.141534417868,-0.125320285559,0.648672938347,-0.143538653851,-0.216488420963,0.685941815376,-0.145480647683,-0.331684142351,0.627470254898,-0.134761974216,-0.362614899874
1778097448.91,0.471703499556,-0.127726018429,0.444585561752,0.484203487635,-0.130831345916,0.352428436279,0.504089236259,-0.133236482739,0.254947721958,0.527022838593,-0.134983420372,0.156496912241,0.552793622017,-0.137398660183,0.0637148842216,0.582496404648,-0.138360604644,-0.0300538986921,0.611751794815,-0.138188570738,-0.126921579242,0.645725846291,-0.139840513468,-0.217084825039,0.683324694633,-0.141084775329,-0.332529366016,0.623944163322,-0.130346521735,-0.362614899874
1778097448.92,0.471077293158,-0.124682292342,0.443395644426,0.482753008604,-0.128675758839,0.351971328259,0.502261996269,-0.130889028311,0.253687679768,0.524633169174,-0.132372364402,0.155698686838,0.549830436707,-0.134159490466,0.0613893829286,0.579557299614,-0.135241985321,-0.0315588712692,0.608950257301,-0.134711399674,-0.127979427576,0.642669081688,-0.136094227433,-0.218650698662,0.679798007011,-0.136370047927,-0.335273444653,0.620218157768,-0.125971451402,-0.362614899874
1778097448.93,0.470720797777,-0.121845051646,0.442361146212,0.481707066298,-0.125746876001,0.350122392178,0.501080513,-0.128439351916,0.252416670322,0.52273452282,-0.129865929484,0.154402554035,0.547831296921,-0.132131323218,0.0610929653049,0.576709985733,-0.131935879588,-0.032932728529,0.60571873188,-0.13145519793,-0.129318222404,0.638965606689,-0.132160544395,-0.220737367868,0.676242589951,-0.132397517562,-0.33595764637,0.616300821304,-0.121638908982,-0.362614899874
1778097448.94,0.470556348562,-0.11888448894,0.44132143259,0.480412334204,-0.123179838061,0.34866386652,0.499249786139,-0.125892221928,0.250669509172,0.520956873894,-0.127044171095,0.152893379331,0.545204043388,-0.128475308418,0.0582315064967,0.573934197426,-0.129064664245,-0.0344377458096,0.602971792221,-0.128404587507,-0.13016782701,0.635354876518,-0.128061577678,-0.22319534421,0.671869874001,-0.127752408385,-0.338096171618,0.612200856209,-0.117350585759,-0.362614899874
1778097448.95,0.47058698535,-0.115770161152,0.440278708935,0.479868978262,-0.121003553271,0.348130822182,0.498338848352,-0.123461537063,0.250288486481,0.519243359566,-0.124432727695,0.152147218585,0.54312312603,-0.126025646925,0.0579887591302,0.569516301155,-0.123855873942,-0.0388471186161,0.59959590435,-0.124696582556,-0.132059067488,0.631612539291,-0.12435323745,-0.224106252193,0.667666554451,-0.123216956854,-0.340679109097,0.607927203178,-0.113107763231,-0.362614899874
1778097448.96,0.470796108246,-0.112870380282,0.439349532127,0.479103416204,-0.118061773479,0.346716403961,0.497393459082,-0.120710402727,0.249061480165,0.517637968063,-0.121680565178,0.150920540094,0.541580319405,-0.122858010232,0.0561965405941,0.566696286201,-0.120290748775,-0.0407766848803,0.595376849174,-0.1203475371,-0.135422348976,0.627484917641,-0.120580792427,-0.226110070944,0.663148999214,-0.118867062032,-0.342141091824,0.603488683701,-0.108911283314,-0.362614899874
1778097448.97,0.471398293972,-0.108468443155,0.43800124526,0.478847593069,-0.115255519748,0.346033573151,0.496181339025,-0.117590278387,0.248114228249,0.516260385513,-0.118581481278,0.148883730173,0.538386702538,-0.119145058095,0.0534219667315,0.565846085548,-0.119793906808,-0.0386146754026,0.591642618179,-0.116768233478,-0.137908875942,0.623582959175,-0.116354361176,-0.228846251965,0.658224582672,-0.114575587213,-0.345249980688,0.598894238472,-0.104761615396,-0.362614899874
1778097448.98,0.47191119194,-0.105615071952,0.437208175659,0.478413075209,-0.112063020468,0.344295978546,0.495668500662,-0.113933645189,0.245933234692,0.515133857727,-0.115424826741,0.1478099823,0.536426544189,-0.115678027272,0.0520966872573,0.561777710915,-0.114295877516,-0.0433292984962,0.588955640793,-0.113698042929,-0.13837942481,0.619177699089,-0.112331442535,-0.230207413435,0.652832627296,-0.109941408038,-0.347297757864,0.59415268898,-0.100658819079,-0.362614899874
1778097448.99,0.472669303417,-0.101918719709,0.43626460433,0.478752046824,-0.108899541199,0.343120455742,0.49550190568,-0.111322149634,0.245506063104,0.514026761055,-0.112298801541,0.146825164557,0.534799456596,-0.112754620612,0.0507555454969,0.56058204174,-0.112634196877,-0.0428542792797,0.585193753242,-0.109779246151,-0.141040056944,0.614788413048,-0.10835942626,-0.23340266943,0.647275090218,-0.105630934238,-0.349696725607,0.589272975922,-0.0966026112437,-0.362614899874
1778097449,0.473198831081,-0.0996302366257,0.435725003481,0.479145497084,-0.105919130147,0.342310070992,0.495009154081,-0.10800935328,0.244433745742,0.513098239899,-0.10873863101,0.145526245236,0.533160090446,-0.109261311591,0.0493366867304,0.556868314743,-0.107096292078,-0.0465123057365,0.582224845886,-0.106660909951,-0.141458123922,0.609836578369,-0.10468763113,-0.234789550304,0.641119360924,-0.101432241499,-0.352822095156,0.584263801575,-0.092592343688,-0.362614899874
1778097449.01,0.474566429853,-0.094550922513,0.43455439806,0.479542583227,-0.102600693703,0.341735452414,0.494956225157,-0.104882575572,0.243160530925,0.512113332748,-0.105466634035,0.144133612514,0.531387805939,-0.10502191633,0.0472077652812,0.554663896561,-0.10389329493,-0.0477388352156,0.577753305435,-0.102236188948,-0.144887626171,0.605537652969,-0.100425697863,-0.237474799156,0.635102629662,-0.0972477048635,-0.355404496193,0.579133868217,-0.0886270329356,-0.362614899874
1778097449.02,0.475802183151,-0.0903924331069,0.433687239885,0.480056077242,-0.0985648334026,0.339994311333,0.494613736868,-0.101134344935,0.242244169116,0.511703252792,-0.10220259428,0.143772318959,0.530498981476,-0.102312751114,0.0473081469536,0.551693797112,-0.099833227694,-0.0492875277996,0.574456572533,-0.0982642024755,-0.146526277065,0.600226402283,-0.0964738950133,-0.239583313465,0.628333806992,-0.0930484011769,-0.357890427113,0.5738915205,-0.0847054049373,-0.362614899874
1778097449.03,0.477144658566,-0.0860741958022,0.432890743017,0.480960577726,-0.095487087965,0.339787423611,0.495433837175,-0.0975072905421,0.240931093693,0.511191010475,-0.0978618785739,0.141368567944,0.528619766235,-0.0975269898772,0.0444702729583,0.549113154411,-0.0956749171019,-0.0518135428429,0.570670366287,-0.0942031219602,-0.1483528018,0.595272779465,-0.0922706648707,-0.242342174053,0.621132612228,-0.0888464972377,-0.36051017046,0.568545222282,-0.0808258801699,-0.362614899874
1778097449.04,0.478532344103,-0.0817476883531,0.432096064091,0.481718331575,-0.0913015976548,0.33807694912,0.495925992727,-0.0938024520874,0.240019902587,0.510776758194,-0.0939600691199,0.140500545502,0.527547359467,-0.0935564041138,0.0431276112795,0.547671198845,-0.0921639055014,-0.0522613972425,0.566984891891,-0.0902326926589,-0.150373995304,0.590020418167,-0.08836337924,-0.24387794733,0.614081501961,-0.0849699378014,-0.362851083279,0.563103079796,-0.0769866257906,-0.362614899874
1778097449.05,0.480133146048,-0.0768011584878,0.431192427874,0.483011752367,-0.0872766077518,0.337164372206,0.496405333281,-0.0895269215107,0.239132627845,0.510855078697,-0.0905703082681,0.140670180321,0.526489496231,-0.0895794183016,0.0423702597618,0.544887423515,-0.0878741443157,-0.0545735508204,0.562731027603,-0.0858839303255,-0.152831107378,0.58453130722,-0.0833612605929,-0.248570948839,0.606868743896,-0.0809520184994,-0.36583006382,0.557573080063,-0.0731855556369,-0.362614899874
1778097449.06,0.48166000843,-0.0723460242152,0.430392414331,0.484327763319,-0.0834085643291,0.336599469185,0.497071117163,-0.085888825357,0.238260611892,0.510406970978,-0.0856128185987,0.138123825192,0.52553832531,-0.0858938097954,0.0411860272288,0.542880177498,-0.0853141471744,-0.0530807971954,0.559261083603,-0.0821422189474,-0.153959959745,0.579281926155,-0.0801764503121,-0.248664677143,0.599672675133,-0.0770629048347,-0.369118988514,0.551963210106,-0.0694203674793,-0.362614899874
1778097449.07,0.483272701502,-0.0677399784327,0.429600298405,0.485437124968,-0.0790885165334,0.336071938276,0.497839421034,-0.0810122638941,0.237357258797,0.510513544083,-0.0818283557892,0.138323485851,0.52454662323,-0.0811920836568,0.0402038991451,0.539261937141,-0.0788469240069,-0.0583489090204,0.555022835732,-0.0777932628989,-0.156442552805,0.574072599411,-0.0761150643229,-0.251102209091,0.591082811356,-0.0730464532971,-0.370626300573,0.546281099319,-0.0656885355711,-0.362614899874
1778097449.08,0.484942406416,-0.0628908500075,0.428847402334,0.486920684576,-0.074545763433,0.335048258305,0.498740643263,-0.076518535614,0.236096769571,0.51071035862,-0.0771681144834,0.136807769537,0.522919774055,-0.0764730647206,0.038623303175,0.5367603302,-0.0747575834394,-0.060119882226,0.550885558128,-0.0736224129796,-0.15774974227,0.567825078964,-0.071929499507,-0.252610743046,0.583197832108,-0.0692744255066,-0.372717231512,0.540534377098,-0.0619873702526,-0.362614899874
1778097449.09,0.486608862877,-0.058016743511,0.428105801344,0.48813226819,-0.0699493959546,0.333961844444,0.499227553606,-0.0720336809754,0.235630840063,0.510934829712,-0.0722726657987,0.135326191783,0.522235512733,-0.0723581984639,0.0380491241813,0.534092068672,-0.070071414113,-0.0608582943678,0.547314882278,-0.0694723054767,-0.159379601479,0.561672568321,-0.0682247206569,-0.253957033157,0.57522380352,-0.0659395158291,-0.375363469124,0.534730315208,-0.0583140067756,-0.362614899874
1778097449.1,0.488297075033,-0.0531145110726,0.427439838648,0.4897146523,-0.0658004134893,0.333651542664,0.500214576721,-0.0672848299146,0.234247356653,0.510802865028,-0.0676254853606,0.134320884943,0.52104473114,-0.06738165766,0.0367275699973,0.532119631767,-0.0656917542219,-0.062432050705,0.543108820915,-0.0653737038374,-0.160430759192,0.555814623833,-0.0644111707807,-0.255857527256,0.5671428442,-0.0619934052229,-0.377283841372,0.528876066208,-0.0546654351056,-0.362614899874
1778097449.11,0.489988446236,-0.0482430122793,0.426805704832,0.491110533476,-0.0609628260136,0.332827925682,0.501320362091,-0.062470305711,0.233535945415,0.510449409485,-0.0627888739109,0.133765280247,0.5197930336,-0.0638546124101,0.0375168919563,0.530326724052,-0.0628814399242,-0.0601369589567,0.539571285248,-0.0615768507123,-0.159970730543,0.550036072731,-0.060174189508,-0.257538974285,0.558062314987,-0.0586014129221,-0.37889662385,0.522978901863,-0.0510385222733,-0.362614899874
1778097449.12,0.491678804159,-0.0433344393969,0.426205426455,0.492541283369,-0.0559040009975,0.331426978111,0.501857995987,-0.0577256008983,0.232878834009,0.510236978531,-0.0578822009265,0.132345080376,0.518382310867,-0.0579276494682,0.0348957329988,0.527346372604,-0.0568209663033,-0.0642641782761,0.534012913704,-0.0563449822366,-0.163532733917,0.54306101799,-0.0557547099888,-0.25881499052,0.549678683281,-0.0551068596542,-0.380846530199,0.517045736313,-0.0474300272763,-0.362614899874
1778097449.13,0.493371129036,-0.0384375751019,0.425615102053,0.493830293417,-0.0513727888465,0.331367790699,0.502018332481,-0.0527157969773,0.232162758708,0.510227441788,-0.0532106682658,0.132024660707,0.517287731171,-0.0530470348895,0.033553339541,0.523454546928,-0.05179393664,-0.0659589767456,0.529890537262,-0.0523092895746,-0.163895785809,0.536325454712,-0.0508274175227,-0.262429684401,0.540920615196,-0.05120408535,-0.381747514009,0.511083364487,-0.0438366159797,-0.362614899874
1778097449.14,0.494871348143,-0.0340345203876,0.425096035004,0.4952301085,-0.0463436953723,0.330289930105,0.503049612045,-0.0476863794029,0.23083281517,0.509580135345,-0.04843852669,0.131583839655,0.51548230648,-0.0480281859636,0.0326736271381,0.520671010017,-0.0470590218902,-0.0670678764582,0.524831295013,-0.0475088991225,-0.16629293561,0.530583024025,-0.0478500276804,-0.262328714132,0.532505631447,-0.0471376366913,-0.38417544961,0.505098819733,-0.0402548871934,-0.362614899874
1778097449.15,0.496686249971,-0.0285993572325,0.424569666386,0.496076077223,-0.0410797335207,0.329024910927,0.5031914711,-0.0426166206598,0.230395823717,0.50895178318,-0.0430330634117,0.130598753691,0.513536453247,-0.0436519980431,0.0331373885274,0.517444968224,-0.0422306470573,-0.0682852268219,0.520340800285,-0.0439046658576,-0.164695292711,0.524298071861,-0.0436229370534,-0.263519078493,0.523671507835,-0.0452881492674,-0.384735554457,0.499098569155,-0.0366813726723,-0.362614899874
1778097449.16,0.498122692108,-0.0240995790809,0.424144089222,0.497319251299,-0.0364433340728,0.329201161861,0.503669500351,-0.0377091392875,0.229374885559,0.508180856705,-0.0380812175572,0.129441604018,0.511161565781,-0.0388893410563,0.0328682363033,0.514235258102,-0.0375247709453,-0.0690002590418,0.515892744064,-0.0395767614245,-0.166525959969,0.5179656744,-0.0397070981562,-0.264530867338,0.515719294548,-0.0407430529594,-0.385830312967,0.493089467287,-0.033112578094,-0.362614899874
1778097449.17,0.499813914299,-0.0186743382365,0.423695743084,0.498385339975,-0.031640611589,0.328405916691,0.503408551216,-0.033125191927,0.229153573513,0.507182836533,-0.0328498259187,0.128511697054,0.509376764297,-0.03413490206,0.0318387970328,0.513580679893,-0.0341175571084,-0.0677646398544,0.510956525803,-0.0349919013679,-0.1664249897,0.511128902435,-0.0352279767394,-0.264742583036,0.506979227066,-0.0380366556346,-0.385809451342,0.487078100443,-0.0295449774712,-0.362614899874
1778097449.18,0.501142978668,-0.0143412947655,0.423409700394,0.499287158251,-0.0263326074928,0.327288419008,0.503195047379,-0.0274468082935,0.228287696838,0.506233096123,-0.0281091406941,0.128235846758,0.5071195364,-0.0291351750493,0.0311175063252,0.508610367775,-0.0303426180035,-0.066838145256,0.505336523056,-0.0289572644979,-0.163933128119,0.504815936089,-0.0317566096783,-0.265005797148,0.49845173955,-0.033141285181,-0.387247174978,0.481071084738,-0.025975048542,-0.362614899874
1778097449.19,0.502736747265,-0.00915124919266,0.423130482435,0.500122785568,-0.0217453110963,0.327533721924,0.502970695496,-0.0223892498761,0.227716892958,0.504579782486,-0.0229906439781,0.127601087093,0.504580140114,-0.0240068621933,0.0307579040527,0.50473678112,-0.0240036677569,-0.0697357654572,0.500885128975,-0.0265775267035,-0.167188256979,0.498151987791,-0.0279937572777,-0.265309780836,0.489556461573,-0.0298017151654,-0.386440902948,0.475075155497,-0.022399270907,-0.362614899874
1778097449.2,0.503436386585,-0.00680801924318,0.423004239798,0.500678300858,-0.0165224205703,0.326120793819,0.502977252007,-0.0177857298404,0.227144658566,0.503130316734,-0.0184380039573,0.127351537347,0.502098679543,-0.0190903507173,0.0295679569244,0.500456690788,-0.0194886662066,-0.0664806813002,0.495667785406,-0.0218147654086,-0.167695224285,0.49155035615,-0.023925922811,-0.26560357213,0.481468170881,-0.0265590883791,-0.387272566557,0.46909698844,-0.0188141576946,-0.362614899874
1778097449.21,0.505399703979,0.00020610903448,0.422708362341,0.501421332359,-0.0119600808248,0.326584041119,0.502355575562,-0.0128458384424,0.227258443832,0.501455545425,-0.013461029157,0.126884177327,0.499203771353,-0.0145546328276,0.0299542024732,0.496439129114,-0.0161321945488,-0.0681235790253,0.489552229643,-0.0172530692071,-0.166941344738,0.484869986773,-0.019647764042,-0.266035884619,0.473500043154,-0.0224526561797,-0.387474507093,0.463143318892,-0.0152162639424,-0.362614899874
1778097449.22,0.50662124157,0.00487885065377,0.42262789607,0.501781702042,-0.00689714681357,0.325934976339,0.501613378525,-0.00803639367223,0.22650718689,0.499238759279,-0.00873247534037,0.127029404044,0.495334237814,-0.00932508334517,0.030388623476,0.492034047842,-0.0116056818515,-0.0686708986759,0.484273225069,-0.0133927492425,-0.167122453451,0.477704495192,-0.0147598199546,-0.265499472618,0.466010659933,-0.0181576330215,-0.38749191165,0.457221001387,-0.0116022052243,-0.362614899874
1778097449.23,0.507772684097,0.00945604406297,0.422577112913,0.502367138863,-0.00267467321828,0.325941741467,0.500756382942,-0.00315134739503,0.226614490151,0.497433036566,-0.00361722637899,0.125880941749,0.492426246405,-0.00503821950406,0.0293264687061,0.487558692694,-0.00672483257949,-0.0686817914248,0.478315263987,-0.00817421637475,-0.166931539774,0.471770197153,-0.0114280153066,-0.265790194273,0.456931620836,-0.0144669115543,-0.386605292559,0.451336830854,-0.00796867534518,-0.362614899874
1778097449.24,0.508857011795,0.0138629572466,0.422611862421,0.502619504929,0.0025323368609,0.325400114059,0.499431580305,0.00132415769622,0.227035552263,0.495361477137,0.000717869959772,0.126508265734,0.488952964544,-0.000198152614757,0.0290353819728,0.484342247248,-0.00200488115661,-0.0688885897398,0.473212331533,-0.00478964624926,-0.167619377375,0.465418189764,-0.00748403649777,-0.265273988247,0.449920922518,-0.0113555612043,-0.386285871267,0.445498019457,-0.00431246589869,-0.362614899874
1778097449.25,0.509675621986,0.017307030037,0.422693520784,0.502719759941,0.00667415373027,0.325692415237,0.498763591051,0.00637842714787,0.225704371929,0.493065029383,0.00522717926651,0.126349851489,0.485554546118,0.00393850402907,0.0292241051793,0.478200286627,0.00314549496397,-0.0663800239563,0.467164307833,0.00104547245428,-0.165460556746,0.45806774497,-0.0041343215853,-0.265422850847,0.442350655794,-0.00735382549465,-0.386503309011,0.439711540937,-0.000630481168628,-0.362614899874
1778097449.26,0.510847508907,0.0223405733705,0.42292252183,0.502727031708,0.0115127200261,0.325184345245,0.497617512941,0.0107419295236,0.226278334856,0.490329891443,0.00977339129895,0.127142354846,0.48193743825,0.00840073917061,0.0297785624862,0.473523288965,0.00600186828524,-0.0679590553045,0.462005704641,0.00354470685124,-0.166461855173,0.451635092497,-0.000211616279557,-0.265396922827,0.434945493937,-0.00339870294556,-0.385648816824,0.433984726667,0.00308024277911,-0.362614899874
1778097449.27,0.511806190014,0.0268774610013,0.423166155815,0.502697587013,0.0156543627381,0.326074361801,0.496261447668,0.0147631876171,0.226747229695,0.487836152315,0.0138841774315,0.127480775118,0.478369146585,0.0126634109765,0.0299390032887,0.469231396914,0.0104374550283,-0.0677871108055,0.456653863192,0.00759027153254,-0.166322380304,0.445419996977,0.00447377283126,-0.264916211367,0.427751928568,0.000802358146757,-0.38487008214,0.428325086832,0.0068225171417,-0.362614899874
1778097449.28,0.512432157993,0.0300592761487,0.423373162746,0.502682685852,0.0199646931142,0.325735479593,0.495039969683,0.0192023646086,0.226873144507,0.485448032618,0.0182407274842,0.127951189876,0.474371701479,0.0172398816794,0.0311140269041,0.464572638273,0.0151587259024,-0.0663367658854,0.45087441802,0.0120753273368,-0.165270119905,0.438498884439,0.00920452922583,-0.264960259199,0.420423895121,0.0048664174974,-0.383650094271,0.422740072012,0.0105989836156,-0.362614899874
1778097449.29,0.513216495514,0.0343803055584,0.42374292016,0.502248287201,0.023970246315,0.32684803009,0.493552714586,0.0231756269932,0.227391988039,0.482051581144,0.0228666123003,0.129153966904,0.471181482077,0.0208789519966,0.0313452929258,0.459809213877,0.0189236812294,-0.0668386369944,0.445646375418,0.0173205323517,-0.163100391626,0.432939201593,0.0120413079858,-0.263399988413,0.414105027914,0.00881864875555,-0.382831424475,0.417237490416,0.0144120920449,-0.362614899874
1778097449.3,0.513831079006,0.0382158383727,0.424128383398,0.501848459244,0.0279660634696,0.327562153339,0.491940051317,0.0274115540087,0.227887094021,0.479955166578,0.0266528241336,0.129673987627,0.467228025198,0.0254118405282,0.032569475472,0.455006450415,0.0233054291457,-0.0647509843111,0.440209656954,0.0203074552119,-0.163530439138,0.42696633935,0.0168642662466,-0.263268649578,0.406740218401,0.0129909515381,-0.381341099739,0.411825269461,0.0182640813291,-0.362614899874
1778097449.31,0.514372766018,0.0419091135263,0.424557387829,0.501904964447,0.0318579114974,0.327577471733,0.490451484919,0.0314521901309,0.228784322739,0.477452844381,0.0304984748363,0.129359424114,0.46432736516,0.0292846821249,0.0326197966933,0.45115223527,0.0275617912412,-0.0637955218554,0.435559600592,0.0236928388476,-0.162711471319,0.421705752611,0.0207016412169,-0.261605888605,0.400895565748,0.0169214252383,-0.380596101284,0.406511515379,0.0221569593996,-0.362614899874
1778097449.32,0.514852941036,0.0455028228462,0.42503157258,0.501871466637,0.0359762944281,0.327527344227,0.489276617765,0.0353267230093,0.229071170092,0.47522982955,0.0341903679073,0.130426108837,0.460921853781,0.032959651202,0.0337712913752,0.446894198656,0.031038697809,-0.0638416260481,0.431060284376,0.0274842865765,-0.162158429623,0.415418297052,0.025142705068,-0.260462760925,0.394677370787,0.0211335159838,-0.379641652107,0.401304394007,0.0260924808681,-0.362614899874
1778097449.33,0.515291392803,0.0489558242261,0.425581693649,0.501821637154,0.0398046448827,0.327734947205,0.487947613001,0.038976136595,0.229688853025,0.472951442003,0.0378581881523,0.131163880229,0.457580775023,0.0367877669632,0.0346666797996,0.442880600691,0.0353889204562,-0.0638300031424,0.425532728434,0.0332940369844,-0.158858299255,0.410069078207,0.0288817510009,-0.258829891682,0.388355582952,0.0251296758652,-0.378691285849,0.396212309599,0.0300721265376,-0.362614899874
1778097449.34,0.515698432922,0.0522082448006,0.426222085953,0.50132381916,0.0432069338858,0.328593313694,0.487042933702,0.0427408739924,0.229859560728,0.470661729574,0.0412779599428,0.132108390331,0.454020768404,0.0409479141235,0.0364818125963,0.438916116953,0.0392087250948,-0.0638528764248,0.421117812395,0.037665259093,-0.157136529684,0.404823690653,0.033036980778,-0.257598370314,0.382229417562,0.0302158147097,-0.376225233078,0.391243845224,0.0340970829129,-0.362614899874
1778097449.35,0.516016423702,0.0553943701088,0.426871657372,0.501044988632,0.0469118095934,0.329245567322,0.48558101058,0.0459561422467,0.230765461922,0.4686640203,0.0452668257058,0.132897272706,0.451991409063,0.0437568724155,0.0363876223564,0.434857040644,0.042774900794,-0.0598507970572,0.417205899954,0.0398408100009,-0.15811508894,0.398614317179,0.0401991419494,-0.259951561689,0.376117736101,0.0342850461602,-0.374866873026,0.386407643557,0.0381682217121,-0.362614899874
1778097449.36,0.516274392605,0.0584572851658,0.427574545145,0.500607967377,0.0502204075456,0.330200403929,0.484761089087,0.049733903259,0.231649771333,0.46692726016,0.0484908260405,0.133673414588,0.449263066053,0.0470555350184,0.03755979985,0.43232986331,0.0463205240667,-0.0583416968584,0.413063555956,0.0436122603714,-0.156570911407,0.393418580294,0.0447039455175,-0.2587415874,0.371307879686,0.0379509776831,-0.373952299356,0.381712466478,0.0422860756516,-0.362614899874
1778097449.37,0.516484081745,0.0613660886884,0.428288698196,0.50065779686,0.0533030405641,0.330780774355,0.483753532171,0.052844658494,0.232578441501,0.465322166681,0.0518168136477,0.134654894471,0.446546286345,0.0513370037079,0.0389086529613,0.429787367582,0.0502195730805,-0.060017645359,0.408329099417,0.0482603348792,-0.154488265514,0.389149695635,0.0481910146773,-0.257023543119,0.365696936846,0.0432326048613,-0.371538758278,0.377167195082,0.0464508272707,-0.362614899874
1778097449.38,0.516652345657,0.0642433315516,0.429076820612,0.500759124756,0.0569355115294,0.331312298775,0.483067303896,0.0560695454478,0.233240783215,0.463815540075,0.0553640089929,0.135628402233,0.44452252984,0.0546376109123,0.0393056795001,0.42648395896,0.0538028739393,-0.0559660792351,0.405343264341,0.0511177740991,-0.1539478302,0.386071532965,0.0492450706661,-0.252146929502,0.360647767782,0.047022935003,-0.370017856359,0.372780710459,0.050662279129,-0.362614899874
1778097449.39,0.516754567623,0.0669887587428,0.429876565933,0.500330209732,0.0598830506206,0.332262516022,0.481885164976,0.0597292557359,0.234652489424,0.462315291166,0.0585401728749,0.137001514435,0.442496567965,0.0573825985193,0.040371119976,0.423711806536,0.057508058846,-0.0548230558634,0.402142912149,0.0552775785327,-0.152783364058,0.382358521223,0.0533864013851,-0.250020444393,0.355564624071,0.0521384850144,-0.368324071169,0.368561953306,0.0549198538065,-0.362614899874
1778097449.4,0.516808271408,0.0695727393031,0.430695176125,0.500192284584,0.0628413334489,0.333218634129,0.481700986624,0.0625921189785,0.234999775887,0.461280375719,0.0618696585298,0.137774243951,0.440686970949,0.0613645389676,0.0422503501177,0.421464115381,0.0610173270106,-0.0535247921944,0.399058669806,0.0594189912081,-0.150978147984,0.378179997206,0.0579948425293,-0.249318003654,0.351274818182,0.0560288280249,-0.367234408855,0.364519804716,0.0592225566506,-0.362614899874
1778097449.41,0.516812026501,0.0716083049774,0.431360214949,0.500291585922,0.0660002753139,0.333846747875,0.481070905924,0.0655826404691,0.236188858747,0.460239320993,0.0649301335216,0.138851210475,0.439457505941,0.0644713714719,0.0430240482092,0.418463975191,0.0645627006888,-0.0522342473269,0.395776242018,0.0637203380466,-0.149203300476,0.374457508326,0.0620052292943,-0.248027294874,0.34628584981,0.0610082224011,-0.364628940821,0.360663026571,0.0635689869523,-0.362614899874
1778097449.42,0.516795992851,0.0742597058415,0.432307422161,0.500177264214,0.0685732662678,0.33488380909,0.48092213273,0.0686635226011,0.237049907446,0.459693640471,0.0682067275047,0.139871194959,0.43816408515,0.0679356232285,0.0443485230207,0.418044358492,0.0688939243555,-0.0522069483995,0.393838077784,0.0669375285506,-0.14838373661,0.37132576108,0.06619682163,-0.245721399784,0.342245429754,0.0649633258581,-0.36335965991,0.357000380754,0.0679572969675,-0.362614899874
1778097449.43,0.516745388508,0.0765995085239,0.433179974556,0.500303864479,0.0713394135237,0.335339576006,0.480400949717,0.0717353969812,0.238021552563,0.458992213011,0.0714819952846,0.140649706125,0.437219589949,0.0709572657943,0.045519053936,0.416723161936,0.0725983455777,-0.0531579405069,0.3916272223,0.0706833079457,-0.147139251232,0.368315190077,0.0699294731021,-0.244605273008,0.338390797377,0.0695923939347,-0.361597388983,0.353540450335,0.0723852142692,-0.362614899874
1778097449.44,0.516693413258,0.0785718858242,0.433974117041,0.500045180321,0.0739340558648,0.33651393652,0.480245679617,0.0745869874954,0.238626554608,0.458528965712,0.0747013911605,0.141979187727,0.436131447554,0.0747935622931,0.0470752418041,0.415118545294,0.0753835141659,-0.0509331971407,0.388960987329,0.0750066190958,-0.145353108644,0.36541596055,0.0736398175359,-0.243355959654,0.334189683199,0.0744262039661,-0.36017781496,0.350291460752,0.0768500268459,-0.362614899874
1778097449.45,0.516637325287,0.0808715075254,0.434979528189,0.500280618668,0.076343819499,0.337423324585,0.48016539216,0.0773430913687,0.239437520504,0.458058804274,0.0773412585258,0.142671704292,0.435742288828,0.0778457969427,0.0477044284344,0.412563890219,0.0783874690533,-0.0490110516548,0.3876722157,0.078310161829,-0.144542336464,0.363147348166,0.0782415941358,-0.241727828979,0.330916255713,0.0787524804473,-0.358326226473,0.34726151824,0.0813485756516,-0.362614899874
1778097449.46,0.516557753086,0.0828691273928,0.43587243557,0.500021338463,0.0789834409952,0.338666081429,0.479975968599,0.0799864381552,0.24068133533,0.458003669977,0.0805152133107,0.14355160296,0.4352838099,0.0809259712696,0.0490756630898,0.41321799159,0.0827592164278,-0.0489737689495,0.386213630438,0.0821741968393,-0.142886757851,0.360673695803,0.0826407745481,-0.239747643471,0.328085809946,0.0874574556947,-0.35296434164,0.344458192587,0.0858772620559,-0.362614899874
1778097449.47,0.516432404518,0.0848365277052,0.436739444733,0.500205397606,0.0813442841172,0.33931106329,0.480136424303,0.0823587551713,0.241539269686,0.457419842482,0.0834047272801,0.144859477878,0.434647828341,0.0841571614146,0.0496723353863,0.411275714636,0.0855957791209,-0.0458240360022,0.384825736284,0.0861161574721,-0.141684561968,0.358613938093,0.0868613347411,-0.238731831312,0.326280087233,0.0932688713074,-0.350429624319,0.341888815165,0.0904320478439,-0.362614899874
1778097449.48,0.516295075417,0.0867248475552,0.437582582235,0.500359535217,0.0832624062896,0.340237945318,0.480228990316,0.0850577279925,0.242531344295,0.457636803389,0.0862589552999,0.145688727498,0.43441042304,0.0872875079513,0.0506140887737,0.410811990499,0.0898141562939,-0.0437836050987,0.383442789316,0.0905318185687,-0.140392273664,0.355260640383,0.0940415784717,-0.240357816219,0.321667551994,0.0930892750621,-0.352724134922,0.339560121298,0.0950084850192,-0.362614899874
1778097449.49,0.516162753105,0.0883413031697,0.43833181262,0.500241875648,0.0856819078326,0.340848177671,0.480013757944,0.0875450670719,0.243509948254,0.457558363676,0.088899500668,0.146541818976,0.434196561575,0.0905805006623,0.0515153482556,0.41044446826,0.0931619331241,-0.0430988371372,0.382650345564,0.0935266166925,-0.139354676008,0.353355437517,0.0983479917049,-0.239289015532,0.319541096687,0.0970774143934,-0.352263331413,0.337478369474,0.0996017158031,-0.362614899874
1778097449.5,0.515959382057,0.0902801826596,0.439245969057,0.500248551369,0.0877935439348,0.342018127441,0.480273097754,0.0897847488523,0.244066312909,0.457681208849,0.092252574861,0.14773504436,0.434031456709,0.0945162326097,0.0532789751887,0.410307496786,0.0972598046064,-0.0430291742086,0.382062405348,0.0985512509942,-0.137127995491,0.352180749178,0.102663390338,-0.238385558128,0.317624658346,0.102094970644,-0.350700169802,0.335649162531,0.104206517339,-0.362614899874
1778097449.51,0.515710890293,0.0920074805617,0.44002020359,0.500234723091,0.0901700109243,0.342418193817,0.480553478003,0.0919469073415,0.245009347796,0.457838267088,0.0947156175971,0.148155003786,0.433565109968,0.0985862165689,0.0550298467278,0.410464972258,0.0999865829945,-0.0435155332088,0.381429880857,0.10147190094,-0.137379437685,0.353202015162,0.103859737515,-0.233179867268,0.315539866686,0.106185853481,-0.349326521158,0.334077507257,0.108817279339,-0.362614899874
1778097449.52,0.515405893326,0.0937178209424,0.440717667341,0.50014257431,0.0918319448829,0.343399822712,0.480387538671,0.094565436244,0.245919317007,0.4579872787,0.0972501188517,0.149401217699,0.433837145567,0.101493582129,0.0558149293065,0.409511655569,0.104107826948,-0.0395490974188,0.379926294088,0.106318518519,-0.135072588921,0.354413539171,0.111889116466,-0.228357762098,0.314323604107,0.110316544771,-0.34723046422,0.332767635584,0.113428100944,-0.362614899874
1778097449.53,0.515053331852,0.0954481959343,0.441392689943,0.499918550253,0.0939240902662,0.344675123692,0.480246216059,0.0966611206532,0.246605485678,0.458054870367,0.0997008159757,0.149799749255,0.434387713671,0.102936737239,0.0557704046369,0.409754663706,0.106130644679,-0.0405524224043,0.380628079176,0.109663799405,-0.134287655354,0.352485984564,0.116715759039,-0.226126402617,0.312926977873,0.114387348294,-0.345649689436,0.33172300458,0.118032753468,-0.362614899874
1778097449.54,0.514655888081,0.0971053987741,0.44200438261,0.500200510025,0.0958937183022,0.344777405262,0.480736404657,0.0989354774356,0.247400477529,0.457510322332,0.102741636336,0.151304990053,0.434096425772,0.107351735234,0.0574360117316,0.410351246595,0.110264219344,-0.0411554723978,0.380092710257,0.113978117704,-0.132844597101,0.351103335619,0.114563830197,-0.22943726182,0.311893999577,0.118014827371,-0.344549447298,0.330946296453,0.122624784708,-0.362614899874
1778097449.55,0.514227449894,0.0987591743469,0.442593991756,0.499801963568,0.0975040048361,0.345535874367,0.480873078108,0.100719697773,0.247934520245,0.458309620619,0.104413680732,0.151439294219,0.434340029955,0.108936809003,0.0572386085987,0.408909529448,0.114525690675,-0.0365882515907,0.380241721869,0.1169090271,-0.1320091784,0.352689176798,0.123666748405,-0.225123286247,0.31165382266,0.122992172837,-0.343366682529,0.330439180136,0.127197533846,-0.362614899874
1778097449.56,0.513751626015,0.100451633334,0.443141758442,0.499801963568,0.0975040048361,0.345535874367,0.480873078108,0.100719697773,0.247934520245,0.458309620619,0.104413680732,0.151439294219,0.434340029955,0.108936809003,0.0572386085987,0.408909529448,0.114525690675,-0.0365882515907,0.380241721869,0.1169090271,-0.1320091784,0.352689176798,0.123666748405,-0.225123286247,0.31165382266,0.122992172837,-0.343366682529,0.330202609301,0.131744176149,-0.362614899874
1778097449.57,0.513292074203,0.101906649768,0.443553864956,0.499160081148,0.101285129786,0.346856415272,0.479921013117,0.105115868151,0.249537825584,0.458256870508,0.109192162752,0.152604550123,0.434564501047,0.114302016795,0.0583334155381,0.409250468016,0.119793519378,-0.0358562022448,0.379874318838,0.125815823674,-0.13010494411,0.355158239603,0.135356158018,-0.221958309412,0.313171923161,0.136195465922,-0.339072674513,0.330236524343,0.136257782578,-0.362614899874
1778097449.58,0.512662112713,0.103681303561,0.443995952606,0.498751670122,0.10295188427,0.34733915329,0.480006963015,0.10663896054,0.249809324741,0.458030790091,0.111479789019,0.153408199549,0.434166759253,0.117789305747,0.0593230165541,0.409863620996,0.123248651624,-0.0349476635456,0.380262762308,0.128598049283,-0.129183366895,0.351484805346,0.12954518199,-0.226355284452,0.312467515469,0.135903194547,-0.341866850853,0.33053997159,0.140731334686,-0.362614899874
1778097449.59,0.512033045292,0.105281315744,0.44434773922,0.498318761587,0.104381732643,0.347986936569,0.479026526213,0.109329693019,0.250771284103,0.457952767611,0.113558784127,0.153513148427,0.433976560831,0.119053140283,0.0583514943719,0.409330934286,0.127410069108,-0.033611446619,0.380242675543,0.131741389632,-0.129055261612,0.354392021894,0.13863556087,-0.222917616367,0.312784641981,0.140846505761,-0.341984540224,0.331110984087,0.145157843828,-0.362614899874
1778097449.6,0.511424720287,0.106694459915,0.444637417793,0.497797220945,0.106209002435,0.348745882511,0.479095250368,0.110941238701,0.251137197018,0.45781698823,0.115640260279,0.153922826052,0.434369593859,0.121495142579,0.059060357511,0.409632891417,0.130045562983,-0.033098295331,0.381006628275,0.135201990604,-0.128609955311,0.355100184679,0.144069701433,-0.221666097641,0.313990980387,0.144992813468,-0.341778278351,0.331946760416,0.149530366063,-0.362614899874
1778097449.61,0.510634303093,0.108382061124,0.444956332445,0.497799068689,0.108168080449,0.348520278931,0.478725165129,0.112332902849,0.251287639141,0.45739325881,0.118192739785,0.154127255082,0.434318810701,0.123870506883,0.0595895498991,0.409977465868,0.133099645376,-0.0328205376863,0.381475239992,0.138329952955,-0.128535881639,0.353072494268,0.140531852841,-0.225876390934,0.315904140472,0.148352503777,-0.341256201267,0.33304348588,0.153842046857,-0.362614899874
1778097449.62,0.50986713171,0.109925404191,0.445237010717,0.496547311544,0.10965385288,0.349414050579,0.477783709764,0.114438779652,0.251772940159,0.456986576319,0.120087660849,0.154292166233,0.433659344912,0.12735684216,0.0608032383025,0.410733371973,0.134172230959,-0.0335132777691,0.382667332888,0.141448751092,-0.128899008036,0.354669839144,0.143483772874,-0.225517004728,0.317546904087,0.151943936944,-0.341858237982,0.334396570921,0.158086195588,-0.362614899874
1778097449.63,0.509039521217,0.111492134631,0.445474982262,0.495961397886,0.111008673906,0.349574148655,0.477633804083,0.116099543869,0.251995623112,0.45650985837,0.122058913112,0.154994621873,0.433932989836,0.128720954061,0.0601409859955,0.410368293524,0.137998789549,-0.0328281074762,0.383362442255,0.144870102406,-0.128192454576,0.356323570013,0.148379281163,-0.226339459419,0.318926930428,0.157155141234,-0.341609984636,0.336000412703,0.162256330252,-0.362614899874
1778097449.64,0.508158504963,0.113050013781,0.44568786025,0.494572073221,0.112661533058,0.350203335285,0.476789981127,0.117930740118,0.251984328032,0.456290632486,0.123788699508,0.154969036579,0.433467239141,0.13171364367,0.0611089803278,0.410591095686,0.140084818006,-0.0323684960604,0.384177476168,0.147473156452,-0.128551363945,0.357311934233,0.151900663972,-0.22630661726,0.321248918772,0.162105903029,-0.343310922384,0.337848752737,0.16634619236,-0.362614899874
1778097449.65,0.507255613804,0.114641271532,0.445901989937,0.494074195623,0.114406742156,0.350139856339,0.475978940725,0.119538299739,0.252393037081,0.455765455961,0.125682651997,0.154978126287,0.434008330107,0.132913663983,0.0603107661009,0.411721855402,0.141864970326,-0.0331435352564,0.384930640459,0.150265753269,-0.128940746188,0.360052675009,0.155532076955,-0.22542142868,0.324215114117,0.164831355214,-0.342530727386,0.339934498072,0.170349851251,-0.362614899874
1778097449.66,0.506334662437,0.116214074194,0.446078121662,0.493387788534,0.115854822099,0.350285768509,0.475197821856,0.121336534619,0.252459943295,0.455056816339,0.127788111567,0.155442357063,0.433859795332,0.134649455547,0.0603442937136,0.412585943937,0.144540265203,-0.0330891311169,0.386167138815,0.153259634972,-0.128921121359,0.361270397902,0.158475786448,-0.226745098829,0.326871931553,0.169988319278,-0.343546867371,0.342249840498,0.174261704087,-0.362614899874
1778097449.67,0.505372583866,0.11778563261,0.446227133274,0.491979986429,0.117593631148,0.350862562656,0.474652379751,0.122722521424,0.252562046051,0.454835504293,0.129015356302,0.155519038439,0.433996528387,0.137146085501,0.0603266954422,0.412128537893,0.14740152657,-0.0324563682079,0.387617498636,0.155881628394,-0.129847362638,0.363471418619,0.161676138639,-0.227059662342,0.330866456032,0.172670200467,-0.344623506069,0.34478649497,0.178076505661,-0.362614899874
1778097449.68,0.504367470741,0.119391970336,0.446365743876,0.491774827242,0.119273558259,0.350401371717,0.473837584257,0.12453019619,0.252948015928,0.454126805067,0.1316832304,0.15618377924,0.433790296316,0.139018699527,0.0605279244483,0.412796169519,0.150510013103,-0.0325798392296,0.3890196383,0.158275961876,-0.129666745663,0.365674167871,0.163418605924,-0.226853340864,0.334225207567,0.176455259323,-0.345263034105,0.347535520792,0.181789442897,-0.362614899874
1778097449.69,0.50332736969,0.12099634856,0.446454375982,0.490323036909,0.120775319636,0.351104915142,0.473119586706,0.126489445567,0.253059029579,0.453668802977,0.133106648922,0.155734628439,0.433893531561,0.141519770026,0.0603023506701,0.413681298494,0.152778729796,-0.0326352864504,0.390750616789,0.161138951778,-0.129833519459,0.368228524923,0.168110817671,-0.228214144707,0.337940186262,0.180304676294,-0.345190137625,0.350487500429,0.18539609015,-0.362614899874
1778097449.7,0.50226598978,0.122607521713,0.44654583931,0.489458709955,0.122404068708,0.351350009441,0.472035735846,0.128222361207,0.253649920225,0.453393131495,0.134907543659,0.155704766512,0.434059232473,0.143164142966,0.0602452121675,0.415146499872,0.153768345714,-0.0394579619169,0.392389982939,0.164030089974,-0.130132570863,0.371283620596,0.17051653564,-0.229398816824,0.342454582453,0.183320969343,-0.346707135439,0.35363265872,0.188892498612,-0.362614899874
1778097449.71,0.501170277596,0.12422631681,0.446638911963,0.488782376051,0.123845681548,0.350960642099,0.471630007029,0.129864022136,0.253230810165,0.453140646219,0.136968642473,0.155953019857,0.434288114309,0.145090714097,0.0600258111954,0.417245417833,0.155238181353,-0.0383700281382,0.394321113825,0.166548892856,-0.130208343267,0.376727730036,0.178571715951,-0.225542038679,0.346571475267,0.186834409833,-0.347027242184,0.356961041689,0.192275136709,-0.362614899874
1778097449.72,0.500073611736,0.125789284706,0.446714222431,0.487414449453,0.125376164913,0.351325511932,0.470731168985,0.131668001413,0.253505021334,0.452994972467,0.138970062137,0.155450940132,0.434839040041,0.147309586406,0.0601878501475,0.416890949011,0.159474775195,-0.0331869572401,0.396256238222,0.169297248125,-0.130777835846,0.377876490355,0.174449756742,-0.229861617088,0.351280599833,0.190124362707,-0.348486691713,0.360462278128,0.195540979505,-0.362614899874
1778097449.73,0.498858898878,0.127445176244,0.446762740612,0.486712187529,0.126809075475,0.351650565863,0.470144122839,0.133147120476,0.253078579903,0.452810555696,0.140701666474,0.15583793819,0.434758752584,0.150557950139,0.0605739839375,0.418503195047,0.160812035203,-0.0343477427959,0.39846816659,0.171477913857,-0.131478533149,0.383393079042,0.184599325061,-0.226821780205,0.356130748987,0.193256229162,-0.349594980478,0.364126116037,0.198687419295,-0.362614899874
1778097449.74,0.497871339321,0.12877215445,0.446816891432,0.485317796469,0.128748878837,0.351659119129,0.469649463892,0.135203301907,0.253447234631,0.452937930822,0.142737850547,0.155398517847,0.435592919588,0.151435434818,0.0596806444228,0.422092586756,0.162318870425,-0.036784812808,0.401288598776,0.174070760608,-0.132087558508,0.385321766138,0.181719079614,-0.232040673494,0.360622555017,0.196838900447,-0.351046353579,0.367942065001,0.201712340117,-0.362614899874
1778097449.75,0.496768862009,0.13022595644,0.446833670139,0.484767049551,0.130279481411,0.351376086473,0.469105869532,0.13711425662,0.252932488918,0.452784270048,0.144591987133,0.155689939857,0.436353594065,0.153871387243,0.0584707930684,0.423287898302,0.164293065667,-0.0390261411667,0.404115825891,0.176515042782,-0.132514327765,0.388873010874,0.183333829045,-0.232140094042,0.36608043313,0.198631286621,-0.351334959269,0.371899813414,0.204614043236,-0.362614899874
1778097449.76,0.495688587427,0.131649017334,0.446857333183,0.483830958605,0.131958276033,0.351420104504,0.46875217557,0.138691872358,0.253101527691,0.453003674746,0.146667122841,0.155254274607,0.437746614218,0.155533760786,0.0589790157974,0.423779457808,0.167378410697,-0.0361454486847,0.406636685133,0.178627371788,-0.133181720972,0.39183357358,0.187250196934,-0.233933120966,0.370227426291,0.205286294222,-0.35621970892,0.375989109278,0.207391276956,-0.362614899874
1778097449.77,0.49462684989,0.133023291826,0.4468780756,0.481882482767,0.135660275817,0.350979506969,0.468408793211,0.14235650003,0.2527821064,0.454102545977,0.150255337358,0.155025348067,0.439844220877,0.160167530179,0.0589017607272,0.427789896727,0.172103479505,-0.0366020202637,0.413230031729,0.183579400182,-0.134057104588,0.400766700506,0.190856799483,-0.233739197254,0.381049841642,0.210728898644,-0.357775688171,0.380199939013,0.21004319191,-0.362614899874
1778097449.78,0.493601292372,0.13433586061,0.446935594082,0.481882482767,0.135660275817,0.350979506969,0.468408793211,0.14235650003,0.2527821064,0.454102545977,0.150255337358,0.155025348067,0.439844220877,0.160167530179,0.0589017607272,0.427789896727,0.172103479505,-0.0366020202637,0.413230031729,0.183579400182,-0.134057104588,0.400766700506,0.190856799483,-0.233739197254,0.381049841642,0.210728898644,-0.357775688171,0.384522408247,0.212569311261,-0.362614899874
1778097449.79,0.49261456728,0.135585486889,0.447019726038,0.481008380651,0.136668875813,0.352020084858,0.467972546816,0.144067838788,0.253283977509,0.454379171133,0.15233103931,0.155005782843,0.441598147154,0.162001132965,0.0581150427461,0.431869536638,0.173174798489,-0.040828704834,0.417196065187,0.184486091137,-0.135625690222,0.405377477407,0.195403829217,-0.234244287014,0.387628525496,0.210211589932,-0.3556227386,0.388947099447,0.2149695158,-0.362614899874
1778097449.8,0.491667926311,0.136752620339,0.447056740522,0.480629116297,0.137975350022,0.351675927639,0.468122988939,0.146174296737,0.252955287695,0.455307751894,0.154512092471,0.154704660177,0.44336143136,0.164057180285,0.0576874911785,0.433981567621,0.175391107798,-0.0396709293127,0.420170813799,0.187598854303,-0.135101020336,0.410881608725,0.198199436069,-0.233236938715,0.393283039331,0.214938744903,-0.358837783337,0.393464833498,0.217244029045,-0.362614899874
1778097449.81,0.490847349167,0.137782588601,0.447075098753,0.480107575655,0.139482066035,0.35187548399,0.468468695879,0.147583901882,0.252652287483,0.456103652716,0.156322941184,0.154886141419,0.444908171892,0.16652739048,0.0581562593579,0.435609787703,0.178821459413,-0.0374086350203,0.424265533686,0.19023655355,-0.13511800766,0.41609749198,0.199496358633,-0.23453605175,0.400352686644,0.213233113289,-0.354981958866,0.398066967726,0.219393357635,-0.362614899874
1778097449.82,0.489922046661,0.138930782676,0.447114735842,0.479582041502,0.141302093863,0.351716458797,0.468869239092,0.149335414171,0.252707719803,0.457021683455,0.158669054508,0.154639825225,0.447601944208,0.167914226651,0.0573215559125,0.438878566027,0.180072844028,-0.0381161123514,0.428835481405,0.190070196986,-0.139035880566,0.419921249151,0.200594320893,-0.236276686192,0.406180053949,0.2155174613,-0.355370134115,0.40274515748,0.221418261528,-0.362614899874
1778097449.83,0.489146441221,0.139906138182,0.44713678956,0.479277163744,0.142329767346,0.351628601551,0.469160705805,0.151051580906,0.252466619015,0.459178298712,0.160000279546,0.15387147665,0.449268013239,0.170745566487,0.0574424937367,0.442571610212,0.18094535172,-0.0392751991749,0.431332617998,0.193256750703,-0.137570768595,0.424814909697,0.204217746854,-0.235597550869,0.412650913,0.216812685132,-0.356763124466,0.407491534948,0.223319709301,-0.362614899874
1778097449.84,0.488443166018,0.140807926655,0.447149217129,0.479119092226,0.143727943301,0.351564109325,0.469828993082,0.152612432837,0.252590715885,0.460536271334,0.162177696824,0.154042094946,0.451921850443,0.172556772828,0.0562420859933,0.445612281561,0.184440121055,-0.0384929180145,0.434515684843,0.197358489037,-0.14406183362,0.430691033602,0.207692757249,-0.234051406384,0.418846458197,0.21914306283,-0.35606649518,0.412298828363,0.225098863244,-0.362614899874
1778097449.85,0.487772792578,0.141672298312,0.447180867195,0.479158967733,0.145418941975,0.351017296314,0.47057852149,0.154024064541,0.252665042877,0.462231904268,0.163965314627,0.153294160962,0.45542088151,0.174058869481,0.0562486760318,0.448970526457,0.185938596725,-0.0388222187757,0.441067904234,0.196142613888,-0.138371646404,0.436892002821,0.207191750407,-0.237820386887,0.425531417131,0.219863414764,-0.35738196969,0.417160183191,0.226757064462,-0.362614899874
1778097449.86,0.4873521626,0.142225056887,0.447175085545,0.47891035676,0.146712124348,0.351223707199,0.471183210611,0.155884250998,0.252628803253,0.464058369398,0.165674567223,0.153575867414,0.457096785307,0.175906926394,0.0567492172122,0.452459782362,0.187508761883,-0.0392263382673,0.447022408247,0.198026478291,-0.141732633114,0.442431598902,0.208847254515,-0.237778574228,0.431877940893,0.221299320459,-0.357774972916,0.42206916213,0.228295728564,-0.362614899874
1778097449.87,0.486949414015,0.142794787884,0.447197973728,0.479314655066,0.147898718715,0.351138651371,0.472777277231,0.157223641872,0.251785039902,0.4655623734,0.167409747839,0.153645813465,0.45926579833,0.178469002247,0.0569628849626,0.456800967455,0.188780128956,-0.040775552392,0.451200217009,0.199018701911,-0.141096532345,0.446548193693,0.210893258452,-0.23689815402,0.437816768885,0.223044708371,-0.360092639923,0.42701998353,0.229716360569,-0.362614899874
1778097449.88,0.486546188593,0.14340788126,0.447230160236,0.479323714972,0.148899555206,0.351183176041,0.473408073187,0.158301264048,0.252106904984,0.467723399401,0.168774038553,0.153540194035,0.463016659021,0.178979843855,0.0558389574289,0.460157841444,0.191268533468,-0.0399215519428,0.455856829882,0.200434759259,-0.140613406897,0.452159374952,0.211739629507,-0.23820412159,0.444202929735,0.224227637053,-0.357983499765,0.432007342577,0.231020510197,-0.362614899874
1778097449.89,0.486262649298,0.14393876493,0.447300553322,0.479645460844,0.14988091588,0.351134121418,0.474661022425,0.159701809287,0.252049803734,0.46987298131,0.170020759106,0.153142333031,0.465534895658,0.180922344327,0.0566161721945,0.464677542448,0.192491799593,-0.0436274111271,0.459753662348,0.202017754316,-0.140915423632,0.457392841578,0.214645549655,-0.23613512516,0.451365917921,0.224910661578,-0.359035134315,0.437026232481,0.23220975697,-0.362614899874
1778097449.9,0.486177772284,0.144171729684,0.447350859642,0.479955881834,0.150372445583,0.351304888725,0.475761026144,0.160719245672,0.252089381218,0.472108334303,0.171227201819,0.153024822474,0.46910110116,0.182064175606,0.0564421452582,0.468811959028,0.193272143602,-0.0421713292599,0.465371221304,0.203625753522,-0.140860229731,0.463074535131,0.215002283454,-0.237297952175,0.457799226046,0.225744917989,-0.358950287104,0.442072302103,0.23328563571,-0.362614899874
1778097449.91,0.486148715019,0.144345954061,0.447401940823,0.480513483286,0.151331692934,0.351331591606,0.476998776197,0.161783784628,0.252287387848,0.474218040705,0.172590494156,0.153323203325,0.472686439753,0.182894706726,0.0551309734583,0.471877485514,0.195126578212,-0.0396833866835,0.469993799925,0.205406427383,-0.142055690289,0.469311803579,0.215244099498,-0.238174140453,0.464210957289,0.227618396282,-0.358598440886,0.447141498327,0.234249651432,-0.362614899874
1778097449.92,0.486178576946,0.144435375929,0.447454273701,0.480352014303,0.151900470257,0.351723730564,0.478505641222,0.162662431598,0.251853913069,0.476458758116,0.173235416412,0.153377845883,0.475379616022,0.184081509709,0.05603697896,0.476771920919,0.195010572672,-0.0413522720337,0.472089678049,0.207805991173,-0.144564032555,0.474994033575,0.216184914112,-0.23833873868,0.470674186945,0.22813744843,-0.361241430044,0.452230364084,0.235103234649,-0.362614899874
1778097449.93,0.486288458109,0.144387677312,0.447504162788,0.481310278177,0.152363032103,0.351908683777,0.480209857225,0.163481399417,0.251962602139,0.479262322187,0.174480378628,0.152852654457,0.478816777468,0.184509366751,0.0556407496333,0.480609863997,0.19614687562,-0.0412187427282,0.479581326246,0.206111744046,-0.141155779362,0.481142252684,0.217108100653,-0.238826990128,0.478121131659,0.228027790785,-0.359710156918,0.457335561514,0.235847711563,-0.362614899874
1778097449.94,0.486415058374,0.144300356507,0.44752445817,0.482404023409,0.152802735567,0.35129314661,0.481832712889,0.163820430636,0.252012610435,0.481665283442,0.174792230129,0.153270944953,0.481903403997,0.185500949621,0.0557843893766,0.485273808241,0.196991875768,-0.0408837348223,0.484750181437,0.207056358457,-0.140748143196,0.486186534166,0.217495441437,-0.239053338766,0.484355121851,0.228660419583,-0.359313964844,0.462454229593,0.236484318972,-0.362614899874
1778097449.95,0.486637324095,0.144110426307,0.447541832924,0.483071118593,0.153376713395,0.351383686066,0.482941657305,0.164557635784,0.252751111984,0.484225183725,0.175491824746,0.1528082937,0.485363155603,0.186294481158,0.0560427121818,0.489708393812,0.197244942188,-0.0424141585827,0.4901894629,0.207531049848,-0.142059206963,0.492171376944,0.21824760735,-0.23828330636,0.490848869085,0.228380262852,-0.35906997323,0.467583805323,0.237014114857,-0.362614899874
1778097449.96,0.486919790506,0.143848150969,0.447530478239,0.484133034945,0.153356850147,0.35114556551,0.484617561102,0.164413779974,0.252783834934,0.486418038607,0.175377652049,0.153126046062,0.488953858614,0.186604052782,0.0557702630758,0.494110733271,0.19761043787,-0.0422385185957,0.49169459939,0.21098138392,-0.14511552453,0.496702045202,0.218736425042,-0.237414807081,0.497894138098,0.22967146337,-0.359687328339,0.472721964121,0.23743802309,-0.362614899874
1778097449.97,0.4872597754,0.143533140421,0.447510093451,0.48482838273,0.153249055147,0.351182639599,0.486273795366,0.164506167173,0.252661466599,0.489092499018,0.175611168146,0.153060957789,0.491859465837,0.186569020152,0.0561939254403,0.496322482824,0.198329299688,-0.0393199622631,0.497013300657,0.210598573089,-0.144259035587,0.503032684326,0.218823969364,-0.237582057714,0.504428744316,0.229360759258,-0.35859721899,0.477866619825,0.237756818533,-0.362614899874
1778097449.98,0.487650662661,0.143156692386,0.447496175766,0.485580652952,0.153312236071,0.351660341024,0.488493651152,0.164130121469,0.252137482166,0.49169716239,0.175550788641,0.153062790632,0.495598107576,0.186617687345,0.0554595589638,0.500626921654,0.197977587581,-0.0398171395063,0.504682779312,0.208011358976,-0.140436023474,0.508642196655,0.218928173184,-0.238291621208,0.511027097702,0.229993790388,-0.359142273664,0.483015805483,0.237971067429,-0.362614899874
1778097449.99,0.48809170723,0.142715409398,0.447449803352,0.487400919199,0.153113365173,0.350735425949,0.490065962076,0.163794830441,0.252124607563,0.494257539511,0.175215616822,0.153097853065,0.498437553644,0.186440393329,0.0559775941074,0.505926728249,0.197462871671,-0.0416347533464,0.508559346199,0.208278894424,-0.140720933676,0.514481067657,0.218831554055,-0.237593710423,0.517630934715,0.230029881001,-0.357664972544,0.488167673349,0.238081172109,-0.362614899874
1778097450,0.488555580378,0.142234668136,0.447378963232,0.487889438868,0.152578547597,0.351152658463,0.491600960493,0.163435846567,0.252758622169,0.496804922819,0.174606010318,0.15320776403,0.501410484314,0.185944750905,0.0568140409887,0.5095744133,0.197113707662,-0.0408066958189,0.514010190964,0.207848504186,-0.14022898674,0.520214080811,0.21858087182,-0.237320154905,0.52369582653,0.230472311378,-0.357701539993,0.493320554495,0.238087356091,-0.362614899874
1778097450.01,0.489006221294,0.14176440239,0.44729039073,0.488678365946,0.152220249176,0.351424366236,0.493037313223,0.162929907441,0.252764344215,0.498834758997,0.174255937338,0.153350770473,0.504955887794,0.18512801826,0.0563026852906,0.512753129005,0.196317285299,-0.0395989269018,0.518477916718,0.206972450018,-0.13948521018,0.525841355324,0.21842880547,-0.237757325172,0.530633568764,0.229899764061,-0.357310205698,0.498472601175,0.237989604473,-0.362614899874
1778097450.02,0.489482492208,0.141241461039,0.447185486555,0.4899931252,0.151655718684,0.351255148649,0.494768410921,0.162209451199,0.253022134304,0.501173138618,0.173355087638,0.153819873929,0.507794260979,0.184383496642,0.0563557110727,0.517014622688,0.195809140801,-0.0402931421995,0.52299118042,0.206652194262,-0.139289021492,0.530202031136,0.219078794122,-0.235378623009,0.536816954613,0.229795455933,-0.356734156609,0.503622174263,0.237787753344,-0.362614899874
1778097450.03,0.49024862051,0.140375837684,0.446994692087,0.491206675768,0.151129513979,0.351172178984,0.496839016676,0.161678403616,0.252042293549,0.504351496696,0.172794550657,0.15287707746,0.511078953743,0.183510631323,0.0561183691025,0.521296620369,0.195519328117,-0.0423850864172,0.52742767334,0.205991029739,-0.139218866825,0.536449193954,0.21733430028,-0.236462980509,0.543579936028,0.229787051678,-0.357531994581,0.508767485619,0.237481415272,-0.362614899874
1778097450.04,0.490639984608,0.139904543757,0.446873873472,0.491959542036,0.150426998734,0.351029098034,0.49837037921,0.161056131124,0.252526283264,0.505982518196,0.171348303556,0.153165131807,0.513713479042,0.182639688253,0.0571581833065,0.523619532585,0.194025710225,-0.0396567583084,0.53234732151,0.204906076193,-0.139298141003,0.541809082031,0.216645777225,-0.236592888832,0.549461126328,0.230108827353,-0.355494201183,0.513906598091,0.237070038915,-0.362614899874
1778097450.05,0.491268008947,0.139145851135,0.446663379669,0.493563741446,0.14991889894,0.350663751364,0.49974796176,0.159911796451,0.252805352211,0.508713245392,0.170553311706,0.152881637216,0.517132163048,0.181367903948,0.056042380631,0.527263522148,0.192900449038,-0.0409602373838,0.536234855652,0.203978151083,-0.13811558485,0.546199798584,0.216207042336,-0.235579639673,0.555428624153,0.229359924793,-0.355555534363,0.519037246704,0.236552894115,-0.362614899874
1778097450.06,0.491821914911,0.138460218906,0.446449071169,0.494332879782,0.148987323046,0.350724458694,0.501940846443,0.158892154694,0.251927316189,0.511073231697,0.169439658523,0.152767777443,0.519786000252,0.180359140038,0.0567314550281,0.532377243042,0.191970318556,-0.0408438891172,0.541320443153,0.202756151557,-0.13906955719,0.552289128304,0.215078935027,-0.235673069954,0.561588406563,0.228679955006,-0.35534787178,0.5241574049,0.235929042101,-0.362614899874
1778097450.07,0.492314308882,0.137812495232,0.446248799562,0.49508151412,0.147914737463,0.350868225098,0.503613948822,0.158135071397,0.251372396946,0.513075113297,0.168205231428,0.152627959847,0.522342443466,0.178814664483,0.0568094328046,0.535778045654,0.190553709865,-0.0409413874149,0.545991539955,0.201687455177,-0.138832002878,0.556656956673,0.214214935899,-0.234428346157,0.567777395248,0.228024557233,-0.355295777321,0.529264330864,0.235197454691,-0.362614899874
1778097450.08,0.492900788784,0.137004122138,0.445984005928,0.49631139636,0.14748467505,0.350363790989,0.504989266396,0.156945869327,0.251575291157,0.515196561813,0.167027875781,0.152494803071,0.526309609413,0.177482843399,0.0565738901496,0.539293527603,0.188704788685,-0.0403898358345,0.549909114838,0.200057804585,-0.138693541288,0.562274217606,0.212927654386,-0.235411554575,0.573855280876,0.227207973599,-0.355490773916,0.534355282784,0.23435690999,-0.362614899874
1778097450.09,0.49336284399,0.136360436678,0.445744782686,0.497200876474,0.146182879806,0.350481927395,0.506134033203,0.155671238899,0.252116560936,0.517512321472,0.16579797864,0.152477234602,0.528691768646,0.175871238112,0.0557435266674,0.542612314224,0.187025994062,-0.0397182404995,0.553913116455,0.199029624462,-0.137672007084,0.566781878471,0.211672276258,-0.235315322876,0.579916477203,0.225994452834,-0.355195909739,0.539427042007,0.233406096697,-0.362614899874
1778097450.1,0.493904560804,0.135566651821,0.445448517799,0.498263269663,0.145371362567,0.350169539452,0.508442997932,0.154784619808,0.251214027405,0.51991724968,0.164318367839,0.152297466993,0.5310754776,0.174185439944,0.0563179701567,0.5461550951,0.185584038496,-0.0404710024595,0.557974815369,0.197293698788,-0.138491809368,0.571847677231,0.210354045033,-0.234827339649,0.585362672806,0.225006982684,-0.354590922594,0.544476032257,0.232343584299,-0.362614899874
1778097450.11,0.494356274605,0.134859398007,0.445145994425,0.499575406313,0.144635021687,0.349697589874,0.509077191353,0.153370559216,0.251711279154,0.521620154381,0.162906959653,0.152299821377,0.534162163734,0.172964975238,0.0557836219668,0.549619913101,0.184009328485,-0.0399766117334,0.561359286308,0.195905730128,-0.13876760006,0.57659137249,0.208942845464,-0.23445212841,0.590348482132,0.223712429404,-0.353597819805,0.549498319626,0.231167912483,-0.362614899874
1778097450.12,0.494731754065,0.134244024754,0.444852828979,0.500271558762,0.143693760037,0.349870532751,0.51129591465,0.152330607176,0.251043647528,0.52359354496,0.161287382245,0.152147352695,0.536078810692,0.171442955732,0.0561105199158,0.552425026894,0.183299839497,-0.0416581630707,0.565588951111,0.194464087486,-0.138028472662,0.580413222313,0.20749117434,-0.234349668026,0.596163988113,0.222700849175,-0.354124099016,0.554489731789,0.229877501726,-0.362614899874
1778097450.13,0.495116144419,0.133538514376,0.444523483515,0.501492977142,0.142645299435,0.349385738373,0.512998580933,0.151177912951,0.250251054764,0.525809168816,0.160109892488,0.151884973049,0.538979768753,0.16986900568,0.0558772943914,0.555945038795,0.180987253785,-0.0403876304626,0.569262981415,0.193408429623,-0.137844234705,0.584425926208,0.205627217889,-0.234397321939,0.60139131546,0.220854133368,-0.353897660971,0.559445142746,0.228470802307,-0.362614899874
1778097450.14,0.495429009199,0.132891222835,0.444168180227,0.502378940582,0.141831025481,0.348947376013,0.513960003853,0.149836570024,0.25106549263,0.527649283409,0.15879970789,0.151324361563,0.541442036629,0.168592274189,0.0555272847414,0.558308720589,0.179701834917,-0.039648860693,0.573140144348,0.191558271646,-0.138237804174,0.588904738426,0.204094439745,-0.23473444581,0.606662988663,0.218834906816,-0.353391587734,0.564359426498,0.226946249604,-0.362614899874
1778097450.15,0.49571621418,0.132183983922,0.443750917912,0.503078341484,0.141017183661,0.349113821983,0.515422821045,0.148922726512,0.250636994839,0.529850840569,0.157572865486,0.151464655995,0.544076681137,0.166833221912,0.0553530156612,0.561645746231,0.178007349372,-0.0405651330948,0.577451825142,0.189312919974,-0.1383472085,0.593287229538,0.20247861743,-0.234093606472,0.611052036285,0.217212721705,-0.353254377842,0.569226741791,0.2253023386,-0.362614899874
1778097450.16,0.495931506157,0.131563186646,0.443365246058,0.504094600677,0.139881119132,0.348489642143,0.517141222954,0.147748529911,0.249900385737,0.531549692154,0.156125962734,0.151362448931,0.546289920807,0.165555894375,0.055665422231,0.563892960548,0.176481127739,-0.0396241247654,0.580721139908,0.187664031982,-0.138664931059,0.59664440155,0.20072747767,-0.234156370163,0.615887284279,0.215478494763,-0.353177070618,0.574040770531,0.223537638783,-0.362614899874
1778097450.17,0.496094226837,0.131026133895,0.44302546978,0.504641294479,0.139179855585,0.348461508751,0.518304944038,0.146822020411,0.249744832516,0.533442616463,0.154880017042,0.151351541281,0.548909783363,0.164172515273,0.0554822385311,0.566937088966,0.175002500415,-0.0397766530514,0.583634018898,0.186047658324,-0.137680321932,0.601124048233,0.198426604271,-0.234123766422,0.620388388634,0.213425248861,-0.352843075991,0.578794836998,0.221650794148,-0.362614899874
1778097450.18,0.496249467134,0.130391776562,0.442603349686,0.505736470222,0.138313531876,0.347694933414,0.519553303719,0.145913913846,0.24951954186,0.535244107246,0.153985485435,0.150894030929,0.551226377487,0.1631180197,0.0549354180694,0.57018327713,0.173644542694,-0.0401413142681,0.586466431618,0.184577450156,-0.13751617074,0.604872226715,0.196911305189,-0.234808385372,0.62483561039,0.21108803153,-0.352939039469,0.583481550217,0.219640627503,-0.362614899874
1778097450.19,0.49633333087,0.129851981997,0.442229688168,0.506286978722,0.137761473656,0.347312629223,0.520993471146,0.145007833838,0.248785465956,0.536724090576,0.15279468894,0.150713220239,0.553356289864,0.161500781775,0.0551192387938,0.573312282562,0.172174140811,-0.0410594940186,0.590346574783,0.182342320681,-0.137867420912,0.608395695686,0.194639533758,-0.234050095081,0.628812670708,0.20905597508,-0.352773547173,0.588093042374,0.217506155372,-0.362614899874
1778097450.2,0.496351838112,0.129526987672,0.441999822855,0.506582975388,0.136979684234,0.347401559353,0.521811127663,0.144036486745,0.248689740896,0.538527488708,0.151544883847,0.150636047125,0.555342197418,0.160782799125,0.0534516125917,0.575814962387,0.170307219028,-0.04078322649,0.592923521996,0.180413931608,-0.136378139257,0.611769676208,0.192416414618,-0.234239518642,0.632932782173,0.206476837397,-0.352847337723,0.592621326447,0.215246543288,-0.362614899874
1778097450.21,0.49630266428,0.128821194172,0.441476106644,0.507174134254,0.13608686626,0.346999406815,0.522886872292,0.14311221242,0.2481213063,0.539741158485,0.150829032063,0.150531455874,0.557131290436,0.159095540643,0.0548614636064,0.577515006065,0.168915376067,-0.0397773236036,0.596406936646,0.178933829069,-0.137796550989,0.615100383759,0.190400347114,-0.234163850546,0.636759519577,0.203509747982,-0.352723568678,0.597057580948,0.212861299515,-0.362614899874
1778097450.22,0.496199280024,0.128319352865,0.441059678793,0.507718801498,0.135563924909,0.346301853657,0.523213505745,0.142480313778,0.248475506902,0.541360735893,0.149579659104,0.150163859129,0.558869838715,0.157793208957,0.0547909587622,0.580293059349,0.1677146703,-0.0407223701477,0.59927380085,0.17636038363,-0.137350559235,0.618397116661,0.187931403518,-0.234134048223,0.64043366909,0.200766548514,-0.352838754654,0.601392626762,0.21035015583,-0.362614899874
1778097450.23,0.496015906334,0.1277962327,0.440557599068,0.507976174355,0.135088711977,0.346070230007,0.52413713932,0.141595765948,0.247997388244,0.542591691017,0.148908883333,0.150027468801,0.561042785645,0.156566113234,0.0541593283415,0.582844138145,0.165777087212,-0.0414181053638,0.601210832596,0.174778819084,-0.138669282198,0.621371388435,0.185623213649,-0.234066277742,0.643748760223,0.197843804955,-0.352531671524,0.605617284775,0.207713186741,-0.362614899874
1778097450.24,0.495813399553,0.127374649048,0.44014325738,0.508129119873,0.134592324495,0.345867156982,0.524923563004,0.14088781178,0.247939899564,0.543591618538,0.147930502892,0.149724811316,0.562455415726,0.155739068985,0.0538188666105,0.584512710571,0.16419583559,-0.039896607399,0.603704571724,0.173072993755,-0.138216793537,0.624119997025,0.183307260275,-0.233890146017,0.646966099739,0.194955468178,-0.352621823549,0.609721541405,0.20495082438,-0.362614899874
1778097450.25,0.495466798544,0.126794219017,0.439567953348,0.508679986,0.134019732475,0.345166772604,0.525664925575,0.139880955219,0.247987136245,0.545304298401,0.147065475583,0.149543583393,0.564226269722,0.15433947742,0.0540043115616,0.586553573608,0.163293942809,-0.0410627871752,0.60590004921,0.171417444944,-0.138228297234,0.626955389977,0.180722296238,-0.234475880861,0.649789333344,0.191951930523,-0.352533251047,0.613695502281,0.202063858509,-0.362614899874
1778097450.26,0.495186150074,0.126400500536,0.439172953367,0.508638739586,0.132955417037,0.345483452082,0.525882363319,0.139394387603,0.247762650251,0.545871376991,0.146155446768,0.149363383651,0.565887212753,0.153105959296,0.0543373301625,0.588652610779,0.161359235644,-0.0410330742598,0.608621358871,0.168876811862,-0.137845098972,0.629334926605,0.178179204464,-0.234031647444,0.652631521225,0.18850967288,-0.352829515934,0.617528796196,0.199053511024,-0.362614899874
1778097450.27,0.494735777378,0.125846773386,0.438623070717,0.50853562355,0.13232986629,0.345005810261,0.526763439178,0.138992294669,0.246716231108,0.546888113022,0.145041123033,0.149286910892,0.566522717476,0.152348399162,0.053809709847,0.59038579464,0.160074234009,-0.0415797531605,0.610847473145,0.16708663106,-0.13870844245,0.631570458412,0.175437882543,-0.234392315149,0.655439376831,0.184962823987,-0.352798432112,0.621211290359,0.19592140615,-0.362614899874
1778097450.28,0.49446117878,0.125533461571,0.438308566809,0.508642911911,0.131753727794,0.34448710084,0.527351498604,0.138221606612,0.246591642499,0.547684311867,0.144521012902,0.148742213845,0.567948460579,0.150618165731,0.0535423159599,0.590996980667,0.158306494355,-0.0415707975626,0.611906647682,0.164996817708,-0.138006478548,0.633574962616,0.172938525677,-0.234145462513,0.657678842545,0.181607142091,-0.352988928556,0.624732375145,0.192669644952,-0.362614899874
1778097450.29,0.493822306395,0.124823950231,0.437622308731,0.508428454399,0.131499156356,0.343907564878,0.527384519577,0.137542039156,0.24620360136,0.548107743263,0.143575832248,0.148515477777,0.56879734993,0.149428367615,0.0530740693212,0.592705249786,0.156719490886,-0.0425019413233,0.612923979759,0.163373276591,-0.140090465546,0.635366082191,0.170267835259,-0.234233170748,0.659991383553,0.177990660071,-0.353132545948,0.628081917763,0.189300730824,-0.362614899874
1778097450.3,0.493342489004,0.12430755049,0.437156230211,0.508465647697,0.130981951952,0.343067526817,0.527494549751,0.136670798063,0.245797351003,0.54855287075,0.142355963588,0.148040905595,0.569341182709,0.148497745395,0.0532728880644,0.593871831894,0.155191957951,-0.0417998880148,0.614413619041,0.160961717367,-0.138019710779,0.636933922768,0.16752871871,-0.234670162201,0.661704659462,0.174665316939,-0.353166639805,0.631249308586,0.185817688704,-0.362614899874
1778097450.31,0.49269387126,0.123610444367,0.436569094658,0.508181452751,0.130227923393,0.342730104923,0.527727723122,0.135962411761,0.245160251856,0.548910737038,0.14153341949,0.14777842164,0.570621848106,0.147463545203,0.0514666959643,0.593887686729,0.153256341815,-0.0428474396467,0.614137411118,0.159782126546,-0.141444116831,0.638336896896,0.1644320786,-0.235027641058,0.663743138313,0.17093706131,-0.353606760502,0.634224772453,0.182223945856,-0.362614899874
1778097450.32,0.492037713528,0.122915633023,0.436033278704,0.507666826248,0.129420444369,0.342332303524,0.527551054955,0.135014563799,0.24485270679,0.54923582077,0.14050295949,0.14720608294,0.570486068726,0.145408898592,0.0521381869912,0.594868302345,0.15087620914,-0.0425822585821,0.616318225861,0.156221449375,-0.139519423246,0.639860033989,0.161556050181,-0.235691457987,0.665062069893,0.167153075337,-0.353830784559,0.636998414993,0.178523421288,-0.362614899874
1778097450.33,0.491343617439,0.122141860425,0.435513585806,0.507229924202,0.128611877561,0.341906458139,0.527122855186,0.133921205997,0.244677558541,0.549093723297,0.139194786549,0.146795809269,0.57068502903,0.144233554602,0.0517679825425,0.594884991646,0.149981960654,-0.0441178381443,0.615781068802,0.155135497451,-0.142482042313,0.640615344048,0.158731639385,-0.235700726509,0.66662979126,0.163432359695,-0.353820353746,0.639560818672,0.174720481038,-0.362614899874
1778097450.34,0.490628868341,0.121317081153,0.435059815645,0.506485462189,0.128026783466,0.341085225344,0.526760101318,0.133117944002,0.243811234832,0.548777461052,0.137933045626,0.14659409225,0.570626139641,0.142479747534,0.0517407208681,0.595918059349,0.147948428988,-0.0443727523088,0.617958188057,0.151148825884,-0.140574008226,0.64151263237,0.155455589294,-0.235629349947,0.667528390884,0.159458726645,-0.354204744101,0.641902923584,0.170819908381,-0.362614899874
1778097450.35,0.489882737398,0.120397843421,0.434591501951,0.505909442902,0.127099812031,0.340884625912,0.526248574257,0.132039427757,0.243523210287,0.548401594162,0.136597678065,0.146131128073,0.57052218914,0.140958160162,0.05094820261,0.595415949821,0.145156919956,-0.0434572249651,0.617569923401,0.149669513106,-0.142649054527,0.642003417015,0.152457728982,-0.235799789429,0.668451428413,0.156050130725,-0.354453772306,0.644016504288,0.166826874018,-0.362614899874
1778097450.36,0.48910009861,0.119404181838,0.434108734131,0.505012392998,0.126159161329,0.340310782194,0.525432348251,0.130567476153,0.242963820696,0.547931551933,0.135278582573,0.145673602819,0.570804476738,0.139233976603,0.0500820949674,0.595477700233,0.14318241179,-0.044274687767,0.616646528244,0.147661760449,-0.143531352282,0.642346978188,0.149306699634,-0.236269831657,0.669271826744,0.151896521449,-0.35497879982,0.645893335342,0.162746965885,-0.362614899874
1778097450.37,0.488297909498,0.118306517601,0.433647364378,0.504123449326,0.125383093953,0.339849203825,0.524760723114,0.12961101532,0.242576599121,0.547072172165,0.133667767048,0.14512488246,0.569974064827,0.137251034379,0.0497238337994,0.594605326653,0.140850692987,-0.044464379549,0.617443442345,0.144337937236,-0.143276393414,0.642598390579,0.146082818508,-0.236944764853,0.669335484505,0.148081615567,-0.355169743299,0.647526621819,0.15858605504,-0.362614899874
1778097450.38,0.487505018711,0.117084033787,0.433210104704,0.503266334534,0.124177798629,0.339239597321,0.523568153381,0.128355011344,0.241832524538,0.546453356743,0.131941989064,0.144521310925,0.569340467453,0.135248437524,0.0491546466947,0.594320058823,0.138532713056,-0.0450001806021,0.617101788521,0.141235113144,-0.142038553953,0.642426729202,0.142865464091,-0.236981511116,0.669506788254,0.144426569343,-0.355395138264,0.648909807205,0.154350370169,-0.362614899874
1778097450.39,0.486695259809,0.115756265819,0.432811409235,0.502451658249,0.123040750623,0.33887270093,0.522846698761,0.126985117793,0.241483837366,0.545427322388,0.130441084504,0.144144624472,0.567893385887,0.133338063955,0.0497646853328,0.593981027603,0.135995179415,-0.0460262000561,0.616009235382,0.138962119818,-0.144468218088,0.641853690147,0.139611840248,-0.237456083298,0.669555902481,0.140813007951,-0.355982929468,0.650037288666,0.150046378374,-0.362614899874
1778097450.4,0.485882252455,0.114299982786,0.432423084974,0.501032710075,0.121639147401,0.338729470968,0.521516442299,0.125400096178,0.241531848907,0.544130682945,0.128484100103,0.143673419952,0.567138075829,0.130800038576,0.0485438480973,0.592925429344,0.133054226637,-0.045696914196,0.615482807159,0.135329335928,-0.144082605839,0.641568541527,0.136226952076,-0.23776742816,0.669223308563,0.13691316545,-0.356086194515,0.650904297829,0.145680725574,-0.362614899874
1778097450.41,0.485107898712,0.112721189857,0.432101011276,0.499663323164,0.120157152414,0.338363677263,0.520355463028,0.123715624213,0.24070802331,0.543133020401,0.126611500978,0.143086254597,0.565844535828,0.12872928381,0.0478751957417,0.592163085938,0.130102112889,-0.0456526130438,0.614550352097,0.132361590862,-0.144579172134,0.640663743019,0.132937222719,-0.238255292177,0.668377637863,0.133157923818,-0.356509059668,0.651507019997,0.141260266304,-0.362614899874
1778097450.42,0.484438806772,0.111192882061,0.43185582757,0.499173432589,0.11870008707,0.337352395058,0.519533276558,0.122077077627,0.239894360304,0.541841745377,0.124570071697,0.142429947853,0.564442276955,0.126458317041,0.0480872318149,0.590118408203,0.128076538444,-0.0474641472101,0.613934993744,0.128999084234,-0.145323783159,0.63956964016,0.129548072815,-0.238722711802,0.66769516468,0.129558295012,-0.357198297977,0.651842355728,0.136791944504,-0.362614899874
1778097450.43,0.483632922173,0.109203845263,0.431607663631,0.497935682535,0.116942845285,0.336956053972,0.518283486366,0.120065562427,0.239289700985,0.540294528008,0.122345343232,0.142005503178,0.562904477119,0.124333754182,0.0464782118797,0.58894109726,0.124591112137,-0.0469409525394,0.612795352936,0.126192942262,-0.145628064871,0.638078451157,0.1260638237,-0.239286184311,0.666748166084,0.125782549381,-0.35713365674,0.651908397675,0.132282748818,-0.362614899874
1778097450.44,0.482918351889,0.107211366296,0.431425988674,0.496663838625,0.115362480283,0.336833149195,0.516993522644,0.117994986475,0.23868842423,0.538582444191,0.119980581105,0.141761928797,0.561477899551,0.121305644512,0.0463643446565,0.58707690239,0.122241914272,-0.0480444580317,0.611071705818,0.122780129313,-0.146316260099,0.636850118637,0.122540831566,-0.239747345448,0.665518164635,0.122059553862,-0.357628256083,0.651704072952,0.127739667892,-0.362614899874
1778097450.45,0.482376784086,0.10548902303,0.431318163872,0.495728164911,0.113317333162,0.336736738682,0.515580415726,0.115811139345,0.238555461168,0.537207722664,0.117445245385,0.141236722469,0.559574723244,0.118423268199,0.0463003739715,0.585637331009,0.118996366858,-0.0480012595654,0.60929620266,0.119284316897,-0.146015107632,0.635002017021,0.119184702635,-0.239989340305,0.664052724838,0.117968276143,-0.357697725296,0.651229023933,0.123169660568,-0.362614899874
1778097450.46,0.48160815239,0.102764680982,0.431165963411,0.494286805391,0.111214324832,0.336714863777,0.514035224915,0.113444164395,0.238315582275,0.535675764084,0.114844098687,0.140688106418,0.557701706886,0.116024047136,0.0457221716642,0.583977222443,0.116142377257,-0.048850029707,0.606583595276,0.116844080389,-0.147255390882,0.633139967918,0.115705899894,-0.240556329489,0.662000656128,0.114664264023,-0.358197599649,0.650484323502,0.118579559028,-0.362614899874
1778097450.47,0.481025010347,0.100300602615,0.431067615747,0.493783921003,0.109006918967,0.335738480091,0.512528538704,0.111065477133,0.23874849081,0.533857107162,0.112203061581,0.140832766891,0.555772542953,0.112797230482,0.0452966839075,0.581236720085,0.113727122545,-0.0504408031702,0.604457974434,0.113134466112,-0.147029966116,0.63089454174,0.112335905433,-0.241020411253,0.660067915916,0.110751979053,-0.358953654766,0.649471402168,0.113976068795,-0.362614899874
1778097450.48,0.48050352931,0.0976623892784,0.431035935879,0.492750614882,0.106664963067,0.335708647966,0.511342763901,0.108396112919,0.237904161215,0.532237887383,0.10952924937,0.140149831772,0.553783535957,0.109954416752,0.0451494678855,0.579778790474,0.109726168215,-0.0492243021727,0.602326869965,0.109750203788,-0.147232711315,0.628441095352,0.108567155898,-0.241489738226,0.657499194145,0.107104070485,-0.359327435493,0.648192882538,0.109365649521,-0.362614899874
1778097450.49,0.48006567359,0.0948413088918,0.431079268456,0.491874426603,0.104256607592,0.335208177567,0.510273575783,0.105763837695,0.237361431122,0.53054869175,0.106592997909,0.139751002192,0.551956176758,0.106984645128,0.0441703125834,0.577236890793,0.106901243329,-0.0498383194208,0.59957921505,0.106757082045,-0.14782038331,0.626020550728,0.10548505187,-0.242041289806,0.655111670494,0.103312335908,-0.360087305307,0.64665222168,0.104754567146,-0.362614899874
1778097450.5,0.479693084955,0.0917912423611,0.431150704622,0.490323573351,0.101437151432,0.335717886686,0.50875890255,0.103053987026,0.237219974399,0.528710007668,0.103735290468,0.139707833529,0.549488544464,0.103999689221,0.0434721037745,0.574339032173,0.103439673781,-0.0496580153704,0.596825957298,0.103390716016,-0.14871558547,0.623201131821,0.101690627635,-0.243094623089,0.651968955994,0.099675513804,-0.36043047905,0.6448533535,0.100148759782,-0.362614899874
1778097450.51,0.479399174452,0.0889452174306,0.431241601706,0.489654630423,0.0986106023192,0.335800498724,0.507044196129,0.100074008107,0.237561658025,0.526815772057,0.100707434118,0.13926705718,0.54746055603,0.100661896169,0.0441114157438,0.571220636368,0.100559204817,-0.0520266741514,0.594139695168,0.0998458340764,-0.14874881506,0.620191693306,0.098326407373,-0.243232876062,0.648824095726,0.0960913747549,-0.361368685961,0.642801403999,0.0955538675189,-0.362614899874
1778097450.52,0.479089379311,0.0853522345424,0.431408911943,0.488891154528,0.0957179963589,0.335611581802,0.505879878998,0.0971542447805,0.237274110317,0.525330424309,0.0978082194924,0.139078855515,0.545161724091,0.0973498746753,0.0440938621759,0.568846702576,0.0975936278701,-0.0526941120625,0.591587424278,0.0967387929559,-0.149906486273,0.61740231514,0.0947233587503,-0.244225531816,0.645263552666,0.0923827365041,-0.361480087042,0.640501737595,0.0909751653671,-0.362614899874
1778097450.53,0.478862732649,0.081983409822,0.431613028049,0.487891227007,0.0926185846329,0.336115211248,0.505244851112,0.0940467193723,0.236818149686,0.523532867432,0.0944152474403,0.138988867402,0.543327331543,0.0942805707455,0.0432341098785,0.566191673279,0.094388179481,-0.053113386035,0.588321805,0.0930174589157,-0.149499982595,0.613714933395,0.0912130028009,-0.244039177895,0.641699194908,0.0891620889306,-0.362532824278,0.637960672379,0.0864175632596,-0.362614899874
1778097450.54,0.478711336851,0.0788423418999,0.431826591492,0.487545400858,0.0895563140512,0.335843145847,0.503742098808,0.0906317830086,0.237132459879,0.521917581558,0.0913418829441,0.138426154852,0.541442155838,0.0909622907639,0.0429327264428,0.563794374466,0.0907822474837,-0.0533912032843,0.585423946381,0.0897842645645,-0.15020737052,0.610214948654,0.0879627913237,-0.245321333408,0.637274503708,0.0853947997093,-0.362985253334,0.635184764862,0.081885561347,-0.362614899874
1778097450.55,0.478595942259,0.0748616680503,0.432069689035,0.486880093813,0.0865002423525,0.33599448204,0.502568244934,0.0875247940421,0.237651601434,0.520300865173,0.0879278853536,0.1389772892,0.53897857666,0.0875288322568,0.0434506461024,0.560414910316,0.0873577594757,-0.0528129935265,0.581884384155,0.0866487249732,-0.151496499777,0.60689842701,0.0843891128898,-0.245045423508,0.633210897446,0.0819770917296,-0.363792300224,0.632181286812,0.0773832350969,-0.362614899874
1778097450.56,0.478577554226,0.0710490643978,0.432339042425,0.486357063055,0.0825384780765,0.336288094521,0.501482367516,0.08384154737,0.237421795726,0.518922805786,0.0847195908427,0.138548135757,0.537056446075,0.0840981975198,0.0426308214664,0.558577895164,0.0836614668369,-0.0537039637566,0.579207777977,0.0827476903796,-0.150822907686,0.603227853775,0.0807635784149,-0.24578037858,0.628658652306,0.0786013901234,-0.364259213209,0.628957986832,0.0729142352939,-0.362614899874
1778097450.57,0.478623569012,0.0671113580465,0.432627379894,0.485677689314,0.0793912932277,0.336190879345,0.501287937164,0.0804459601641,0.237151712179,0.517309188843,0.080898553133,0.138960212469,0.53511095047,0.0805954635143,0.0426380485296,0.556421756744,0.0805476382375,-0.0546477288008,0.575844049454,0.0795415937901,-0.151850014925,0.599160075188,0.0774747207761,-0.246095240116,0.623873472214,0.07498010993,-0.365139216185,0.625522732735,0.0684817805886,-0.362614899874
1778097450.58,0.478753864765,0.0629087164998,0.432932168245,0.485512703657,0.0756841227412,0.336187958717,0.499992161989,0.0767280384898,0.237727299333,0.515845417976,0.0772720649838,0.139510378242,0.533163189888,0.0769597887993,0.0424915030599,0.55359005928,0.0768145695329,-0.0539371818304,0.572173833847,0.0762637481093,-0.152734100819,0.595191597939,0.0741029158235,-0.247030824423,0.618900895119,0.0714640915394,-0.365806788206,0.621883749962,0.064088627696,-0.362614899874
1778097450.59,0.478910207748,0.0594595223665,0.433188259602,0.485014826059,0.0717633739114,0.336705088615,0.499001771212,0.0728009790182,0.237906694412,0.514524459839,0.0735833644867,0.139248251915,0.531050443649,0.073463536799,0.0431153252721,0.550780892372,0.0734441131353,-0.0547059625387,0.568909406662,0.0724495127797,-0.151915997267,0.590515136719,0.0708701834083,-0.247163027525,0.613496303558,0.0680264160037,-0.366558521986,0.618049621582,0.0597371160984,-0.362614899874
1778097450.6,0.47920820117,0.0544134005904,0.433652251959,0.484464734793,0.067782305181,0.336870402098,0.498832851648,0.0688838213682,0.237862840295,0.513640999794,0.0697510689497,0.139066547155,0.529453873634,0.0694983229041,0.0429563596845,0.548222541809,0.0691888779402,-0.0541661083698,0.565461397171,0.0686637833714,-0.152581483126,0.586183667183,0.0669169127941,-0.247659295797,0.608093500137,0.0647372603416,-0.367415070534,0.614029049873,0.0554291307926,-0.362614899874
1778097450.61,0.479488730431,0.0505236946046,0.433999538422,0.48480334878,0.0637532696128,0.337074697018,0.497947901487,0.0649822577834,0.238071382046,0.51232790947,0.0658150464296,0.139466866851,0.527628421783,0.0657326281071,0.0427274629474,0.545472741127,0.0663010776043,-0.0547038018703,0.561640381813,0.0656209290028,-0.153499633074,0.581835389137,0.0634902790189,-0.24831455946,0.602299332619,0.0614300817251,-0.368135839701,0.609830737114,0.0511661320925,-0.362614899874
1778097450.62,0.479910641909,0.0456025376916,0.434413850307,0.484799295664,0.059583209455,0.337368637323,0.497235506773,0.0606970116496,0.238885134459,0.510987639427,0.061740167439,0.139778017998,0.525407910347,0.0622491836548,0.0427944660187,0.542079091072,0.0630247816443,-0.0552622377872,0.558708071709,0.0616829320788,-0.153258919716,0.577304244041,0.0603583678603,-0.248641699553,0.596361398697,0.058192640543,-0.368663996458,0.60546374321,0.0469491556287,-0.362614899874
1778097450.63,0.480340123177,0.0411056652665,0.434803366661,0.484539717436,0.0552036650479,0.338320791721,0.497120887041,0.0566050484776,0.239084690809,0.509702801704,0.0577962249517,0.139994367957,0.523483633995,0.0580426305532,0.0432496294379,0.539525032043,0.0592900291085,-0.0555242598057,0.554623126984,0.0575585514307,-0.152357667685,0.57245862484,0.0569216012955,-0.248760312796,0.589742064476,0.0549822822213,-0.368682026863,0.600936889648,0.0427788309753,-0.362614899874
1778097450.64,0.480754613876,0.0368198044598,0.435141652822,0.485026627779,0.050760269165,0.338399559259,0.496682375669,0.0525257103145,0.238994240761,0.508861303329,0.0535962022841,0.140439659357,0.521598100662,0.0540639683604,0.0435432419181,0.53709757328,0.0544187501073,-0.0538024306297,0.551162362099,0.0545811206102,-0.153529524803,0.567717313766,0.053019925952,-0.249362140894,0.583846449852,0.0515688173473,-0.369619607925,0.596259117126,0.0386554040015,-0.362614899874
1778097450.65,0.481275647879,0.0315437577665,0.435505568981,0.484885126352,0.0467945598066,0.338811397552,0.496165364981,0.0481559112668,0.239539325237,0.507932305336,0.0491378642619,0.140263512731,0.519879937172,0.0497591495514,0.0435303375125,0.533742904663,0.0517783015966,-0.0554860234261,0.546934962273,0.0507282987237,-0.152544051409,0.562820315361,0.0497246831656,-0.249842017889,0.577772736549,0.0479971691966,-0.369975864887,0.591439247131,0.0345787331462,-0.362614899874
1778097450.66,0.481711566448,0.0273709185421,0.435771495104,0.485443025827,0.0421231389046,0.338985860348,0.495891600847,0.0438073761761,0.239583730698,0.506969809532,0.0449903123081,0.140398338437,0.518284440041,0.0456272661686,0.0432470440865,0.531387329102,0.0470843091607,-0.0542349368334,0.543302178383,0.0470723882318,-0.153840839863,0.557147145271,0.0462878271937,-0.249927908182,0.570577263832,0.045154530555,-0.370413452387,0.586485981941,0.0305483229458,-0.362614899874
1778097450.67,0.482238084078,0.0221691373736,0.436053574085,0.485386401415,0.037214897573,0.339700937271,0.49541208148,0.039374448359,0.240093648434,0.505951285362,0.0404477119446,0.140816807747,0.51648247242,0.0411754250526,0.0435555428267,0.527996301651,0.043569996953,-0.0557345598936,0.5395591259,0.042525883764,-0.152574062347,0.551741838455,0.0425340086222,-0.249607205391,0.564132094383,0.042034201324,-0.370698064566,0.581408143044,0.026563346386,-0.362614899874
1778097450.68,0.482661932707,0.0178732853383,0.4362667799,0.485417991877,0.0332315303385,0.33937561512,0.495215147734,0.0348458364606,0.240374445915,0.504855275154,0.0360359363258,0.141051664948,0.514430880547,0.0372825600207,0.0432199165225,0.525992393494,0.0387859232724,-0.0539603680372,0.535502552986,0.0395447798073,-0.153970062733,0.546839118004,0.0389923974872,-0.250197708607,0.557215571404,0.0384476184845,-0.370799779892,0.576214313507,0.0226226504892,-0.362614899874
1778097450.69,0.482997328043,0.0144992172718,0.436410278082,0.485629945993,0.0282079689205,0.340045034885,0.494892805815,0.0302631780505,0.240298658609,0.50349342823,0.0316664949059,0.141492769122,0.512667775154,0.0331123061478,0.04356148839,0.522755503654,0.0350359641016,-0.0552045702934,0.531280755997,0.0350283607841,-0.153418600559,0.541467547417,0.035484328866,-0.250411272049,0.549914956093,0.0352235846221,-0.37133923173,0.570912718773,0.018724789843,-0.362614899874
1778097450.7,0.483641713858,0.0081113697961,0.43665382266,0.486132651567,0.0237369313836,0.339467287064,0.494423657656,0.0256120488048,0.240817189217,0.502935886383,0.0271550696343,0.141137823462,0.510291457176,0.0282923057675,0.0437458828092,0.519645690918,0.0310611091554,-0.0557952970266,0.527099370956,0.0317321866751,-0.155073285103,0.535851120949,0.0317089036107,-0.251525104046,0.543057560921,0.0327449515462,-0.372221171856,0.565511822701,0.0148680377752,-0.362614899874
1778097450.71,0.48418828845,0.00276744039729,0.436820864677,0.486181348562,0.0189633592963,0.33991342783,0.493972867727,0.0206915996969,0.240848571062,0.501202702522,0.0223248042166,0.141626566648,0.508733034134,0.0241867695004,0.0437914058566,0.516432642937,0.0267991032451,-0.0559656471014,0.52300453186,0.0270920488983,-0.154047012329,0.530309081078,0.0279929116368,-0.251608371735,0.535676598549,0.0293920002878,-0.37347048521,0.560019612312,0.0110504198819,-0.362614899874
1778097450.72,0.484608411789,-0.00156915455591,0.43691572547,0.486170858145,0.0145822800696,0.339785605669,0.493228703737,0.0157002154738,0.241514801979,0.500146508217,0.0179681517184,0.141381084919,0.505972266197,0.0199147127569,0.0434063151479,0.513941168785,0.0225359275937,-0.0553805977106,0.518996477127,0.0233445167542,-0.155067592859,0.524843215942,0.0245597325265,-0.251255333424,0.528019785881,0.025408629328,-0.372688353062,0.554443955421,0.00726972147822,-0.362614899874
1778097450.73,0.485092222691,-0.00680314190686,0.436991304159,0.486072152853,0.00941396132112,0.340162426233,0.493116885424,0.0111831054091,0.240935638547,0.498826235533,0.0128469653428,0.141621261835,0.504131913185,0.0158865060657,0.0425367057323,0.510794043541,0.0178566910326,-0.0541426688433,0.514085173607,0.0193581208587,-0.154421120882,0.518900632858,0.0207997001708,-0.25195980072,0.520668387413,0.0222803987563,-0.373082399368,0.54879283905,0.00352351553738,-0.362614899874
1778097450.74,0.485472470522,-0.011109306477,0.437044560909,0.486033111811,0.00488999392837,0.339911609888,0.492307573557,0.00649060215801,0.241399079561,0.497410386801,0.00826832000166,0.141539514065,0.501271605492,0.0106093483046,0.0440852493048,0.504692792892,0.0155212115496,-0.0579754412174,0.510009169579,0.0152175426483,-0.155114203691,0.513714671135,0.0172353778034,-0.252138346434,0.513884067535,0.0187068041414,-0.373233854771,0.543073534966,-0.000190815655515,-0.362614899874
1778097450.75,0.48590528965,-0.0158879514784,0.437083482742,0.486135214567,-5.59275504202e-05,0.340418159962,0.491755396128,0.00149081042036,0.241251826286,0.495853632689,0.00371120264754,0.141502305865,0.498907715082,0.00607033912092,0.0437766388059,0.501813650131,0.0108584295958,-0.0581619441509,0.503108143806,0.0130827240646,-0.157886654139,0.507630228996,0.0134270694107,-0.252074301243,0.506104707718,0.0180384106934,-0.376123487949,0.537293791771,-0.0038760653697,-0.362614899874
1778097450.76,0.486382067204,-0.0211100392044,0.437089443207,0.486036270857,-0.00530480593443,0.340565979481,0.490755468607,-0.0033183824271,0.241185665131,0.494160324335,-0.000537947751582,0.140650436282,0.496021598577,0.00149576319382,0.0443831011653,0.500771999359,0.00470838695765,-0.0553356707096,0.498993068933,0.00698086898774,-0.152954816818,0.50211584568,0.00991660729051,-0.252274185419,0.499794393778,0.0126505661756,-0.374313265085,0.531460881233,-0.00753518007696,-0.362614899874
1778097450.77,0.486819773912,-0.0257904436439,0.437054753304,0.485900372267,-0.00961328018457,0.340078502893,0.490068167448,-0.00814707577229,0.241151630878,0.492371708155,-0.00559509918094,0.141194194555,0.494125574827,-0.0030141279567,0.0432910770178,0.49651363492,0.000329444650561,-0.0527549535036,0.495052605867,0.00277102692053,-0.154178470373,0.495737344027,0.00623622629791,-0.251719117165,0.492472082376,0.00903147924691,-0.374278873205,0.525581717491,-0.0111712403595,-0.362614899874
1778097450.78,0.487261980772,-0.0304050501436,0.436970919371,0.485689789057,-0.0146230990067,0.340436637402,0.48875144124,-0.0128561425954,0.241140067577,0.490754514933,-0.0107522252947,0.141356140375,0.491112083197,-0.00760092120618,0.0432812720537,0.493249982595,-0.00405164901167,-0.0557094216347,0.490245729685,-0.00165088218637,-0.152999430895,0.490372747183,0.00233304081485,-0.25242638588,0.485061079264,0.00575220771134,-0.374315857887,0.519663572311,-0.0147874429822,-0.362614899874
1778097450.79,0.487714737654,-0.0349305011332,0.436871290207,0.484963804483,-0.0239889621735,0.3406919837,0.486658245325,-0.0224517509341,0.240812838078,0.486505776644,-0.0199415683746,0.1414681077,0.485590070486,-0.0168737415224,0.0434060618281,0.484421283007,-0.0120861176401,-0.0515419691801,0.480857700109,-0.00986415706575,-0.153420090675,0.47916045785,-0.00542797194794,-0.25227278471,0.469960302114,0.00183091918007,-0.376635998487,0.513713240623,-0.0183870829642,-0.362614899874
1778097450.8,0.488119840622,-0.0389137342572,0.436763584614,0.484963804483,-0.0239889621735,0.3406919837,0.486658245325,-0.0224517509341,0.240812838078,0.486505776644,-0.0199415683746,0.1414681077,0.485590070486,-0.0168737415224,0.0434060618281,0.484421283007,-0.0120861176401,-0.0515419691801,0.480857700109,-0.00986415706575,-0.153420090675,0.47916045785,-0.00542797194794,-0.25227278471,0.469960302114,0.00183091918007,-0.376635998487,0.507737636566,-0.0219735372812,-0.362614899874
1778097450.81,0.488606482744,-0.0438004992902,0.436618924141,0.484922617674,-0.0287670437247,0.340382307768,0.48494336009,-0.0272874105722,0.241553932428,0.484080761671,-0.0242705922574,0.140894502401,0.481668621302,-0.0209563914686,0.0441816821694,0.480832606554,-0.0170418787748,-0.0525986105204,0.475276142359,-0.0121892914176,-0.151442229748,0.47272720933,-0.00861063040793,-0.251205533743,0.463932901621,-0.00506506906822,-0.373498111963,0.50174343586,-0.0255502425134,-0.362614899874
1778097450.82,0.489041447639,-0.0481230504811,0.43646222353,0.484760552645,-0.0327449589968,0.339647650719,0.484182089567,-0.0313871204853,0.240511700511,0.48177960515,-0.0289938151836,0.140973553061,0.478970319033,-0.0259035527706,0.0439086332917,0.476377218962,-0.0201230403036,-0.0518479645252,0.470564752817,-0.0181307867169,-0.153330057859,0.466819852591,-0.0127092646435,-0.252051502466,0.45609614253,-0.00515139754862,-0.377079069614,0.495737463236,-0.0291206818074,-0.362614899874
1778097450.83,0.489466995001,-0.0525146350265,0.436254888773,0.484372228384,-0.0377255529165,0.34014159441,0.482725471258,-0.0361528359354,0.24076256156,0.479623705149,-0.0338498577476,0.141781792045,0.47580370307,-0.0304285027087,0.0435989946127,0.473882168531,-0.0256714168936,-0.0561500042677,0.466031521559,-0.0223093759269,-0.153504788876,0.460917204618,-0.0169854126871,-0.251682251692,0.449624150991,-0.00898979604244,-0.376231521368,0.489726215601,-0.0326883718371,-0.362614899874
1778097450.84,0.489922970533,-0.056778781116,0.436051517725,0.483919113874,-0.0418695993721,0.339484393597,0.481139451265,-0.0408406592906,0.241083398461,0.476935297251,-0.0381450429559,0.141735285521,0.472220569849,-0.034486528486,0.0435720533133,0.469598561525,-0.0300414320081,-0.0566389113665,0.460165888071,-0.0255857091397,-0.153549790382,0.456624358892,-0.0208207312971,-0.251913458109,0.443211048841,-0.0154598327354,-0.372795701027,0.483716517687,-0.0362568423152,-0.362614899874
1778097450.85,0.490423232317,-0.06085729599,0.435856759548,0.483491808176,-0.046151060611,0.339594841003,0.480013996363,-0.044725432992,0.240695640445,0.474975138903,-0.0422822125256,0.141356363893,0.469123452902,-0.0389990098774,0.0438412278891,0.464500039816,-0.0349476188421,-0.0539625883102,0.456625729799,-0.0299139805138,-0.15445959568,0.45040205121,-0.024503255263,-0.251055061817,0.437023788691,-0.0189709961414,-0.37301197648,0.4777148664,-0.0398296117783,-0.362614899874
1778097450.86,0.490951120853,-0.0649068579078,0.435656696558,0.483337908983,-0.0507629066706,0.339831113815,0.478456944227,-0.0491712465882,0.240832328796,0.472374528646,-0.0467923134565,0.141558408737,0.465930968523,-0.0433149263263,0.0439457893372,0.460806578398,-0.0384394451976,-0.0556763410568,0.450017720461,-0.0333559475839,-0.152042865753,0.442412108183,-0.0299870017916,-0.251987248659,0.429547339678,-0.0199089664966,-0.376027286053,0.471728056669,-0.0434101819992,-0.362614899874
1778097450.87,0.491648495197,-0.0695592164993,0.435446947813,0.482470482588,-0.0547429844737,0.339279234409,0.477175503969,-0.053529266268,0.240631639957,0.470134288073,-0.0508645027876,0.141134008765,0.462536841631,-0.0470708571374,0.0437703281641,0.45665499568,-0.0425649434328,-0.0556814223528,0.444827526808,-0.0362171009183,-0.150701224804,0.437137275934,-0.0340542718768,-0.251988351345,0.423953801394,-0.0264328513294,-0.372104942799,0.465762764215,-0.0470020249486,-0.362614899874
1778097450.88,0.492067188025,-0.0722973719239,0.435316294432,0.482576817274,-0.058981873095,0.339717805386,0.475996643305,-0.0575272925198,0.240460529923,0.467691093683,-0.0549341067672,0.141381680965,0.459310263395,-0.0514625310898,0.0442231073976,0.451281458139,-0.0470412932336,-0.0536694675684,0.440841406584,-0.0427570939064,-0.152665793896,0.431871980429,-0.0379314310849,-0.251659452915,0.41786685586,-0.0304381009191,-0.372143149376,0.459825724363,-0.0506085492671,-0.362614899874
1778097450.89,0.492699384689,-0.0766448378563,0.435031592846,0.482014328241,-0.0632413104177,0.33979934454,0.474258035421,-0.0614351220429,0.240577489138,0.465374320745,-0.0591129735112,0.141536593437,0.456407636404,-0.0558498986065,0.0444180071354,0.447298020124,-0.049551602453,-0.0515437871218,0.43564453721,-0.0440225638449,-0.149285882711,0.426122397184,-0.0409717671573,-0.252125144005,0.411481410265,-0.0349230468273,-0.371166408062,0.453923910856,-0.0542331002653,-0.362614899874
1778097450.9,0.493238210678,-0.0800555348396,0.434801965952,0.481903702021,-0.0674219503999,0.339738667011,0.472650676966,-0.0651942789555,0.240745037794,0.463311165571,-0.0631321370602,0.14171615243,0.452685385942,-0.0589926876128,0.0447077080607,0.444758087397,-0.0542572103441,-0.0563101768494,0.432115405798,-0.0504878014326,-0.151756674051,0.421801179647,-0.0464590005577,-0.251052618027,0.405754357576,-0.0387953296304,-0.37065204978,0.448064237833,-0.0578789301217,-0.362614899874
1778097450.91,0.493910491467,-0.0842635557055,0.434523105621,0.481551736593,-0.0712289214134,0.339651733637,0.471784561872,-0.0689197555184,0.240332394838,0.460823208094,-0.0669293105602,0.141561642289,0.449992209673,-0.0635906010866,0.044319100678,0.436818152666,-0.0558512546122,-0.0588809251785,0.426807194948,-0.0522030778229,-0.149874120951,0.416145652533,-0.0480075925589,-0.250183999538,0.40032890439,-0.0422690361738,-0.37050947547,0.442253798246,-0.0615491867065,-0.362614899874
1778097450.92,0.494578570127,-0.0879191458225,0.434273630381,0.481036037207,-0.0752122998238,0.340074002743,0.470846027136,-0.0733088254929,0.240583866835,0.459045559168,-0.0701406374574,0.141821607947,0.447147220373,-0.0675073266029,0.0449510216713,0.436403602362,-0.0623774118721,-0.0530942380428,0.421918720007,-0.0564928390086,-0.154127418995,0.4094812572,-0.0497585274279,-0.254176825285,0.394068568945,-0.0464942976832,-0.370315760374,0.436499863863,-0.0652468949556,-0.362614899874
1778097450.93,0.495293200016,-0.0914273411036,0.434004604816,0.481295675039,-0.0787719786167,0.339309453964,0.469783931971,-0.0768098756671,0.240299984813,0.456954449415,-0.0744035989046,0.141850754619,0.444502860308,-0.071087308228,0.0449997931719,0.432718545198,-0.0649694055319,-0.0509612709284,0.418876737356,-0.0619683451951,-0.150843083858,0.404377967119,-0.0536416769028,-0.255011439323,0.388799279928,-0.0515931993723,-0.36949595809,0.430809646845,-0.0689749345183,-0.362614899874
1778097450.94,0.496031939983,-0.0949483588338,0.433768868446,0.480961471796,-0.0824197605252,0.339247822762,0.468695670366,-0.0801828503609,0.240033954382,0.455210000277,-0.0779826119542,0.141886800528,0.442009836435,-0.0751220062375,0.0448636114597,0.430387169123,-0.0697205066681,-0.054244607687,0.415202409029,-0.0661231577396,-0.150658100843,0.402037650347,-0.0621723309159,-0.249866753817,0.38313934207,-0.0553792379797,-0.369279265404,0.425190836191,-0.0727360248566,-0.362614899874
1778097450.95,0.496797472239,-0.0983676537871,0.433526784182,0.48100784421,-0.0861450061202,0.338815182447,0.467933803797,-0.0837962627411,0.240025490522,0.453282803297,-0.0814101099968,0.142485767603,0.439317196608,-0.0783317834139,0.044930562377,0.426200658083,-0.072320446372,-0.0500263124704,0.410998135805,-0.0703335255384,-0.150267720222,0.39694365859,-0.0659281313419,-0.249054044485,0.378017634153,-0.059252537787,-0.369274735451,0.419651001692,-0.0765326991677,-0.362614899874
1778097450.96,0.497622042894,-0.101818993688,0.433302372694,0.481176227331,-0.0897967368364,0.338876366615,0.467097073793,-0.0874310061336,0.240117281675,0.452003568411,-0.0853296294808,0.142309740186,0.434596449137,-0.0811822190881,0.0430226176977,0.42311874032,-0.0762655884027,-0.0495599061251,0.407656759024,-0.0741861611605,-0.149734944105,0.393036156893,-0.0705800354481,-0.248396575451,0.373031169176,-0.0644056126475,-0.368066728115,0.414197951555,-0.0803672969341,-0.362614899874
1778097450.97,0.498445719481,-0.10531193763,0.433028072119,0.481178253889,-0.0927302017808,0.337896883488,0.466462284327,-0.09097006917,0.240138828754,0.450806051493,-0.0887561589479,0.14198346436,0.43569663167,-0.086500287056,0.045332506299,0.420880407095,-0.080150604248,-0.0498717427254,0.403785198927,-0.077504105866,-0.149195224047,0.388340860605,-0.0737474933267,-0.248545140028,0.367808073759,-0.0686569958925,-0.36745095253,0.408839792013,-0.0842419341207,-0.362614899874
1778097450.98,0.499040931463,-0.107648059726,0.432870835066,0.481695383787,-0.0965861976147,0.338453948498,0.465993434191,-0.0943779721856,0.240132957697,0.449606567621,-0.0921064168215,0.14226385951,0.433901518583,-0.0899949595332,0.0458105579019,0.41770735383,-0.0831699669361,-0.0489701032639,0.401096314192,-0.0818040445447,-0.148860543966,0.384587675333,-0.0771265700459,-0.247638434172,0.362564891577,-0.0736754611135,-0.366649389267,0.403584688902,-0.0881584659219,-0.362614899874
1778097450.99,0.500077843666,-0.111611403525,0.432553470135,0.481923907995,-0.0999442413449,0.338292568922,0.465981453657,-0.0978455245495,0.240039944649,0.448750168085,-0.0953582003713,0.142299681902,0.432020992041,-0.0936012938619,0.0460650026798,0.415195077658,-0.0863039270043,-0.0480593293905,0.397038370371,-0.0846453011036,-0.148209840059,0.381131500006,-0.0833478942513,-0.246694773436,0.358102947474,-0.0788240879774,-0.366165697575,0.398440867662,-0.0921185091138,-0.362614899874
1778097451,0.500926554203,-0.114924885333,0.432275474072,0.482447713614,-0.103419326246,0.338280826807,0.465878814459,-0.101099699736,0.239759504795,0.448062866926,-0.0986509099603,0.142680883408,0.430754929781,-0.0976656749845,0.0460851192474,0.414581269026,-0.0918814316392,-0.0534242391586,0.394613713026,-0.0874194502831,-0.146585524082,0.374830275774,-0.0819400846958,-0.252534389496,0.353715628386,-0.0832208618522,-0.365112662315,0.393416911364,-0.0961233749986,-0.362614899874
1778097451.01,0.501812815666,-0.118072718382,0.432025462389,0.482995539904,-0.106922157109,0.337884485722,0.465921074152,-0.104619376361,0.240003302693,0.44785669446,-0.102491423488,0.142478853464,0.429687768221,-0.101038590074,0.0461181327701,0.413514941931,-0.0960005298257,-0.0525729060173,0.392038792372,-0.0916061028838,-0.146596252918,0.371466785669,-0.086902320385,-0.250804752111,0.34953674674,-0.0874488130212,-0.36491048336,0.38852134347,-0.100174084306,-0.362614899874
1778097451.02,0.50273835659,-0.121181420982,0.431740552187,0.483629196882,-0.110037013888,0.337733089924,0.466063827276,-0.107975408435,0.239607825875,0.447439938784,-0.105252534151,0.143369212747,0.428931444883,-0.104580417275,0.0459298342466,0.412258058786,-0.0998551398516,-0.0523851811886,0.389966577291,-0.0977191701531,-0.14770051837,0.371505647898,-0.0959439352155,-0.245693922043,0.345574826002,-0.0924485251307,-0.364384442568,0.383762985468,-0.104271315038,-0.362614899874
1778097451.03,0.503658533096,-0.124313287437,0.431472241879,0.483629196882,-0.110037013888,0.337733089924,0.466063827276,-0.107975408435,0.239607825875,0.447439938784,-0.105252534151,0.143369212747,0.428931444883,-0.104580417275,0.0459298342466,0.412258058786,-0.0998551398516,-0.0523851811886,0.389966577291,-0.0977191701531,-0.14770051837,0.371505647898,-0.0959439352155,-0.245693922043,0.345574826002,-0.0924485251307,-0.364384442568,0.379150599241,-0.108415402472,-0.362614899874
1778097451.04,0.504664123058,-0.127658456564,0.43119263649,0.485268265009,-0.116740494967,0.337157726288,0.467049926519,-0.114525146782,0.239417314529,0.447199195623,-0.113219723105,0.142725840211,0.427724272013,-0.111589960754,0.0463265776634,0.407958298922,-0.107867702842,-0.0492912381887,0.385756403208,-0.103589221835,-0.145136684179,0.364318579435,-0.1025037691,-0.242256850004,0.337870687246,-0.102566644549,-0.362288683653,0.374693065882,-0.112606331706,-0.362614899874
1778097451.05,0.505485892296,-0.130331903696,0.430952817202,0.486018806696,-0.119872294366,0.337395071983,0.467576175928,-0.117868691683,0.239240884781,0.447674900293,-0.116475246847,0.142047867179,0.427384644747,-0.115531422198,0.0463376417756,0.40723875165,-0.110378615558,-0.0538060367107,0.383888274431,-0.10732473433,-0.144663661718,0.360994964838,-0.103934794664,-0.249301016331,0.334572821856,-0.106327079237,-0.362057387829,0.370399266481,-0.116843685508,-0.362614899874
1778097451.06,0.5063585639,-0.133266240358,0.430707812309,0.486988097429,-0.122655600309,0.335891127586,0.468171089888,-0.121187582612,0.23895740509,0.44785580039,-0.119923613966,0.141540020704,0.427354067564,-0.118922606111,0.0461938306689,0.40760448575,-0.115116223693,-0.0520893186331,0.382447868586,-0.111496202648,-0.144216805696,0.359449714422,-0.111632280052,-0.241842627525,0.330722928047,-0.110327206552,-0.362290918827,0.366278201342,-0.121126659214,-0.362614899874
1778097451.07,0.507201492786,-0.136161893606,0.430408328772,0.48780605197,-0.126231193542,0.336686581373,0.469054609537,-0.124747134745,0.23876991868,0.448462873697,-0.123663596809,0.14167971909,0.427453309298,-0.123054370284,0.0461278110743,0.405629128218,-0.119530826807,-0.0494592040777,0.380924612284,-0.115236274898,-0.144189178944,0.359667867422,-0.111514538527,-0.237951606512,0.327862501144,-0.115845017135,-0.361127465963,0.36233869195,-0.12545402348,-0.362614899874
1778097451.08,0.508026957512,-0.139041051269,0.430104762316,0.488591402769,-0.129620864987,0.336818516254,0.469644039869,-0.128270059824,0.238878339529,0.449213892221,-0.126977801323,0.141257941723,0.427404850721,-0.126609623432,0.0460639894009,0.405293732882,-0.121384911239,-0.0475819557905,0.380077749491,-0.119620002806,-0.143710553646,0.356241255999,-0.119670547545,-0.242722600698,0.324544012547,-0.118335597217,-0.364483326674,0.358589500189,-0.129824131727,-0.362614899874
1778097451.09,0.508741736412,-0.14153406024,0.429871439934,0.489958316088,-0.132827416062,0.33580327034,0.470754653215,-0.13138961792,0.238205716014,0.449229687452,-0.130337774754,0.141947045922,0.427706688643,-0.130344644189,0.046404607594,0.407237142324,-0.127372667193,-0.0518294125795,0.379865139723,-0.126480787992,-0.145875692368,0.354938238859,-0.12466481328,-0.239749491215,0.322959244251,-0.126085668802,-0.359604775906,0.355039209127,-0.134234920144,-0.362614899874
1778097451.1,0.509537160397,-0.144519358873,0.429541110992,0.490475267172,-0.135871306062,0.335844099522,0.471516758204,-0.134839385748,0.238351479173,0.450228959322,-0.134333893657,0.140753135085,0.427821010351,-0.13362583518,0.0456288158894,0.407067745924,-0.132087484002,-0.0508111268282,0.379351466894,-0.128494590521,-0.143108099699,0.35363355279,-0.128911361098,-0.240135908127,0.320629060268,-0.130592957139,-0.359132349491,0.351696282625,-0.138683840632,-0.362614899874
1778097451.11,0.510174036026,-0.147300705314,0.42924323678,0.490475267172,-0.135871306062,0.335844099522,0.471516758204,-0.134839385748,0.238351479173,0.450228959322,-0.134333893657,0.140753135085,0.427821010351,-0.13362583518,0.0456288158894,0.407067745924,-0.132087484002,-0.0508111268282,0.379351466894,-0.128494590521,-0.143108099699,0.35363355279,-0.128911361098,-0.240135908127,0.320629060268,-0.130592957139,-0.359132349491,0.348568886518,-0.143167942762,-0.362614899874
1778097451.12,0.510723173618,-0.150014728308,0.428939968348,0.492450147867,-0.14188246429,0.334663182497,0.473157554865,-0.141676321626,0.237731426954,0.451154261827,-0.140665769577,0.141748651862,0.428786963224,-0.140618413687,0.0462761521339,0.404863744974,-0.136556729674,-0.0471298098564,0.378820151091,-0.136087104678,-0.14316418767,0.351775676012,-0.138111531734,-0.239425003529,0.316250771284,-0.137275025249,-0.362135857344,0.345664769411,-0.147683814168,-0.362614899874
1778097451.13,0.51118439436,-0.152636140585,0.428597182035,0.493273288012,-0.14507560432,0.334939062595,0.474118262529,-0.144853517413,0.237266629934,0.452054351568,-0.144497945905,0.141406431794,0.429593354464,-0.145031273365,0.0449964180589,0.406259506941,-0.142604723573,-0.0482008755207,0.379003793001,-0.140212520957,-0.143123030663,0.351188093424,-0.142710074782,-0.240136325359,0.314278483391,-0.142910048366,-0.359369158745,0.342991441488,-0.152227625251,-0.362614899874
1778097451.14,0.511565089226,-0.155186131597,0.42824202776,0.493273288012,-0.14507560432,0.334939062595,0.474118262529,-0.144853517413,0.237266629934,0.452054351568,-0.144497945905,0.141406431794,0.429593354464,-0.145031273365,0.0449964180589,0.406259506941,-0.142604723573,-0.0482008755207,0.379003793001,-0.140212520957,-0.143123030663,0.351188093424,-0.142710074782,-0.240136325359,0.314278483391,-0.142910048366,-0.359369158745,0.340555936098,-0.156795099378,-0.362614899874
1778097451.15,0.511857151985,-0.15769764781,0.427899688482,0.494738310575,-0.150942713022,0.334332883358,0.475856035948,-0.151445060968,0.236330941319,0.454562038183,-0.152572527528,0.139538496733,0.431421071291,-0.153249949217,0.0447098016739,0.407542794943,-0.153612494469,-0.0510288625956,0.379498928785,-0.149136438966,-0.143939614296,0.350271373987,-0.15254560113,-0.240017324686,0.313344210386,-0.151654034853,-0.361866056919,0.338364630938,-0.161381557584,-0.362614899874
1778097451.16,0.512030363083,-0.160134747624,0.427582502365,0.4954675138,-0.153947979212,0.333821088076,0.476691097021,-0.154514431953,0.23583252728,0.455403596163,-0.156122714281,0.139068603516,0.432070225477,-0.156666487455,0.0440029278398,0.407991558313,-0.158177420497,-0.0519326478243,0.379154354334,-0.157435029745,-0.145498245955,0.35054603219,-0.156599596143,-0.239429056644,0.312391251326,-0.15741635859,-0.358755707741,0.336423546076,-0.165981933475,-0.362614899874
1778097451.17,0.512083888054,-0.162466078997,0.427266120911,0.4954675138,-0.153947979212,0.333821088076,0.476691097021,-0.154514431953,0.23583252728,0.455403596163,-0.156122714281,0.139068603516,0.432070225477,-0.156666487455,0.0440029278398,0.407991558313,-0.158177420497,-0.0519326478243,0.379154354334,-0.157435029745,-0.145498245955,0.35054603219,-0.156599596143,-0.239429056644,0.312391251326,-0.15741635859,-0.358755707741,0.334737867117,-0.170590788126,-0.362614899874
1778097451.18,0.512014210224,-0.164737507701,0.426947087049,0.496246308088,-0.159466549754,0.333262532949,0.477918714285,-0.160973027349,0.23505961895,0.456749886274,-0.163090392947,0.138435915112,0.433636695147,-0.164660334587,0.0431658700109,0.409090012312,-0.161568298936,-0.0482464134693,0.38033285737,-0.163109377027,-0.14425688982,0.352586656809,-0.162671715021,-0.238426238298,0.313660919666,-0.168999671936,-0.357907533646,0.333312183619,-0.175202324986,-0.362614899874
1778097451.19,0.511823952198,-0.16691596806,0.426596969366,0.496246308088,-0.159466549754,0.333262532949,0.477918714285,-0.160973027349,0.23505961895,0.456749886274,-0.163090392947,0.138435915112,0.433636695147,-0.164660334587,0.0431658700109,0.409090012312,-0.161568298936,-0.0482464134693,0.38033285737,-0.163109377027,-0.14425688982,0.352586656809,-0.162671715021,-0.238426238298,0.313660919666,-0.168999671936,-0.357907533646,0.332150369883,-0.179810479283,-0.362614899874
1778097451.2,0.511463344097,-0.169133916497,0.426247596741,0.496246308088,-0.159466549754,0.333262532949,0.477918714285,-0.160973027349,0.23505961895,0.456749886274,-0.163090392947,0.138435915112,0.433636695147,-0.164660334587,0.0431658700109,0.409090012312,-0.161568298936,-0.0482464134693,0.38033285737,-0.163109377027,-0.14425688982,0.352586656809,-0.162671715021,-0.238426238298,0.313660919666,-0.168999671936,-0.357907533646,0.331255346537,-0.184408888221,-0.362614899874
1778097451.21,0.510943591595,-0.17131114006,0.425946831703,0.496214181185,-0.167467311025,0.332022368908,0.478632718325,-0.170149534941,0.234271347523,0.458435922861,-0.17361111939,0.136929988861,0.435663670301,-0.176022335887,0.0418183431029,0.409439951181,-0.176647618413,-0.0559297651052,0.382643133402,-0.179307132959,-0.147497296333,0.354073554277,-0.17961256206,-0.242044776678,0.316399991512,-0.183359459043,-0.359102964401,0.330629259348,-0.188990965486,-0.362614899874
1778097451.22,0.51026892662,-0.173398599029,0.425642997026,0.496214181185,-0.167467311025,0.332022368908,0.478632718325,-0.170149534941,0.234271347523,0.458435922861,-0.17361111939,0.136929988861,0.435663670301,-0.176022335887,0.0418183431029,0.409439951181,-0.176647618413,-0.0559297651052,0.382643133402,-0.179307132959,-0.147497296333,0.354073554277,-0.17961256206,-0.242044776678,0.316399991512,-0.183359459043,-0.359102964401,0.330273479223,-0.193549960852,-0.362614899874
1778097451.23,0.509263932705,-0.175894796848,0.425279378891,0.495988041162,-0.172795265913,0.331324607134,0.478729099035,-0.176078960299,0.233157157898,0.458794027567,-0.180070266128,0.136087074876,0.43632593751,-0.182616531849,0.0413295775652,0.413129001856,-0.186222881079,-0.0541216433048,0.385041981936,-0.187636837363,-0.149314880371,0.356863170862,-0.188175946474,-0.24276432395,0.319523900747,-0.189911827445,-0.364875167608,0.330188304186,-0.198078975081,-0.362614899874
1778097451.24,0.508501470089,-0.177511155605,0.42502912879,0.495334655046,-0.174967572093,0.331111013889,0.478192895651,-0.178990662098,0.233023628592,0.458986371756,-0.183157935739,0.135708451271,0.437155097723,-0.187199771404,0.040478952229,0.412320762873,-0.18816588819,-0.0577131211758,0.386389046907,-0.192338421941,-0.150230616331,0.358390063047,-0.193150624633,-0.244361102581,0.321459025145,-0.195769846439,-0.360877662897,0.330373167992,-0.202571034431,-0.362614899874
1778097451.25,0.507541954517,-0.179352775216,0.424763560295,0.495334655046,-0.174967572093,0.331111013889,0.478192895651,-0.178990662098,0.233023628592,0.458986371756,-0.183157935739,0.135708451271,0.437155097723,-0.187199771404,0.040478952229,0.412320762873,-0.18816588819,-0.0577131211758,0.386389046907,-0.192338421941,-0.150230616331,0.358390063047,-0.193150624633,-0.244361102581,0.321459025145,-0.195769846439,-0.360877662897,0.330826610327,-0.207019120455,-0.362614899874
1778097451.26,0.506238222122,-0.181588977575,0.424512565136,0.494033247232,-0.179578378797,0.329899191856,0.477691978216,-0.183903545141,0.232139989734,0.458803206682,-0.189581781626,0.135185882449,0.437332183123,-0.192640021443,0.0396323502064,0.413755983114,-0.194578915834,-0.0599124878645,0.389000564814,-0.200192824006,-0.151319146156,0.362286061049,-0.200741395354,-0.247582435608,0.326354444027,-0.20544873178,-0.364936560392,0.331546157598,-0.21141628921,-0.362614899874
1778097451.27,0.504949688911,-0.183486491442,0.424290269613,0.492989093065,-0.181894257665,0.329882085323,0.476853758097,-0.186523362994,0.231902360916,0.458601206541,-0.191675707698,0.134310781956,0.437980920076,-0.196071103215,0.038719676435,0.414954930544,-0.197774037719,-0.0604800879955,0.390431374311,-0.203200876713,-0.154708117247,0.364769726992,-0.204723373055,-0.247534245253,0.329982101917,-0.20940926671,-0.36641561985,0.332528442144,-0.215755611658,-0.362614899874
1778097451.28,0.503502905369,-0.185424640775,0.424070864916,0.492989093065,-0.181894257665,0.329882085323,0.476853758097,-0.186523362994,0.231902360916,0.458601206541,-0.191675707698,0.134310781956,0.437980920076,-0.196071103215,0.038719676435,0.414954930544,-0.197774037719,-0.0604800879955,0.390431374311,-0.203200876713,-0.154708117247,0.364769726992,-0.204723373055,-0.247534245253,0.329982101917,-0.20940926671,-0.36641561985,0.333769232035,-0.220030322671,-0.362614899874
1778097451.29,0.501935124397,-0.187293455005,0.423880070448,0.490845710039,-0.186219245195,0.329323112965,0.475145488977,-0.191375687718,0.230968952179,0.45769533515,-0.197303652763,0.133423224092,0.438529223204,-0.202455371618,0.0378943756223,0.416832953691,-0.205201983452,-0.060878276825,0.393834620714,-0.211213365197,-0.154738217592,0.369137376547,-0.213953331113,-0.25242510438,0.336975008249,-0.218001201749,-0.369819611311,0.335263341665,-0.224233850837,-0.362614899874
1778097451.3,0.500448524952,-0.188926875591,0.423751920462,0.489632099867,-0.188381820917,0.329003870487,0.47407618165,-0.19383059442,0.231018155813,0.457077533007,-0.199522837996,0.133110240102,0.43872782588,-0.205278232694,0.0372836887836,0.417867690325,-0.208625227213,-0.0612981766462,0.396007090807,-0.21454821527,-0.156368672848,0.373370081186,-0.219783261418,-0.25250262022,0.34218916297,-0.225368365645,-0.368925869465,0.337004750967,-0.228359818459,-0.362614899874
1778097451.31,0.498701959848,-0.190766811371,0.423696935177,0.489632099867,-0.188381820917,0.329003870487,0.47407618165,-0.19383059442,0.231018155813,0.457077533007,-0.199522837996,0.133110240102,0.43872782588,-0.205278232694,0.0372836887836,0.417867690325,-0.208625227213,-0.0612981766462,0.396007090807,-0.21454821527,-0.156368672848,0.373370081186,-0.219783261418,-0.25250262022,0.34218916297,-0.225368365645,-0.368925869465,0.338986843824,-0.232402160764,-0.362614899874
1778097451.32,0.496651232243,-0.192694678903,0.423664987087,0.486559182405,-0.191914737225,0.32851588726,0.472165435553,-0.197755709291,0.230248630047,0.456037133932,-0.204408198595,0.13246050477,0.438854187727,-0.210333243012,0.0366507619619,0.419855684042,-0.214433819056,-0.0624045729637,0.399727135897,-0.220675602555,-0.157685369253,0.379013806581,-0.225829541683,-0.255366444588,0.350906997919,-0.233395591378,-0.371341407299,0.341202050447,-0.236355125904,-0.362614899874
1778097451.33,0.494635790586,-0.19444565475,0.423659950495,0.485093802214,-0.193776354194,0.328187823296,0.470598429441,-0.199925497174,0.230662733316,0.455069690943,-0.206490695477,0.133009880781,0.439012557268,-0.212824195623,0.0356761217117,0.420833081007,-0.217737168074,-0.0629076659679,0.40224519372,-0.225113138556,-0.158263593912,0.382280915976,-0.229191988707,-0.256942778826,0.355920404196,-0.237997993827,-0.372046679258,0.343642264605,-0.240213304758,-0.362614899874
1778097451.34,0.492511898279,-0.196155235171,0.423683643341,0.483689457178,-0.1957885921,0.328502595425,0.469419628382,-0.201883375645,0.229926794767,0.45456174016,-0.208616405725,0.131595626473,0.438990086317,-0.215190768242,0.0355838537216,0.421411305666,-0.219897225499,-0.064135119319,0.402357012033,-0.226179629564,-0.162712931633,0.385843247175,-0.232545375824,-0.258187830448,0.360944420099,-0.24131295085,-0.374973148108,0.346298903227,-0.243971690536,-0.362614899874
1778097451.35,0.490286499262,-0.197847217321,0.423729598522,0.482084900141,-0.197867035866,0.328668564558,0.468337386847,-0.20396797359,0.229761183262,0.454085439444,-0.210854813457,0.131713956594,0.439170926809,-0.217078596354,0.0349148362875,0.422997862101,-0.223223239183,-0.0638089776039,0.404613286257,-0.229268044233,-0.164511680603,0.389339357615,-0.237624049187,-0.256238043308,0.366156309843,-0.245485976338,-0.376254677773,0.349162608385,-0.247625678778,-0.362614899874
1778097451.36,0.487957596779,-0.199532091618,0.4238088727,0.479712456465,-0.199574247003,0.328257441521,0.467081934214,-0.205578461289,0.22981017828,0.453548580408,-0.212621286511,0.131287351251,0.439225643873,-0.219738513231,0.0346859097481,0.423951417208,-0.224783375859,-0.0659872144461,0.408911079168,-0.234271124005,-0.160006165504,0.393452137709,-0.240329563618,-0.259231746197,0.372717291117,-0.251332402229,-0.376110136509,0.352223902941,-0.251171112061,-0.362614899874
1778097451.37,0.485554099083,-0.201204553246,0.423927903175,0.477990478277,-0.200625002384,0.326989084482,0.465655475855,-0.207258030772,0.229612112045,0.452916949987,-0.21507781744,0.131365597248,0.439817398787,-0.221917614341,0.03449357301,0.425467282534,-0.227747604251,-0.0652437657118,0.411629706621,-0.237643718719,-0.160609960556,0.397472709417,-0.243645116687,-0.260232329369,0.378112465143,-0.254375427961,-0.3769787848,0.355472832918,-0.254604279995,-0.362614899874
1778097451.38,0.483051925898,-0.202916145325,0.424139171839,0.476033657789,-0.20286205411,0.328173726797,0.464420765638,-0.208926454186,0.22955852747,0.452563613653,-0.216775223613,0.131110563874,0.440145820379,-0.22422157228,0.0344034433365,0.42707785964,-0.22946561873,-0.0662129223347,0.413952738047,-0.240148097277,-0.160640597343,0.401758760214,-0.247247114778,-0.261160641909,0.38406124711,-0.258723527193,-0.377518385649,0.358899146318,-0.257921904325,-0.362614899874
1778097451.39,0.480453819036,-0.204578831792,0.424436837435,0.474167555571,-0.204423472285,0.328200817108,0.462916702032,-0.210984572768,0.229482829571,0.452099949121,-0.218706995249,0.131054922938,0.440561562777,-0.226919010282,0.0346582829952,0.42878434062,-0.232400909066,-0.0666872113943,0.416788429022,-0.242751091719,-0.161118686199,0.406211286783,-0.25054064393,-0.261605829,0.390813201666,-0.264441519976,-0.378488361835,0.362492650747,-0.261121243238,-0.362614899874
1778097451.4,0.47775515914,-0.206269055605,0.424712270498,0.472200483084,-0.206024125218,0.328205525875,0.461826890707,-0.212689906359,0.229368120432,0.451749712229,-0.220623582602,0.130951285362,0.441322594881,-0.228223592043,0.0341370999813,0.430062681437,-0.235346183181,-0.0661722123623,0.420210808516,-0.244928255677,-0.164269089699,0.410854965448,-0.253344804049,-0.262886583805,0.396512418985,-0.266249001026,-0.379508823156,0.366242855787,-0.26419994235,-0.362614899874
1778097451.41,0.475516051054,-0.207667410374,0.424921393394,0.470190316439,-0.207915097475,0.328429430723,0.460816711187,-0.213809683919,0.228307902813,0.45116814971,-0.22214139998,0.130461871624,0.441999465227,-0.230210542679,0.0332536101341,0.432610541582,-0.238772258162,-0.064601406455,0.42314901948,-0.248363405466,-0.162078171968,0.41516289115,-0.256509780884,-0.263117045164,0.403140038252,-0.26921787858,-0.381915479898,0.370139449835,-0.267156094313,-0.362614899874
1778097451.42,0.472112894058,-0.209790468216,0.425322264433,0.467799454927,-0.208834856749,0.328164726496,0.45966771245,-0.216208308935,0.229641959071,0.450999885798,-0.224485740066,0.130881428719,0.442909449339,-0.232338473201,0.0333959311247,0.434848159552,-0.239168986678,-0.0677032023668,0.42740932107,-0.251339137554,-0.163042455912,0.420129030943,-0.259830445051,-0.262706011534,0.409009903669,-0.273769557476,-0.380093038082,0.374172061682,-0.269988298416,-0.362614899874
1778097451.43,0.469211727381,-0.211609974504,0.425784409046,0.466028600931,-0.210909545422,0.328825354576,0.458306699991,-0.217710480094,0.229317605495,0.450944215059,-0.226570978761,0.131055504084,0.44402334094,-0.234656319022,0.033927962184,0.436948031187,-0.241877153516,-0.0667311251163,0.430937081575,-0.254291892052,-0.163388162851,0.425074845552,-0.262960851192,-0.262732714415,0.415722101927,-0.277312636375,-0.380379498005,0.378330498934,-0.27269551158,-0.362614899874
1778097451.44,0.466224104166,-0.213432490826,0.426261484623,0.464032441378,-0.212802574039,0.329222142696,0.457234948874,-0.219924107194,0.229932963848,0.450951427221,-0.227733790874,0.130501538515,0.445089370012,-0.236962378025,0.0335229858756,0.439737349749,-0.244063273072,-0.0676244944334,0.433916419744,-0.255842238665,-0.164787113667,0.43026599288,-0.265650689602,-0.262758672237,0.42214885354,-0.280827850103,-0.380436420441,0.382604986429,-0.275277078152,-0.362614899874
1778097451.45,0.462904781103,-0.215380862355,0.426790058613,0.461949616671,-0.214607134461,0.329538583755,0.456165462732,-0.221521571279,0.230116724968,0.451016515493,-0.229735031724,0.13086014986,0.446561545134,-0.239076167345,0.0342297405005,0.442172557116,-0.247040435672,-0.066112190485,0.438583701849,-0.259301513433,-0.162710726261,0.435235649347,-0.268296480179,-0.263072371483,0.429223865271,-0.283116340637,-0.382244676352,0.386985808611,-0.277732759714,-0.362614899874
1778097451.46,0.460125565529,-0.217009186745,0.427195370197,0.459962338209,-0.21605822444,0.329935461283,0.455336421728,-0.223541900516,0.230291649699,0.451127797365,-0.231366813183,0.130792438984,0.44784745574,-0.241112887859,0.0340521931648,0.444764524698,-0.248796671629,-0.0674980729818,0.442034691572,-0.261740475893,-0.162113755941,0.440635830164,-0.271795094013,-0.262098997831,0.435449570417,-0.287185430527,-0.380025565624,0.391463667154,-0.280062586069,-0.362614899874
1778097451.47,0.45668900013,-0.219107687473,0.427867412567,0.457982867956,-0.217902898788,0.33038187027,0.454374402761,-0.225272372365,0.230529338121,0.451735049486,-0.233961120248,0.131574988365,0.449385911226,-0.242239356041,0.0336077436805,0.447432845831,-0.250955760479,-0.0671075433493,0.446456640959,-0.263654649258,-0.163134932518,0.445944994688,-0.274113625288,-0.262784123421,0.44251152873,-0.289869248867,-0.380039960146,0.396029680967,-0.282267004251,-0.362614899874
1778097451.48,0.453497409821,-0.221031889319,0.428471148014,0.456058174372,-0.219712272286,0.330689936876,0.453775554895,-0.22708158195,0.231223613024,0.452133029699,-0.235471695662,0.131641954184,0.450941234827,-0.24529466033,0.0345791131258,0.450705558062,-0.253188073635,-0.0663549602032,0.450641721487,-0.266669899225,-0.162381619215,0.450646549463,-0.276838719845,-0.262041181326,0.449473053217,-0.291782110929,-0.381498128176,0.400675326586,-0.284346610308,-0.362614899874
1778097451.49,0.450257837772,-0.222975298762,0.429060280323,0.453923791647,-0.221386492252,0.330813378096,0.4528183043,-0.229380369186,0.231684744358,0.452424734831,-0.236944019794,0.130955293775,0.452514618635,-0.246344313025,0.0339173227549,0.453467875719,-0.255208402872,-0.0666320919991,0.454709738493,-0.268425017595,-0.162619382143,0.457028657198,-0.280587822199,-0.259300082922,0.455765634775,-0.294908851385,-0.379120469093,0.405392616987,-0.286302298307,-0.362614899874
1778097451.5,0.446954876184,-0.225000828505,0.429656624794,0.451884239912,-0.223519295454,0.331519842148,0.452197104692,-0.231412500143,0.232229232788,0.453318566084,-0.239840507507,0.132992461324,0.454610019922,-0.249472886324,0.035194195807,0.4565936625,-0.25804105401,-0.065133318305,0.458543092012,-0.270673662424,-0.161870062351,0.461441844702,-0.281153321266,-0.261628895998,0.462350279093,-0.29755616188,-0.378550559282,0.410173922777,-0.288135170937,-0.362614899874
1778097451.51,0.443597435951,-0.227150827646,0.430317163467,0.450019389391,-0.22581616044,0.332192540169,0.451757401228,-0.233390286565,0.232694983482,0.45427069068,-0.24136556685,0.132437095046,0.456645578146,-0.252170860767,0.0364132076502,0.459227889776,-0.26020526886,-0.0648660212755,0.463114231825,-0.27264675498,-0.162382811308,0.467510074377,-0.284710973501,-0.258536309004,0.469159692526,-0.299387812614,-0.377760380507,0.415012270212,-0.289846479893,-0.362614899874
1778097451.52,0.440244019032,-0.229340091348,0.431004375219,0.447966486216,-0.227768108249,0.333076298237,0.450984209776,-0.23540520668,0.233247935772,0.454573959112,-0.244488745928,0.134308576584,0.458327502012,-0.253750503063,0.0367769598961,0.462638109922,-0.262507051229,-0.0641864091158,0.46709010005,-0.275582849979,-0.159890145063,0.47298553586,-0.286708623171,-0.257895410061,0.476337641478,-0.30064162612,-0.378848314285,0.419901043177,-0.291437625885,-0.362614899874
1778097451.53,0.43688929081,-0.231470823288,0.431668579578,0.446162968874,-0.229857265949,0.333449363708,0.450230032206,-0.237709254026,0.233898058534,0.455163747072,-0.245946109295,0.133806422353,0.460534185171,-0.256367981434,0.0374989435077,0.465897589922,-0.264536499977,-0.0627536475658,0.471591442823,-0.27753958106,-0.159202039242,0.478110402822,-0.289644420147,-0.256057322025,0.482312649488,-0.303950309753,-0.375605255365,0.424834102392,-0.292910069227,-0.362614899874
1778097451.54,0.433854371309,-0.2334176898,0.432280778885,0.443931013346,-0.230729550123,0.332525312901,0.449455946684,-0.238883271813,0.232987090945,0.456173509359,-0.248365491629,0.134874910116,0.462244063616,-0.258244305849,0.038498967886,0.468939632177,-0.266743928194,-0.0623016953468,0.475459367037,-0.280356585979,-0.157954633236,0.483379155397,-0.290807515383,-0.256277143955,0.488604038954,-0.305578827858,-0.374754041433,0.429806023836,-0.29426535964,-0.362614899874
1778097451.55,0.430149406195,-0.235763087869,0.433043807745,0.441942483187,-0.234081611037,0.334758877754,0.448888629675,-0.241815537214,0.235245138407,0.456588417292,-0.24977517128,0.134718671441,0.463920027018,-0.259618282318,0.0378311350942,0.471837371588,-0.269287526608,-0.0606340914965,0.479889303446,-0.281119644642,-0.157394260168,0.488261193037,-0.292824715376,-0.254284828901,0.495347708464,-0.30758228898,-0.37337860465,0.4348115623,-0.295505017042,-0.362614899874
1778097451.56,0.426807433367,-0.237960144877,0.433739244938,0.440041691065,-0.235798358917,0.335073828697,0.447977334261,-0.244328811765,0.23634852469,0.457085222006,-0.253278702497,0.137583956122,0.465848594904,-0.263042211533,0.0404337570071,0.474628895521,-0.271179229021,-0.0596688687801,0.483375817537,-0.284292459488,-0.154330939054,0.493679910898,-0.294212341309,-0.25338152051,0.501913428307,-0.308794260025,-0.37290418148,0.43984618783,-0.296630650759,-0.362614899874
1778097451.57,0.42416408658,-0.239709943533,0.434345543385,0.437702149153,-0.237887829542,0.336314409971,0.447071105242,-0.246008098125,0.236225366592,0.457758337259,-0.255078017712,0.137487828732,0.467256695032,-0.265226751566,0.0418048128486,0.477431029081,-0.272790193558,-0.0585628151894,0.487645715475,-0.285702556372,-0.153924822807,0.498601347208,-0.296200335026,-0.251878678799,0.507766008377,-0.309193104506,-0.372497320175,0.444905668497,-0.297643780708,-0.362614899874
1778097451.58,0.420161038637,-0.242411717772,0.435222089291,0.435953527689,-0.240389242768,0.336918830872,0.446021109819,-0.248983189464,0.238217994571,0.457117050886,-0.256879091263,0.137823343277,0.468938320875,-0.26701143384,0.0425752028823,0.480237811804,-0.274419367313,-0.0569762885571,0.490507751703,-0.287291914225,-0.152831614017,0.503226280212,-0.297991633415,-0.249230325222,0.513817310333,-0.311689794064,-0.368923634291,0.449986308813,-0.298545837402,-0.362614899874
1778097451.59,0.417150437832,-0.244537338614,0.43590849638,0.433210223913,-0.242013677955,0.337022781372,0.445209532976,-0.250617086887,0.238385975361,0.457781404257,-0.259326934814,0.139555931091,0.470205336809,-0.269504457712,0.0441791787744,0.482546657324,-0.277294963598,-0.0558998286724,0.495175689459,-0.289222717285,-0.150362312794,0.508356928825,-0.299919754267,-0.248050659895,0.520016431808,-0.312965869904,-0.367086112499,0.455084651709,-0.29933822155,-0.362614899874
1778097451.6,0.413584619761,-0.247043326497,0.436682373285,0.431299775839,-0.244512110949,0.338306486607,0.443659812212,-0.253126680851,0.240693390369,0.457800298929,-0.261605352163,0.14098778367,0.471432000399,-0.271504670382,0.0454625412822,0.486467570066,-0.280189245939,-0.0521896332502,0.498481839895,-0.291173547506,-0.149258702993,0.512911677361,-0.300149559975,-0.24760594964,0.526001691818,-0.313400655985,-0.366298317909,0.460197716951,-0.300022214651,-0.362614899874
1778097451.61,0.410494446754,-0.249217987061,0.437406241894,0.428508430719,-0.246192187071,0.338198542595,0.442563086748,-0.255444556475,0.241133287549,0.457653790712,-0.263122677803,0.141652733088,0.472691804171,-0.273595243692,0.0464988350868,0.489136427641,-0.28317886591,-0.0495012998581,0.501463770866,-0.291201561689,-0.150750666857,0.517278909683,-0.301500797272,-0.24566423893,0.531858086586,-0.312916100025,-0.366815060377,0.465322822332,-0.300598919392,-0.362614899874
1778097451.62,0.407768517733,-0.251218378544,0.438083946705,0.426506727934,-0.249439775944,0.340370774269,0.441136270761,-0.256789475679,0.240406364202,0.457203179598,-0.266196578741,0.143905431032,0.473012834787,-0.274630904198,0.0470525771379,0.489627510309,-0.282674640417,-0.0513342320919,0.504811167717,-0.293153166771,-0.148744344711,0.522206068039,-0.302655905485,-0.243668615818,0.537921071053,-0.314246147871,-0.364511847496,0.470457464457,-0.301069378853,-0.362614899874
1778097451.63,0.404608249664,-0.253537297249,0.438968211412,0.423802822828,-0.25069886446,0.339933276176,0.439577132463,-0.259688585997,0.242839246988,0.456873506308,-0.267511963844,0.143846809864,0.473919600248,-0.277245044708,0.0489395856857,0.490473598242,-0.284060686827,-0.0501316487789,0.50821685791,-0.295240700245,-0.144932121038,0.525809764862,-0.304362416267,-0.241145253181,0.542947173119,-0.315472751856,-0.36065402627,0.475599497557,-0.301434397697,-0.362614899874
1778097451.64,0.401918947697,-0.255497545004,0.439734756947,0.421610504389,-0.252969861031,0.340376913548,0.437928467989,-0.261478334665,0.243372157216,0.456599622965,-0.270147025585,0.145831972361,0.474201589823,-0.278488785028,0.0499416589737,0.494239956141,-0.288084745407,-0.0448116511106,0.511070966721,-0.296608179808,-0.143545299768,0.529583215714,-0.304990887642,-0.240167975426,0.548688292503,-0.316516488791,-0.357991993427,0.480746895075,-0.301694661379,-0.362614899874
1778097451.65,0.399309337139,-0.257483810186,0.440466344357,0.41932323575,-0.255914598703,0.342718631029,0.436683148146,-0.263329148293,0.244057446718,0.455541700125,-0.271422982216,0.146149218082,0.474638313055,-0.281138449907,0.0518393218517,0.493873387575,-0.287144124508,-0.0465775430202,0.512986898422,-0.296887636185,-0.143996864557,0.533491253853,-0.305705606937,-0.238227874041,0.554172992706,-0.316945791245,-0.356364935637,0.485897809267,-0.301850616932,-0.362614899874
1778097451.66,0.396815091372,-0.259526610374,0.441190928221,0.416835516691,-0.257640570402,0.342558681965,0.435077399015,-0.265121221542,0.244561940432,0.454403311014,-0.273309022188,0.14736366272,0.474712461233,-0.282548129559,0.0528966933489,0.496637493372,-0.290877789259,-0.0418904870749,0.516071438789,-0.298514515162,-0.140194743872,0.53713452816,-0.306684583426,-0.2349819839,0.559662699699,-0.317782402039,-0.353997677565,0.491050451994,-0.30190256238,-0.362614899874
