time,rope_p0_x,rope_p0_y,rope_p0_z,rope_p1_x,rope_p1_y,rope_p1_z,rope_p2_x,rope_p2_y,rope_p2_z,rope_p3_x,rope_p3_y,rope_p3_z,rope_p4_x,rope_p4_y,rope_p4_z,rope_p5_x,rope_p5_y,rope_p5_z,rope_p6_x,rope_p6_y,rope_p6_z,rope_p7_x,rope_p7_y,rope_p7_z,rope_p8_x,rope_p8_y,rope_p8_z,goal_traj_x,goal_traj_y,goal_traj_z
1776722572.58,0.479648888111,-0.299880802631,0.448416382074,0.481903940439,-0.301421105862,0.351294666529,0.481695264578,-0.300717234612,0.251224249601,0.481979995966,-0.301092147827,0.151151508093,0.483017534018,-0.302011191845,0.0535610020161,0.481430262327,-0.300118029118,-0.0464981794357,0.481124788523,-0.29955765605,-0.146713346243,0.483458429575,-0.299781054258,-0.242577075958,0.483263343573,-0.300006121397,-0.36514750123,0.481562703848,-0.296426266432,-0.364214271307
1776722577.58,0.479497045279,-0.299794912338,0.448003709316,0.481506019831,-0.301361531019,0.350749790668,0.481368929148,-0.300975352526,0.25070643425,0.481452256441,-0.301450639963,0.150476947427,0.4828787148,-0.302182406187,0.0530166327953,0.481806606054,-0.300506174564,-0.0466614216566,0.481364697218,-0.300739586353,-0.145930826664,0.483185559511,-0.300506383181,-0.24366247654,0.482752650976,-0.301286280155,-0.365387916565,0.481566280127,-0.296426266432,-0.364214271307
1776722577.59,0.479498594999,-0.299796253443,0.448004662991,0.481499880552,-0.301262706518,0.350754916668,0.48141387105,-0.300888895988,0.250719249249,0.481535345316,-0.30145663023,0.150596246123,0.482893139124,-0.302220493555,0.0530689358711,0.483108013868,-0.301510363817,-0.0445835590363,0.481410294771,-0.300768017769,-0.145894259214,0.483193010092,-0.300498962402,-0.24367493391,0.482752650976,-0.301286280155,-0.365387916565,0.481580585241,-0.296426266432,-0.364214271307
1776722577.61,0.479495495558,-0.299797803164,0.448001891375,0.48161008954,-0.301239818335,0.350830495358,0.481443315744,-0.300835639238,0.250726997852,0.481543153524,-0.301443964243,0.150577291846,0.48289129138,-0.302196383476,0.0530334748328,0.481375426054,-0.300649613142,-0.04656688869,0.481709271669,-0.301129251719,-0.145400851965,0.483207434416,-0.300592124462,-0.243559420109,0.482752650976,-0.301286280155,-0.365387916565,0.481612771749,-0.296426266432,-0.364214271307
1776722577.62,0.479501515627,-0.299787938595,0.448002904654,0.481662005186,-0.301216393709,0.350794583559,0.48138859868,-0.300873726606,0.250747829676,0.481522709131,-0.301460206509,0.150603055954,0.482771545649,-0.302147299051,0.0529829077423,0.481316179037,-0.300294071436,-0.0465928167105,0.481730133295,-0.301148205996,-0.145374774933,0.483213037252,-0.300589710474,-0.24356341362,0.48270830512,-0.301237612963,-0.365420490503,0.481669872999,-0.296426236629,-0.364214271307
1776722577.64,0.479533344507,-0.299742847681,0.448003858328,0.481546849012,-0.30116596818,0.350721359253,0.481473654509,-0.300787985325,0.250691235065,0.48144236207,-0.301451951265,0.150480479002,0.482756227255,-0.302134633064,0.0529525093734,0.481503635645,-0.300159573555,-0.0466600060463,0.48149856925,-0.300826579332,-0.145817667246,0.482984572649,-0.300344914198,-0.24349886179,0.482728272676,-0.30126079917,-0.365406572819,0.481758922338,-0.296426177025,-0.364214271307
1776722577.65,0.479614913464,-0.299637466669,0.448007434607,0.481555372477,-0.301195442677,0.350745558739,0.481379836798,-0.300861626863,0.250726610422,0.481426924467,-0.301458388567,0.150491848588,0.482751101255,-0.302131801844,0.0529452674091,0.481456905603,-0.300552755594,-0.0461189746857,0.481502622366,-0.300835490227,-0.145804136992,0.482978731394,-0.300354927778,-0.243483543396,0.482728272676,-0.30126079917,-0.365406572819,0.48188701272,-0.296426057816,-0.364214271307
1776722577.67,0.479852855206,-0.299447804689,0.448032200336,0.481550484896,-0.301180273294,0.350775569677,0.481365889311,-0.300861120224,0.250726521015,0.481527894735,-0.301447629929,0.150584578514,0.482709914446,-0.302118569613,0.0529327765107,0.482942789793,-0.301339417696,-0.0445778816938,0.481544643641,-0.30086222291,-0.145770132542,0.482802182436,-0.300238251686,-0.243262112141,0.482499927282,-0.301063358784,-0.365523904562,0.482060998678,-0.296425789595,-0.364214271307
1776722577.68,0.48017001152,-0.299287378788,0.448080688715,0.481561750174,-0.301196247339,0.350748062134,0.481352239847,-0.300868451595,0.250740170479,0.481513112783,-0.301445186138,0.15058337152,0.4827041924,-0.302122116089,0.052940800786,0.481314450502,-0.300291508436,-0.0465934425592,0.480939239264,-0.300473570824,-0.14618653059,0.482797175646,-0.300237298012,-0.243261963129,0.482737272978,-0.301017463207,-0.365409016609,0.482287675142,-0.296425223351,-0.364214271307
1776722577.7,0.480768948793,-0.29909324646,0.448125392199,0.481767863035,-0.301040351391,0.351058185101,0.481469482183,-0.300637811422,0.250837743282,0.481571644545,-0.301349282265,0.150580182672,0.482687979937,-0.302131414413,0.0529619753361,0.482734173536,-0.301409304142,-0.0443714112043,0.480483204126,-0.299907982349,-0.14682251215,0.482634216547,-0.300031244755,-0.243332654238,0.482488840818,-0.300980836153,-0.365730166435,0.482573837042,-0.296424269676,-0.364214271307
1776722577.71,0.481444895267,-0.298938900232,0.44820356369,0.481973201036,-0.300976455212,0.351185679436,0.481636971235,-0.300525158644,0.250613451004,0.481444984674,-0.301220715046,0.150621712208,0.482472509146,-0.301919728518,0.0529471449554,0.482698410749,-0.30140426755,-0.044392362237,0.483159333467,-0.300536304712,-0.143485963345,0.482632130384,-0.30003285408,-0.243329584599,0.482731729746,-0.301032662392,-0.365379035473,0.482925981283,-0.296422630548,-0.364214271307
1776722577.73,0.482494145632,-0.298740416765,0.448275744915,0.482679873705,-0.300994247198,0.351418197155,0.481863707304,-0.300275653601,0.250774621964,0.481578677893,-0.30084592104,0.150921434164,0.482103854418,-0.301746577024,0.0530842393637,0.481478542089,-0.300842523575,-0.0455534309149,0.479938060045,-0.29954585433,-0.146889954805,0.482619255781,-0.300047934055,-0.243305683136,0.48280826211,-0.301038980484,-0.365072339773,0.483350723982,-0.296420007944,-0.364214271307
1776722577.74,0.48380613327,-0.298449754715,0.448291093111,0.483163565397,-0.300756633282,0.351364552975,0.482136160135,-0.300213426352,0.250827521086,0.481764942408,-0.300881177187,0.151046395302,0.482465296984,-0.301782697439,0.0532784461975,0.482479125261,-0.301086992025,-0.0437127500772,0.479942888021,-0.299545764923,-0.146877586842,0.48261937499,-0.299825251102,-0.243042051792,0.483163326979,-0.301067769527,-0.364805310965,0.483854264021,-0.296415984631,-0.364214271307
1776722577.76,0.485454767942,-0.298045426607,0.448232382536,0.484881967306,-0.30099850893,0.351386070251,0.483346194029,-0.300360739231,0.251023590565,0.482738822699,-0.300201177597,0.152147382498,0.482663244009,-0.301862746477,0.0533703044057,0.482954233885,-0.300294697285,-0.0426510721445,0.479768067598,-0.299641698599,-0.146774172783,0.482792466879,-0.299786806107,-0.242504298687,0.483242303133,-0.300993472338,-0.363948047161,0.484442919493,-0.296410024166,-0.364214271307
1776722577.77,0.48744431138,-0.297549217939,0.44816544652,0.485443383455,-0.301071047783,0.35145419836,0.483979910612,-0.300515055656,0.25113633275,0.482633322477,-0.300454825163,0.151297003031,0.483027666807,-0.301874667406,0.053508978337,0.480463415384,-0.299538552761,-0.0463083833456,0.479805499315,-0.29932436347,-0.146610081196,0.482449680567,-0.29975643754,-0.24285107851,0.482974916697,-0.300606489182,-0.364168524742,0.485122710466,-0.2964014709,-0.364214271307
1776722577.79,0.48978638649,-0.296894222498,0.448043912649,0.487850278616,-0.30093985796,0.351393163204,0.485891848803,-0.300394207239,0.251135408878,0.484008938074,-0.300828367472,0.15114210546,0.483526557684,-0.301438719034,0.0532106608152,0.483126550913,-0.300283133984,-0.04263484478,0.479559928179,-0.299095392227,-0.146108329296,0.482077628374,-0.299260914326,-0.24341621995,0.483046084642,-0.300563275814,-0.36402618885,0.485899358988,-0.296389460564,-0.364214271307
1776722577.8,0.491864323616,-0.296263843775,0.447883725166,0.489097982645,-0.300789535046,0.350918471813,0.486619919538,-0.300416648388,0.250779807568,0.484649032354,-0.300828903913,0.151028856635,0.483856290579,-0.301677763462,0.053184363991,0.483438283205,-0.300424069166,-0.0428073704243,0.479717880487,-0.298857480288,-0.146316081285,0.482079356909,-0.299264907837,-0.243408560753,0.483000844717,-0.30045107007,-0.364034086466,0.486778646708,-0.296373039484,-0.364214271307
1776722577.82,0.494566053152,-0.295411348343,0.447690010071,0.492151409388,-0.300467967987,0.350830107927,0.489274591208,-0.300563156605,0.250779867172,0.486573308706,-0.300860196352,0.15104880929,0.485149055719,-0.301680237055,0.0531456395984,0.481635600328,-0.299164503813,-0.0465627908707,0.482345193624,-0.299944251776,-0.144778341055,0.481759816408,-0.298492819071,-0.243865251541,0.482615321875,-0.300363719463,-0.364130228758,0.487765997648,-0.296350955963,-0.364214271307
1776722577.83,0.498674720526,-0.294127494097,0.44726356864,0.494224578142,-0.300108343363,0.350683748722,0.490731209517,-0.300414860249,0.25091072917,0.487400621176,-0.300453007221,0.150254786015,0.485989838839,-0.301274657249,0.0526876598597,0.485355764627,-0.300102472305,-0.0434280186892,0.481805115938,-0.299411505461,-0.145854353905,0.481792360544,-0.298485547304,-0.243882864714,0.482716947794,-0.300299346447,-0.364233016968,0.488866657019,-0.296321839094,-0.364214271307
1776722577.85,0.501903891563,-0.293078392744,0.446932017803,0.497782617807,-0.299324691296,0.350588679314,0.493788987398,-0.299857586622,0.250719845295,0.490399688482,-0.300295233727,0.150488674641,0.488281220198,-0.301634848118,0.0530874319375,0.486910074949,-0.299985378981,-0.0439248234034,0.481919020414,-0.299377501011,-0.145941853523,0.482291132212,-0.298680454493,-0.243778467178,0.48188123107,-0.299356549978,-0.365392118692,0.490085572004,-0.296284049749,-0.364214271307
1776722577.86,0.505776464939,-0.291832089424,0.446413546801,0.499866038561,-0.298982173204,0.350191026926,0.495680361986,-0.299191921949,0.249977067113,0.491678029299,-0.300337821245,0.150343239307,0.489427238703,-0.301548779011,0.0527004860342,0.48802408576,-0.299844324589,-0.0441028922796,0.483031541109,-0.300040364265,-0.145321905613,0.48263040185,-0.298771053553,-0.243687868118,0.48149856925,-0.299173355103,-0.365861237049,0.491427570581,-0.296235710382,-0.364214271307
1776722577.88,0.509133458138,-0.290799111128,0.445953845978,0.504405975342,-0.297564923763,0.349473237991,0.500048398972,-0.298368483782,0.249701663852,0.495281070471,-0.299614787102,0.149793609977,0.493201762438,-0.300357192755,0.0530869029462,0.487089902163,-0.299694687128,-0.0475535094738,0.486863046885,-0.300645381212,-0.144200116396,0.483506947756,-0.298684060574,-0.244769513607,0.480845600367,-0.298688411713,-0.366499632597,0.492897182703,-0.296174615622,-0.364214271307
1776722577.89,0.513709306717,-0.2893691957,0.445203542709,0.507147550583,-0.296909719706,0.349391996861,0.502465009689,-0.297956049442,0.249465212226,0.498958677053,-0.29970484972,0.151527166367,0.494464486837,-0.300462841988,0.0524796396494,0.489219814539,-0.299963504076,-0.0469903349876,0.485073298216,-0.299004614353,-0.147724449635,0.483890086412,-0.298755645752,-0.245165228844,0.480558425188,-0.298405379057,-0.366946071386,0.49449852109,-0.296098351479,-0.364214271307
1776722577.91,0.517881989479,-0.287988781929,0.444501757622,0.5124335289,-0.295969218016,0.348691284657,0.507302165031,-0.296755880117,0.248552963138,0.504050970078,-0.297659367323,0.151178598404,0.498534530401,-0.29967418313,0.051571149379,0.494806319475,-0.299415141344,-0.0450444221497,0.485913187265,-0.2989975214,-0.148995012045,0.485172599554,-0.298755824566,-0.245052546263,0.481422096491,-0.299163579941,-0.366028308868,0.496235698462,-0.29600417614,-0.364214271307
1776722577.92,0.522188782692,-0.286599308252,0.443726956844,0.515523552895,-0.295618355274,0.348454475403,0.51002907753,-0.296448260546,0.248105064034,0.505803585052,-0.297472327948,0.150886163116,0.500544548035,-0.300266295671,0.0507287234068,0.493701130152,-0.299160182476,-0.0481193214655,0.488839656115,-0.299079865217,-0.147950798273,0.48610791564,-0.298585802317,-0.245482385159,0.480472952127,-0.298831254244,-0.36728939414,0.498112171888,-0.295888990164,-0.364214271307
1776722577.94,0.526539683342,-0.28507438302,0.442937731743,0.521101355553,-0.293925732374,0.347218185663,0.515511512756,-0.29545468092,0.247324243188,0.510718345642,-0.29704105854,0.149026960135,0.504964590073,-0.299539744854,0.0498368293047,0.500015974045,-0.298495799303,-0.0470095127821,0.493288189173,-0.298370838165,-0.146235525608,0.487100094557,-0.298349350691,-0.24641135335,0.480102330446,-0.298400014639,-0.36834487319,0.500131368637,-0.295749396086,-0.364214271307
1776722577.95,0.530865192413,-0.283462554216,0.442124187946,0.52442753315,-0.29350784421,0.346953719854,0.518394827843,-0.294633477926,0.246666282415,0.513758182526,-0.2962885499,0.148628503084,0.507177352905,-0.298438191414,0.0492080152035,0.501906275749,-0.297176718712,-0.0469759404659,0.492668300867,-0.298278778791,-0.148788094521,0.487900048494,-0.297533661127,-0.246770977974,0.480116397142,-0.29816955328,-0.368837594986,0.502296328545,-0.295581638813,-0.364214271307
1776722577.97,0.535154700279,-0.281676977873,0.44113984704,0.5301258564,-0.291601985693,0.345683395863,0.524959802628,-0.292876720428,0.246504962444,0.51889705658,-0.295072317123,0.147241413593,0.512157797813,-0.297027409077,0.0480988547206,0.503313422203,-0.296030014753,-0.0510117560625,0.495867520571,-0.297110259533,-0.149593412876,0.489802032709,-0.296914368868,-0.247653633356,0.480478316545,-0.297826379538,-0.369864910841,0.504609465599,-0.295381575823,-0.364214271307
1776722577.98,0.539237737656,-0.279868245125,0.440207481384,0.533237576485,-0.290799885988,0.3450974226,0.527361035347,-0.292448252439,0.245345264673,0.521821260452,-0.294120162725,0.146733060479,0.514773488045,-0.297090679407,0.047870606184,0.505532383919,-0.295681715012,-0.051455527544,0.498561710119,-0.297505646944,-0.15055373311,0.491006404161,-0.29720941186,-0.247712284327,0.480653196573,-0.29828324914,-0.36994984746,0.507073044777,-0.295144706964,-0.364214271307
1776722578,0.543306589127,-0.277815312147,0.439290136099,0.539102315903,-0.288627624512,0.343784958124,0.533360004425,-0.290585070848,0.243765413761,0.52787232399,-0.292324364185,0.146323755383,0.519910573959,-0.294832527637,0.0464994683862,0.509206652641,-0.294251471758,-0.0530191808939,0.502898097038,-0.295262277126,-0.148864299059,0.492897063494,-0.296004742384,-0.249055474997,0.480966120958,-0.297923535109,-0.371373981237,0.509688973427,-0.294866144657,-0.364214271307
1776722578.01,0.546993970871,-0.275793880224,0.438357263803,0.541926503181,-0.287492632866,0.343414664268,0.535997867584,-0.289461731911,0.243068248034,0.530040383339,-0.291366010904,0.143880933523,0.52253472805,-0.294450491667,0.0459795743227,0.514892339706,-0.294164389372,-0.0508304238319,0.505865931511,-0.294491440058,-0.149217158556,0.494135349989,-0.295604974031,-0.249995172024,0.4811873734,-0.297764480114,-0.371493786573,0.512458562851,-0.29454061389,-0.364214271307
1776722578.03,0.550604879856,-0.273506164551,0.437484532595,0.544485092163,-0.286298185587,0.342044323683,0.539347529411,-0.287447541952,0.243089869618,0.532492399216,-0.290358483791,0.143582090735,0.525178790092,-0.29330265522,0.0452288165689,0.513942122459,-0.292144715786,-0.0544024705887,0.503564119339,-0.293789446354,-0.153641074896,0.495418399572,-0.296015352011,-0.249742686749,0.481839686632,-0.298138827085,-0.372191309929,0.515382766724,-0.294162333012,-0.364214271307
1776722578.04,0.55432420969,-0.270897418261,0.436635881662,0.549918293953,-0.283622086048,0.34126573801,0.544113755226,-0.285575062037,0.241406708956,0.537986397743,-0.287604808807,0.14258916676,0.530003905296,-0.291356116533,0.044068351388,0.521632909775,-0.29105874896,-0.0517068654299,0.507108330727,-0.29325529933,-0.154217422009,0.497918516397,-0.294633299112,-0.251753270626,0.484076410532,-0.297774493694,-0.37293946743,0.518461704254,-0.293725192547,-0.364214271307
1776722578.06,0.558123648167,-0.267835497856,0.435675650835,0.549918293953,-0.283622086048,0.34126573801,0.544113755226,-0.285575062037,0.241406708956,0.537986397743,-0.287604808807,0.14258916676,0.530003905296,-0.291356116533,0.044068351388,0.521632909775,-0.29105874896,-0.0517068654299,0.507108330727,-0.29325529933,-0.154217422009,0.497918516397,-0.294633299112,-0.251753270626,0.484076410532,-0.297774493694,-0.37293946743,0.521695375443,-0.293222665787,-0.364214271307
1776722578.07,0.56132209301,-0.264733493328,0.43492308259,0.558048725128,-0.274984270334,0.436234742403,0.557586312294,-0.27904316783,0.339347958565,0.551656723022,-0.281491786242,0.239438593388,0.544722676277,-0.284574121237,0.140310510993,0.536571264267,-0.288289397955,0.0424874424934,0.52515912056,-0.28941488266,-0.0562468767166,0.5033005476,-0.293702363968,-0.252583801746,0.487456411123,-0.296924382448,-0.374105662107,0.525082945824,-0.292647659779,-0.364214271307
1776722578.09,0.564640045166,-0.260859876871,0.434062331915,0.558048725128,-0.274984270334,0.436234742403,0.557586312294,-0.27904316783,0.339347958565,0.551656723022,-0.281491786242,0.239438593388,0.544722676277,-0.284574121237,0.140310510993,0.536571264267,-0.288289397955,0.0424874424934,0.52515912056,-0.28941488266,-0.0562468767166,0.5033005476,-0.293702363968,-0.252583801746,0.487456411123,-0.296924382448,-0.374105662107,0.528622984886,-0.291992753744,-0.364214271307
1776722578.1,0.567086875439,-0.257449537516,0.433397829533,0.558048725128,-0.274984270334,0.436234742403,0.557586312294,-0.27904316783,0.339347958565,0.551656723022,-0.281491786242,0.239438593388,0.544722676277,-0.284574121237,0.140310510993,0.536571264267,-0.288289397955,0.0424874424934,0.52515912056,-0.28941488266,-0.0562468767166,0.5033005476,-0.293702363968,-0.252583801746,0.487456411123,-0.296924382448,-0.374105662107,0.532312989235,-0.291250050068,-0.364214271307
1776722578.12,0.569868028164,-0.252795249224,0.432603955269,0.558048725128,-0.274984270334,0.436234742403,0.557586312294,-0.27904316783,0.339347958565,0.551656723022,-0.281491786242,0.239438593388,0.544722676277,-0.284574121237,0.140310510993,0.536571264267,-0.288289397955,0.0424874424934,0.52515912056,-0.28941488266,-0.0562468767166,0.5033005476,-0.293702363968,-0.252583801746,0.487456411123,-0.296924382448,-0.374105662107,0.536149978638,-0.290411144495,-0.364214271307
1776722578.13,0.571909725666,-0.248493164778,0.431963682175,0.558048725128,-0.274984270334,0.436234742403,0.557586312294,-0.27904316783,0.339347958565,0.551656723022,-0.281491786242,0.239438593388,0.544722676277,-0.284574121237,0.140310510993,0.536571264267,-0.288289397955,0.0424874424934,0.52515912056,-0.28941488266,-0.0562468767166,0.5033005476,-0.293702363968,-0.252583801746,0.487456411123,-0.296924382448,-0.374105662107,0.540130138397,-0.289467275143,-0.364214271307
1776722578.15,0.573492467403,-0.244180306792,0.431387901306,0.573087573051,-0.260480463505,0.335005819798,0.566934704781,-0.265599578619,0.235282227397,0.559646844864,-0.271779090166,0.136209085584,0.551086187363,-0.27757576108,0.0383908227086,0.538384437561,-0.280467033386,-0.0613168478012,0.52683198452,-0.285003632307,-0.160036355257,0.517897725105,-0.288624286652,-0.256452739239,0.502939581871,-0.293597906828,-0.378190785646,0.544248223305,-0.288409203291,-0.364214271307
1776722578.16,0.574775695801,-0.239725366235,0.430835932493,0.574212908745,-0.2577059865,0.334408819675,0.568043351173,-0.262886047363,0.234710305929,0.56150662899,-0.269048601389,0.136933967471,0.552384138107,-0.275838196278,0.0377980694175,0.542125821114,-0.27999189496,-0.0589018315077,0.530126214027,-0.28429299593,-0.15888568759,0.519978523254,-0.288084179163,-0.256601035595,0.505561113358,-0.293217420578,-0.378548294306,0.548498034477,-0.287227243185,-0.364214271307
1776722578.18,0.575721979141,-0.235089808702,0.430342197418,0.576214671135,-0.251437574625,0.333698451519,0.570028185844,-0.257166236639,0.233964532614,0.563269615173,-0.264660000801,0.134951263666,0.555381178856,-0.272096216679,0.037243001163,0.544130682945,-0.276490867138,-0.0618650317192,0.534965634346,-0.282675325871,-0.159616440535,0.525217533112,-0.286867439747,-0.256927937269,0.511010169983,-0.291688174009,-0.379723906517,0.552872180939,-0.285911351442,-0.364214271307
1776722578.19,0.576146841049,-0.230430826545,0.429772853851,0.576698303223,-0.248116865754,0.333397448063,0.570806860924,-0.254280298948,0.233355134726,0.564461946487,-0.262140065432,0.134858354926,0.556844472885,-0.270215958357,0.0369952321053,0.54610645771,-0.274518936872,-0.0623076707125,0.537159562111,-0.281213313341,-0.160084456205,0.527763366699,-0.285311549902,-0.258054971695,0.514873385429,-0.291789978743,-0.379359483719,0.557361721992,-0.284451186657,-0.364214271307
1776722578.21,0.576093375683,-0.225748345256,0.429178446531,0.577413797379,-0.241914361715,0.332652449608,0.571951627731,-0.248906850815,0.233191221952,0.565265893936,-0.256349861622,0.13322250545,0.55969953537,-0.26510193944,0.036257378757,0.550013780594,-0.270315259695,-0.0627460926771,0.541155695915,-0.277550011873,-0.161083072424,0.533405065536,-0.283076405525,-0.258385926485,0.520289301872,-0.290074080229,-0.380798488855,0.56195628643,-0.282836019993,-0.364214271307
1776722578.22,0.575527369976,-0.221238911152,0.428514838219,0.57742190361,-0.238417297602,0.331980347633,0.571924448013,-0.245436429977,0.232052206993,0.566338777542,-0.253534138203,0.13339664042,0.56103849411,-0.26198464632,0.0358082950115,0.551961183548,-0.268200486898,-0.0630890727043,0.542125701904,-0.275071531534,-0.162024348974,0.536246418953,-0.281553655863,-0.259006470442,0.523185253143,-0.289047926664,-0.381053358316,0.566643595695,-0.2810549438,-0.364214271307
1776722578.24,0.574570596218,-0.217195749283,0.427941977978,0.576573967934,-0.23190009594,0.330815494061,0.572318673134,-0.239077687263,0.231280133128,0.567540764809,-0.247355312109,0.132195919752,0.563336730003,-0.256361931562,0.0350147038698,0.554947733879,-0.262998193502,-0.0636992454529,0.548792004585,-0.27173358202,-0.159067481756,0.541594982147,-0.278279006481,-0.259337574244,0.530603051186,-0.288295894861,-0.381814986467,0.571409463882,-0.279096931219,-0.364214271307
1776722578.25,0.573096871376,-0.212532222271,0.427389353514,0.576175570488,-0.228547975421,0.330783903599,0.572402715683,-0.235237315297,0.230821877718,0.568573951721,-0.24418464303,0.13165640831,0.563921570778,-0.252795040607,0.0344529226422,0.558784723282,-0.260477781296,-0.0618182718754,0.549975275993,-0.268637746572,-0.163043469191,0.544494628906,-0.27668479085,-0.260021090508,0.534311413765,-0.286951333284,-0.381821513176,0.576237797737,-0.276950925589,-0.364214271307
1776722578.27,0.571250379086,-0.208226695657,0.426525712013,0.574646711349,-0.221966072917,0.330112487078,0.57163310051,-0.228600218892,0.229700416327,0.568940997124,-0.237400099635,0.130935937166,0.566421627998,-0.246737360954,0.0336459204555,0.559686541557,-0.254006057978,-0.065619841218,0.554330706596,-0.26309761405,-0.164252370596,0.550566792488,-0.27288877964,-0.260643720627,0.541929960251,-0.284611225128,-0.382289409637,0.581110239029,-0.274605959654,-0.364214271307
1776722578.28,0.569015800953,-0.204095751047,0.425781577826,0.57356095314,-0.218613728881,0.329659670591,0.571260094643,-0.225462689996,0.229592695832,0.569199323654,-0.233821898699,0.130252629519,0.567332983017,-0.243542328477,0.0332508161664,0.561524748802,-0.251251101494,-0.0657801628113,0.557710766792,-0.261406213045,-0.163785040379,0.553547859192,-0.270604014397,-0.261698305607,0.545439362526,-0.283649891615,-0.383291035891,0.586005926132,-0.272051334381,-0.364214271307
1776722578.3,0.566357433796,-0.200196042657,0.425063490868,0.570869207382,-0.212035790086,0.328367292881,0.570186495781,-0.218667268753,0.228879734874,0.569032669067,-0.226427257061,0.129151463509,0.568321108818,-0.236694723368,0.032311283052,0.565147161484,-0.244694918394,-0.066670447588,0.56229031086,-0.256032377481,-0.165082991123,0.559360742569,-0.266752272844,-0.26249691844,0.554971218109,-0.282127141953,-0.380524545908,0.590901732445,-0.269276857376,-0.364214271307
1776722578.31,0.563363969326,-0.196533530951,0.424181640148,0.569338440895,-0.209105074406,0.328044354916,0.569207191467,-0.215203762054,0.228319913149,0.568807959557,-0.223161429167,0.129207953811,0.56881916523,-0.233230978251,0.0315614566207,0.565894007683,-0.241517663002,-0.0675166100264,0.565873146057,-0.254042327404,-0.163054794073,0.562565207481,-0.264416694641,-0.263086378574,0.558604359627,-0.28021350503,-0.381702959538,0.59577190876,-0.266272991896,-0.364214271307
1776722578.33,0.559994935989,-0.193107441068,0.423337429762,0.565364480019,-0.202860146761,0.327121019363,0.566570043564,-0.20880381763,0.227481156588,0.56805574894,-0.216804787517,0.128130242229,0.570647239685,-0.227044448256,0.0321883261204,0.569628477097,-0.236664384604,-0.067223906517,0.568047404289,-0.247859373689,-0.166304886341,0.568754792213,-0.259912669659,-0.263696014881,0.566575407982,-0.276402831078,-0.382214844227,0.600588083267,-0.263031095266,-0.364214271307
1776722578.34,0.556396007538,-0.189870521426,0.422482579947,0.563377380371,-0.200051054358,0.326542139053,0.565078496933,-0.205862611532,0.226975262165,0.567446470261,-0.21366097033,0.127740830183,0.570033311844,-0.223857179284,0.0303443819284,0.571130394936,-0.23336660862,-0.0675208121538,0.571972727776,-0.246221467853,-0.164342999458,0.571329951286,-0.25683888793,-0.264032036066,0.571426033974,-0.275480061769,-0.381928890944,0.605319499969,-0.259543716908,-0.364214271307
1776722578.36,0.552534937859,-0.186769261956,0.421535074711,0.55896794796,-0.194611042738,0.325533896685,0.561802387238,-0.199951305985,0.225990325212,0.565601825714,-0.208052590489,0.126800045371,0.569808602333,-0.217855751514,0.0292187333107,0.572629332542,-0.227432921529,-0.0680718123913,0.575345993042,-0.23984181881,-0.165437608957,0.577335238457,-0.251969456673,-0.264982491732,0.579449653625,-0.270597308874,-0.382799953222,0.609933018684,-0.255804866552,-0.364214271307
1776722578.37,0.548477947712,-0.183754265308,0.420695006847,0.556611180305,-0.192139670253,0.324874162674,0.560161471367,-0.197811126709,0.225157126784,0.564558744431,-0.205297276378,0.126394286752,0.570704460144,-0.215423896909,0.0307353213429,0.572955369949,-0.224418282509,-0.0691604316235,0.577716112137,-0.237254574895,-0.165581941605,0.580388903618,-0.249560445547,-0.264627724886,0.583261609077,-0.266917288303,-0.384476006031,0.614393115044,-0.251810193062,-0.364214271307
1776722578.39,0.544224202633,-0.180830076337,0.419762849808,0.551505208015,-0.187624424696,0.323866039515,0.556257486343,-0.192878529429,0.224436193705,0.562099218369,-0.200385570526,0.125333979726,0.568521499634,-0.210077524185,0.0278930515051,0.574177384377,-0.219734340906,-0.0691749900579,0.580396175385,-0.231349438429,-0.167022973299,0.585530281067,-0.243930339813,-0.265868067741,0.591701865196,-0.262592285872,-0.383446604013,0.618662714958,-0.247557446361,-0.364214271307
1776722578.4,0.539793848991,-0.177962943912,0.418836861849,0.551505208015,-0.187624424696,0.323866039515,0.556257486343,-0.192878529429,0.224436193705,0.562099218369,-0.200385570526,0.125333979726,0.568521499634,-0.210077524185,0.0278930515051,0.574177384377,-0.219734340906,-0.0691749900579,0.580396175385,-0.231349438429,-0.167022973299,0.585530281067,-0.243930339813,-0.265868067741,0.591701865196,-0.262592285872,-0.383446604013,0.6227029562,-0.243046566844,-0.364214271307
1776722578.42,0.535612165928,-0.17529886961,0.418043762445,0.551505208015,-0.187624424696,0.323866039515,0.556257486343,-0.192878529429,0.224436193705,0.562099218369,-0.200385570526,0.125333979726,0.568521499634,-0.210077524185,0.0278930515051,0.574177384377,-0.219734340906,-0.0691749900579,0.580396175385,-0.231349438429,-0.167022973299,0.585530281067,-0.243930339813,-0.265868067741,0.591701865196,-0.262592285872,-0.383446604013,0.626474261284,-0.238279998302,-0.364214271307
1776722578.43,0.530739307404,-0.17226549983,0.417200624943,0.551505208015,-0.187624424696,0.323866039515,0.556257486343,-0.192878529429,0.224436193705,0.562099218369,-0.200385570526,0.125333979726,0.568521499634,-0.210077524185,0.0278930515051,0.574177384377,-0.219734340906,-0.0691749900579,0.580396175385,-0.231349438429,-0.167022973299,0.585530281067,-0.243930339813,-0.265868067741,0.591701865196,-0.262592285872,-0.383446604013,0.629936695099,-0.233262881637,-0.364214271307
1776722578.45,0.526163578033,-0.169486567378,0.416518867016,0.534804701805,-0.175098642707,0.320656239986,0.543061733246,-0.181080818176,0.221166104078,0.553063750267,-0.188612148166,0.12258182466,0.564895510674,-0.198010101914,0.0271338820457,0.575443029404,-0.206176012754,-0.0706509649754,0.586305379868,-0.216169416904,-0.169868081808,0.599173784256,-0.226261869073,-0.266893357038,0.615087866783,-0.24108608067,-0.384201467037,0.633050322533,-0.228003114462,-0.364214271307
1776722578.46,0.521599292755,-0.166702881455,0.415906280279,0.531981825829,-0.173539564013,0.320239782333,0.54040646553,-0.179211229086,0.221007615328,0.551222801208,-0.187262013555,0.122684314847,0.563230276108,-0.195757031441,0.0256627425551,0.575304985046,-0.20390637219,-0.0711116492748,0.588716864586,-0.214217841625,-0.168158918619,0.602095842361,-0.223264917731,-0.265751183033,0.617404818535,-0.235989272594,-0.38634493947,0.635776877403,-0.222511515021,-0.364214271307
1776722578.48,0.517402410507,-0.164093583822,0.415556401014,0.525908946991,-0.169096082449,0.31917488575,0.535662055016,-0.175714671612,0.220677956939,0.548164844513,-0.183515116572,0.122772693634,0.562067389488,-0.192551061511,0.0265257433057,0.575407385826,-0.20007494092,-0.0706466436386,0.589823365211,-0.208602413535,-0.169315218925,0.605782985687,-0.216643810272,-0.265962690115,0.624427318573,-0.228408813477,-0.384406775236,0.63807952404,-0.216801688075,-0.364214271307
1776722578.49,0.512663304806,-0.161058828235,0.415235698223,0.523302793503,-0.167482674122,0.319160461426,0.533369898796,-0.174135416746,0.220053851604,0.546007514,-0.181892469525,0.121656626463,0.561235547066,-0.190618366003,0.0267413109541,0.575331807137,-0.19776929915,-0.0708520114422,0.590461611748,-0.205713704228,-0.169601529837,0.606978297234,-0.213035538793,-0.265679329634,0.627655029297,-0.22430318594,-0.383995383978,0.639924287796,-0.210890039802,-0.364214271307
1776722578.51,0.508327186108,-0.158187419176,0.415190458298,0.517409563065,-0.163416594267,0.318783581257,0.528784632683,-0.170183837414,0.220234543085,0.543192982674,-0.178260162473,0.12292201817,0.558409452438,-0.186651214957,0.02599132061,0.574812889099,-0.193129703403,-0.0704892724752,0.59111905098,-0.20000487566,-0.168996632099,0.610612869263,-0.205663114786,-0.265046685934,0.632928848267,-0.215148642659,-0.382961601019,0.641280651093,-0.204795449972,-0.364214271307
1776722578.52,0.504091322422,-0.155307337642,0.415230602026,0.514578938484,-0.161503955722,0.318623483181,0.526710867882,-0.168368190527,0.220043301582,0.541910052299,-0.176104947925,0.123070657253,0.558277368546,-0.184275180101,0.0271489396691,0.574702978134,-0.190659672022,-0.0701407790184,0.591986656189,-0.196921899915,-0.168061554432,0.611589312553,-0.202011987567,-0.264795780182,0.634704709053,-0.210934385657,-0.382215112448,0.642122507095,-0.198539093137,-0.364214271307
1776722578.54,0.499925881624,-0.152446568012,0.415478050709,0.509675860405,-0.157386034727,0.318890690804,0.522640585899,-0.164180070162,0.22032110393,0.537756443024,-0.171700179577,0.122047185898,0.555514454842,-0.179238736629,0.0262544900179,0.573659181595,-0.184390187263,-0.069972679019,0.591908931732,-0.189620822668,-0.167854607105,0.613785862923,-0.194499269128,-0.263348698616,0.637811660767,-0.201017826796,-0.381232619286,0.642428517342,-0.192144006491,-0.364214271307
1776722578.55,0.496692150831,-0.150226965547,0.415819466114,0.50713300705,-0.155678763986,0.319212317467,0.520771384239,-0.161881357431,0.220251828432,0.536471009254,-0.169506594539,0.122459508479,0.554867506027,-0.176612719893,0.0270240455866,0.573402643204,-0.181538388133,-0.0692327916622,0.592648744583,-0.186194851995,-0.166874527931,0.614479899406,-0.189926549792,-0.263098448515,0.640128135681,-0.196538090706,-0.380286306143,0.642182707787,-0.185634687543,-0.364214271307
1776722578.57,0.491906166077,-0.146926924586,0.416445195675,0.502390623093,-0.150667235255,0.319838881493,0.517070651054,-0.156847774982,0.221304833889,0.533799648285,-0.163572862744,0.123150095344,0.552860975266,-0.170316651464,0.0280480831861,0.572447180748,-0.17437556386,-0.0681018829346,0.592881083488,-0.178669124842,-0.166086912155,0.615459799767,-0.181479975581,-0.261452257633,0.642540812492,-0.187598690391,-0.378134340048,0.641374945641,-0.179036572576,-0.364214271307
1776722578.58,0.488301277161,-0.144451200962,0.417038112879,0.500292181969,-0.148657530546,0.320087850094,0.515175700188,-0.154186546803,0.221422508359,0.532334446907,-0.160488754511,0.12378230691,0.552089333534,-0.166477650404,0.0283494517207,0.571797132492,-0.170957431197,-0.0673718750477,0.592619419098,-0.174445927143,-0.165293484926,0.615943908691,-0.177332133055,-0.260367691517,0.642945289612,-0.182098209858,-0.377941548824,0.640001177788,-0.172375589609,-0.364214271307
1776722578.6,0.484295278788,-0.141641125083,0.417831540108,0.495584100485,-0.143800675869,0.320805162191,0.511375665665,-0.148525372148,0.222571730614,0.52960896492,-0.153580129147,0.1248819381,0.549864172935,-0.159419968724,0.0293289273977,0.570351958275,-0.162933692336,-0.0660420060158,0.591998338699,-0.165794655681,-0.164087027311,0.615833163261,-0.167894899845,-0.259033769369,0.644302010536,-0.172950193286,-0.375512987375,0.638063311577,-0.165677517653,-0.364214271307
1776722578.61,0.480693489313,-0.139056280255,0.418660491705,0.493440538645,-0.141335919499,0.321198523045,0.509762644768,-0.145422756672,0.22313632071,0.528199195862,-0.150216042995,0.12534789741,0.548902153969,-0.155647009611,0.0301217734814,0.569817066193,-0.158722698689,-0.0655964910984,0.591693162918,-0.161364227533,-0.163123130798,0.615558862686,-0.163574784994,-0.258506178856,0.644281625748,-0.167962267995,-0.37492582202,0.63556933403,-0.158967599273,-0.364214271307
1776722578.63,0.477405875921,-0.136642634869,0.419440895319,0.489420741796,-0.136828660965,0.322335392237,0.506035685539,-0.139534965158,0.224265828729,0.525298476219,-0.142923787236,0.126812919974,0.546600103378,-0.146919295192,0.0312479361892,0.567848086357,-0.149746462703,-0.0638346225023,0.590625882149,-0.151971980929,-0.16140627861,0.614839315414,-0.15429610014,-0.256228834391,0.643729448318,-0.157806575298,-0.374218940735,0.632532596588,-0.152269974351,-0.364214271307
1776722578.64,0.474319279194,-0.134247675538,0.420391827822,0.487030893564,-0.134342834353,0.322863310575,0.504171729088,-0.136496752501,0.224580362439,0.523673057556,-0.139258489013,0.127101898193,0.545485258102,-0.142940282822,0.0321981757879,0.567023992538,-0.145065695047,-0.063500225544,0.589550852776,-0.147433102131,-0.160797834396,0.613758683205,-0.149139389396,-0.2557939291,0.642584085464,-0.153779044747,-0.372586518526,0.628972172737,-0.145607307553,-0.364214271307
1776722578.66,0.47068977356,-0.131257683039,0.421535879374,0.482932180166,-0.129851222038,0.324451506138,0.5004529953,-0.130357429385,0.226068019867,0.520596146584,-0.131898105145,0.12863881886,0.542758464813,-0.134497746825,0.0338940620422,0.564674735069,-0.135922849178,-0.0613598972559,0.587326169014,-0.13731713593,-0.158834397793,0.611759543419,-0.139727085829,-0.253672063351,0.640341281891,-0.143620297313,-0.371236294508,0.624909281731,-0.138997301459,-0.364214271307
1776722578.68,0.467699825764,-0.128513753414,0.422707617283,0.481111675501,-0.127800837159,0.325042068958,0.498964160681,-0.127656906843,0.227059334517,0.518917679787,-0.128354132175,0.129563257098,0.541207194328,-0.130798101425,0.0348177328706,0.563279271126,-0.130907177925,-0.0613208413124,0.585933089256,-0.132119983435,-0.158740788698,0.610251665115,-0.133893281221,-0.253851860762,0.638650298119,-0.138793289661,-0.370509296656,0.620366454124,-0.132452562451,-0.364214271307
1776722578.69,0.464798510075,-0.125674277544,0.423869460821,0.477530628443,-0.123293012381,0.326780110598,0.495592266321,-0.121889084578,0.228478744626,0.515998482704,-0.121536143124,0.131163775921,0.537759065628,-0.122394159436,0.0358076393604,0.559635400772,-0.12198214978,-0.0598347485065,0.582703828812,-0.12273722887,-0.156546443701,0.606469035149,-0.124550074339,-0.251855969429,0.635490059853,-0.128303855658,-0.370023429394,0.615367889404,-0.12598374486,-0.364214271307
1776722578.7,0.46211835742,-0.122773431242,0.425077944994,0.475879460573,-0.120924048126,0.327509492636,0.493700891733,-0.119162082672,0.229166537523,0.514003157616,-0.118300557137,0.131632059813,0.536329030991,-0.118382446468,0.0368688926101,0.558118581772,-0.117519080639,-0.058926731348,0.580550909042,-0.11829855293,-0.155948758125,0.604240298271,-0.119066424668,-0.251136928797,0.632801532745,-0.1238585338,-0.368091642857,0.609939098358,-0.11959951371,-0.364214271307
1776722578.72,0.459649920464,-0.119783967733,0.426380783319,0.472598046064,-0.116389833391,0.328983306885,0.490589231253,-0.113506704569,0.230814009905,0.510701060295,-0.111541189253,0.133121177554,0.531931757927,-0.111148275435,0.0383779704571,0.553527116776,-0.109384007752,-0.0574131608009,0.57594025135,-0.10910949111,-0.154707789421,0.599417448044,-0.109688140452,-0.250042140484,0.627937197685,-0.112849526107,-0.367883354425,0.604107022285,-0.113306522369,-0.364214271307
1776722578.73,0.457414209843,-0.116674222052,0.427627533674,0.471016675234,-0.114098511636,0.329763710499,0.488421291113,-0.110953487456,0.23154322803,0.508461594582,-0.108837157488,0.134259000421,0.52995967865,-0.1074128896,0.0392839536071,0.551235556602,-0.105519145727,-0.0564868152142,0.57324719429,-0.104639828205,-0.15416675806,0.596754312515,-0.10532476753,-0.24924877286,0.625082373619,-0.107825294137,-0.367780357599,0.597898721695,-0.107109479606,-0.364214271307
1776722578.75,0.45547041297,-0.113392464817,0.428953945637,0.467868059874,-0.109526313841,0.331699073315,0.484836786985,-0.105872355402,0.233512103558,0.504240870476,-0.102701164782,0.135802388191,0.525286316872,-0.10132548213,0.0403942093253,0.546507000923,-0.0983961895108,-0.0553321838379,0.567664504051,-0.0971871614456,-0.152916073799,0.59065747261,-0.0960553213954,-0.248146176338,0.618725419044,-0.0973513647914,-0.366274178028,0.591341972351,-0.101011171937,-0.364214271307
1776722578.76,0.453806549311,-0.109863616526,0.430337637663,0.466426342726,-0.107424303889,0.332125902176,0.483308047056,-0.103451870382,0.233910188079,0.502107381821,-0.100519679487,0.136817321181,0.522905707359,-0.0984312519431,0.0413658991456,0.543420553207,-0.0951783582568,-0.0547561347485,0.565394282341,-0.0936189815402,-0.152020692825,0.587508559227,-0.0917929559946,-0.247565835714,0.614862561226,-0.0921862199903,-0.36571842432,0.5844643116,-0.0950126126409,-0.364214271307
1776722578.78,0.452302008867,-0.105818018317,0.431728184223,0.463870793581,-0.103042468429,0.334076493979,0.479854911566,-0.0987804681063,0.235566884279,0.497699230909,-0.0952754467726,0.13844576478,0.517558097839,-0.0929268151522,0.042470023036,0.537857294083,-0.0891291946173,-0.0535991191864,0.558185338974,-0.0858997628093,-0.15121614933,0.579810857773,-0.0828160643578,-0.247518241405,0.606722474098,-0.0814231112599,-0.365700960159,0.577293276787,-0.089113086462,-0.364214271307
1776722578.79,0.451133877039,-0.101796679199,0.433063149452,0.462525337934,-0.100739262998,0.334937512875,0.47813603282,-0.0966537967324,0.236561372876,0.495701760054,-0.0930515453219,0.138760447502,0.515164136887,-0.0906274095178,0.0430657193065,0.534267425537,-0.0863263607025,-0.0532090812922,0.554411530495,-0.0824686512351,-0.151279300451,0.576377034187,-0.078725039959,-0.246776491404,0.602065205574,-0.0761187151074,-0.365480333567,0.569855928421,-0.0833103209734,-0.364214271307
1776722578.81,0.45035931468,-0.0983870625496,0.434101909399,0.460676640272,-0.0962935909629,0.336503565311,0.475004762411,-0.0923784077168,0.23787368834,0.491278082132,-0.0889752954245,0.140082001686,0.509555220604,-0.0861492082477,0.0445525348186,0.527952671051,-0.080198854208,-0.0519871264696,0.54735314846,-0.0756798610091,-0.149774998426,0.568238973618,-0.0701783001423,-0.246012061834,0.592451810837,-0.0652765110135,-0.364877313375,0.562178611755,-0.0776005908847,-0.364214271307
1776722578.82,0.44948771596,-0.0930548235774,0.435631662607,0.459648936987,-0.0936518162489,0.337300807238,0.473849028349,-0.0902945920825,0.239070922136,0.489369779825,-0.0868076980114,0.140486806631,0.507001042366,-0.083303488791,0.0444588363171,0.524383187294,-0.0776853114367,-0.0519068539143,0.544031620026,-0.0721064582467,-0.149444818497,0.563426971436,-0.0658940300345,-0.24587854743,0.588161945343,-0.0598570406437,-0.36521962285,0.554287314415,-0.071978867054,-0.364214271307
1776722578.84,0.449071317911,-0.0888493955135,0.436747014523,0.458371907473,-0.0887445807457,0.339344620705,0.471073061228,-0.0856122523546,0.240168735385,0.485446900129,-0.0823133513331,0.142006203532,0.501740694046,-0.0787536278367,0.0456080362201,0.517888426781,-0.0721404105425,-0.0508207380772,0.535136342049,-0.0652393549681,-0.148949742317,0.554105997086,-0.0577455721796,-0.245398789644,0.576988697052,-0.0501013025641,-0.364342659712,0.546206951141,-0.0664389431477,-0.364214271307
1776722578.85,0.448723971844,-0.0831341445446,0.438146531582,0.457725018263,-0.0860019028187,0.339990735054,0.470125883818,-0.0829486697912,0.240887075663,0.483366817236,-0.079970702529,0.142613738775,0.498896926641,-0.0762490406632,0.045967772603,0.514430642128,-0.0693687200546,-0.0506162941456,0.531715273857,-0.0620508491993,-0.148730188608,0.548960804939,-0.0534433163702,-0.245311439037,0.571783423424,-0.0449476987123,-0.364670723677,0.537962079048,-0.0609735921025,-0.364214271307
1776722578.87,0.448697447777,-0.0777815505862,0.439312815666,0.456939667463,-0.080025754869,0.341486334801,0.467946439981,-0.0776529088616,0.242203980684,0.480213433504,-0.0748927742243,0.143797561526,0.493823438883,-0.0712119489908,0.046702824533,0.507504940033,-0.0632142797112,-0.0501513630152,0.52264213562,-0.0553575120866,-0.148021668196,0.539358139038,-0.04531031847,-0.245189666748,0.560394644737,-0.0353844724596,-0.36403247714,0.529576182365,-0.0555746778846,-0.364214271307
1776722578.88,0.44898968935,-0.0720534473658,0.44045996666,0.456437259912,-0.0768439024687,0.342223763466,0.466836124659,-0.07456818223,0.242897108197,0.47824588418,-0.0716829523444,0.143878981471,0.491425722837,-0.067782945931,0.0473139882088,0.504610419273,-0.0606838613749,-0.0493191033602,0.518502473831,-0.0515320599079,-0.147546708584,0.534110426903,-0.0415012836456,-0.24517005682,0.553522467613,-0.0304911583662,-0.364672511816,0.521072149277,-0.0502333119512,-0.364214271307
1776722578.9,0.449497640133,-0.0667883753777,0.441417247057,0.45599630475,-0.0739371702075,0.34257787466,0.465633541346,-0.0711515322328,0.243553981185,0.476519197226,-0.0682917609811,0.144676715136,0.488931685686,-0.064940340817,0.0479044094682,0.50125849247,-0.0573565550148,-0.0490855723619,0.514192938805,-0.0482991561294,-0.147238761187,0.52876162529,-0.0376304574311,-0.244792401791,0.547076225281,-0.0262459665537,-0.364401996136,0.512472391129,-0.0449399612844,-0.364214271307
1776722578.91,0.450300812721,-0.06038332358,0.442460626364,0.455371707678,-0.0664680227637,0.344666600227,0.463866442442,-0.0641752555966,0.244715034962,0.473283499479,-0.0613905861974,0.145460113883,0.484115570784,-0.057720746845,0.0488239303231,0.494525521994,-0.0501635856926,-0.0481370538473,0.505909800529,-0.0410273335874,-0.147192686796,0.518385529518,-0.0299120247364,-0.244645416737,0.534223079681,-0.0167843699455,-0.364700078964,0.503798484802,-0.0396845862269,-0.364214271307
1776722578.93,0.451452434063,-0.052904330194,0.443492412567,0.455445438623,-0.0584277547896,0.345738828182,0.462344616652,-0.0559962280095,0.246352091432,0.470290869474,-0.0537010096014,0.146744340658,0.479514628649,-0.0496206395328,0.0495788827538,0.488498061895,-0.0418063886464,-0.0473020672798,0.497468620539,-0.0330437496305,-0.146600306034,0.508111834526,-0.0221401080489,-0.24341326952,0.519905805588,-0.00840664375573,-0.364447325468,0.495071679354,-0.0344567485154,-0.364214271307
1776722578.94,0.452509433031,-0.0468917675316,0.444249689579,0.455717176199,-0.0545556098223,0.346902191639,0.462036222219,-0.0518233440816,0.246889799833,0.468851357698,-0.0494753867388,0.147797912359,0.477132052183,-0.04531660676,0.0500700324774,0.485515266657,-0.0376796685159,-0.046634554863,0.493710547686,-0.0287690926343,-0.145786494017,0.502633094788,-0.0179853253067,-0.243147403002,0.513103246689,-0.005004233215,-0.364011794329,0.486312955618,-0.0292457286268,-0.364214271307
1776722578.96,0.454299688339,-0.0377459339797,0.445159614086,0.456247657537,-0.0458511449397,0.347695380449,0.460813194513,-0.0432357937098,0.248055994511,0.465903013945,-0.0403054729104,0.148282811046,0.47249892354,-0.0363677404821,0.0510454252362,0.477946907282,-0.0287870820612,-0.0470527559519,0.484953254461,-0.0199469104409,-0.146047115326,0.490896373987,-0.00962245650589,-0.24396687746,0.498303085566,0.00213940814137,-0.364786535501,0.477543085814,-0.0240406375378,-0.364214271307
1776722578.97,0.455717086792,-0.0311127919704,0.445618033409,0.456766456366,-0.0409882590175,0.347883820534,0.460570603609,-0.0384825803339,0.248199865222,0.465135008097,-0.0353328660131,0.149259418249,0.470135182142,-0.0314176231623,0.0510027706623,0.474873274565,-0.0238262228668,-0.0467055290937,0.479635328054,-0.015510391444,-0.145867228508,0.485253304243,-0.00577327469364,-0.243834763765,0.491315811872,0.00570029532537,-0.365132629871,0.468782693148,-0.0188305284828,-0.364214271307
1776722578.99,0.457538366318,-0.0233016069978,0.446051090956,0.45785549283,-0.0314024463296,0.349249303341,0.460337132215,-0.0282709635794,0.249246373773,0.462730616331,-0.024933476001,0.150157734752,0.466066092253,-0.0210569687188,0.0518594868481,0.468232601881,-0.0139199895784,-0.0459249168634,0.470716446638,-0.00655976962298,-0.145474761724,0.473588079214,0.00228299200535,-0.24340057373,0.476229816675,0.0119347861037,-0.365371823311,0.460052460432,-0.0136045040563,-0.364214271307
1776722579,0.459745973349,-0.0148751288652,0.446321815252,0.458484023809,-0.0262192599475,0.349256813526,0.460230499506,-0.0230127312243,0.249366015196,0.46183386445,-0.0195431988686,0.150463223457,0.46363940835,-0.0158375836909,0.0519607439637,0.464525789022,-0.00899647921324,-0.0460529774427,0.465816050768,-0.00136912520975,-0.14555439353,0.467371851206,0.00628530513495,-0.243437737226,0.468021780252,0.0155298504978,-0.365686476231,0.451373308897,-0.00835182704031,-0.364214271307
1776722579.02,0.461661845446,-0.00784384645522,0.446398586035,0.460029214621,-0.0154062155634,0.349637210369,0.45988675952,-0.0120162991807,0.250083059072,0.45971557498,-0.00812933780253,0.15138579905,0.459124356508,-0.00454083597288,0.0527413934469,0.457921534777,0.0013445825316,-0.0451909899712,0.45582100749,0.00726638175547,-0.14501735568,0.4557723701,0.0139796156436,-0.242770642042,0.453175038099,0.0217563584447,-0.365852922201,0.442766517401,-0.0030620326288,-0.364214271307
1776722579.03,0.464047312737,0.000367145054042,0.446290284395,0.46087577939,-0.00969906803221,0.350193142891,0.459939330816,-0.00633560726419,0.250100970268,0.458730310202,-0.00235678278841,0.151251479983,0.457084864378,0.000799739267677,0.0527889244258,0.454517990351,0.00648046471179,-0.0451225340366,0.451772600412,0.0116169210523,-0.144987523556,0.449793249369,0.0179271493107,-0.243039190769,0.44634899497,0.0241700354964,-0.365762859583,0.434253662825,0.00227496074513,-0.364214271307
1776722579.05,0.466924458742,0.00989708676934,0.445945441723,0.462332874537,0.00135821197182,0.349992156029,0.459384769201,0.00526853883639,0.250430881977,0.456096321344,0.00910706724972,0.15140375495,0.45241484046,0.0115798646584,0.053058296442,0.447647720575,0.0162542145699,-0.0448199361563,0.442641705275,0.02107302472,-0.144018530846,0.438306897879,0.0250136367977,-0.242516011,0.430896669626,0.0296988524497,-0.365185707808,0.42585709691,0.00766872987151,-0.364214271307
1776722579.06,0.469293534756,0.0169999115169,0.44552013278,0.462332874537,0.00135821197182,0.349992156029,0.459384769201,0.00526853883639,0.250430881977,0.456096321344,0.00910706724972,0.15140375495,0.45241484046,0.0115798646584,0.053058296442,0.447647720575,0.0162542145699,-0.0448199361563,0.442641705275,0.02107302472,-0.144018530846,0.438306897879,0.0250136367977,-0.242516011,0.430896669626,0.0296988524497,-0.365185707808,0.417599529028,0.0131282247603,-0.364214271307
1776722579.08,0.472114890814,0.0252220369875,0.444870173931,0.462332874537,0.00135821197182,0.349992156029,0.459384769201,0.00526853883639,0.250430881977,0.456096321344,0.00910706724972,0.15140375495,0.45241484046,0.0115798646584,0.053058296442,0.447647720575,0.0162542145699,-0.0448199361563,0.442641705275,0.02107302472,-0.144018530846,0.438306897879,0.0250136367977,-0.242516011,0.430896669626,0.0296988524497,-0.365185707808,0.409504622221,0.0186616443098,-0.364214271307
1776722579.09,0.474805682898,0.0327900797129,0.444052308798,0.462332874537,0.00135821197182,0.349992156029,0.459384769201,0.00526853883639,0.250430881977,0.456096321344,0.00910706724972,0.15140375495,0.45241484046,0.0115798646584,0.053058296442,0.447647720575,0.0162542145699,-0.0448199361563,0.442641705275,0.02107302472,-0.144018530846,0.438306897879,0.0250136367977,-0.242516011,0.430896669626,0.0296988524497,-0.365185707808,0.401596575975,0.0242763012648,-0.364214271307
1776722579.11,0.477982401848,0.0413082167506,0.442880034447,0.462332874537,0.00135821197182,0.349992156029,0.459384769201,0.00526853883639,0.250430881977,0.456096321344,0.00910706724972,0.15140375495,0.45241484046,0.0115798646584,0.053058296442,0.447647720575,0.0162542145699,-0.0448199361563,0.442641705275,0.02107302472,-0.144018530846,0.438306897879,0.0250136367977,-0.242516011,0.430896669626,0.0296988524497,-0.365185707808,0.393900483847,0.0299784876406,-0.364214271307
1776722579.12,0.481011718512,0.0490178652108,0.441650062799,0.462332874537,0.00135821197182,0.349992156029,0.459384769201,0.00526853883639,0.250430881977,0.456096321344,0.00910706724972,0.15140375495,0.45241484046,0.0115798646584,0.053058296442,0.447647720575,0.0162542145699,-0.0448199361563,0.442641705275,0.02107302472,-0.144018530846,0.438306897879,0.0250136367977,-0.242516011,0.430896669626,0.0296988524497,-0.365185707808,0.386442095041,0.0357733368874,-0.364214271307
1776722579.14,0.484051018953,0.0563023202121,0.440044134855,0.471679359674,0.0495710112154,0.346461981535,0.459277361631,0.052852012217,0.246937856078,0.446033984423,0.0545251891017,0.148928537965,0.433186978102,0.0549108721316,0.0511757843196,0.419377654791,0.0566806383431,-0.0454378575087,0.402925640345,0.0568048842251,-0.144324958324,0.388682335615,0.0562596395612,-0.242238521576,0.368602305651,0.0550395846367,-0.364479392767,0.379247814417,0.0416646897793,-0.364214271307
1776722579.15,0.487154006958,0.0632525682449,0.438415586948,0.473019808531,0.0546054281294,0.345455348492,0.459687918425,0.0574905052781,0.246298506856,0.445841938257,0.0591641180217,0.148357957602,0.430885225534,0.0594282262027,0.0509050302207,0.41558560729,0.0605246126652,-0.0458074510098,0.399625271559,0.0600208826363,-0.144625246525,0.38304272294,0.060379434377,-0.242117732763,0.362312048674,0.0579747855663,-0.364223480225,0.372344702482,0.0476549528539,-0.364214271307
1776722579.17,0.490197360516,0.0699738636613,0.436496049166,0.475699871778,0.0641638413072,0.343517422676,0.46047142148,0.0665142610669,0.244736984372,0.444382697344,0.0681067183614,0.147392377257,0.427721232176,0.0670023858547,0.0497010201216,0.410664707422,0.0677705928683,-0.0466856211424,0.392111092806,0.0668173730373,-0.144203037024,0.373789995909,0.0657130032778,-0.242073625326,0.351207584143,0.0629923865199,-0.36281234026,0.365760117769,0.053744956851,-0.364214271307
1776722579.18,0.493156909943,0.0763867124915,0.434431582689,0.47710826993,0.0682610049844,0.342165291309,0.460987836123,0.0706266239285,0.24378874898,0.444088548422,0.0714009106159,0.14657561481,0.42604932189,0.0710779950023,0.049790289253,0.407972365618,0.0709863454103,-0.0469481647015,0.388508290052,0.0696775317192,-0.14533379674,0.368951410055,0.0694821923971,-0.242418587208,0.346023648977,0.0655201524496,-0.362361311913,0.359521776438,0.0599338561296,-0.364214271307
1776722579.2,0.496061652899,0.0824103504419,0.432191073895,0.479716807604,0.0767888203263,0.339678227901,0.461752265692,0.0786706656218,0.241459950805,0.443104356527,0.0795007646084,0.144570022821,0.423992723227,0.0778922960162,0.0482749864459,0.404135614634,0.0780776366591,-0.0470245778561,0.381484895945,0.076860524714,-0.144961893559,0.360837072134,0.0747120752931,-0.242706418037,0.334513872862,0.0727332904935,-0.362959295511,0.353657215834,0.0662190020084,-0.364214271307
1776722579.21,0.498756140471,0.0881934016943,0.429845273495,0.479716807604,0.0767888203263,0.339678227901,0.461752265692,0.0786706656218,0.241459950805,0.443104356527,0.0795007646084,0.144570022821,0.423992723227,0.0778922960162,0.0482749864459,0.404135614634,0.0780776366591,-0.0470245778561,0.381484895945,0.076860524714,-0.144961893559,0.360837072134,0.0747120752931,-0.242706418037,0.334513872862,0.0727332904935,-0.362959295511,0.348193913698,0.0725958570838,-0.364214271307
1776722579.23,0.501278221607,0.0935749709606,0.427375078201,0.479716807604,0.0767888203263,0.339678227901,0.461752265692,0.0786706656218,0.241459950805,0.443104356527,0.0795007646084,0.144570022821,0.423992723227,0.0778922960162,0.0482749864459,0.404135614634,0.0780776366591,-0.0470245778561,0.381484895945,0.076860524714,-0.144961893559,0.360837072134,0.0747120752931,-0.242706418037,0.334513872862,0.0727332904935,-0.362959295511,0.343158453703,0.0790579244494,-0.364214271307
1776722579.24,0.503168702126,0.0976193398237,0.425465703011,0.484395712614,0.0918281748891,0.333560705185,0.463595837355,0.0928999558091,0.236037671566,0.442249506712,0.0923564657569,0.139591962099,0.420037776232,0.0901228860021,0.0432355552912,0.397824138403,0.0904689133167,-0.0509447306395,0.371475189924,0.0886218622327,-0.148062556982,0.346660882235,0.0876924321055,-0.244223892689,0.314670175314,0.0858525559306,-0.364483743906,0.338576704264,0.0855967178941,-0.364214271307
1776722579.26,0.505989432335,0.10427198559,0.422069400549,0.485484868288,0.09532161057,0.332008302212,0.46437767148,0.0960666239262,0.234902709723,0.442481607199,0.0954332947731,0.138358399272,0.419480532408,0.0931288897991,0.0424099937081,0.396338135004,0.0930197760463,-0.0519405901432,0.369798451662,0.09171307832,-0.1485055089,0.34374704957,0.0910328328609,-0.244628965855,0.310359060764,0.0890178903937,-0.364601880312,0.334472924471,0.0922017395496,-0.364214271307
1776722579.27,0.507322788239,0.107764951885,0.420203924179,0.487769037485,0.101936347783,0.328862369061,0.465963214636,0.102688007057,0.23185968399,0.442573875189,0.101638056338,0.134571373463,0.418945282698,0.0994012579322,0.0400393307209,0.393996447325,0.099340133369,-0.053919672966,0.366793483496,0.0973558425903,-0.150993436575,0.337723642588,0.0969337821007,-0.24646961689,0.304209589958,0.0940895006061,-0.363988101482,0.33086976409,0.0988605469465,-0.364214271307
1776722579.29,0.508698999882,0.111939527094,0.417999267578,0.488606184721,0.105266742408,0.327320843935,0.466521650553,0.105193585157,0.229977339506,0.443036645651,0.104436852038,0.133685663342,0.418612927198,0.102286547422,0.0387220308185,0.393499881029,0.102253936231,-0.0552610009909,0.364117175341,0.101563341916,-0.151285588741,0.336128860712,0.0995054021478,-0.247269123793,0.298877716064,0.0988285839558,-0.366559386253,0.327787518501,0.105558782816,-0.364214271307
1776722579.3,0.509704887867,0.115982085466,0.415796339512,0.488606184721,0.105266742408,0.327320843935,0.466521650553,0.105193585157,0.229977339506,0.443036645651,0.104436852038,0.133685663342,0.418612927198,0.102286547422,0.0387220308185,0.393499881029,0.102253936231,-0.0552610009909,0.364117175341,0.101563341916,-0.151285588741,0.336128860712,0.0995054021478,-0.247269123793,0.298877716064,0.0988285839558,-0.366559386253,0.325243920088,0.112280346453,-0.364214271307
1776722579.32,0.510252654552,0.119078069925,0.414062768221,0.490962654352,0.114279553294,0.322511643171,0.468650370836,0.114477738738,0.226209998131,0.443897634745,0.112547546625,0.128723084927,0.418650060892,0.111123196781,0.0348967313766,0.391221553087,0.111200012267,-0.0579670667648,0.359649926424,0.10993719101,-0.153807848692,0.330192416906,0.109292604029,-0.249113380909,0.291305840015,0.109366439283,-0.367889255285,0.323253601789,0.119007535279,-0.364214271307
1776722579.33,0.510441720486,0.122149288654,0.412426829338,0.491950422525,0.119362391531,0.319515287876,0.469759434462,0.120166346431,0.223120003939,0.444941729307,0.119043081999,0.125983655453,0.418980151415,0.117271780968,0.0324736535549,0.391323715448,0.116514526308,-0.0612095892429,0.35975125432,0.116321206093,-0.156740427017,0.327284663916,0.11598417908,-0.252374827862,0.28608751297,0.116328559816,-0.369817137718,0.321827828884,0.125721260905,-0.364214271307
1776722579.35,0.510253846645,0.12477530539,0.41094148159,0.492126733065,0.121934361756,0.31794655323,0.469907134771,0.122880935669,0.221941441298,0.444643944502,0.121393740177,0.124611601233,0.419045478106,0.120208032429,0.0309956148267,0.390685290098,0.119973443449,-0.0619320124388,0.359628111124,0.119116507471,-0.158062845469,0.325459241867,0.12007047236,-0.253019720316,0.286341756582,0.118263311684,-0.368755400181,0.320974111557,0.132401302457,-0.364214271307
1776722579.36,0.509590148926,0.127246513963,0.40973123908,0.491811960936,0.126549512148,0.316322654486,0.469743698835,0.127790525556,0.219751060009,0.445468217134,0.127371370792,0.12228628993,0.41945913434,0.126324772835,0.0287020280957,0.390974491835,0.125756025314,-0.0649959594011,0.35940399766,0.126002117991,-0.157543748617,0.324374377728,0.12731204927,-0.256126016378,0.284021854401,0.125014036894,-0.370694130659,0.320695996284,0.139026626945,-0.364214271307
1776722579.38,0.508500337601,0.129370257258,0.408889770508,0.490961700678,0.130432233214,0.314939975739,0.468930095434,0.132242128253,0.21767604351,0.444881647825,0.132773429155,0.120290264487,0.418950468302,0.131585583091,0.0259843021631,0.391260236502,0.132370725274,-0.0670309513807,0.357468575239,0.132559597492,-0.162777900696,0.325687021017,0.132221356034,-0.25689008832,0.284500151873,0.131618067622,-0.3724578619,0.320992827415,0.145575672388,-0.364214271307
1776722579.39,0.507154226303,0.131266251206,0.408320784569,0.490961700678,0.130432233214,0.314939975739,0.468930095434,0.132242128253,0.21767604351,0.444881647825,0.132773429155,0.120290264487,0.418950468302,0.131585583091,0.0259843021631,0.391260236502,0.132370725274,-0.0670309513807,0.357468575239,0.132559597492,-0.162777900696,0.325687021017,0.132221356034,-0.25689008832,0.284500151873,0.131618067622,-0.3724578619,0.321859747171,0.152026712894,-0.364214271307
1776722579.41,0.50562107563,0.132911607623,0.408159554005,0.488276809454,0.134459733963,0.312516182661,0.466892033815,0.13709692657,0.215188995004,0.444042891264,0.139033257961,0.118253149092,0.419122487307,0.139407426119,0.0236888304353,0.392158418894,0.141466706991,-0.069988489151,0.361325472593,0.142174676061,-0.16374823451,0.327545583248,0.14179481566,-0.259390592575,0.287326455116,0.14102832973,-0.375737518072,0.323287636042,0.158358201385,-0.364214271307
1776722579.42,0.503647148609,0.134535223246,0.408226072788,0.486776858568,0.136070966721,0.312127768993,0.465806990862,0.138947978616,0.214850693941,0.443010002375,0.141085729003,0.117612972856,0.419087678194,0.142212837934,0.0234586894512,0.392378360033,0.144236981869,-0.0706226825714,0.36187466979,0.14514157176,-0.164732128382,0.328580230474,0.145345702767,-0.260171383619,0.287167549133,0.146587476134,-0.37791004777,0.3252633214,0.164549142122,-0.364214271307
1776722579.44,0.501449882984,0.136095076799,0.408505290747,0.484373003244,0.138162210584,0.312510073185,0.463778942823,0.14217095077,0.215113848448,0.441317886114,0.144308567047,0.117269575596,0.417606323957,0.146229028702,0.0225924700499,0.392296880484,0.150179833174,-0.070974573493,0.363229185343,0.151085600257,-0.166238278151,0.331191271544,0.152827590704,-0.262196868658,0.290111541748,0.153931751847,-0.380926817656,0.327769637108,0.170579403639,-0.364214271307
1776722579.45,0.499102950096,0.137543767691,0.409097343683,0.48296418786,0.139314293861,0.31244623661,0.462355583906,0.143211752176,0.214600652456,0.440143793821,0.146390929818,0.117251858115,0.41727116704,0.148632958531,0.0222144275904,0.392558664083,0.152249589562,-0.0713504105806,0.363966137171,0.153560772538,-0.166750490665,0.332337886095,0.157020553946,-0.26283839345,0.295369684696,0.156455293298,-0.380332738161,0.330785900354,0.176430046558,-0.364214271307
1776722579.47,0.496503978968,0.138942584395,0.40990704298,0.481535166502,0.140307575464,0.312538981438,0.46114012599,0.144847035408,0.214785709977,0.438965708017,0.147995352745,0.117820106447,0.416427701712,0.150429978967,0.0224307030439,0.392254441977,0.154200926423,-0.071757748723,0.364874392748,0.156203046441,-0.167497724295,0.333256810904,0.160180062056,-0.264418333769,0.297200262547,0.160950407386,-0.381611764431,0.334288209677,0.182083591819,-0.364214271307
1776722579.48,0.493556529284,0.140346363187,0.41098934412,0.478258639574,0.142309635878,0.313285082579,0.458246797323,0.147187098861,0.215737223625,0.437188357115,0.151284739375,0.118698194623,0.415446966887,0.154029339552,0.0234299376607,0.392396301031,0.15877301991,-0.0712247490883,0.366457611322,0.161169603467,-0.167400151491,0.338310986757,0.164781585336,-0.265249878168,0.305893421173,0.166823253036,-0.382767826319,0.338249891996,0.187524273992,-0.364214271307
1776722579.5,0.490881234407,0.141484692693,0.41203635931,0.474982649088,0.144059091806,0.314377784729,0.455426722765,0.149290114641,0.217034459114,0.434892505407,0.153586745262,0.119520582259,0.414036005735,0.156983733177,0.023569509387,0.393113940954,0.162163197994,-0.0711237192154,0.368530184031,0.166100755334,-0.167851418257,0.342511445284,0.171371042728,-0.266036659479,0.314279735088,0.175013706088,-0.384984195232,0.342642098665,0.192738190293,-0.364214271307
1776722579.51,0.487964957952,0.142701685429,0.413337230682,0.472930461168,0.145070239902,0.314923226833,0.453930228949,0.150244563818,0.218349456787,0.433609992266,0.154032960534,0.119831860065,0.413992375135,0.157904788852,0.0246448516846,0.393563777208,0.163035988808,-0.0705459713936,0.370680123568,0.167777359486,-0.168134480715,0.346014112234,0.173589065671,-0.265656769276,0.318746447563,0.177998960018,-0.384448468685,0.347434252501,0.197713449597,-0.364214271307
1776722579.53,0.484894663095,0.143880024552,0.414979755878,0.469405680895,0.146104708314,0.316791057587,0.450647979975,0.151163771749,0.219120427966,0.43146571517,0.155905395746,0.121076583862,0.413890510798,0.160024687648,0.0256393402815,0.394542127848,0.166328176856,-0.0699629038572,0.374245434999,0.171801924706,-0.167832940817,0.352256625891,0.179746538401,-0.266779631376,0.328762501478,0.185558915138,-0.386081129313,0.352594703436,0.20244024694,-0.364214271307
1776722579.54,0.482017934322,0.144865065813,0.41651391983,0.46763125062,0.146673485637,0.317891985178,0.44953468442,0.152319669724,0.220392853022,0.431199520826,0.156431436539,0.122156411409,0.413582116365,0.161154359579,0.0264299735427,0.396091610193,0.168053627014,-0.0695968717337,0.37692245841,0.173481121659,-0.167813330889,0.355072051287,0.182632282376,-0.266853839159,0.335447102785,0.18813252449,-0.386371821165,0.358091205359,0.206910863519,-0.364214271307
1776722579.56,0.479297876358,0.145632237196,0.418180823326,0.464404970407,0.147942394018,0.320038318634,0.446791559458,0.152815699577,0.221725434065,0.429669231176,0.1571816504,0.123528137803,0.413902372122,0.162613004446,0.0274180844426,0.398529857397,0.170683428645,-0.0684557706118,0.382284194231,0.17754073441,-0.167269974947,0.364556461573,0.186489239335,-0.265935689211,0.345795184374,0.194938570261,-0.386168003082,0.36389157176,0.211119607091,-0.364214271307
1776722579.57,0.476650238037,0.146213784814,0.419940382242,0.46291205287,0.148435547948,0.320950657129,0.44624248147,0.153610959649,0.223652392626,0.42958137393,0.158240571618,0.124498106539,0.41515186429,0.163346424699,0.0279281586409,0.400133043528,0.17137889564,-0.0683381259441,0.385365635157,0.179444864392,-0.166605859995,0.368229299784,0.189253330231,-0.265491485596,0.353411823511,0.196579232812,-0.385116428137,0.36996409297,0.215062722564,-0.364214271307
1776722579.59,0.474385559559,0.146502733231,0.421599775553,0.460104912519,0.149078533053,0.323319137096,0.444574803114,0.154763028026,0.224748939276,0.429448276758,0.160174787045,0.126474872231,0.41703531146,0.165620625019,0.0297434255481,0.404557257891,0.174133092165,-0.0674269348383,0.391461521387,0.183567345142,-0.16516405344,0.376745730639,0.194766119123,-0.265546828508,0.363558202982,0.204106539488,-0.38578119874,0.376278072596,0.218738287687,-0.364214271307
1776722579.6,0.472184121609,0.146563395858,0.423455297947,0.459007114172,0.149734795094,0.324249565601,0.444324821234,0.155165493488,0.225734040141,0.430434018373,0.160704046488,0.127377435565,0.417953640223,0.166893050075,0.0300229340792,0.406734734774,0.175370380282,-0.0661317706108,0.395073443651,0.184347733855,-0.165879011154,0.381409794092,0.197034344077,-0.265143364668,0.369185179472,0.207598373294,-0.386038929224,0.382804065943,0.222145974636,-0.364214271307
1776722579.62,0.470178872347,0.14640147984,0.425350993872,0.457585424185,0.15025280416,0.32668364048,0.444301098585,0.156520828605,0.228113025427,0.431912630796,0.162807703018,0.128971621394,0.421857327223,0.168862864375,0.0317492336035,0.412586480379,0.178742289543,-0.0650132894516,0.402899295092,0.188494071364,-0.163317590952,0.391298919916,0.201582446694,-0.265214234591,0.383674353361,0.212410122156,-0.383477330208,0.389514356852,0.225286930799,-0.364214271307
1776722579.63,0.468473792076,0.145987510681,0.427155941725,0.456913381815,0.150690034032,0.327990442514,0.444800883532,0.157033503056,0.228936374187,0.433167129755,0.163568556309,0.129952892661,0.42483869195,0.170408576727,0.032583899796,0.415052503347,0.180507361889,-0.064690515399,0.406876295805,0.18963740766,-0.16299277544,0.39725241065,0.203157007694,-0.263084739447,0.390530854464,0.214189752936,-0.382783025503,0.39638325572,0.228163450956,-0.364214271307
1776722579.65,0.467130810022,0.145463168621,0.428845047951,0.456913381815,0.150690034032,0.327990442514,0.444800883532,0.157033503056,0.228936374187,0.433167129755,0.163568556309,0.129952892661,0.42483869195,0.170408576727,0.032583899796,0.415052503347,0.180507361889,-0.064690515399,0.406876295805,0.18963740766,-0.16299277544,0.39725241065,0.203157007694,-0.263084739447,0.390530854464,0.214189752936,-0.382783025503,0.403386980295,0.230778843164,-0.364214271307
1776722579.67,0.46597930789,0.144885838032,0.430494427681,0.456423193216,0.151109144092,0.331721067429,0.446978121996,0.158902853727,0.233018770814,0.439105838537,0.16684538126,0.133531719446,0.432359963655,0.174913674593,0.0361322388053,0.427220672369,0.184906348586,-0.0610449761152,0.420967847109,0.196179866791,-0.159410685301,0.41327765584,0.208985492587,-0.260970324278,0.411017268896,0.22053989768,-0.379640042782,0.410504192114,0.233137130737,-0.364214271307
1776722579.68,0.464826881886,0.144092604518,0.432364583015,0.456735759974,0.150685548782,0.334019750357,0.449439674616,0.159881085157,0.234721273184,0.443640500307,0.168891012669,0.136384174228,0.439105778933,0.177133649588,0.0382273197174,0.434633225203,0.188321635127,-0.0594813674688,0.430985540152,0.199308499694,-0.158479243517,0.428122729063,0.21110932529,-0.257581919432,0.424130469561,0.224903076887,-0.377996087074,0.417715638876,0.235242828727,-0.364214271307
1776722579.7,0.464040488005,0.143390700221,0.433835566044,0.457033067942,0.150724172592,0.335242956877,0.450921565294,0.160474121571,0.236139371991,0.446524173021,0.170019850135,0.137993186712,0.442937940359,0.178320273757,0.039215862751,0.439714878798,0.190086349845,-0.0576050132513,0.435398608446,0.201487571001,-0.157502889633,0.432088404894,0.214212954044,-0.256008774042,0.4298851192,0.226663693786,-0.377208739519,0.425004452467,0.237100735307,-0.364214271307
1776722579.71,0.463442474604,0.142737582326,0.435116767883,0.457843750715,0.150480240583,0.337132871151,0.453940540552,0.160750642419,0.237857490778,0.451249986887,0.170896962285,0.139382719994,0.449530214071,0.181062832475,0.0413678362966,0.448864847422,0.193304270506,-0.0557614713907,0.447272866964,0.204366952181,-0.15508249402,0.445527523756,0.2160128057,-0.253158003092,0.443514853716,0.229230105877,-0.374891638756,0.43235579133,0.238715693355,-0.364214271307
1776722579.72,0.463052153587,0.1421687603,0.436215490103,0.458565324545,0.150273412466,0.338521003723,0.45570525527,0.160984158516,0.239365935326,0.454403430223,0.172195464373,0.141199737787,0.453353792429,0.182057842612,0.0422160476446,0.453269511461,0.194301903248,-0.0547717362642,0.452285736799,0.205861181021,-0.153520435095,0.451764494181,0.217805162072,-0.25195735693,0.450502187014,0.230350568891,-0.373316437006,0.439756900072,0.240092396736,-0.364214271307
1776722579.74,0.462859988213,0.141702592373,0.437132835388,0.460107713938,0.149960577488,0.340000331402,0.459302932024,0.16172079742,0.240893796086,0.459868043661,0.173089742661,0.142352342606,0.460987061262,0.183844938874,0.0442878082395,0.462593823671,0.196410626173,-0.052206709981,0.462676435709,0.208154976368,-0.15145996213,0.464872092009,0.219907149673,-0.250746071339,0.465747505426,0.23158338666,-0.371248006821,0.447196871042,0.241235226393,-0.364214271307
1776722579.75,0.462861001492,0.141418084502,0.437728732824,0.460666686296,0.150000780821,0.340753912926,0.460978060961,0.16193240881,0.241868078709,0.462716907263,0.173422053456,0.143577307463,0.464938491583,0.184215798974,0.0457859709859,0.466827720404,0.196815162897,-0.0519218295813,0.468212872744,0.208544328809,-0.150981009007,0.470829635859,0.220907494426,-0.249435573816,0.471570879221,0.233110532165,-0.37009871006,0.454666286707,0.242148071527,-0.364214271307
1776722579.77,0.462998181581,0.141245126724,0.43803730607,0.462523728609,0.149910509586,0.341884285212,0.464876264334,0.16191008687,0.24309912324,0.468241304159,0.173700258136,0.144632264972,0.472275108099,0.18511249125,0.0470446571708,0.475694388151,0.197857439518,-0.0503685325384,0.477712363005,0.210364311934,-0.149357259274,0.481886893511,0.222299844027,-0.247518181801,0.485117763281,0.235255107284,-0.36894968152,0.462157338858,0.242834240198,-0.364214271307
1776722579.78,0.463285714388,0.141188308597,0.438176304102,0.463597387075,0.149925142527,0.342292159796,0.466705650091,0.16225476563,0.243210181594,0.470887094736,0.173821076751,0.144829720259,0.475475102663,0.185165524483,0.0472683385015,0.479597598314,0.198094934225,-0.0499295890331,0.483326584101,0.210261464119,-0.149196505547,0.487381905317,0.223168253899,-0.24656867981,0.491739302874,0.236280024052,-0.36820229888,0.469663053751,0.243296325207,-0.364214271307
1776722579.8,0.463741719723,0.141193017364,0.438107967377,0.465236097574,0.149926513433,0.342602074146,0.470256656408,0.161757469177,0.24389949441,0.476203113794,0.17352591455,0.145455032587,0.482640713453,0.185072392225,0.048104993999,0.488183349371,0.197818994522,-0.0493221580982,0.492983490229,0.21040867269,-0.148371428251,0.499759703875,0.223403990269,-0.245199948549,0.504935622215,0.237616866827,-0.366699784994,0.477177530527,0.243536099792,-0.364214271307
1776722579.81,0.464447438717,0.141231223941,0.43785110116,0.466134697199,0.149713128805,0.342647850513,0.471704989672,0.161806881428,0.243748411536,0.47882989049,0.173558115959,0.146138817072,0.485900312662,0.184565499425,0.0475093275309,0.49276766181,0.197395369411,-0.0488093495369,0.498100250959,0.210325807333,-0.147723317146,0.505470275879,0.223217457533,-0.245078831911,0.511259913445,0.238120853901,-0.365523785353,0.48469504714,0.243554532528,-0.364214271307
1776722579.83,0.465365618467,0.141221225262,0.437434703112,0.468110710382,0.149557352066,0.342505633831,0.474843710661,0.161369487643,0.24356238544,0.483192294836,0.172490030527,0.145441740751,0.491889864206,0.183543816209,0.0479208230972,0.499959141016,0.196716919541,-0.0486040711403,0.507151007652,0.210157126188,-0.14756205678,0.515284895897,0.224007621408,-0.244502156973,0.524532914162,0.238922476768,-0.365514367819,0.492210358381,0.243351683021,-0.364214271307
1776722579.84,0.466498553753,0.141095712781,0.436913669109,0.468810528517,0.149458065629,0.342284530401,0.476438850164,0.161019995809,0.243326306343,0.485190063715,0.172260224819,0.146109655499,0.494468122721,0.1828430444,0.0477760881186,0.504306197166,0.196161076427,-0.0484621077776,0.511593818665,0.209340170026,-0.147592365742,0.520730733871,0.223982125521,-0.245246559381,0.531006574631,0.2390101403,-0.365461289883,0.499717980623,0.242926761508,-0.364214271307
1776722579.86,0.467882961035,0.140759453177,0.436213761568,0.471102982759,0.149303644896,0.341561555862,0.479452639818,0.160167276859,0.242991521955,0.489428192377,0.170648962259,0.144968420267,0.499905079603,0.181579008698,0.0476934984326,0.510912775993,0.194698601961,-0.0486507117748,0.520898103714,0.208460435271,-0.147369593382,0.531143188477,0.223249644041,-0.244907110929,0.543817162514,0.238847151399,-0.364610344172,0.507211923599,0.24227809906,-0.364214271307
1776722579.88,0.47001734376,0.139990478754,0.435131788254,0.473148792982,0.149251252413,0.340837419033,0.482268363237,0.159456387162,0.241963922977,0.492983549833,0.170026898384,0.143737271428,0.504884600639,0.180329978466,0.0473617315292,0.516469478607,0.193482592702,-0.049613982439,0.529072523117,0.207050606608,-0.147920250893,0.541003227234,0.22235108912,-0.245022416115,0.555872797966,0.238196820021,-0.364365458488,0.514685511589,0.241403236985,-0.364214271307
1776722579.89,0.471131116152,0.139460235834,0.434574782848,0.473148792982,0.149251252413,0.340837419033,0.482268363237,0.159456387162,0.241963922977,0.492983549833,0.170026898384,0.143737271428,0.504884600639,0.180329978466,0.0473617315292,0.516469478607,0.193482592702,-0.049613982439,0.529072523117,0.207050606608,-0.147920250893,0.541003227234,0.22235108912,-0.245022416115,0.555872797966,0.238196820021,-0.364365458488,0.522130966187,0.240299001336,-0.364214271307
1776722579.9,0.473420441151,0.138204976916,0.433445900679,0.47576752305,0.148506328464,0.339757323265,0.484952360392,0.158730566502,0.24135658145,0.496374577284,0.169107928872,0.143103510141,0.509397387505,0.17906396091,0.0465594828129,0.522104501724,0.191511854529,-0.0504549592733,0.535520076752,0.20552419126,-0.148932367563,0.550171017647,0.22114379704,-0.245395243168,0.567834854126,0.236959248781,-0.364208847284,0.529539227486,0.238961577415,-0.364214271307
1776722579.92,0.475614100695,0.136815324426,0.432408332825,0.478315740824,0.147574499249,0.338518708944,0.488035649061,0.15810598433,0.239890754223,0.500056624413,0.1681355685,0.141815289855,0.514028906822,0.178196772933,0.0449940562248,0.527749061584,0.190873846412,-0.051912009716,0.543176293373,0.203862637281,-0.149027228355,0.558861970901,0.218759611249,-0.245600163937,0.57875931263,0.235318392515,-0.364530980587,0.53689968586,0.237386643887,-0.364214271307
1776722579.93,0.477995812893,0.135171979666,0.431397974491,0.479820281267,0.146925613284,0.337831795216,0.489749521017,0.157527551055,0.238830313087,0.501734614372,0.167820125818,0.141143262386,0.515476703644,0.177626818419,0.0439638197422,0.530532479286,0.190174967051,-0.051603898406,0.546720743179,0.203256294131,-0.149559795856,0.563393354416,0.218252807856,-0.245988368988,0.584296107292,0.233560726047,-0.364212781191,0.544199943542,0.235569566488,-0.364214271307
1776722579.95,0.480459690094,0.13332785666,0.430339753628,0.482899755239,0.145205929875,0.336331188679,0.493175834417,0.15630979836,0.237496554852,0.506014585495,0.166944876313,0.139398112893,0.520421147346,0.176338136196,0.0435195714235,0.535870790482,0.18979151547,-0.0534163117409,0.553157329559,0.202225953341,-0.151086390018,0.571307897568,0.216084346175,-0.246006011963,0.594342708588,0.231123015285,-0.364978432655,0.551425337791,0.233505487442,-0.364214271307
1776722579.96,0.483261615038,0.131067320704,0.429152160883,0.484927088022,0.144132003188,0.335574507713,0.495058268309,0.155296698213,0.237120240927,0.507739186287,0.166018798947,0.139309003949,0.522676110268,0.17627158761,0.0423778742552,0.539208889008,0.188797920942,-0.0529763996601,0.556015968323,0.201436027884,-0.150770068169,0.5754789114,0.215189218521,-0.246842801571,0.59931397438,0.229565635324,-0.365113943815,0.558559536934,0.231189623475,-0.364214271307
1776722579.98,0.485400974751,0.129309520125,0.428317815065,0.488392144442,0.142166882753,0.334253370762,0.499025732279,0.153618872166,0.235587954521,0.512333154678,0.164494127035,0.138117194176,0.528011441231,0.175046786666,0.0417971014977,0.54442512989,0.187928125262,-0.0547737032175,0.562752008438,0.200391054153,-0.152376890182,0.582857608795,0.212800726295,-0.247656971216,0.608320355415,0.22569514811,-0.365407645702,0.565583586693,0.22861738503,-0.364214271307
1776722579.99,0.487776845694,0.127239271998,0.427350610495,0.490074843168,0.140606090426,0.333516508341,0.50118303299,0.152289032936,0.235046699643,0.514640331268,0.163602247834,0.137550786138,0.530194878578,0.174065262079,0.0411028191447,0.547334432602,0.187120512128,-0.0543020218611,0.566383123398,0.198948800564,-0.152061462402,0.586656451225,0.2115354985,-0.248540610075,0.612042307854,0.223885372281,-0.365890085697,0.572476625443,0.225784629583,-0.364214271307
1776722580.01,0.490018039942,0.125227853656,0.426435351372,0.494340628386,0.138100415468,0.332054495811,0.505646109581,0.150107905269,0.23362377286,0.519768476486,0.161699622869,0.136219725013,0.535570502281,0.172581076622,0.0400365516543,0.553805708885,0.185021594167,-0.0560091286898,0.573001623154,0.196363806725,-0.152819275856,0.593631386757,0.207951322198,-0.247919797897,0.619411230087,0.219508185983,-0.366829454899,0.579215049744,0.22268794477,-0.364214271307
1776722580.02,0.491904437542,0.123518057168,0.425825595856,0.496193379164,0.13706985116,0.331144750118,0.507957577705,0.14862395823,0.233000606298,0.522201180458,0.160518810153,0.135585218668,0.538844943047,0.171567618847,0.0398511588573,0.55605661869,0.183969631791,-0.0569159239531,0.576047301292,0.194895967841,-0.153010100126,0.596903204918,0.206247538328,-0.248959094286,0.623075604439,0.217637881637,-0.367327332497,0.585773587227,0.219324827194,-0.364214271307
1776722580.04,0.494237810373,0.121481984854,0.425220072269,0.499946445227,0.134317547083,0.330488413572,0.512595772743,0.146294698119,0.232318326831,0.527717828751,0.157867461443,0.13457274437,0.544649243355,0.168356984854,0.0387937575579,0.562423229218,0.180590048432,-0.0571885555983,0.581944823265,0.191266328096,-0.154239803553,0.603146314621,0.201942652464,-0.24978274107,0.628388404846,0.212234124541,-0.368739366531,0.592124938965,0.215693920851,-0.364214271307
1776722580.05,0.496124625206,0.119782522321,0.424918949604,0.501906037331,0.133155882359,0.330157995224,0.514959692955,0.144902229309,0.231778606772,0.530649900436,0.156578913331,0.133884802461,0.547951579094,0.166847333312,0.0385961085558,0.566427707672,0.178478255868,-0.05747205019,0.584998488426,0.189229592681,-0.154595971107,0.606080532074,0.199601784348,-0.250425130129,0.63117647171,0.210062772036,-0.369051545858,0.598239779472,0.211795315146,-0.364214271307
1776722580.07,0.497901439667,0.118188731372,0.424782127142,0.505395650864,0.130859822035,0.329524099827,0.520101189613,0.14225204289,0.231108754873,0.53629219532,0.152638450265,0.134033158422,0.554304122925,0.162404462695,0.0381951704621,0.572201371193,0.173861220479,-0.0580431222916,0.591324806213,0.18413618207,-0.155051618814,0.611481189728,0.194508016109,-0.250948578119,0.635517597198,0.204686447978,-0.370218127966,0.604087710381,0.207630634308,-0.364214271307
1776722580.08,0.499524116516,0.116696164012,0.42479711771,0.507354617119,0.129571795464,0.329268097878,0.522181034088,0.140374436975,0.231159806252,0.539421916008,0.150917768478,0.133629515767,0.557180643082,0.160353079438,0.0382563173771,0.575009942055,0.171288996935,-0.0579130500555,0.593519210815,0.181402295828,-0.155787736177,0.613928318024,0.191804006696,-0.251294493675,0.637338519096,0.202080383897,-0.370463520288,0.609637141228,0.203203320503,-0.364214271307
1776722580.1,0.500922203064,0.115299940109,0.424922466278,0.510896086693,0.126738995314,0.329145371914,0.526672005653,0.137078002095,0.23140463233,0.544201493263,0.146368160844,0.133978635073,0.562816262245,0.154871508479,0.0384287983179,0.580833554268,0.165778383613,-0.057422414422,0.598653674126,0.175371289253,-0.155726969242,0.618196487427,0.185708001256,-0.251745432615,0.640377044678,0.19616997242,-0.370978653431,0.614855766296,0.198518738151,-0.364214271307
1776722580.11,0.502096414566,0.113937683403,0.425165474415,0.512279987335,0.12563893199,0.329454004765,0.52879345417,0.135362505913,0.231252491474,0.546832680702,0.144315510988,0.13390392065,0.565500855446,0.151991248131,0.0387745648623,0.583186268806,0.162680745125,-0.0573271363974,0.600648999214,0.172086134553,-0.15561747551,0.620027780533,0.18260294199,-0.251699060202,0.641453385353,0.193172052503,-0.371339827776,0.619711518288,0.193584263325,-0.364214271307
1776722580.13,0.50305056572,0.112653128803,0.425498783588,0.515215039253,0.122859857976,0.329554975033,0.5320956707,0.131221413612,0.231721177697,0.55083322525,0.139237105846,0.134019657969,0.569807291031,0.146282881498,0.0392042025924,0.587453603745,0.156049534678,-0.0569165796041,0.604691505432,0.166058167815,-0.155470103025,0.62305366993,0.176164731383,-0.251785486937,0.643621683121,0.186354234815,-0.371147960424,0.624172568321,0.188409343362,-0.364214271307
1776722580.14,0.503780186176,0.111372552812,0.425801068544,0.516378879547,0.121437378228,0.329879581928,0.53360748291,0.12941019237,0.231807470322,0.552326917648,0.136681750417,0.134793162346,0.571561455727,0.143518507481,0.0388801619411,0.58922970295,0.153095468879,-0.0568858534098,0.606500387192,0.162430226803,-0.155063778162,0.62416613102,0.17289301753,-0.251792252064,0.644057035446,0.183175757527,-0.371353745461,0.628208041191,0.183005556464,-0.364214271307
1776722580.16,0.504280090332,0.110130041838,0.42608460784,0.518007159233,0.118798337877,0.330254882574,0.536063194275,0.125329568982,0.232413634658,0.555171370506,0.13182733953,0.135209962726,0.573988318443,0.137869298458,0.0393305942416,0.592193841934,0.146815791726,-0.056371062994,0.608601689339,0.155863314867,-0.15474948287,0.625360012054,0.166220188141,-0.252315968275,0.644852399826,0.176470398903,-0.371532976627,0.631788849831,0.177386447787,-0.364214271307
1776722580.17,0.504593849182,0.108880475163,0.426333606243,0.518693327904,0.117579825222,0.330566048622,0.536799788475,0.1234421134,0.232785284519,0.55597281456,0.129407718778,0.135079115629,0.575313806534,0.135093659163,0.0398017317057,0.592460393906,0.143672347069,-0.056149944663,0.609457373619,0.15276004374,-0.155032962561,0.626063346863,0.162367865443,-0.251316696405,0.645752906799,0.172586202621,-0.370879560709,0.634887814522,0.171567484736,-0.364214271307
1776722580.19,0.504808425903,0.107634671032,0.426532864571,0.519438266754,0.115081980824,0.330655544996,0.537674427032,0.120107151568,0.233016878366,0.556971430779,0.124996885657,0.135422930121,0.576135873795,0.129438921809,0.0399614050984,0.593257308006,0.137505486608,-0.0563170313835,0.609969615936,0.145807623863,-0.155641973019,0.626127481461,0.155544117093,-0.25200176239,0.645736694336,0.164955228567,-0.371186345816,0.637480735779,0.165565878153,-0.364214271307
1776722580.2,0.504937291145,0.106373727322,0.426719248295,0.519739866257,0.11387539655,0.331205606461,0.53786277771,0.118733808398,0.233458802104,0.55699467659,0.122934378684,0.135510906577,0.575918078423,0.127228960395,0.040301322937,0.592892408371,0.13475856185,-0.0563719272614,0.610375881195,0.142521977425,-0.154667526484,0.626238226891,0.151670530438,-0.252079546452,0.645334124565,0.160919845104,-0.371308237314,0.63954615593,0.159400343895,-0.364214271307
1776722580.22,0.504994094372,0.105015821755,0.426963269711,0.519506573677,0.111390031874,0.330886632204,0.537410736084,0.115655250847,0.233025401831,0.556186079979,0.119375340641,0.135421156883,0.574847102165,0.122580423951,0.0397982373834,0.59203517437,0.129253998399,-0.0562837868929,0.608543395996,0.136125221848,-0.154576718807,0.625591874123,0.144293248653,-0.251969903708,0.644692540169,0.152985244989,-0.371431142092,0.64106631279,0.153090834618,-0.364214271307
1776722580.23,0.504977762699,0.103702552617,0.427199274302,0.518968939781,0.110880970955,0.331380397081,0.5364767313,0.114409446716,0.233087718487,0.554976344109,0.11781950295,0.135582834482,0.573738455772,0.120576821268,0.039822474122,0.591210722923,0.126909077168,-0.0572232455015,0.607530355453,0.132665902376,-0.154865592718,0.624846458435,0.140576228499,-0.251838475466,0.644007325172,0.148326426744,-0.371720552444,0.642027497292,0.146658241749,-0.364214271307
1776722580.25,0.504927814007,0.102582924068,0.427370548248,0.518758416176,0.109574511647,0.331494867802,0.53580737114,0.113356694579,0.23299652338,0.55396592617,0.116027958691,0.13577927649,0.572514772415,0.118540920317,0.0400846526027,0.589465260506,0.124171301723,-0.0569915771484,0.606646776199,0.129713281989,-0.154992729425,0.623847007751,0.136609449983,-0.251175433397,0.643293738365,0.14413754642,-0.371881812811,0.642419815063,0.140124022961,-0.364214271307
1776722580.26,0.504868805408,0.101552218199,0.42750403285,0.518061518669,0.107619777322,0.331781953573,0.533850193024,0.111153237522,0.233098566532,0.551285386086,0.113232515752,0.135044440627,0.568945646286,0.115048408508,0.0394645780325,0.586045503616,0.119594924152,-0.0572674274445,0.603212833405,0.123961463571,-0.155354261398,0.621274352074,0.129680618644,-0.251973509789,0.641370654106,0.135080933571,-0.372283607721,0.642237663269,0.133509904146,-0.364214271307
1776722580.28,0.504714310169,0.0987919792533,0.42782407999,0.517253875732,0.105721585453,0.331988573074,0.531824827194,0.108983688056,0.233035951853,0.547768831253,0.110421359539,0.13531935215,0.565008997917,0.111694581807,0.039124108851,0.581820130348,0.115339711308,-0.0577830672264,0.599106311798,0.118463359773,-0.156173676252,0.617651939392,0.122458003461,-0.252674371004,0.639173269272,0.126067370176,-0.37265637517,0.641479730606,0.126837491989,-0.364214271307
1776722580.29,0.504571199417,0.0967251434922,0.428020685911,0.516445875168,0.104562073946,0.331623345613,0.530740976334,0.107397139072,0.233486831188,0.546330332756,0.109399020672,0.134514525533,0.562966942787,0.109993420541,0.0392632633448,0.579424262047,0.113393552601,-0.0582073330879,0.596688628197,0.116202101111,-0.156350165606,0.61572432518,0.119132839143,-0.252483785152,0.638485193253,0.121313646436,-0.372170627117,0.640148878098,0.120127953589,-0.364214271307
1776722580.31,0.504379749298,0.0941146612167,0.428193211555,0.515336632729,0.102256186306,0.331870615482,0.52839910984,0.105151288211,0.233075261116,0.542885780334,0.106567792594,0.135042890906,0.55875658989,0.107010670006,0.0385766103864,0.574648976326,0.109431318939,-0.0581254810095,0.591854095459,0.110439360142,-0.157023400068,0.611202597618,0.11145632714,-0.252448886633,0.633862733841,0.11144220829,-0.372392952442,0.638252019882,0.113401651382,-0.364214271307
1776722580.32,0.50415033102,0.0915490314364,0.428350865841,0.515135407448,0.100776277483,0.332010030746,0.527512311935,0.103960633278,0.233110293746,0.54142165184,0.105338484049,0.134722217917,0.55670773983,0.10540767014,0.0383431985974,0.571987867355,0.107217997313,-0.0584618002176,0.5894780159,0.107449620962,-0.157170772552,0.60854279995,0.108124211431,-0.252886295319,0.631476759911,0.106597773731,-0.372258633375,0.635799646378,0.106677882373,-0.364214271307
1776722580.35,0.503593504429,0.0867496803403,0.428531378508,0.513874292374,0.0975133031607,0.332221239805,0.525407075882,0.100641317666,0.232807219028,0.538103103638,0.102581635118,0.134759306908,0.552631735802,0.102193057537,0.0383151993155,0.567580223083,0.103145852685,-0.0589443594217,0.58399450779,0.102702513337,-0.158123940229,0.603560805321,0.100723519921,-0.253202736378,0.627418160439,0.0967463031411,-0.371634572744,0.632806062698,0.0999745950103,-0.364214271307
1776722580.35,0.503304898739,0.0847765207291,0.428587675095,0.513236880302,0.0955313444138,0.331780016422,0.524266719818,0.0991947948933,0.233263447881,0.536646842957,0.100545465946,0.134600356221,0.55061006546,0.0998550504446,0.0380552709103,0.565414190292,0.100465349853,-0.0588011443615,0.581820487976,0.0990921780467,-0.157838702202,0.60142159462,0.0974586308002,-0.253891825676,0.624532818794,0.0927806124091,-0.373068779707,0.629288315773,0.09330817312,-0.364214271307
1776722580.37,0.502645134926,0.0808604732156,0.428695768118,0.511836647987,0.0912623405457,0.332154870033,0.522343635559,0.0950868949294,0.233303159475,0.533963799477,0.096491523087,0.134380027652,0.547317385674,0.0957242101431,0.0376715809107,0.561523318291,0.0956080928445,-0.059295669198,0.577033281326,0.0934413820505,-0.158286571503,0.596005558968,0.0899319201708,-0.254488378763,0.618463993073,0.0831496268511,-0.373280465603,0.625266432762,0.0866932719946,-0.364214271307
1776722580.38,0.501853883266,0.0767679810524,0.428778290749,0.511308550835,0.0890066474676,0.3324868083,0.521213531494,0.0927104055882,0.233083963394,0.532673120499,0.0942530483007,0.134215921164,0.545748591423,0.0934327319264,0.0379845276475,0.559807062149,0.0926932319999,-0.0589825809002,0.575098991394,0.0901355817914,-0.158073276281,0.592569112778,0.0861564427614,-0.254845827818,0.614272713661,0.078123614192,-0.37269538641,0.620762705803,0.0801426544785,-0.364214271307
1776722580.4,0.500836014748,0.0721922963858,0.428888380527,0.509627342224,0.0834227725863,0.332289129496,0.519418358803,0.0870370641351,0.233363181353,0.530744671822,0.0885847508907,0.134191885591,0.543162345886,0.0878614857793,0.0373117774725,0.556205630302,0.0867201015353,-0.059169486165,0.570912837982,0.0829945504665,-0.158170759678,0.587450027466,0.0782113596797,-0.254696696997,0.605440616608,0.0696353465319,-0.374595552683,0.615801215172,0.0736671537161,-0.364214271307
1776722580.41,0.499704986811,0.0682405531406,0.429060280323,0.508827209473,0.080411195755,0.332366347313,0.518677473068,0.0839296355844,0.233142867684,0.529779672623,0.0852782055736,0.134583026171,0.54203748703,0.0842794105411,0.0374593138695,0.554662466049,0.0834386944771,-0.0588454008102,0.568513989449,0.0798397213221,-0.158392846584,0.584011673927,0.074892565608,-0.255385309458,0.602693676949,0.0662719160318,-0.375871777534,0.610407352448,0.0672755986452,-0.364214271307
1776722580.43,0.498365551233,0.0637527033687,0.429222643375,0.507145047188,0.0742107480764,0.332562565804,0.517207145691,0.0768880471587,0.233489647508,0.52795112133,0.0781233087182,0.13502766192,0.540102005005,0.0767706930637,0.037853397429,0.551408290863,0.0756055265665,-0.0598115175962,0.563589453697,0.0721301808953,-0.159160852432,0.578024029732,0.0665794312954,-0.255295276642,0.593471169472,0.0569102689624,-0.374138921499,0.604607820511,0.0609747990966,-0.364214271307
1776722580.44,0.497012078762,0.0593719594181,0.429435968399,0.506677985191,0.070951551199,0.333113640547,0.516622185707,0.073282495141,0.233668163419,0.527340531349,0.0739868581295,0.13525159657,0.538894295692,0.0725935474038,0.0376542359591,0.550105690956,0.0716928839684,-0.0598396062851,0.561844110489,0.0678599700332,-0.158970624208,0.574487686157,0.0623415187001,-0.25533080101,0.589047431946,0.0542698204517,-0.375533998013,0.59842979908,0.0547696202993,-0.364214271307
1776722580.46,0.495430827141,0.0544561967254,0.429720014334,0.504394412041,0.064061678946,0.333063662052,0.514218449593,0.0658259019256,0.233518600464,0.525543689728,0.0656158775091,0.134986877441,0.53673684597,0.0636096149683,0.0384287089109,0.546721220016,0.062386661768,-0.0596098005772,0.55660867691,0.0588882043958,-0.158843278885,0.567510962486,0.0544488318264,-0.256226748228,0.579649686813,0.0457081384957,-0.375742912292,0.591901063919,0.0486630275846,-0.364214271307
1776722580.47,0.493782430887,0.0493292845786,0.430096536875,0.503462195396,0.0606235489249,0.333493769169,0.513856649399,0.0618153363466,0.234123125672,0.524380922318,0.061287522316,0.135439366102,0.53536093235,0.0587167218328,0.037767611444,0.544909596443,0.0574239641428,-0.0593539625406,0.553663611412,0.0542366541922,-0.159227281809,0.564147114754,0.0501575507224,-0.256162524223,0.574520945549,0.0429097339511,-0.377469778061,0.585049033165,0.0426561571658,-0.364214271307
1776722580.49,0.492066681385,0.0439767874777,0.430585682392,0.500837683678,0.0532599575818,0.333779931068,0.511189460754,0.0538482666016,0.234397321939,0.521641969681,0.0523911267519,0.135552182794,0.532193422318,0.0488999709487,0.0384934917092,0.540535926819,0.0474368408322,-0.0593634396791,0.548066616058,0.0445118658245,-0.159147083759,0.556370019913,0.0416295081377,-0.25678858161,0.564343452454,0.0363518260419,-0.378012359142,0.577901482582,0.0367484465241,-0.364214271307
1776722580.5,0.490699976683,0.0396706238389,0.431061685085,0.499704450369,0.0495423041284,0.334039449692,0.509700894356,0.04957119748,0.234977275133,0.519804239273,0.0474487021565,0.13583368063,0.530013442039,0.0443329587579,0.0388560965657,0.538048386574,0.0424445942044,-0.059098303318,0.545214295387,0.0396292284131,-0.158832728863,0.552424788475,0.0371915362775,-0.256451785564,0.558576703072,0.0325715690851,-0.377540647984,0.570485234261,0.0309377387166,-0.364214271307
1776722580.52,0.488666296005,0.0329894758761,0.431789517403,0.49694493413,0.0417010076344,0.334360897541,0.506296157837,0.0406318828464,0.23525005579,0.515777587891,0.0380848571658,0.136413052678,0.524958610535,0.0342139489949,0.0391782224178,0.532581925392,0.0324162207544,-0.0584851801395,0.538181304932,0.0302833504975,-0.158467918634,0.543667674065,0.02929225564,-0.256816834211,0.549226164818,0.0266678966582,-0.377625763416,0.562826871872,0.0252204332501,-0.364214271307
1776722580.53,0.487247377634,0.0280815716833,0.432435274124,0.495619446039,0.0372773557901,0.335046112537,0.504350066185,0.0359755568206,0.235929518938,0.513451457024,0.0334261916578,0.136775270104,0.522216558456,0.0293766073883,0.039116486907,0.529205203056,0.0277883727103,-0.0581941753626,0.534353017807,0.0258729606867,-0.158554822206,0.539564013481,0.0252685248852,-0.256358623505,0.543469905853,0.0233716610819,-0.377999216318,0.554952502251,0.0195915959775,-0.364214271307
1776722580.55,0.485409080982,0.0216376688331,0.433375835419,0.492218226194,0.0291046462953,0.336068153381,0.500493168831,0.0273220483214,0.236564397812,0.508231759071,0.0239788424224,0.137433752418,0.515837669373,0.0201315954328,0.0395072773099,0.521898269653,0.018671380356,-0.0576474517584,0.525750279427,0.0174074266106,-0.15750348568,0.530324459076,0.0172260925174,-0.255731076002,0.532471656799,0.0168731436133,-0.378276228905,0.546886920929,0.0140451192856,-0.364214271307
1776722580.56,0.483888059855,0.0157330986112,0.434202671051,0.490861743689,0.0245185662061,0.336730897427,0.498124152422,0.0225780010223,0.237000763416,0.505250811577,0.0192024838179,0.137771636248,0.512274861336,0.0155772790313,0.0399653092027,0.517844200134,0.0144951175898,-0.0572751015425,0.520815849304,0.0135004073381,-0.158124417067,0.525470733643,0.0135065373033,-0.25560221076,0.528007507324,0.013179753907,-0.377392202616,0.538654923439,0.00857384968549,-0.364214271307
1776722580.58,0.482201725245,0.00903770327568,0.435249686241,0.48762896657,0.0162203647196,0.337395250797,0.493228584528,0.0137599501759,0.238033145666,0.498926073313,0.0103047238663,0.138848409057,0.50441300869,0.00703136436641,0.0407668873668,0.50837290287,0.00658740662038,-0.0568985193968,0.511613488197,0.00571887567639,-0.157209396362,0.515144705772,0.00706664007157,-0.255084723234,0.517624616623,0.00701278354973,-0.377086639404,0.530279874802,0.00316972937435,-0.364214271307
1776722580.59,0.480827212334,0.00358579307795,0.436042636633,0.485695391893,0.0121195586398,0.337995052338,0.49062409997,0.00931186974049,0.238621756434,0.49583914876,0.00617334619164,0.140126958489,0.500464916229,0.0029329052195,0.0413349568844,0.504013419151,0.00259277876467,-0.0566172003746,0.506169557571,0.00252767419443,-0.155931979418,0.509911894798,0.00333349453285,-0.254715651274,0.512539744377,0.0033261408098,-0.376374453306,0.52178478241,-0.0021760771051,-0.364214271307
1776722580.61,0.47940531373,-0.00224461173639,0.436891257763,0.482558220625,0.00396132655442,0.33888989687,0.485639363527,0.0017997790128,0.239519357681,0.488444834948,-0.00127275509294,0.140337735415,0.492015630007,-0.00431758910418,0.0420768931508,0.493959754705,-0.00438622059301,-0.0560052096844,0.496059030294,-0.00451815221459,-0.156186789274,0.499652177095,-0.00395918730646,-0.253560483456,0.501526117325,-0.00341073004529,-0.376575112343,0.513192176819,-0.00747305015102,-0.364214271307
1776722580.62,0.477840095758,-0.00914922170341,0.437708586454,0.480986505747,0.000448508420959,0.339626312256,0.482773393393,-0.0021082283929,0.240163341165,0.484884232283,-0.0048853745684,0.140856802464,0.487631171942,-0.00781497731805,0.0424834042788,0.489083141088,-0.00781002826989,-0.0557128340006,0.490495294333,-0.00775549048558,-0.155284970999,0.494560569525,-0.00684507191181,-0.2530143857,0.497384399176,-0.00726610934362,-0.374682277441,0.504523634911,-0.0127311954275,-0.364214271307
1776722580.64,0.476665139198,-0.0146006997675,0.438234090805,0.477428525686,-0.00693541904911,0.34092605114,0.477577537298,-0.00873067509383,0.241416618228,0.478156596422,-0.0109741017222,0.142372265458,0.478824287653,-0.0140155702829,0.043609790504,0.479590982199,-0.0140262758359,-0.0544543862343,0.480457037687,-0.0143079608679,-0.154526293278,0.483753174543,-0.0137052023783,-0.252449184656,0.48662546277,-0.0140072973445,-0.374401241541,0.495800405741,-0.0179609209299,-0.364214271307
1776722580.65,0.475373715162,-0.0208958927542,0.438733011484,0.475620001554,-0.0106529640034,0.341040879488,0.474800378084,-0.0121800452471,0.241217419505,0.474299639463,-0.0143559500575,0.14221227169,0.475003689528,-0.0170850791037,0.0436857640743,0.474858731031,-0.0171807706356,-0.0543743371964,0.475558668375,-0.0175978243351,-0.154188066721,0.478675752878,-0.0173731744289,-0.251740157604,0.481353312731,-0.0177880804986,-0.373570233583,0.487043589354,-0.023172929883,-0.364214271307
1776722580.67,0.47418269515,-0.0270988158882,0.439228892326,0.472452193499,-0.0181038677692,0.34195548296,0.469948858023,-0.0184744745493,0.242338314652,0.467601269484,-0.0203794222325,0.142514660954,0.467187076807,-0.0229078494012,0.0444835796952,0.465726464987,-0.022806622088,-0.0535413622856,0.466160207987,-0.0238390378654,-0.153403937817,0.468249231577,-0.0235528834164,-0.251642107964,0.470097750425,-0.0245496947318,-0.37317276001,0.478273838758,-0.0283780973405,-0.364214271307
1776722580.68,0.473169565201,-0.0326727181673,0.43956926465,0.470786184072,-0.021950494498,0.342234969139,0.467490583658,-0.0220075137913,0.242443814874,0.464568406343,-0.0232344418764,0.142618507147,0.463229686022,-0.0255007501692,0.0455074831843,0.461934536695,-0.0260487683117,-0.0525429993868,0.461538463831,-0.0269739814103,-0.153088361025,0.463160544634,-0.0269285645336,-0.250881224871,0.463403016329,-0.0277601182461,-0.373185604811,0.469511836767,-0.0335873700678,-0.364214271307
1776722580.7,0.471871286631,-0.0401591919363,0.439912796021,0.470786184072,-0.021950494498,0.342234969139,0.467490583658,-0.0220075137913,0.242443814874,0.464568406343,-0.0232344418764,0.142618507147,0.463229686022,-0.0255007501692,0.0455074831843,0.461934536695,-0.0260487683117,-0.0525429993868,0.461538463831,-0.0269739814103,-0.153088361025,0.463160544634,-0.0269285645336,-0.250881224871,0.463403016329,-0.0277601182461,-0.373185604811,0.460778325796,-0.0388116575778,-0.364214271307
1776722580.71,0.470804512501,-0.0467086434364,0.440024852753,0.470786184072,-0.021950494498,0.342234969139,0.467490583658,-0.0220075137913,0.242443814874,0.464568406343,-0.0232344418764,0.142618507147,0.463229686022,-0.0255007501692,0.0455074831843,0.461934536695,-0.0260487683117,-0.0525429993868,0.461538463831,-0.0269739814103,-0.153088361025,0.463160544634,-0.0269285645336,-0.250881224871,0.463403016329,-0.0277601182461,-0.373185604811,0.452094107866,-0.0440617054701,-0.364214271307
1776722580.73,0.469870448112,-0.0531738847494,0.440054774284,0.470786184072,-0.021950494498,0.342234969139,0.467490583658,-0.0220075137913,0.242443814874,0.464568406343,-0.0232344418764,0.142618507147,0.463229686022,-0.0255007501692,0.0455074831843,0.461934536695,-0.0260487683117,-0.0525429993868,0.461538463831,-0.0269739814103,-0.153088361025,0.463160544634,-0.0269285645336,-0.250881224871,0.463403016329,-0.0277601182461,-0.373185604811,0.443480461836,-0.0493480190635,-0.364214271307
1776722580.74,0.468938857317,-0.0604918114841,0.439966380596,0.470786184072,-0.021950494498,0.342234969139,0.467490583658,-0.0220075137913,0.242443814874,0.464568406343,-0.0232344418764,0.142618507147,0.463229686022,-0.0255007501692,0.0455074831843,0.461934536695,-0.0260487683117,-0.0525429993868,0.461538463831,-0.0269739814103,-0.153088361025,0.463160544634,-0.0269285645336,-0.250881224871,0.463403016329,-0.0277601182461,-0.373185604811,0.434958964586,-0.0546807050705,-0.364214271307
1776722580.76,0.468366980553,-0.0656854137778,0.43985414505,0.470786184072,-0.021950494498,0.342234969139,0.467490583658,-0.0220075137913,0.242443814874,0.464568406343,-0.0232344418764,0.142618507147,0.463229686022,-0.0255007501692,0.0455074831843,0.461934536695,-0.0260487683117,-0.0525429993868,0.461538463831,-0.0269739814103,-0.153088361025,0.463160544634,-0.0269285645336,-0.250881224871,0.463403016329,-0.0277601182461,-0.373185604811,0.426551789045,-0.0600693896413,-0.364214271307
1776722580.77,0.467758059502,-0.0724417492747,0.439629465342,0.470786184072,-0.021950494498,0.342234969139,0.467490583658,-0.0220075137913,0.242443814874,0.464568406343,-0.0232344418764,0.142618507147,0.463229686022,-0.0255007501692,0.0455074831843,0.461934536695,-0.0260487683117,-0.0525429993868,0.461538463831,-0.0269739814103,-0.153088361025,0.463160544634,-0.0269285645336,-0.250881224871,0.463403016329,-0.0277601182461,-0.373185604811,0.418281763792,-0.0655230805278,-0.364214271307
1776722580.79,0.467354416847,-0.0785230323672,0.43926474452,0.470786184072,-0.021950494498,0.342234969139,0.467490583658,-0.0220075137913,0.242443814874,0.464568406343,-0.0232344418764,0.142618507147,0.463229686022,-0.0255007501692,0.0455074831843,0.461934536695,-0.0260487683117,-0.0525429993868,0.461538463831,-0.0269739814103,-0.153088361025,0.463160544634,-0.0269285645336,-0.250881224871,0.463403016329,-0.0277601182461,-0.373185604811,0.410172373056,-0.0710500478745,-0.364214271307
1776722580.8,0.467099368572,-0.0844022259116,0.438829511404,0.470786184072,-0.021950494498,0.342234969139,0.467490583658,-0.0220075137913,0.242443814874,0.464568406343,-0.0232344418764,0.142618507147,0.463229686022,-0.0255007501692,0.0455074831843,0.461934536695,-0.0260487683117,-0.0525429993868,0.461538463831,-0.0269739814103,-0.153088361025,0.463160544634,-0.0269285645336,-0.250881224871,0.463403016329,-0.0277601182461,-0.373185604811,0.402247816324,-0.0766576826572,-0.364214271307
1776722580.82,0.46708253026,-0.0900393798947,0.438333451748,0.458885580301,-0.079459503293,0.342875480652,0.450381487608,-0.0767942965031,0.243189096451,0.441784292459,-0.074735507369,0.144309103489,0.43271830678,-0.0746926441789,0.0463385134935,0.422281891108,-0.0728571638465,-0.0508977174759,0.411397963762,-0.0724454969168,-0.150410622358,0.400333553553,-0.071717441082,-0.249050706625,0.385321229696,-0.0725698247552,-0.370934218168,0.394533067942,-0.0823523625731,-0.364214271307
1776722580.83,0.467361986637,-0.0954921618104,0.437771767378,0.458465963602,-0.0835182219744,0.342407613993,0.449947804213,-0.0810538753867,0.242550522089,0.440456062555,-0.0798254087567,0.143327817321,0.430879205465,-0.0788946375251,0.0454751029611,0.420629769564,-0.0769428536296,-0.0511201918125,0.408405929804,-0.0768259391189,-0.150766611099,0.396182626486,-0.0754213482141,-0.248908698559,0.380621939898,-0.0753361284733,-0.370982289314,0.387053877115,-0.0881393253803,-0.364214271307
1776722580.85,0.467930108309,-0.100626535714,0.437158167362,0.458272844553,-0.0916436836123,0.341713011265,0.449385076761,-0.0894610285759,0.242859810591,0.439285606146,-0.0887638553977,0.143318474293,0.42881283164,-0.088182516396,0.0460207685828,0.417416900396,-0.0870937779546,-0.0516796708107,0.403774291277,-0.0848572701216,-0.149644732475,0.388603538275,-0.0824839994311,-0.249381393194,0.37058916688,-0.0807454958558,-0.370558619499,0.379836589098,-0.0940225198865,-0.364214271307
1776722580.86,0.468701869249,-0.105182483792,0.436563521624,0.458353430033,-0.0954868718982,0.341310918331,0.448802560568,-0.093910753727,0.242074355483,0.438352257013,-0.0941400751472,0.142887353897,0.427634090185,-0.0929152294993,0.0456943884492,0.415555804968,-0.0912955179811,-0.0510210096836,0.401044636965,-0.0896570011973,-0.150609195232,0.385422378778,-0.0861563459039,-0.248812645674,0.365678399801,-0.0836838856339,-0.370710968971,0.372908145189,-0.10000448674,-0.364214271307
1776722580.88,0.469979256392,-0.110046841204,0.435903817415,0.458916574717,-0.103300660849,0.340738803148,0.448175698519,-0.102820783854,0.240926921368,0.437280267477,-0.103036150336,0.143822789192,0.423825830221,-0.103317461908,0.0444728508592,0.41160312295,-0.100627690554,-0.0516445338726,0.395902901888,-0.0973815396428,-0.150243759155,0.37849214673,-0.0936598703265,-0.248279899359,0.357040256262,-0.0892173275352,-0.370536804199,0.366295963526,-0.106086187065,-0.364214271307
1776722580.89,0.471299946308,-0.113787665963,0.43531692028,0.459104984999,-0.106804735959,0.340259194374,0.44786259532,-0.107307769358,0.240687713027,0.435745924711,-0.107017017901,0.14185269177,0.42257001996,-0.10733050108,0.0441586375237,0.409362405539,-0.104935519397,-0.0520962327719,0.39198461175,-0.101696558297,-0.1504342556,0.37387624383,-0.0956815108657,-0.250141561031,0.353162318468,-0.0927432402968,-0.3695756495,0.360027700663,-0.112266920507,-0.364214271307
1776722580.91,0.4733941257,-0.118349723518,0.434551805258,0.459566563368,-0.113787353039,0.338950157166,0.44718798995,-0.114563852549,0.240448832512,0.433086127043,-0.115851916373,0.140669584274,0.419755667448,-0.115635246038,0.0447227880359,0.405241578817,-0.112742900848,-0.0510653108358,0.387646824121,-0.109682716429,-0.14971140027,0.36713925004,-0.102958463132,-0.250000804663,0.345219880342,-0.0979095697403,-0.370296269655,0.354131013155,-0.118544198573,-0.364214271307
1776722580.92,0.47512447834,-0.121712356806,0.433903247118,0.460229426622,-0.116922043264,0.339002609253,0.447134464979,-0.118371389806,0.240094944835,0.432211488485,-0.119512408972,0.140902936459,0.417953282595,-0.119971878827,0.0438939705491,0.403285473585,-0.11711781472,-0.0515298396349,0.38544395566,-0.113510727882,-0.149941235781,0.365232557058,-0.107381902635,-0.248627185822,0.34376296401,-0.103428438306,-0.367864012718,0.34863319993,-0.12491363287,-0.364214271307
1776722580.94,0.477666348219,-0.125837445259,0.433011382818,0.46167460084,-0.122870489955,0.338267892599,0.446721106768,-0.124331057072,0.240075722337,0.430864185095,-0.125755608082,0.140793457627,0.41503354907,-0.127571389079,0.0438460707664,0.399005740881,-0.12426366657,-0.0511578768492,0.380069941282,-0.120736531913,-0.149952381849,0.360532790422,-0.114660561085,-0.247104138136,0.337242752314,-0.109139770269,-0.367425769567,0.343561142683,-0.131368890405,-0.364214271307
1776722580.95,0.479922831059,-0.129097089171,0.432259351015,0.462537258863,-0.125456660986,0.337674081326,0.447024613619,-0.127578288317,0.23896715045,0.429960340261,-0.12842439115,0.140724658966,0.413229733706,-0.130504474044,0.0435194894671,0.397342592478,-0.127896860242,-0.0516780763865,0.377917557955,-0.124518848956,-0.149454653263,0.356141239405,-0.117175728083,-0.249105095863,0.333976060152,-0.112285584211,-0.36781296134,0.33894059062,-0.13790166378,-0.364214271307
1776722580.97,0.482591748238,-0.132768988609,0.431269735098,0.464795142412,-0.130932822824,0.336796939373,0.447577387094,-0.132137238979,0.238891750574,0.429039746523,-0.133634284139,0.140128180385,0.410798341036,-0.136138960719,0.0435316935182,0.393730789423,-0.133467242122,-0.0505349189043,0.374662131071,-0.130361929536,-0.148750722408,0.351385802031,-0.124121874571,-0.248680502176,0.328244060278,-0.119424298406,-0.367492437363,0.334796100855,-0.14450161159,-0.364214271307
1776722580.98,0.485120773315,-0.136195003986,0.430373698473,0.464795142412,-0.130932822824,0.336796939373,0.447577387094,-0.132137238979,0.238891750574,0.429039746523,-0.133634284139,0.140128180385,0.410798341036,-0.136138960719,0.0435316935182,0.393730789423,-0.133467242122,-0.0505349189043,0.374662131071,-0.130361929536,-0.148750722408,0.351385802031,-0.124121874571,-0.248680502176,0.328244060278,-0.119424298406,-0.367492437363,0.331150382757,-0.151156455278,-0.364214271307
1776722581,0.487557262182,-0.139638110995,0.429485976696,0.466778606176,-0.135058760643,0.335626780987,0.4483063519,-0.136566787958,0.238555774093,0.428136855364,-0.138923898339,0.140110105276,0.409215003252,-0.140938416123,0.0434153452516,0.390682131052,-0.138314574957,-0.0506465435028,0.368412822485,-0.1358114779,-0.150001257658,0.347505360842,-0.130292147398,-0.249203026295,0.324283748865,-0.126890659332,-0.367377132177,0.328024029732,-0.157852008939,-0.364214271307
1776722581.01,0.489821046591,-0.143149122596,0.428445637226,0.469518810511,-0.139413803816,0.334414124489,0.449496239424,-0.140286758542,0.23712669313,0.428446382284,-0.142235472798,0.138947308064,0.408204644918,-0.144899964333,0.0435028672218,0.389505833387,-0.141574218869,-0.0505090802908,0.368554145098,-0.140621706843,-0.147847265005,0.344001442194,-0.136445611715,-0.248590826988,0.319969624281,-0.13348351419,-0.368927299976,0.325434952974,-0.164572283626,-0.364214271307
1776722581.03,0.491875439882,-0.146807923913,0.427590876818,0.469518810511,-0.139413803816,0.334414124489,0.449496239424,-0.140286758542,0.23712669313,0.428446382284,-0.142235472798,0.138947308064,0.408204644918,-0.144899964333,0.0435028672218,0.389505833387,-0.141574218869,-0.0505090802908,0.368554145098,-0.140621706843,-0.147847265005,0.344001442194,-0.136445611715,-0.248590826988,0.319969624281,-0.13348351419,-0.368927299976,0.323398053646,-0.17129971087,-0.364214271307
1776722581.04,0.49354416132,-0.150355651975,0.426807254553,0.473465293646,-0.145403444767,0.332601934671,0.452755898237,-0.145572304726,0.235732123256,0.42979195714,-0.147082895041,0.137142658234,0.408670574427,-0.148717060685,0.0419703423977,0.388703793287,-0.146602749825,-0.0514296889305,0.363862425089,-0.147003248334,-0.151117712259,0.342204898596,-0.145680889487,-0.248858779669,0.317116260529,-0.144818007946,-0.368777066469,0.321924895048,-0.178015321493,-0.364214271307
1776722581.06,0.495082765818,-0.15459471941,0.425930172205,0.476089388132,-0.149732798338,0.331321418285,0.455294400454,-0.148865833879,0.234354779124,0.431895524263,-0.150072708726,0.136010706425,0.41017434001,-0.152189731598,0.040790617466,0.38995179534,-0.150355994701,-0.0512701570988,0.368131905794,-0.152412697673,-0.147330731153,0.341135472059,-0.151113197207,-0.24971267581,0.315403193235,-0.15411926806,-0.368487477303,0.321023315191,-0.184698969126,-0.364214271307
1776722581.07,0.496100515127,-0.1587741822,0.425189584494,0.477233976126,-0.151876732707,0.331059217453,0.456295341253,-0.150880679488,0.23320491612,0.433651953936,-0.150846794248,0.135874450207,0.41185978055,-0.153018698096,0.0403819978237,0.390814930201,-0.151113525033,-0.0532020181417,0.367504388094,-0.152434363961,-0.150782704353,0.341306775808,-0.153814181685,-0.250059664249,0.314377248287,-0.157855793834,-0.368851870298,0.320697188377,-0.191329672933,-0.364214271307
1776722581.09,0.496766507626,-0.162707999349,0.42470690608,0.478116780519,-0.154178112745,0.329966068268,0.457272559404,-0.152511864901,0.232812285423,0.43532165885,-0.152251750231,0.135002717376,0.412989109755,-0.153984501958,0.0393735393882,0.39006587863,-0.153411865234,-0.0559061318636,0.36921146512,-0.155391201377,-0.149053871632,0.343025654554,-0.157510444522,-0.249004304409,0.313983380795,-0.161550983787,-0.369537323713,0.320946216583,-0.197885900736,-0.364214271307
1776722581.1,0.497112721205,-0.167219102383,0.424068599939,0.479122906923,-0.156818181276,0.329324275255,0.458674758673,-0.15495967865,0.231791615486,0.436070173979,-0.154116734862,0.13375133276,0.414774745703,-0.155858308077,0.0386650189757,0.393729954958,-0.154486387968,-0.0543580800295,0.369393259287,-0.15702663362,-0.151384234428,0.344017535448,-0.161070615053,-0.249519407749,0.314938396215,-0.165385827422,-0.368762165308,0.321765899658,-0.204345926642,-0.364214271307
1776722581.12,0.497064620256,-0.171192288399,0.423656374216,0.480965584517,-0.164678797126,0.327670037746,0.46246406436,-0.161652430892,0.230354875326,0.441131800413,-0.160566627979,0.131948277354,0.420628815889,-0.161699950695,0.0360392406583,0.399487704039,-0.161010354757,-0.0564007014036,0.375721901655,-0.165136024356,-0.151484280825,0.347840338945,-0.169696092606,-0.250744283199,0.31552490592,-0.177039727569,-0.369581490755,0.323147505522,-0.210688203573,-0.364214271307
1776722581.14,0.496667474508,-0.175309717655,0.423316895962,0.480965584517,-0.164678797126,0.327670037746,0.46246406436,-0.161652430892,0.230354875326,0.441131800413,-0.160566627979,0.131948277354,0.420628815889,-0.161699950695,0.0360392406583,0.399487704039,-0.161010354757,-0.0564007014036,0.375721901655,-0.165136024356,-0.151484280825,0.347840338945,-0.169696092606,-0.250744283199,0.31552490592,-0.177039727569,-0.369581490755,0.325078129768,-0.216891631484,-0.364214271307
1776722581.15,0.495950400829,-0.179250478745,0.423035740852,0.482077330351,-0.173143029213,0.326943278313,0.465278416872,-0.170167714357,0.229380175471,0.446486800909,-0.168764278293,0.130683466792,0.425772994757,-0.170415341854,0.0327428802848,0.40626308322,-0.168898239732,-0.0587570220232,0.38091763854,-0.172801136971,-0.155819147825,0.353256672621,-0.179387792945,-0.252599358559,0.318533420563,-0.187049135566,-0.372004002333,0.32754099369,-0.222936034203,-0.364214271307
1776722581.17,0.494997829199,-0.18274256587,0.422884374857,0.482077330351,-0.173143029213,0.326943278313,0.465278416872,-0.170167714357,0.229380175471,0.446486800909,-0.168764278293,0.130683466792,0.425772994757,-0.170415341854,0.0327428802848,0.40626308322,-0.168898239732,-0.0587570220232,0.38091763854,-0.172801136971,-0.155819147825,0.353256672621,-0.179387792945,-0.252599358559,0.318533420563,-0.187049135566,-0.372004002333,0.330515652895,-0.228802323341,-0.364214271307
1776722581.18,0.493657112122,-0.186351120472,0.422835111618,0.481766551733,-0.181727603078,0.326332628727,0.46680995822,-0.179856657982,0.227954387665,0.449246674776,-0.179756954312,0.128274798393,0.431697517633,-0.181339100003,0.032686650753,0.412576109171,-0.18002294004,-0.0611589699984,0.387559682131,-0.183320626616,-0.157675892115,0.359364777803,-0.188979685307,-0.255222201347,0.324817895889,-0.196117684245,-0.3738258183,0.333978444338,-0.23447291553,-0.364214271307
1776722581.19,0.492236465216,-0.189472779632,0.422872304916,0.481307059526,-0.184778764844,0.32628929615,0.46665546298,-0.183661878109,0.227567374706,0.45072594285,-0.182902917266,0.128426596522,0.433071941137,-0.185362756252,0.0317755118012,0.414284616709,-0.183995708823,-0.0615105628967,0.389680236578,-0.187034264207,-0.158086359501,0.362458497286,-0.193234369159,-0.255912154913,0.328100770712,-0.199883267283,-0.373544245958,0.337902933359,-0.239931896329,-0.364214271307
1776722581.21,0.490726202726,-0.192240104079,0.423034220934,0.480727165937,-0.187434077263,0.326313972473,0.467275410891,-0.186662599444,0.228047505021,0.45154723525,-0.187193244696,0.129426255822,0.433848410845,-0.189466938376,0.0317108631134,0.415605098009,-0.188885077834,-0.0617674440145,0.391681998968,-0.191178962588,-0.158514797688,0.364026993513,-0.196073025465,-0.257563918829,0.330729931593,-0.201823234558,-0.375235825777,0.34226039052,-0.24516518414,-0.364214271307
1776722581.22,0.489135086536,-0.194623440504,0.423270612955,0.479482263327,-0.192807734013,0.325816273689,0.466158717871,-0.193330302835,0.227067351341,0.451707690954,-0.194814965129,0.128215298057,0.435568064451,-0.198470160365,0.0314816236496,0.418483942747,-0.197476759553,-0.0627610832453,0.396584957838,-0.201506838202,-0.157599061728,0.37003287673,-0.20332711935,-0.257762730122,0.337732881308,-0.206446871161,-0.377777308226,0.347020417452,-0.250160753727,-0.364214271307
1776722581.24,0.487475603819,-0.196733430028,0.42352476716,0.477382332087,-0.197302281857,0.326397895813,0.464543014765,-0.199751213193,0.227031901479,0.450487464666,-0.203536659479,0.12796227634,0.436350435019,-0.207328379154,0.0317286923528,0.420150130987,-0.206950172782,-0.0627533793449,0.400326400995,-0.209979832172,-0.158497691154,0.375845700502,-0.210065618157,-0.258534103632,0.345671445131,-0.212222859263,-0.379130095243,0.352151364088,-0.254908591509,-0.364214271307
1776722581.25,0.485837638378,-0.198408633471,0.423879861832,0.476430624723,-0.199388071895,0.326710402966,0.464173465967,-0.202539414167,0.227801680565,0.450384587049,-0.205987453461,0.128722622991,0.435900717974,-0.211535856128,0.0313562676311,0.415788322687,-0.21116091311,-0.0676914006472,0.401127845049,-0.212702080607,-0.160996496677,0.378714948893,-0.213614419103,-0.258537888527,0.351021677256,-0.214333072305,-0.379934996367,0.357621103525,-0.259400784969,-0.364214271307
1776722581.27,0.48431968689,-0.199555695057,0.424216985703,0.474031895399,-0.203319951892,0.327121317387,0.461399167776,-0.208368420601,0.228101938963,0.448204964399,-0.214073508978,0.128989756107,0.435029119253,-0.219371005893,0.0321441590786,0.417199641466,-0.219791039824,-0.0672732442617,0.404669076204,-0.220882236958,-0.161714375019,0.384132474661,-0.220479235053,-0.261128664017,0.36134788394,-0.219511047006,-0.381266325712,0.36339738965,-0.263631522655,-0.364214271307
1776722581.28,0.48267018795,-0.200341939926,0.424590200186,0.474031895399,-0.203319951892,0.327121317387,0.461399167776,-0.208368420601,0.228101938963,0.448204964399,-0.214073508978,0.128989756107,0.435029119253,-0.219371005893,0.0321441590786,0.417199641466,-0.219791039824,-0.0672732442617,0.404669076204,-0.220882236958,-0.161714375019,0.384132474661,-0.220479235053,-0.261128664017,0.36134788394,-0.219511047006,-0.381266325712,0.369448393583,-0.267596870661,-0.364214271307
1776722581.3,0.481199413538,-0.200642094016,0.424966871738,0.470456570387,-0.207622438669,0.327560812235,0.458056360483,-0.21529224515,0.22898760438,0.445379287004,-0.222295850515,0.129754841328,0.433782666922,-0.228687092662,0.0332257598639,0.418427556753,-0.229416176677,-0.0669063180685,0.405614048243,-0.230927422643,-0.164868086576,0.393815547228,-0.230129495263,-0.261624068022,0.377971798182,-0.227948918939,-0.383429050446,0.375743418932,-0.271294772625,-0.364214271307
1776722581.31,0.479847848415,-0.200535044074,0.425278663635,0.469320982695,-0.208821371198,0.328705966473,0.457032769918,-0.216589599848,0.229058533907,0.444422990084,-0.224652737379,0.130263373256,0.433605879545,-0.231393456459,0.033608533442,0.423712044954,-0.23255546391,-0.0618893951178,0.406558662653,-0.233184456825,-0.165823251009,0.397141963243,-0.231743499637,-0.262730181217,0.383646041155,-0.230354979634,-0.383475333452,0.382252782583,-0.274724751711,-0.364214271307
1776722581.33,0.478739827871,-0.20013897121,0.425587445498,0.468273192644,-0.209470883012,0.328799366951,0.455804377794,-0.217996016145,0.230172365904,0.444064825773,-0.226441651583,0.130825862288,0.433800548315,-0.232601091266,0.0343576297164,0.420091480017,-0.234903559089,-0.0657629221678,0.411858648062,-0.237203493714,-0.160084187984,0.401191622019,-0.235360309482,-0.261483371258,0.390143722296,-0.234196230769,-0.383892536163,0.388948768377,-0.277887851,-0.364214271307
1776722581.34,0.477507561445,-0.19924031198,0.426001131535,0.466543346643,-0.209769487381,0.328954577446,0.454515129328,-0.219020396471,0.23057718575,0.442751914263,-0.227854907513,0.131523951888,0.433668464422,-0.235706523061,0.0343549251556,0.423428267241,-0.238627955317,-0.0641405433416,0.417105346918,-0.24054171145,-0.16244789958,0.40930005908,-0.240131527185,-0.261309027672,0.403697520494,-0.24122749269,-0.382493406534,0.395805388689,-0.280786305666,-0.364214271307
1776722581.36,0.476715326309,-0.198262572289,0.426232635975,0.465351194143,-0.208973571658,0.329541951418,0.453759819269,-0.218386501074,0.230927094817,0.442877620459,-0.227927058935,0.131776243448,0.434980481863,-0.236347660422,0.0346807315946,0.426106244326,-0.239646479487,-0.0647766590118,0.421777695417,-0.243292823434,-0.163044780493,0.418551534414,-0.244543880224,-0.261861175299,0.414524585009,-0.245982155204,-0.383926719427,0.402798742056,-0.283423304558,-0.364214271307
1776722581.37,0.475955069065,-0.196819096804,0.426400154829,0.4651453197,-0.208017170429,0.330061852932,0.453688532114,-0.217582538724,0.230958402157,0.443685680628,-0.226847633719,0.131851732731,0.436481326818,-0.236275598407,0.0348589643836,0.42898645997,-0.240832597017,-0.064024835825,0.423450142145,-0.244420722127,-0.16398704052,0.423648387194,-0.246481209993,-0.261306405067,0.421124368906,-0.249565169215,-0.382998645306,0.409907251596,-0.285802841187,-0.364214271307
1776722581.39,0.475403338671,-0.195080399513,0.426512986422,0.464570194483,-0.206203520298,0.330148428679,0.454492300749,-0.215106651187,0.230999648571,0.445547431707,-0.2246542871,0.131738036871,0.439978927374,-0.234757751226,0.0346991494298,0.434200376272,-0.239904746413,-0.0648049116135,0.431097775698,-0.245667263865,-0.16364634037,0.433195561171,-0.25008687377,-0.261325567961,0.433791071177,-0.256143778563,-0.38208720088,0.417111545801,-0.287929415703,-0.364214271307
1776722581.4,0.475004583597,-0.193067654967,0.426574319601,0.464614599943,-0.204948723316,0.330097973347,0.454847484827,-0.213539153337,0.230865776539,0.446963220835,-0.223277017474,0.13147932291,0.442368119955,-0.233112707734,0.0346068069339,0.439789682627,-0.239723771811,-0.0618413388729,0.434976428747,-0.246310845017,-0.164596349001,0.43879827857,-0.251748681068,-0.260731160641,0.439118772745,-0.258660614491,-0.382895737886,0.424394458532,-0.289807796478,-0.364214271307
1776722581.42,0.474724203348,-0.190872356296,0.426581561565,0.465348213911,-0.201894000173,0.330920040607,0.457215577364,-0.210112005472,0.230847746134,0.452258020639,-0.219594433904,0.132801353931,0.448398917913,-0.229716986418,0.0344838052988,0.446715503931,-0.238273873925,-0.0631761699915,0.446557193995,-0.24773965776,-0.159607648849,0.448993235826,-0.254518300295,-0.26066210866,0.451795428991,-0.265585154295,-0.380672246218,0.431741148233,-0.291442811489,-0.364214271307
1776722581.43,0.47461566329,-0.188588097692,0.426591455936,0.465986996889,-0.200056701899,0.330435752869,0.458789974451,-0.20831567049,0.231132119894,0.453156381845,-0.217596963048,0.131076440215,0.451795011759,-0.228090688586,0.0343767181039,0.449818044901,-0.236106693745,-0.0645399093628,0.449683576822,-0.246042355895,-0.163833171129,0.454399675131,-0.255749732256,-0.260102361441,0.457762092352,-0.268288522959,-0.38102209568,0.439138501883,-0.292839199305,-0.364214271307
1776722581.45,0.474667102098,-0.186329558492,0.426665693521,0.467107206583,-0.196836262941,0.330092668533,0.462394684553,-0.204629644752,0.230332702398,0.459625810385,-0.213920682669,0.130926206708,0.458570033312,-0.224043473601,0.03349686414,0.460718482733,-0.234335705638,-0.0620668530464,0.46127191186,-0.246257290244,-0.162651002407,0.465367525816,-0.257363677025,-0.260199666023,0.468957930803,-0.274383693933,-0.379614442587,0.44657561183,-0.294001340866,-0.364214271307
1776722581.46,0.474821209908,-0.184413641691,0.426742613316,0.468022316694,-0.195212692022,0.329910904169,0.464657336473,-0.202639758587,0.230308339,0.464116841555,-0.212051019073,0.13249309361,0.465377241373,-0.223651528358,0.0360988602042,0.464389353991,-0.232502624393,-0.0639474987984,0.468073219061,-0.245972648263,-0.1608261168,0.470622807741,-0.258434832096,-0.259434103966,0.474011749029,-0.276599228382,-0.380218058825,0.454042941332,-0.294933229685,-0.364214271307
1776722581.48,0.47510612011,-0.182201340795,0.426864922047,0.469680279493,-0.193517282605,0.330193072557,0.467134445906,-0.201032936573,0.230413675308,0.467139214277,-0.210143700242,0.132673710585,0.469728559256,-0.221877098083,0.0361186414957,0.469158440828,-0.231735810637,-0.06442900002,0.473624497652,-0.245631277561,-0.160144001245,0.476175934076,-0.25860413909,-0.259524017572,0.479931086302,-0.27903598547,-0.378896951675,0.461532443762,-0.295638173819,-0.364214271307
1776722581.49,0.475547492504,-0.180096447468,0.42695954442,0.47202321887,-0.189838260412,0.329847872257,0.472459405661,-0.197202548385,0.230523109436,0.47375741601,-0.20676150918,0.130947068334,0.478615373373,-0.218769490719,0.0365516543388,0.47945395112,-0.229580774903,-0.063421279192,0.484139114618,-0.245382025838,-0.15955427289,0.488146275282,-0.260825395584,-0.257212519646,0.490769833326,-0.282953113317,-0.377511352301,0.469037204981,-0.296118855476,-0.364214271307
1776722581.51,0.476030528545,-0.178480327129,0.427052974701,0.475348502398,-0.187185704708,0.330681622028,0.477614253759,-0.194165170193,0.230691581964,0.482459813356,-0.203828781843,0.132798403502,0.487676948309,-0.216690197587,0.0367431715131,0.488847225904,-0.227938890457,-0.0633315443993,0.494753211737,-0.245561033487,-0.158670663834,0.499142080545,-0.263434022665,-0.254556059837,0.501695156097,-0.286255270243,-0.375848174095,0.476551085711,-0.296377122402,-0.364214271307
1776722581.52,0.476619243622,-0.1769233495,0.427167356014,0.476553291082,-0.185492828488,0.330495864153,0.480541139841,-0.192937761545,0.230930536985,0.484624654055,-0.202393010259,0.131568789482,0.492215961218,-0.215699464083,0.0373163074255,0.49414023757,-0.227931499481,-0.0625973045826,0.500065326691,-0.245873123407,-0.157893627882,0.504042267799,-0.262644350529,-0.255431503057,0.50715982914,-0.287805497646,-0.374907672405,0.484068602324,-0.296413987875,-0.364214271307
1776722581.54,0.477214574814,-0.175490885973,0.42724236846,0.479374617338,-0.183334633708,0.330588281155,0.485277980566,-0.190519571304,0.230941846967,0.492058068514,-0.201131522655,0.13211761415,0.500615358353,-0.21511220932,0.0383844897151,0.505618333817,-0.22858043015,-0.0592506825924,0.509982824326,-0.246378153563,-0.157307684422,0.513455152512,-0.263259738684,-0.256076604128,0.517550230026,-0.289112627506,-0.374147236347,0.491584330797,-0.296229600906,-0.364214271307
1776722581.55,0.477841973305,-0.174068391323,0.427298903465,0.480872899294,-0.182417735457,0.330591857433,0.487669378519,-0.19034011662,0.231316238642,0.494962006807,-0.200393825769,0.132266655564,0.504452347755,-0.214652642608,0.038466244936,0.50766813755,-0.227572217584,-0.0617615431547,0.514727711678,-0.246756434441,-0.156249970198,0.518795728683,-0.264160126448,-0.255604535341,0.522641181946,-0.288997143507,-0.37417408824,0.499092787504,-0.295823216438,-0.364214271307
1776722581.57,0.478546053171,-0.172675311565,0.427347093821,0.483167439699,-0.181451424956,0.330721616745,0.491627424955,-0.189576104283,0.231552183628,0.501806974411,-0.200848117471,0.134347856045,0.511375427246,-0.214983358979,0.0390637591481,0.518184542656,-0.229211971164,-0.0581818073988,0.523986816406,-0.247237935662,-0.155988335609,0.530159115791,-0.26550552249,-0.251852631569,0.533059120178,-0.289210498333,-0.373524487019,0.506588101387,-0.29519328475,-0.364214271307
1776722581.58,0.479434251785,-0.17116881907,0.427428305149,0.484049290419,-0.181184068322,0.330685138702,0.4935772717,-0.190096691251,0.231821000576,0.503911018372,-0.201223790646,0.134554281831,0.514052391052,-0.21507923305,0.0384892374277,0.519707202911,-0.228399083018,-0.0609242171049,0.528165102005,-0.247253730893,-0.155438989401,0.533438920975,-0.264794647694,-0.254006564617,0.537926316261,-0.289011329412,-0.373247742653,0.514063596725,-0.294337391853,-0.364214271307
1776722581.6,0.480402708054,-0.169783651829,0.427597105503,0.486038535833,-0.180450499058,0.331333458424,0.49614366889,-0.190464153886,0.232647716999,0.508043050766,-0.202502578497,0.135435909033,0.518428683281,-0.216910213232,0.0381835773587,0.527680158615,-0.231012910604,-0.0579373240471,0.536554098129,-0.248022779822,-0.154810041189,0.542390227318,-0.264292508364,-0.252903223038,0.549151659012,-0.288457453251,-0.371118307114,0.521511793137,-0.293252408504,-0.364214271307
1776722581.61,0.481509417295,-0.168421685696,0.427823781967,0.486933320761,-0.180364266038,0.331081986427,0.497468441725,-0.190915167332,0.232884123921,0.509715199471,-0.203820049763,0.136195898056,0.52154314518,-0.218317300081,0.0406824573874,0.529848337173,-0.230868205428,-0.0587036162615,0.54013800621,-0.247907429934,-0.154008775949,0.546819806099,-0.264759480953,-0.252265661955,0.554503679276,-0.288471490145,-0.369240254164,0.528923511505,-0.291934579611,-0.364214271307
1776722581.63,0.48273268342,-0.167165711522,0.428129553795,0.488892942667,-0.179699733853,0.331977725029,0.499535232782,-0.191587090492,0.233692973852,0.511355280876,-0.205034419894,0.135761797428,0.525367498398,-0.220105886459,0.0418222174048,0.535435318947,-0.232807576656,-0.0557594448328,0.54535651207,-0.248422205448,-0.15366011858,0.554588675499,-0.263902455568,-0.250980108976,0.564419150352,-0.284793883562,-0.370082527399,0.536288380623,-0.290379613638,-0.364214271307
1776722581.64,0.48409807682,-0.166019096971,0.428596436977,0.489670485258,-0.179554253817,0.331868946552,0.500536322594,-0.192078486085,0.233816176653,0.513151168823,-0.205681458116,0.137151926756,0.525096297264,-0.220382735133,0.0401494577527,0.535574436188,-0.233067199588,-0.0575136095285,0.54897749424,-0.248967319727,-0.152394115925,0.559269547462,-0.263618052006,-0.249461621046,0.570262551308,-0.284290283918,-0.368193715811,0.543594121933,-0.288582891226,-0.364214271307
1776722581.66,0.485546916723,-0.165043696761,0.429090768099,0.491759747267,-0.178580716252,0.332703322172,0.502161502838,-0.191883027554,0.234589189291,0.514949321747,-0.206419736147,0.137930616736,0.527295827866,-0.221394315362,0.0411546304822,0.539753556252,-0.235003635287,-0.0547143667936,0.553420782089,-0.24952596426,-0.151283860207,0.564841985703,-0.262106448412,-0.250047922134,0.579904794693,-0.280599862337,-0.366702675819,0.550826430321,-0.286539584398,-0.364214271307
1776722581.67,0.486984342337,-0.164240136743,0.429595887661,0.492475956678,-0.178279310465,0.332881510258,0.503166556358,-0.191486567259,0.235206902027,0.515450119972,-0.205904752016,0.13786073029,0.529296994209,-0.222573250532,0.0436744317412,0.540236830711,-0.234830588102,-0.0549353957176,0.554673910141,-0.249581098557,-0.151338487864,0.567901849747,-0.260991990566,-0.249180108309,0.58403813839,-0.27757024765,-0.368206441402,0.557968974113,-0.284244865179,-0.364214271307
1776722581.69,0.488838434219,-0.16350799799,0.430218666792,0.493807882071,-0.177455708385,0.333508312702,0.503589868546,-0.191270336509,0.235061079264,0.515704512596,-0.205791637301,0.13733881712,0.52977335453,-0.222364038229,0.0435905456543,0.541569113731,-0.234890982509,-0.05451592803,0.556780815125,-0.248784735799,-0.150903582573,0.571427226067,-0.260508924723,-0.248329877853,0.589178204536,-0.276782155037,-0.365669131279,0.565003037453,-0.281694173813,-0.364214271307
1776722581.7,0.490519165993,-0.163107350469,0.430680930614,0.495475143194,-0.176845505834,0.33366343379,0.505520701408,-0.190293744206,0.235743314028,0.516842007637,-0.205583810806,0.138010367751,0.531285762787,-0.221191674471,0.0437118411064,0.545010447502,-0.23443134129,-0.0526396930218,0.559051156044,-0.247007161379,-0.151278883219,0.577003598213,-0.257418215275,-0.24745875597,0.597547888756,-0.271909922361,-0.365429282188,0.571907758713,-0.27888327837,-0.364214271307
1776722581.72,0.492203712463,-0.162918016315,0.431096255779,0.497885376215,-0.175470560789,0.334756135941,0.507146954536,-0.189315110445,0.236383318901,0.519280076027,-0.204094290733,0.139892876148,0.533324956894,-0.219587147236,0.0450384914875,0.546894550323,-0.231816828251,-0.0532360970974,0.564209580421,-0.244381427765,-0.149439871311,0.582670927048,-0.253682076931,-0.246591180563,0.605483293533,-0.266914218664,-0.363926887512,0.578660011292,-0.275808691978,-0.364214271307
1776722581.73,0.493891984224,-0.162946611643,0.431464582682,0.499147206545,-0.175391018391,0.334936082363,0.508382678032,-0.188726067543,0.236458837986,0.520309567451,-0.202826932073,0.140005663037,0.53435254097,-0.218521013856,0.0452433899045,0.548578023911,-0.229928329587,-0.0526814907789,0.565965890884,-0.241798534989,-0.149507522583,0.585322499275,-0.251249104738,-0.246230661869,0.609111428261,-0.264306843281,-0.363666445017,0.585234642029,-0.272467821836,-0.364214271307
1776722581.75,0.49539616704,-0.163143202662,0.431700527668,0.501395344734,-0.174937173724,0.335591077805,0.510914802551,-0.18723513186,0.237085282803,0.522731661797,-0.200314566493,0.140298470855,0.536753535271,-0.21426898241,0.0443726107478,0.551657319069,-0.22574301064,-0.0523663312197,0.569986581802,-0.236929386854,-0.14874586463,0.59047961235,-0.246283471584,-0.24538436532,0.615600943565,-0.259164780378,-0.363106966019,0.591604232788,-0.268859267235,-0.364214271307
1776722581.76,0.497056096792,-0.16351185739,0.431823372841,0.502508401871,-0.174412563443,0.335237085819,0.512019395828,-0.186278045177,0.23711591959,0.524177789688,-0.199090838432,0.14005549252,0.538763165474,-0.212576523423,0.0450266003609,0.553692579269,-0.222506508231,-0.0523034781218,0.572222471237,-0.234009310603,-0.148956567049,0.59295630455,-0.243373483419,-0.245167285204,0.618609786034,-0.256921440363,-0.362474381924,0.597740054131,-0.264982938766,-0.364214271307
1776722581.78,0.498491346836,-0.163968905807,0.431746900082,0.505425930023,-0.174480959773,0.335876107216,0.515188336372,-0.184771090746,0.237061262131,0.527429699898,-0.195409700274,0.139727935195,0.542324781418,-0.206992134452,0.0441562458873,0.558079123497,-0.21695138514,-0.0526247918606,0.576348185539,-0.226959958673,-0.150147348642,0.597601413727,-0.237108111382,-0.245612055063,0.623132348061,-0.251273274422,-0.36298891902,0.60361135006,-0.260840326548,-0.364214271307
1776722581.79,0.499714910984,-0.164401948452,0.431473344564,0.506617188454,-0.174270555377,0.335967093706,0.516737580299,-0.183433204889,0.237266868353,0.529386401176,-0.193535104394,0.139185681939,0.543798923492,-0.204218432307,0.0433440357447,0.560110449791,-0.213461607695,-0.0528210997581,0.578609108925,-0.224014237523,-0.150203257799,0.600172758102,-0.233924478292,-0.245441675186,0.625738739967,-0.248433545232,-0.362959772348,0.609186887741,-0.256434708834,-0.364214271307
1776722581.81,0.500917136669,-0.164895430207,0.431040555239,0.509273171425,-0.173367843032,0.335974693298,0.520392179489,-0.181245774031,0.236915767193,0.533561468124,-0.189438685775,0.138613134623,0.54893052578,-0.198663547635,0.0424614697695,0.565524101257,-0.206994965672,-0.0535081326962,0.583023786545,-0.217132970691,-0.151134431362,0.604520440102,-0.227170348167,-0.246658563614,0.62945997715,-0.242363736033,-0.363212555647,0.614434361458,-0.251771330833,-0.364214271307
1776722581.82,0.501952707767,-0.165384441614,0.430528014898,0.510331630707,-0.173198074102,0.33561077714,0.522379279137,-0.179643630981,0.236384496093,0.535987734795,-0.187287718058,0.138798043132,0.551266670227,-0.196255609393,0.0420518592,0.568223714828,-0.20385222137,-0.0537307113409,0.586957097054,-0.213999152184,-0.150440245867,0.606687068939,-0.223794907331,-0.246997922659,0.630645632744,-0.239168822765,-0.364244580269,0.619321584702,-0.246857330203,-0.364214271307
1776722581.84,0.502779066563,-0.16577193141,0.429927945137,0.511812925339,-0.172726273537,0.335262835026,0.52440059185,-0.178471341729,0.236374109983,0.538457989693,-0.185311183333,0.138450473547,0.554808974266,-0.193379849195,0.0432694703341,0.570806145668,-0.200712457299,-0.0541841089725,0.588508248329,-0.210109218955,-0.152152985334,0.608388900757,-0.220266893506,-0.247214227915,0.631164908409,-0.235979750752,-0.365141987801,0.623816609383,-0.241702035069,-0.364214271307
1776722581.85,0.503458023071,-0.166040331125,0.429285347462,0.514181017876,-0.171877846122,0.334213256836,0.527977228165,-0.17589391768,0.235720142722,0.543102383614,-0.181761130691,0.137583449483,0.559270739555,-0.188296034932,0.040932059288,0.576122879982,-0.194837361574,-0.0548741519451,0.594175457954,-0.203757703304,-0.15191411972,0.611595988274,-0.21368034184,-0.249091476202,0.633903741837,-0.229226157069,-0.365452826023,0.627888679504,-0.23631682992,-0.364214271307
1776722581.87,0.503999650478,-0.166193827987,0.428677082062,0.516586065292,-0.171034783125,0.333580851555,0.531324148178,-0.173947960138,0.235000059009,0.54734992981,-0.177884832025,0.137076169252,0.564253807068,-0.184057161212,0.040779709816,0.581219673157,-0.190085560083,-0.0554351359606,0.597716569901,-0.197965696454,-0.15326026082,0.614911317825,-0.206876441836,-0.249681144953,0.634922623634,-0.221033900976,-0.367265969515,0.631508469582,-0.230715095997,-0.364214271307
1776722581.88,0.504426419735,-0.166195869446,0.428111165762,0.51775598526,-0.170804232359,0.333395004272,0.532809972763,-0.172887638211,0.234919846058,0.549721956253,-0.176591485739,0.136849477887,0.567074537277,-0.182332247496,0.0409547165036,0.583556294441,-0.187741801143,-0.0554215312004,0.598595023155,-0.195071697235,-0.154379069805,0.615962982178,-0.203458711505,-0.250993043184,0.635322332382,-0.21664750576,-0.368117898703,0.634648680687,-0.224912151694,-0.364214271307
1776722581.9,0.504662334919,-0.166029408574,0.4276907444,0.518830895424,-0.170137539506,0.332583546638,0.535385251045,-0.171609759331,0.234215036035,0.553402304649,-0.174573123455,0.13673967123,0.570876479149,-0.179162219167,0.0400250479579,0.587035059929,-0.183617264032,-0.0557248145342,0.6022824049,-0.189787521958,-0.154907226562,0.617946267128,-0.196873158216,-0.251116991043,0.635498285294,-0.208330065012,-0.369616091251,0.637284517288,-0.218925073743,-0.364214271307
1776722581.91,0.504751801491,-0.165632784367,0.427287638187,0.519659161568,-0.169865682721,0.332027494907,0.53661942482,-0.171275690198,0.233777165413,0.554391622543,-0.173985615373,0.136305823922,0.57223212719,-0.177920669317,0.0399787351489,0.588492631912,-0.181757539511,-0.0561694204807,0.603017091751,-0.187282294035,-0.155565708876,0.618318676949,-0.193255245686,-0.251941204071,0.635038018227,-0.203061759472,-0.371237039566,0.639394640923,-0.212772458792,-0.364214271307
1776722581.93,0.504739284515,-0.165072366595,0.427050977945,0.520405650139,-0.16969498992,0.331835508347,0.537788510323,-0.170851618052,0.233429610729,0.556281805038,-0.172957360744,0.135745152831,0.574166536331,-0.176261022687,0.0397334992886,0.589934587479,-0.178443044424,-0.056712269783,0.604217529297,-0.182327955961,-0.155603349209,0.619282245636,-0.186441600323,-0.252387851477,0.634673833847,-0.194215893745,-0.371724158525,0.640960812569,-0.206474155188,-0.364214271307
1776722581.95,0.504679322243,-0.164267286658,0.426862865686,0.520393967628,-0.169391766191,0.33156734705,0.538043856621,-0.170655474067,0.233323156834,0.556585073471,-0.172556698322,0.135768949986,0.574371695518,-0.175357893109,0.0394323840737,0.590164422989,-0.176735088229,-0.0569891035557,0.604247927666,-0.179564088583,-0.156145900488,0.618790149689,-0.182859674096,-0.252895474434,0.633729457855,-0.189540624619,-0.372215479612,0.64196896553,-0.200051009655,-0.364214271307
1776722581.96,0.504562437534,-0.162944346666,0.426739871502,0.519874691963,-0.168269917369,0.331162333488,0.537375926971,-0.169904083014,0.23285934329,0.556047320366,-0.171671614051,0.135550558567,0.57339155674,-0.17386469245,0.0387483537197,0.589179039001,-0.174190059304,-0.0577611774206,0.603647112846,-0.175173863769,-0.156746953726,0.617606163025,-0.176104277372,-0.253840446472,0.632182478905,-0.179559022188,-0.373605102301,0.642408967018,-0.193524420261,-0.364214271307
1776722581.97,0.504362642765,-0.161181330681,0.426659375429,0.519673109055,-0.167858704925,0.331003665924,0.536730051041,-0.16937148571,0.232650026679,0.55509865284,-0.171297356486,0.135207131505,0.572835922241,-0.173132181168,0.0388293340802,0.588151216507,-0.172683492303,-0.0576450228691,0.602383852005,-0.172705590725,-0.156662076712,0.616505742073,-0.172871053219,-0.253758221865,0.632055878639,-0.174298882484,-0.374494850636,0.642274856567,-0.186916142702,-0.364214271307
1776722581.99,0.504151165485,-0.159607857466,0.426635533571,0.518504023552,-0.16598598659,0.331060349941,0.534690737724,-0.168124601245,0.232345968485,0.552248120308,-0.170230776072,0.134800642729,0.569502234459,-0.171529561281,0.0381811261177,0.585208415985,-0.169637084007,-0.0585871636868,0.599917769432,-0.168516620994,-0.15732267499,0.614588260651,-0.166354835033,-0.254155546427,0.630254745483,-0.164513900876,-0.374848783016,0.641564846039,-0.18024776876,-0.364214271307
1776722582,0.503718793392,-0.156908601522,0.426680982113,0.518043160439,-0.165136829019,0.330789506435,0.533624649048,-0.166922673583,0.232263177633,0.55066204071,-0.169289201498,0.134892195463,0.56731235981,-0.170368522406,0.0378811582923,0.582889318466,-0.168321177363,-0.0587859302759,0.597924232483,-0.166370183229,-0.157609462738,0.612578988075,-0.162823438644,-0.254413723946,0.628663063049,-0.159931927919,-0.374808549881,0.640281558037,-0.173540532589,-0.364214271307
1776722582.02,0.503201425076,-0.154129222035,0.426799863577,0.516377925873,-0.162000373006,0.330705553293,0.530985355377,-0.16445466876,0.231919661164,0.54637658596,-0.166491091251,0.133726686239,0.56266438961,-0.167393893003,0.0370696559548,0.577652812004,-0.165328726172,-0.0591295808554,0.593096733093,-0.161222219467,-0.158129245043,0.608866095543,-0.155553266406,-0.255372613668,0.626816391945,-0.149666979909,-0.375137537718,0.638431429863,-0.166814878583,-0.364214271307
1776722582.03,0.502581775188,-0.150975033641,0.427114695311,0.515704751015,-0.160141021013,0.330778539181,0.529444694519,-0.162567302585,0.231814712286,0.544255971909,-0.164939418435,0.133680582047,0.560129165649,-0.165985807776,0.0374796539545,0.574993133545,-0.163098573685,-0.0602995455265,0.590769886971,-0.158716589212,-0.15819144249,0.606565117836,-0.152124717832,-0.255722880363,0.625116705894,-0.145225510001,-0.375144273043,0.636024951935,-0.160090178251,-0.364214271307
1776722582.05,0.501855969429,-0.147672042251,0.427454084158,0.513662815094,-0.155908867717,0.330721020699,0.526203274727,-0.158425837755,0.231717139482,0.539616107941,-0.1604834795,0.133401662111,0.554000139236,-0.161109000444,0.0360310152173,0.569111824036,-0.157633394003,-0.0604659616947,0.584431409836,-0.152667954564,-0.159292787313,0.601250290871,-0.144833475351,-0.256218969822,0.62194776535,-0.136445730925,-0.374996393919,0.633075714111,-0.153384536505,-0.364214271307
1776722582.06,0.500875890255,-0.143655464053,0.427894085646,0.512645959854,-0.153715744615,0.330582678318,0.524445652962,-0.155907675624,0.23183619976,0.537440299988,-0.157839357853,0.133561462164,0.551379442215,-0.15809828043,0.0363612994552,0.565612912178,-0.154823198915,-0.0604466199875,0.58162856102,-0.149387091398,-0.159157156944,0.598282933235,-0.141151189804,-0.256151854992,0.620324611664,-0.132013708353,-0.374344140291,0.62960100174,-0.14671446383,-0.364214271307
1776722582.08,0.49981456995,-0.139396727085,0.428449511528,0.510184168816,-0.148448586464,0.331116676331,0.520865678787,-0.150322392583,0.231976211071,0.532641887665,-0.151792004704,0.133733302355,0.54537832737,-0.151692315936,0.0354407131672,0.557621955872,-0.146255493164,-0.0632001161575,0.575188159943,-0.14175991714,-0.159363925457,0.593139529228,-0.133290246129,-0.256238669157,0.615361213684,-0.123795188963,-0.37485435605,0.625620365143,-0.14009475708,-0.364214271307
1776722582.09,0.498854845762,-0.135783314705,0.42898312211,0.509088754654,-0.145500808954,0.331111729145,0.518974423409,-0.14695726335,0.231986746192,0.530721902847,-0.148244947195,0.133719593287,0.542643785477,-0.147836402059,0.0352359041572,0.556699633598,-0.143730431795,-0.060765132308,0.572510719299,-0.137406408787,-0.159256756306,0.59041929245,-0.128921583295,-0.256348341703,0.613173365593,-0.119653709233,-0.374576926231,0.62115585804,-0.133538335562,-0.364214271307
1776722582.11,0.497541427612,-0.13122060895,0.429824978113,0.507765889168,-0.142140746117,0.331654071808,0.517349362373,-0.143462076783,0.23209220171,0.528355956078,-0.144076630473,0.133978292346,0.540261507034,-0.143439620733,0.0357615351677,0.554140210152,-0.139412656426,-0.0603112578392,0.569762468338,-0.13329385221,-0.159150958061,0.587817907333,-0.124881245196,-0.256269842386,0.609752058983,-0.116449803114,-0.374472886324,0.616231560707,-0.127056211233,-0.364214271307
1776722582.12,0.496163636446,-0.12696787715,0.430653691292,0.505607843399,-0.135936379433,0.332650065422,0.514066934586,-0.135857820511,0.233146831393,0.523763895035,-0.135504171252,0.133965626359,0.536279678345,-0.134968429804,0.0372733846307,0.549336910248,-0.130045995116,-0.0599106252193,0.564875125885,-0.124392181635,-0.158905059099,0.581632733345,-0.116834953427,-0.255866736174,0.603074431419,-0.109052218497,-0.374529749155,0.610872626305,-0.120657369494,-0.364214271307
1776722582.14,0.494691103697,-0.12264829874,0.431539297104,0.504128575325,-0.132418394089,0.332896560431,0.51235127449,-0.131953299046,0.233529061079,0.522162556648,-0.131274282932,0.133839026093,0.53392136097,-0.129538089037,0.0369869470596,0.547008514404,-0.125144273043,-0.0593855530024,0.562193036079,-0.11969269067,-0.158185720444,0.57862663269,-0.112594269216,-0.254790335894,0.599555850029,-0.106030412018,-0.374359816313,0.605105876923,-0.11434879899,-0.364214271307
1776722582.15,0.493043512106,-0.118013083935,0.432652980089,0.502117872238,-0.125609382987,0.333873301744,0.509812474251,-0.123280875385,0.234307155013,0.519019722939,-0.121681153774,0.135292708874,0.530676722527,-0.119453728199,0.0383955389261,0.543202877045,-0.11489738524,-0.0587550699711,0.557459235191,-0.110176376998,-0.157196909189,0.573070287704,-0.10459394753,-0.253922581673,0.592014670372,-0.0995106175542,-0.374058157206,0.59895837307,-0.108135513961,-0.364214271307
1776722582.17,0.491593748331,-0.113857753575,0.433602511883,0.499671667814,-0.117996156216,0.335372030735,0.507780909538,-0.114867202938,0.236218824983,0.517042756081,-0.111758306623,0.136849910021,0.527933835983,-0.109430640936,0.0396217107773,0.539433717728,-0.104605942965,-0.0573413074017,0.55198431015,-0.100654371083,-0.156462192535,0.566445112228,-0.0961320698261,-0.253758758307,0.583510637283,-0.0929838716984,-0.373993366957,0.592457771301,-0.102020636201,-0.364214271307
1776722582.18,0.489991217852,-0.109315119684,0.434670358896,0.498536556959,-0.114599853754,0.336018025875,0.50651037693,-0.110552199185,0.236480087042,0.516103744507,-0.106681473553,0.137699529529,0.527029395103,-0.104330606759,0.0404642745852,0.537670850754,-0.0994508862495,-0.0566681474447,0.549545407295,-0.0956293195486,-0.156290739775,0.56310904026,-0.0920413434505,-0.253320604563,0.579084277153,-0.0896655097604,-0.37347227335,0.585631728172,-0.0960054546595,-0.364214271307
1776722582.2,0.488315492868,-0.104370556772,0.435691297054,0.496532291174,-0.107499621809,0.337228298187,0.505036950111,-0.102135427296,0.238292843103,0.514136433601,-0.0977528169751,0.13971143961,0.524449467659,-0.0938859283924,0.0417148247361,0.534241199493,-0.0894258841872,-0.0548841059208,0.544712424278,-0.0866697505116,-0.154605001211,0.55623626709,-0.0840851515532,-0.251901984215,0.569530844688,-0.0834683477879,-0.372609704733,0.578507661819,-0.0900895446539,-0.364214271307
1776722582.21,0.486558228731,-0.0992936789989,0.436595678329,0.495740860701,-0.104197278619,0.338327437639,0.504094481468,-0.0981631577015,0.239183887839,0.51327252388,-0.0930702239275,0.140142351389,0.52320766449,-0.0896954759955,0.0430207028985,0.532630562782,-0.08511929214,-0.0543939769268,0.541651010513,-0.0824260786176,-0.153881669044,0.552519083023,-0.0805088505149,-0.251352250576,0.564523696899,-0.0807338878512,-0.372622430325,0.57111287117,-0.0842708721757,-0.364214271307
1776722582.23,0.484661281109,-0.0934789925814,0.437515825033,0.493294984102,-0.0971970632672,0.339950144291,0.501999020576,-0.0906830281019,0.240627363324,0.51080262661,-0.0852897614241,0.141061663628,0.52069401741,-0.0814378634095,0.0440609157085,0.528435111046,-0.0768333226442,-0.0534288734198,0.536610841751,-0.0743837282062,-0.152634561062,0.545083999634,-0.0727764815092,-0.250880181789,0.553642034531,-0.0740085169673,-0.371702283621,0.563473701477,-0.0785459503531,-0.364214271307
1776722582.24,0.482634037733,-0.0871242061257,0.438501179218,0.491850405931,-0.0935562849045,0.340270400047,0.500749826431,-0.0871362313628,0.241107717156,0.509856939316,-0.0816034451127,0.141897633672,0.51897418499,-0.077422991395,0.0448010638356,0.5264326334,-0.0727259293199,-0.0523448586464,0.533739805222,-0.0708230957389,-0.152430713177,0.540952324867,-0.0695489123464,-0.250566750765,0.548748373985,-0.0708926320076,-0.371503472328,0.555616259575,-0.0729099586606,-0.364214271307
1776722582.26,0.481280565262,-0.0821132808924,0.439135700464,0.489224344492,-0.0865130349994,0.341424167156,0.49790558219,-0.080459445715,0.242261186242,0.506584525108,-0.0747235789895,0.143486380577,0.515214800835,-0.0707155615091,0.0457086786628,0.521906971931,-0.0661916434765,-0.0511843413115,0.527287721634,-0.0641123056412,-0.151685118675,0.533446788788,-0.0631379932165,-0.249444484711,0.537874341011,-0.0640729516745,-0.371394664049,0.547565817833,-0.0673568770289,-0.364214271307
1776722582.27,0.479580134153,-0.0755909457803,0.439866989851,0.488018423319,-0.0831075236201,0.341965913773,0.496188730001,-0.0769723057747,0.242798522115,0.504725575447,-0.0718411132693,0.143401354551,0.513090014458,-0.0681258067489,0.0461508706212,0.518986940384,-0.0633168965578,-0.0511581152678,0.523534297943,-0.0612595006824,-0.151392042637,0.529294133186,-0.059939738363,-0.249390631914,0.533383369446,-0.0601622536778,-0.370653986931,0.539346694946,-0.0618796423078,-0.364214271307
1776722582.29,0.477957248688,-0.0685770437121,0.440582215786,0.485092192888,-0.0753386169672,0.34336361289,0.492716580629,-0.0704247504473,0.243633240461,0.500487804413,-0.0663552507758,0.144423857331,0.507649540901,-0.0629319399595,0.0465617328882,0.513703107834,-0.0582510121167,-0.0498609542847,0.516660451889,-0.0560026355088,-0.151041001081,0.520348668098,-0.0542599409819,-0.24896261096,0.52190721035,-0.0531209222972,-0.371371239424,0.530982613564,-0.0564702525735,-0.364214271307
1776722582.3,0.476322174072,-0.0613009594381,0.441271156073,0.484053641558,-0.0711951851845,0.343748152256,0.490812808275,-0.0671573653817,0.24417835474,0.497941344976,-0.0637872368097,0.144531860948,0.50482571125,-0.0607108511031,0.0469641983509,0.509650349617,-0.0566025078297,-0.0508455783129,0.512916684151,-0.0539121590555,-0.150632500648,0.515714406967,-0.0512269027531,-0.248439311981,0.517399430275,-0.0501225292683,-0.370590120554,0.522496819496,-0.0511199384928,-0.364214271307
1776722582.32,0.474718779325,-0.0537364557385,0.441824644804,0.481119185686,-0.0628571510315,0.34416359663,0.486808747053,-0.0606071352959,0.244808718562,0.492410153151,-0.0586455799639,0.145429834723,0.498624950647,-0.0566926151514,0.0482991710305,0.502151966095,-0.0530025884509,-0.049771681428,0.504082798958,-0.05005139485,-0.150221675634,0.506604671478,-0.0458499640226,-0.247903853655,0.505454778671,-0.0422986932099,-0.371423512697,0.513911366463,-0.0458192713559,-0.364214271307
1776722582.33,0.473091214895,-0.0454065650702,0.442314475775,0.479225724936,-0.0586860403419,0.34470140934,0.484673947096,-0.0570543967187,0.245398938656,0.489641338587,-0.0555832386017,0.146003231406,0.494479686022,-0.0546557344496,0.0479374974966,0.497581511736,-0.051264796406,-0.0499045997858,0.499991625547,-0.0482987426221,-0.149724245071,0.501619815826,-0.043752014637,-0.247765004635,0.501182556152,-0.0391394682229,-0.370739072561,0.505248308182,-0.0405582860112,-0.364214271307
1776722582.35,0.47168597579,-0.0372826084495,0.442797064781,0.476030677557,-0.0493275485933,0.34560495615,0.479952543974,-0.049534779042,0.245617583394,0.483688682318,-0.050235375762,0.145864382386,0.487076550722,-0.0504673048854,0.0485373139381,0.489478498697,-0.0473755188286,-0.0492499917746,0.489311307669,-0.0440470762551,-0.148873925209,0.4910620749,-0.038833770901,-0.24694147706,0.491563528776,-0.0327151380479,-0.369497358799,0.496528893709,-0.0353265963495,-0.364214271307
1776722582.36,0.470393657684,-0.0290743913502,0.443087905645,0.47468522191,-0.0448030680418,0.345951110125,0.477754980326,-0.0457773208618,0.246199861169,0.480342537165,-0.047057274729,0.146493390203,0.483125060797,-0.0481114014983,0.0486568138003,0.48429492116,-0.0455002337694,-0.0491186082363,0.484403640032,-0.0418779812753,-0.148827821016,0.485471636057,-0.0363080576062,-0.247632801533,0.48599216342,-0.0294927675277,-0.368731349707,0.48777410388,-0.0301135256886,-0.364214271307
1776722582.38,0.469230651855,-0.0214996878058,0.44328519702,0.471527248621,-0.0352484956384,0.346682161093,0.472462922335,-0.0377104394138,0.246698513627,0.473511904478,-0.040730740875,0.147264763713,0.474602729082,-0.042319368571,0.0492589771748,0.475153893232,-0.0404260978103,-0.0481684952974,0.474859386683,-0.0366597101092,-0.147868543863,0.47508880496,-0.0306997746229,-0.24695661664,0.475932866335,-0.0234201289713,-0.368262052536,0.479004651308,-0.0249082054943,-0.364214271307
1776722582.39,0.468037515879,-0.0127794751897,0.443334460258,0.469639331102,-0.0308009963483,0.34661090374,0.469753652811,-0.0335167758167,0.246902301908,0.469507783651,-0.0367877073586,0.147181257606,0.470448464155,-0.0392237007618,0.049450032413,0.469481021166,-0.0373702906072,-0.0488302409649,0.470109552145,-0.0338014625013,-0.148659855127,0.470584124327,-0.0275137238204,-0.246089100838,0.470722526312,-0.0200697891414,-0.36865067482,0.470241218805,-0.0196996908635,-0.364214271307
1776722582.41,0.466985225677,-0.00456813024357,0.443290442228,0.4662360847,-0.0207427497953,0.346767306328,0.464211314917,-0.0247983988374,0.247205689549,0.462351232767,-0.0286081712693,0.147849366069,0.461924225092,-0.0315273702145,0.0499094724655,0.460246294737,-0.0304755605757,-0.0484202951193,0.459592491388,-0.0274068992585,-0.148256570101,0.460141092539,-0.0216127447784,-0.246387153864,0.459731727839,-0.0141015360132,-0.36905041337,0.461504489183,-0.0144770713523,-0.364214271307
1776722582.42,0.466066688299,0.00287830713205,0.443155109882,0.4662360847,-0.0207427497953,0.346767306328,0.464211314917,-0.0247983988374,0.247205689549,0.462351232767,-0.0286081712693,0.147849366069,0.461924225092,-0.0315273702145,0.0499094724655,0.460246294737,-0.0304755605757,-0.0484202951193,0.459592491388,-0.0274068992585,-0.148256570101,0.460141092539,-0.0216127447784,-0.246387153864,0.459731727839,-0.0141015360132,-0.36905041337,0.452815383673,-0.00922957248986,-0.364214271307
1776722582.44,0.465192764997,0.0110886497423,0.442842423916,0.4662360847,-0.0207427497953,0.346767306328,0.464211314917,-0.0247983988374,0.247205689549,0.462351232767,-0.0286081712693,0.147849366069,0.461924225092,-0.0315273702145,0.0499094724655,0.460246294737,-0.0304755605757,-0.0484202951193,0.459592491388,-0.0274068992585,-0.148256570101,0.460141092539,-0.0216127447784,-0.246387153864,0.459731727839,-0.0141015360132,-0.36905041337,0.444195061922,-0.003946675919,-0.364214271307
1776722582.45,0.464581638575,0.0180653072894,0.442588657141,0.4662360847,-0.0207427497953,0.346767306328,0.464211314917,-0.0247983988374,0.247205689549,0.462351232767,-0.0286081712693,0.147849366069,0.461924225092,-0.0315273702145,0.0499094724655,0.460246294737,-0.0304755605757,-0.0484202951193,0.459592491388,-0.0274068992585,-0.148256570101,0.460141092539,-0.0216127447784,-0.246387153864,0.459731727839,-0.0141015360132,-0.36905041337,0.435665041208,0.00138177070767,-0.364214271307
1776722582.47,0.464117467403,0.0252821017057,0.442244827747,0.458229929209,0.0111728096381,0.346680998802,0.45133331418,0.00737666897476,0.247229442,0.444979935884,0.00309874862432,0.148203864694,0.440306931734,-0.000815413426608,0.0497365854681,0.435709387064,-0.00155462324619,-0.0481536835432,0.432169944048,-0.00156195345335,-0.148220002651,0.430625528097,-0.000343329971656,-0.246849089861,0.428490430117,-0.000216113054194,-0.36848834157,0.427247494459,0.00676543731242,-0.364214271307
1776722582.48,0.463826209307,0.0318045541644,0.441943973303,0.457147687674,0.0162290241569,0.34630715847,0.44969317317,0.0130756283179,0.246850788593,0.442848831415,0.009162328206,0.147799521685,0.437430173159,0.00509145529941,0.0499473921955,0.432358890772,0.00397942773998,-0.0481428205967,0.428272098303,0.00272083794698,-0.148106485605,0.425989836454,0.00309202447534,-0.246731817722,0.423454254866,0.00177076575346,-0.368158698082,0.418965131044,0.0122133865952,-0.364214271307
1776722582.5,0.463616430759,0.0391636230052,0.44145026803,0.455692201853,0.026830105111,0.345767438412,0.447543948889,0.0250054970384,0.246415346861,0.439335435629,0.0218893513083,0.147310093045,0.432899206877,0.0180190894753,0.0497199371457,0.426407545805,0.0155313629657,-0.0479026287794,0.420410603285,0.012462021783,-0.147680014372,0.417065054178,0.0107817361131,-0.246306955814,0.411090701818,0.00787274073809,-0.369643568993,0.410841435194,0.0177339520305,-0.364214271307
1776722582.51,0.463586419821,0.0436343215406,0.441055715084,0.455429404974,0.0318793803453,0.345746517181,0.446607857943,0.0306618064642,0.246045917273,0.438235610723,0.0280419364572,0.147433876991,0.43071308732,0.0241839867085,0.0495339110494,0.423721641302,0.0214510411024,-0.0482521951199,0.416935950518,0.0177720040083,-0.148084491491,0.412538915873,0.0148520264775,-0.246512442827,0.406723350286,0.0099282367155,-0.368732184172,0.402900546789,0.023334601894,-0.364214271307
1776722582.53,0.463694274426,0.050907112658,0.440263241529,0.454677194357,0.0414766743779,0.344925373793,0.445183426142,0.0418564304709,0.245412677526,0.435827821493,0.0399809293449,0.14690823853,0.427532881498,0.0365318693221,0.049209497869,0.41876617074,0.0329958088696,-0.048711001873,0.409217864275,0.0289047323167,-0.149188756943,0.404854744673,0.0224823039025,-0.245968997478,0.396242290735,0.0140234101564,-0.367856532335,0.395167320967,0.0290218107402,-0.364214271307
1776722582.55,0.46398460865,0.0570223778486,0.439469069242,0.454310148954,0.0461967997253,0.344698488712,0.444801777601,0.0468247458339,0.245292961597,0.435296565294,0.0459356717765,0.146804392338,0.426379173994,0.0420659631491,0.0494127944112,0.416950196028,0.0382903628051,-0.0484817177057,0.407640963793,0.0326782353222,-0.148204267025,0.400542587042,0.0267489831895,-0.246753931046,0.389940530062,0.017180306837,-0.368443697691,0.387667506933,0.0348009131849,-0.364214271307
1776722582.56,0.464400410652,0.0613189898431,0.438750207424,0.454304307699,0.054200116545,0.34391194582,0.444255381823,0.0565181784332,0.245209425688,0.43412527442,0.0561786703765,0.146128967404,0.424478203058,0.0526249930263,0.0484245941043,0.41370305419,0.0490879938006,-0.0489156246185,0.402905017138,0.0423067994416,-0.1487647295,0.394032210112,0.0340901017189,-0.246076583862,0.380601614714,0.0221094433218,-0.367029547691,0.380427390337,0.0406759753823,-0.364214271307
1776722582.57,0.464917838573,0.0662353038788,0.437885791063,0.454386860132,0.0581275597215,0.343657135963,0.443722754717,0.0602974258363,0.244177937508,0.433659404516,0.0605026856065,0.145631894469,0.423353105783,0.0578341893852,0.0480784624815,0.41182538867,0.0538158379495,-0.0495206266642,0.399166554213,0.0473531968892,-0.14906051755,0.390607684851,0.0383620597422,-0.246124774218,0.37561121583,0.0247380193323,-0.366516560316,0.373473852873,0.0466496497393,-0.364214271307
1776722582.59,0.465504854918,0.07039565593,0.437006890774,0.454559952021,0.0651064366102,0.342574357986,0.443951100111,0.0680616348982,0.243641614914,0.432899087667,0.0686713010073,0.145066231489,0.42205658555,0.0658163204789,0.0467803999782,0.409368187189,0.0626682937145,-0.0503633022308,0.396123975515,0.0553396977484,-0.148917168379,0.383928149939,0.0459360033274,-0.246075212955,0.365363150835,0.0315008014441,-0.367077320814,0.366834253073,0.0527230426669,-0.364214271307
1776722582.6,0.466247916222,0.0748329088092,0.435961693525,0.45492336154,0.0680109262466,0.341723412275,0.443962842226,0.070918597281,0.242619335651,0.43280890584,0.0718235522509,0.144089400768,0.421210497618,0.0698939189315,0.0465496256948,0.408038645983,0.0665755942464,-0.0504677295685,0.392318814993,0.0599806196988,-0.151056170464,0.380646854639,0.0495176613331,-0.246449261904,0.361364156008,0.0345077216625,-0.366548269987,0.360536247492,0.0588955953717,-0.364214271307
1776722582.62,0.467170089483,0.0792140364647,0.434814155102,0.455992311239,0.0738209858537,0.340344965458,0.444647759199,0.0766886398196,0.241389080882,0.432985037565,0.077789478004,0.143106147647,0.420184105635,0.0753525495529,0.0455743893981,0.406103223562,0.0722499340773,-0.0518549829721,0.389875680208,0.0653781220317,-0.15029501915,0.374408334494,0.0560280941427,-0.24690747261,0.35200753808,0.042089805007,-0.367220669985,0.35460755229,0.0651649609208,-0.364214271307
1776722582.63,0.468075096607,0.0834614038467,0.433778822422,0.456409424543,0.0763293653727,0.339594006538,0.444721072912,0.0791995897889,0.240591928363,0.432923942804,0.0802090391517,0.142972663045,0.41978135705,0.0781365633011,0.0450789183378,0.404246658087,0.0749825239182,-0.0521944910288,0.387697011232,0.0678090155125,-0.150371462107,0.371368676424,0.0592389889061,-0.246884793043,0.348049074411,0.0462886877358,-0.367484360933,0.349075466394,0.0715269297361,-0.364214271307
1776722582.65,0.469005435705,0.0871474668384,0.432784199715,0.4574611485,0.0815501883626,0.338593751192,0.44568964839,0.0833016037941,0.239290967584,0.432935684919,0.0839747413993,0.141973972321,0.418427616358,0.0814123377204,0.043719150126,0.402442902327,0.0788742303848,-0.0524697750807,0.383401185274,0.0728267505765,-0.151152819395,0.365653008223,0.0655836984515,-0.247867554426,0.340417057276,0.0542783588171,-0.368113130331,0.3439668715,0.077975332737,-0.364214271307
1776722582.66,0.470022976398,0.0911392271519,0.431774169207,0.458107918501,0.0837120190263,0.337604522705,0.445815354586,0.0851934850216,0.238854542375,0.432749122381,0.0849054604769,0.141610503197,0.417752057314,0.0822276100516,0.0433100908995,0.401903241873,0.0804251804948,-0.0530860424042,0.381630152464,0.0749400630593,-0.151744365692,0.362874001265,0.0689152628183,-0.247955709696,0.33734741807,0.0585426874459,-0.368127554655,0.339307755232,0.0845020115376,-0.364214271307
1776722582.68,0.471125453711,0.0950465723872,0.430792480707,0.459010094404,0.0884324908257,0.336480110884,0.446189910173,0.0881263017654,0.237209573388,0.431648880243,0.0871940478683,0.139293938875,0.416039735079,0.0844224765897,0.0423663929105,0.398779243231,0.0819140821695,-0.0538656413555,0.378452926874,0.0781002640724,-0.152299791574,0.358002513647,0.0744625404477,-0.248776197433,0.330914288759,0.0678668394685,-0.368788361549,0.335122734308,0.0910968109965,-0.364214271307
1776722582.69,0.472357034683,0.099090591073,0.429907590151,0.459387153387,0.0902574881911,0.335971623659,0.446210235357,0.0898355543613,0.237050667405,0.431361943483,0.0879574120045,0.138383492827,0.415085405111,0.0848923698068,0.0418131053448,0.397278279066,0.083189740777,-0.0545873194933,0.376644343138,0.0799990594387,-0.153317511082,0.35557565093,0.0779181420803,-0.249442636967,0.327282190323,0.0729382783175,-0.369688153267,0.331434637308,0.0977475941181,-0.364214271307
1776722582.71,0.473380804062,0.102671727538,0.429230511189,0.46001932025,0.0945170372725,0.334269165993,0.445867389441,0.0927043408155,0.236096352339,0.430159956217,0.0894202440977,0.137558996677,0.413258224726,0.0859281495214,0.0412040799856,0.394805341959,0.0852552130818,-0.0542207211256,0.373707920313,0.0836310014129,-0.152692705393,0.351160079241,0.0838402286172,-0.250052243471,0.323560059071,0.0823266878724,-0.370101332664,0.328264266253,0.104440331459,-0.364214271307
1776722582.72,0.474566847086,0.106599666178,0.42859095335,0.46025416255,0.0964422374964,0.333995997906,0.445450514555,0.0936681479216,0.235346615314,0.428982883692,0.0901898145676,0.136672466993,0.412179857492,0.0868166089058,0.0408402904868,0.394015461206,0.0865783467889,-0.0542057603598,0.372438341379,0.0854215845466,-0.152660638094,0.348540276289,0.0876396596432,-0.251136749983,0.321897268295,0.086964353919,-0.369879156351,0.325629800558,0.111159197986,-0.364214271307
1776722582.74,0.475686401129,0.110197581351,0.428085744381,0.46068623662,0.100247591734,0.332915395498,0.44491609931,0.0967970043421,0.235128700733,0.427403062582,0.092019058764,0.136237427592,0.410328358412,0.0889707133174,0.0408178046346,0.391469746828,0.0894354060292,-0.0545958727598,0.369429856539,0.0902846455574,-0.152633458376,0.345481783152,0.0938214659691,-0.251222938299,0.318326056004,0.0971795842052,-0.370136529207,0.323546379805,0.117886736989,-0.364214271307
1776722582.75,0.476755440235,0.113715834916,0.427760213614,0.460884064436,0.102444194257,0.332932889462,0.444331854582,0.0980676189065,0.234507590532,0.42704847455,0.0940217226744,0.136692881584,0.408690541983,0.0904649868608,0.0401816517115,0.389958292246,0.0910883173347,-0.0545567572117,0.368075996637,0.092509932816,-0.152839034796,0.344295948744,0.0971825122833,-0.251161009073,0.316933482885,0.102153919637,-0.370432049036,0.322025895119,0.124604091048,-0.364214271307
1776722582.77,0.477850973606,0.117093935609,0.427576541901,0.461892217398,0.106428660452,0.332013309002,0.443988651037,0.102537900209,0.234072044492,0.425372749567,0.0976581275463,0.136025905609,0.407137125731,0.0944723412395,0.0406270548701,0.387706786394,0.0957419499755,-0.0546355694532,0.366083055735,0.0984260737896,-0.152846872807,0.342276781797,0.104445822537,-0.250819444656,0.316595166922,0.110099561512,-0.3695487082,0.321076482534,0.13129119575,-0.364214271307
1776722582.78,0.478783488274,0.120226033032,0.427554577589,0.461932629347,0.108814641833,0.332147479057,0.443944483995,0.104444779456,0.234205022454,0.425370484591,0.100401744246,0.137267410755,0.406237751245,0.0967821627855,0.0402880758047,0.387032061815,0.0984559729695,-0.0549910962582,0.365514546633,0.101378642023,-0.152779132128,0.341174274683,0.108431763947,-0.250873506069,0.314756661654,0.114941388369,-0.370274841785,0.320702344179,0.137927129865,-0.364214271307
1776722582.8,0.479697823524,0.123430132866,0.427552700043,0.462819010019,0.113872632384,0.331812441349,0.444270759821,0.109892129898,0.234013408422,0.424950033426,0.106240108609,0.13656359911,0.40533182025,0.103674829006,0.0405533760786,0.385380476713,0.105909690261,-0.0545049309731,0.363632827997,0.109399497509,-0.15213739872,0.339648574591,0.116457745433,-0.251093447208,0.314454227686,0.124034196138,-0.370338410139,0.32090356946,0.144490391016,-0.364214271307
1776722582.81,0.480564594269,0.126609638333,0.427516490221,0.463356405497,0.116308629513,0.332010686398,0.444498568773,0.112652234733,0.233852118254,0.424352020025,0.108955584466,0.136425152421,0.405149072409,0.107153072953,0.0407495871186,0.384924560785,0.109815120697,-0.0538834482431,0.363555759192,0.113291360438,-0.152889579535,0.340787261724,0.119758978486,-0.249614417553,0.316611588001,0.126596152782,-0.368662834167,0.321675986052,0.150959268212,-0.364214271307
1776722582.83,0.48122471571,0.12920153141,0.427521646023,0.464461773634,0.121473871171,0.331959426403,0.445224136114,0.119470201433,0.234694182873,0.425038784742,0.117414489388,0.136743813753,0.405174940825,0.115953169763,0.0408800393343,0.385231345892,0.118811294436,-0.054399266839,0.363086313009,0.121979750693,-0.15196827054,0.339792281389,0.129377871752,-0.251020491123,0.315486162901,0.135047152638,-0.370142012835,0.323011219501,0.15731215477,-0.364214271307
1776722582.84,0.48175483942,0.131516754627,0.427576839924,0.464852005243,0.124456062913,0.331901550293,0.445500582457,0.122969441116,0.234403520823,0.425516575575,0.121502764523,0.136403754354,0.405717164278,0.120243482292,0.0411695241928,0.385276347399,0.122941859066,-0.0544482022524,0.363954812288,0.126570031047,-0.152094334364,0.341105669737,0.132965162396,-0.250493466854,0.316846728325,0.138427942991,-0.370324254036,0.324896663427,0.163527950644,-0.364214271307
1776722582.86,0.482138305902,0.133418411016,0.427516669035,0.465874284506,0.129471436143,0.331747740507,0.446783810854,0.130783900619,0.23448485136,0.42668363452,0.130712240934,0.136656239629,0.406983524561,0.130070209503,0.0406399592757,0.386859029531,0.133498728275,-0.0549599677324,0.365288645029,0.136427506804,-0.152216941118,0.342481166124,0.142378777266,-0.251459658146,0.317843526602,0.146765828133,-0.371787041426,0.327315896749,0.169586345553,-0.364214271307
1776722582.87,0.482395350933,0.134860783815,0.427441269159,0.466177374125,0.131910666823,0.332018882036,0.44720724225,0.133875072002,0.234191596508,0.427580803633,0.13505615294,0.136606574059,0.407881587744,0.135223403573,0.0402815416455,0.388211518526,0.13822939992,-0.0546097308397,0.367385476828,0.141389727592,-0.152767151594,0.345582515001,0.145218774676,-0.250181108713,0.319527566433,0.149448096752,-0.370965242386,0.330248743296,0.175468176603,-0.364214271307
1776722582.89,0.482557028532,0.135891541839,0.427337825298,0.466614753008,0.136458590627,0.331519663334,0.448873251677,0.141279697418,0.234714120626,0.428937345743,0.143253952265,0.135829463601,0.410371690989,0.145877540112,0.0399651229382,0.391619473696,0.149158582091,-0.055141210556,0.370279937983,0.15165668726,-0.153012186289,0.349074453115,0.153576225042,-0.251058548689,0.323007464409,0.156681388617,-0.371701806784,0.333671838045,0.181155711412,-0.364214271307
1776722582.9,0.48266017437,0.136470586061,0.42719835043,0.466818720102,0.138947844505,0.331898331642,0.449019223452,0.144085973501,0.233546644449,0.430308669806,0.148043677211,0.13560962677,0.411627560854,0.150736510754,0.0395263358951,0.393364995718,0.154693871737,-0.0555819272995,0.371953576803,0.155958727002,-0.154242575169,0.350715130568,0.159201532602,-0.251657515764,0.325118631124,0.159336268902,-0.371461361647,0.337558954954,0.186632886529,-0.364214271307
1776722582.92,0.482707858086,0.136829644442,0.427060812712,0.467585593462,0.142279013991,0.331201195717,0.45071849227,0.150271058083,0.23430788517,0.433033436537,0.156367152929,0.135683327913,0.4156075418,0.159951493144,0.0395338758826,0.397182673216,0.163903921843,-0.056622877717,0.37569758296,0.165701553226,-0.154338657856,0.355930894613,0.167756676674,-0.251741230488,0.329594939947,0.166585788131,-0.372103899717,0.341881483793,0.191885471344,-0.364214271307
1776722582.94,0.482703357935,0.13693228364,0.42691475153,0.468058139086,0.143399447203,0.33115452528,0.451646357775,0.152749210596,0.23397654295,0.433999866247,0.159166321158,0.135553181171,0.417214125395,0.163799807429,0.038982860744,0.400141388178,0.168727874756,-0.0563817471266,0.379740387201,0.170440495014,-0.154414653778,0.358310908079,0.171823725104,-0.252456516027,0.332897096872,0.169464305043,-0.371365904808,0.346609145403,0.196901246905,-0.364214271307
1776722582.95,0.482666671276,0.136879742146,0.426800310612,0.468770951033,0.145431235433,0.331397622824,0.453666299582,0.156098991632,0.233424663544,0.437397450209,0.164681702852,0.135028943419,0.421875208616,0.170968443155,0.0391480699182,0.404471665621,0.176298961043,-0.0574939399958,0.383662968874,0.178220331669,-0.155562996864,0.364285856485,0.179440900683,-0.252525448799,0.338222652674,0.176932677627,-0.372101187706,0.351710408926,0.201670065522,-0.364214271307
1776722582.96,0.482612729073,0.136773377657,0.426700890064,0.469226628542,0.146115288138,0.331338107586,0.453915029764,0.157570436597,0.234585255384,0.43878826499,0.166776627302,0.134719371796,0.423368781805,0.173465162516,0.0384441688657,0.407389074564,0.179582372308,-0.0571006685495,0.387460321188,0.181796863675,-0.154934495687,0.36677595973,0.183272838593,-0.252761572599,0.339752703905,0.181692481041,-0.373962193727,0.357153147459,0.206183820963,-0.364214271307
1776722582.98,0.48254391551,0.136673212051,0.426604121923,0.470060199499,0.146800562739,0.330721139908,0.456737965345,0.159099876881,0.233207941055,0.4434261024,0.170337200165,0.136281862855,0.427428096533,0.177686020732,0.0384500846267,0.411930173635,0.184299126267,-0.0576332658529,0.391681820154,0.188160821795,-0.156070947647,0.372792810202,0.189920648932,-0.253700405359,0.350154072046,0.1873010993,-0.373241215944,0.362905055285,0.210436522961,-0.364214271307
1776722582.99,0.482422947884,0.136594846845,0.426482051611,0.470296233892,0.146926239133,0.330640971661,0.457345992327,0.159461930394,0.232897102833,0.444470256567,0.171194896102,0.136299520731,0.429823070765,0.17920859158,0.0386068448424,0.414259880781,0.186822518706,-0.0574539899826,0.394628196955,0.19049949944,-0.156361550093,0.376354187727,0.192858234048,-0.253660917282,0.350845843554,0.192756876349,-0.375010401011,0.368934422731,0.214424088597,-0.364214271307
1776722583.01,0.482293635607,0.136557683349,0.426363676786,0.470505148172,0.146905422211,0.330478876829,0.458599239588,0.159736007452,0.23303732276,0.445428520441,0.170670777559,0.134944334626,0.43173918128,0.179228335619,0.0377922952175,0.416726440191,0.187776908278,-0.0574006289244,0.398620218039,0.192736923695,-0.155655622482,0.379316061735,0.196179047227,-0.254589319229,0.356664568186,0.196337208152,-0.374119699001,0.375210255384,0.218144312501,-0.364214271307
1776722583.02,0.482123792171,0.13653190434,0.426192700863,0.471375912428,0.146262317896,0.33057013154,0.459483891726,0.158643439412,0.23222142458,0.44784489274,0.170065253973,0.13462305069,0.434926599264,0.179590329528,0.037109233439,0.420303910971,0.188725620508,-0.0593528002501,0.403789132833,0.195730924606,-0.157468438148,0.387016743422,0.201072245836,-0.254849761724,0.366182416677,0.204275071621,-0.375587761402,0.381702870131,0.221596598625,-0.364214271307
1776722583.04,0.481983423233,0.136522576213,0.426071256399,0.47162887454,0.145732983947,0.330741107464,0.46119555831,0.157640323043,0.231904909015,0.45092985034,0.168712869287,0.135315254331,0.437961310148,0.178014948964,0.0363504812121,0.425893217325,0.188501656055,-0.0594781190157,0.410261839628,0.196824237704,-0.158253401518,0.394421428442,0.205123394728,-0.256318867207,0.373655050993,0.214174106717,-0.378444492817,0.388384312391,0.224781870842,-0.364214271307
1776722583.05,0.481863170862,0.136488631368,0.425969719887,0.47162887454,0.145732983947,0.330741107464,0.46119555831,0.157640323043,0.231904909015,0.45092985034,0.168712869287,0.135315254331,0.437961310148,0.178014948964,0.0363504812121,0.425893217325,0.188501656055,-0.0594781190157,0.410261839628,0.196824237704,-0.158253401518,0.394421428442,0.205123394728,-0.256318867207,0.373655050993,0.214174106717,-0.378444492817,0.395228475332,0.227702260017,-0.364214271307
1776722583.07,0.481770813465,0.136399924755,0.425892621279,0.471564620733,0.144485250115,0.330380469561,0.461944907904,0.154926896095,0.231701985002,0.452529758215,0.164572611451,0.133891046047,0.443009227514,0.173792555928,0.0355815216899,0.432869404554,0.186039149761,-0.0605707168579,0.420336335897,0.198091804981,-0.158638030291,0.40419998765,0.212359175086,-0.259190678596,0.392446190119,0.223785027862,-0.376948148012,0.402211278677,0.230360910296,-0.364214271307
1776722583.08,0.481742411852,0.136292010546,0.425857365131,0.471636265516,0.144144549966,0.330062448978,0.461748033762,0.153434351087,0.230822652578,0.453475147486,0.16316640377,0.133361041546,0.44387319684,0.17218619585,0.0347435846925,0.434484750032,0.1849206388,-0.0609587281942,0.423490613699,0.197712257504,-0.15923216939,0.409451395273,0.213799804449,-0.2592228055,0.397493690252,0.22793392837,-0.377524107695,0.40931096673,0.232761740685,-0.364214271307
1776722583.1,0.481775522232,0.136103630066,0.425875216722,0.471925228834,0.143018439412,0.329446017742,0.46284994483,0.15151026845,0.23058617115,0.454590588808,0.160171255469,0.13229945302,0.447093874216,0.168936356902,0.0341396778822,0.439156264067,0.182313174009,-0.0618339329958,0.430073648691,0.197700992227,-0.160420924425,0.418879061937,0.215689331293,-0.259953022003,0.40669426322,0.236636221409,-0.379341632128,0.416507929564,0.23490922153,-0.364214271307
1776722583.11,0.481838047504,0.135909512639,0.425932258368,0.471925228834,0.143018439412,0.329446017742,0.46284994483,0.15151026845,0.23058617115,0.454590588808,0.160171255469,0.13229945302,0.447093874216,0.168936356902,0.0341396778822,0.439156264067,0.182313174009,-0.0618339329958,0.430073648691,0.197700992227,-0.160420924425,0.418879061937,0.215689331293,-0.259953022003,0.40669426322,0.236636221409,-0.379341632128,0.423784941435,0.236808091402,-0.364214271307
1776722583.13,0.481907039881,0.135709643364,0.426004886627,0.472794145346,0.141787990928,0.329763531685,0.464547067881,0.149321511388,0.230157256126,0.457914739847,0.157905548811,0.132555991411,0.451618999243,0.166805490851,0.0338197052479,0.445547431707,0.181317731738,-0.0625738799572,0.439573556185,0.199130788445,-0.160298734903,0.431655019522,0.220266982913,-0.260400980711,0.426363021135,0.24447222054,-0.377621531487,0.43112680316,0.238463208079,-0.364214271307
1776722583.14,0.481979489326,0.13556098938,0.426098823547,0.47298631072,0.141436487436,0.329682022333,0.465277045965,0.149158477783,0.230121016502,0.45936897397,0.157618239522,0.132311195135,0.452826231718,0.166907429695,0.0336263477802,0.448013871908,0.181857690215,-0.062592074275,0.442811459303,0.199853256345,-0.160114020109,0.434739559889,0.223509281874,-0.260052472353,0.434373944998,0.245927259326,-0.376330286264,0.438520401716,0.239879310131,-0.364214271307
1776722583.16,0.482031285763,0.13549643755,0.426169216633,0.473140984774,0.141305267811,0.329494595528,0.466012686491,0.148848250508,0.230271294713,0.460320740938,0.15722027421,0.132420316339,0.45431599021,0.16725102067,0.0337413996458,0.450612515211,0.182181924582,-0.0621585249901,0.44641533494,0.200782895088,-0.160502076149,0.441703945398,0.223133459687,-0.259502232075,0.439451724291,0.248278796673,-0.377352327108,0.445954591036,0.241060823202,-0.364214271307
1776722583.17,0.482113867998,0.135465160012,0.42630186677,0.474116832018,0.141433686018,0.329972177744,0.467967480421,0.148939073086,0.230765908957,0.462794929743,0.157735675573,0.131623849273,0.458851188421,0.168315365911,0.0334995537996,0.456469148397,0.184403091669,-0.0620715022087,0.453300923109,0.203787818551,-0.160075694323,0.453175753355,0.225074335933,-0.256482571363,0.452520161867,0.251297712326,-0.375953704119,0.453419715166,0.242011755705,-0.364214271307
1776722583.19,0.482195645571,0.135468408465,0.426431238651,0.475103288889,0.141459286213,0.330264985561,0.469709485769,0.150176793337,0.230601727962,0.466484993696,0.160195559263,0.132443219423,0.463737756014,0.171465739608,0.0337464958429,0.462845414877,0.187662988901,-0.0620938688517,0.461812287569,0.207326516509,-0.159592717886,0.461738079786,0.228731021285,-0.258556485176,0.463918477297,0.253697633743,-0.376959383488,0.460907608271,0.242735505104,-0.364214271307
1776722583.2,0.482301533222,0.135444551706,0.426574856043,0.475827604532,0.142302155495,0.330385684967,0.471102982759,0.151166081429,0.231090396643,0.468069165945,0.161383479834,0.132175207138,0.466423302889,0.173184677958,0.0338204354048,0.466527670622,0.18977920711,-0.0614841431379,0.466318339109,0.208477139473,-0.160119533539,0.468209177256,0.229201242328,-0.256234228611,0.469584614038,0.254527181387,-0.376652181149,0.468411356211,0.243234783411,-0.364214271307
1776722583.22,0.482442051172,0.135325953364,0.426732093096,0.476748257875,0.143317133188,0.33045977354,0.473568707705,0.154030203819,0.230896115303,0.472590059042,0.165642023087,0.132913649082,0.472228199244,0.177534550428,0.0347302481532,0.473048359156,0.194262772799,-0.0619252771139,0.47549316287,0.211845353246,-0.159827917814,0.476884990931,0.233171984553,-0.258807212114,0.482161730528,0.254661500454,-0.377029627562,0.475924760103,0.243511527777,-0.364214271307
1776722583.23,0.482535481453,0.135190993547,0.426827132702,0.477425247431,0.144228026271,0.330273449421,0.475037068129,0.155676975846,0.231151327491,0.475285738707,0.167884841561,0.133253529668,0.476260453463,0.18031950295,0.0356017127633,0.478238433599,0.196388795972,-0.0613757073879,0.480092257261,0.21396368742,-0.159633487463,0.483090311289,0.232783570886,-0.256617188454,0.487932413816,0.255023986101,-0.377090156078,0.483442157507,0.243566825986,-0.364214271307
1776722583.25,0.482649117708,0.13492397964,0.426893472672,0.479521125555,0.145615383983,0.330620229244,0.478433996439,0.158833384514,0.231377437711,0.479763358831,0.172105386853,0.133537501097,0.48213121295,0.184982985258,0.0358667597175,0.485248714685,0.201027885079,-0.0607271492481,0.490081101656,0.217757225037,-0.158355742693,0.494828134775,0.234222665429,-0.256012141705,0.499474674463,0.254128754139,-0.376354575157,0.490958184004,0.243400886655,-0.364214271307
1776722583.26,0.482780665159,0.134447857738,0.426913827658,0.480407208204,0.146723031998,0.331062346697,0.480619579554,0.160315439105,0.231869056821,0.482796221972,0.17436593771,0.134268790483,0.485610157251,0.187694787979,0.0362342223525,0.489607006311,0.202943131328,-0.0607747286558,0.494495362043,0.218511894345,-0.158938676119,0.499737292528,0.235060095787,-0.255626767874,0.505328655243,0.253735989332,-0.376986503601,0.498467475176,0.243013069034,-0.364214271307
1776722583.28,0.48289847374,0.133974537253,0.426893055439,0.482752293348,0.14781960845,0.331147193909,0.485037714243,0.163424283266,0.232456713915,0.488711446524,0.178340405226,0.135097905993,0.493402630091,0.191568434238,0.0368784368038,0.498497635126,0.207272425294,-0.0591461807489,0.503108978271,0.221795529127,-0.158509135246,0.509613394737,0.236139252782,-0.255365550518,0.517259120941,0.251601159573,-0.376178264618,0.505964159966,0.242401838303,-0.364214271307
1776722583.29,0.483068346977,0.133295327425,0.426863729954,0.483859449625,0.14833843708,0.331028580666,0.487095922232,0.164513871074,0.233094871044,0.491643458605,0.179691419005,0.134951382875,0.497025161982,0.193679660559,0.0378662645817,0.502162694931,0.208859696984,-0.0592275410891,0.508321642876,0.222447916865,-0.157585740089,0.514657020569,0.236256599426,-0.254887908697,0.522528886795,0.250889629126,-0.375834941864,0.513441562653,0.241564884782,-0.364214271307
1776722583.31,0.483211010695,0.132659688592,0.426834106445,0.485898762941,0.148672968149,0.331605255604,0.491033524275,0.166104644537,0.233635395765,0.498129636049,0.182581499219,0.135844022036,0.504791855812,0.196341529489,0.038244061172,0.510323047638,0.211280941963,-0.0582954734564,0.516770243645,0.224161565304,-0.156833022833,0.524236798286,0.236579999328,-0.25550109148,0.533222913742,0.248799920082,-0.375867903233,0.520892381668,0.240499123931,-0.364214271307
1776722583.32,0.483342409134,0.132005855441,0.426778316498,0.486836224794,0.148803845048,0.33145698905,0.49332228303,0.166528597474,0.233644872904,0.500700592995,0.18321312964,0.136461794376,0.508761525154,0.197192281485,0.0393932983279,0.515387892723,0.211527407169,-0.057461515069,0.521087527275,0.224390849471,-0.156518727541,0.529091596603,0.236081406474,-0.253940522671,0.537833571434,0.247565478086,-0.37611708045,0.528307557106,0.239200845361,-0.364214271307
1776722583.34,0.483442604542,0.131384938955,0.426688104868,0.488619595766,0.148195132613,0.331572800875,0.496432930231,0.166215598583,0.233927026391,0.506257653236,0.183181852102,0.136856257915,0.515085697174,0.196958765388,0.0392819344997,0.523561954498,0.211683869362,-0.0567348599434,0.53117275238,0.223581463099,-0.155025631189,0.539045333862,0.234608992934,-0.253397643566,0.548944950104,0.244513213634,-0.374077916145,0.535676717758,0.237665817142,-0.364214271307
1776722583.35,0.483512103558,0.130786195397,0.426576465368,0.489454478025,0.147568076849,0.331641942263,0.498178392649,0.165470823646,0.233804732561,0.507991194725,0.182221591473,0.136588320136,0.517653822899,0.19667288661,0.0398845374584,0.526420116425,0.211031347513,-0.056601524353,0.534925460815,0.222848281264,-0.155652165413,0.543997764587,0.233236461878,-0.252985835075,0.553893446922,0.24218994379,-0.374060750008,0.542987942696,0.235889434814,-0.364214271307
1776722583.37,0.483552634716,0.130274355412,0.426421970129,0.489974170923,0.146932706237,0.331652104855,0.499410718679,0.164913058281,0.233896285295,0.509883880615,0.181089028716,0.136708945036,0.520697116852,0.195797681808,0.0399721488357,0.53015255928,0.21006603539,-0.0566223412752,0.539767146111,0.221554666758,-0.155194580555,0.548452019691,0.232191234827,-0.252538263798,0.558366537094,0.241146549582,-0.373641967773,0.550226926804,0.233866855502,-0.364214271307
1776722583.38,0.483589470387,0.129875272512,0.426283240318,0.490966886282,0.14554913342,0.331619739532,0.501769542694,0.162558719516,0.233484178782,0.513748884201,0.178036496043,0.136355400085,0.526804685593,0.191942945123,0.0404010862112,0.536894917488,0.206254199147,-0.0564719438553,0.548162937164,0.217738255858,-0.155337810516,0.55778157711,0.228612720966,-0.252369433641,0.568505048752,0.238044425845,-0.373689681292,0.557377576828,0.231593281031,-0.364214271307
1776722583.4,0.483616024256,0.129447117448,0.426122814417,0.491691440344,0.143888890743,0.331233531237,0.503287553787,0.159530684352,0.233228832483,0.517183184624,0.174074277282,0.135647788644,0.530522584915,0.187253698707,0.0402799546719,0.542680740356,0.201114863157,-0.0564260035753,0.554757714272,0.21318911016,-0.155320227146,0.565810799599,0.224360585213,-0.252147078514,0.577653169632,0.235058262944,-0.372638255358,0.564421415329,0.229064077139,-0.364214271307
1776722583.41,0.483662545681,0.128965869546,0.425976186991,0.491997212172,0.143029406667,0.330910116434,0.50433909893,0.157504349947,0.23327845335,0.51818716526,0.171323820949,0.135875850916,0.532109737396,0.183995559812,0.0395124852657,0.545973300934,0.198349505663,-0.0564651340246,0.557809710503,0.210097074509,-0.155173689127,0.569728970528,0.221633866429,-0.251908183098,0.582770109177,0.233575463295,-0.37284386158,0.571337819099,0.226274996996,-0.364214271307
1776722583.43,0.483746796846,0.128323897719,0.425835132599,0.492977887392,0.141047224402,0.330799996853,0.506138205528,0.153932124376,0.232614770532,0.520291209221,0.166042298079,0.135202616453,0.535261392593,0.177428498864,0.0389464721084,0.549428939819,0.191028699279,-0.056473210454,0.562576293945,0.203522711992,-0.155331343412,0.576411962509,0.216642320156,-0.252720594406,0.592003941536,0.230117306113,-0.372425794601,0.578103780746,0.223222509027,-0.364214271307
1776722583.44,0.483880192041,0.127444565296,0.425686687231,0.493199914694,0.140069290996,0.330576479435,0.506262540817,0.151914179325,0.232526481152,0.521384716034,0.163410380483,0.134885445237,0.536242008209,0.17416536808,0.0389128923416,0.550703167915,0.186912357807,-0.0568650364876,0.565166950226,0.199661269784,-0.156164616346,0.579261302948,0.213274165988,-0.252128571272,0.5962433815,0.228156507015,-0.372205168009,0.58469414711,0.219903916121,-0.364214271307
1776722583.46,0.484059393406,0.126302614808,0.425537675619,0.493742972612,0.137615218759,0.330438613892,0.507505893707,0.14809371531,0.232102259994,0.522298455238,0.157570853829,0.13448177278,0.538120627403,0.166698530316,0.0378075912595,0.553052067757,0.179042965174,-0.0589100420475,0.568710803986,0.192360505462,-0.155742526054,0.585304379463,0.206948831677,-0.251400917768,0.604835629463,0.223407745361,-0.370793521404,0.591081976891,0.216317683458,-0.364214271307
1776722583.47,0.484243184328,0.125022917986,0.425393044949,0.493958979845,0.13644349575,0.330260276794,0.507486820221,0.145703792572,0.232059150934,0.522797346115,0.154828816652,0.134119197726,0.538473963737,0.163479745388,0.0378241613507,0.554152131081,0.175695702434,-0.0578669309616,0.570402264595,0.189046233892,-0.156545072794,0.587843298912,0.204115241766,-0.25239700079,0.608755350113,0.221366122365,-0.370644330978,0.59723842144,0.212463632226,-0.364214271307
1776722583.49,0.484432041645,0.123402923346,0.425214976072,0.494143277407,0.133343145251,0.330074727535,0.507715344429,0.141449227929,0.231129258871,0.523296356201,0.149203494191,0.133504912257,0.53945684433,0.156756937504,0.0375307798386,0.55683016777,0.168568611145,-0.0583527237177,0.573667883873,0.181581109762,-0.155953168869,0.593075037003,0.197457134724,-0.250775933266,0.616144061089,0.215926647186,-0.369844943285,0.603132963181,0.208343103528,-0.364214271307
1776722583.5,0.484578311443,0.121561959386,0.42503491044,0.494197040796,0.131877020001,0.330029308796,0.507758378983,0.139378935099,0.231197491288,0.523213982582,0.146328106523,0.1334977597,0.539771676064,0.153821721673,0.0371575951576,0.557789683342,0.165378257632,-0.0586722195148,0.575093269348,0.178628087044,-0.156208157539,0.595516204834,0.194449737668,-0.251444071531,0.619483709335,0.212530121207,-0.369394242764,0.608734250069,0.203959241509,-0.364214271307
1776722583.52,0.484659105539,0.119622424245,0.424832701683,0.494310051203,0.128607615829,0.329317092896,0.507622480392,0.135355725884,0.23060169816,0.523438096046,0.141881868243,0.132966816425,0.540552616119,0.1487749964,0.036829508841,0.558734893799,0.159934490919,-0.0594234913588,0.57837843895,0.17309217155,-0.156107127666,0.599784612656,0.188697963953,-0.251151740551,0.625027060509,0.206109210849,-0.368968486786,0.614010334015,0.199317082763,-0.364214271307
1776722583.53,0.484694480896,0.117890626192,0.424654066563,0.494228810072,0.127191916108,0.329424619675,0.507839560509,0.133464917541,0.230587422848,0.523414969444,0.139862567186,0.132692009211,0.541155219078,0.146297395229,0.0371585711837,0.559571504593,0.157608926296,-0.0593449622393,0.580322980881,0.170400172472,-0.156301945448,0.601519823074,0.185374617577,-0.251253515482,0.627771496773,0.202262297273,-0.368756771088,0.618928790092,0.194423645735,-0.364214271307
1776722583.55,0.484733074903,0.115212574601,0.424416542053,0.494338005781,0.124158665538,0.328997135162,0.507864356041,0.130118966103,0.230728000402,0.523790478706,0.135978922248,0.132758438587,0.541839838028,0.14289522171,0.036527633667,0.561158418655,0.15340206027,-0.0590176433325,0.582025527954,0.165364384651,-0.156101435423,0.604376554489,0.179416701198,-0.251696616411,0.632324576378,0.194556236267,-0.368424773216,0.623457789421,0.189288064837,-0.364214271307
1776722583.56,0.484736651182,0.113554365933,0.424335956573,0.494217604399,0.122664168477,0.32913184166,0.508145451546,0.128775686026,0.230010002851,0.524463534355,0.135046094656,0.132241040468,0.542571663857,0.141481384635,0.0365032926202,0.561949014664,0.151697203517,-0.0596145242453,0.583092093468,0.163354307413,-0.156019598246,0.606085658073,0.176053509116,-0.251282930374,0.634374141693,0.190096125007,-0.368371903896,0.627566218376,0.183921530843,-0.364214271307
1776722583.58,0.484742254019,0.111707501113,0.424284279346,0.494741767645,0.120208770037,0.328943431377,0.50880587101,0.126454472542,0.230136066675,0.525353431702,0.132590040565,0.132859528065,0.543804645538,0.138831079006,0.0361050963402,0.563493132591,0.148573607206,-0.0593397170305,0.585240006447,0.158553406596,-0.156736522913,0.608627796173,0.169885501266,-0.251704216003,0.637840867043,0.181479483843,-0.368336588144,0.631224751472,0.178337275982,-0.364214271307
1776722583.59,0.484757244587,0.109892182052,0.424280643463,0.494757980108,0.119044736028,0.328964531422,0.509279966354,0.125762075186,0.230325698853,0.526168465614,0.131539255381,0.132418081164,0.544699072838,0.137698292732,0.03683450073,0.564078330994,0.146880358458,-0.0591849833727,0.586099743843,0.156281888485,-0.156616866589,0.609577775002,0.16666008532,-0.251605272293,0.638757824898,0.177185699344,-0.368312239647,0.634405851364,0.172550469637,-0.364214271307
1776722583.61,0.484751403332,0.108345717192,0.424316823483,0.495172828436,0.116732634604,0.329107254744,0.510117530823,0.12373958528,0.230467230082,0.527640938759,0.130246654153,0.132703781128,0.546535730362,0.135639116168,0.0369735583663,0.566449165344,0.143809616566,-0.0583178400993,0.587981700897,0.15154004097,-0.156689554453,0.611096858978,0.159731686115,-0.251635760069,0.640110731125,0.167986154556,-0.369247704744,0.637084722519,0.166578054428,-0.364214271307
1776722583.62,0.484704375267,0.106343150139,0.424422502518,0.495230585337,0.116073139012,0.328849613667,0.51051402092,0.12322242558,0.230268925428,0.52819955349,0.129051119089,0.133406102657,0.547586202621,0.134643033147,0.0371468216181,0.567344784737,0.142037555575,-0.058075979352,0.588617444038,0.148728102446,-0.155770093203,0.612109422684,0.156173691154,-0.251596093178,0.640767931938,0.162097468972,-0.368698388338,0.639239311218,0.160438492894,-0.364214271307
1776722583.64,0.484636425972,0.104625560343,0.424545019865,0.495576888323,0.11388656497,0.328708827496,0.511309981346,0.121137067676,0.230818212032,0.529599547386,0.127457857132,0.133404925466,0.549320697784,0.132203564048,0.0380522608757,0.569371581078,0.138182997704,-0.0579667836428,0.590348362923,0.143707931042,-0.156124085188,0.612980365753,0.149079605937,-0.251700788736,0.640339255333,0.152933821082,-0.369441211224,0.64085149765,0.154151543975,-0.364214271307
1776722583.65,0.484557032585,0.102982677519,0.424707114697,0.495647758245,0.112723767757,0.328981161118,0.511612534523,0.120241373777,0.230963990092,0.530072808266,0.126347228885,0.133431509137,0.549973964691,0.130921319127,0.0381468981504,0.570016145706,0.136813953519,-0.0579219162464,0.590650677681,0.140790224075,-0.155255585909,0.613155603409,0.145068913698,-0.251888215542,0.64002096653,0.147777736187,-0.369594722986,0.641906619072,0.147737979889,-0.364214271307
1776722583.67,0.484464645386,0.101299412549,0.424930602312,0.495774120092,0.110529616475,0.329313963652,0.512489318848,0.117843836546,0.231132149696,0.531338691711,0.123560726643,0.133781030774,0.551300048828,0.127121955156,0.0380358844995,0.570743203163,0.132299378514,-0.0576471984386,0.591383337975,0.135259240866,-0.155582606792,0.612919926643,0.137540996075,-0.252113044262,0.638338923454,0.138181045651,-0.370191425085,0.642394185066,0.141219198704,-0.364214271307
1776722583.68,0.484368503094,0.0997283905745,0.425173789263,0.496283859015,0.109249077737,0.3294929564,0.512841820717,0.116251289845,0.231502234936,0.531767964363,0.12190092355,0.13394074142,0.551571130753,0.125370889902,0.0387382954359,0.571264863014,0.130176991224,-0.0581530481577,0.591375946999,0.132405743003,-0.155747562647,0.612374782562,0.133149415255,-0.251147836447,0.637325286865,0.133115276694,-0.37042209506,0.64230799675,0.134616881609,-0.364214271307
1776722583.7,0.484295934439,0.0982414111495,0.425486087799,0.496172457933,0.106558516622,0.32984995842,0.513416647911,0.112962387502,0.231437623501,0.532227754593,0.117734484375,0.134357005358,0.552081465721,0.120407648385,0.0386469587684,0.571360707283,0.123879760504,-0.0573564022779,0.59063398838,0.124966457486,-0.15532463789,0.611049413681,0.125553533435,-0.251784414053,0.634550213814,0.123329997063,-0.371022343636,0.641645908356,0.127952709794,-0.364214271307
1776722583.71,0.484236568213,0.0965945422649,0.425907373428,0.496370524168,0.10528242588,0.329933345318,0.51362490654,0.111162856221,0.231894686818,0.532346606255,0.115375109017,0.134105294943,0.552154779434,0.117483176291,0.038968577981,0.571048021317,0.120565339923,-0.0581325143576,0.589665651321,0.12137889117,-0.155627459288,0.609603881836,0.121240645647,-0.25185996294,0.632307171822,0.11803971231,-0.371155202389,0.64041018486,0.121247917414,-0.364214271307
1776722583.73,0.48417621851,0.0948758721352,0.426426649094,0.496481269598,0.102391943336,0.330443412066,0.513535022736,0.106935895979,0.232210457325,0.532076478004,0.110287413001,0.134311050177,0.551188468933,0.111135713756,0.0389857962728,0.569358944893,0.113305069506,-0.0572227537632,0.58768415451,0.112870670855,-0.155793130398,0.606819152832,0.112382315099,-0.252051025629,0.62882399559,0.108358845115,-0.371294647455,0.638607025146,0.114523030818,-0.364214271307
1776722583.74,0.484113276005,0.0930720791221,0.427075356245,0.496226638556,0.100795321167,0.330516457558,0.513150334358,0.104840837419,0.232408761978,0.531318306923,0.107264317572,0.134326130152,0.550307035446,0.107587859035,0.0389656722546,0.568580389023,0.10906034708,-0.0575876832008,0.585494399071,0.109314583242,-0.156131237745,0.60495364666,0.107773341238,-0.252032101154,0.626299023628,0.103893123567,-0.372142374516,0.636246323586,0.107797555625,-0.364214271307
1776722583.76,0.484053939581,0.0911373794079,0.427838534117,0.496250778437,0.0976330116391,0.331520318985,0.51247382164,0.100103765726,0.23290720582,0.530092835426,0.101324595511,0.135388627648,0.548021674156,0.100529059768,0.0394712015986,0.565334439278,0.100987523794,-0.0573455542326,0.582191109657,0.100260175765,-0.156404733658,0.600548505783,0.0986233502626,-0.252430289984,0.621424078941,0.0948615968227,-0.372607320547,0.633341908455,0.101089671254,-0.364214271307
1776722583.77,0.484009444714,0.0890315920115,0.42870298028,0.496070891619,0.0955549627542,0.331799685955,0.51182448864,0.0976279675961,0.232994779944,0.528709292412,0.0978816822171,0.135196432471,0.546717524529,0.0965869799256,0.0395145788789,0.563685655594,0.0964083969593,-0.0570496767759,0.580468654633,0.0953382998705,-0.155688345432,0.598136901855,0.0938038006425,-0.252506643534,0.61825466156,0.0901673361659,-0.371726632118,0.629910230637,0.0944160372019,-0.364214271307
1776722583.79,0.483975857496,0.0867958366871,0.429669678211,0.495458573103,0.0923019945621,0.332514643669,0.51024055481,0.0924969986081,0.233741551638,0.526412129402,0.0911994352937,0.135929405689,0.543190598488,0.0886435136199,0.0403070822358,0.559567809105,0.0875620618463,-0.0567853301764,0.57529425621,0.086415566504,-0.155842334032,0.59264755249,0.0848394930363,-0.252691060305,0.613013148308,0.0820848718286,-0.37264958024,0.625970840454,0.0877916067839,-0.364214271307
1776722583.8,0.484002679586,0.0842845141888,0.430747210979,0.495057731867,0.0900939702988,0.333087086678,0.509543657303,0.0896953195333,0.234484106302,0.524919390678,0.0879721045494,0.136110380292,0.541378498077,0.0847599282861,0.0400651171803,0.557246685028,0.0834009051323,-0.0565222799778,0.572787761688,0.0817306935787,-0.155463963747,0.589640498161,0.0802293866873,-0.252208679914,0.609414339066,0.0773289650679,-0.372730910778,0.621545791626,0.0812294781208,-0.364214271307
1776722583.82,0.48403018713,0.0812053382397,0.432057052851,0.494204312563,0.0856178849936,0.334214389324,0.507216334343,0.0841321572661,0.235689625144,0.521727442741,0.0807080119848,0.137151420116,0.537066102028,0.0769641473889,0.0405898913741,0.551543712616,0.075411811471,-0.0563097000122,0.566700458527,0.0727504491806,-0.154763698578,0.583207249641,0.071348644793,-0.251679897308,0.602322340012,0.0679715871811,-0.370431572199,0.616658806801,0.0747407898307,-0.364214271307
1776722583.83,0.484056323767,0.0785495936871,0.433117777109,0.493574768305,0.0834282040596,0.335126876831,0.506045103073,0.0811110511422,0.236086815596,0.519957184792,0.0777409747243,0.137826099992,0.534764885902,0.072900429368,0.0414756312966,0.54879462719,0.0710874050856,-0.0556946247816,0.563825726509,0.068682231009,-0.154679208994,0.579764127731,0.0671713501215,-0.25142878294,0.598455667496,0.0641463398933,-0.372361183167,0.611335158348,0.0683347135782,-0.364214271307
1776722583.85,0.484094411135,0.0750774815679,0.434404820204,0.49259737134,0.0784816667438,0.336808443069,0.503893971443,0.0756263881922,0.237315163016,0.516233086586,0.0711161121726,0.138973459601,0.529687404633,0.0660852491856,0.0422681123018,0.543014883995,0.0634613111615,-0.0550160109997,0.55704164505,0.0608457922935,-0.153813391924,0.572470068932,0.0588604360819,-0.250780105591,0.590416431427,0.0543568134308,-0.369899064302,0.605601429939,0.0620183944702,-0.364214271307
1776722583.86,0.484135836363,0.0713385045528,0.435635596514,0.492143243551,0.0759992748499,0.33729031682,0.502760529518,0.0724995657802,0.238003596663,0.514149308205,0.0678305178881,0.139277264476,0.527196764946,0.0627698451281,0.0425420925021,0.540186285973,0.0599701106548,-0.0540513545275,0.553479194641,0.0571816451848,-0.153454840183,0.568411827087,0.0547824203968,-0.250084489584,0.586564898491,0.0510148480535,-0.370167076588,0.599484562874,0.0557970292866,-0.364214271307
1776722583.88,0.484169989824,0.06686642766,0.436918467283,0.491335719824,0.0707849264145,0.338923037052,0.500604391098,0.0673056766391,0.239633455873,0.510718226433,0.0620572343469,0.141172766685,0.522289514542,0.0565934367478,0.0439900234342,0.533682227135,0.0532117038965,-0.0537119805813,0.546201944351,0.0496336892247,-0.152595728636,0.560272216797,0.0470646619797,-0.2494135499,0.577192664146,0.0416638292372,-0.369519799948,0.593012332916,0.0496738776565,-0.364214271307
1776722583.89,0.484158694744,0.0618507899344,0.438127934933,0.491004675627,0.0681761428714,0.339620262384,0.49927046895,0.0644402801991,0.240478262305,0.508764386177,0.059126291424,0.141604408622,0.519860267639,0.0536067895591,0.0446853116155,0.530712723732,0.0499278120697,-0.0532970875502,0.54235970974,0.0464606434107,-0.152072250843,0.556214690208,0.0431273579597,-0.249417990446,0.571514010429,0.0382150188088,-0.369136720896,0.586212277412,0.0436503812671,-0.364214271307
1776722583.91,0.48404031992,0.0559188574553,0.439298778772,0.490153759718,0.0622846633196,0.341463029385,0.497744649649,0.0589118115604,0.241940259933,0.505599021912,0.0543017238379,0.143085941672,0.515196561813,0.0483458191156,0.0459716022015,0.524506449699,0.0441676490009,-0.0516819804907,0.534995794296,0.0396908894181,-0.150931090117,0.547613382339,0.0354377888143,-0.24809256196,0.561738729477,0.0290248747915,-0.368709146976,0.579112052917,0.0377262495458,-0.364214271307
1776722583.92,0.48382049799,0.0504198037088,0.440190017223,0.489618271589,0.0592976808548,0.342115223408,0.496656745672,0.0562172494829,0.242697134614,0.504072546959,0.0517051927745,0.143610954285,0.51297724247,0.0456305220723,0.0462835282087,0.521728038788,0.041193254292,-0.0517481714487,0.531674146652,0.0367926135659,-0.150614738464,0.543026208878,0.0322586782277,-0.248320072889,0.555868983269,0.0249504651874,-0.368185043335,0.57173871994,0.0318995900452,-0.364214271307
1776722583.94,0.483534812927,0.0445672087371,0.440929412842,0.489405781031,0.0559304878116,0.342450678349,0.495761960745,0.0534567832947,0.243508249521,0.502747893333,0.0493274368346,0.144337117672,0.510778188705,0.0431796684861,0.0471503660083,0.51867711544,0.0389447845519,-0.0508137643337,0.528007507324,0.0332926549017,-0.150033861399,0.539246559143,0.0285190623254,-0.247426986694,0.551274299622,0.0206742882729,-0.367814123631,0.564118981361,0.0261670257896,-0.364214271307
1776722583.95,0.483116567135,0.0375679880381,0.441654115915,0.488403767347,0.0484853498638,0.343991100788,0.494217723608,0.0471300259233,0.244435414672,0.500106334686,0.0436053946614,0.145387008786,0.50688624382,0.0381040908396,0.048089697957,0.513573050499,0.033595290035,-0.0494885146618,0.520347237587,0.0278104990721,-0.149702548981,0.530165553093,0.0216875951737,-0.246637254953,0.541180729866,0.0114499200135,-0.365479201078,0.556278824806,0.0205238368362,-0.364214271307
1776722583.97,0.482620209455,0.0306039527059,0.442191123962,0.487269192934,0.0402689017355,0.345030426979,0.492085069418,0.0398213602602,0.245587050915,0.497337073088,0.0369295701385,0.14618074894,0.502693772316,0.0327535457909,0.0485189408064,0.508299231529,0.0282842889428,-0.0493629425764,0.513881802559,0.0219212267548,-0.149191021919,0.521053314209,0.0153172146529,-0.246788561344,0.528722882271,0.00488939369097,-0.367395967245,0.548243403435,0.0149641036987,-0.364214271307
1776722583.98,0.482073754072,0.0233563184738,0.442588955164,0.486592382193,0.0359834991395,0.345294654369,0.491259723902,0.0361591279507,0.246028885245,0.496210306883,0.0340798310935,0.147412478924,0.500940442085,0.0296669267118,0.0489284917712,0.505755186081,0.0253805927932,-0.0488363802433,0.510565042496,0.0194344911724,-0.148840457201,0.516603350639,0.012333794497,-0.246322631836,0.522377848625,0.00141294696368,-0.367283016443,0.54003739357,0.00948083680123,-0.364214271307
1776722584,0.481481611729,0.0160129703581,0.442904770374,0.485410541296,0.0271255485713,0.346233248711,0.489397257566,0.0274051129818,0.246070742607,0.493173211813,0.0260971784592,0.147172659636,0.49747428298,0.0227900054306,0.049286223948,0.500981092453,0.0194325000048,-0.0486624836922,0.50376188755,0.0134982140735,-0.148649990559,0.507858872414,0.005899223499,-0.245733648539,0.510153651237,-0.00564923975617,-0.367357820272,0.53168463707,0.00406611897051,-0.364214271307
1776722584.01,0.480820089579,0.00867014192045,0.443148672581,0.484785705805,0.0223517809063,0.345984816551,0.488204449415,0.0228500980884,0.246257841587,0.491990894079,0.0221327822655,0.147284373641,0.49548009038,0.0189415048808,0.0490407347679,0.498087316751,0.0159310866147,-0.0484100580215,0.499907523394,0.00980143249035,-0.148311972618,0.503354787827,0.00191461946815,-0.245473474264,0.503695607185,-0.00833764113486,-0.368242502213,0.523208022118,-0.00128876371309,-0.364214271307
1776722584.03,0.480097979307,0.000863104884047,0.443302154541,0.483361512423,0.012717615813,0.34624093771,0.486138850451,0.0140044763684,0.246748581529,0.488634139299,0.0131229395047,0.147812187672,0.491481989622,0.011054860428,0.0494909510016,0.492745906115,0.00805096607655,-0.0482965111732,0.493180543184,0.00262039387599,-0.148371458054,0.494264870882,-0.00469859410077,-0.246381670237,0.491938024759,-0.015170879662,-0.367858767509,0.514630079269,-0.0065931933932,-0.364214271307
1776722584.04,0.479325741529,-0.00688908388838,0.443377643824,0.482392162085,0.00768979266286,0.346857130527,0.48493245244,0.00895006582141,0.24715308845,0.487071841955,0.00864384602755,0.147816002369,0.489435166121,0.00636152364314,0.0500876121223,0.489738494158,0.00353445624933,-0.0480167716742,0.489129751921,-0.00173419783823,-0.148227930069,0.489433556795,-0.00821606256068,-0.245537996292,0.486905068159,-0.0189026296139,-0.367207407951,0.505972743034,-0.0118570961058,-0.364214271307
1776722584.06,0.478555381298,-0.0144863957539,0.44340723753,0.480803817511,-0.00253219669685,0.346876144409,0.482501775026,-0.00117272406351,0.247026741505,0.483734935522,-0.00120320683345,0.147954016924,0.484740585089,-0.00361150875688,0.0497319251299,0.483324497938,-0.00562253594398,-0.0482883602381,0.481094330549,-0.00978051777929,-0.148333013058,0.479627519846,-0.0152227077633,-0.246157348156,0.474346667528,-0.0233796592802,-0.368252664804,0.497257202864,-0.0170908235013,-0.364214271307
1776722584.07,0.477797836065,-0.0222211945802,0.443429559469,0.479964703321,-0.0077148466371,0.347189426422,0.481271773577,-0.00631887093186,0.247258529067,0.482148915529,-0.00676338328049,0.147722020745,0.482249885798,-0.00873249862343,0.0498075708747,0.480204612017,-0.0105904871598,-0.0482183694839,0.47528102994,-0.0132595906034,-0.149433106184,0.4750905931,-0.0192057080567,-0.245963454247,0.468381732702,-0.0259142834693,-0.368685036898,0.488504499197,-0.0223050322384,-0.364214271307
1776722584.09,0.477124392986,-0.0293874312192,0.443457603455,0.479964703321,-0.0077148466371,0.347189426422,0.481271773577,-0.00631887093186,0.247258529067,0.482148915529,-0.00676338328049,0.147722020745,0.482249885798,-0.00873249862343,0.0498075708747,0.480204612017,-0.0105904871598,-0.0482183694839,0.47528102994,-0.0132595906034,-0.149433106184,0.4750905931,-0.0192057080567,-0.245963454247,0.468381732702,-0.0259142834693,-0.368685036898,0.479735523462,-0.0275105796754,-0.364214271307
1776722584.1,0.476385742426,-0.0374439880252,0.44350206852,0.479964703321,-0.0077148466371,0.347189426422,0.481271773577,-0.00631887093186,0.247258529067,0.482148915529,-0.00676338328049,0.147722020745,0.482249885798,-0.00873249862343,0.0498075708747,0.480204612017,-0.0105904871598,-0.0482183694839,0.47528102994,-0.0132595906034,-0.149433106184,0.4750905931,-0.0192057080567,-0.245963454247,0.468381732702,-0.0259142834693,-0.368685036898,0.470970779657,-0.0327184088528,-0.364214271307
1776722584.12,0.475722640753,-0.0448625907302,0.443510830402,0.479964703321,-0.0077148466371,0.347189426422,0.481271773577,-0.00631887093186,0.247258529067,0.482148915529,-0.00676338328049,0.147722020745,0.482249885798,-0.00873249862343,0.0498075708747,0.480204612017,-0.0105904871598,-0.0482183694839,0.47528102994,-0.0132595906034,-0.149433106184,0.4750905931,-0.0192057080567,-0.245963454247,0.468381732702,-0.0259142834693,-0.368685036898,0.462231069803,-0.037939440459,-0.364214271307
1776722584.14,0.475035667419,-0.0521559379995,0.443501859903,0.479964703321,-0.0077148466371,0.347189426422,0.481271773577,-0.00631887093186,0.247258529067,0.482148915529,-0.00676338328049,0.147722020745,0.482249885798,-0.00873249862343,0.0498075708747,0.480204612017,-0.0105904871598,-0.0482183694839,0.47528102994,-0.0132595906034,-0.149433106184,0.4750905931,-0.0192057080567,-0.245963454247,0.468381732702,-0.0259142834693,-0.368685036898,0.453537136316,-0.0431844592094,-0.364214271307
1776722584.15,0.474262028933,-0.0594058409333,0.443446546793,0.479964703321,-0.0077148466371,0.347189426422,0.481271773577,-0.00631887093186,0.247258529067,0.482148915529,-0.00676338328049,0.147722020745,0.482249885798,-0.00873249862343,0.0498075708747,0.480204612017,-0.0105904871598,-0.0482183694839,0.47528102994,-0.0132595906034,-0.149433106184,0.4750905931,-0.0192057080567,-0.245963454247,0.468381732702,-0.0259142834693,-0.368685036898,0.444910258055,-0.0484640114009,-0.364214271307
1776722584.16,0.473454356194,-0.0665326789021,0.443294256926,0.479964703321,-0.0077148466371,0.347189426422,0.481271773577,-0.00631887093186,0.247258529067,0.482148915529,-0.00676338328049,0.147722020745,0.482249885798,-0.00873249862343,0.0498075708747,0.480204612017,-0.0105904871598,-0.0482183694839,0.47528102994,-0.0132595906034,-0.149433106184,0.4750905931,-0.0192057080567,-0.245963454247,0.468381732702,-0.0259142834693,-0.368685036898,0.436371892691,-0.0537882857025,-0.364214271307
1776722584.18,0.472804218531,-0.0723911747336,0.443127304316,0.468179672956,-0.0607154257596,0.346691548824,0.46222665906,-0.062396787107,0.247078150511,0.455922693014,-0.0643968135118,0.147436574101,0.449972480536,-0.0655701383948,0.0498735271394,0.442052334547,-0.0627289712429,-0.0476616173983,0.433680802584,-0.0597207061946,-0.147237896919,0.424260944128,-0.0536761730909,-0.247213810682,0.415030390024,-0.0504380464554,-0.367597341537,0.427944093943,-0.0591669976711,-0.364214271307
1776722584.19,0.471992790699,-0.0797384306788,0.44280898571,0.468179672956,-0.0607154257596,0.346691548824,0.46222665906,-0.062396787107,0.247078150511,0.455922693014,-0.0643968135118,0.147436574101,0.449972480536,-0.0655701383948,0.0498735271394,0.442052334547,-0.0627289712429,-0.0476616173983,0.433680802584,-0.0597207061946,-0.147237896919,0.424260944128,-0.0536761730909,-0.247213810682,0.415030390024,-0.0504380464554,-0.367597341537,0.419649630785,-0.064609259367,-0.364214271307
1776722584.21,0.471302688122,-0.0859666466713,0.442434310913,0.462749272585,-0.0790966227651,0.346435785294,0.454012602568,-0.0811658799648,0.247048646212,0.444676667452,-0.0831135064363,0.148083940148,0.435147315264,-0.0829390957952,0.0494363456964,0.426569312811,-0.0803494229913,-0.0474930852652,0.416690379381,-0.0753079801798,-0.146738469601,0.405436605215,-0.0668522715569,-0.247047513723,0.396601766348,-0.0612568184733,-0.366338193417,0.411511808634,-0.0701234787703,-0.364214271307
1776722584.22,0.470662951469,-0.0920189172029,0.441943824291,0.462047606707,-0.0836001113057,0.346909999847,0.452296584845,-0.0851956009865,0.247083678842,0.442479282618,-0.086470015347,0.14804688096,0.43261000514,-0.0872226879001,0.0498345121741,0.422925978899,-0.0837044939399,-0.0471292585135,0.41239413619,-0.079014532268,-0.146721601486,0.401419728994,-0.0709043592215,-0.246120929718,0.391741544008,-0.0638951286674,-0.366367161274,0.403554707766,-0.0757171884179,-0.364214271307
1776722584.24,0.470122307539,-0.0977220460773,0.441358298063,0.45979180932,-0.0912492275238,0.345785260201,0.448908001184,-0.0927586257458,0.246489331126,0.437562674284,-0.094203427434,0.147514954209,0.426515609026,-0.0942238420248,0.0497041605413,0.415920168161,-0.0907289385796,-0.047060623765,0.405146449804,-0.0853009000421,-0.145744144917,0.394138306379,-0.0772187784314,-0.245469927788,0.382650762796,-0.0698093622923,-0.366389960051,0.395803242922,-0.0813969671726,-0.364214271307
1776722584.25,0.469720989466,-0.103064097464,0.44067710638,0.458639591932,-0.0951592847705,0.345285892487,0.447282522917,-0.0963275209069,0.246496245265,0.435617059469,-0.0970370769501,0.147703915834,0.423566669226,-0.09694185853,0.0491842925549,0.413281649351,-0.093520924449,-0.0468441396952,0.401242405176,-0.0885897427797,-0.146728754044,0.389639526606,-0.0804039239883,-0.245505809784,0.378578037024,-0.07319971174,-0.366136103868,0.388282924891,-0.0871682390571,-0.364214271307
1776722584.27,0.469478070736,-0.108174219728,0.439894258976,0.457346886396,-0.101809941232,0.345097154379,0.444627553225,-0.102221049368,0.246294185519,0.4311645329,-0.102901622653,0.146285921335,0.419443577528,-0.101809322834,0.0501162,0.408140450716,-0.0983910188079,-0.0468395501375,0.395788758993,-0.0941124260426,-0.146499931812,0.382536619902,-0.0864632576704,-0.245344728231,0.370635122061,-0.0806861147285,-0.365791916847,0.381020158529,-0.093035183847,-0.364214271307
1776722584.28,0.469365268946,-0.113488726318,0.438987076283,0.456394165754,-0.104989729822,0.34432965517,0.443277150393,-0.105242118239,0.245231062174,0.42912504077,-0.105862610042,0.145813122392,0.417478114367,-0.104081079364,0.0497808977962,0.405559033155,-0.101037144661,-0.0477841645479,0.391621142626,-0.0963193029165,-0.146612673998,0.379320472479,-0.0889714509249,-0.246105849743,0.364764243364,-0.0824430063367,-0.36778691411,0.374041706324,-0.0990005731583,-0.364214271307
1776722584.3,0.469407379627,-0.117935612798,0.438122600317,0.455395549536,-0.111156925559,0.34315007925,0.441571265459,-0.11009439826,0.245156154037,0.426497370005,-0.109704174101,0.145004600286,0.413770824671,-0.107812978327,0.048575155437,0.401297062635,-0.105398871005,-0.0483829379082,0.38692471385,-0.100927501917,-0.146477431059,0.372247308493,-0.0942175537348,-0.247040331364,0.358052402735,-0.0901276245713,-0.366843312979,0.367374867201,-0.105065651238,-0.364214271307
1776722584.31,0.469530075788,-0.12262956053,0.437132894993,0.454976409674,-0.113966487348,0.342641890049,0.440938562155,-0.112839967012,0.244113504887,0.425505548716,-0.111491307616,0.144535154104,0.412273436785,-0.110055841506,0.0481425821781,0.398656219244,-0.107369013131,-0.0484447032213,0.384343713522,-0.10330555588,-0.147040307522,0.369743436575,-0.0978714600205,-0.246922522783,0.354332536459,-0.0945729911327,-0.366933256388,0.361047357321,-0.111230008304,-0.364214271307
1776722584.33,0.469721078873,-0.126422330737,0.436189651489,0.455114394426,-0.116610579193,0.342035084963,0.44037130475,-0.114912308753,0.243299782276,0.425137907267,-0.11273881048,0.144454717636,0.410809367895,-0.112795628607,0.047522418201,0.397429853678,-0.109227649868,-0.0488385409117,0.382305592299,-0.105454571545,-0.147313296795,0.368006318808,-0.101637341082,-0.246085435152,0.350586146116,-0.0978556498885,-0.367710083723,0.355086833239,-0.117491438985,-0.364214271307
1776722584.34,0.470028966665,-0.131303101778,0.434958577156,0.455166727304,-0.122050061822,0.341169118881,0.440129250288,-0.119166776538,0.242718368769,0.423219233751,-0.117058850825,0.142820209265,0.40899643302,-0.116160035133,0.0469167530537,0.394137889147,-0.112696096301,-0.049610838294,0.378863781691,-0.110534995794,-0.148370832205,0.362961441278,-0.106666475534,-0.246801286936,0.34428563714,-0.106333762407,-0.366840392351,0.349520653486,-0.123845905066,-0.364214271307
1776722584.36,0.470394730568,-0.135399356484,0.433871179819,0.455469161272,-0.127041339874,0.339359760284,0.440274506807,-0.123155348003,0.241530492902,0.423059433699,-0.121331647038,0.141213700175,0.408187896013,-0.119860447943,0.0450530573726,0.393346220255,-0.116458505392,-0.0501848161221,0.376065760851,-0.115170754492,-0.14904409647,0.358186274767,-0.113305434585,-0.247352898121,0.338200896978,-0.113820686936,-0.36772492528,0.344375759363,-0.130287379026,-0.364214271307
1776722584.37,0.470854043961,-0.139363273978,0.432793855667,0.455469161272,-0.127041339874,0.339359760284,0.440274506807,-0.123155348003,0.241530492902,0.423059433699,-0.121331647038,0.141213700175,0.408187896013,-0.119860447943,0.0450530573726,0.393346220255,-0.116458505392,-0.0501848161221,0.376065760851,-0.115170754492,-0.14904409647,0.358186274767,-0.113305434585,-0.247352898121,0.338200896978,-0.113820686936,-0.36772492528,0.339678257704,-0.136807903647,-0.364214271307
1776722584.39,0.471298336983,-0.14326056838,0.431769788265,0.45636305213,-0.134534820914,0.337382256985,0.441054075956,-0.130452096462,0.238579064608,0.4235458076,-0.127825677395,0.139767885208,0.408062845469,-0.125916182995,0.0436976030469,0.391925603151,-0.124132908881,-0.0518335998058,0.372031539679,-0.12361972034,-0.150957763195,0.352625161409,-0.122371330857,-0.248540639877,0.328715413809,-0.123460479081,-0.369813174009,0.335452824831,-0.143397465348,-0.364214271307
1776722584.4,0.471652716398,-0.146729052067,0.430816024542,0.456797033548,-0.137126892805,0.336494684219,0.441743224859,-0.13258703053,0.238169789314,0.423858910799,-0.129943445325,0.137981280684,0.407554715872,-0.128783926368,0.0418531745672,0.390851646662,-0.126733541489,-0.0527046173811,0.372089773417,-0.126169204712,-0.150830179453,0.351164966822,-0.125664502382,-0.249520331621,0.326579272747,-0.127331197262,-0.369640618563,0.331722468138,-0.150044083595,-0.364214271307
1776722584.42,0.471925526857,-0.1507499367,0.429839730263,0.457366853952,-0.142534092069,0.334783673286,0.442501217127,-0.138219043612,0.236895769835,0.425554126501,-0.135326907039,0.13767722249,0.408180564642,-0.134722292423,0.0408875644207,0.391089707613,-0.132330283523,-0.053933635354,0.370594531298,-0.131880581379,-0.152663707733,0.347692161798,-0.131313979626,-0.251191794872,0.32288107276,-0.134683087468,-0.370271086693,0.328508228064,-0.15673391521,-0.364214271307
1776722584.43,0.472121268511,-0.154537647963,0.4290625453,0.458015173674,-0.145032733679,0.334218561649,0.44268193841,-0.141119658947,0.236104428768,0.426080435514,-0.138589143753,0.13735306263,0.40831938386,-0.13796672225,0.0405692309141,0.391292959452,-0.135723724961,-0.054850384593,0.368459135294,-0.134920015931,-0.153534084558,0.347629755735,-0.13546513021,-0.2506275177,0.321054309607,-0.138282313943,-0.370491623878,0.325828462839,-0.163451239467,-0.364214271307
1776722584.45,0.472312927246,-0.158197626472,0.428417593241,0.457848936319,-0.147614210844,0.333702862263,0.443104714155,-0.1442091465,0.235880061984,0.42621281743,-0.141670182347,0.136557772756,0.408559769392,-0.141538351774,0.039849050343,0.391341477633,-0.139106810093,-0.0549850463867,0.368220001459,-0.138616979122,-0.153675168753,0.347299724817,-0.139786750078,-0.250692725182,0.319509744644,-0.141656443477,-0.370580226183,0.32369863987,-0.170178771019,-0.364214271307
1776722584.46,0.47244989872,-0.16175095737,0.427891969681,0.458227008581,-0.152957081795,0.332493335009,0.443181425333,-0.150465488434,0.23385168612,0.42696711421,-0.148401990533,0.135855287313,0.409072726965,-0.148872703314,0.0381610542536,0.391762763262,-0.145412504673,-0.055202677846,0.367290049791,-0.146111607552,-0.154782086611,0.345588415861,-0.146287575364,-0.252051204443,0.317555248737,-0.148739978671,-0.371003001928,0.3221308887,-0.176897704601,-0.364214271307
1776722584.48,0.472508221865,-0.165171176195,0.427568882704,0.458595603704,-0.158350735903,0.331435143948,0.443472057581,-0.156437888741,0.233223319054,0.426074296236,-0.15556883812,0.13348788023,0.40972033143,-0.155476346612,0.0383783206344,0.392330318689,-0.152979359031,-0.0566073656082,0.370284229517,-0.153140947223,-0.153628140688,0.345410436392,-0.154249489307,-0.252502262592,0.316165447235,-0.155169457197,-0.372225254774,0.321133673191,-0.183588117361,-0.364214271307
1776722584.49,0.472596913576,-0.168315932155,0.427412420511,0.458595603704,-0.158350735903,0.331435143948,0.443472057581,-0.156437888741,0.233223319054,0.426074296236,-0.15556883812,0.13348788023,0.40972033143,-0.155476346612,0.0383783206344,0.392330318689,-0.152979359031,-0.0566073656082,0.370284229517,-0.153140947223,-0.153628140688,0.345410436392,-0.154249489307,-0.252502262592,0.316165447235,-0.155169457197,-0.372225254774,0.320711523294,-0.190229132771,-0.364214271307
1776722584.51,0.472659260035,-0.171206429601,0.427406966686,0.458992749453,-0.166237190366,0.331040740013,0.443797856569,-0.165809303522,0.232874035835,0.426672548056,-0.167168051004,0.133497208357,0.409411996603,-0.16825067997,0.037035048008,0.392067164183,-0.165503740311,-0.0572118163109,0.370393782854,-0.16560177505,-0.154684334993,0.344338685274,-0.164865031838,-0.254534721375,0.316078841686,-0.165100827813,-0.372855067253,0.320864915848,-0.19679929316,-0.364214271307
1776722584.52,0.472682029009,-0.173967048526,0.427614510059,0.458992749453,-0.166237190366,0.331040740013,0.443797856569,-0.165809303522,0.232874035835,0.426672548056,-0.167168051004,0.133497208357,0.409411996603,-0.16825067997,0.037035048008,0.392067164183,-0.165503740311,-0.0572118163109,0.370393782854,-0.16560177505,-0.154684334993,0.344338685274,-0.164865031838,-0.254534721375,0.316078841686,-0.165100827813,-0.372855067253,0.321589976549,-0.203276857734,-0.364214271307
1776722584.54,0.47263276577,-0.177132382989,0.428000897169,0.458950430155,-0.173899307847,0.331062555313,0.44362834096,-0.175211057067,0.232563376427,0.426627606153,-0.176218450069,0.133805468678,0.409475892782,-0.17989166081,0.0372894182801,0.392162650824,-0.177652850747,-0.0568742007017,0.370621711016,-0.177190646529,-0.154629766941,0.347468286753,-0.176208198071,-0.252553850412,0.320812135935,-0.175791814923,-0.372422009706,0.322878718376,-0.209640234709,-0.364214271307
1776722584.55,0.472576528788,-0.179822340608,0.428456366062,0.459059208632,-0.176294475794,0.33113604784,0.443818897009,-0.177366539836,0.233463913202,0.426063328981,-0.180876046419,0.133272573352,0.409254401922,-0.183088675141,0.0375164225698,0.392075926065,-0.180648684502,-0.0563961863518,0.371946126223,-0.181586608291,-0.152823507786,0.347840756178,-0.179861322045,-0.25398504734,0.32176348567,-0.177929580212,-0.373733252287,0.324718892574,-0.215868234634,-0.364214271307
1776722584.57,0.472529411316,-0.182430371642,0.429125249386,0.458813399076,-0.180618137121,0.331671118736,0.442856281996,-0.183631643653,0.232993662357,0.425844401121,-0.186931669712,0.134662643075,0.409196943045,-0.189021989703,0.0384690389037,0.392462641001,-0.188138350844,-0.0560582280159,0.372329682112,-0.187895134091,-0.15402713418,0.349073499441,-0.185659140348,-0.254578381777,0.325251251459,-0.185678839684,-0.374182015657,0.327094376087,-0.221940502524,-0.364214271307
1776722584.58,0.472503095865,-0.184846431017,0.429901957512,0.458838671446,-0.183016359806,0.332383960485,0.442637115717,-0.185845658183,0.233233556151,0.42626157403,-0.18997900188,0.134556949139,0.408910483122,-0.192873626947,0.0380713269114,0.392997056246,-0.191203102469,-0.0558889359236,0.373364001513,-0.191014349461,-0.154092162848,0.352533847094,-0.19023360312,-0.252577096224,0.32853654027,-0.189953505993,-0.372682154179,0.329985290766,-0.227837741375,-0.364214271307
1776722584.6,0.472495913506,-0.187038689852,0.430719792843,0.458520799875,-0.184849828482,0.332844644785,0.442322820425,-0.187829554081,0.233272790909,0.425535589457,-0.192605555058,0.135004878044,0.408927112818,-0.194977521896,0.0389528349042,0.393106967211,-0.194184064865,-0.0558125376701,0.375380903482,-0.195350125432,-0.151258438826,0.352850407362,-0.193388685584,-0.252957195044,0.32929161191,-0.192133918405,-0.373976379633,0.333368510008,-0.233542114496,-0.364214271307
1776722584.61,0.472523748875,-0.189057990909,0.431602746248,0.458362311125,-0.188577651978,0.333463609219,0.441911667585,-0.191914871335,0.234690755606,0.425400823355,-0.196115389466,0.13608944416,0.409558147192,-0.20013192296,0.0396902114153,0.394796103239,-0.199346080422,-0.054588034749,0.376902908087,-0.199661627412,-0.153281241655,0.357510119677,-0.199221074581,-0.251932114363,0.33558562398,-0.199580743909,-0.373624444008,0.337217956781,-0.239037379622,-0.364214271307
1776722584.63,0.472593456507,-0.190973058343,0.432581990957,0.458605796099,-0.191598713398,0.334434360266,0.443146795034,-0.194727599621,0.236567735672,0.426006823778,-0.199701964855,0.137652680278,0.410972207785,-0.203996032476,0.0411775782704,0.396780520678,-0.203339800239,-0.0536680668592,0.37580087781,-0.20582062006,-0.155762165785,0.362034350634,-0.206349223852,-0.252011299133,0.342325001955,-0.206928357482,-0.37262365222,0.341505378485,-0.244309186935,-0.364214271307
1776722584.64,0.472690790892,-0.192800730467,0.433670401573,0.458915680647,-0.193357571959,0.335199028254,0.442968994379,-0.197108909488,0.237008780241,0.427070885897,-0.20058375597,0.138894677162,0.411576122046,-0.205795645714,0.0414414033294,0.39330431819,-0.205567076802,-0.0578786283731,0.379048615694,-0.208330854774,-0.154824584723,0.364038914442,-0.208254933357,-0.252306044102,0.345446437597,-0.210154414177,-0.372796565294,0.346200436354,-0.249345108867,-0.364214271307
1776722584.66,0.472761005163,-0.194438055158,0.434735029936,0.459681838751,-0.195587739348,0.336826503277,0.444870620966,-0.198465198278,0.238306120038,0.428171426058,-0.203092440963,0.138973534107,0.414045125246,-0.208652198315,0.0424964427948,0.396631032228,-0.209337189794,-0.0566861629486,0.381842941046,-0.211611062288,-0.154366642237,0.369851022959,-0.214775294065,-0.250842273235,0.352601200342,-0.217670097947,-0.372017025948,0.351271778345,-0.254134833813,-0.364214271307
1776722584.67,0.472841262817,-0.195920348167,0.435807973146,0.460477739573,-0.196939453483,0.337259858847,0.444906264544,-0.200067013502,0.238172993064,0.429502815008,-0.205469250679,0.138340562582,0.415636688471,-0.209190994501,0.0429301783442,0.398584395647,-0.211370885372,-0.0563348978758,0.384733825922,-0.214853391051,-0.153534591198,0.371645122766,-0.216692611575,-0.25212341547,0.355504065752,-0.220701873302,-0.372546464205,0.35668733716,-0.258670121431,-0.364214271307
1776722584.69,0.472951740026,-0.19721198082,0.436876058578,0.461629122496,-0.19902549684,0.338493406773,0.447008699179,-0.202085256577,0.239732995629,0.433136790991,-0.206087291241,0.14143666625,0.419890195131,-0.211120188236,0.044351875782,0.404129713774,-0.213863179088,-0.0548429638147,0.390600770712,-0.218460962176,-0.152792215347,0.380153208971,-0.222056373954,-0.248586326838,0.36437061429,-0.228614762425,-0.370701283216,0.362414747477,-0.262944757938,-0.364214271307
1776722584.7,0.473070800304,-0.198298588395,0.437911659479,0.461980313063,-0.199580326676,0.339677453041,0.447994738817,-0.202591359615,0.240402728319,0.434191435575,-0.207459300756,0.140947759151,0.421966522932,-0.212951377034,0.0447078943253,0.410367995501,-0.21502405405,-0.0503495186567,0.393357425928,-0.220314562321,-0.152998000383,0.383374482393,-0.225607588887,-0.249249786139,0.36837425828,-0.232200101018,-0.370545178652,0.36842212081,-0.266954511404,-0.364214271307
1776722584.72,0.473196923733,-0.199140921235,0.438885420561,0.463763087988,-0.20125836134,0.340753018856,0.450579851866,-0.204882964492,0.241687238216,0.438104003668,-0.20930300653,0.142015367746,0.426854521036,-0.21514134109,0.0451967939734,0.41265180707,-0.217959359288,-0.0539416074753,0.400809317827,-0.224102184176,-0.151596099138,0.39110866189,-0.230552822351,-0.248345285654,0.376968890429,-0.239451527596,-0.369470238686,0.374678581953,-0.270697057247,-0.364214271307
1776722584.73,0.473296523094,-0.199771940708,0.439736247063,0.464213162661,-0.20218989253,0.341636955738,0.452185183764,-0.205048143864,0.242422997952,0.440709680319,-0.209807261825,0.143355101347,0.429295748472,-0.216008141637,0.0460895672441,0.41575101018,-0.219319850206,-0.0530772507191,0.405458301306,-0.226651266217,-0.150545060635,0.395423263311,-0.233083546162,-0.248039722443,0.380824238062,-0.241969570518,-0.370055317879,0.381154209375,-0.27417165041,-0.364214271307
1776722584.75,0.473379164934,-0.200166806579,0.440395474434,0.464981108904,-0.20357966423,0.342746913433,0.454479962587,-0.206964343786,0.242824360728,0.444312900305,-0.212458968163,0.144042357802,0.435194939375,-0.218541458249,0.0467839315534,0.426733642817,-0.221909686923,-0.0483558624983,0.412743538618,-0.230139389634,-0.150645494461,0.403791755438,-0.237449496984,-0.247740596533,0.39018407464,-0.24838013947,-0.368631571531,0.387820929289,-0.277379125357,-0.364214271307
1776722584.76,0.473537534475,-0.200399070978,0.441044837236,0.465491384268,-0.203911140561,0.343412995338,0.455800026655,-0.207649365067,0.243765085936,0.44680121541,-0.213150694966,0.145135864615,0.438183456659,-0.21962235868,0.0473163872957,0.426335841417,-0.224543452263,-0.0516244024038,0.416733652353,-0.23188149929,-0.150602698326,0.408549457788,-0.239942327142,-0.246673613787,0.394551545382,-0.251930058002,-0.367976993322,0.39465251565,-0.280321478844,-0.364214271307
1776722584.78,0.473783224821,-0.200416788459,0.441577523947,0.466974526644,-0.205037146807,0.343821644783,0.458786576986,-0.209217265248,0.244605988264,0.452937036753,-0.214095339179,0.14691093564,0.444299429655,-0.222622141242,0.0476576313376,0.436003535986,-0.228726506233,-0.0473456531763,0.425521761179,-0.236694440246,-0.149020284414,0.417344421148,-0.245117604733,-0.246604502201,0.40412697196,-0.2572465837,-0.367504507303,0.401624590158,-0.283001810312,-0.364214271307
1776722584.79,0.474119722843,-0.200264155865,0.44198256731,0.467682272196,-0.205543711782,0.344018638134,0.460357397795,-0.209966599941,0.244606867433,0.453436464071,-0.216347977519,0.145160630345,0.447393923998,-0.223873972893,0.0482335090637,0.437712281942,-0.229724228382,-0.0511289089918,0.430105417967,-0.239180073142,-0.148979157209,0.422309070826,-0.247785061598,-0.245868235826,0.409133344889,-0.259523361921,-0.367811828852,0.408715337515,-0.285423964262,-0.364214271307
1776722584.81,0.474587917328,-0.199904918671,0.442280143499,0.469790905714,-0.205884844065,0.345436990261,0.463570684195,-0.211194500327,0.245250359178,0.458054989576,-0.218674018979,0.145703732967,0.454481929541,-0.228022456169,0.0513987950981,0.448519438505,-0.233815789223,-0.0457433909178,0.43694332242,-0.243157014251,-0.148455619812,0.431130021811,-0.252238065004,-0.245805740356,0.419630557299,-0.26465523243,-0.367033332586,0.415904909372,-0.287592351437,-0.364214271307
1776722584.82,0.475104033947,-0.199468627572,0.442451089621,0.470654755831,-0.206080749631,0.345384687185,0.465239912271,-0.212437927723,0.245685249567,0.461450129747,-0.219997733831,0.147958308458,0.456097453833,-0.228853866458,0.049121119082,0.452019542456,-0.235571742058,-0.0458492785692,0.442001014948,-0.245737165213,-0.147796839476,0.436799377203,-0.254790306091,-0.244169086218,0.424963861704,-0.266580790281,-0.366941422224,0.42317584157,-0.28951177001,-0.364214271307
1776722584.84,0.475955098867,-0.198694571853,0.442547976971,0.472253292799,-0.20665588975,0.345859974623,0.468675523996,-0.213673830032,0.246705681086,0.465428620577,-0.222480461001,0.148094147444,0.460749536753,-0.232400014997,0.049102678895,0.455214828253,-0.239740028977,-0.0497533231974,0.449920862913,-0.249549418688,-0.148097366095,0.444949954748,-0.258586704731,-0.245352357626,0.435665756464,-0.271211326122,-0.366925954819,0.430512815714,-0.291187018156,-0.364214271307
1776722584.85,0.476869046688,-0.197849974036,0.442506492138,0.473013728857,-0.206723302603,0.34595566988,0.469715327024,-0.214328616858,0.246039360762,0.467532843351,-0.223703220487,0.148529320955,0.463982969522,-0.234358429909,0.0497172065079,0.459131509066,-0.242587953806,-0.0481903702021,0.453693717718,-0.251894652843,-0.147451281548,0.450050085783,-0.260784476995,-0.245201706886,0.441328436136,-0.273141473532,-0.3667306602,0.437902599573,-0.292622834444,-0.364214271307
1776722584.87,0.477986097336,-0.196906626225,0.442356109619,0.475098699331,-0.207034543157,0.345819830894,0.472278267145,-0.215939149261,0.246989622712,0.471166342497,-0.226042196155,0.149119973183,0.468578308821,-0.23662057519,0.0502123199403,0.466720849276,-0.245510518551,-0.0459369421005,0.461973577738,-0.256256788969,-0.143741875887,0.459107965231,-0.264416635036,-0.244700372219,0.453117161989,-0.276460796595,-0.366225928068,0.445333749056,-0.293823748827,-0.364214271307
1776722584.88,0.479326933622,-0.19586828351,0.442153424025,0.475968390703,-0.2069889009,0.346151173115,0.473547250032,-0.216322034597,0.246516525745,0.471644133329,-0.227229252458,0.147127538919,0.470878213644,-0.237813085318,0.0503953844309,0.467348128557,-0.24592359364,-0.0489580482244,0.46446660161,-0.256860643625,-0.14783808589,0.463611394167,-0.265971630812,-0.244886249304,0.458975344896,-0.278468221426,-0.366101711988,0.45279660821,-0.294793754816,-0.364214271307
1776722584.9,0.480823129416,-0.194793209434,0.44186887145,0.477792292833,-0.206634998322,0.345877051353,0.476250320673,-0.216970264912,0.247013524175,0.476049929857,-0.228382244706,0.148953855038,0.476307362318,-0.240393087268,0.0521168038249,0.474889606237,-0.249669983983,-0.0468277931213,0.471838206053,-0.25953990221,-0.147637575865,0.473152846098,-0.269081324339,-0.243850380182,0.471433967352,-0.281902164221,-0.365010082722,0.460282951593,-0.295536339283,-0.364214271307
1776722584.91,0.482479900122,-0.193696901202,0.441560506821,0.478627473116,-0.206412494183,0.345566302538,0.477261513472,-0.217009857297,0.246166825294,0.477952986956,-0.229100763798,0.148834437132,0.477296382189,-0.240844741464,0.0500857271254,0.476704150438,-0.249953731894,-0.0484540313482,0.475868314505,-0.260920971632,-0.146877080202,0.478239685297,-0.270310044289,-0.243539750576,0.47727933526,-0.283163696527,-0.365091025829,0.46778562665,-0.296054244041,-0.364214271307
1776722584.93,0.484236121178,-0.192637994885,0.441065847874,0.48117467761,-0.205414786935,0.345640748739,0.480102092028,-0.216742530465,0.24608322978,0.481231898069,-0.22928789258,0.148994639516,0.483194261789,-0.242175608873,0.052109669894,0.483632415533,-0.252107530832,-0.0467109829187,0.48531088233,-0.262910306454,-0.144881516695,0.487020581961,-0.272293537855,-0.244722545147,0.488685935736,-0.285341799259,-0.365371823311,0.475298374891,-0.296349465847,-0.364214271307
1776722584.94,0.486310094595,-0.191397815943,0.440356999636,0.482329398394,-0.20479889214,0.345351278782,0.481630653143,-0.216323971748,0.246044680476,0.482925564051,-0.228957921267,0.148361667991,0.484058111906,-0.2420655936,0.0500973574817,0.486924260855,-0.253023177385,-0.0456818044186,0.487872391939,-0.263475775719,-0.146974861622,0.492077261209,-0.273496717215,-0.244068711996,0.494560927153,-0.286437004805,-0.364984929562,0.482815653086,-0.296423196793,-0.364214271307
1776722584.96,0.487913608551,-0.190429389477,0.439736157656,0.485195606947,-0.203297913074,0.344489425421,0.484962791204,-0.21521858871,0.24535959959,0.485858231783,-0.228019893169,0.14641238749,0.488810032606,-0.24148593843,0.0495048910379,0.49208804965,-0.252299308777,-0.0474814623594,0.496692985296,-0.265368014574,-0.14397290349,0.50100839138,-0.274395912886,-0.244556725025,0.506545901299,-0.288711369038,-0.36395740509,0.49033203721,-0.296275705099,-0.364214271307
1776722584.97,0.489796936512,-0.189305052161,0.438953816891,0.486655980349,-0.202570870519,0.344097316265,0.486706107855,-0.214037954807,0.244919195771,0.489028245211,-0.227283805609,0.147203564644,0.491389602423,-0.241198152304,0.0492196008563,0.496222406626,-0.252805113792,-0.0464597940445,0.500184416771,-0.264936983585,-0.145331114531,0.505222916603,-0.275195777416,-0.244410276413,0.511598348618,-0.289034873247,-0.365354061127,0.497842103243,-0.295906424522,-0.364214271307
1776722584.99,0.491681307554,-0.188051134348,0.438095748425,0.489383727312,-0.201175406575,0.343278080225,0.49065259099,-0.212348207831,0.244370207191,0.493557304144,-0.22561737895,0.146484673023,0.496965795755,-0.239251226187,0.048530831933,0.501149058342,-0.251092970371,-0.0490729212761,0.506833076477,-0.263898968697,-0.147799789906,0.514832615852,-0.276071310043,-0.243543535471,0.522764801979,-0.290200799704,-0.365697473288,0.505340099335,-0.295313894749,-0.364214271307
1776722585,0.493500202894,-0.186694741249,0.437146633863,0.491228371859,-0.200096338987,0.342467695475,0.492457777262,-0.211625486612,0.243757799268,0.494798511267,-0.224208965898,0.144316449761,0.499333232641,-0.238284900784,0.0479436814785,0.504214644432,-0.249991610646,-0.0492722541094,0.511655569077,-0.262984424829,-0.146694153547,0.519201874733,-0.274995714426,-0.245224922895,0.528971552849,-0.291849941015,-0.364126235247,0.51281940937,-0.294495850801,-0.364214271307
1776722585.02,0.495245099068,-0.185238152742,0.436074763536,0.494246035814,-0.198460713029,0.341326236725,0.496197134256,-0.20962741971,0.242058604956,0.500972270966,-0.222372040153,0.144349724054,0.506041288376,-0.235783651471,0.0467745512724,0.510692715645,-0.24751187861,-0.0513976365328,0.518487334251,-0.261010110378,-0.149725079536,0.529112696648,-0.274675011635,-0.244457930326,0.540193200111,-0.293201416731,-0.363021194935,0.520272612572,-0.293449282646,-0.364214271307
1776722585.03,0.496902942657,-0.183586835861,0.435000658035,0.495737403631,-0.19763956964,0.340858280659,0.498600453138,-0.20865803957,0.241487309337,0.503780245781,-0.220888584852,0.144104659557,0.510538101196,-0.235038429499,0.0483910217881,0.516017079353,-0.246678739786,-0.0507024377584,0.524883031845,-0.260758846998,-0.148037046194,0.534021615982,-0.274115920067,-0.244681894779,0.544575810432,-0.293011426926,-0.363806754351,0.527691245079,-0.292170554399,-0.364214271307
1776722585.05,0.498413085938,-0.18172980845,0.43391340971,0.498916834593,-0.1950019449,0.339256465435,0.503168582916,-0.206065744162,0.239745885134,0.509441614151,-0.218226000667,0.142678499222,0.515639185905,-0.231404334307,0.044622272253,0.522771716118,-0.243325859308,-0.0530786812305,0.53321146965,-0.258688360453,-0.14850538969,0.542271375656,-0.272109776735,-0.247236073017,0.55445754528,-0.29329431057,-0.363860994577,0.535064697266,-0.290655434132,-0.364214271307
1776722585.06,0.499686509371,-0.179892286658,0.432885915041,0.500640273094,-0.19413548708,0.3385207057,0.505092740059,-0.204690948129,0.23930054903,0.512401223183,-0.216585189104,0.141861245036,0.519681334496,-0.230049684644,0.0442060753703,0.527507662773,-0.242325752974,-0.0526693463326,0.537305474281,-0.257355153561,-0.149184733629,0.547201991081,-0.271289229393,-0.247439056635,0.559041380882,-0.292419165373,-0.36477664113,0.542381286621,-0.288899332285,-0.364214271307
1776722585.08,0.500936806202,-0.177756518126,0.431877315044,0.503748655319,-0.190874785185,0.337134301662,0.510021328926,-0.201886281371,0.237889677286,0.51880645752,-0.213581353426,0.141186967492,0.527729868889,-0.226971507072,0.0443728491664,0.535432934761,-0.239466488361,-0.0539505183697,0.546904206276,-0.255254149437,-0.149787813425,0.55598795414,-0.269732266665,-0.247933208942,0.567808032036,-0.291575342417,-0.365428179502,0.54962682724,-0.286897450686,-0.364214271307
1776722585.09,0.502052843571,-0.175557628274,0.43086758256,0.505292773247,-0.189526364207,0.336304426193,0.512236595154,-0.200172394514,0.237468734384,0.521679401398,-0.212044835091,0.140511080623,0.531095743179,-0.225472599268,0.0438173636794,0.539238452911,-0.238285243511,-0.0548828989267,0.550220251083,-0.25400647521,-0.150305896997,0.560995221138,-0.269175738096,-0.247127473354,0.572536230087,-0.29099342227,-0.366187810898,0.556785583496,-0.284644991159,-0.364214271307
1776722585.11,0.502898573875,-0.173454985023,0.430057644844,0.508437037468,-0.186548516154,0.335057258606,0.517329573631,-0.196985140443,0.23666292429,0.527295947075,-0.208769440651,0.138845562935,0.538583159447,-0.223595201969,0.0437729880214,0.54810833931,-0.236278772354,-0.0537015944719,0.558205366135,-0.251136422157,-0.151842534542,0.568511247635,-0.266396850348,-0.249250560999,0.580518126488,-0.287950217724,-0.366432160139,0.56383907795,-0.28213724494,-0.364214271307
1776722585.12,0.503537833691,-0.171466097236,0.429371893406,0.509656429291,-0.185037121177,0.334637373686,0.518928766251,-0.195339247584,0.235716491938,0.52942097187,-0.207670539618,0.137436032295,0.541677713394,-0.222072288394,0.0436530336738,0.550801157951,-0.234243452549,-0.055382668972,0.561228990555,-0.249528825283,-0.153431773186,0.572347283363,-0.264957159758,-0.249764740467,0.584781646729,-0.286696881056,-0.366934388876,0.570766925812,-0.279369980097,-0.364214271307
1776722585.14,0.503959596157,-0.169558927417,0.428791731596,0.512251734734,-0.182149484754,0.333464056253,0.523095488548,-0.192343205214,0.234667688608,0.534846663475,-0.204615294933,0.137014687061,0.546959280968,-0.218700200319,0.0404507741332,0.5591776371,-0.232409462333,-0.0542647242546,0.56947350502,-0.246991157532,-0.15236389637,0.579867601395,-0.261799573898,-0.250385642052,0.592839121819,-0.282903701067,-0.367066472769,0.577546238899,-0.276339560747,-0.364214271307
1776722585.15,0.504146754742,-0.167781978846,0.428282499313,0.512802124023,-0.180711224675,0.333100020885,0.524615287781,-0.191216558218,0.234682619572,0.537061929703,-0.203356653452,0.136633515358,0.550980806351,-0.218078747392,0.0429944247007,0.561863899231,-0.230377092957,-0.0545860081911,0.573137879372,-0.245790362358,-0.152073889971,0.583574652672,-0.260160923004,-0.250272005796,0.596425771713,-0.280666798353,-0.367427229881,0.584152340889,-0.273043215275,-0.364214271307
1776722585.17,0.504182934761,-0.166086763144,0.427845925093,0.514489889145,-0.178405210376,0.332556605339,0.527317285538,-0.189159482718,0.234286770225,0.540954232216,-0.201231047511,0.136418163776,0.555834293365,-0.215368300676,0.0426883772016,0.567066550255,-0.227169245481,-0.0556140094995,0.578966259956,-0.242252707481,-0.152284622192,0.589974403381,-0.255856662989,-0.250551789999,0.604034662247,-0.276333987713,-0.367577046156,0.590558052063,-0.269479304552,-0.364214271307
1776722585.18,0.503977835178,-0.164307519794,0.427464365959,0.514937639236,-0.177179768682,0.332020789385,0.528387665749,-0.187683343887,0.234175756574,0.542379140854,-0.200053200126,0.136122912169,0.557552814484,-0.213079348207,0.041605271399,0.568904399872,-0.225565761328,-0.0562548786402,0.582064628601,-0.239834949374,-0.152348607779,0.593294501305,-0.25379472971,-0.250595450401,0.60570526123,-0.272462636232,-0.36988696456,0.596734881401,-0.265647530556,-0.364214271307
1776722585.2,0.50354629755,-0.16279488802,0.427173942327,0.515166640282,-0.175130620599,0.33178845048,0.529667019844,-0.185805559158,0.233550071716,0.544648170471,-0.197633802891,0.136139020324,0.561225891113,-0.211281776428,0.042450658977,0.574061989784,-0.222735717893,-0.0548530966043,0.587360262871,-0.236122578382,-0.152171105146,0.598727226257,-0.248898327351,-0.250449329615,0.613277554512,-0.267782777548,-0.368038892746,0.602652549744,-0.261549115181,-0.364214271307
1776722585.21,0.503096282482,-0.161772891879,0.427017062902,0.515362739563,-0.174168542027,0.331401407719,0.529881596565,-0.184687137604,0.233736038208,0.545536875725,-0.196691304445,0.136318862438,0.562162280083,-0.208951085806,0.0418649986386,0.575889229774,-0.220728889108,-0.0549920350313,0.589319348335,-0.233833193779,-0.152495473623,0.602442264557,-0.246389269829,-0.24917858839,0.61642563343,-0.263954758644,-0.368882596493,0.608279466629,-0.25718703866,-0.364214271307
1776722585.23,0.502430021763,-0.160739272833,0.426923185587,0.514853239059,-0.171921163797,0.331695109606,0.529983401299,-0.182294130325,0.233794853091,0.546003937721,-0.194031998515,0.136257603765,0.563252806664,-0.206018030643,0.0417120605707,0.577653765678,-0.216608271003,-0.0561586916447,0.593153119087,-0.229185178876,-0.152678579092,0.606118440628,-0.240905329585,-0.250542700291,0.622585296631,-0.258070707321,-0.367795318365,0.613583922386,-0.252566158772,-0.364214271307
1776722585.24,0.50152528286,-0.159766033292,0.426906228065,0.514519929886,-0.170861393213,0.331768453121,0.529769659042,-0.180764630437,0.233347117901,0.545724987984,-0.192028850317,0.135924622416,0.562759637833,-0.204060032964,0.0401456356049,0.578111052513,-0.214305445552,-0.0562170147896,0.594470977783,-0.227304458618,-0.151856631041,0.608143210411,-0.238357186317,-0.250309824944,0.62499320507,-0.254775762558,-0.367985278368,0.618533372879,-0.247693359852,-0.364214271307
1776722585.26,0.500570237637,-0.159019127488,0.427016228437,0.513536334038,-0.168695047498,0.331296890974,0.528618216515,-0.178011521697,0.232924491167,0.545221805573,-0.18899050355,0.135460853577,0.563540697098,-0.200401306152,0.0412447154522,0.578048706055,-0.210048988461,-0.0566390454769,0.595478177071,-0.221694350243,-0.152683377266,0.611879587173,-0.232112422585,-0.249839812517,0.630610108376,-0.24727191031,-0.367758452892,0.623095989227,-0.242577552795,-0.364214271307
1776722585.27,0.499529480934,-0.158405661583,0.42725777626,0.512547969818,-0.167747035623,0.330949157476,0.527808666229,-0.17655916512,0.233077049255,0.544571876526,-0.186962366104,0.135712325573,0.562852621078,-0.198363825679,0.0411578342319,0.57856464386,-0.207781270146,-0.0562714487314,0.595423579216,-0.219038531184,-0.153918236494,0.612633347511,-0.228801548481,-0.25023663044,0.633204102516,-0.242613554001,-0.368070155382,0.627240657806,-0.237229779363,-0.364214271307
1776722585.29,0.49829480052,-0.157797157764,0.42752751708,0.511152505875,-0.166088506579,0.331265151501,0.526191353798,-0.174425661564,0.233125418425,0.54327082634,-0.183581724763,0.13608071208,0.561515808105,-0.194117709994,0.0412335842848,0.578156232834,-0.2029992342,-0.0556632131338,0.595964670181,-0.212752342224,-0.15314117074,0.615025281906,-0.221604287624,-0.249714285135,0.637377381325,-0.234128966928,-0.367687821388,0.630937814713,-0.231663122773,-0.364214271307
1776722585.3,0.497207194567,-0.157293170691,0.42775952816,0.510402321815,-0.165550380945,0.33158236742,0.525254845619,-0.173065274954,0.233067363501,0.541838169098,-0.182123824954,0.135805055499,0.559294342995,-0.191659882665,0.0396788045764,0.577800512314,-0.200280293822,-0.0558053255081,0.596004486084,-0.20950961113,-0.153370261192,0.615813970566,-0.21820807457,-0.249731749296,0.639330029488,-0.230635672808,-0.366646051407,0.634159684181,-0.225892573595,-0.364214271307
1776722585.32,0.495584696531,-0.156440317631,0.428161293268,0.508282661438,-0.164155438542,0.331838488579,0.522938728333,-0.171118691564,0.233237311244,0.539358854294,-0.178435340524,0.135322138667,0.557759404182,-0.187111958861,0.0398143827915,0.57671391964,-0.194721162319,-0.0551803559065,0.596303105354,-0.202464357018,-0.152379959822,0.617038249969,-0.209951534867,-0.249090909958,0.642077803612,-0.222155675292,-0.365924298763,0.636881232262,-0.219934940338,-0.364214271307
1776722585.33,0.494455814362,-0.155721455812,0.428504943848,0.507314682007,-0.163330405951,0.332058906555,0.521609067917,-0.169800251722,0.233254134655,0.538100242615,-0.177009522915,0.135586231947,0.556648850441,-0.184422343969,0.040244974196,0.575376868248,-0.191458582878,-0.0560239702463,0.594537496567,-0.198731735349,-0.153683394194,0.617102026939,-0.206063121557,-0.248889774084,0.643253684044,-0.217180684209,-0.366094231606,0.639080286026,-0.213808551431,-0.364214271307
1776722585.35,0.493125110865,-0.154716566205,0.428948432207,0.505012869835,-0.161652579904,0.332314908504,0.51935505867,-0.167526066303,0.233615636826,0.535573005676,-0.173575550318,0.135704681277,0.555200457573,-0.180105671287,0.0409635156393,0.573676347733,-0.185242697597,-0.0559075325727,0.594318151474,-0.191475898027,-0.152734011412,0.617098927498,-0.197448864579,-0.248958319426,0.644596219063,-0.208433717489,-0.365205258131,0.640738248825,-0.207533121109,-0.364214271307
1776722585.36,0.491781324148,-0.153545722365,0.429506391287,0.504165291786,-0.161073431373,0.33240801096,0.51821577549,-0.166290357709,0.2339746207,0.535226583481,-0.171901747584,0.136792391539,0.553191304207,-0.177467435598,0.0397600382566,0.572861194611,-0.182294696569,-0.0556348264217,0.594078540802,-0.187836632133,-0.152704894543,0.617082476616,-0.193428277969,-0.248705863953,0.645112156868,-0.203537791967,-0.364990532398,0.641840219498,-0.201129302382,-0.364214271307
1776722585.38,0.490507274866,-0.152289062738,0.430026650429,0.502158284187,-0.159325435758,0.333185732365,0.516382336617,-0.163192510605,0.234677165747,0.532836437225,-0.167959615588,0.136732414365,0.551608681679,-0.172747954726,0.0414867773652,0.571185231209,-0.176440700889,-0.054936543107,0.592183947563,-0.180796205997,-0.151924431324,0.616447925568,-0.185136049986,-0.247900366783,0.645433187485,-0.194348618388,-0.363702327013,0.642375469208,-0.194618448615,-0.364214271307
1776722585.39,0.489075660706,-0.150801181793,0.430538803339,0.501303195953,-0.157759904861,0.333348840475,0.515337347984,-0.161713048816,0.234885856509,0.531731247902,-0.165837883949,0.137109041214,0.551196694374,-0.170271098614,0.0419259145856,0.570419549942,-0.173494488001,-0.0544467866421,0.591929912567,-0.176946237683,-0.152398139238,0.616064190865,-0.181367993355,-0.24739715457,0.644358038902,-0.18848733604,-0.364231318235,0.642337203026,-0.188022270799,-0.364214271307
1776722585.41,0.487741410732,-0.149299681187,0.430964708328,0.499615579844,-0.155238762498,0.333733171225,0.51365685463,-0.158160433173,0.235424757004,0.530134320259,-0.161664485931,0.137896388769,0.549012899399,-0.165435343981,0.0414148643613,0.569135665894,-0.16741758585,-0.0541281551123,0.590608000755,-0.170328751206,-0.152045488358,0.613908171654,-0.172679632902,-0.247207939625,0.642619371414,-0.17868681252,-0.363720834255,0.641723155975,-0.181362435222,-0.364214271307
1776722585.42,0.48604375124,-0.147124275565,0.431534737349,0.498749822378,-0.153729468584,0.334641873837,0.513140678406,-0.156278118491,0.235877245665,0.529842376709,-0.159355908632,0.137948706746,0.548675179482,-0.162744879723,0.0420011430979,0.568250060081,-0.164484530687,-0.0538731664419,0.589639782906,-0.166954368353,-0.151674062014,0.613566994667,-0.16906362772,-0.246204406023,0.641950845718,-0.173594370484,-0.36359706521,0.640534996986,-0.174660220742,-0.364214271307
1776722585.44,0.4849434793,-0.145509719849,0.431849122047,0.496969133615,-0.150675952435,0.334986567497,0.51179087162,-0.152541056275,0.236221432686,0.529053926468,-0.155139803886,0.138818889856,0.547753334045,-0.157841831446,0.0427600294352,0.567140817642,-0.158504113555,-0.05303157866,0.588089227676,-0.159638509154,-0.150839418173,0.610725402832,-0.160010099411,-0.246606230736,0.638694643974,-0.162611871958,-0.363777071238,0.638778805733,-0.167936250567,-0.364214271307
1776722585.45,0.4835909307,-0.143264055252,0.432286769152,0.496253281832,-0.14916177094,0.335706263781,0.511107325554,-0.150940641761,0.236832976341,0.528465032578,-0.152884691954,0.139224603772,0.547196745872,-0.155577257276,0.0434784591198,0.566503882408,-0.155763372779,-0.0526554137468,0.587300419807,-0.156244114041,-0.150490969419,0.609587311745,-0.155974313617,-0.245930433273,0.636917710304,-0.157784432173,-0.36362016201,0.636464118958,-0.161210119724,-0.364214271307
1776722585.47,0.482378304005,-0.141017735004,0.432645469904,0.495035260916,-0.146107003093,0.336525082588,0.510134339333,-0.147282376885,0.237595394254,0.527495503426,-0.148726522923,0.139785930514,0.546052932739,-0.150112062693,0.043237939477,0.564953684807,-0.149657309055,-0.051972001791,0.585038781166,-0.148639261723,-0.150604963303,0.606355071068,-0.147362738848,-0.246176034212,0.632029652596,-0.147276520729,-0.364135324955,0.633604288101,-0.154500097036,-0.364214271307
1776722585.48,0.481267511845,-0.138726145029,0.433004647493,0.494032233953,-0.144408881664,0.33614718914,0.509611845016,-0.145296782255,0.237910732627,0.526891469955,-0.146336123347,0.140374258161,0.54587328434,-0.147320002317,0.0443060323596,0.564356088638,-0.146399632096,-0.0520717650652,0.583813548088,-0.144808679819,-0.150134474039,0.604714632034,-0.143250972033,-0.245794475079,0.62881731987,-0.142543286085,-0.363981515169,0.630215883255,-0.147823020816,-0.364214271307
1776722585.5,0.480075508356,-0.135962471366,0.433478921652,0.49254527688,-0.140854090452,0.336936056614,0.507895350456,-0.1415386796,0.238359764218,0.52569770813,-0.142021432519,0.140646964312,0.544324994087,-0.142241835594,0.0450024455786,0.562144160271,-0.139592766762,-0.0517083406448,0.58066546917,-0.136788159609,-0.150167614222,0.600134968758,-0.133827403188,-0.245991617441,0.623240351677,-0.13174559176,-0.364823848009,0.626317977905,-0.141193971038,-0.364214271307
1776722585.51,0.479186266661,-0.133829638362,0.433761656284,0.491823583841,-0.139127910137,0.337115705013,0.507372736931,-0.139251112938,0.238805055618,0.524943709373,-0.139139935374,0.141175076365,0.543495059013,-0.139297351241,0.045113503933,0.560958981514,-0.136356890202,-0.0513750612736,0.578862905502,-0.133146122098,-0.149774521589,0.597787618637,-0.129369407892,-0.246389359236,0.619637489319,-0.126301020384,-0.365410417318,0.621932625771,-0.134626194835,-0.364214271307
1776722585.53,0.478282928467,-0.131231963634,0.434093654156,0.490415066481,-0.135390341282,0.337799906731,0.505879282951,-0.134676083922,0.239082768559,0.523214221001,-0.133842974901,0.141601979733,0.540849208832,-0.132783994079,0.045351319015,0.557903766632,-0.128948688507,-0.0515060573816,0.574665904045,-0.124880731106,-0.150018781424,0.592261075974,-0.120882876217,-0.245864450932,0.612736463547,-0.116503015161,-0.365776985884,0.617083072662,-0.128131002188,-0.364214271307
1776722585.54,0.477449417114,-0.128514751792,0.434321582317,0.489741772413,-0.133311063051,0.338204503059,0.504936218262,-0.132169365883,0.239297732711,0.52183675766,-0.131120398641,0.141744583845,0.539104342461,-0.129393994808,0.0449292138219,0.55596613884,-0.125285238028,-0.0510742515326,0.572203159332,-0.121057115495,-0.150148749352,0.588980913162,-0.116172522306,-0.246391236782,0.608787417412,-0.111628971994,-0.365713745356,0.611794829369,-0.121717743576,-0.364214271307
1776722585.56,0.476729542017,-0.125642210245,0.434491783381,0.488400906324,-0.129009306431,0.338029265404,0.503058671951,-0.127148985863,0.23945710063,0.518862366676,-0.124513447285,0.141256079078,0.535980224609,-0.122778385878,0.0451626107097,0.551264286041,-0.117685645819,-0.0513440817595,0.566635608673,-0.113010555506,-0.150197893381,0.582612752914,-0.107362240553,-0.246866136789,0.600527524948,-0.1020385921,-0.366979032755,0.606094241142,-0.115393720567,-0.364214271307
1776722585.57,0.476130008698,-0.122567534447,0.434596449137,0.487614601851,-0.126830101013,0.338376104832,0.502027392387,-0.124181970954,0.23988647759,0.517506837845,-0.121708698571,0.141249656677,0.533707261086,-0.119254902005,0.0450177192688,0.548762917519,-0.114096708596,-0.051384806633,0.563508033752,-0.10880497098,-0.150302231312,0.578769445419,-0.102892935276,-0.247254103422,0.596727728844,-0.097214139998,-0.366827398539,0.600008249283,-0.10916429013,-0.364214271307
1776722585.59,0.475623488426,-0.119189888239,0.434600234032,0.485953778028,-0.122076928616,0.338653057814,0.499336093664,-0.118768520653,0.239827603102,0.513879656792,-0.11544842273,0.141546070576,0.529078245163,-0.112308003008,0.0450298786163,0.542922258377,-0.1067565009,-0.0519437342882,0.556777596474,-0.101021766663,-0.150618463755,0.571218729019,-0.0943883508444,-0.247847139835,0.587776422501,-0.0882759317756,-0.367671579123,0.593564629555,-0.103032872081,-0.364214271307
1776722585.6,0.475196540356,-0.115572541952,0.434486031532,0.485334843397,-0.119837388396,0.338525831699,0.498028069735,-0.116082832217,0.239545255899,0.511899590492,-0.11239156127,0.141334488988,0.526523590088,-0.108738869429,0.0447049289942,0.539351224899,-0.102771148086,-0.0521932095289,0.5535364151,-0.096793949604,-0.150897651911,0.567112803459,-0.0900099053979,-0.248297542334,0.583206653595,-0.0830610990524,-0.368815869093,0.586790800095,-0.0970010608435,-0.364214271307
1776722585.62,0.474830955267,-0.110805049539,0.434321552515,0.483676761389,-0.114942587912,0.338474094868,0.495285958052,-0.110682494938,0.239479720592,0.507166266441,-0.105949215591,0.14073780179,0.52049934864,-0.101888336241,0.0437429398298,0.532686591148,-0.0951157286763,-0.0530018955469,0.546022176743,-0.0885239094496,-0.151418566704,0.558508396149,-0.0815434008837,-0.249241441488,0.573642015457,-0.0747588276863,-0.3694486022,0.579714536667,-0.0910686999559,-0.364214271307
1776722585.63,0.474633395672,-0.107356920838,0.434188097715,0.483028143644,-0.112326957285,0.338311076164,0.493309348822,-0.107631109655,0.239256754518,0.505121231079,-0.103248588741,0.140539184213,0.517636060715,-0.0986399799585,0.0430531799793,0.528982400894,-0.0911779105663,-0.0533823370934,0.541028738022,-0.0845961272717,-0.15290594101,0.55415225029,-0.0775126814842,-0.249706923962,0.568597912788,-0.0697081238031,-0.370065152645,0.57236301899,-0.0852340310812,-0.364214271307
1776722585.65,0.474410325289,-0.10230807215,0.433919370174,0.481346517801,-0.106709778309,0.338039368391,0.490131348372,-0.101720899343,0.238924190402,0.500089168549,-0.0969170928001,0.13980653882,0.511375784874,-0.0916838720441,0.0431763976812,0.521599173546,-0.0841855928302,-0.0541137009859,0.532186865807,-0.0765992850065,-0.153196692467,0.544861555099,-0.0689788833261,-0.250388264656,0.558514118195,-0.061627201736,-0.371272325516,0.564762711525,-0.0794937834144,-0.364214271307
1776722585.66,0.474235355854,-0.0968651473522,0.433649897575,0.48051032424,-0.103730253875,0.337719589472,0.488496154547,-0.0987730622292,0.238285630941,0.497644990683,-0.0934982672334,0.139715522528,0.508026480675,-0.0882869958878,0.0429661050439,0.518124341965,-0.080541446805,-0.0546854138374,0.528259038925,-0.0726229175925,-0.15389508009,0.539789557457,-0.065035186708,-0.251165628433,0.553050756454,-0.0575771443546,-0.371950894594,0.556939959526,-0.0738433599472,-0.364214271307
1776722585.68,0.474127531052,-0.0921182706952,0.43344655633,0.478737860918,-0.096867904067,0.33728274703,0.485623031855,-0.0919981002808,0.237928405404,0.492789775133,-0.0870169997215,0.138497412205,0.501564621925,-0.0814474076033,0.0414884239435,0.510134100914,-0.0736921578646,-0.0556364357471,0.519323945045,-0.0658324286342,-0.15476244688,0.529721856117,-0.0573834516108,-0.25213432312,0.542409300804,-0.048805642873,-0.373255848885,0.548919916153,-0.0682769268751,-0.364214271307
1776722585.69,0.473983347416,-0.0863991379738,0.433197289705,0.478023737669,-0.0931510403752,0.337081164122,0.484018474817,-0.0884095951915,0.237510055304,0.490624040365,-0.0832981467247,0.138681232929,0.498222321272,-0.0780543610454,0.0408282056451,0.506582856178,-0.0700712502003,-0.0561121851206,0.515064001083,-0.0620896033943,-0.155411720276,0.525106072426,-0.0538390800357,-0.252991229296,0.537095665932,-0.0451866947114,-0.373591691256,0.540727257729,-0.0627875775099,-0.364214271307
1776722585.71,0.47389626503,-0.0801176428795,0.433019220829,0.476640671492,-0.0860691815615,0.336702167988,0.481093198061,-0.080971814692,0.237059369683,0.485944122076,-0.0760675892234,0.137603327632,0.492405503988,-0.0710701718926,0.0401917919517,0.499370723963,-0.063201636076,-0.0565826147795,0.506617426872,-0.0556094236672,-0.156077384949,0.514792919159,-0.0468413382769,-0.253787994385,0.524967312813,-0.0372178405523,-0.375245690346,0.532385706902,-0.0573674663901,-0.364214271307
1776722585.72,0.473898500204,-0.0735178366303,0.432959228754,0.476137906313,-0.0820938944817,0.336338162422,0.479577451944,-0.0773805528879,0.237213999033,0.483856350183,-0.0727907121181,0.137122303247,0.489468365908,-0.0675079599023,0.0398600175977,0.495493799448,-0.0601313859224,-0.0574120134115,0.501079797745,-0.0520221628249,-0.157081723213,0.509740829468,-0.0433316491544,-0.254368692636,0.519514799118,-0.0330720283091,-0.3758431077,0.523918628693,-0.0520079508424,-0.364214271307
1776722585.74,0.473944544792,-0.0669014975429,0.432920783758,0.474755913019,-0.0736622214317,0.336280763149,0.477247267962,-0.0693238526583,0.23646260798,0.479822486639,-0.0651115551591,0.136772170663,0.484151214361,-0.060584962368,0.0390366688371,0.488004893064,-0.0529236719012,-0.0579625219107,0.492788404226,-0.0455870218575,-0.157989561558,0.499572306871,-0.0365527309477,-0.255083620548,0.506931304932,-0.0263612996787,-0.376389414072,0.515348315239,-0.0466996878386,-0.364214271307
1776722585.75,0.473970085382,-0.0589778907597,0.432987451553,0.47435978055,-0.0693537518382,0.336476683617,0.476018458605,-0.0652716457844,0.236315727234,0.478107482195,-0.0615465044975,0.136657059193,0.481443017721,-0.0569745004177,0.038809157908,0.484602302313,-0.0496011227369,-0.0581531822681,0.489355415106,-0.042006008327,-0.157192379236,0.494354873896,-0.0328207872808,-0.255721479654,0.500914573669,-0.0233782250434,-0.376840621233,0.50669670105,-0.0414327979088,-0.364214271307
1776722585.77,0.473973840475,-0.0517912730575,0.433082997799,0.473909586668,-0.0648329705,0.336354851723,0.475046485662,-0.0612460672855,0.236783862114,0.476326912642,-0.0575968846679,0.136863455176,0.47903200984,-0.0533695593476,0.0391017571092,0.481800347567,-0.0458884984255,-0.0583944916725,0.484826296568,-0.0383854210377,-0.158231019974,0.489273279905,-0.029775377363,-0.255702137947,0.494298368692,-0.019470654428,-0.377167582512,0.49798515439,-0.0361969582736,-0.364214271307
1776722585.78,0.473997443914,-0.0441003479064,0.43324637413,0.473086923361,-0.0555419251323,0.336217999458,0.47313579917,-0.0525602512062,0.236544519663,0.473181575537,-0.0493792109191,0.13655616343,0.474683851004,-0.0454088747501,0.0388448536396,0.4756911695,-0.0384929329157,-0.058604195714,0.477069705725,-0.0314451679587,-0.158648461103,0.47975692153,-0.0230692494661,-0.256616026163,0.481647402048,-0.013892326504,-0.377967864275,0.489234834909,-0.0309815369546,-0.364214271307
1776722585.8,0.47411686182,-0.0354484319687,0.433547645807,0.472344249487,-0.0457953922451,0.336028277874,0.471393376589,-0.0432315357029,0.23672503233,0.470470815897,-0.0405235588551,0.136882513762,0.470191389322,-0.0371307916939,0.0387250706553,0.469355612993,-0.0310313012451,-0.0589153170586,0.469385772943,-0.0244822986424,-0.158345222473,0.468597203493,-0.0164089296013,-0.256794542074,0.468062847853,-0.00779961096123,-0.379139572382,0.480466395617,-0.0257756840438,-0.364214271307
1776722585.81,0.474268496037,-0.0272907540202,0.433903545141,0.472393780947,-0.0403458848596,0.336605250835,0.470793932676,-0.0380541421473,0.237052455544,0.469155400991,-0.0357992462814,0.137167751789,0.468391090631,-0.0329712368548,0.0390756949782,0.466382950544,-0.0270007923245,-0.058627769351,0.464322835207,-0.0204925704747,-0.158873021603,0.464360684156,-0.0134082594886,-0.256565570831,0.461176902056,-0.0043661291711,-0.379166424274,0.471700519323,-0.0205684639513,-0.364214271307
1776722585.83,0.474472939968,-0.019245127216,0.434282571077,0.471912711859,-0.0299198906869,0.336919128895,0.469413727522,-0.0277211926877,0.237122371793,0.466710537672,-0.0260250195861,0.137489020824,0.464603871107,-0.024007068947,0.0398048833013,0.460529953241,-0.0187682919204,-0.0583360046148,0.45744368434,-0.0136263556778,-0.157943964005,0.45367154479,-0.00696343695745,-0.256008416414,0.448745042086,0.000551021192223,-0.378422558308,0.462957888842,-0.015348947607,-0.364214271307
1776722585.85,0.474660873413,-0.0116971228272,0.434596598148,0.471721023321,-0.0244398955256,0.33718162775,0.468862086535,-0.0222411733121,0.237349376082,0.465545147657,-0.0211797747761,0.137719735503,0.462484449148,-0.019346177578,0.0399799793959,0.458924263716,-0.0145685616881,-0.0580362081528,0.452979415655,-0.00990690570325,-0.157799094915,0.448340207338,-0.00374279078096,-0.255923092365,0.441959291697,0.00301045272499,-0.378501176834,0.454259365797,-0.0101063335314,-0.364214271307
1776722585.86,0.474801927805,-0.00307611236349,0.434859216213,0.471717745066,-0.013234263286,0.337777674198,0.467738777399,-0.011462777853,0.237718969584,0.463257342577,-0.00983273424208,0.139033764601,0.45838919282,-0.00922289025038,0.0408228635788,0.452253431082,-0.00562584586442,-0.056957706809,0.445908993483,-0.00172857625876,-0.156604528427,0.438082367182,0.0029694000259,-0.255498200655,0.427605301142,0.00901588797569,-0.379045516253,0.445626109838,-0.00483005307615,-0.364214271307
1776722585.87,0.474862664938,0.00488278875127,0.434988468885,0.471692413092,-0.00816905125976,0.337991923094,0.467206865549,-0.00612476095557,0.238193705678,0.462203890085,-0.00464046327397,0.139531031251,0.45655605197,-0.00453185103834,0.0409965664148,0.449442774057,-0.00118418119382,-0.056663647294,0.441052347422,0.00215870700777,-0.156370222569,0.433499485254,0.00698534678668,-0.254377484322,0.4218300879,0.0109990602359,-0.377855151892,0.437079519033,0.000490115722641,-0.364214271307
1776722585.89,0.474821716547,0.0125446496531,0.435059666634,0.471408039331,0.00269531738013,0.338175058365,0.465741962194,0.00479133008048,0.238595247269,0.459530025721,0.00582317542285,0.139951050282,0.45229229331,0.00587937422097,0.0417712330818,0.443572312593,0.00851767417043,-0.0561817735434,0.433487206697,0.00989902019501,-0.155598461628,0.423097163439,0.0128066847101,-0.254414498806,0.41101744771,0.0143932774663,-0.375957518816,0.4286416471,0.0058639314957,-0.364214271307
1776722585.9,0.474692165852,0.0199482962489,0.435018271208,0.471193939447,0.00808237120509,0.338135778904,0.465225964785,0.0101029966027,0.239154592156,0.458042412996,0.0108640100807,0.139961972833,0.450182706118,0.0106965834275,0.0414880216122,0.440455704927,0.0128167597577,-0.0558977276087,0.430117100477,0.0135090015829,-0.155149549246,0.418963640928,0.0160963479429,-0.253460973501,0.405490666628,0.0164593365043,-0.374935746193,0.420335143805,0.0113005675375,-0.364214271307
1776722585.92,0.474485874176,0.0271785426885,0.434822529554,0.470275908709,0.0182021129876,0.338549435139,0.46293219924,0.0201440770179,0.238711997867,0.455041438341,0.0212058033794,0.140502020717,0.445900529623,0.0208486653864,0.0420573577285,0.435653954744,0.0219828169793,-0.055466607213,0.422007292509,0.0223340950906,-0.154947012663,0.410085469484,0.0224810168147,-0.252804249525,0.393466442823,0.0212972369045,-0.37434977293,0.412183374166,0.0168084856123,-0.364214271307
1776722585.93,0.474189579487,0.0341563895345,0.434555768967,0.469746381044,0.0233191251755,0.338657200336,0.461779087782,0.0250690318644,0.238628983498,0.453527003527,0.0261827390641,0.140159115195,0.443459898233,0.0255668200552,0.0424035489559,0.432155162096,0.026748014614,-0.0554053336382,0.418383806944,0.0261760577559,-0.154206067324,0.405365794897,0.0259800590575,-0.252390623093,0.387829452753,0.0233606565744,-0.373582035303,0.404210299253,0.0223953109235,-0.364214271307
1776722585.95,0.473799139261,0.0407187491655,0.434169232845,0.468378394842,0.0328621231019,0.338336855173,0.459800451994,0.0347905009985,0.238710165024,0.449955254793,0.0359142646194,0.139968439937,0.43891581893,0.0345786213875,0.0425671711564,0.425726205111,0.035415571183,-0.0547322481871,0.411467283964,0.03341486305,-0.154068022966,0.396851092577,0.0323521047831,-0.251764029264,0.377225369215,0.0282702092081,-0.373455137014,0.396440714598,0.0280676912516,-0.364214271307
1776722585.96,0.47335422039,0.0465115234256,0.43369269371,0.467688709497,0.0372058711946,0.338116288185,0.45814576745,0.0394541993737,0.238581433892,0.447758883238,0.0400673225522,0.139851361513,0.436716765165,0.0397337824106,0.0434195622802,0.422524124384,0.0393390581012,-0.0544991344213,0.407527238131,0.0373796895146,-0.153056383133,0.392910629511,0.0350052677095,-0.250927329063,0.371765762568,0.0306626707315,-0.372896432877,0.388900190592,0.0338311605155,-0.364214271307
1776722585.98,0.472796201706,0.0527521036565,0.433084130287,0.466777056456,0.0417546965182,0.33778655529,0.456924408674,0.0442273579538,0.23864787817,0.446091324091,0.0449767783284,0.140041559935,0.434205681086,0.0434740893543,0.0427726134658,0.419387966394,0.0434380955994,-0.0543380826712,0.403892725706,0.0411983653903,-0.153102129698,0.388383895159,0.0379302985966,-0.250889599323,0.367817491293,0.0329320989549,-0.37195238471,0.381614893675,0.0396900065243,-0.364214271307
1776722585.99,0.472242236137,0.0583117008209,0.432454288006,0.471520990133,0.0486315339804,0.434753000736,0.465086609125,0.0502407103777,0.337010145187,0.453926891088,0.0526960417628,0.238139539957,0.441911488771,0.0535006634891,0.140465170145,0.428980141878,0.0516150034964,0.0427408739924,0.413611382246,0.050463013351,-0.0550674200058,0.396767169237,0.0476746857166,-0.153375387192,0.380892366171,0.0437353663146,-0.250712662935,0.374611705542,0.0456471219659,-0.364214271307
1776722586.01,0.471689015627,0.063560590148,0.431772321463,0.471520990133,0.0486315339804,0.434753000736,0.465086609125,0.0502407103777,0.337010145187,0.453926891088,0.0526960417628,0.238139539957,0.441911488771,0.0535006634891,0.140465170145,0.428980141878,0.0516150034964,0.0427408739924,0.413611382246,0.050463013351,-0.0550674200058,0.396767169237,0.0476746857166,-0.153375387192,0.380892366171,0.0437353663146,-0.250712662935,0.367917865515,0.0517038889229,-0.364214271307
1776722586.02,0.471151649952,0.0683425813913,0.431125342846,0.462234646082,0.0612711012363,0.336149275303,0.449392586946,0.0636005401611,0.237042680383,0.435581117868,0.063756197691,0.138869062066,0.421164423227,0.0617880150676,0.0417071431875,0.404494851828,0.060231346637,-0.0553621202707,0.387065440416,0.0568831861019,-0.152568519115,0.369808286428,0.052288800478,-0.250185966492,0.346401125193,0.0462797693908,-0.371287554502,0.361561030149,0.0578600279987,-0.364214271307
1776722586.04,0.470505833626,0.0739582404494,0.430290490389,0.460323184729,0.0675371363759,0.335532128811,0.446410149336,0.0694774091244,0.236375451088,0.432087928057,0.0698461309075,0.139531373978,0.416050344706,0.0683032497764,0.042212381959,0.399222880602,0.0660455226898,-0.0555547177792,0.381239384413,0.0618461742997,-0.153978466988,0.363194793463,0.0583891011775,-0.25023791194,0.33939114213,0.05228048563,-0.371311932802,0.355568856001,0.0641134977341,-0.364214271307
1776722586.05,0.470063447952,0.0778184384108,0.429644107819,0.460323184729,0.0675371363759,0.335532128811,0.446410149336,0.0694774091244,0.236375451088,0.432087928057,0.0698461309075,0.139531373978,0.416050344706,0.0683032497764,0.042212381959,0.399222880602,0.0660455226898,-0.0555547177792,0.381239384413,0.0618461742997,-0.153978466988,0.363194793463,0.0583891011775,-0.25023791194,0.33939114213,0.05228048563,-0.371311932802,0.349968761206,0.070460408926,-0.364214271307
1776722586.07,0.469566255808,0.0822092294693,0.428898692131,0.457182794809,0.0758485123515,0.333926737309,0.441834956408,0.0769483745098,0.235511302948,0.425996273756,0.0770346000791,0.13809761405,0.40915235877,0.0744538679719,0.0405525416136,0.391165703535,0.0732376873493,-0.0552294254303,0.372199863195,0.0701414495707,-0.153630942106,0.354226559401,0.0674202889204,-0.251021176577,0.331046134233,0.0608789622784,-0.370907485485,0.344787806273,0.076894916594,-0.364214271307
1776722586.08,0.469037204981,0.0868457779288,0.428053796291,0.456722050905,0.0785441398621,0.333841502666,0.440683454275,0.0793273970485,0.235192000866,0.423606485128,0.078385643661,0.137107759714,0.406982213259,0.0767009481788,0.0403630286455,0.389169603586,0.0759442895651,-0.0555523782969,0.370543390512,0.0730685964227,-0.153670698404,0.351294964552,0.0698694139719,-0.250891238451,0.327027887106,0.0655472353101,-0.372649461031,0.340052038431,0.0834092050791,-0.364214271307
1776722586.1,0.468561291695,0.0912338271737,0.427252292633,0.455051988363,0.0834166631103,0.332706749439,0.438186019659,0.0837050154805,0.234312132001,0.420499414206,0.0822259932756,0.136210843921,0.403229445219,0.0801951363683,0.0402960330248,0.385184437037,0.079257555306,-0.0560903996229,0.365991681814,0.0779256746173,-0.154095321894,0.346765190363,0.0753243714571,-0.251583516598,0.322557866573,0.0718531683087,-0.372258096933,0.335786312819,0.0899934396148,-0.364214271307
1776722586.11,0.468112021685,0.0956560224295,0.426436811686,0.454241424799,0.0856416448951,0.332219392061,0.437068134546,0.0857578068972,0.234273016453,0.418990522623,0.0841474831104,0.136142209172,0.401902884245,0.0822487026453,0.0401028394699,0.382853418589,0.0816973820329,-0.0561849176884,0.363080531359,0.0798311680555,-0.154101341963,0.344447642565,0.0787253677845,-0.252017527819,0.319383621216,0.0759848728776,-0.373390078545,0.332013934851,0.0966358184814,-0.364214271307
1776722586.13,0.467743188143,0.100011520088,0.425639629364,0.453004032373,0.0909350067377,0.331629574299,0.435425847769,0.0902683585882,0.233346521854,0.417407125235,0.087693400681,0.135330930352,0.398688167334,0.0853070765734,0.0391241014004,0.379533797503,0.0847170725465,-0.0573012977839,0.360619455576,0.0839908346534,-0.154789537191,0.340474396944,0.0841678902507,-0.252618819475,0.317409127951,0.0822486281395,-0.372410476208,0.328755885363,0.103322610259,-0.364214271307
1776722586.14,0.467373520136,0.104469403625,0.424914628267,0.452704399824,0.0936842560768,0.331066250801,0.434644728899,0.0924561098218,0.2335947752,0.416003555059,0.0903607308865,0.134767219424,0.397788256407,0.0869177356362,0.0385264232755,0.379656106234,0.0875145718455,-0.0565789341927,0.358930498362,0.0862448811531,-0.154817819595,0.339688628912,0.0857454538345,-0.252496898174,0.316095918417,0.0847452059388,-0.372440516949,0.32603096962,0.110038295388,-0.364214271307
1776722586.16,0.467074632645,0.10859195143,0.424191713333,0.451375871897,0.0990049615502,0.330030024052,0.433413356543,0.0969153791666,0.232637792826,0.414427369833,0.0936393663287,0.133943557739,0.396140784025,0.0909236520529,0.0376062095165,0.377405613661,0.0909006968141,-0.0573550015688,0.356678873301,0.0898518562317,-0.156598478556,0.336564391851,0.0921802446246,-0.254068374634,0.313095539808,0.0922628045082,-0.373467385769,0.323854804039,0.116765663028,-0.364214271307
1776722586.17,0.466804414988,0.112676620483,0.423515558243,0.451199740171,0.101755142212,0.329177439213,0.432991236448,0.0991837382317,0.231548264623,0.41439089179,0.0961135476828,0.133701592684,0.395395964384,0.0929523184896,0.0375993922353,0.376650005579,0.0931369736791,-0.0578428506851,0.355783253908,0.0931533500552,-0.156097918749,0.335600167513,0.0949473679066,-0.253399789333,0.310364842415,0.0971112325788,-0.375040143728,0.322239816189,0.123486071825,-0.364214271307
1776722586.19,0.466594368219,0.11630088836,0.422835439444,0.450715571642,0.107234701514,0.328642338514,0.432548493147,0.104667507112,0.230504691601,0.413463681936,0.100710473955,0.132444724441,0.394995361567,0.0976769849658,0.0365553200245,0.375706583261,0.0977656915784,-0.0590029656887,0.356427282095,0.0981342792511,-0.156614691019,0.334899038076,0.100569710135,-0.254890501499,0.30854678154,0.104391947389,-0.376237422228,0.321194827557,0.130179658532,-0.364214271307
1776722586.2,0.466419249773,0.119787745178,0.422225475311,0.450838714838,0.109815612435,0.327873259783,0.43284919858,0.107642918825,0.230697378516,0.41369971633,0.103541076183,0.13218665123,0.395156830549,0.100452750921,0.036063157022,0.376466661692,0.100827015936,-0.0589662343264,0.35619238019,0.101152457297,-0.156641989946,0.334416657686,0.104049362242,-0.255149424076,0.309047847986,0.107215255499,-0.375743985176,0.320724695921,0.136825591326,-0.364214271307
1776722586.22,0.466323196888,0.122321859002,0.421779692173,0.450728923082,0.112028099597,0.327388733625,0.432609945536,0.110035613179,0.229207009077,0.413928776979,0.106761835515,0.131739422679,0.395891040564,0.103311046958,0.0359816476703,0.376703232527,0.103634059429,-0.0597830116749,0.355770915747,0.104213029146,-0.157617211342,0.334073156118,0.107486017048,-0.255922019482,0.307888090611,0.112004943192,-0.378025323153,0.320830196142,0.143402472138,-0.364214271307
1776722586.23,0.466251730919,0.125720024109,0.421221762896,0.450509995222,0.117279417813,0.326296567917,0.433072477579,0.115747876465,0.228528931737,0.414748102427,0.113057613373,0.130666315556,0.396252125502,0.109809942544,0.0346929132938,0.377479761839,0.110608421266,-0.0610305517912,0.356933802366,0.111029110849,-0.158551961184,0.33391943574,0.114400275052,-0.257295429707,0.308657109737,0.116526201367,-0.37706798315,0.321507900953,0.149888589978,-0.364214271307
1776722586.25,0.466334789991,0.128576263785,0.420858770609,0.450538605452,0.122185356915,0.326338380575,0.433373898268,0.12070313096,0.227714926004,0.415253847837,0.118863090873,0.129489243031,0.397689133883,0.116868205369,0.0334915816784,0.379127711058,0.117799922824,-0.0621685534716,0.357980698347,0.118593811989,-0.159460395575,0.335905700922,0.121003374457,-0.257444560528,0.3108471632,0.121812224388,-0.377261787653,0.32275006175,0.156262308359,-0.364214271307
1776722586.26,0.466479450464,0.131132885814,0.420679062605,0.450620979071,0.124334126711,0.32550239563,0.433758288622,0.123404532671,0.227349832654,0.416369885206,0.122496806085,0.129270598292,0.398324161768,0.120911195874,0.0328631103039,0.379011303186,0.121630847454,-0.063324034214,0.359091311693,0.122374661267,-0.159798711538,0.335926562548,0.125582739711,-0.258854866028,0.310414969921,0.126361608505,-0.378659039736,0.324544876814,0.162502378225,-0.364214271307
1776722586.28,0.466688930988,0.133448034525,0.42059597373,0.451157063246,0.128359645605,0.32483574748,0.434577614069,0.12942789495,0.226698756218,0.417651385069,0.129667177796,0.128333851695,0.400322943926,0.128448083997,0.0319894328713,0.382119864225,0.129792168736,-0.0635242015123,0.361273378134,0.129644066095,-0.162313789129,0.339065164328,0.13222669065,-0.259325623512,0.312040507793,0.132794797421,-0.380029886961,0.326876431704,0.168588370085,-0.364214271307
1776722586.29,0.466946095228,0.135534673929,0.420665502548,0.451423496008,0.130386337638,0.324764996767,0.435155898333,0.131921112537,0.226545765996,0.41857996583,0.132978692651,0.12909977138,0.40108320117,0.132656335831,0.0318754166365,0.38187995553,0.134129911661,-0.0643398016691,0.362773567438,0.134149983525,-0.161504715681,0.341557472944,0.135276719928,-0.259034514427,0.314518660307,0.134813651443,-0.379221916199,0.329725235701,0.174500897527,-0.364214271307
1776722586.31,0.467243522406,0.137464120984,0.420842289925,0.45189884305,0.134715870023,0.325186371803,0.4364541471,0.137849897146,0.22677090764,0.419592708349,0.138932302594,0.127831354737,0.403406232595,0.139450758696,0.0312140062451,0.38578531146,0.141569346189,-0.0647746473551,0.365256816149,0.142573386431,-0.16199311614,0.344345659018,0.143324479461,-0.259929507971,0.317716419697,0.141494855285,-0.380314677954,0.333068400621,0.180221989751,-0.364214271307
1776722586.32,0.467595249414,0.139230161905,0.421127647161,0.452412575483,0.136792913079,0.325063198805,0.436999052763,0.140385761857,0.226770281792,0.420785456896,0.1427218467,0.128032952547,0.404257446527,0.143959864974,0.0317273288965,0.387226194143,0.145748540759,-0.0645487755537,0.367405921221,0.145890071988,-0.162830859423,0.346700996161,0.146089106798,-0.259850591421,0.320201337337,0.144544944167,-0.380190849304,0.33688005805,0.18573525548,-0.364214271307
1776722586.34,0.467963188887,0.140790626407,0.421523869038,0.45347943902,0.139824822545,0.324870526791,0.438588291407,0.145116865635,0.227094992995,0.422554403543,0.148156896234,0.128434687853,0.406722456217,0.149818077683,0.0314404219389,0.389605909586,0.151973336935,-0.0648563206196,0.370404273272,0.152503296733,-0.163175344467,0.350902825594,0.153246462345,-0.260591417551,0.325029611588,0.151487886906,-0.381526738405,0.341132074594,0.191026180983,-0.364214271307
1776722586.35,0.468314945698,0.142087116838,0.421965956688,0.453931778669,0.14174580574,0.325132906437,0.438916116953,0.146530106664,0.226658195257,0.423427671194,0.15031427145,0.128162905574,0.407797724009,0.152576342225,0.0315910428762,0.391292184591,0.155007123947,-0.0647171586752,0.372373610735,0.155566811562,-0.163485556841,0.353199571371,0.156753450632,-0.260425209999,0.329387277365,0.154051333666,-0.380299776793,0.345794349909,0.196082189679,-0.364214271307
1776722586.37,0.468636780977,0.142950505018,0.422386914492,0.454621344805,0.14490558207,0.325630813837,0.44069775939,0.150814428926,0.227303445339,0.425501257181,0.155275851488,0.128797903657,0.410291582346,0.15745857358,0.031904026866,0.393517524004,0.160764411092,-0.0647996068001,0.375971764326,0.161195889115,-0.162778139114,0.35809096694,0.162251472473,-0.260716706514,0.334694772959,0.161559954286,-0.382204890251,0.350835591555,0.200892776251,-0.364214271307
1776722586.38,0.469116866589,0.143735811114,0.423056781292,0.45528152585,0.145768105984,0.32633292675,0.441244333982,0.152247667313,0.228163868189,0.426125556231,0.156421303749,0.128795847297,0.41190084815,0.159713849425,0.0330175980926,0.396321624517,0.162797018886,-0.0643522888422,0.378632038832,0.163828805089,-0.162911742926,0.361206561327,0.165140643716,-0.260489493608,0.339310795069,0.164219394326,-0.381198167801,0.356223672628,0.205449521542,-0.364214271307
1776722586.4,0.46961992979,0.144045129418,0.423742294312,0.456389576197,0.147554382682,0.326505303383,0.44277843833,0.154303595424,0.228450387716,0.428963690996,0.158981561661,0.129631578922,0.414283424616,0.162915855646,0.0324165970087,0.400231510401,0.167078927159,-0.0634992718697,0.382419854403,0.169116348028,-0.162731915712,0.366608053446,0.171206071973,-0.261195838451,0.346731096506,0.171033725142,-0.381838679314,0.361926287413,0.209746062756,-0.364214271307
1776722586.42,0.470196217299,0.144054591656,0.424592107534,0.456818789244,0.148368656635,0.327376008034,0.443410843611,0.154689401388,0.228438287973,0.429761260748,0.160853683949,0.130381569266,0.416005700827,0.163430050015,0.0329635739326,0.402415901423,0.168292894959,-0.0635770708323,0.38493052125,0.171344816685,-0.162335246801,0.369918376207,0.173519700766,-0.260925024748,0.3510812819,0.174971729517,-0.38163793087,0.367911607027,0.213778018951,-0.364214271307
1776722586.43,0.470866203308,0.14373639226,0.425548970699,0.458042174578,0.148569643497,0.3278003335,0.444876760244,0.155541867018,0.229178100824,0.43164101243,0.160605460405,0.13065315783,0.419162422419,0.165024921298,0.0335839167237,0.406320482492,0.170615166426,-0.0631916224957,0.391125410795,0.174398824573,-0.162074059248,0.376956790686,0.179337725043,-0.260396271944,0.358119934797,0.182747676969,-0.382621347904,0.374148398638,0.217542871833,-0.364214271307
1776722586.44,0.471593260765,0.143164113164,0.426602214575,0.45855435729,0.148687168956,0.32849663496,0.445746272802,0.155531704426,0.229767173529,0.433593660593,0.161259382963,0.131138548255,0.421057909727,0.165689766407,0.033610381186,0.407692879438,0.17172165215,-0.0628141313791,0.394759505987,0.176169365644,-0.161918520927,0.37978848815,0.182156205177,-0.261315226555,0.364756196737,0.185356780887,-0.381152898073,0.380606919527,0.221039801836,-0.364214271307
1776722586.46,0.472205102444,0.142599910498,0.427525192499,0.460011392832,0.148067548871,0.329603642225,0.447725445032,0.154971569777,0.230855733156,0.435740143061,0.160873770714,0.131888046861,0.424889057875,0.166009843349,0.035137668252,0.412877053022,0.173118561506,-0.0619073957205,0.401088863611,0.178897917271,-0.161329358816,0.387167364359,0.186917886138,-0.26083445549,0.374526888132,0.191913798451,-0.380519628525,0.387258738279,0.224269464612,-0.364214271307
1776722586.47,0.472959667444,0.141905099154,0.428648173809,0.460816353559,0.147483959794,0.33024251461,0.449168592691,0.154549196362,0.231539323926,0.437431484461,0.160494118929,0.132534369826,0.42710801959,0.166260704398,0.0353056564927,0.415808111429,0.174192786217,-0.0614629983902,0.403888374567,0.180739790201,-0.160594761372,0.392668038607,0.188644111156,-0.259305536747,0.378514915705,0.195937767625,-0.380071610212,0.394077509642,0.227233797312,-0.364214271307
1776722586.49,0.473736822605,0.141175925732,0.429807066917,0.462553650141,0.146566748619,0.331767141819,0.451796084642,0.153226837516,0.232729762793,0.441392034292,0.159251600504,0.133409097791,0.431588917971,0.165809810162,0.0364888608456,0.4227463305,0.175349056721,-0.0597491413355,0.411825925112,0.183371827006,-0.159423977137,0.40073004365,0.193143263459,-0.258821904659,0.389373987913,0.202771157026,-0.378831416368,0.40103879571,0.229935824871,-0.364214271307
1776722586.5,0.474464893341,0.140416666865,0.430926531553,0.463618427515,0.146221831441,0.33220821619,0.453395336866,0.152490049601,0.233379393816,0.443593651056,0.159282118082,0.134638935328,0.434265702963,0.165582045913,0.0370180979371,0.425536900759,0.175076141953,-0.0593477040529,0.415607064962,0.184019953012,-0.159342676401,0.403697937727,0.196606829762,-0.259202152491,0.396186619997,0.20481954515,-0.377412050962,0.408120423555,0.232379332185,-0.364214271307
1776722586.52,0.475155353546,0.139672577381,0.431996285915,0.465713769197,0.145284831524,0.333921670914,0.456657737494,0.151754528284,0.234644919634,0.448409169912,0.158973783255,0.137243911624,0.439679414034,0.165939673781,0.0385304316878,0.431967645884,0.176015377045,-0.0582532137632,0.423539847136,0.18690353632,-0.157307833433,0.414536803961,0.199007362127,-0.256565451622,0.405590027571,0.211743652821,-0.376834660769,0.415302425623,0.234568700194,-0.364214271307
1776722586.53,0.475797712803,0.138941898942,0.432970941067,0.467003077269,0.144849389791,0.334663927555,0.458355396986,0.151704147458,0.235817015171,0.449696093798,0.158154860139,0.138734683394,0.442588299513,0.165761604905,0.0387900769711,0.435579270124,0.176154583693,-0.0579384416342,0.427573591471,0.187530353665,-0.156199812889,0.419411569834,0.201059937477,-0.255077332258,0.41100820899,0.214362069964,-0.376099318266,0.422567218542,0.236508667469,-0.364214271307
1776722586.55,0.476428866386,0.138225927949,0.433853417635,0.468954116106,0.144262522459,0.336057901382,0.461795777082,0.151405990124,0.23711322248,0.455151230097,0.158464923501,0.13783569634,0.448860615492,0.166059702635,0.0402347370982,0.443106085062,0.177234649658,-0.0564073473215,0.435826450586,0.189720869064,-0.155470401049,0.428589016199,0.203799232841,-0.254102230072,0.423261970282,0.219188079238,-0.374497681856,0.429899245501,0.238204076886,-0.364214271307
1776722586.56,0.477075338364,0.137472301722,0.434628605843,0.470067173243,0.14396186173,0.336508750916,0.463296920061,0.150955557823,0.237219139934,0.457679241896,0.158940881491,0.13938549161,0.45206335187,0.166472822428,0.0403794497252,0.447083204985,0.178276702762,-0.0564016848803,0.440505236387,0.191144257784,-0.154422104359,0.439837306738,0.203664839268,-0.249098628759,0.429455429316,0.221659302711,-0.373191207647,0.437285035849,0.239659696817,-0.364214271307
1776722586.58,0.477668732405,0.136642277241,0.435213655233,0.471887737513,0.143344834447,0.337897330523,0.466720849276,0.151059508324,0.238468140364,0.462417036295,0.158994302154,0.139411509037,0.4586340487,0.167657747865,0.041834846139,0.455023616552,0.179933667183,-0.0551992803812,0.449105590582,0.19334705174,-0.154392391443,0.446032732725,0.208333015442,-0.251730918884,0.441008299589,0.225383728743,-0.372927069664,0.444713145494,0.240880012512,-0.364214271307
1776722586.59,0.478183716536,0.135731443763,0.435595840216,0.473058193922,0.142862707376,0.338037580252,0.468584805727,0.151277840137,0.239402577281,0.464996486902,0.159612134099,0.140406847,0.462620586157,0.167927071452,0.0420944541693,0.45873388648,0.181141480803,-0.0543250888586,0.454744905233,0.194834813476,-0.153341561556,0.447830528021,0.211732596159,-0.253234386444,0.44545558095,0.227950438857,-0.372094869614,0.452173739672,0.24186912179,-0.364214271307
1776722586.61,0.478631049395,0.134763166308,0.435779422522,0.475237816572,0.142568647861,0.339176058769,0.472251087427,0.151629328728,0.239787876606,0.469910532236,0.160681724548,0.140873461962,0.468902975321,0.170130640268,0.042784832418,0.466743558645,0.183437734842,-0.0540673583746,0.46308901906,0.197431743145,-0.153395593166,0.461278885603,0.213437601924,-0.249618411064,0.457268029451,0.231560081244,-0.371292829514,0.459658354521,0.242630526423,-0.364214271307
1776722586.62,0.479039341211,0.133744090796,0.435768127441,0.476295977831,0.142542138696,0.339337646961,0.473845332861,0.151717573404,0.239725828171,0.472458511591,0.161117747426,0.141003996134,0.472198814154,0.171002611518,0.0433566272259,0.470942288637,0.184418842196,-0.0537533164024,0.468294590712,0.198907420039,-0.152143955231,0.4671613276,0.21453076601,-0.25020596385,0.461548656225,0.234313413501,-0.372135937214,0.467159897089,0.243167072535,-0.364214271307
1776722586.64,0.479400187731,0.132752135396,0.435575723648,0.47824165225,0.14227129519,0.339510053396,0.477503269911,0.152599111199,0.240413352847,0.477654308081,0.162855997682,0.141725152731,0.478592664003,0.173690736294,0.0442293062806,0.477839142084,0.187430232763,-0.0535553693771,0.477459400892,0.20160575211,-0.151626855135,0.477473646402,0.217283517122,-0.24948579073,0.475103527308,0.235386788845,-0.370973229408,0.474672108889,0.243480801582,-0.364214271307
1776722586.65,0.479728043079,0.131809443235,0.435215085745,0.479122012854,0.14205981791,0.339774250984,0.479233235121,0.152855470777,0.240481212735,0.479896515608,0.163449957967,0.14117205143,0.481438905001,0.174634709954,0.043887577951,0.481032639742,0.189119368792,-0.0534914880991,0.482118457556,0.203319206834,-0.151804119349,0.48209759593,0.2187127918,-0.250243932009,0.480816692114,0.235927090049,-0.370697885752,0.482189208269,0.243572965264,-0.364214271307
1776722586.67,0.480059534311,0.130896344781,0.434724241495,0.480827838182,0.141982093453,0.339002341032,0.482444494963,0.153797373176,0.239930644631,0.484926968813,0.165553823113,0.142153352499,0.487364858389,0.177248328924,0.0435988903046,0.4893052876,0.191383287311,-0.0529108792543,0.489594429731,0.205888181925,-0.151712298393,0.492559403181,0.220629945397,-0.24929651618,0.493310421705,0.237546727061,-0.370751023293,0.489705830812,0.243443921208,-0.364214271307
1776722586.68,0.480377167463,0.130116894841,0.434211164713,0.481415182352,0.141775205731,0.339044988155,0.484103053808,0.154067948461,0.24018573761,0.487318485975,0.166595473886,0.142132133245,0.490939944983,0.178722769022,0.0445182323456,0.493395656347,0.192852348089,-0.0525216311216,0.494914740324,0.206888616085,-0.151277393103,0.497716337442,0.221418946981,-0.249807924032,0.499501913786,0.237827315927,-0.370204001665,0.497216671705,0.243093162775,-0.364214271307
1776722586.7,0.480720937252,0.129326820374,0.433587998152,0.483078688383,0.141628414392,0.338746011257,0.48664906621,0.154966577888,0.239903360605,0.491113096476,0.168093904853,0.141912922263,0.495753437281,0.180269986391,0.0436748191714,0.500312805176,0.194487571716,-0.0524658113718,0.502627134323,0.208608359098,-0.151479154825,0.507995605469,0.22271065414,-0.248900711536,0.511398077011,0.237869232893,-0.369496315718,0.504715800285,0.242519319057,-0.364214271307
1776722586.71,0.481071770191,0.128583580256,0.432923644781,0.483620256186,0.141362786293,0.338382065296,0.487921446562,0.15524867177,0.239594474435,0.492892473936,0.168282836676,0.141543999314,0.499107033014,0.181156665087,0.0441519990563,0.503778576851,0.195424035192,-0.0529347360134,0.506934642792,0.209359407425,-0.151917785406,0.512028694153,0.223502963781,-0.250087231398,0.517338871956,0.238656386733,-0.369985103607,0.51219701767,0.241720169783,-0.364214271307
1776722586.73,0.481450408697,0.127846002579,0.432237029076,0.484508186579,0.140856131911,0.337505370378,0.489855855703,0.155234143138,0.239031165838,0.496761292219,0.169212087989,0.141107186675,0.503638029099,0.181836411357,0.0439083948731,0.509088993073,0.196368157864,-0.0530677735806,0.514856100082,0.210040450096,-0.152127504349,0.521818041801,0.223536968231,-0.249518483877,0.528942584991,0.238371491432,-0.370551764965,0.519652724266,0.240692794323,-0.364214271307
1776722586.74,0.481841206551,0.127104476094,0.431600779295,0.485007613897,0.140633046627,0.336944103241,0.490777224302,0.155255526304,0.238687127829,0.497872978449,0.169071659446,0.140686765313,0.505646824837,0.182263121009,0.0438681766391,0.513088464737,0.196338221431,-0.0527034550905,0.518828392029,0.210380330682,-0.152295261621,0.52637887001,0.223859682679,-0.249522298574,0.535226464272,0.237777426839,-0.370286256075,0.527074575424,0.239433541894,-0.364214271307
1776722586.76,0.482446223497,0.125934153795,0.430756568909,0.485787540674,0.13981962204,0.336250185966,0.492632418871,0.154633462429,0.237764969468,0.500978708267,0.168685823679,0.139711648226,0.510406851768,0.181458339095,0.0432638972998,0.518838644028,0.196125984192,-0.0541608482599,0.526488542557,0.209287554026,-0.152581453323,0.535585403442,0.222974941134,-0.249802201986,0.546399950981,0.236763030291,-0.370315104723,0.534452199936,0.237938284874,-0.364214271307
1776722586.77,0.48289257288,0.125085666776,0.430243462324,0.486387461424,0.139494210482,0.335937917233,0.493462055922,0.154132053256,0.237503275275,0.50240457058,0.168353050947,0.140017896891,0.511454820633,0.181039765477,0.0425570011139,0.521561264992,0.195391073823,-0.0538904666901,0.529774069786,0.208992958069,-0.152666538954,0.540045499802,0.222577810287,-0.25034686923,0.551994800568,0.236234202981,-0.37047547102,0.5417740345,0.236202463508,-0.364214271307
1776722586.79,0.483519256115,0.12382158637,0.429578959942,0.48755839467,0.138197302818,0.334939241409,0.495061606169,0.152593433857,0.236588537693,0.504967093468,0.166343480349,0.138971090317,0.515309810638,0.179169535637,0.042255602777,0.526123404503,0.19405759871,-0.0551671683788,0.536888837814,0.206920892,-0.152998268604,0.549040436745,0.220884412527,-0.250535368919,0.562700390816,0.234691873193,-0.370486170053,0.54902613163,0.23422126472,-0.364214271307
1776722586.8,0.48411116004,0.122484862804,0.428980618715,0.488216370344,0.137487143278,0.334398001432,0.496106415987,0.151456803083,0.236239910126,0.506075382233,0.165035232902,0.138468369842,0.517548918724,0.177707776427,0.0415854901075,0.528522729874,0.192055433989,-0.0550559163094,0.540663123131,0.205664426088,-0.152739077806,0.553111791611,0.21962890029,-0.250252902508,0.567985415459,0.233679413795,-0.370051890612,0.556192755699,0.231989845634,-0.364214271307
1776722586.82,0.484624564648,0.121182173491,0.428479552269,0.489354461432,0.135378807783,0.333623021841,0.498160094023,0.14923594892,0.235088810325,0.508959412575,0.162378042936,0.137426450849,0.520894169807,0.174915626645,0.0411575138569,0.533110022545,0.18879763782,-0.0554407835007,0.546682715416,0.202512294054,-0.153589576483,0.560278892517,0.216741025448,-0.250106006861,0.577660322189,0.231479689479,-0.369905650616,0.563255786896,0.229503542185,-0.364214271307
1776722586.83,0.485250502825,0.119348920882,0.427905410528,0.489958375692,0.134261965752,0.333145201206,0.498971372843,0.147937551141,0.234964996576,0.510048866272,0.16087500751,0.136659890413,0.522767186165,0.173063620925,0.0398960262537,0.535668373108,0.187596604228,-0.0553456246853,0.549330115318,0.201035022736,-0.154030025005,0.564603209496,0.215618893504,-0.250197738409,0.583095312119,0.230503737926,-0.369656831026,0.570194840431,0.226758047938,-0.364214271307
1776722586.85,0.485804200172,0.117513902485,0.42743074894,0.491054803133,0.13159237802,0.332540333271,0.501089215279,0.144850507379,0.234111756086,0.512776970863,0.157276108861,0.13624407351,0.526268601418,0.169338658452,0.0400019884109,0.540275812149,0.183576568961,-0.0572742819786,0.555631875992,0.197006866336,-0.153690367937,0.571573972702,0.212071865797,-0.250770241022,0.591807484627,0.227689310908,-0.369302719831,0.576987624168,0.223749682307,-0.364214271307
1776722586.86,0.486473798752,0.115178212523,0.426914900541,0.491555839777,0.130341351032,0.332096606493,0.501917481422,0.14307320118,0.233885020018,0.514069795609,0.155304670334,0.136206179857,0.52787065506,0.166935995221,0.0397542640567,0.542292714119,0.180978447199,-0.0562321543694,0.558261990547,0.19537512958,-0.154159754515,0.574865818024,0.210433110595,-0.250823020935,0.596196293831,0.225876107812,-0.368987858295,0.583609104156,0.220475584269,-0.364214271307
1776722586.88,0.487047016621,0.113090708852,0.426506906748,0.492740362883,0.127015843987,0.331668317318,0.503824353218,0.139426335692,0.233116820455,0.516785383224,0.151468902826,0.135025337338,0.531578540802,0.162674188614,0.0391493439674,0.546679258347,0.176964864135,-0.05755636096,0.564301371574,0.190803021193,-0.154799520969,0.581940054893,0.205816805363,-0.249943196774,0.604132890701,0.222039729357,-0.368695706129,0.590032577515,0.216934010386,-0.364214271307
1776722586.89,0.48748677969,0.111448995769,0.426185935736,0.493447393179,0.12545144558,0.330881416798,0.50469648838,0.13726991415,0.232858136296,0.518158316612,0.149038568139,0.135215267539,0.533238649368,0.160458371043,0.038869805634,0.549202203751,0.174328714609,-0.0569440275431,0.566205263138,0.188558474183,-0.154365509748,0.585091710091,0.203453809023,-0.250142157078,0.607408761978,0.220122396946,-0.368364244699,0.596229672432,0.213124528527,-0.364214271307
1776722586.91,0.488073885441,0.109249286354,0.425785958767,0.494744449854,0.121914237738,0.330847740173,0.506801843643,0.133267939091,0.232423692942,0.521137356758,0.144879892468,0.134854570031,0.537094831467,0.155712291598,0.0388042777777,0.554628252983,0.169531613588,-0.0566198080778,0.571457624435,0.183765262365,-0.1541621387,0.590891957283,0.198628753424,-0.249810516834,0.613824129105,0.215262055397,-0.368236213923,0.60216999054,0.209048256278,-0.364214271307
1776722586.92,0.488562256098,0.107432670891,0.425427824259,0.495385915041,0.12015773356,0.33025187254,0.508035540581,0.131246164441,0.231989055872,0.522757291794,0.142431423068,0.134496256709,0.538796186447,0.15348084271,0.0384281277657,0.556574463844,0.167570337653,-0.0576163083315,0.574332356453,0.181122124195,-0.154442489147,0.593626618385,0.196408420801,-0.249868869781,0.61681842804,0.212550655007,-0.368373185396,0.607822418213,0.204707980156,-0.364214271307
1776722586.94,0.48901873827,0.105801478028,0.425095498562,0.4968752563,0.116938717663,0.330377817154,0.510102987289,0.127396538854,0.231666505337,0.525773644447,0.13806733489,0.13400362432,0.542680382729,0.148490950465,0.0383268296719,0.560547351837,0.162440881133,-0.0578513145447,0.579471707344,0.175969094038,-0.154372692108,0.598929047585,0.190913185477,-0.250008404255,0.622864246368,0.207103222609,-0.368453115225,0.613155007362,0.20010843873,-0.364214271307
1776722586.95,0.48944029212,0.104374177754,0.424751877785,0.497518151999,0.115568093956,0.32961499691,0.511101007462,0.125625669956,0.231315940619,0.52729010582,0.135796323419,0.134491145611,0.544669985771,0.146223917603,0.0383114889264,0.562459111214,0.159684717655,-0.0575881898403,0.581125020981,0.173479795456,-0.155095368624,0.601148486137,0.188382714987,-0.25029784441,0.62489771843,0.204022452235,-0.3685362041,0.618135213852,0.195256307721,-0.364214271307
1776722586.97,0.489829987288,0.103176377714,0.424419760704,0.498276680708,0.114100515842,0.329692900181,0.512405991554,0.123968660831,0.231390967965,0.528889417648,0.133903741837,0.133601367474,0.54672396183,0.143829554319,0.0379828363657,0.564336657524,0.15704023838,-0.0580467730761,0.583110451698,0.170710325241,-0.154953539371,0.603140950203,0.185077100992,-0.250396639109,0.627026319504,0.200928807259,-0.368383646011,0.622731328011,0.190160363913,-0.364214271307
1776722586.98,0.490160495043,0.102198556066,0.424040079117,0.499499112368,0.111478328705,0.329101979733,0.514411568642,0.120597936213,0.23125398159,0.531749844551,0.130197048187,0.133590713143,0.550026416779,0.139456689358,0.0382971763611,0.567808508873,0.152149185538,-0.0581305325031,0.586961984634,0.165070444345,-0.155436247587,0.607140898705,0.17905344069,-0.250534057617,0.630822777748,0.193366512656,-0.369021326303,0.626911997795,0.18483145535,-0.364214271307
1776722587,0.490444451571,0.101396396756,0.423630207777,0.500669717789,0.109875865281,0.328857302666,0.516458153725,0.118202999234,0.230636179447,0.533913731575,0.126800656319,0.133573323488,0.552884697914,0.135136142373,0.0380946695805,0.57104742527,0.14683483541,-0.0581955909729,0.589862346649,0.159206628799,-0.155741453171,0.609684109688,0.171901002526,-0.250662207603,0.633753538132,0.186630770564,-0.369699776173,0.630647540092,0.179282486439,-0.364214271307
1776722587.01,0.490711539984,0.100684314966,0.423197537661,0.501012921333,0.108785174787,0.328563809395,0.517208337784,0.117014922202,0.230538070202,0.535361051559,0.125016838312,0.133410677314,0.55408847332,0.133334651589,0.0378805622458,0.572635889053,0.144201427698,-0.0582387447357,0.591480374336,0.156200900674,-0.155636966228,0.610831975937,0.169066503644,-0.252217799425,0.634694337845,0.182420194149,-0.370025962591,0.63390994072,0.173528313637,-0.364214271307
1776722587.03,0.490959912539,0.10001976043,0.422780960798,0.501952052116,0.10744676739,0.327956259251,0.518617272377,0.114807292819,0.229989856482,0.536843657494,0.122231714427,0.132838517427,0.556238174438,0.129153653979,0.0371862947941,0.574651241302,0.139039561152,-0.0590044409037,0.594292402267,0.150066584349,-0.156894057989,0.613108158112,0.162060528994,-0.252716302872,0.636798262596,0.174076139927,-0.371284842491,0.636674046516,0.167585581541,-0.364214271307
1776722587.04,0.491182982922,0.0993679612875,0.422428756952,0.502250909805,0.106747142971,0.327698022127,0.518980503082,0.11398601532,0.229723036289,0.537494063377,0.120598442852,0.132887527347,0.556835651398,0.127514570951,0.0369977802038,0.575068235397,0.137244313955,-0.0595994144678,0.594747543335,0.147252008319,-0.157456725836,0.614098787308,0.158428266644,-0.253361463547,0.637269973755,0.169833749533,-0.371766656637,0.638917446136,0.161472529173,-0.364214271307
1776722587.06,0.491417825222,0.0985888391733,0.422116488218,0.502552270889,0.105821959674,0.327151119709,0.519490718842,0.112092211843,0.229204714298,0.538357138634,0.118383519351,0.131671354175,0.558049798012,0.124091342092,0.0360611081123,0.576683878899,0.132363602519,-0.0595081150532,0.596300840378,0.141276791692,-0.157568722963,0.614974737167,0.151187375188,-0.254193335772,0.638243436813,0.161171630025,-0.372731029987,0.640621066093,0.155208736658,-0.364214271307
1776722587.07,0.491599708796,0.0978007689118,0.42190939188,0.502637267113,0.105127029121,0.326880812645,0.519582629204,0.111168369651,0.228924840689,0.538444519043,0.116900876164,0.131416574121,0.557913303375,0.122263811529,0.0359323173761,0.57692027092,0.130090266466,-0.0601046830416,0.595561742783,0.138323798776,-0.157712101936,0.61527466774,0.147622004151,-0.25483033061,0.638667345047,0.156722918153,-0.372728258371,0.641769886017,0.148814797401,-0.364214271307
1776722587.09,0.491759955883,0.0968687534332,0.421792417765,0.502708792686,0.103921912611,0.326288074255,0.519491910934,0.109609253705,0.228406026959,0.538201093674,0.114492602646,0.13109947741,0.557505130768,0.119012013078,0.0353882014751,0.576339840889,0.125928550959,-0.0606284141541,0.595440983772,0.132298573852,-0.158416032791,0.614686965942,0.140093028545,-0.255568802357,0.637641429901,0.146712630987,-0.374315261841,0.642352700233,0.142312049866,-0.364214271307
1776722587.1,0.491852939129,0.0959450751543,0.421712845564,0.502635121346,0.103225693107,0.326435804367,0.519486546516,0.108740054071,0.228218987584,0.537798643112,0.113741181791,0.130450278521,0.557339668274,0.117470033467,0.0349998325109,0.576153039932,0.123990923166,-0.0614977627993,0.594768762589,0.129632890224,-0.158989489079,0.61419403553,0.136193931103,-0.255837023258,0.637231588364,0.141971170902,-0.374922543764,0.642362356186,0.135722145438,-0.364214271307
1776722587.12,0.491910934448,0.0948411524296,0.421660900116,0.502577662468,0.101748995483,0.326327741146,0.518957972527,0.107007600367,0.228310346603,0.536805033684,0.111027620733,0.130424007773,0.555428981781,0.114293456078,0.0344314202666,0.57385623455,0.119069240987,-0.0616789907217,0.592391133308,0.123885095119,-0.16016381979,0.612774729729,0.128518819809,-0.256475746632,0.635835886002,0.13190124929,-0.375090628862,0.64179623127,0.129066795111,-0.364214271307
1776722587.13,0.491880178452,0.0935412049294,0.421673446894,0.502610683441,0.101035706699,0.326511025429,0.518601775169,0.106247365475,0.227843314409,0.536235690117,0.109793141484,0.13024957478,0.554950118065,0.112764179707,0.0344609096646,0.573015928268,0.117064811289,-0.0619984269142,0.591715097427,0.120780512691,-0.16018345952,0.611285686493,0.124517947435,-0.256544500589,0.634045600891,0.126711860299,-0.375380128622,0.640655755997,0.122367322445,-0.364214271307
1776722587.15,0.491709679365,0.0919145271182,0.421755045652,0.502240180969,0.0993919894099,0.325916588306,0.517430782318,0.104168832302,0.227515488863,0.534532785416,0.107185982168,0.129880458117,0.552523851395,0.108819924295,0.0339401289821,0.570205330849,0.112342879176,-0.0628215968609,0.588645577431,0.11435123533,-0.16123598814,0.608302950859,0.116621240973,-0.257198095322,0.631727576256,0.117106348276,-0.376853257418,0.638946533203,0.115644402802,-0.364214271307
1776722587.16,0.491474360228,0.0903664603829,0.421817868948,0.501775622368,0.0981880426407,0.326016426086,0.516783595085,0.102904118598,0.227546513081,0.533554196358,0.105717457831,0.129640236497,0.551187753677,0.107123218477,0.0336961150169,0.568672657013,0.109779715538,-0.0627095252275,0.586434006691,0.111590787768,-0.161427408457,0.606472849846,0.112304151058,-0.257301926613,0.630678653717,0.111414067447,-0.376131296158,0.636677980423,0.108917720616,-0.364214271307
1776722587.18,0.490997523069,0.087800398469,0.421968907118,0.501163244247,0.096111536026,0.326006710529,0.515201926231,0.100189357996,0.227090299129,0.531194448471,0.102538153529,0.12944817543,0.548195719719,0.102927871048,0.0328991562128,0.565179467201,0.104405403137,-0.0632339864969,0.582871437073,0.10459523648,-0.161809533834,0.602698564529,0.104254111648,-0.258128017187,0.625800609589,0.101758494973,-0.377715528011,0.633863091469,0.102205701172,-0.364214271307
1776722587.19,0.490528613329,0.0856180861592,0.422135382891,0.500539898872,0.0945886224508,0.325809448957,0.514313936234,0.0984683856368,0.227425217628,0.530054569244,0.100725635886,0.129488706589,0.54690349102,0.100820854306,0.0331475138664,0.563541412354,0.101587533951,-0.0632825195789,0.581068754196,0.101267054677,-0.162297189236,0.6004383564,0.100367687643,-0.258164227009,0.623292088509,0.0968474000692,-0.3771007061,0.630517959595,0.0955252721906,-0.364214271307
1776722587.21,0.489878445864,0.082751058042,0.422396540642,0.499370187521,0.0915902704,0.326439023018,0.512584090233,0.0950934812427,0.227664649487,0.527764558792,0.096389837563,0.128974989057,0.543494462967,0.0956057012081,0.0328541845083,0.559988737106,0.0958512723446,-0.0639657229185,0.576972126961,0.0941578671336,-0.162826865911,0.596218466759,0.0914663597941,-0.258306086063,0.617933988571,0.0867608711123,-0.377096951008,0.626661777496,0.088891685009,-0.364214271307
1776722587.22,0.489109128714,0.0795400887728,0.422683089972,0.498589783907,0.0892627239227,0.326193511486,0.511757850647,0.0928411111236,0.22759860754,0.526191949844,0.0936420634389,0.129244118929,0.542103290558,0.092808611691,0.0329452455044,0.558259248734,0.0922849848866,-0.0639844536781,0.574542284012,0.0905358716846,-0.162887632847,0.593352079391,0.0874788090587,-0.258841723204,0.615617275238,0.0824409797788,-0.37885710597,0.622316122055,0.0823183432221,-0.364214271307
1776722587.24,0.488227188587,0.0760305821896,0.423021614552,0.497241824865,0.0851283445954,0.326607823372,0.509550094604,0.0877719372511,0.227650001645,0.523452281952,0.0881505906582,0.129585295916,0.538707971573,0.0865078866482,0.033038392663,0.554266810417,0.0856334641576,-0.0635757446289,0.570186138153,0.0826329514384,-0.162965983152,0.587982535362,0.0792250931263,-0.259017527103,0.608550548553,0.0717624276876,-0.376813292503,0.617504358292,0.0758167281747,-0.364214271307
1776722587.25,0.48726183176,0.0721994787455,0.423463821411,0.49654713273,0.082413174212,0.326926708221,0.508759260178,0.0850578695536,0.227851778269,0.522492647171,0.0851816311479,0.129412546754,0.537308812141,0.0834178179502,0.0329140126705,0.551809072495,0.0819026455283,-0.0641478449106,0.567526459694,0.0787907093763,-0.162440985441,0.584601283073,0.0747621580958,-0.258699089289,0.605425238609,0.0677080824971,-0.37785550952,0.612251639366,0.0693963244557,-0.364214271307
1776722587.27,0.486110895872,0.0678125098348,0.4239846766,0.494983643293,0.076982177794,0.327242642641,0.506641030312,0.0788163766265,0.227986827493,0.519790053368,0.0785572454333,0.129948496819,0.533877968788,0.0761377736926,0.0335416719317,0.547998428345,0.0742370411754,-0.0639332830906,0.562595009804,0.0703231245279,-0.162693500519,0.578615427017,0.0659070685506,-0.258882522583,0.597618937492,0.0591183230281,-0.378352940083,0.606584310532,0.0630646348,-0.364214271307
1776722587.28,0.485031843185,0.0636431798339,0.424470603466,0.49378105998,0.0742004215717,0.32737660408,0.505582809448,0.0754298046231,0.228613257408,0.518605351448,0.0747571736574,0.130287736654,0.532537221909,0.0722109302878,0.0333633050323,0.54545378685,0.0705507397652,-0.0639558285475,0.559839725494,0.0662895590067,-0.162990689278,0.575214028358,0.0620844736695,-0.259568303823,0.592592358589,0.0547086186707,-0.379006803036,0.600529432297,0.0568271689117,-0.364214271307
1776722587.3,0.483883649111,0.0587648265064,0.425049871206,0.491840571165,0.0677378997207,0.328259885311,0.502997398376,0.0684874728322,0.228840708733,0.515501379967,0.0671984776855,0.130587384105,0.528619527817,0.0641547366977,0.0338531509042,0.540956377983,0.062035754323,-0.0637130141258,0.553911447525,0.0582482293248,-0.162738710642,0.567962050438,0.0537422001362,-0.259889185429,0.584287285805,0.04595413059,-0.380776256323,0.594114542007,0.0506874993443,-0.364214271307
1776722587.31,0.482777416706,0.0534188561141,0.425835222006,0.490929692984,0.0643915459514,0.32856553793,0.50196325779,0.0648439750075,0.229205012321,0.513662576675,0.063329398632,0.130421593785,0.526728987694,0.0597681850195,0.0341831371188,0.538644194603,0.0575891211629,-0.0636176764965,0.550733804703,0.0535974539816,-0.162661761045,0.564451098442,0.04915285483,-0.259644776583,0.579564809799,0.0407640784979,-0.378737449646,0.587367296219,0.0446473658085,-0.364214271307
1776722587.33,0.481636106968,0.047851793468,0.426666945219,0.48878082633,0.0572126246989,0.329429060221,0.499120384455,0.057016082108,0.230154633522,0.510380506516,0.0547973103821,0.131678000093,0.522578597069,0.0509047247469,0.0347994714975,0.533611178398,0.0487046055496,-0.0632304251194,0.544802904129,0.0448333136737,-0.162413865328,0.556668639183,0.0404679216444,-0.259501874447,0.569322228432,0.0332840494812,-0.379744023085,0.580315113068,0.0387067645788,-0.364214271307
1776722587.34,0.480553239584,0.0420791245997,0.427475601435,0.487828582525,0.0530759170651,0.329946756363,0.497708946466,0.0530298091471,0.230559468269,0.508349299431,0.0507652573287,0.13180090487,0.52032160759,0.0464262701571,0.0350808799267,0.530475735664,0.0441876277328,-0.0630828440189,0.541444063187,0.0403358899057,-0.161788552999,0.552906632423,0.0360883101821,-0.259187579155,0.565086603165,0.0296950526536,-0.37940633297,0.5729855299,0.0328640565276,-0.364214271307
1776722587.36,0.479471772909,0.0358851999044,0.428445637226,0.485878258944,0.0449853315949,0.331315517426,0.4949606359,0.0445192083716,0.23158493638,0.504425883293,0.0416053123772,0.132635980844,0.51519203186,0.0375456362963,0.0355037599802,0.524965405464,0.0349088273942,-0.0622163712978,0.53395318985,0.0314063057303,-0.161667227745,0.543941617012,0.0280549693853,-0.259463101625,0.554807424545,0.02238724567,-0.379554241896,0.565405011177,0.0271161030978,-0.364214271307
1776722587.37,0.478650808334,0.0301076155156,0.429326504469,0.484582215548,0.0408990122378,0.331740260124,0.493421584368,0.0399536788464,0.232130855322,0.503005981445,0.037399854511,0.133100911975,0.512692689896,0.0331242531538,0.0354410260916,0.52145087719,0.0306127853692,-0.0617565661669,0.530465960503,0.0271604657173,-0.161018252373,0.54009437561,0.0238271355629,-0.258617132902,0.550136566162,0.0190310012549,-0.380046278238,0.557599782944,0.0214583985507,-0.364214271307
1776722587.39,0.477902561426,0.0237829927355,0.430401772261,0.482843965292,0.0322303697467,0.332978665829,0.490601032972,0.0310924500227,0.233277887106,0.498635143042,0.0281325168908,0.134287655354,0.507103681564,0.0239544808865,0.0366988480091,0.51472234726,0.0217603445053,-0.061000302434,0.521885156631,0.018591620028,-0.160318046808,0.530296444893,0.0158958714455,-0.258345007896,0.539208292961,0.0108984746039,-0.378658622503,0.549595117569,0.0158852152526,-0.364214271307
1776722587.4,0.477347642183,0.0178292077035,0.431555956602,0.481793314219,0.0279265809804,0.33349442482,0.488576024771,0.0267021227628,0.23363339901,0.496408849955,0.0236414894462,0.135084986687,0.504284501076,0.0197657905519,0.0370162129402,0.511056542397,0.0173133630306,-0.0607818961143,0.517634868622,0.0143361892551,-0.160288333893,0.5254945755,0.0122395083308,-0.257852643728,0.533519864082,0.00801841076463,-0.379141628742,0.541415929794,0.0103897303343,-0.364214271307
1776722587.42,0.47687458992,0.0111967101693,0.432909876108,0.479961901903,0.0192339830101,0.334733635187,0.485457807779,0.0171408876777,0.2354259938,0.491773158312,0.0143741555512,0.135890781879,0.497930079699,0.010567185469,0.0382980555296,0.503488659859,0.00900838524103,-0.0596695244312,0.509018063545,0.00677674915642,-0.159289300442,0.516308188438,0.00419497489929,-0.256735771894,0.521999120712,0.000499030109495,-0.378354281187,0.533085942268,0.00496417284012,-0.364214271307
1776722587.43,0.476527571678,0.00489467289299,0.434225946665,0.479048401117,0.0143133401871,0.335361361504,0.483942657709,0.0130019458011,0.235545903444,0.489419847727,0.0101782176644,0.136797532439,0.49491199851,0.00635315477848,0.0389965698123,0.499717742205,0.0048425574787,-0.0590682178736,0.504631400108,0.00237101083621,-0.159052044153,0.510892868042,0.000431238440797,-0.25620675087,0.516672492027,-0.00272146170028,-0.378630906343,0.524628400803,-0.000400047632866,-0.364214271307
1776722587.45,0.476303964853,-6.59808065393e-05,0.435305804014,0.478140085936,0.0103217735887,0.336306869984,0.48241302371,0.00836497731507,0.236783608794,0.486932486296,0.00536400452256,0.137421280146,0.491699486971,0.00226265517995,0.0397923216224,0.495771795511,0.000761280069128,-0.058634236455,0.500195980072,-0.00133376172744,-0.157862722874,0.506113648415,-0.00340713048354,-0.255961239338,0.510468006134,-0.00639223726466,-0.378140300512,0.516065835953,-0.00571221020073,-0.364214271307
1776722587.46,0.476035028696,-0.00751921115443,0.436759650707,0.476771444082,0.00165450852364,0.3379124403,0.479160696268,-1.31026608869e-05,0.238469496369,0.481884509325,-0.00289351725951,0.139351308346,0.485504001379,-0.00638641230762,0.0409640371799,0.48795953393,-0.00741207879037,-0.0568466037512,0.491070657969,-0.00934419501573,-0.156840771437,0.49560919404,-0.0105617735535,-0.254930853844,0.499639600515,-0.013006394729,-0.376431852579,0.507420182228,-0.0109821585938,-0.364214271307
1776722587.48,0.475830197334,-0.0135456388816,0.43787625432,0.475383907557,-0.00685138441622,0.339912354946,0.476124495268,-0.00849562697113,0.240151181817,0.476904839277,-0.0111983278766,0.140374898911,0.478725403547,-0.0144276041538,0.0426532998681,0.480373710394,-0.0157370213419,-0.0556403845549,0.481872051954,-0.0172727257013,-0.155806005001,0.485240191221,-0.0177294481546,-0.253211021423,0.488162428141,-0.0211211871356,-0.374189585447,0.498712927103,-0.0162201821804,-0.364214271307
1776722587.49,0.475664705038,-0.0195431299508,0.43883010745,0.475158184767,-0.0106474747881,0.340433001518,0.474550157785,-0.0125107485801,0.240460336208,0.474778741598,-0.0154836894944,0.141146942973,0.475925713778,-0.0182319432497,0.0432833880186,0.476566821337,-0.0195226166397,-0.0545925945044,0.477721959352,-0.0210509356111,-0.154808789492,0.480270892382,-0.0218217875808,-0.252468198538,0.482379406691,-0.0236143432558,-0.373961687088,0.489964991808,-0.0214368924499,-0.364214271307
1776722587.51,0.475532382727,-0.0254392959177,0.439644664526,0.473481625319,-0.018471326679,0.341944038868,0.472136944532,-0.0203270707279,0.242172718048,0.470567971468,-0.0231265481561,0.142415270209,0.470215648413,-0.0261411201209,0.0449181944132,0.468882232904,-0.0270742475986,-0.0534069985151,0.468318909407,-0.0282537471503,-0.153274208307,0.469801157713,-0.0289317965508,-0.251239091158,0.469939023256,-0.0311910379678,-0.372665554285,0.481197267771,-0.0266431253403,-0.364214271307
1776722587.52,0.475388914347,-0.0313555337489,0.44029378891,0.473297387362,-0.0221354160458,0.342412292957,0.470570892096,-0.0240727420896,0.242436796427,0.468406826258,-0.0266165714711,0.143007025123,0.467542558908,-0.0300052072853,0.0453648269176,0.465735644102,-0.0310866888613,-0.0527885109186,0.464198440313,-0.0317798405886,-0.152838677168,0.465084522963,-0.0323736518621,-0.250708252192,0.463202863932,-0.0336967520416,-0.373239785433,0.472430378199,-0.0318498164415,-0.364214271307
1776722587.54,0.475211113691,-0.0370821841061,0.440730005503,0.473297387362,-0.0221354160458,0.342412292957,0.470570892096,-0.0240727420896,0.242436796427,0.468406826258,-0.0266165714711,0.143007025123,0.467542558908,-0.0300052072853,0.0453648269176,0.465735644102,-0.0310866888613,-0.0527885109186,0.464198440313,-0.0317798405886,-0.152838677168,0.465084522963,-0.0323736518621,-0.250708252192,0.463202863932,-0.0336967520416,-0.373239785433,0.463685065508,-0.0370678901672,-0.364214271307
1776722587.55,0.47492364049,-0.0436221025884,0.441078305244,0.473297387362,-0.0221354160458,0.342412292957,0.470570892096,-0.0240727420896,0.242436796427,0.468406826258,-0.0266165714711,0.143007025123,0.467542558908,-0.0300052072853,0.0453648269176,0.465735644102,-0.0310866888613,-0.0527885109186,0.464198440313,-0.0317798405886,-0.152838677168,0.465084522963,-0.0323736518621,-0.250708252192,0.463202863932,-0.0336967520416,-0.373239785433,0.454982072115,-0.0423081740737,-0.364214271307
1776722587.57,0.474576324224,-0.0499609708786,0.441188514233,0.473297387362,-0.0221354160458,0.342412292957,0.470570892096,-0.0240727420896,0.242436796427,0.468406826258,-0.0266165714711,0.143007025123,0.467542558908,-0.0300052072853,0.0453648269176,0.465735644102,-0.0310866888613,-0.0527885109186,0.464198440313,-0.0317798405886,-0.152838677168,0.465084522963,-0.0323736518621,-0.250708252192,0.463202863932,-0.0336967520416,-0.373239785433,0.446342498064,-0.0475812517107,-0.364214271307
1776722587.58,0.474203139544,-0.0562709197402,0.441138207912,0.473297387362,-0.0221354160458,0.342412292957,0.470570892096,-0.0240727420896,0.242436796427,0.468406826258,-0.0266165714711,0.143007025123,0.467542558908,-0.0300052072853,0.0453648269176,0.465735644102,-0.0310866888613,-0.0527885109186,0.464198440313,-0.0317798405886,-0.152838677168,0.465084522963,-0.0323736518621,-0.250708252192,0.463202863932,-0.0336967520416,-0.373239785433,0.437787860632,-0.0528973825276,-0.364214271307
1776722587.6,0.473764359951,-0.0631837621331,0.440949350595,0.473297387362,-0.0221354160458,0.342412292957,0.470570892096,-0.0240727420896,0.242436796427,0.468406826258,-0.0266165714711,0.143007025123,0.467542558908,-0.0300052072853,0.0453648269176,0.465735644102,-0.0310866888613,-0.0527885109186,0.464198440313,-0.0317798405886,-0.152838677168,0.465084522963,-0.0323736518621,-0.250708252192,0.463202863932,-0.0336967520416,-0.373239785433,0.429340094328,-0.0582663677633,-0.364214271307
1776722587.61,0.473408788443,-0.0699582025409,0.440659075975,0.473297387362,-0.0221354160458,0.342412292957,0.470570892096,-0.0240727420896,0.242436796427,0.468406826258,-0.0266165714711,0.143007025123,0.467542558908,-0.0300052072853,0.0453648269176,0.465735644102,-0.0310866888613,-0.0527885109186,0.464198440313,-0.0317798405886,-0.152838677168,0.465084522963,-0.0323736518621,-0.250708252192,0.463202863932,-0.0336967520416,-0.373239785433,0.421021789312,-0.0636974349618,-0.364214271307
1776722587.63,0.473173618317,-0.0763676762581,0.440306901932,0.473297387362,-0.0221354160458,0.342412292957,0.470570892096,-0.0240727420896,0.242436796427,0.468406826258,-0.0266165714711,0.143007025123,0.467542558908,-0.0300052072853,0.0453648269176,0.465735644102,-0.0310866888613,-0.0527885109186,0.464198440313,-0.0317798405886,-0.152838677168,0.465084522963,-0.0323736518621,-0.250708252192,0.463202863932,-0.0336967520416,-0.373239785433,0.412856191397,-0.0691991150379,-0.364214271307
1776722587.64,0.473081797361,-0.0830698758364,0.439884066582,0.473297387362,-0.0221354160458,0.342412292957,0.470570892096,-0.0240727420896,0.242436796427,0.468406826258,-0.0266165714711,0.143007025123,0.467542558908,-0.0300052072853,0.0453648269176,0.465735644102,-0.0310866888613,-0.0527885109186,0.464198440313,-0.0317798405886,-0.152838677168,0.465084522963,-0.0323736518621,-0.250708252192,0.463202863932,-0.0336967520416,-0.373239785433,0.404867261648,-0.0747790932655,-0.364214271307
1776722587.66,0.473180770874,-0.0903659835458,0.439395815134,0.465619951487,-0.0794082656503,0.343666017056,0.457351118326,-0.077471293509,0.243974804878,0.447946935892,-0.0765442401171,0.144944176078,0.43771776557,-0.0765600800514,0.0468106642365,0.426388770342,-0.0767471268773,-0.0503254979849,0.411336690187,-0.0756720453501,-0.151145964861,0.400683194399,-0.077291443944,-0.24720159173,0.38235732913,-0.079321525991,-0.369184523821,0.397079795599,-0.0804441124201,-0.364214271307
1776722587.67,0.473525464535,-0.0970314070582,0.438862532377,0.465352743864,-0.083830408752,0.343180298805,0.45632943511,-0.0813791155815,0.24350066483,0.446362823248,-0.0808356702328,0.14480419457,0.436024397612,-0.0809767320752,0.0468060597777,0.424163073301,-0.0801769271493,-0.0498666763306,0.410187631845,-0.0804121941328,-0.149060279131,0.396671384573,-0.0810989961028,-0.24643817544,0.37766841054,-0.0828535631299,-0.368469208479,0.389519184828,-0.0861998125911,-0.364214271307
1776722587.69,0.474188953638,-0.103151038289,0.438325226307,0.464634329081,-0.0925965458155,0.342546224594,0.454425185919,-0.089827157557,0.243224903941,0.443526595831,-0.0885654166341,0.144585758448,0.432384043932,-0.0876829177141,0.0471590906382,0.41898176074,-0.0875094234943,-0.0504059493542,0.401468068361,-0.0858843326569,-0.15116623044,0.389042466879,-0.0874903798103,-0.246167123318,0.368843466043,-0.0894255414605,-0.367928028107,0.382211595774,-0.0920505747199,-0.364214271307
1776722587.7,0.474997520447,-0.108762659132,0.437753200531,0.46420070529,-0.0971532464027,0.342300891876,0.453613907099,-0.0946055799723,0.243017375469,0.442163914442,-0.0928256362677,0.14430642128,0.430052787066,-0.0928824990988,0.0469268932939,0.416232079268,-0.0912336632609,-0.0502896606922,0.40089020133,-0.0907102078199,-0.148795813322,0.384860128164,-0.0904071778059,-0.246814131737,0.364043921232,-0.0917530283332,-0.368422657251,0.375183850527,-0.0979994311929,-0.364214271307
1776722587.72,0.47650629282,-0.115812450647,0.436990737915,0.464287847281,-0.105138450861,0.34185141325,0.452069967985,-0.103325903416,0.242507219315,0.439371615648,-0.101527959108,0.144320055842,0.425548344851,-0.101258173585,0.0465671271086,0.412078589201,-0.10045080632,-0.0505962520838,0.394406110048,-0.0985424369574,-0.148394078016,0.376339524984,-0.0965178757906,-0.247715353966,0.356413036585,-0.0979546308517,-0.367572426796,0.36846318841,-0.104047879577,-0.364214271307
1776722587.73,0.477461010218,-0.11937250942,0.43655821681,0.464369982481,-0.109421133995,0.341588497162,0.45149448514,-0.107792146504,0.24257363379,0.43727478385,-0.10638846457,0.143357634544,0.423538416624,-0.105352833867,0.0461405217648,0.408212393522,-0.103069268167,-0.0490653961897,0.392270237207,-0.101992249489,-0.148272037506,0.37419757247,-0.101042233407,-0.246025532484,0.351531773806,-0.100911386311,-0.367499798536,0.362077206373,-0.110195793211,-0.364214271307
1776722587.75,0.479304224253,-0.125384375453,0.435562044382,0.464722841978,-0.117241546512,0.340684652328,0.450569063425,-0.11526992172,0.242405116558,0.434737116098,-0.114181876183,0.142829552293,0.419056385756,-0.114488653839,0.0460198372602,0.403438180685,-0.111629553139,-0.0488146394491,0.385425835848,-0.109919860959,-0.147758305073,0.367342025042,-0.107949413359,-0.246273219585,0.343929201365,-0.106556691229,-0.367760300636,0.356053560972,-0.11644127965,-0.364214271307
1776722587.76,0.480840653181,-0.129798963666,0.434657216072,0.465224415064,-0.120879180729,0.340233415365,0.449677914381,-0.119699820876,0.241991490126,0.433066934347,-0.119521535933,0.142482861876,0.417107373476,-0.119091190398,0.04615034163,0.401585012674,-0.116087667644,-0.0490677952766,0.383279412985,-0.11397292465,-0.147477537394,0.36256608367,-0.109927363694,-0.246829032898,0.34202799201,-0.109552748501,-0.366848915815,0.350419789553,-0.1227805987,-0.364214271307
1776722587.78,0.482604146004,-0.134250074625,0.4335693717,0.466358453035,-0.12795996666,0.339249491692,0.449553281069,-0.127184331417,0.241390898824,0.431032270193,-0.127963602543,0.142226114869,0.413622945547,-0.127850010991,0.0460024997592,0.396430104971,-0.124899953604,-0.049417629838,0.377541273832,-0.122338652611,-0.147497117519,0.357853502035,-0.118252389133,-0.246241360903,0.336745411158,-0.116592377424,-0.365479886532,0.345202893019,-0.12920807302,-0.364214271307
1776722587.79,0.484416604042,-0.138452157378,0.432399719954,0.46671846509,-0.131958246231,0.338671773672,0.449081212282,-0.131575673819,0.24019280076,0.430336147547,-0.130991891026,0.142048478127,0.412892729044,-0.131128594279,0.0462392941117,0.39495792985,-0.129349440336,-0.0492553561926,0.375447899103,-0.126542329788,-0.148103117943,0.356199115515,-0.12211265415,-0.244873285294,0.331894248724,-0.118138745427,-0.366909503937,0.340429037809,-0.135716065764,-0.364214271307
1776722587.81,0.486169844866,-0.142338767648,0.431141972542,0.467704027891,-0.134982928634,0.338089078665,0.449035972357,-0.134977683425,0.239776074886,0.429817706347,-0.134939149022,0.141710817814,0.410860210657,-0.135998785496,0.0451591014862,0.393413156271,-0.133650451899,-0.0490272343159,0.373711258173,-0.130542442203,-0.1468513906,0.352620691061,-0.125007480383,-0.246879816055,0.329792827368,-0.120465479791,-0.36735522747,0.336123257875,-0.142294883728,-0.364214271307
1776722587.82,0.487784683704,-0.14635746181,0.429537534714,0.469151645899,-0.141132563353,0.336537152529,0.449709743261,-0.141683682799,0.239002972841,0.428799182177,-0.142297491431,0.140525653958,0.409004837275,-0.144419550896,0.0442576855421,0.390926331282,-0.140917986631,-0.0492040216923,0.368567556143,-0.137577727437,-0.148890167475,0.349543720484,-0.132840111852,-0.245590567589,0.325668662786,-0.127088263631,-0.367466300726,0.332308918238,-0.148932918906,-0.364214271307
1776722587.84,0.488973706961,-0.149778902531,0.428149610758,0.469151645899,-0.141132563353,0.336537152529,0.449709743261,-0.141683682799,0.239002972841,0.428799182177,-0.142297491431,0.140525653958,0.409004837275,-0.144419550896,0.0442576855421,0.390926331282,-0.140917986631,-0.0492040216923,0.368567556143,-0.137577727437,-0.148890167475,0.349543720484,-0.132840111852,-0.245590567589,0.325668662786,-0.127088263631,-0.367466300726,0.329007297754,-0.15561658144,-0.364214271307
1776722587.86,0.490073472261,-0.1539144665,0.426553189754,0.472110420465,-0.152381107211,0.332622826099,0.451704233885,-0.15420088172,0.234846562147,0.429640561342,-0.155176863074,0.137534976006,0.408938914537,-0.157041653991,0.0422270968556,0.389171868563,-0.15345428884,-0.0522229522467,0.367318063974,-0.151001110673,-0.149625182152,0.344480961561,-0.146030560136,-0.247803241014,0.317666143179,-0.140679702163,-0.368997037411,0.326237291098,-0.162330493331,-0.364214271307
1776722587.87,0.490566492081,-0.157099291682,0.425260871649,0.472662657499,-0.15448898077,0.332015752792,0.452815383673,-0.156457006931,0.234193235636,0.430823415518,-0.158349052072,0.136641100049,0.409444600344,-0.161024972796,0.0407804772258,0.389294713736,-0.156151130795,-0.0529344081879,0.367018610239,-0.153440147638,-0.150517374277,0.343954354525,-0.149073526263,-0.248742699623,0.317998200655,-0.145864546299,-0.367791205645,0.324014872313,-0.169057577848,-0.364214271307
1776722587.88,0.490808725357,-0.160463288426,0.423972904682,0.472662657499,-0.15448898077,0.332015752792,0.452815383673,-0.156457006931,0.234193235636,0.430823415518,-0.158349052072,0.136641100049,0.409444600344,-0.161024972796,0.0407804772258,0.389294713736,-0.156151130795,-0.0529344081879,0.367018610239,-0.153440147638,-0.150517374277,0.343954354525,-0.149073526263,-0.248742699623,0.317998200655,-0.145864546299,-0.367791205645,0.322352737188,-0.175779312849,-0.364214271307
1776722587.9,0.490630805492,-0.164277076721,0.422671616077,0.474001795053,-0.161751866341,0.328604578972,0.455037921667,-0.162785574794,0.231306165457,0.433776646852,-0.164365455508,0.132696315646,0.412667304277,-0.166433602571,0.0371168926358,0.391730457544,-0.163757741451,-0.0562169551849,0.36840775609,-0.161572813988,-0.153635531664,0.343117266893,-0.158486261964,-0.251547068357,0.313554733992,-0.154889985919,-0.371680110693,0.321260005236,-0.182475909591,-0.364214271307
1776722587.91,0.490031719208,-0.167801886797,0.421565055847,0.474001795053,-0.161751866341,0.328604578972,0.455037921667,-0.162785574794,0.231306165457,0.433776646852,-0.164365455508,0.132696315646,0.412667304277,-0.166433602571,0.0371168926358,0.391730457544,-0.163757741451,-0.0562169551849,0.36840775609,-0.161572813988,-0.153635531664,0.343117266893,-0.158486261964,-0.251547068357,0.313554733992,-0.154889985919,-0.371680110693,0.320741862059,-0.189126640558,-0.364214271307
1776722587.93,0.489038646221,-0.17120192945,0.420716136694,0.474155575037,-0.167862042785,0.32535469532,0.456369191408,-0.168707549572,0.227578654885,0.436820656061,-0.169202566147,0.129247307777,0.416615635157,-0.171131744981,0.0335846766829,0.396100431681,-0.169640123844,-0.0597908496857,0.371450990438,-0.168941184878,-0.15688881278,0.345213443041,-0.167334794998,-0.253901213408,0.312658071518,-0.166702374816,-0.373705595732,0.32079949975,-0.195710107684,-0.364214271307
1776722587.94,0.487697482109,-0.174499258399,0.420077949762,0.473984748125,-0.169905498624,0.324678868055,0.456880062819,-0.169946581125,0.226826012135,0.437722951174,-0.171270847321,0.128737360239,0.417669504881,-0.173534318805,0.0321719273925,0.397861450911,-0.171412810683,-0.0599044412374,0.373812705278,-0.172289967537,-0.155989527702,0.345951110125,-0.170410081744,-0.255094379187,0.31293874979,-0.171231970191,-0.374335318804,0.321429729462,-0.202204614878,-0.364214271307
1776722587.96,0.486028313637,-0.177737176418,0.419606864452,0.473153442144,-0.171712309122,0.324155449867,0.456710666418,-0.172257691622,0.225943595171,0.43842753768,-0.172620773315,0.127661883831,0.419444233179,-0.174029052258,0.0316829308867,0.39870646596,-0.172608837485,-0.0601601451635,0.374399572611,-0.172861397266,-0.159113496542,0.347118228674,-0.174233496189,-0.256138592958,0.313491821289,-0.174879133701,-0.375384956598,0.322625249624,-0.208588510752,-0.364214271307
1776722587.97,0.484224110842,-0.180609062314,0.419423848391,0.471895486116,-0.175573170185,0.32335048914,0.456608682871,-0.175129160285,0.225033968687,0.439469367266,-0.176021829247,0.125828295946,0.421541243792,-0.17692001164,0.0298054069281,0.401846915483,-0.176060810685,-0.0634645223618,0.377494722605,-0.17808765173,-0.156751036644,0.350088745356,-0.179083630443,-0.257770657539,0.315454930067,-0.18210734427,-0.377523869276,0.324374556541,-0.214840516448,-0.364214271307
1776722587.99,0.481685370207,-0.183827862144,0.419377535582,0.470195382833,-0.179449483752,0.322807133198,0.456191450357,-0.178223922849,0.224186450243,0.439737766981,-0.179648399353,0.124944642186,0.422411650419,-0.180466532707,0.0283932909369,0.404371410608,-0.179586827755,-0.0651370286942,0.380287498236,-0.181277707219,-0.16233253479,0.353220492601,-0.184204980731,-0.259333610535,0.319058418274,-0.189305126667,-0.378718882799,0.326662093401,-0.220940098166,-0.364214271307
1776722588,0.479444235563,-0.186160489917,0.419491410255,0.470195382833,-0.179449483752,0.322807133198,0.456191450357,-0.178223922849,0.224186450243,0.439737766981,-0.179648399353,0.124944642186,0.422411650419,-0.180466532707,0.0283932909369,0.404371410608,-0.179586827755,-0.0651370286942,0.380287498236,-0.181277707219,-0.16233253479,0.353220492601,-0.184204980731,-0.259333610535,0.319058418274,-0.189305126667,-0.378718882799,0.329468637705,-0.226867794991,-0.364214271307
1776722588.02,0.476403415203,-0.188706666231,0.419864922762,0.466563016176,-0.185015290976,0.322359710932,0.453659325838,-0.183642089367,0.224039584398,0.438317447901,-0.184591919184,0.124351784587,0.42315068841,-0.186613306403,0.0281855687499,0.406308323145,-0.185406565666,-0.0662186145782,0.384282976389,-0.189798951149,-0.162298828363,0.358325511217,-0.194061309099,-0.261340558529,0.32616019249,-0.200400218368,-0.380960255861,0.332771509886,-0.232605487108,-0.364214271307
1776722588.03,0.473342210054,-0.190806925297,0.420347332954,0.464871972799,-0.186852812767,0.322924375534,0.451895624399,-0.185692831874,0.223322659731,0.437916666269,-0.186383515596,0.124274283648,0.422792464495,-0.188641965389,0.0279276818037,0.406363755465,-0.187630191445,-0.0663601905107,0.385722666979,-0.19290573895,-0.161323398352,0.360605329275,-0.196565464139,-0.261714816093,0.330370813608,-0.204688236117,-0.380989193916,0.336545199156,-0.238136664033,-0.364214271307
1776722588.05,0.469984591007,-0.192736953497,0.420939832926,0.463050216436,-0.188299939036,0.323120713234,0.450574547052,-0.187838673592,0.224060714245,0.437641948462,-0.187527567148,0.125044763088,0.422389954329,-0.190955206752,0.0278036594391,0.401712685823,-0.190534904599,-0.0713547468185,0.38149061799,-0.194570124149,-0.168343216181,0.362966686487,-0.200187146664,-0.262078076601,0.3338303864,-0.207414880395,-0.381904840469,0.340761631727,-0.243446618319,-0.364214271307
1776722588.06,0.466697692871,-0.194250017405,0.421650350094,0.459166795015,-0.19130910933,0.323387861252,0.447218805552,-0.191281661391,0.224251255393,0.434359937906,-0.192198261619,0.125262051821,0.420579940081,-0.196506097913,0.0282682403922,0.401860624552,-0.196579813957,-0.0710760354996,0.383617132902,-0.201868474483,-0.167960524559,0.366954177618,-0.207175284624,-0.263197928667,0.340133577585,-0.213121339679,-0.384847730398,0.345390945673,-0.248522639275,-0.364214271307
1776722588.08,0.462763130665,-0.195705860853,0.422613501549,0.45464476943,-0.193631485105,0.3243663311,0.443029016256,-0.194770768285,0.225168704987,0.430745869875,-0.198249518871,0.125896736979,0.418707698584,-0.201381504536,0.0291513130069,0.405290156603,-0.203638255596,-0.0665044635534,0.389656215906,-0.208044067025,-0.164872795343,0.37161770463,-0.212883248925,-0.264133393764,0.350642353296,-0.220143601298,-0.384835481644,0.35040178895,-0.253354012966,-0.364214271307
1776722588.09,0.458982855082,-0.196881905198,0.423683464527,0.45464476943,-0.193631485105,0.3243663311,0.443029016256,-0.194770768285,0.225168704987,0.430745869875,-0.198249518871,0.125896736979,0.418707698584,-0.201381504536,0.0291513130069,0.405290156603,-0.203638255596,-0.0665044635534,0.389656215906,-0.208044067025,-0.164872795343,0.37161770463,-0.212883248925,-0.264133393764,0.350642353296,-0.220143601298,-0.384835481644,0.355762213469,-0.257932186127,-0.364214271307
1776722588.11,0.455043494701,-0.198026150465,0.424958407879,0.447089105844,-0.197327062488,0.32610887289,0.435691863298,-0.200481772423,0.226880460978,0.424806147814,-0.206043437123,0.127879142761,0.414867669344,-0.211569190025,0.0308489352465,0.405367165804,-0.213462337852,-0.0646272450686,0.390221863985,-0.218107998371,-0.167237907648,0.379621654749,-0.222223445773,-0.26399487257,0.365398317575,-0.228599488735,-0.385033756495,0.361439853907,-0.262250602245,-0.364214271307
1776722588.12,0.450970500708,-0.199140742421,0.426308244467,0.444636255503,-0.198453918099,0.327117919922,0.433233231306,-0.202531844378,0.227206796408,0.422636061907,-0.207983449101,0.128291711211,0.413421958685,-0.214174583554,0.0311915427446,0.404355853796,-0.217377454042,-0.0652483850718,0.390460580587,-0.221458852291,-0.167111128569,0.383040934801,-0.226135119796,-0.263579487801,0.370461851358,-0.231365397573,-0.384839177132,0.367402821779,-0.266304731369,-0.364214271307
1776722588.14,0.446764945984,-0.200399592519,0.427782684565,0.439795643091,-0.200339719653,0.328803807497,0.429106920958,-0.205820769072,0.229416936636,0.419335752726,-0.212570562959,0.130254283547,0.411571890116,-0.219407021999,0.0329871848226,0.40161767602,-0.222927212715,-0.0668487101793,0.396086007357,-0.229018390179,-0.164377838373,0.389840573072,-0.231664195657,-0.262148350477,0.381345897913,-0.236070439219,-0.384408116341,0.373619824648,-0.270091921091,-0.364214271307
1776722588.15,0.443294376135,-0.201415285468,0.429002463818,0.437199980021,-0.201325014234,0.329683870077,0.427132099867,-0.207579895854,0.230582073331,0.418549209833,-0.214377999306,0.131415590644,0.411149710417,-0.22202038765,0.0340173691511,0.402050346136,-0.225282713771,-0.0657595545053,0.39697894454,-0.230653122067,-0.16413345933,0.393492549658,-0.234557449818,-0.261731386185,0.386602252722,-0.238856896758,-0.38390854001,0.380060940981,-0.273611158133,-0.364214271307
1776722588.17,0.438493132591,-0.203036531806,0.43058770895,0.435009866953,-0.202849134803,0.330700039864,0.425489515066,-0.209034889936,0.231186658144,0.41702285409,-0.216531947255,0.131961911917,0.412003546953,-0.224381297827,0.0364250987768,0.404060333967,-0.228920206428,-0.0636356323957,0.398558229208,-0.233229279518,-0.163487195969,0.397052019835,-0.236884951591,-0.261058568954,0.392013400793,-0.241168037057,-0.383125662804,0.386697679758,-0.276863008738,-0.364214271307
1776722588.19,0.433029949665,-0.205100953579,0.432497948408,0.430498331785,-0.204881861806,0.332956135273,0.422385066748,-0.211606249213,0.233426779509,0.415333777666,-0.219319030643,0.133992224932,0.412690192461,-0.228301867843,0.0390095040202,0.406877368689,-0.233231008053,-0.0604242831469,0.402269393206,-0.23749011755,-0.162731558084,0.4040338099,-0.241720765829,-0.259451389313,0.403801232576,-0.246488675475,-0.380799770355,0.393503516912,-0.279849380255,-0.364214271307
1776722588.2,0.428783714771,-0.20685531199,0.433952063322,0.42607614398,-0.206910863519,0.335102945566,0.419826418161,-0.214077576995,0.235495001078,0.415338605642,-0.222014859319,0.136530384421,0.412291258574,-0.230552002788,0.0382703319192,0.408944994211,-0.235621035099,-0.0609313249588,0.408130675554,-0.241689279675,-0.15938231349,0.411918371916,-0.246075704694,-0.257623016834,0.4140881598,-0.251865684986,-0.378914922476,0.400453776121,-0.282573103905,-0.364214271307
1776722588.21,0.425420820713,-0.208325222135,0.435081213713,0.423714309931,-0.208348557353,0.33578646183,0.418717950583,-0.214932844043,0.236692264676,0.415380984545,-0.22269128263,0.137118116021,0.413524240255,-0.231628090143,0.0393640398979,0.412903994322,-0.237338289618,-0.0577994734049,0.412561804056,-0.243303015828,-0.158763587475,0.416192799807,-0.248032286763,-0.256338894367,0.419874101877,-0.254799455404,-0.376829683781,0.407526165247,-0.285037994385,-0.364214271307
1776722588.23,0.419634819031,-0.210926756263,0.436777591705,0.419298142195,-0.210213392973,0.338089585304,0.417192608118,-0.217036902905,0.239321768284,0.41511246562,-0.22454226017,0.138402104378,0.417268902063,-0.233114689589,0.0425049215555,0.416781157255,-0.238811418414,-0.0572839230299,0.419337123632,-0.245681136847,-0.156241804361,0.425224989653,-0.250937998295,-0.253776401281,0.429867953062,-0.259645700455,-0.374959051609,0.41470053792,-0.287248373032,-0.364214271307
1776722588.24,0.415249913931,-0.212928652763,0.438127845526,0.41746249795,-0.211361005902,0.338890880346,0.415834635496,-0.217831507325,0.239091277122,0.415679126978,-0.225173056126,0.139903575182,0.417958348989,-0.233449354768,0.0422305762768,0.42065808177,-0.239813148975,-0.0552259087563,0.422133237123,-0.246217906475,-0.155917972326,0.429255515337,-0.252402424812,-0.25300526619,0.435162633657,-0.262083470821,-0.373701423407,0.421959072351,-0.289208948612,-0.364214271307
1776722588.26,0.411036759615,-0.214824721217,0.439301788807,0.413449317217,-0.214049056172,0.340779423714,0.414298862219,-0.219394862652,0.240892842412,0.418059915304,-0.226300373673,0.142909258604,0.42154493928,-0.234075933695,0.0443979874253,0.42515078187,-0.239835485816,-0.054626211524,0.432128459215,-0.248914822936,-0.150879412889,0.438441544771,-0.255613237619,-0.25059607625,0.445219427347,-0.266661137342,-0.370720922947,0.429286032915,-0.290924549103,-0.364214271307
1776722588.27,0.407045513391,-0.216653749347,0.440361350775,0.411949545145,-0.214804545045,0.341507792473,0.413774341345,-0.220261275768,0.241670921445,0.417737931013,-0.226350873709,0.142507582903,0.423685222864,-0.234595134854,0.0453578010201,0.429457217455,-0.241470232606,-0.0522891432047,0.434154063463,-0.248637393117,-0.152495980263,0.442483216524,-0.256696999073,-0.249428391457,0.449908822775,-0.268665075302,-0.369318604469,0.436667829752,-0.292399972677,-0.364214271307
1776722588.29,0.403350710869,-0.218472853303,0.441434979439,0.408436268568,-0.216981202364,0.343165278435,0.413435071707,-0.221447899938,0.24360114336,0.419716030359,-0.227896615863,0.144579648972,0.428488403559,-0.235491111875,0.0480704903603,0.435792714357,-0.242230325937,-0.0495153963566,0.44178584218,-0.250665485859,-0.149959951639,0.45070412755,-0.259019464254,-0.247041791677,0.4595528543,-0.272813558578,-0.366507261992,0.444092780352,-0.293639749289,-0.364214271307
1776722588.3,0.399608910084,-0.220455542207,0.442501187325,0.407212644815,-0.217680767179,0.344071686268,0.413184612989,-0.222162008286,0.244702145457,0.421708732843,-0.228514924645,0.146532610059,0.4296669662,-0.235928103328,0.0481554120779,0.43796429038,-0.242652133107,-0.0487802922726,0.44575765729,-0.251270264387,-0.14829236269,0.454938203096,-0.260572105646,-0.245614975691,0.464079290628,-0.274437010288,-0.365472316742,0.451550990343,-0.294647961855,-0.364214271307
1776722588.32,0.39708095789,-0.221917420626,0.443233579397,0.404568940401,-0.220150902867,0.345738708973,0.412977010012,-0.223869979382,0.246211230755,0.422234326601,-0.229635745287,0.146875917912,0.433881253004,-0.237152948976,0.0516205988824,0.442012101412,-0.243603602052,-0.0473136901855,0.453053325415,-0.25374647975,-0.144246071577,0.462564438581,-0.262733608484,-0.243386805058,0.473056226969,-0.277564615011,-0.362067908049,0.459033936262,-0.29542824626,-0.364214271307
1776722588.33,0.394482702017,-0.223669141531,0.44403642416,0.403503745794,-0.220873609185,0.346426188946,0.412792831659,-0.224749520421,0.246765375137,0.423979848623,-0.230496615171,0.149240493774,0.434707134962,-0.237719342113,0.051456168294,0.445352643728,-0.245250463486,-0.045503243804,0.45608201623,-0.254947066307,-0.142830997705,0.465720683336,-0.263858169317,-0.242097735405,0.477388173342,-0.278614372015,-0.361937940121,0.466534286737,-0.295983433723,-0.364214271307
1776722588.35,0.392296016216,-0.225488007069,0.444668740034,0.401898056269,-0.223195314407,0.348097026348,0.412126868963,-0.226752057672,0.248454257846,0.425359457731,-0.232590600848,0.150722771883,0.437450557947,-0.240173429251,0.0532286129892,0.449402242899,-0.247275710106,-0.0433551967144,0.461347192526,-0.257178902626,-0.14115524292,0.472959786654,-0.266185849905,-0.239303559065,0.486150890589,-0.281236350536,-0.358468919992,0.474045783281,-0.296315670013,-0.364214271307
1776722588.54,0.390459269285,-0.227543383837,0.445315092802,0.40091380477,-0.224189758301,0.348181068897,0.411790758371,-0.22824896872,0.249119132757,0.425480276346,-0.234046816826,0.151491180062,0.438976258039,-0.241237089038,0.0553009919822,0.450327724218,-0.248107224703,-0.0427153855562,0.462831705809,-0.257843643427,-0.14166533947,0.476204544306,-0.267195641994,-0.238837361336,0.490946382284,-0.282474189997,-0.356637626886,0.481562703848,-0.296426266432,-0.364214271307
