time,rope_p0_x,rope_p0_y,rope_p0_z,rope_p1_x,rope_p1_y,rope_p1_z,rope_p2_x,rope_p2_y,rope_p2_z,rope_p3_x,rope_p3_y,rope_p3_z,rope_p4_x,rope_p4_y,rope_p4_z,rope_p5_x,rope_p5_y,rope_p5_z,rope_p6_x,rope_p6_y,rope_p6_z,rope_p7_x,rope_p7_y,rope_p7_z,rope_p8_x,rope_p8_y,rope_p8_z,goal_traj_x,goal_traj_y,goal_traj_z
1778097162.41,0.479848831892,-0.299206852913,0.44815915823,0.481597155333,-0.300119310617,0.350704669952,0.483244746923,-0.301023125648,0.252053260803,0.484493285418,-0.301164627075,0.152564689517,0.485775321722,-0.301295548677,0.0545140728354,0.486016124487,-0.298666208982,-0.0476863086224,0.487157553434,-0.300116062164,-0.146336078644,0.488936573267,-0.301042467356,-0.240695655346,0.487945050001,-0.301670223475,-0.362518548965,0.491479843855,-0.3013882339,-0.362434744835
1778097162.42,0.479846388102,-0.299208462238,0.448157429695,0.481597155333,-0.300119310617,0.350704669952,0.483244746923,-0.301023125648,0.252053260803,0.484493285418,-0.301164627075,0.152564689517,0.485775321722,-0.301295548677,0.0545140728354,0.486016124487,-0.298666208982,-0.0476863086224,0.487157553434,-0.300116062164,-0.146336078644,0.488936573267,-0.301042467356,-0.240695655346,0.487945050001,-0.301670223475,-0.362518548965,0.495056062937,-0.301095366478,-0.362434744835
1778097162.44,0.479844719172,-0.299201190472,0.448140263557,0.481540292501,-0.300121247768,0.35063791275,0.48328140378,-0.301044911146,0.252142965794,0.484456568956,-0.301186352968,0.152564555407,0.485897809267,-0.301352471113,0.054568529129,0.486016124487,-0.298666208982,-0.0476863086224,0.486946433783,-0.299859672785,-0.146785527468,0.488933116198,-0.301104545593,-0.240742444992,0.488077074289,-0.301571935415,-0.362478166819,0.498609215021,-0.300631284714,-0.362434744835
1778097162.44,0.479844331741,-0.299184679985,0.448126912117,0.481584757566,-0.300054699183,0.350656986237,0.483280330896,-0.301045835018,0.252145081758,0.484541863203,-0.301144689322,0.152587860823,0.485914260149,-0.301398098469,0.0545136928558,0.486056476831,-0.298748403788,-0.0476546287537,0.486946433783,-0.299859672785,-0.146785527468,0.489614158869,-0.301510423422,-0.241597682238,0.487992614508,-0.301506608725,-0.362474352121,0.502137064934,-0.299998670816,-0.362434744835
1778097162.46,0.479846388102,-0.299169033766,0.448107779026,0.481540292501,-0.300121247768,0.35063791275,0.483292669058,-0.301046311855,0.25213688612,0.484564036131,-0.301238358021,0.152536034584,0.485908180475,-0.30136051774,0.0545699968934,0.486016124487,-0.298666208982,-0.0476863086224,0.486946433783,-0.299859672785,-0.146785527468,0.489625364542,-0.301515668631,-0.241598546505,0.488046199083,-0.301475256681,-0.362350225449,0.505637526512,-0.299200356007,-0.362434744835
1778097162.47,0.479870229959,-0.299125134945,0.448096483946,0.481628090143,-0.300119459629,0.350677132607,0.483300179243,-0.30106690526,0.252080261707,0.484673649073,-0.301194310188,0.152354568243,0.485356003046,-0.301228970289,0.0553023889661,0.486050456762,-0.298803031445,-0.0476882010698,0.486530154943,-0.300286948681,-0.145939290524,0.489635914564,-0.301520138979,-0.241599798203,0.488091677427,-0.301425546408,-0.3623688519,0.509108543396,-0.298239260912,-0.362434744835
1778097162.47,0.479924350977,-0.299042701721,0.44808614254,0.481621354818,-0.300125747919,0.350578904152,0.483289211988,-0.301048487425,0.25214228034,0.484606653452,-0.301296174526,0.152472391725,0.485397428274,-0.301199764013,0.0553405731916,0.485844999552,-0.298652291298,-0.0478229373693,0.486530154943,-0.300286948681,-0.145939290524,0.489737659693,-0.301221758127,-0.241718918085,0.488039880991,-0.301486670971,-0.36249089241,0.512548089027,-0.297118484974,-0.362434744835
1778097162.49,0.480011373758,-0.298919856548,0.448091238737,0.481540292501,-0.300121247768,0.35063791275,0.483297616243,-0.301067143679,0.252082407475,0.484610468149,-0.301294714212,0.152468770742,0.485381871462,-0.301231354475,0.0552882179618,0.486056476831,-0.298748403788,-0.0476546287537,0.486530154943,-0.300286948681,-0.145939290524,0.489728957415,-0.30122205615,-0.241713941097,0.488173455,-0.301464885473,-0.362530529499,0.515954256058,-0.295841097832,-0.362434744835
1778097162.49,0.480150938034,-0.298745423555,0.448094964027,0.481540292501,-0.300121247768,0.35063791275,0.483268469572,-0.30109411478,0.252020210028,0.484616607428,-0.301307320595,0.15248221159,0.485951691866,-0.301540583372,0.0543574094772,0.486056476831,-0.298748403788,-0.0476546287537,0.486530154943,-0.300286948681,-0.145939290524,0.489722877741,-0.301219105721,-0.241713821888,0.488223284483,-0.301371753216,-0.362430840731,0.519325256348,-0.294410407543,-0.362434744835
1778097162.5,0.480352520943,-0.298510611057,0.44810539484,0.481589466333,-0.299977958202,0.350541889668,0.483254164457,-0.301042705774,0.251990199089,0.484632641077,-0.301391422749,0.152443751693,0.485942333937,-0.30155852437,0.0542790219188,0.486056476831,-0.298748403788,-0.0476546287537,0.486530154943,-0.300286948681,-0.145939290524,0.488944858313,-0.29889896512,-0.245008856058,0.488234132528,-0.301365405321,-0.362450659275,0.522659182549,-0.292829751968,-0.362434744835
1778097162.51,0.480631202459,-0.298180490732,0.448125839233,0.481787830591,-0.29986256361,0.350527107716,0.48329308629,-0.301070272923,0.252089679241,0.484600096941,-0.30129763484,0.152476847172,0.4859367311,-0.301515907049,0.0543615445495,0.48622277379,-0.298902481794,-0.0476223677397,0.486530154943,-0.300286948681,-0.145939290524,0.488945096731,-0.299167484045,-0.244708120823,0.4882607162,-0.301359951496,-0.362457633018,0.52595448494,-0.291102528572,-0.362434744835
1778097162.52,0.480956703424,-0.297801196575,0.448152154684,0.481867462397,-0.299768954515,0.350460886955,0.483299106359,-0.301051080227,0.252138972282,0.484606593847,-0.301381707191,0.152441084385,0.485947042704,-0.301622748375,0.0542255491018,0.486050456762,-0.298803031445,-0.0476882010698,0.486530154943,-0.300286948681,-0.145939290524,0.488735705614,-0.298997402191,-0.244898527861,0.488313704729,-0.301414549351,-0.362372994423,0.529209494591,-0.289232254028,-0.362434744835
1778097162.53,0.481409847736,-0.297286123037,0.448177903891,0.481990486383,-0.299569547176,0.350628137589,0.483310848475,-0.301054298878,0.252134978771,0.484607309103,-0.301301449537,0.152478799224,0.485935002565,-0.301569342613,0.0542961508036,0.486056476831,-0.298748403788,-0.0476546287537,0.487012535334,-0.300538629293,-0.145605862141,0.488846570253,-0.29897865653,-0.244724243879,0.488280147314,-0.301357477903,-0.362456381321,0.529209494591,-0.289232254028,-0.362434744835
1778097162.55,0.482059985399,-0.296571344137,0.448226362467,0.482129126787,-0.299710214138,0.351363182068,0.483375221491,-0.300769209862,0.251911759377,0.484600394964,-0.301297277212,0.152476191521,0.485239356756,-0.299556732178,0.0515422821045,0.486056476831,-0.298748403788,-0.0476546287537,0.487012535334,-0.300538629293,-0.145605862141,0.489176124334,-0.298875778913,-0.244857162237,0.488292902708,-0.301353484392,-0.362464845181,0.529655337334,-0.288963198662,-0.362434744835
1778097162.55,0.482779711485,-0.295810103416,0.448283076286,0.482129126787,-0.299710214138,0.351363182068,0.483375221491,-0.300769209862,0.251911759377,0.484600394964,-0.301297277212,0.152476191521,0.485239356756,-0.299556732178,0.0515422821045,0.486056476831,-0.298748403788,-0.0476546287537,0.487012535334,-0.300538629293,-0.145605862141,0.489176124334,-0.298875778913,-0.244857162237,0.488292902708,-0.301353484392,-0.362464845181,0.53010904789,-0.288686186075,-0.362434744835
1778097162.56,0.483637422323,-0.294916033745,0.448333591223,0.483199447393,-0.29913854599,0.351728737354,0.483893603086,-0.300500243902,0.252510935068,0.484698802233,-0.30111142993,0.152547448874,0.485916167498,-0.301338523626,0.0545311197639,0.485844999552,-0.298652291298,-0.0478229373693,0.486530154943,-0.300286948681,-0.145939290524,0.489180296659,-0.298866063356,-0.244810909033,0.488338798285,-0.301292002201,-0.362434744835,0.530570626259,-0.28840097785,-0.362434744835
1778097162.57,0.484527945518,-0.29398983717,0.448387533426,0.483199447393,-0.29913854599,0.351728737354,0.483893603086,-0.300500243902,0.252510935068,0.484698802233,-0.30111142993,0.152547448874,0.485916167498,-0.301338523626,0.0545311197639,0.485844999552,-0.298652291298,-0.0478229373693,0.486530154943,-0.300286948681,-0.145939290524,0.489180296659,-0.298866063356,-0.244810909033,0.488338798285,-0.301292002201,-0.362434744835,0.53104031086,-0.288107335567,-0.362434744835
1778097162.58,0.485546350479,-0.29294937849,0.448451787233,0.483674019575,-0.298800736666,0.351849555969,0.484226256609,-0.300140589476,0.252395361662,0.484904021025,-0.301093459129,0.152634456754,0.485936015844,-0.301278650761,0.0546607300639,0.485885351896,-0.299710571766,-0.0467481166124,0.487025290728,-0.300405025482,-0.146208822727,0.488939970732,-0.29885366559,-0.244741380215,0.488721102476,-0.29954174161,-0.364942133427,0.531518101692,-0.287804931402,-0.362434744835
1778097162.59,0.487078428268,-0.291394710541,0.448547124863,0.485352665186,-0.296906411648,0.351412385702,0.485515028238,-0.299247175455,0.252584636211,0.485549479723,-0.300080597401,0.152713358402,0.486132472754,-0.301302164793,0.0548678562045,0.486114531755,-0.298756748438,-0.0475016236305,0.486938387156,-0.300200432539,-0.146016776562,0.489465743303,-0.3007132411,-0.241430193186,0.488787144423,-0.299521386623,-0.364779770374,0.532004237175,-0.287493556738,-0.362434744835
1778097162.6,0.488511532545,-0.289936482906,0.448591858149,0.486572235823,-0.296818077564,0.352444678545,0.486117631197,-0.298580557108,0.252608835697,0.486085802317,-0.300059199333,0.153025597334,0.486155837774,-0.301318258047,0.0548639148474,0.485736340284,-0.299656242132,-0.0461364686489,0.486938387156,-0.300200432539,-0.146016776562,0.489462584257,-0.300809502602,-0.241463989019,0.488933950663,-0.299733489752,-0.364407986403,0.532498836517,-0.287172883749,-0.362434744835
1778097162.61,0.490112304688,-0.288306355476,0.44863319397,0.487725347281,-0.295942872763,0.352732151747,0.48672196269,-0.297811448574,0.25324138999,0.486786454916,-0.299608230591,0.153242096305,0.486525267363,-0.301578134298,0.055485136807,0.48590323329,-0.299574971199,-0.0460395663977,0.48699387908,-0.300245374441,-0.145600169897,0.489389747381,-0.30101749301,-0.241206109524,0.489023596048,-0.299475669861,-0.364683657885,0.533001899719,-0.286842644215,-0.362434744835
1778097162.62,0.491855114698,-0.286571502686,0.448670268059,0.488792389631,-0.294662207365,0.353220939636,0.488151043653,-0.297329604626,0.253055214882,0.487275391817,-0.298997908831,0.152809500694,0.486767023802,-0.300681769848,0.0551484003663,0.486363619566,-0.29856517911,-0.0470209717751,0.487261325121,-0.300084531307,-0.145689278841,0.48950484395,-0.301262795925,-0.240860581398,0.488987833261,-0.299312740564,-0.364646732807,0.533513665199,-0.286502540112,-0.362434744835
1778097162.63,0.493774026632,-0.28467181325,0.448721170425,0.490522295237,-0.292923301458,0.35224750638,0.489013344049,-0.296124875546,0.253029972315,0.488196581602,-0.297483414412,0.152063414454,0.487715810537,-0.299972057343,0.0552116930485,0.486973136663,-0.298580616713,-0.0465438365936,0.48723217845,-0.300029575825,-0.145297378302,0.489504426718,-0.301262825727,-0.240859538317,0.488984912634,-0.29929086566,-0.364532977343,0.534034132957,-0.286152213812,-0.362434744835
1778097162.64,0.495836615562,-0.282649636269,0.448767989874,0.492178410292,-0.292203783989,0.353007912636,0.490524858236,-0.295107334852,0.253357410431,0.488989502192,-0.297655552626,0.153363227844,0.488306313753,-0.299629032612,0.0557373203337,0.487345546484,-0.298458129168,-0.0462937951088,0.487377494574,-0.300965845585,-0.142775267363,0.489740878344,-0.300947487354,-0.240716040134,0.489120036364,-0.299644827843,-0.36414322257,0.534563541412,-0.285791397095,-0.362434744835
1778097162.66,0.498048245907,-0.280483067036,0.448824852705,0.493412345648,-0.289097458124,0.351236313581,0.49178108573,-0.293908208609,0.252850979567,0.489945203066,-0.296729922295,0.153700768948,0.488641113043,-0.298927426338,0.0556795783341,0.48760291934,-0.297513782978,-0.0466789007187,0.487923175097,-0.300978899002,-0.141314864159,0.489892631769,-0.300989001989,-0.240724861622,0.489067465067,-0.299471259117,-0.364269405603,0.535102009773,-0.285419732332,-0.362434744835
1778097162.66,0.50015604496,-0.278427898884,0.448846429586,0.495401412249,-0.287716895342,0.35165822506,0.493513792753,-0.292188793421,0.253633379936,0.491035610437,-0.295411556959,0.153282701969,0.489821642637,-0.297769606113,0.0557374879718,0.487970918417,-0.296752035618,-0.0467187911272,0.487813681364,-0.299623817205,-0.143832296133,0.489846915007,-0.300772577524,-0.240589350462,0.488845437765,-0.29967585206,-0.364021897316,0.53564953804,-0.285036861897,-0.362434744835
1778097162.67,0.502846121788,-0.275811195374,0.448829561472,0.497950822115,-0.287216901779,0.353355437517,0.495370358229,-0.290766179562,0.253629237413,0.492706090212,-0.294898062944,0.154226005077,0.490638047457,-0.297182053328,0.0562236905098,0.490674942732,-0.299163669348,-0.0427698343992,0.488883942366,-0.300548046827,-0.140953183174,0.49024155736,-0.300732731819,-0.240389347076,0.488431125879,-0.300108551979,-0.363514393568,0.536206364632,-0.284642487764,-0.362434744835
1778097162.68,0.505383610725,-0.273376643658,0.448789566755,0.500361561775,-0.285619556904,0.353849649429,0.497563272715,-0.289475232363,0.254128009081,0.494143158197,-0.29124084115,0.151302814484,0.491362720728,-0.29419156909,0.0534438565373,0.49044534564,-0.296316921711,-0.0455410629511,0.489644378424,-0.299906641245,-0.142065942287,0.490612417459,-0.300347626209,-0.240151375532,0.488275676966,-0.299987196922,-0.363499313593,0.536772489548,-0.284236192703,-0.362434744835
1778097162.69,0.507754087448,-0.27115124464,0.448789656162,0.502598762512,-0.283207386732,0.353720068932,0.499503999949,-0.287386149168,0.253962218761,0.495855420828,-0.29106143117,0.153550922871,0.492846280336,-0.293893128633,0.0548292547464,0.490937978029,-0.294603466988,-0.0459810346365,0.489792019129,-0.297713041306,-0.144329369068,0.491174608469,-0.299998909235,-0.240434199572,0.488125950098,-0.300050854683,-0.363224297762,0.537348031998,-0.283817619085,-0.362434744835
1778097162.7,0.510754644871,-0.268352508545,0.448716640472,0.504550337791,-0.279208570719,0.351278692484,0.501922488213,-0.285612821579,0.253542453051,0.497874587774,-0.289915025234,0.154443442822,0.494543880224,-0.29236420989,0.0551912635565,0.492459625006,-0.294463247061,-0.0455232411623,0.490586668253,-0.297224313021,-0.144312411547,0.491472631693,-0.300055533648,-0.240135461092,0.488106459379,-0.300331115723,-0.363201200962,0.5379332304,-0.28338637948,-0.362434744835
1778097162.71,0.513524830341,-0.265827834606,0.448563814163,0.507796525955,-0.279391527176,0.353953897953,0.504081487656,-0.283581107855,0.253679960966,0.499722212553,-0.288503110409,0.154283776879,0.496552854776,-0.291819751263,0.0558254569769,0.493367820978,-0.29336130619,-0.0448857545853,0.491186469793,-0.296339333057,-0.144655495882,0.491763144732,-0.299626588821,-0.239773124456,0.487565904856,-0.301869273186,-0.360715836287,0.538528203964,-0.282942086458,-0.362434744835
1778097162.73,0.516642391682,-0.263048768044,0.448436319828,0.510067105293,-0.276528269053,0.354313850403,0.50648021698,-0.281331509352,0.253730595112,0.502093672752,-0.28624111414,0.15427133441,0.498488515615,-0.290488392115,0.0564944557846,0.495227307081,-0.291821360588,-0.0452630072832,0.493245631456,-0.297491431236,-0.141101062298,0.492372363806,-0.299264431,-0.239536553621,0.48747125268,-0.30200907588,-0.360629051924,0.539132833481,-0.282484322786,-0.362434744835
1778097162.73,0.519228994846,-0.260742276907,0.448293149471,0.513020277023,-0.272994071245,0.352267384529,0.508957386017,-0.279067575932,0.253504693508,0.504428267479,-0.284267038107,0.154112264514,0.500720858574,-0.28883767128,0.0566495247185,0.496984571218,-0.290459781885,-0.0454517900944,0.49345818162,-0.294576078653,-0.144013434649,0.492974311113,-0.298985511065,-0.239318519831,0.48781606555,-0.300821244717,-0.362940639257,0.539747595787,-0.28201264143,-0.362434744835
1778097162.74,0.522123217583,-0.258186966181,0.448074191809,0.516364812851,-0.2720695436,0.353676259518,0.511617660522,-0.276583075523,0.253330618143,0.506959915161,-0.28197696805,0.153884395957,0.502398967743,-0.285703003407,0.0548825934529,0.498173445463,-0.288869231939,-0.0449454933405,0.494642823935,-0.293442219496,-0.144268035889,0.493604689837,-0.297911703587,-0.239580303431,0.487449139357,-0.301185935736,-0.362172394991,0.540372252464,-0.281526654959,-0.362434744835
1778097162.75,0.525037109852,-0.255659967661,0.44788429141,0.519216179848,-0.268756866455,0.352911859751,0.514821410179,-0.27469214797,0.253778576851,0.50980758667,-0.280130565166,0.154098629951,0.505221605301,-0.2848110497,0.0561530925333,0.500313401222,-0.28711938858,-0.045762181282,0.496482640505,-0.293150126934,-0.14302739501,0.494263499975,-0.297413557768,-0.239407688379,0.487523943186,-0.301008909941,-0.362473756075,0.54100716114,-0.281025886536,-0.362434744835
1778097162.76,0.527927160263,-0.253218054771,0.447657734156,0.521864414215,-0.265684604645,0.351540446281,0.518008112907,-0.272142261267,0.253655672073,0.512652516365,-0.277393698692,0.153562232852,0.507732391357,-0.282505184412,0.055942799896,0.502735614777,-0.28550979495,-0.0452136695385,0.497855633497,-0.29278922081,-0.140323370695,0.494825452566,-0.296984195709,-0.239404052496,0.486847609282,-0.302376687527,-0.359900265932,0.541652202606,-0.280509859324,-0.362434744835
1778097162.78,0.530836760998,-0.250744253397,0.44735237956,0.525300979614,-0.264257520437,0.35298961401,0.520752668381,-0.269690155983,0.253179222345,0.515589952469,-0.275222212076,0.153501987457,0.509933233261,-0.279873281717,0.0553258433938,0.504819273949,-0.283812791109,-0.0456874370575,0.49986949563,-0.291965007782,-0.14126342535,0.495885878801,-0.296264797449,-0.239512532949,0.486847907305,-0.302428245544,-0.359801113605,0.542307734489,-0.279978126287,-0.362434744835
1778097162.78,0.533076643944,-0.248909428716,0.447084844112,0.528058767319,-0.260461390018,0.35070091486,0.524086594582,-0.267200559378,0.253051698208,0.51848089695,-0.272795438766,0.153344795108,0.512801170349,-0.278549343348,0.0558116957545,0.50706243515,-0.281954139471,-0.0455998182297,0.501384139061,-0.289788842201,-0.1427321136,0.496583789587,-0.295163035393,-0.239012867212,0.487096220255,-0.301224261522,-0.361508905888,0.54297375679,-0.279430180788,-0.362434744835
1778097162.79,0.536287367344,-0.246353745461,0.44659563899,0.531360983849,-0.2585709095,0.35093793273,0.527111053467,-0.264588117599,0.252723783255,0.521653652191,-0.270213723183,0.15310831368,0.515576124191,-0.276239275932,0.055651254952,0.509558439255,-0.280382364988,-0.0454531610012,0.503226399422,-0.288729637861,-0.141159802675,0.497375398874,-0.29436865449,-0.238850682974,0.486761957407,-0.302256375551,-0.359296947718,0.543650269508,-0.278865545988,-0.362434744835
1778097162.8,0.53892159462,-0.244305178523,0.4461992383,0.534537911415,-0.256885230541,0.351718336344,0.530211091042,-0.262247830629,0.252435624599,0.524860858917,-0.268144667149,0.153020530939,0.518556118011,-0.274299353361,0.0558905154467,0.512275457382,-0.278243362904,-0.0457185059786,0.504922747612,-0.287846952677,-0.141464978456,0.498626619577,-0.292952746153,-0.238933503628,0.487531274557,-0.300836831331,-0.361732393503,0.544337511063,-0.278283655643,-0.362434744835
1778097162.81,0.541448771954,-0.242377370596,0.445808112621,0.537074923515,-0.254057735205,0.350654542446,0.533234238625,-0.259555399418,0.251941144466,0.527550458908,-0.264654666185,0.151575610042,0.521319031715,-0.272365570068,0.0554244816303,0.51470720768,-0.276515930891,-0.0458125323057,0.507076382637,-0.286162167788,-0.141613513231,0.500084757805,-0.292486339808,-0.239619076252,0.487522751093,-0.300589561462,-0.361238926649,0.545035481453,-0.277684032917,-0.362434744835
1778097162.82,0.543833017349,-0.240639925003,0.445297837257,0.540223479271,-0.251762628555,0.349906176329,0.536309957504,-0.257240504026,0.251361817122,0.530599236488,-0.262429207563,0.151973575354,0.524289727211,-0.269482731819,0.0547922477126,0.516682386398,-0.274410665035,-0.0464667528868,0.50843167305,-0.283996850252,-0.141492933035,0.501406311989,-0.291373044252,-0.240204662085,0.488097578287,-0.300339132547,-0.361251235008,0.545744419098,-0.277066081762,-0.362434744835
1778097162.83,0.546076655388,-0.239078342915,0.44471091032,0.543106436729,-0.25054448843,0.350552380085,0.539196252823,-0.255159765482,0.250763595104,0.533773303032,-0.260640770197,0.151552081108,0.526823043823,-0.265903055668,0.0526160076261,0.518795847893,-0.272888153791,-0.0457785576582,0.510636925697,-0.281754493713,-0.143563628197,0.50277864933,-0.290555179119,-0.240168184042,0.48823812604,-0.300901144743,-0.359539985657,0.546464204788,-0.276429235935,-0.362434744835
1778097162.84,0.548149287701,-0.237621456385,0.444121360779,0.545563101768,-0.248797595501,0.349855899811,0.541839361191,-0.25261092186,0.249632164836,0.536798357964,-0.259068876505,0.151293605566,0.530005097389,-0.265061795712,0.0537052229047,0.521411418915,-0.270649284124,-0.0465962588787,0.513020634651,-0.280662924051,-0.142855107784,0.504120230675,-0.288958609104,-0.240440040827,0.488794833422,-0.300715327263,-0.359470278025,0.547195196152,-0.275772958994,-0.362434744835
1778097162.85,0.550073206425,-0.236287757754,0.443497270346,0.54800760746,-0.247421994805,0.350096911192,0.544753909111,-0.251241266727,0.25004273653,0.53956580162,-0.25700968504,0.150869220495,0.532656669617,-0.261484861374,0.0511985719204,0.524368882179,-0.269122719765,-0.0466120988131,0.514182686806,-0.278249323368,-0.141669601202,0.505422472954,-0.288154453039,-0.240567028522,0.489303320646,-0.299888759851,-0.360218048096,0.54793715477,-0.27509662509,-0.362434744835
1778097162.86,0.551845252514,-0.23511300981,0.44291934371,0.550292730331,-0.245546087623,0.349617958069,0.547334909439,-0.249497637153,0.249291792512,0.542076349258,-0.254190295935,0.149827256799,0.535318374634,-0.260424792767,0.051685936749,0.526391983032,-0.26635736227,-0.048100233078,0.516746044159,-0.275467723608,-0.147022515535,0.507403373718,-0.28627550602,-0.242122262716,0.490375548601,-0.299295336008,-0.360206782818,0.548690438271,-0.274399608374,-0.362434744835
1778097162.87,0.553415000439,-0.234113961458,0.442283332348,0.552534580231,-0.243852943182,0.348279058933,0.549818396568,-0.247890770435,0.248503565788,0.5445125103,-0.252243816853,0.148505419493,0.537840604782,-0.258437424898,0.0515576228499,0.529324650764,-0.265780925751,-0.0475473105907,0.518725991249,-0.275676995516,-0.143840104342,0.508203148842,-0.285331100225,-0.240817666054,0.491147249937,-0.298620015383,-0.360578328371,0.549454927444,-0.273681282997,-0.362434744835
1778097162.89,0.555015087128,-0.233150482178,0.441437721252,0.554369568825,-0.242339000106,0.34697547555,0.551804184914,-0.246343523264,0.248154565692,0.546973705292,-0.250344634056,0.148202329874,0.540328621864,-0.255626708269,0.0487786531448,0.531901359558,-0.262658178806,-0.0494828224182,0.520406365395,-0.272615581751,-0.14772939682,0.510468840599,-0.284515410662,-0.241930186749,0.491922527552,-0.297469705343,-0.36040315032,0.55023086071,-0.272941052914,-0.362434744835
1778097162.89,0.556069135666,-0.232475399971,0.440826207399,0.556461691856,-0.241351172328,0.347110927105,0.553626775742,-0.24506342411,0.247859492898,0.548867821693,-0.247799932957,0.145546853542,0.542766213417,-0.255174070597,0.050290569663,0.533940553665,-0.261497110128,-0.0496546328068,0.522949576378,-0.272473365068,-0.144841134548,0.512288570404,-0.282703191042,-0.243118524551,0.493584781885,-0.295995205641,-0.362498939037,0.551018118858,-0.272178173065,-0.362434744835
1778097162.9,0.556939482689,-0.231962203979,0.440207898617,0.557906389236,-0.240184292197,0.345915317535,0.555608987808,-0.244015470147,0.246595561504,0.551393985748,-0.248351946473,0.147111549973,0.544554233551,-0.252392947674,0.0472011715174,0.53616809845,-0.260833382607,-0.0495400130749,0.525059342384,-0.27059045434,-0.147295147181,0.513925671577,-0.281179636717,-0.24355250597,0.494785875082,-0.295055150986,-0.362489044666,0.551816940308,-0.271392047405,-0.362434744835
1778097162.91,0.557716429234,-0.231509312987,0.439499229193,0.559032559395,-0.239536523819,0.345080405474,0.557011246681,-0.242881417274,0.246164128184,0.553244829178,-0.247315004468,0.147255480289,0.546756982803,-0.252816975117,0.0485753044486,0.538224816322,-0.258506208658,-0.0519796609879,0.527399897575,-0.26841416955,-0.149207979441,0.515330076218,-0.280229181051,-0.244273304939,0.496764689684,-0.293659567833,-0.363696753979,0.552627325058,-0.270581901073,-0.362434744835
1778097162.92,0.558286964893,-0.231126531959,0.438790649176,0.560687184334,-0.238820284605,0.344509840012,0.558101773262,-0.242218926549,0.24564281106,0.554819822311,-0.246275380254,0.14624992013,0.548534750938,-0.2520198524,0.0482357516885,0.539732336998,-0.256880521774,-0.0531856119633,0.529029965401,-0.268317967653,-0.148376703262,0.517704248428,-0.278833717108,-0.244965195656,0.498366624117,-0.291883856058,-0.364508956671,0.553449273109,-0.269747018814,-0.362434744835
1778097162.93,0.55866342783,-0.230805680156,0.438117355108,0.561181664467,-0.238642513752,0.343934237957,0.559435009956,-0.24162042141,0.244347527623,0.555933356285,-0.245415225625,0.145115554333,0.550196290016,-0.250523418188,0.0465883687139,0.541799068451,-0.256708264351,-0.0518718361855,0.53067445755,-0.266326785088,-0.149845808744,0.519674062729,-0.276823967695,-0.245888113976,0.500193476677,-0.290856570005,-0.364370912313,0.554282784462,-0.268886715174,-0.362434744835
1778097162.94,0.558869063854,-0.230537161231,0.437461405993,0.561613678932,-0.237553089857,0.342321068048,0.559840917587,-0.241008922458,0.243998885155,0.557038545609,-0.245094642043,0.144661262631,0.551418066025,-0.250323146582,0.0466113761067,0.542971134186,-0.255077749491,-0.0546510070562,0.532203793526,-0.265442878008,-0.150301843882,0.521240353584,-0.275561004877,-0.246892273426,0.502165317535,-0.288926392794,-0.365404397249,0.555127978325,-0.268000215292,-0.362434744835
1778097162.95,0.558923304081,-0.230325311422,0.436843901873,0.561661839485,-0.237498134375,0.34203594923,0.560838580132,-0.240864023566,0.242783129215,0.557798981667,-0.244551390409,0.144057378173,0.551850438118,-0.249688357115,0.0466701239347,0.544429302216,-0.25471842289,-0.0543291270733,0.534518480301,-0.265068680048,-0.150317162275,0.523327946663,-0.274206191301,-0.247835874557,0.505056142807,-0.286475509405,-0.367875963449,0.555984854698,-0.267086714506,-0.362434744835
1778097162.96,0.558860838413,-0.230180323124,0.436408877373,0.561661839485,-0.237498134375,0.34203594923,0.560838580132,-0.240864023566,0.242783129215,0.557798981667,-0.244551390409,0.144057378173,0.551850438118,-0.249688357115,0.0466701239347,0.544429302216,-0.25471842289,-0.0543291270733,0.534518480301,-0.265068680048,-0.150317162275,0.523327946663,-0.274206191301,-0.247835874557,0.505056142807,-0.286475509405,-0.367875963449,0.556853413582,-0.266145437956,-0.362434744835
1778097162.97,0.558624863625,-0.229925528169,0.435793548822,0.562133431435,-0.237582221627,0.341254740953,0.561073303223,-0.240540862083,0.241422086954,0.558703064919,-0.244336798787,0.142422497272,0.553750157356,-0.249008208513,0.0439908280969,0.54668879509,-0.252818316221,-0.057043582201,0.536908507347,-0.263010442257,-0.151478648186,0.527501225471,-0.27127161622,-0.249570608139,0.50978064537,-0.282931447029,-0.368677765131,0.557733774185,-0.265175610781,-0.362434744835
1778097162.98,0.558401942253,-0.229727447033,0.435392975807,0.562027096748,-0.237291693687,0.340373635292,0.561001181602,-0.240749001503,0.240913927555,0.558712124825,-0.244292289019,0.141623705626,0.554334521294,-0.249330833554,0.0435763597488,0.547629356384,-0.253333687782,-0.056622967124,0.538523316383,-0.261854976416,-0.152345538139,0.529528617859,-0.269973546267,-0.250684350729,0.512766242027,-0.280086636543,-0.370775550604,0.558625817299,-0.264176309109,-0.362434744835
1778097163,0.558072626591,-0.229435145855,0.435025066137,0.561259508133,-0.237597793341,0.340670526028,0.560051321983,-0.240843042731,0.241288855672,0.558648705482,-0.24453894794,0.141323566437,0.554425358772,-0.249527260661,0.04334397614,0.548184752464,-0.252313703299,-0.0582121312618,0.540310025215,-0.261983245611,-0.153229385614,0.53145980835,-0.268477320671,-0.251096755266,0.515761017799,-0.278024286032,-0.370895057917,0.559529542923,-0.263146787882,-0.362434744835
1778097163,0.557795107365,-0.229170978069,0.434831976891,0.561259508133,-0.237597793341,0.340670526028,0.560051321983,-0.240843042731,0.241288855672,0.558648705482,-0.24453894794,0.141323566437,0.554425358772,-0.249527260661,0.04334397614,0.548184752464,-0.252313703299,-0.0582121312618,0.540310025215,-0.261983245611,-0.153229385614,0.53145980835,-0.268477320671,-0.251096755266,0.515761017799,-0.278024286032,-0.370895057917,0.560444951057,-0.262086093426,-0.362434744835
1778097163.01,0.557361125946,-0.228739827871,0.434629112482,0.559893608093,-0.236738204956,0.338846504688,0.559167742729,-0.241012126207,0.239699155092,0.557429552078,-0.245023429394,0.140759214759,0.554202318192,-0.249850466847,0.0425360426307,0.548540711403,-0.252102851868,-0.0590025931597,0.54195022583,-0.259715199471,-0.153649449348,0.535474300385,-0.265618950129,-0.252697139978,0.522471189499,-0.271839559078,-0.374696582556,0.561371922493,-0.260993361473,-0.362434744835
1778097163.02,0.556932747364,-0.228222727776,0.434536188841,0.559366226196,-0.237186342478,0.339439988136,0.558144211769,-0.241216272116,0.23951742053,0.556302666664,-0.245041206479,0.140443205833,0.552933931351,-0.248259067535,0.0397948548198,0.548726201057,-0.25201767683,-0.0594636648893,0.543514728546,-0.258648008108,-0.155570358038,0.537613987923,-0.263741761446,-0.25337138772,0.525634527206,-0.270135879517,-0.373732060194,0.562310695648,-0.259867668152,-0.362434744835
1778097163.03,0.556476950645,-0.227571189404,0.434526979923,0.55849635601,-0.236878737807,0.339745521545,0.55736386776,-0.24105361104,0.238763332367,0.555658936501,-0.244985669851,0.139399752021,0.552495002747,-0.249433413148,0.0418355241418,0.548667430878,-0.251682937145,-0.0601549446583,0.544446587563,-0.257689923048,-0.156591147184,0.539627194405,-0.262166053057,-0.253522008657,0.52928507328,-0.26601472497,-0.376206755638,0.563260912895,-0.258708119392,-0.362434744835
1778097163.04,0.556014478207,-0.22676153481,0.434566229582,0.55829179287,-0.236394166946,0.338919967413,0.556531429291,-0.241123393178,0.239284873009,0.554775476456,-0.245675697923,0.139576330781,0.551630139351,-0.248407363892,0.0404197722673,0.54842543602,-0.251752376556,-0.0593298822641,0.5449873209,-0.255802690983,-0.158345609903,0.541764378548,-0.260607928038,-0.253876894712,0.53304874897,-0.264795124531,-0.374438017607,0.564222574234,-0.25751376152,-0.362434744835
1778097163.06,0.555436968803,-0.225484579802,0.434721797705,0.556857228279,-0.235454335809,0.338314712048,0.555476784706,-0.241162329912,0.239445924759,0.553401231766,-0.245463952422,0.139791488647,0.55146420002,-0.250391513109,0.0423225387931,0.548089742661,-0.251475214958,-0.0594425648451,0.545409321785,-0.254997968674,-0.15848878026,0.544018745422,-0.258876055479,-0.254367500544,0.536916613579,-0.262063682079,-0.374521374702,0.565195798874,-0.256283581257,-0.362434744835
1778097163.06,0.55528485775,-0.22502925992,0.434801697731,0.556449174881,-0.235240608454,0.338476836681,0.554627537727,-0.240862429142,0.239279270172,0.552675843239,-0.245298370719,0.139780119061,0.550939559937,-0.25018197298,0.0421760231256,0.547913074493,-0.251207232475,-0.0592334121466,0.546597123146,-0.254852801561,-0.15706166625,0.546198010445,-0.257128179073,-0.254271805286,0.540702581406,-0.259031563997,-0.374749958515,0.566180229187,-0.255016595125,-0.362434744835
1778097163.07,0.554837107658,-0.223195269704,0.435248583555,0.555875658989,-0.234528914094,0.338926494122,0.553608417511,-0.240627244115,0.239549845457,0.551881432533,-0.24512308836,0.140185922384,0.550013780594,-0.249756202102,0.0418599843979,0.548313140869,-0.249944552779,-0.0600766688585,0.547520399094,-0.252834439278,-0.15860375762,0.548217058182,-0.255236566067,-0.254191249609,0.544530034065,-0.256379961967,-0.374973773956,0.567175984383,-0.253711849451,-0.362434744835
1778097163.08,0.554597079754,-0.221849411726,0.435576319695,0.555294632912,-0.233731269836,0.339525401592,0.552792906761,-0.239815413952,0.239577323198,0.551520705223,-0.244452923536,0.139502584934,0.549039006233,-0.248058184981,0.040781326592,0.548349380493,-0.249780282378,-0.0595499575138,0.547779679298,-0.251389622688,-0.158425092697,0.55077624321,-0.253319501877,-0.25452876091,0.549166440964,-0.251730382442,-0.377606511116,0.568182826042,-0.252368271351,-0.362434744835
1778097163.09,0.554375529289,-0.220164060593,0.435969293118,0.554010033607,-0.232268020511,0.339660942554,0.551867842674,-0.238766551018,0.240324258804,0.550448179245,-0.243691116571,0.140068441629,0.548707842827,-0.247333019972,0.0408716350794,0.548845291138,-0.248466104269,-0.0593559890985,0.549151182175,-0.249977707863,-0.15834414959,0.552714347839,-0.251233965158,-0.254447788,0.552901864052,-0.250858992338,-0.374564230442,0.569200515747,-0.250984787941,-0.362434744835
1778097163.1,0.554239928722,-0.218241304159,0.436425030231,0.553787112236,-0.230847358704,0.339252710342,0.552023530006,-0.237392410636,0.240362912416,0.550095677376,-0.242459818721,0.139350265265,0.549162149429,-0.247673913836,0.0434307307005,0.549623727798,-0.247478812933,-0.0583842992783,0.550449848175,-0.250334918499,-0.15389201045,0.555205702782,-0.249236270785,-0.253459751606,0.556491494179,-0.248033836484,-0.373308956623,0.570229172707,-0.249560415745,-0.362434744835
1778097163.11,0.55421090126,-0.216132313013,0.436945647001,0.553263783455,-0.229287296534,0.339571684599,0.551134109497,-0.235961064696,0.241299808025,0.549760341644,-0.241405874491,0.140716165304,0.549330115318,-0.245508998632,0.0432548224926,0.549750447273,-0.24541027844,-0.0589056462049,0.551911592484,-0.24664978683,-0.156692862511,0.557140111923,-0.246837943792,-0.252085834742,0.560999035835,-0.245268538594,-0.373279601336,0.571268320084,-0.248094022274,-0.362434744835
1778097163.13,0.554297864437,-0.214067921042,0.437452703714,0.553263783455,-0.229287296534,0.339571684599,0.551134109497,-0.235961064696,0.241299808025,0.549760341644,-0.241405874491,0.140716165304,0.549330115318,-0.245508998632,0.0432548224926,0.549750447273,-0.24541027844,-0.0589056462049,0.551911592484,-0.24664978683,-0.156692862511,0.557140111923,-0.246837943792,-0.252085834742,0.560999035835,-0.245268538594,-0.373279601336,0.572318077087,-0.246584504843,-0.362434744835
1778097163.13,0.554576694965,-0.211254760623,0.438183009624,0.553330302238,-0.22524368763,0.34076577425,0.551348209381,-0.232294753194,0.241845667362,0.549602031708,-0.237611696124,0.141909018159,0.549174666405,-0.240529194474,0.0422562137246,0.55265545845,-0.243705481291,-0.0544980019331,0.553777933121,-0.244335144758,-0.153954803944,0.562329173088,-0.242715790868,-0.251434445381,0.56860101223,-0.23955462873,-0.373789846897,0.573377966881,-0.245030760765,-0.362434744835
1778097163.14,0.554952025414,-0.208480671048,0.438923180103,0.553295254707,-0.222737252712,0.341248750687,0.551580071449,-0.229891553521,0.242478072643,0.550083994865,-0.235547617078,0.142592072487,0.550555467606,-0.23943169415,0.0449210479856,0.552834033966,-0.238985478878,-0.0574218779802,0.557750344276,-0.240218773484,-0.155011981726,0.565184235573,-0.24001930654,-0.250385582447,0.571617722511,-0.23709654808,-0.372923821211,0.574447989464,-0.243431642652,-0.362434744835
1778097163.15,0.555435299873,-0.205515041947,0.439692497253,0.554268121719,-0.219597145915,0.341573029757,0.552067041397,-0.227127641439,0.243109762669,0.55076789856,-0.232944816351,0.143395096064,0.551924109459,-0.237014725804,0.0457874760032,0.554985165596,-0.236704915762,-0.0562387704849,0.559981822968,-0.237893044949,-0.15456366539,0.567630171776,-0.237346291542,-0.249690681696,0.574879050255,-0.235441029072,-0.371170222759,0.575527667999,-0.241786018014,-0.362434744835
1778097163.16,0.556089162827,-0.202063664794,0.440568983555,0.554678559303,-0.217068448663,0.34309977293,0.552791118622,-0.224015533924,0.24367338419,0.552324652672,-0.229555830359,0.143418073654,0.55336868763,-0.234050765634,0.046482257545,0.556253671646,-0.233766928315,-0.0555810183287,0.561866760254,-0.235318630934,-0.153295218945,0.570935487747,-0.234562829137,-0.2488925457,0.577790379524,-0.232700079679,-0.369922101498,0.576617002487,-0.240092724562,-0.362434744835
1778097163.17,0.556700587273,-0.199128136039,0.44132527709,0.555466294289,-0.214219123125,0.344234406948,0.553594470024,-0.22048150003,0.24387806654,0.553324341774,-0.226347580552,0.144687995315,0.554486632347,-0.230707213283,0.0478336066008,0.558622002602,-0.23071475327,-0.0549063235521,0.564841747284,-0.231764093041,-0.153921872377,0.573774456978,-0.232038140297,-0.248203366995,0.581869840622,-0.22988858819,-0.370708793402,0.57771551609,-0.238350585103,-0.362434744835
1778097163.19,0.557305395603,-0.196455642581,0.441999197006,0.555466294289,-0.214219123125,0.344234406948,0.553594470024,-0.22048150003,0.24387806654,0.553324341774,-0.226347580552,0.144687995315,0.554486632347,-0.230707213283,0.0478336066008,0.558622002602,-0.23071475327,-0.0549063235521,0.564841747284,-0.231764093041,-0.153921872377,0.573774456978,-0.232038140297,-0.248203366995,0.581869840622,-0.22988858819,-0.370708793402,0.57882297039,-0.236558392644,-0.362434744835
1778097163.19,0.558251559734,-0.192638009787,0.442903935909,0.557371377945,-0.207470566034,0.345573186874,0.556573271751,-0.213452801108,0.245897471905,0.556941390038,-0.218907892704,0.146301597357,0.559101223946,-0.223519384861,0.0486271083355,0.563336610794,-0.22375009954,-0.0529952198267,0.569446086884,-0.227154195309,-0.148242205381,0.579043269157,-0.226141363382,-0.248009592295,0.586843967438,-0.225611254573,-0.367896765471,0.57993888855,-0.234714955091,-0.362434744835
1778097163.2,0.559249222279,-0.188835605979,0.443793684244,0.558387756348,-0.203669771552,0.34630215168,0.557999491692,-0.209573611617,0.247166663408,0.559255003929,-0.214704856277,0.14671356976,0.561480879784,-0.218970164657,0.0487427413464,0.566066622734,-0.220136865973,-0.052054464817,0.572103142738,-0.222330898046,-0.150665521622,0.581923484802,-0.223473533988,-0.246756136417,0.589919686317,-0.223512008786,-0.367793172598,0.58106315136,-0.232819065452,-0.362434744835
1778097163.21,0.56034386158,-0.184907197952,0.444685250521,0.560140013695,-0.199631914496,0.346596419811,0.560075998306,-0.2053386271,0.247847422957,0.561483621597,-0.21058049798,0.147846028209,0.56384575367,-0.214900314808,0.0511175394058,0.568976163864,-0.215452700853,-0.0514656752348,0.575547456741,-0.220038980246,-0.1477650702,0.585030198097,-0.220338910818,-0.245552957058,0.592570185661,-0.221407726407,-0.366734832525,0.582195281982,-0.230869501829,-0.362434744835
1778097163.22,0.560993790627,-0.182680234313,0.445146471262,0.560140013695,-0.199631914496,0.346596419811,0.560075998306,-0.2053386271,0.247847422957,0.561483621597,-0.21058049798,0.147846028209,0.56384575367,-0.214900314808,0.0511175394058,0.568976163864,-0.215452700853,-0.0514656752348,0.575547456741,-0.220038980246,-0.1477650702,0.585030198097,-0.220338910818,-0.245552957058,0.592570185661,-0.221407726407,-0.366734832525,0.583334922791,-0.228865027428,-0.362434744835
1778097163.23,0.56245803833,-0.177760794759,0.446038275957,0.563425540924,-0.191850990057,0.348749905825,0.564696311951,-0.19661167264,0.248950630426,0.566935300827,-0.201533868909,0.149129912257,0.570123434067,-0.206103086472,0.0527078732848,0.576285600662,-0.20941016078,-0.0464901179075,0.581159591675,-0.210784107447,-0.148480266333,0.590244650841,-0.213633686304,-0.244868963957,0.596936225891,-0.217309102416,-0.363968342543,0.584481477737,-0.226804405451,-0.362434744835
1778097163.24,0.56362426281,-0.17394271493,0.446658372879,0.564826965332,-0.187801659107,0.349596768618,0.566982507706,-0.192328557372,0.249922126532,0.569893956184,-0.196927085519,0.149924740195,0.573282718658,-0.201520323753,0.0533810630441,0.578503608704,-0.20276004076,-0.048802614212,0.585086107254,-0.208596229553,-0.14565512538,0.592653870583,-0.210574656725,-0.243448466063,0.599490404129,-0.215384855866,-0.363734841347,0.585634708405,-0.224686399102,-0.362434744835
1778097163.25,0.564673364162,-0.170601919293,0.447184711695,0.566512584686,-0.183758065104,0.350640267134,0.569417238235,-0.187964722514,0.250743895769,0.572598814964,-0.192304119468,0.151029065251,0.576553940773,-0.196775749326,0.054135248065,0.581850647926,-0.198310613632,-0.0483355820179,0.587569713593,-0.204681366682,-0.14337849617,0.595622420311,-0.207589700818,-0.242767870426,0.601674079895,-0.212291166186,-0.364825844765,0.586793899536,-0.222509741783,-0.362434744835
1778097163.27,0.565844893456,-0.166941270232,0.447730779648,0.568389177322,-0.179688647389,0.350944578648,0.571603536606,-0.183485001326,0.251827299595,0.575950026512,-0.187434732914,0.150959640741,0.580302238464,-0.191836044192,0.0538201108575,0.585417628288,-0.194011822343,-0.0471922010183,0.591320753098,-0.200495988131,-0.143856853247,0.59893321991,-0.204810395837,-0.242014080286,0.603768348694,-0.210235014558,-0.363339811563,0.587958812714,-0.220273211598,-0.362434744835
1778097163.27,0.567112267017,-0.163042843342,0.448244959116,0.570447087288,-0.175435334444,0.351743847132,0.574111580849,-0.179052427411,0.252409666777,0.579146623611,-0.182888895273,0.151498407125,0.58336186409,-0.18703520298,0.0547281131148,0.588618755341,-0.188975632191,-0.046908006072,0.594827890396,-0.196699008346,-0.142696738243,0.601566553116,-0.200987234712,-0.242245733738,0.605387806892,-0.208517342806,-0.360782980919,0.589128613472,-0.217975541949,-0.362434744835
1778097163.29,0.568333983421,-0.159354388714,0.448662191629,0.572459340096,-0.171450078487,0.352064430714,0.576632857323,-0.174623385072,0.252408087254,0.581742167473,-0.17839589715,0.152843341231,0.586935520172,-0.181913375854,0.054646320641,0.592252254486,-0.185213565826,-0.0456699728966,0.597831606865,-0.193277448416,-0.142145395279,0.603875279427,-0.19822050631,-0.239989340305,0.607408285141,-0.206259667873,-0.360131591558,0.590303063393,-0.215615496039,-0.362434744835
1778097163.29,0.569324016571,-0.15635253489,0.448987811804,0.574471235275,-0.167130753398,0.351870834827,0.578993082047,-0.170153439045,0.25287681818,0.584636449814,-0.173391953111,0.152701407671,0.58976817131,-0.177442491055,0.0556342750788,0.59592962265,-0.180378690362,-0.0454697310925,0.600845456123,-0.188444033265,-0.141701310873,0.606709837914,-0.194673508406,-0.24058458209,0.609412431717,-0.20398786664,-0.359323114157,0.591481208801,-0.21319180727,-0.362434744835
1778097163.3,0.570479512215,-0.152751624584,0.449321776628,0.575923323631,-0.16352596879,0.352998375893,0.581225037575,-0.165921717882,0.253890275955,0.587421774864,-0.168783098459,0.153145492077,0.593021035194,-0.17308396101,0.0571013055742,0.598983287811,-0.176183223724,-0.0449959784746,0.603843092918,-0.184432819486,-0.141253203154,0.608989953995,-0.191798895597,-0.238808512688,0.611195802689,-0.20146240294,-0.358654946089,0.59266269207,-0.210703253746,-0.362434744835
1778097163.32,0.571080505848,-0.150846019387,0.449448913336,0.575923323631,-0.16352596879,0.352998375893,0.581225037575,-0.165921717882,0.253890275955,0.587421774864,-0.168783098459,0.153145492077,0.593021035194,-0.17308396101,0.0571013055742,0.598983287811,-0.176183223724,-0.0449959784746,0.603843092918,-0.184432819486,-0.141253203154,0.608989953995,-0.191798895597,-0.238808512688,0.611195802689,-0.20146240294,-0.358654946089,0.593846797943,-0.208148598671,-0.362434744835
1778097163.33,0.572390019894,-0.146568059921,0.449611485004,0.579549789429,-0.155539065599,0.352742016315,0.586078286171,-0.157625436783,0.253812342882,0.592840671539,-0.160177737474,0.154240339994,0.598670363426,-0.164298042655,0.0567641556263,0.604774475098,-0.168223917484,-0.0439945608377,0.609293341637,-0.1764575243,-0.141496241093,0.614336490631,-0.184951886535,-0.23897510767,0.615260004997,-0.196487769485,-0.35790425539,0.595032811165,-0.205526605248,-0.362434744835
1778097163.33,0.5732178092,-0.143692687154,0.44963824749,0.581244587898,-0.152144864202,0.353433012962,0.58780002594,-0.153727456927,0.254671901464,0.595227479935,-0.156464293599,0.154743134975,0.601508140564,-0.160508990288,0.0573084913194,0.607556581497,-0.164253085852,-0.0438965409994,0.612156510353,-0.172984838486,-0.141155987978,0.6165163517,-0.181672886014,-0.238013207912,0.6173787117,-0.193519800901,-0.357103347778,0.596220016479,-0.202836081386,-0.362434744835
1778097163.34,0.573857665062,-0.141343474388,0.449612736702,0.582350373268,-0.14873804152,0.353971660137,0.590014457703,-0.149995982647,0.254899084568,0.597811579704,-0.152187094092,0.154282003641,0.604325652122,-0.156125545502,0.0567757152021,0.610150933266,-0.160686165094,-0.0433838069439,0.614148378372,-0.169481441379,-0.140341818333,0.618634223938,-0.178564459085,-0.237239152193,0.619158267975,-0.190524429083,-0.35682696104,0.597407698631,-0.200075805187,-0.362434744835
1778097163.36,0.574479520321,-0.13890594244,0.449500352144,0.583759188652,-0.145633891225,0.354046493769,0.591921687126,-0.146646738052,0.254561781883,0.599660158157,-0.148567482829,0.154460862279,0.606222867966,-0.153025567532,0.05730965361,0.612410664558,-0.156536608934,-0.043251439929,0.616699814796,-0.166535168886,-0.139689177275,0.621152639389,-0.175017789006,-0.238008320332,0.621355652809,-0.187789902091,-0.356984585524,0.598595023155,-0.197244614363,-0.362434744835
1778097163.36,0.575062572956,-0.136379212141,0.449315756559,0.5852612257,-0.142279520631,0.353198945522,0.593203306198,-0.14349912107,0.254997491837,0.601770043373,-0.145360603929,0.154710561037,0.607890129089,-0.149498775601,0.0581881180406,0.615522503853,-0.154316738248,-0.0415920466185,0.61828660965,-0.162994712591,-0.13890466094,0.622816205025,-0.171766936779,-0.237322330475,0.623597621918,-0.184431657195,-0.356528580189,0.599781155586,-0.194341346622,-0.362434744835
1778097163.37,0.575499773026,-0.134236171842,0.449108093977,0.585947990417,-0.139987409115,0.354126542807,0.594508767128,-0.140506178141,0.255220979452,0.60346186161,-0.142303287983,0.154555112123,0.609601736069,-0.145981624722,0.0575539246202,0.616769790649,-0.150746762753,-0.0423260331154,0.620306968689,-0.159854322672,-0.138837784529,0.624852657318,-0.168630644679,-0.237176924944,0.625618934631,-0.180859386921,-0.356821298599,0.600965380669,-0.191364839673,-0.362434744835
1778097163.38,0.575832664967,-0.132445037365,0.448870897293,0.586483359337,-0.137538939714,0.354146152735,0.595713019371,-0.137950375676,0.254448443651,0.604373335838,-0.13958966732,0.155189096928,0.611652731895,-0.143073111773,0.0569513328373,0.618863344193,-0.147897914052,-0.0422444939613,0.622025847435,-0.156062349677,-0.139286875725,0.626875042915,-0.165636301041,-0.237176507711,0.627860546112,-0.177619919181,-0.356905221939,0.602146863937,-0.18831397593,-0.362434744835
1778097163.39,0.576175391674,-0.1303820014,0.44853964448,0.587406516075,-0.135152563453,0.353375434875,0.596630930901,-0.135324954987,0.254480361938,0.605458974838,-0.136784151196,0.154709219933,0.61305308342,-0.140424907207,0.0571562945843,0.620200872421,-0.145557999611,-0.040762886405,0.62396800518,-0.153242737055,-0.139576286077,0.628459334373,-0.161846235394,-0.237307310104,0.629810929298,-0.17419795692,-0.357343196869,0.6033244133,-0.185187682509,-0.362434744835
1778097163.4,0.576423704624,-0.128630205989,0.448240786791,0.588113546371,-0.132769823074,0.352891921997,0.596835970879,-0.133295640349,0.254122167826,0.606335401535,-0.134108066559,0.153658956289,0.613677859306,-0.13760201633,0.0569171793759,0.620589256287,-0.142539486289,-0.0413700640202,0.625403046608,-0.150489896536,-0.1394328475,0.630360126495,-0.158599793911,-0.237734138966,0.631847023964,-0.170303657651,-0.357550054789,0.604497432709,-0.181984856725,-0.362434744835
1778097163.41,0.576621651649,-0.127086564898,0.447939455509,0.587651014328,-0.131068632007,0.353785336018,0.597219467163,-0.1311314255,0.253883361816,0.606914520264,-0.132314234972,0.153554469347,0.614270925522,-0.135713636875,0.0575964264572,0.622585058212,-0.140322178602,-0.0412716567516,0.626634836197,-0.147219136357,-0.139559686184,0.63247859478,-0.154256895185,-0.239561855793,0.634389162064,-0.166749507189,-0.358260601759,0.605664730072,-0.178704485297,-0.362434744835
1778097163.42,0.576832830906,-0.12528270483,0.447513729334,0.588317513466,-0.128598183393,0.351914346218,0.597618818283,-0.129680544138,0.253419935703,0.607072591782,-0.130487650633,0.153089821339,0.614639639854,-0.133592218161,0.0570146255195,0.622470140457,-0.135821938515,-0.0442290604115,0.628307580948,-0.143865093589,-0.141489923,0.633981585503,-0.15165810287,-0.239216297865,0.636329770088,-0.162671968341,-0.358266025782,0.606825470924,-0.175345540047,-0.362434744835
1778097163.43,0.576961517334,-0.123927123845,0.447151064873,0.588144183159,-0.127195596695,0.351421922445,0.597130417824,-0.127717345953,0.253421962261,0.606889843941,-0.128541111946,0.152686595917,0.615252733231,-0.13124153018,0.0552275702357,0.623695492744,-0.134915471077,-0.0431351810694,0.629064679146,-0.141606628895,-0.140922993422,0.635542869568,-0.14769873023,-0.240235447884,0.638821482658,-0.158450782299,-0.358983039856,0.607978582382,-0.171907067299,-0.362434744835
1778097163.44,0.577091097832,-0.122395113111,0.446786314249,0.588351607323,-0.12580396235,0.351398676634,0.597136378288,-0.126634895802,0.252618968487,0.606515049934,-0.127480790019,0.152760133147,0.615065336227,-0.130041494966,0.0553395301104,0.623858332634,-0.132463485003,-0.0438002198935,0.629613280296,-0.139510720968,-0.140615195036,0.637138724327,-0.144936352968,-0.239828526974,0.640892386436,-0.154225334525,-0.359864145517,0.609123110771,-0.168388098478,-0.362434744835
1778097163.46,0.577187895775,-0.120946109295,0.44641405344,0.587612867355,-0.124592699111,0.352116405964,0.596544027328,-0.124881222844,0.252358913422,0.606227636337,-0.12588326633,0.151912093163,0.614860892296,-0.128170177341,0.0544962361455,0.623995780945,-0.131876915693,-0.0423433929682,0.630240082741,-0.136775642633,-0.141152203083,0.638390779495,-0.141620278358,-0.240428209305,0.642823576927,-0.150037825108,-0.359934777021,0.610257744789,-0.164787724614,-0.362434744835
1778097163.46,0.577272474766,-0.119528569281,0.446021795273,0.587678670883,-0.123081304133,0.351251542568,0.595896601677,-0.123978801072,0.252393007278,0.605440735817,-0.124718308449,0.151386365294,0.614192843437,-0.127161681652,0.0549468249083,0.624027371407,-0.128860682249,-0.0447058230639,0.630653500557,-0.134058669209,-0.141624361277,0.639350295067,-0.13820040226,-0.240690022707,0.645689845085,-0.145884200931,-0.361171990633,0.611381649971,-0.16110509634,-0.362434744835
1778097163.47,0.57735401392,-0.118079468608,0.445607841015,0.587607145309,-0.121584445238,0.350025117397,0.595643639565,-0.122529581189,0.251310229301,0.604862689972,-0.123624771833,0.15136988461,0.613687515259,-0.125331550837,0.0540459379554,0.622781395912,-0.12641492486,-0.0459788739681,0.631012678146,-0.131870940328,-0.142899721861,0.640966057777,-0.135684475303,-0.24051463604,0.647431373596,-0.141307711601,-0.361175447702,0.612493634224,-0.15733936429,-0.362434744835
1778097163.48,0.577432990074,-0.116585806012,0.445216566324,0.58755004406,-0.120258145034,0.349641263485,0.595127224922,-0.121587745845,0.250659525394,0.604091763496,-0.122724995017,0.151189625263,0.61273431778,-0.124759688973,0.0542260184884,0.62257194519,-0.125236272812,-0.0461313873529,0.631641030312,-0.129219025373,-0.143626570702,0.641484260559,-0.132351130247,-0.241078972816,0.649849414825,-0.137167066336,-0.361587256193,0.613592505455,-0.153489738703,-0.362434744835
1778097163.49,0.577546358109,-0.114838957787,0.444783776999,0.587126970291,-0.119171328843,0.350112736225,0.594542741776,-0.120428100228,0.250473111868,0.603179931641,-0.121375262737,0.150091037154,0.612121462822,-0.122695103288,0.0523039400578,0.62172806263,-0.122988782823,-0.0475025177002,0.631163358688,-0.126132637262,-0.145224183798,0.642348051071,-0.128218859434,-0.242412686348,0.651659607887,-0.131813928485,-0.361645847559,0.614677190781,-0.149555429816,-0.362434744835
1778097163.5,0.577664017677,-0.113350614905,0.444427460432,0.586497545242,-0.117744937539,0.349603354931,0.59399664402,-0.119341559708,0.25022315979,0.60260283947,-0.120777256787,0.15010279417,0.611501932144,-0.121828690171,0.0525369420648,0.62139582634,-0.122026629746,-0.0470608472824,0.631486773491,-0.124127402902,-0.145176827908,0.64336180687,-0.12558594346,-0.241399824619,0.653168678284,-0.127362444997,-0.361624270678,0.615746498108,-0.145535737276,-0.362434744835
1778097163.51,0.577838540077,-0.111625298858,0.444065928459,0.586174607277,-0.116594672203,0.349409401417,0.593592405319,-0.118468940258,0.250051319599,0.60186123848,-0.11961941421,0.149731561542,0.610669374466,-0.120465070009,0.0514173284173,0.620482444763,-0.120175875723,-0.0478248745203,0.631058216095,-0.12190951407,-0.14574354887,0.643296837807,-0.122610844672,-0.241362631321,0.655344963074,-0.123201109469,-0.362491160631,0.616799116135,-0.141429945827,-0.362434744835
1778097163.52,0.578071415424,-0.109732076526,0.443743616343,0.586059212685,-0.115067102015,0.349097460508,0.593347430229,-0.116512820125,0.248582810163,0.60125374794,-0.118453167379,0.149294286966,0.609960794449,-0.119318172336,0.0509787872434,0.620389103889,-0.118992127478,-0.0477105826139,0.630412340164,-0.118896514177,-0.147259116173,0.644381999969,-0.119000554085,-0.241286218166,0.656934857368,-0.118596993387,-0.362519532442,0.617834091187,-0.137237399817,-0.362434744835
1778097163.53,0.578359901905,-0.107722036541,0.443461060524,0.586193203926,-0.113796986639,0.348514378071,0.592924714088,-0.11590770632,0.248567819595,0.600708723068,-0.11707226187,0.148518636823,0.609272480011,-0.11812145263,0.0510396882892,0.620002865791,-0.117276675999,-0.047835752368,0.63027536869,-0.116745218635,-0.146483212709,0.644584536552,-0.115832820535,-0.241044610739,0.6585739851,-0.113960281014,-0.36251270771,0.618849873543,-0.132957473397,-0.362434744835
1778097163.54,0.578711569309,-0.105572670698,0.443230569363,0.585429310799,-0.112150721252,0.348771691322,0.592357158661,-0.114206932485,0.248340383172,0.599866747856,-0.115688271821,0.148080006242,0.608252048492,-0.11680329591,0.0511875227094,0.620750546455,-0.115709118545,-0.0469235181808,0.630436301231,-0.113883301616,-0.147386103868,0.645484805107,-0.112395949662,-0.242373943329,0.659507513046,-0.109309017658,-0.362343907356,0.619845509529,-0.128589510918,-0.362434744835
1778097163.55,0.57914608717,-0.103191971779,0.443067342043,0.585678935051,-0.110339723527,0.347961306572,0.592080235481,-0.112599171698,0.247869744897,0.599404096603,-0.114465862513,0.148331329226,0.607856154442,-0.114906184375,0.0500390008092,0.618045687675,-0.112282305956,-0.0502524673939,0.630244493484,-0.111264795065,-0.147970438004,0.645921707153,-0.108811467886,-0.242589324713,0.660798430443,-0.104806572199,-0.362539231777,0.620819568634,-0.124132968485,-0.362434744835
1778097163.56,0.579655885696,-0.1006443277,0.442949205637,0.585970640182,-0.107851155102,0.346497476101,0.591838479042,-0.110919125378,0.24754832685,0.598922729492,-0.112799271941,0.147622644901,0.607537150383,-0.113157108426,0.0498456060886,0.618120312691,-0.110102325678,-0.0501250326633,0.63067650795,-0.108593814075,-0.147565841675,0.646043658257,-0.105055727065,-0.241912066936,0.66208589077,-0.100635513663,-0.36340084672,0.621770858765,-0.119587235153,-0.362434744835
1778097163.57,0.580242931843,-0.097873583436,0.442870795727,0.585943460464,-0.105837896466,0.347333222628,0.592221736908,-0.108929269016,0.247309848666,0.598775982857,-0.110490337014,0.147466778755,0.607574939728,-0.111165724695,0.0496865436435,0.619345068932,-0.108656831086,-0.0494994819164,0.631094694138,-0.105867750943,-0.147653639317,0.647347450256,-0.101805366576,-0.243461430073,0.662784457207,-0.0962376967072,-0.363327950239,0.622698187828,-0.114951737225,-0.362434744835
1778097163.58,0.580706655979,-0.0958391577005,0.442835628986,0.586668610573,-0.103235423565,0.34635591507,0.591294527054,-0.106771163642,0.247726231813,0.59892821312,-0.108292303979,0.14686575532,0.607223153114,-0.108676627278,0.0496633499861,0.620121359825,-0.106562070549,-0.0480902493,0.630842208862,-0.102410659194,-0.148153156042,0.647243380547,-0.0981996282935,-0.242962986231,0.662732243538,-0.0925152525306,-0.36251527071,0.623583436012,-0.110315904021,-0.362434744835
1778097163.59,0.581674993038,-0.0917806699872,0.442811191082,0.587040781975,-0.100966513157,0.34669098258,0.592067480087,-0.104131244123,0.247163832188,0.599226474762,-0.10574157536,0.146929547191,0.607483863831,-0.106144919991,0.049254797399,0.61910867691,-0.103198952973,-0.0487394630909,0.631612658501,-0.0996341705322,-0.147990435362,0.647370457649,-0.0946379154921,-0.242680519819,0.663379311562,-0.0881391093135,-0.362672388554,0.624427318573,-0.105680815876,-0.362434744835
1778097163.6,0.582499623299,-0.0885030850768,0.442844301462,0.587641716003,-0.0982885956764,0.34691208601,0.593056797981,-0.101199701428,0.246769145131,0.599277377129,-0.102952606976,0.147049725056,0.607852697372,-0.103094525635,0.0495543777943,0.620809912682,-0.100513584912,-0.04812759161,0.632050037384,-0.0961612984538,-0.147835344076,0.64808011055,-0.0910394564271,-0.242820799351,0.663900971413,-0.0840240418911,-0.363416403532,0.625230908394,-0.101047448814,-0.362434744835
1778097163.61,0.583430588245,-0.0849784240127,0.442911505699,0.588496685028,-0.0949774757028,0.346556305885,0.593374013901,-0.0976937264204,0.246468961239,0.600117921829,-0.100337862968,0.147657111287,0.608654856682,-0.0997204631567,0.0489454641938,0.619553685188,-0.0956814065576,-0.0508226156235,0.632608413696,-0.092771448195,-0.147938042879,0.648140072823,-0.087489426136,-0.243828982115,0.663530826569,-0.0799716264009,-0.362905353308,0.625994801521,-0.0964166745543,-0.362434744835
1778097163.63,0.58443903923,-0.0813783407211,0.443013310432,0.589590668678,-0.0915692746639,0.346304535866,0.594156384468,-0.0952166691422,0.247667968273,0.601289391518,-0.0970270633698,0.147522896528,0.609203696251,-0.0964723899961,0.0493601709604,0.620268464088,-0.0918126478791,-0.0506349205971,0.632749915123,-0.0891026929021,-0.148157328367,0.648739814758,-0.0838515236974,-0.24254873395,0.663409471512,-0.0766897648573,-0.362894028425,0.62671995163,-0.091789253056,-0.362434744835
1778097163.63,0.58554404974,-0.0776603221893,0.443166822195,0.590426683426,-0.0881185084581,0.346752762794,0.595772624016,-0.0910393819213,0.24691644311,0.602404475212,-0.0931483656168,0.147421658039,0.610375404358,-0.0925527960062,0.0489605292678,0.62151491642,-0.0889493823051,-0.0499359071255,0.633546948433,-0.0853631198406,-0.148299336433,0.649313807487,-0.0802002549171,-0.243606865406,0.663453817368,-0.0724266394973,-0.363890111446,0.627406954765,-0.0871658548713,-0.362434744835
1778097163.65,0.586629867554,-0.0740981325507,0.44335219264,0.591588258743,-0.0844751298428,0.346541285515,0.597384095192,-0.0871065035462,0.246708780527,0.603506326675,-0.0889234170318,0.147665768862,0.611399054527,-0.088943310082,0.049104757607,0.622746944427,-0.0854592323303,-0.0491689294577,0.633352041245,-0.0811551511288,-0.148567348719,0.648802876472,-0.0764419957995,-0.242696940899,0.662645220757,-0.069121606648,-0.363642156124,0.628056883812,-0.0825470536947,-0.362434744835
1778097163.65,0.58740478754,-0.0716498270631,0.443483173847,0.593419075012,-0.0804007053375,0.34654790163,0.598505496979,-0.0831477344036,0.24731631577,0.605231046677,-0.0847214460373,0.147345677018,0.613215684891,-0.0847148671746,0.0495755597949,0.624429821968,-0.0818497985601,-0.0483933836222,0.634032964706,-0.0775240585208,-0.14833933115,0.648934006691,-0.0731402263045,-0.243417948484,0.661537766457,-0.0656470730901,-0.363199234009,0.628670215607,-0.0779333114624,-0.362434744835
1778097163.66,0.589312255383,-0.0657914429903,0.443762689829,0.594797968864,-0.0762323364615,0.346873521805,0.600120425224,-0.0789907351136,0.248002380133,0.606852173805,-0.0800332203507,0.14746633172,0.614539980888,-0.0799951329827,0.0498584955931,0.623844742775,-0.0764954686165,-0.0502101033926,0.635017752647,-0.0734428465366,-0.147881150246,0.648774862289,-0.069066002965,-0.243225306273,0.661192655563,-0.0621955096722,-0.36457195878,0.629247903824,-0.0733250156045,-0.362434744835
1778097163.67,0.590766072273,-0.0614188313484,0.443965494633,0.596463561058,-0.0719332545996,0.346869856119,0.602423548698,-0.0743258371949,0.247817546129,0.608672857285,-0.0757091715932,0.148083209991,0.616044521332,-0.0758396238089,0.0508321002126,0.625339508057,-0.0719476938248,-0.049774363637,0.634976625443,-0.0687582120299,-0.148495107889,0.648228287697,-0.0655468851328,-0.242296129465,0.659926891327,-0.0592252984643,-0.363680332899,0.62979054451,-0.0687224492431,-0.362434744835
1778097163.68,0.592448413372,-0.0565122738481,0.444235801697,0.598438024521,-0.0673083513975,0.347587347031,0.604370832443,-0.0694774314761,0.248081624508,0.610826134682,-0.0704373419285,0.148099854589,0.617431282997,-0.0703923553228,0.0506509169936,0.626257061958,-0.0668847262859,-0.0499324947596,0.63601565361,-0.0645933300257,-0.147738039494,0.648039579391,-0.0609164573252,-0.242634415627,0.658378601074,-0.0561559870839,-0.363578408957,0.630298852921,-0.0641258358955,-0.362434744835
1778097163.7,0.593740642071,-0.0528773330152,0.444519996643,0.599899888039,-0.0631479769945,0.348112672567,0.605942130089,-0.0646310895681,0.248408049345,0.612636685371,-0.0656525567174,0.148594602942,0.619505047798,-0.065163873136,0.050310112536,0.627851486206,-0.06222692132,-0.0489190369844,0.637116670609,-0.0605034902692,-0.146899163723,0.647317171097,-0.0578043796122,-0.24270132184,0.658275127411,-0.0525968447328,-0.365448564291,0.630773425102,-0.0595352724195,-0.362434744835
1778097163.7,0.595368802547,-0.0483992695808,0.444769948721,0.602163910866,-0.0583835728467,0.348534792662,0.608120322227,-0.0596938878298,0.248642459512,0.614430189133,-0.0602856427431,0.148408681154,0.621238470078,-0.0601321235299,0.0508415177464,0.629715919495,-0.057283680886,-0.0489412546158,0.637600183487,-0.0560178160667,-0.146792709827,0.647854566574,-0.053741440177,-0.243020117283,0.656175017357,-0.0497175455093,-0.364013999701,0.63121509552,-0.0549508221447,-0.362434744835
1778097163.72,0.597023129463,-0.0438861623406,0.445013523102,0.602163910866,-0.0583835728467,0.348534792662,0.608120322227,-0.0596938878298,0.248642459512,0.614430189133,-0.0602856427431,0.148408681154,0.621238470078,-0.0601321235299,0.0508415177464,0.629715919495,-0.057283680886,-0.0489412546158,0.637600183487,-0.0560178160667,-0.146792709827,0.647854566574,-0.053741440177,-0.243020117283,0.656175017357,-0.0497175455093,-0.364013999701,0.631624341011,-0.0503724478185,-0.362434744835
1778097163.72,0.598987102509,-0.0383263416588,0.445343494415,0.606142997742,-0.0483605563641,0.348446309566,0.612184047699,-0.049331177026,0.24907502532,0.619049668312,-0.0497362725437,0.149047344923,0.624608516693,-0.049477674067,0.0518379658461,0.632206439972,-0.0466313995421,-0.0485733598471,0.638810753822,-0.0469007045031,-0.146477133036,0.647498011589,-0.0462323799729,-0.242581635714,0.652866244316,-0.0443729124963,-0.363528877497,0.632001757622,-0.0458000451326,-0.362434744835
1778097163.73,0.600562632084,-0.0335500538349,0.445520341396,0.608178853989,-0.0434498563409,0.34907528758,0.614382743835,-0.0441312715411,0.249568611383,0.620211839676,-0.0443038865924,0.14987950027,0.62663435936,-0.0435982681811,0.0513858944178,0.633166432381,-0.0414920672774,-0.0483520627022,0.639267683029,-0.0422316752374,-0.145347654819,0.647179841995,-0.041923776269,-0.242829442024,0.651233434677,-0.0410741791129,-0.363940000534,0.632347941399,-0.041233446449,-0.362434744835
1778097163.74,0.602102041245,-0.0288702081889,0.445583760738,0.610174417496,-0.0384808890522,0.349046260118,0.616061449051,-0.03905903548,0.250618636608,0.62243938446,-0.0384743362665,0.149627715349,0.628021121025,-0.0383660160005,0.0523089468479,0.634304285049,-0.0363429300487,-0.048245370388,0.639444351196,-0.0378268696368,-0.144644618034,0.646144986153,-0.0376316942275,-0.24296978116,0.65021276474,-0.0384210012853,-0.364448815584,0.632663249969,-0.036672424525,-0.362434744835
1778097163.75,0.603439569473,-0.0247754193842,0.44558930397,0.611951231956,-0.033364739269,0.348916977644,0.618373990059,-0.0334927253425,0.250079065561,0.624326467514,-0.0334527790546,0.150410443544,0.629871487617,-0.0328163653612,0.0518964380026,0.635585427284,-0.03132404387,-0.0482414364815,0.640596389771,-0.0324749685824,-0.146091908216,0.645937681198,-0.0338132232428,-0.243353784084,0.648161172867,-0.0356218069792,-0.363322585821,0.632948279381,-0.0321166813374,-0.362434744835
1778097163.76,0.604987680912,-0.0197832044214,0.445622324944,0.611951231956,-0.033364739269,0.348916977644,0.618373990059,-0.0334927253425,0.250079065561,0.624326467514,-0.0334527790546,0.150410443544,0.629871487617,-0.0328163653612,0.0518964380026,0.635585427284,-0.03132404387,-0.0482414364815,0.640596389771,-0.0324749685824,-0.146091908216,0.645937681198,-0.0338132232428,-0.243353784084,0.648161172867,-0.0356218069792,-0.363322585821,0.63320338726,-0.0275658816099,-0.362434744835
1778097163.77,0.606330633163,-0.0152199771255,0.4456346035,0.615735530853,-0.023791404441,0.349387437105,0.621902942657,-0.0234514512122,0.250573396683,0.62755715847,-0.0229980498552,0.150816768408,0.632640600204,-0.0224061626941,0.0523545220494,0.637402653694,-0.0213321652263,-0.047799795866,0.640910744667,-0.0234939139336,-0.146322518587,0.644959568977,-0.0262303519994,-0.243315696716,0.645075798035,-0.0296926144511,-0.363936454058,0.633429050446,-0.0230196323246,-0.362434744835
1778097163.79,0.607331454754,-0.0115568647161,0.445540994406,0.615735530853,-0.023791404441,0.349387437105,0.621902942657,-0.0234514512122,0.250573396683,0.62755715847,-0.0229980498552,0.150816768408,0.632640600204,-0.0224061626941,0.0523545220494,0.637402653694,-0.0213321652263,-0.047799795866,0.640910744667,-0.0234939139336,-0.146322518587,0.644959568977,-0.0262303519994,-0.243315696716,0.645075798035,-0.0296926144511,-0.363936454058,0.633625507355,-0.018477499485,-0.362434744835
1778097163.8,0.608732521534,-0.00594790279865,0.44534304738,0.619162082672,-0.0141783114523,0.349372476339,0.625749588013,-0.01304889936,0.249883800745,0.630645275116,-0.0123071381822,0.15059107542,0.635217785835,-0.0120100295171,0.0522659942508,0.638751268387,-0.0114443972707,-0.0481054335833,0.64030957222,-0.0155404703692,-0.145030379295,0.64317381382,-0.0187395382673,-0.243367701769,0.641453742981,-0.0237192902714,-0.363395214081,0.633793115616,-0.0139390071854,-0.362434744835
1778097163.8,0.609798192978,-0.00147380982526,0.445225894451,0.620337486267,-0.00876623950899,0.348672091961,0.626980066299,-0.00833268649876,0.250108867884,0.63215649128,-0.00716555584222,0.150415405631,0.63594853878,-0.00772115821019,0.052877753973,0.638630628586,-0.00678526842967,-0.0485097914934,0.639532446861,-0.0112165454775,-0.144879877567,0.641973376274,-0.0153602799401,-0.242875814438,0.640090942383,-0.0202004071325,-0.363530248404,0.633932232857,-0.00940364878625,-0.362434744835
1778097163.81,0.610764205456,0.00299170659855,0.445079088211,0.621925711632,-0.0043791490607,0.349147856236,0.628185153008,-0.00344062130898,0.249921604991,0.633080720901,-0.00232710596174,0.149495646358,0.636483430862,-0.0027079039719,0.0519286468625,0.639252662659,-0.00251600355841,-0.0481035858393,0.639903306961,-0.00724325701594,-0.145265579224,0.641597032547,-0.0112488064915,-0.243864953518,0.638215899467,-0.0172458179295,-0.363762587309,0.634042978287,-0.00487088924274,-0.362434744835
1778097163.83,0.611203730106,0.00518090184778,0.444954365492,0.622821092606,0.00035857129842,0.349198430777,0.62929058075,0.00130879878998,0.249612912536,0.633931279182,0.00207175686955,0.149823307991,0.63685297966,0.0014273696579,0.0524189099669,0.639864802361,0.00116474693641,-0.0475066900253,0.639904856682,-0.00338554847986,-0.145530283451,0.640866994858,-0.00775870494545,-0.243696242571,0.636612772942,-0.0137269729748,-0.3636739254,0.634125590324,-0.000340168597177,-0.362434744835
1778097163.83,0.612295389175,0.0111740054563,0.444605976343,0.623684406281,0.00476041529328,0.349421322346,0.629468917847,0.00557676516473,0.250071227551,0.634502887726,0.00616124365479,0.14978146553,0.63717019558,0.00594606623054,0.051451459527,0.639699578285,0.00512296427041,-0.0476636141539,0.638528466225,-1.35228037834e-06,-0.14470615983,0.639616012573,-0.003670131322,-0.244235873222,0.635900139809,-0.0102457329631,-0.364457935095,0.63418006897,0.00418909080327,-0.362434744835
1778097163.84,0.612945020199,0.01557681337,0.444368034601,0.624568581581,0.00968401040882,0.348404526711,0.630675554276,0.0100973518565,0.24892885983,0.634805798531,0.0105140488595,0.149683922529,0.637250304222,0.00978964660317,0.0520405173302,0.639356255531,0.00876802857965,-0.0476976633072,0.638316035271,0.00375996530056,-0.14494562149,0.639181256294,-0.000143219949678,-0.244400620461,0.634199380875,-0.0069440100342,-0.364383488894,0.634206652641,0.00871747918427,-0.362434744835
1778097163.85,0.613507866859,0.0204823669046,0.444108307362,0.625182986259,0.013933962211,0.348269999027,0.630836129189,0.0143177192658,0.248864799738,0.634690642357,0.0143557246774,0.149470031261,0.637121200562,0.0137418136001,0.0508550181985,0.639218568802,0.0125429499894,-0.0486298203468,0.637766361237,0.00766401365399,-0.145145535469,0.637837290764,0.00275151384994,-0.244266033173,0.632389783859,-0.0032633561641,-0.364356547594,0.634205341339,0.0132455956191,-0.362434744835
1778097163.86,0.613887131214,0.0247824117541,0.443855315447,0.625521063805,0.0178687553853,0.348439574242,0.630873918533,0.0181751064956,0.248517751694,0.634803652763,0.0183985717595,0.148768022656,0.636786103249,0.017606722191,0.050576210022,0.638136506081,0.0171118564904,-0.0495608896017,0.636650919914,0.0109831532463,-0.145877063274,0.637227535248,0.00716702546924,-0.245544970036,0.631595730782,0.000163680873811,-0.365212500095,0.634176135063,0.0177740417421,-0.362434744835
1778097163.87,0.614075183868,0.0277807712555,0.443667650223,0.625521063805,0.0178687553853,0.348439574242,0.630873918533,0.0181751064956,0.248517751694,0.634803652763,0.0183985717595,0.148768022656,0.636786103249,0.017606722191,0.050576210022,0.638136506081,0.0171118564904,-0.0495608896017,0.636650919914,0.0109831532463,-0.145877063274,0.637227535248,0.00716702546924,-0.245544970036,0.631595730782,0.000163680873811,-0.365212500095,0.634118914604,0.0223034135997,-0.362434744835
1778097163.88,0.614294409752,0.0332125462592,0.443316429853,0.626165270805,0.0262861084193,0.34749853611,0.631023049355,0.0261031035334,0.247859284282,0.633902788162,0.0255859456956,0.148313477635,0.635726809502,0.0243429280818,0.0498508140445,0.63668191433,0.022979548201,-0.0494748353958,0.634722590446,0.0180867761374,-0.146158248186,0.634926438332,0.0137701611966,-0.245444089174,0.629178166389,0.00786147266626,-0.365346133709,0.634033679962,0.0268343035132,-0.362434744835
1778097163.89,0.614349544048,0.0372610241175,0.443096756935,0.626315593719,0.0306757539511,0.347100317478,0.630279421806,0.0296019464731,0.247839674354,0.633098483086,0.0286716371775,0.14833047986,0.634363889694,0.0273122861981,0.0504720956087,0.635058641434,0.0269582290202,-0.0510262995958,0.634209036827,0.0212414562702,-0.147206783295,0.63405251503,0.0176108311862,-0.246641248465,0.628308653831,0.0115564679727,-0.366167217493,0.633920311928,0.0313672833145,-0.362434744835
1778097163.9,0.614281117916,0.0415178649127,0.442907691002,0.625960350037,0.0343837887049,0.347561597824,0.629889965057,0.0331616587937,0.247906118631,0.632232666016,0.0323524624109,0.147550910711,0.632888197899,0.0302734188735,0.0508330985904,0.634473443031,0.0289046391845,-0.0494219660759,0.632462978363,0.0243803113699,-0.146896570921,0.632609009743,0.0206805821508,-0.246263384819,0.627042889595,0.0153679177165,-0.366137266159,0.633778572083,0.0359029173851,-0.362434744835
1778097163.91,0.614096045494,0.0457716099918,0.442730367184,0.625930309296,0.0384195037186,0.347160100937,0.629141926765,0.0372238457203,0.247984692454,0.631461381912,0.0355589352548,0.147262617946,0.632501363754,0.033526070416,0.0491336807609,0.633232355118,0.0322763621807,-0.0506593734026,0.631548523903,0.027608178556,-0.147736519575,0.631295204163,0.0245612338185,-0.246308028698,0.626482129097,0.0193743444979,-0.367029309273,0.633608222008,0.0404417291284,-0.362434744835
1778097163.93,0.613810479641,0.0500020608306,0.442589432001,0.625578999519,0.0427677556872,0.346325814724,0.628208518028,0.0408341437578,0.247756868601,0.630426287651,0.0389168448746,0.147265359759,0.631083965302,0.0367604605854,0.0488844513893,0.632156610489,0.0350051894784,-0.0505919009447,0.630150437355,0.0307125411928,-0.148390889168,0.629478216171,0.0277336575091,-0.246036678553,0.625557780266,0.0233141407371,-0.367014378309,0.633408904076,0.0449842326343,-0.362434744835
1778097163.93,0.61343228817,0.0542501173913,0.442495435476,0.625060796738,0.0464257225394,0.346495330334,0.628045916557,0.0444245971739,0.246919110417,0.629143714905,0.0420059226453,0.147393062711,0.629441142082,0.0393345765769,0.0498429015279,0.630951762199,0.037542834878,-0.0505765527487,0.628183484077,0.0337992794812,-0.147653132677,0.628816246986,0.0312377922237,-0.247096776962,0.624214887619,0.0273448266089,-0.367491006851,0.633180499077,0.0495308935642,-0.362434744835
1778097163.95,0.612971544266,0.0583449192345,0.442432045937,0.625060796738,0.0464257225394,0.346495330334,0.628045916557,0.0444245971739,0.246919110417,0.629143714905,0.0420059226453,0.147393062711,0.629441142082,0.0393345765769,0.0498429015279,0.630951762199,0.037542834878,-0.0505765527487,0.628183484077,0.0337992794812,-0.147653132677,0.628816246986,0.0312377922237,-0.247096776962,0.624214887619,0.0273448266089,-0.367491006851,0.632922649384,0.0540821440518,-0.362434744835
1778097163.95,0.612509191036,0.062064230442,0.442395091057,0.623015642166,0.0544655099511,0.346853464842,0.625928282738,0.0514900274575,0.246518939734,0.626413345337,0.0480149537325,0.147094994783,0.627129793167,0.0456804968417,0.0483400300145,0.627056717873,0.0430520176888,-0.0492861121893,0.626517653465,0.0402128174901,-0.149321466684,0.626440525055,0.0386631973088,-0.247198909521,0.622856140137,0.0358037985861,-0.367530554533,0.632634758949,0.0586383715272,-0.362434744835
1778097163.96,0.611893236637,0.0667306110263,0.442400038242,0.622262120247,0.0585434474051,0.34583902359,0.624534130096,0.0551984608173,0.246518775821,0.625335931778,0.0519435107708,0.146049484611,0.624996066093,0.0485060736537,0.0492641404271,0.62577009201,0.0472308509052,-0.0512810647488,0.624883413315,0.0437153019011,-0.149208426476,0.625136256218,0.0417740382254,-0.247050583363,0.622258543968,0.0392752736807,-0.368417948484,0.632316470146,0.0631999075413,-0.362434744835
1778097163.97,0.611268520355,0.0710617974401,0.442446470261,0.621591687202,0.0625507757068,0.345691740513,0.62296795845,0.0588213279843,0.246224924922,0.623801708221,0.0551897473633,0.146717429161,0.623110175133,0.0518962517381,0.0495379939675,0.624504685402,0.0504319965839,-0.0507854670286,0.623255133629,0.0476887226105,-0.149380356073,0.624503850937,0.0456668101251,-0.247628867626,0.621757030487,0.0436552688479,-0.368632346392,0.631967425346,0.067767046392,-0.362434744835
1778097163.98,0.610567986965,0.0753814578056,0.442543685436,0.620178580284,0.0662947967649,0.346527695656,0.621795535088,0.0621922761202,0.246432468295,0.621868610382,0.0585717484355,0.147224903107,0.622339606285,0.0559028722346,0.0480431243777,0.622927308083,0.0537013709545,-0.0509327948093,0.621736526489,0.0505309440196,-0.148712188005,0.623246192932,0.049522485584,-0.247182518244,0.620756268501,0.0479833818972,-0.368227899075,0.631587147713,0.0723400041461,-0.362434744835
1778097163.99,0.609820127487,0.0796333923936,0.442689627409,0.619379758835,0.0704009458423,0.346500366926,0.620807409286,0.0662655755877,0.246203452349,0.620749354362,0.0621188804507,0.146714776754,0.620671272278,0.059032253921,0.0484991371632,0.621441483498,0.0567166469991,-0.0501738041639,0.620479822159,0.0546375885606,-0.14855119586,0.622207164764,0.0529400333762,-0.247151315212,0.619865894318,0.0519413389266,-0.367694228888,0.63117480278,0.076918952167,-0.362434744835
1778097164,0.609043121338,0.0837882310152,0.442890018225,0.618048191071,0.0743253901601,0.346020132303,0.619076490402,0.0698767527938,0.246769577265,0.619003653526,0.0663291439414,0.146821200848,0.618631362915,0.0624831989408,0.0494639649987,0.620122313499,0.0615160614252,-0.0512683838606,0.619231343269,0.0585431717336,-0.149099379778,0.621510744095,0.057140879333,-0.247487306595,0.619353294373,0.056043125689,-0.368025660515,0.630730032921,0.0815039798617,-0.362434744835
1778097164.02,0.608242094517,0.0880243629217,0.443149477243,0.617032885551,0.0785360708833,0.346680879593,0.617686271667,0.0739566385746,0.24681660533,0.617676615715,0.069692671299,0.147220224142,0.61763215065,0.0664643570781,0.0491194352508,0.618689656258,0.0650481283665,-0.0505682080984,0.618274688721,0.0623400434852,-0.148657053709,0.61997449398,0.0612151548266,-0.247092574835,0.61864066124,0.06014636904,-0.368049234152,0.630252242088,0.0860951095819,-0.362434744835
1778097164.02,0.607396900654,0.0923430398107,0.443437427282,0.616358876228,0.0829554125667,0.346171557903,0.615982055664,0.0781704112887,0.247414827347,0.616181373596,0.0737304538488,0.147414058447,0.616059303284,0.0707614347339,0.048700094223,0.617313146591,0.0689508467913,-0.0501613765955,0.61780166626,0.0664542093873,-0.149705559015,0.619217395782,0.065257884562,-0.247043997049,0.617750644684,0.0643336996436,-0.367866545916,0.629740715027,0.0906923040748,-0.362434744835
1778097164.03,0.606500267982,0.0966545715928,0.443737894297,0.614868044853,0.0870039314032,0.346704542637,0.615361332893,0.0828126370907,0.246978789568,0.61492729187,0.0782081931829,0.147456660867,0.6146235466,0.0745169222355,0.0500421449542,0.616312503815,0.0732379481196,-0.0499011874199,0.616521477699,0.0706581622362,-0.149157434702,0.618209242821,0.0695584118366,-0.246666014194,0.617058396339,0.0678766667843,-0.367479175329,0.62919485569,0.0952954143286,-0.362434744835
1778097164.04,0.605525374413,0.101083211601,0.444075554609,0.614161968231,0.0916020646691,0.347069621086,0.614052653313,0.0870008245111,0.247042059898,0.613910913467,0.0828620940447,0.14735352993,0.613355398178,0.0791016742587,0.050093755126,0.614743828773,0.0773678869009,-0.0499233007431,0.614892363548,0.0745742097497,-0.14785477519,0.617332816124,0.0734989792109,-0.246446073055,0.615985274315,0.0720253065228,-0.367027342319,0.628613829613,0.0999042391777,-0.362434744835
1778097164.05,0.604524195194,0.105395980179,0.444437116385,0.613579630852,0.0959249511361,0.346980065107,0.613424777985,0.0912795439363,0.247617915273,0.612443327904,0.0868606120348,0.148244678974,0.611995458603,0.0835234001279,0.0506116524339,0.613678097725,0.0815159752965,-0.0488089174032,0.614026665688,0.0792113095522,-0.148423105478,0.616576433182,0.0777626037598,-0.246225506067,0.615543723106,0.0761358365417,-0.366766244173,0.627997040749,0.104518473148,-0.362434744835
1778097164.06,0.60350728035,0.109578467906,0.444810330868,0.612198710442,0.100286476314,0.347659707069,0.612411379814,0.0959917753935,0.24793638289,0.611551761627,0.0918953642249,0.148260802031,0.611430764198,0.0883352532983,0.050470970571,0.612398386002,0.0866818279028,-0.0496250241995,0.612835764885,0.0831568688154,-0.147275835276,0.615294933319,0.0818916857243,-0.245981693268,0.615305781364,0.0798301547766,-0.367337405682,0.627343773842,0.109137736261,-0.362434744835
1778097164.08,0.60243165493,0.113778188825,0.445224434137,0.611378192902,0.104981802404,0.347728490829,0.611344575882,0.100878491998,0.248314857483,0.610710501671,0.0968627929688,0.148662164807,0.610429644585,0.0929939895868,0.0508938133717,0.612059354782,0.0912877544761,-0.0488038063049,0.612158060074,0.0881425142288,-0.147733867168,0.614399671555,0.0866538956761,-0.24552667141,0.614007115364,0.0834587141871,-0.366546154022,0.626653075218,0.113761536777,-0.362434744835
1778097164.09,0.601524710655,0.117158629,0.445553004742,0.611378192902,0.104981802404,0.347728490829,0.611344575882,0.100878491998,0.248314857483,0.610710501671,0.0968627929688,0.148662164807,0.610429644585,0.0929939895868,0.0508938133717,0.612059354782,0.0912877544761,-0.0488038063049,0.612158060074,0.0881425142288,-0.147733867168,0.614399671555,0.0866538956761,-0.24552667141,0.614007115364,0.0834587141871,-0.366546154022,0.625924348831,0.118389308453,-0.362434744835
1778097164.09,0.600231409073,0.121774405241,0.446014404297,0.608877539635,0.114491358399,0.348357439041,0.609003186226,0.110721051693,0.24951416254,0.609040498734,0.106550060213,0.149768292904,0.609073638916,0.103352241218,0.051266387105,0.609774708748,0.101319551468,-0.0484432429075,0.610547542572,0.0970632582903,-0.146267592907,0.61243224144,0.0948644280434,-0.244285821915,0.613305687904,0.0915257260203,-0.366432934999,0.625156760216,0.123020365834,-0.362434744835
1778097164.1,0.599005162716,0.126019820571,0.446445852518,0.608005523682,0.119111642241,0.348317742348,0.608400583267,0.115446723998,0.249691739678,0.608768343925,0.111843407154,0.1498093009,0.608476042747,0.108985453844,0.0511350333691,0.609375238419,0.106117554009,-0.0476188510656,0.609894990921,0.101725265384,-0.146274507046,0.612061023712,0.0996487662196,-0.244180500507,0.611936688423,0.0956798046827,-0.365500062704,0.624349474907,0.127653926611,-0.362434744835
1778097164.11,0.597736179829,0.13013958931,0.446895182133,0.606518626213,0.123122647405,0.349984526634,0.607755541801,0.120456106961,0.249557867646,0.608009696007,0.11720982939,0.149634331465,0.607434272766,0.113824307919,0.0527691468596,0.608461141586,0.110992617905,-0.0466714352369,0.609505057335,0.10693321377,-0.145721495152,0.611272096634,0.104147322476,-0.243559598923,0.611176013947,0.0996384173632,-0.365066468716,0.62350165844,0.132289126515,-0.362434744835
1778097164.12,0.596188545227,0.134900286794,0.447447299957,0.605221629143,0.127701446414,0.350241035223,0.606717348099,0.125133812428,0.250259667635,0.607248306274,0.122325971723,0.150112658739,0.607369661331,0.119259595871,0.0524436458945,0.608529210091,0.115983054042,-0.0464212447405,0.609165668488,0.111933462322,-0.14545378089,0.611015081406,0.108714081347,-0.243889123201,0.609603404999,0.103929318488,-0.363568425179,0.622612476349,0.136924982071,-0.362434744835
1778097164.13,0.59512835741,0.138055980206,0.447827279568,0.604608893394,0.132172450423,0.350200295448,0.60545027256,0.129674360156,0.250673621893,0.606174707413,0.127321735024,0.151061266661,0.60650062561,0.124348700047,0.0533959716558,0.607142448425,0.122959181666,-0.0472841411829,0.608670592308,0.117417752743,-0.145715624094,0.61032640934,0.113198205829,-0.243145316839,0.608854174614,0.107385933399,-0.363659232855,0.62168109417,0.141560390592,-0.362434744835
1778097164.14,0.59417873621,0.140807375312,0.448152959347,0.603142380714,0.136066854,0.350820451975,0.60428750515,0.134544238448,0.251351594925,0.60554420948,0.13210567832,0.151433289051,0.605911254883,0.129624813795,0.053897716105,0.607866048813,0.127136468887,-0.0466871261597,0.608322501183,0.122216716409,-0.144744932652,0.609643340111,0.117952257395,-0.242667645216,0.607633709908,0.111917257309,-0.363148450851,0.620706796646,0.146194159985,-0.362434744835
1778097164.16,0.592195928097,0.146215856075,0.448783069849,0.601586699486,0.140474453568,0.351611703634,0.603482365608,0.138962209225,0.25140184164,0.604237437248,0.13680306077,0.152281671762,0.605520963669,0.134684950113,0.0537619143724,0.606924176216,0.133407622576,-0.0472130924463,0.60811150074,0.1271571666,-0.143966913223,0.608986377716,0.122616484761,-0.241989076138,0.606217980385,0.116279505193,-0.362206757069,0.619688749313,0.150824978948,-0.362434744835
1778097164.17,0.590995073318,0.149318382144,0.449142277241,0.600192070007,0.144642591476,0.351718276739,0.602243542671,0.143744334579,0.251803815365,0.603606104851,0.141670554876,0.152622058988,0.604961037636,0.139684408903,0.0541089847684,0.606623768806,0.138495907187,-0.0465846955776,0.607169032097,0.132271319628,-0.143490314484,0.609196186066,0.12706309557,-0.24241861701,0.605902314186,0.120837427676,-0.362337350845,0.618625879288,0.15545143187,-0.362434744835
1778097164.18,0.589775025845,0.152293339372,0.449465036392,0.600192070007,0.144642591476,0.351718276739,0.602243542671,0.143744334579,0.251803815365,0.603606104851,0.141670554876,0.152622058988,0.604961037636,0.139684408903,0.0541089847684,0.606623768806,0.138495907187,-0.0465846955776,0.607169032097,0.132271319628,-0.143490314484,0.609196186066,0.12706309557,-0.24241861701,0.605902314186,0.120837427676,-0.362337350845,0.617517590523,0.160071998835,-0.362434744835
1778097164.19,0.588369727135,0.155495360494,0.449794739485,0.59878385067,0.148859784007,0.35252609849,0.600717067719,0.148225322366,0.252579599619,0.602319717407,0.146631091833,0.153542369604,0.604147672653,0.144499227405,0.0547623634338,0.606141209602,0.143434882164,-0.0458302944899,0.606870889664,0.137115627527,-0.14314737916,0.60814845562,0.13196465373,-0.241106450558,0.604988455772,0.124659642577,-0.361975699663,0.616363048553,0.16468501091,-0.362434744835
1778097164.19,0.585968255997,0.160548597574,0.450337082148,0.595640182495,0.156869515777,0.353297710419,0.598461151123,0.156712815166,0.253380417824,0.600797891617,0.155385315418,0.153490394354,0.60350894928,0.154241904616,0.0551583468914,0.605304002762,0.152287781239,-0.0440620481968,0.605448842049,0.146813839674,-0.142324090004,0.606046795845,0.141447678208,-0.239862650633,0.603307247162,0.13313241303,-0.360869705677,0.615161418915,0.169288754463,-0.362434744835
1778097164.2,0.584261000156,0.163858935237,0.45065677166,0.594219088554,0.160611703992,0.353483498096,0.597224235535,0.160782456398,0.253508090973,0.600380778313,0.160167738795,0.153600603342,0.602264523506,0.158155933022,0.0559591278434,0.604514241219,0.156737148762,-0.0436103790998,0.604703307152,0.151907071471,-0.142779707909,0.605113506317,0.145765483379,-0.239521831274,0.602061390877,0.138298556209,-0.360212862492,0.613911867142,0.173881337047,-0.362434744835
1778097164.21,0.582508325577,0.167066380382,0.450923472643,0.593001365662,0.164567545056,0.353081643581,0.596055626869,0.164936453104,0.25398093462,0.598985552788,0.164294078946,0.154067218304,0.601076483727,0.163239359856,0.0560459382832,0.602840423584,0.162015661597,-0.0443415492773,0.603711366653,0.155639365315,-0.141361445189,0.604961752892,0.150607421994,-0.23976868391,0.601732254028,0.142835572362,-0.360304832458,0.612613677979,0.178460806608,-0.362434744835
1778097164.22,0.580689072609,0.170257985592,0.45115095377,0.591354131699,0.168089359999,0.353577077389,0.594175219536,0.168652966619,0.254758268595,0.597377300262,0.168069511652,0.154842242599,0.600456357002,0.167050153017,0.0566810555756,0.601922154427,0.167142406106,-0.04517146945,0.602874159813,0.16042804718,-0.141812086105,0.60415494442,0.155340403318,-0.239890635014,0.600913763046,0.147620305419,-0.359914958477,0.61126601696,0.183025062084,-0.362434744835
1778097164.23,0.5787935853,0.173394098878,0.451356261969,0.589601516724,0.171465680003,0.35412555933,0.593373656273,0.172393098474,0.254494488239,0.5964615345,0.172434031963,0.154715791345,0.598384141922,0.170890152454,0.0576520301402,0.600248575211,0.170824721456,-0.0442489385605,0.601519107819,0.165021494031,-0.141761362553,0.60270357132,0.159814849496,-0.23864403367,0.60036110878,0.15233899653,-0.359734028578,0.60986828804,0.187571913004,-0.362434744835
1778097164.24,0.576879322529,0.176295697689,0.451543182135,0.587390065193,0.175038561225,0.35464322567,0.591463565826,0.175707682967,0.254861116409,0.594897508621,0.175958096981,0.155198469758,0.597368597984,0.174787223339,0.0573015399277,0.599410653114,0.17376922071,-0.0429200381041,0.600783467293,0.168741673231,-0.14093837142,0.602352380753,0.164112001657,-0.23896047473,0.599812746048,0.156741082668,-0.359595954418,0.608419775963,0.192099049687,-0.362434744835
1778097164.25,0.575290262699,0.178565055132,0.451683193445,0.585362911224,0.177988514304,0.354750275612,0.589513421059,0.178955897689,0.25519323349,0.593366742134,0.179370626807,0.155407547951,0.595625519753,0.178411528468,0.0577025040984,0.597805380821,0.178319007158,-0.0432073324919,0.59955573082,0.172934129834,-0.140377134085,0.600432991982,0.168634280562,-0.237928271294,0.598819851875,0.162514418364,-0.359322607517,0.606919646263,0.196604073048,-0.362434744835
1778097164.26,0.572804629803,0.181824296713,0.451848387718,0.583393931389,0.180938392878,0.355134308338,0.587554335594,0.182160690427,0.25530025363,0.591338038445,0.182442441583,0.155642032623,0.594334721565,0.181743428111,0.0577726475894,0.59658741951,0.181278660893,-0.0417437255383,0.598472118378,0.177009165287,-0.140372246504,0.60036945343,0.173230037093,-0.23835375905,0.598343014717,0.167655497789,-0.359015792608,0.605367541313,0.201084449887,-0.362434744835
1778097164.27,0.570678412914,0.184324175119,0.451908588409,0.580911397934,0.183913141489,0.355549931526,0.585440516472,0.185100898147,0.255662739277,0.589252352715,0.185300841928,0.155633747578,0.59206032753,0.185217529535,0.0579810254276,0.595203757286,0.185340806842,-0.0425202697515,0.596994280815,0.180811420083,-0.140144258738,0.598983168602,0.177756905556,-0.237725049257,0.598150968552,0.172451406717,-0.359155267477,0.603762507439,0.205537587404,-0.362434744835
1778097164.29,0.56873446703,0.186500042677,0.451965719461,0.578645706177,0.186332687736,0.355689287186,0.582828164101,0.187662392855,0.256004273891,0.58688211441,0.18824326992,0.156096547842,0.590021371841,0.188060313463,0.0585411004722,0.594251871109,0.187164098024,-0.0408816933632,0.595659136772,0.185016855597,-0.140210956335,0.598017573357,0.182059764862,-0.237756818533,0.597964882851,0.177563071251,-0.35979372263,0.602104306221,0.209960758686,-0.362434744835
1778097164.29,0.566293418407,0.189105316997,0.452007293701,0.576209187508,0.188870668411,0.355446249247,0.580345869064,0.190416559577,0.256008267403,0.584986925125,0.190948054194,0.15572014451,0.588278055191,0.1909814924,0.0578332990408,0.593803524971,0.190255388618,-0.0397416353226,0.594806909561,0.188513338566,-0.139955878258,0.597643017769,0.186731979251,-0.238387614489,0.596677660942,0.183179527521,-0.359018445015,0.600392222404,0.214351117611,-0.362434744835
1778097164.3,0.563993215561,0.191393226385,0.451960474253,0.573636889458,0.191338002682,0.355544686317,0.578107833862,0.192772686481,0.255660682917,0.582282781601,0.193721964955,0.15581959486,0.585746407509,0.19371958077,0.0583570934832,0.590051531792,0.195325359702,-0.0426100045443,0.593247890472,0.192730769515,-0.139907240868,0.596319675446,0.191228121519,-0.23783993721,0.596028804779,0.188518106937,-0.358928442001,0.598625779152,0.218705788255,-0.362434744835
1778097164.31,0.561688125134,0.193513989449,0.451885968447,0.57084608078,0.193637311459,0.355621218681,0.575393915176,0.194844588637,0.255416989326,0.580063223839,0.195763528347,0.15555588901,0.583680391312,0.196426391602,0.0582282468677,0.588663220406,0.1977173388,-0.0408635437489,0.591543674469,0.196529194713,-0.139370083809,0.59439599514,0.195741519332,-0.237151175737,0.595537304878,0.19390848279,-0.358563899994,0.596804618835,0.223021745682,-0.362434744835
1778097164.33,0.559827566147,0.195121183991,0.451821774244,0.57084608078,0.193637311459,0.355621218681,0.575393915176,0.194844588637,0.255416989326,0.580063223839,0.195763528347,0.15555588901,0.583680391312,0.196426391602,0.0582282468677,0.588663220406,0.1977173388,-0.0408635437489,0.591543674469,0.196529194713,-0.139370083809,0.59439599514,0.195741519332,-0.237151175737,0.595537304878,0.19390848279,-0.358563899994,0.594928264618,0.227295875549,-0.362434744835
1778097164.33,0.556949615479,0.197411939502,0.451709717512,0.565583944321,0.197674781084,0.355336546898,0.570226430893,0.198708966374,0.255251228809,0.574747800827,0.200478926301,0.155505567789,0.578644275665,0.201783776283,0.0585347115993,0.584980607033,0.203089758754,-0.0403346419334,0.588210582733,0.203634470701,-0.139640688896,0.59311068058,0.204363122582,-0.238087624311,0.594913005829,0.204524368048,-0.359269350767,0.592996478081,0.231525033712,-0.362434744835
1778097164.35,0.554528951645,0.19919963181,0.451626569033,0.565583944321,0.197674781084,0.355336546898,0.570226430893,0.198708966374,0.255251228809,0.574747800827,0.200478926301,0.155505567789,0.578644275665,0.201783776283,0.0585347115993,0.584980607033,0.203089758754,-0.0403346419334,0.588210582733,0.203634470701,-0.139640688896,0.59311068058,0.204363122582,-0.238087624311,0.594913005829,0.204524368048,-0.359269350767,0.591008901596,0.235705912113,-0.362434744835
1778097164.35,0.552825152874,0.200321108103,0.451500356197,0.56302189827,0.199643105268,0.355224460363,0.566888689995,0.201064541936,0.255948245525,0.571799397469,0.202781438828,0.155792176723,0.576218724251,0.204252794385,0.0585063397884,0.582342147827,0.206890285015,-0.0410323292017,0.586289405823,0.207583069801,-0.140027314425,0.59150660038,0.208922058344,-0.237626880407,0.594449400902,0.209486275911,-0.358895272017,0.588965177536,0.239835187793,-0.362434744835
1778097164.36,0.549649298191,0.20212213695,0.451163947582,0.557379841805,0.202903613448,0.355239391327,0.561267018318,0.204876184464,0.255831360817,0.566187977791,0.206585213542,0.155849218369,0.57140648365,0.20933547616,0.0574234202504,0.579026699066,0.21232008934,-0.0408373177052,0.58275282383,0.214787825942,-0.139847844839,0.589862108231,0.217765882611,-0.23831692338,0.592902183533,0.220842823386,-0.358238220215,0.58686542511,0.243909433484,-0.362434744835
1778097164.37,0.547151088715,0.20340912044,0.450893521309,0.55545258522,0.204498365521,0.354841530323,0.558648228645,0.206799328327,0.255659341812,0.563873291016,0.209004595876,0.155050173402,0.568681240082,0.211675822735,0.0572088509798,0.576704859734,0.215157315135,-0.0411162376404,0.580490112305,0.218847170472,-0.141136020422,0.587602853775,0.221832945943,-0.237732708454,0.592492818832,0.226050615311,-0.358513474464,0.58470928669,0.247925162315,-0.362434744835
1778097164.38,0.544625937939,0.204638779163,0.450656831264,0.552330732346,0.206046536565,0.354796469212,0.556133389473,0.208647042513,0.255060791969,0.56108546257,0.210922494531,0.154944434762,0.565821886063,0.21415425837,0.0574607588351,0.57406270504,0.218356534839,-0.0407335013151,0.578727960587,0.221706926823,-0.140396654606,0.586323857307,0.226338416338,-0.237508505583,0.591562986374,0.23119956255,-0.358180344105,0.582496762276,0.25187882781,-0.362434744835
1778097164.39,0.542120099068,0.205609440804,0.45036226511,0.549399852753,0.20774191618,0.354660242796,0.553473353386,0.210378736258,0.25493183732,0.558651804924,0.21321901679,0.154465526342,0.56317782402,0.216725662351,0.0572992600501,0.571326494217,0.22071133554,-0.0398120284081,0.577018380165,0.225046351552,-0.140168935061,0.584822416306,0.230579465628,-0.237692683935,0.59118771553,0.236426830292,-0.358547180891,0.580227971077,0.255766808987,-0.362434744835
1778097164.41,0.540093898773,0.20626051724,0.450023233891,0.5465747118,0.209130451083,0.354313313961,0.550773739815,0.211872264743,0.254374593496,0.555530786514,0.215437069535,0.154776379466,0.56036221981,0.219236359,0.0576605685055,0.569116950035,0.223793193698,-0.0401675701141,0.573971509933,0.230098217726,-0.142427206039,0.58333337307,0.234729677439,-0.237760066986,0.59013235569,0.241750761867,-0.358458995819,0.577902793884,0.259585440159,-0.362434744835
1778097164.41,0.537002205849,0.207133710384,0.449487656355,0.543603658676,0.2102984339,0.353997290134,0.547772169113,0.213184356689,0.254279106855,0.552781581879,0.217209652066,0.154839113355,0.557906985283,0.22145088017,0.0570268295705,0.567234754562,0.227284103632,-0.0417499989271,0.573706150055,0.232010051608,-0.140275925398,0.581785798073,0.239382967353,-0.238049536943,0.589206695557,0.246928960085,-0.35834351182,0.575521588326,0.263330966234,-0.362434744835
1778097164.42,0.534448564053,0.207750886679,0.449124574661,0.541428565979,0.211197599769,0.353501200676,0.545114994049,0.21502481401,0.25386762619,0.550022125244,0.219437599182,0.154166728258,0.555741429329,0.224218010902,0.0565360151231,0.564952135086,0.230176433921,-0.0410862565041,0.571772456169,0.235502436757,-0.140096276999,0.580158829689,0.243207916617,-0.238020837307,0.588447332382,0.251597315073,-0.358569771051,0.573084354401,0.266999661922,-0.362434744835
1778097164.43,0.531865537167,0.208200067282,0.448674827814,0.538369417191,0.211916953325,0.353283643723,0.542227268219,0.21661131084,0.254073411226,0.547109603882,0.221158847213,0.154414027929,0.553331494331,0.226684868336,0.0561735518277,0.562135100365,0.233313247561,-0.0406975150108,0.569844841957,0.239595621824,-0.140576303005,0.578550100327,0.247725486755,-0.23803576827,0.587100505829,0.256417632103,-0.358047544956,0.570591568947,0.270587682724,-0.362434744835
1778097164.45,0.529528677464,0.208473950624,0.448265373707,0.535794615746,0.212875172496,0.35294264555,0.539576172829,0.217900559306,0.253639221191,0.544784188271,0.223388954997,0.153497874737,0.550733566284,0.229348659515,0.0563391298056,0.558931112289,0.237129673362,-0.0396318137646,0.567560315132,0.243677154183,-0.140624284744,0.577210307121,0.251865059137,-0.237858384848,0.586168766022,0.261144727468,-0.358869433403,0.568043470383,0.274091213942,-0.362434744835
1778097164.45,0.526951611042,0.208673000336,0.447789490223,0.532582163811,0.213582262397,0.352872371674,0.536809325218,0.219375431538,0.253120064735,0.542214989662,0.225147306919,0.153278917074,0.548431515694,0.232073694468,0.0563571378589,0.557090401649,0.240454286337,-0.0395414531231,0.565426826477,0.247604578733,-0.139500826597,0.575185894966,0.256159752607,-0.238185942173,0.584954857826,0.26591143012,-0.358874410391,0.565440416336,0.277506381273,-0.362434744835
1778097164.46,0.524107038975,0.20876352489,0.447249740362,0.530034065247,0.21459493041,0.351953178644,0.534147262573,0.220338627696,0.252941429615,0.540366053581,0.227130055428,0.152565672994,0.54610145092,0.234597682953,0.0562888756394,0.556379675865,0.242890939116,-0.041981741786,0.564514517784,0.25090110302,-0.141077339649,0.573591470718,0.260493308306,-0.238452076912,0.582846879959,0.270404547453,-0.358124941587,0.562783002853,0.280829280615,-0.362434744835
1778097164.48,0.521520555019,0.208612829447,0.446670174599,0.526939034462,0.214705556631,0.352139979601,0.531806945801,0.221704155207,0.252132207155,0.537780046463,0.228942677379,0.152511045337,0.544058203697,0.237307652831,0.0560011416674,0.55316722393,0.246374636889,-0.0407841205597,0.562974452972,0.254501074553,-0.141268402338,0.57180249691,0.264268696308,-0.237963825464,0.581906914711,0.274830758572,-0.359145343304,0.560071825981,0.284056007862,-0.362434744835
1778097164.48,0.518932163715,0.208331868052,0.44618037343,0.524711489677,0.215477108955,0.350969552994,0.529325723648,0.222770437598,0.251433819532,0.535393476486,0.230723381042,0.152276128531,0.541894316673,0.239638715982,0.0552678108215,0.552776217461,0.249490559101,-0.0442184656858,0.560775876045,0.258186519146,-0.141805827618,0.570739388466,0.26855391264,-0.238283097744,0.579584479332,0.279768198729,-0.358178764582,0.557307600975,0.287182658911,-0.362434744835
1778097164.49,0.516328334808,0.207936197519,0.445570796728,0.521931767464,0.215776234865,0.350846171379,0.526708602905,0.223405495286,0.25189307332,0.533689260483,0.232752233744,0.151349842548,0.540712594986,0.242100656033,0.0542877689004,0.549901008606,0.251656979322,-0.041896417737,0.55852496624,0.261754274368,-0.141562193632,0.568489313126,0.27232927084,-0.238736212254,0.578339099884,0.283744752407,-0.359076738358,0.554490804672,0.290205299854,-0.362434744835
1778097164.5,0.51372474432,0.207379877567,0.44490763545,0.519296526909,0.215897679329,0.350753545761,0.524876356125,0.224859237671,0.250834167004,0.531573653221,0.234451413155,0.150949090719,0.538205742836,0.24444681406,0.054910376668,0.549289464951,0.255208700895,-0.0433247238398,0.557271718979,0.265262573957,-0.141939073801,0.567004680634,0.275893568993,-0.237803995609,0.576305747032,0.288197815418,-0.358375817537,0.551622509956,0.293120026588,-0.362434744835
1778097164.51,0.511154353619,0.206661149859,0.444352835417,0.516691803932,0.216105744243,0.350312411785,0.522040247917,0.225971385837,0.250830471516,0.529653429985,0.235707387328,0.150911793113,0.536605119705,0.246901571751,0.0542641878128,0.547620892525,0.25798624754,-0.043460264802,0.556197524071,0.268141835928,-0.142170757055,0.565255761147,0.279554218054,-0.238920390606,0.574076890945,0.292061209679,-0.358817905188,0.548703551292,0.295922935009,-0.362434744835
1778097164.52,0.50853741169,0.205813989043,0.443794667721,0.514331936836,0.216041460633,0.348853945732,0.519990324974,0.226436421275,0.250714600086,0.526743412018,0.237132057548,0.151444762945,0.534353852272,0.248761892319,0.0538664534688,0.54515838623,0.260398387909,-0.0425713658333,0.553680419922,0.271309405565,-0.141815334558,0.56359565258,0.283147364855,-0.238759934902,0.571959614754,0.296146035194,-0.358074396849,0.545734763145,0.298610091209,-0.362434744835
1778097164.54,0.506160914898,0.20494607091,0.44314661622,0.512436151505,0.21620221436,0.348186373711,0.51812505722,0.227558925748,0.249717220664,0.525768637657,0.23915989697,0.150152266026,0.533220171928,0.250545084476,0.0532114654779,0.544077754021,0.263007521629,-0.0438460707664,0.551881790161,0.274312674999,-0.142072707415,0.560989975929,0.286755979061,-0.238458693027,0.57035446167,0.299670487642,-0.359293341637,0.542717218399,0.30117765069,-0.362434744835
1778097164.54,0.503288328648,0.203788563609,0.442457348108,0.509266376495,0.215786263347,0.348295092583,0.515969872475,0.227978512645,0.249118536711,0.523533582687,0.239849984646,0.150365024805,0.530910849571,0.252787470818,0.0537455826998,0.541508078575,0.266319125891,-0.0445531904697,0.549047231674,0.277211666107,-0.142408460379,0.558830618858,0.289626210928,-0.239316940308,0.567336440086,0.303305447102,-0.35829231143,0.539652228355,0.303621768951,-0.362434744835
1778097164.55,0.500904619694,0.20271025598,0.441859394312,0.506948828697,0.215235263109,0.347874701023,0.514004349709,0.228101864457,0.248447924852,0.52125108242,0.240954563022,0.150078251958,0.528725028038,0.254428952932,0.0537596642971,0.539691329002,0.267390012741,-0.0433078408241,0.547165155411,0.280010432005,-0.142083704472,0.555964112282,0.293520867825,-0.237364113331,0.565094351768,0.307245284319,-0.358341306448,0.536540746689,0.305938631296,-0.362434744835
1778097164.56,0.497993677855,0.201274096966,0.441118746996,0.504712939262,0.214898556471,0.346859544516,0.511184453964,0.228388443589,0.24906000495,0.519899129868,0.242186963558,0.14954675734,0.527538895607,0.255638569593,0.0526715368032,0.538031816483,0.26961606741,-0.0438795387745,0.545425415039,0.282508820295,-0.141665428877,0.554425120354,0.296127349138,-0.238343179226,0.56261920929,0.310872375965,-0.358914494514,0.533384203911,0.308124482632,-0.362434744835
1778097164.58,0.496409416199,0.200460761786,0.440733611584,0.504712939262,0.214898556471,0.346859544516,0.511184453964,0.228388443589,0.24906000495,0.519899129868,0.242186963558,0.14954675734,0.527538895607,0.255638569593,0.0526715368032,0.538031816483,0.26961606741,-0.0438795387745,0.545425415039,0.282508820295,-0.141665428877,0.554425120354,0.296127349138,-0.238343179226,0.56261920929,0.310872375965,-0.358914494514,0.530183911324,0.31017562747,-0.362434744835
1778097164.58,0.492645531893,0.198390796781,0.439746707678,0.499249726534,0.21311339736,0.345818638802,0.506683349609,0.228215917945,0.248039767146,0.51517021656,0.243002533913,0.148852080107,0.523416996002,0.258362352848,0.0531131699681,0.533491969109,0.272769808769,-0.0431116819382,0.541685342789,0.286751836538,-0.142449706793,0.549998879433,0.301684945822,-0.23883113265,0.55753159523,0.31735894084,-0.358302384615,0.526941418648,0.312088370323,-0.362434744835
1778097164.6,0.490525692701,0.197141483426,0.439290761948,0.49687615037,0.212272167206,0.34502696991,0.504088640213,0.227303013206,0.247498214245,0.513608217239,0.243319526315,0.148339092731,0.520929694176,0.258943080902,0.0525694563985,0.531953334808,0.274261295795,-0.0440038591623,0.538678884506,0.288851648569,-0.142161846161,0.54710650444,0.304505616426,-0.237413883209,0.554909586906,0.320715636015,-0.358125001192,0.523658037186,0.313859164715,-0.362434744835
1778097164.61,0.4875690341,0.195366635919,0.438565194607,0.49687615037,0.212272167206,0.34502696991,0.504088640213,0.227303013206,0.247498214245,0.513608217239,0.243319526315,0.148339092731,0.520929694176,0.258943080902,0.0525694563985,0.531953334808,0.274261295795,-0.0440038591623,0.538678884506,0.288851648569,-0.142161846161,0.54710650444,0.304505616426,-0.237413883209,0.554909586906,0.320715636015,-0.358125001192,0.520335555077,0.315484434366,-0.362434744835
1778097164.61,0.484840244055,0.193698316813,0.437890082598,0.490557402372,0.209397748113,0.344920456409,0.499423891306,0.225776612759,0.246047705412,0.50871515274,0.242217823863,0.148474007845,0.517460107803,0.259510934353,0.0525625646114,0.527069568634,0.276654809713,-0.0442765951157,0.534891247749,0.291873961687,-0.142433464527,0.543048858643,0.308535456657,-0.238840311766,0.549096345901,0.326219886541,-0.357910394669,0.516975641251,0.31696075201,-0.362434744835
1778097164.63,0.481869846582,0.191813454032,0.437298595905,0.488046318293,0.207638263702,0.343871206045,0.496173471212,0.224842190742,0.246417790651,0.505763292313,0.242042854428,0.14807407558,0.514335632324,0.260263592005,0.0533242076635,0.523489952087,0.277986586094,-0.0420330911875,0.531610608101,0.293557792902,-0.141852915287,0.539290070534,0.311177253723,-0.237125962973,0.545985341072,0.329021036625,-0.357787549496,0.513579845428,0.318284749985,-0.362434744835
1778097164.63,0.479133069515,0.189987406135,0.43656167388,0.485243529081,0.206110566854,0.343046158552,0.493645936251,0.223391905427,0.24508279562,0.503019809723,0.241450667381,0.146920859814,0.511453032494,0.260386973619,0.0534397140145,0.522572278976,0.277566999197,-0.0451747328043,0.528845191002,0.29468023777,-0.141963988543,0.537447929382,0.312345653772,-0.238885730505,0.543095588684,0.331565916538,-0.357437223196,0.510150194168,0.319453150034,-0.362434744835
1778097164.64,0.476462513208,0.188135758042,0.43603721261,0.481976419687,0.204585000873,0.342502892017,0.490713745356,0.221909478307,0.244969293475,0.500192761421,0.239990010858,0.14660987258,0.509805798531,0.258291006088,0.0513956323266,0.519359111786,0.277467727661,-0.0439671576023,0.526867508888,0.295135736465,-0.143489003181,0.53434073925,0.314023464918,-0.238421529531,0.540244340897,0.333966761827,-0.357274800539,0.506688475609,0.320462763309,-0.362434744835
1778097164.65,0.473784953356,0.186272576451,0.435568064451,0.479006320238,0.202251270413,0.342504560947,0.487918764353,0.220064640045,0.244020313025,0.497578948736,0.239165693521,0.146517261863,0.505970835686,0.257851421833,0.0508486777544,0.51646399498,0.277356922626,-0.044783487916,0.523917913437,0.295716911554,-0.14279422164,0.531076431274,0.315064638853,-0.237972378731,0.537520170212,0.336429178715,-0.358374387026,0.503196716309,0.321310520172,-0.362434744835
1778097164.66,0.471109628677,0.184325918555,0.434993207455,0.476178735495,0.20037817955,0.342316150665,0.48423859477,0.218897327781,0.24409686029,0.494370549917,0.237490743399,0.146459519863,0.503632307053,0.256559729576,0.0504010170698,0.512952685356,0.277013212442,-0.044323220849,0.520434856415,0.296387255192,-0.141957312822,0.527855038643,0.31680470705,-0.237005233765,0.533935189247,0.338384062052,-0.356928288937,0.499676913023,0.321993470192,-0.362434744835
1778097164.67,0.468225210905,0.182157129049,0.434497863054,0.473866194487,0.198315858841,0.340513885021,0.482135266066,0.21663852036,0.242535829544,0.491225868464,0.235602676868,0.146189182997,0.49954482913,0.256115376949,0.0514648482203,0.510008335114,0.27616071701,-0.0458125919104,0.516940116882,0.295923560858,-0.142702639103,0.525070428848,0.317183852196,-0.238229870796,0.531282544136,0.34048178792,-0.357768118382,0.496131151915,0.322508722544,-0.362434744835
1778097164.68,0.465828329325,0.18034145236,0.434046089649,0.470039576292,0.196204394102,0.341231763363,0.478162974119,0.214966073632,0.243254244328,0.48799303174,0.233870461583,0.145738691092,0.495463341475,0.254443913698,0.050342053175,0.505884766579,0.275601029396,-0.044423982501,0.513171195984,0.296200424433,-0.142233669758,0.521969914436,0.317893952131,-0.238098204136,0.528575658798,0.342172622681,-0.357446700335,0.492561668158,0.322853535414,-0.362434744835
1778097164.7,0.464274615049,0.179119929671,0.433798104525,0.470039576292,0.196204394102,0.341231763363,0.478162974119,0.214966073632,0.243254244328,0.48799303174,0.233870461583,0.145738691092,0.495463341475,0.254443913698,0.050342053175,0.505884766579,0.275601029396,-0.044423982501,0.513171195984,0.296200424433,-0.142233669758,0.521969914436,0.317893952131,-0.238098204136,0.528575658798,0.342172622681,-0.357446700335,0.488970667124,0.323025345802,-0.362434744835
1778097164.7,0.460702300072,0.176248893142,0.43323123455,0.464304298162,0.192141458392,0.339247643948,0.472012609243,0.210386767983,0.241619572043,0.48145249486,0.229922294617,0.144884213805,0.488795012236,0.250758826733,0.0483688265085,0.498021870852,0.274012476206,-0.0433862805367,0.507234454155,0.294335633516,-0.143884509802,0.513856291771,0.319088160992,-0.236289441586,0.521722793579,0.345184624195,-0.355351001024,0.485360473394,0.323021650314,-0.362434744835
1778097164.71,0.458195656538,0.174211025238,0.432910472155,0.461665123701,0.189810141921,0.338784396648,0.469061881304,0.208072960377,0.24103307724,0.477584987879,0.227983772755,0.14478418231,0.485037654638,0.249352902174,0.0497156083584,0.495862275362,0.271332621574,-0.0466735064983,0.502013921738,0.29380428791,-0.142109572887,0.510877370834,0.317977041006,-0.237262576818,0.51861166954,0.345153838396,-0.356493890285,0.481733351946,0.322840094566,-0.362434744835
1778097164.73,0.455280900002,0.171714425087,0.432515799999,0.458207994699,0.187237486243,0.339503198862,0.465153723955,0.206413790584,0.241481870413,0.473829716444,0.2256757617,0.14293935895,0.481326788664,0.247495055199,0.0492106899619,0.490519970655,0.270163983107,-0.0447892397642,0.498887985945,0.292964160442,-0.14351978898,0.506660223007,0.318811386824,-0.236192673445,0.515439867973,0.346935361624,-0.356077522039,0.478091806173,0.322478502989,-0.362434744835
1778097164.74,0.454556077719,0.171085625887,0.432431340218,0.455345481634,0.184900969267,0.338518679142,0.462337642908,0.203571736813,0.240320518613,0.469444841146,0.223233982921,0.142989560962,0.477507025003,0.245626538992,0.0489647388458,0.486560553312,0.268167972565,-0.0450282543898,0.495203882456,0.291596204042,-0.143897473812,0.503083348274,0.317554086447,-0.237142443657,0.511478066444,0.347268044949,-0.354704767466,0.474438339472,0.321934819221,-0.362434744835
1778097164.74,0.451252132654,0.168229222298,0.432096868753,0.452423781157,0.182802349329,0.338654398918,0.458650976419,0.20119780302,0.240365743637,0.466504245996,0.22087046504,0.143785193563,0.474382847548,0.242384791374,0.0475575327873,0.483279496431,0.266086131334,-0.0464880913496,0.491128474474,0.290138810873,-0.144049525261,0.499969393015,0.316916584969,-0.23793014884,0.508234143257,0.348887890577,-0.352418452501,0.470775336027,0.321207165718,-0.362434744835
1778097164.76,0.448793888092,0.165995880961,0.431881129742,0.449582010508,0.180371373892,0.3385207057,0.455397576094,0.198531836271,0.240417584777,0.463001877069,0.218334630132,0.14278319478,0.469340592623,0.240307271481,0.0462882965803,0.478916972876,0.264171689749,-0.0470436960459,0.486625283957,0.289349853992,-0.143654078245,0.495794922113,0.316517293453,-0.237050443888,0.504917860031,0.347480505705,-0.355153739452,0.467105537653,0.320293813944,-0.362434744835
1778097164.77,0.446803450584,0.164165303111,0.431661844254,0.446710079908,0.177918359637,0.338249027729,0.452611118555,0.196194425225,0.239280313253,0.46005704999,0.215941876173,0.141774624586,0.465535312891,0.238634064794,0.0479842126369,0.474986046553,0.262240082026,-0.0474181473255,0.482284516096,0.288285583258,-0.142446011305,0.491535812616,0.315920740366,-0.235844790936,0.500529408455,0.347141087055,-0.353551536798,0.46343138814,0.319193154573,-0.362434744835
1778097164.78,0.444508194923,0.161999583244,0.431650847197,0.444091111422,0.175763845444,0.337962806225,0.449343532324,0.19385445118,0.239061117172,0.455628305674,0.213491633534,0.141983821988,0.461837738752,0.236742183566,0.0439893379807,0.471066862345,0.260475516319,-0.0479420423508,0.47877022624,0.285834431648,-0.143999427557,0.487195044756,0.314667582512,-0.235750705004,0.49714794755,0.346242696047,-0.353466808796,0.459755688906,0.3179038167,-0.362434744835
1778097164.78,0.442475050688,0.160052716732,0.431575208902,0.441541939974,0.173453733325,0.337987661362,0.445967167616,0.191198319197,0.239759385586,0.45278057456,0.21136251092,0.141319945455,0.458468288183,0.23343218863,0.0465000644326,0.467281788588,0.258470892906,-0.04758939147,0.474096268415,0.284969896078,-0.142684549093,0.484005540609,0.312444746494,-0.237341344357,0.493003934622,0.345023453236,-0.354102522135,0.45608112216,0.316424578428,-0.362434744835
1778097164.79,0.440533965826,0.158140510321,0.431512266397,0.438944965601,0.171334907413,0.337787389755,0.442961901426,0.189276769757,0.239319860935,0.449239403009,0.208845213056,0.140935108066,0.454835444689,0.231233552098,0.0461039841175,0.462109714746,0.257632732391,-0.0454951673746,0.471726745367,0.281877160072,-0.145393311977,0.480602473021,0.310977429152,-0.238032370806,0.488839477301,0.345838665962,-0.351359009743,0.452410370111,0.314754337072,-0.362434744835
1778097164.8,0.438794672489,0.156266182661,0.431646376848,0.436984568834,0.169122725725,0.33692908287,0.440041214228,0.186844140291,0.23922124505,0.444270759821,0.206534564495,0.141669780016,0.450549811125,0.229345798492,0.0468002855778,0.4595040977,0.25374814868,-0.0480449944735,0.465997666121,0.281297117472,-0.142305374146,0.47524574399,0.309728175402,-0.236062020063,0.485253602266,0.342536956072,-0.354699105024,0.448746234179,0.31289228797,-0.362434744835
1778097164.81,0.437788844109,0.155142530799,0.431732743979,0.434910625219,0.167225107551,0.336753964424,0.43777641654,0.184723049402,0.238302230835,0.442055135965,0.20509262383,0.142504170537,0.448195964098,0.226847663522,0.0448968634009,0.455267041922,0.251548588276,-0.0477825701237,0.462378948927,0.279059290886,-0.143970042467,0.471658855677,0.307288467884,-0.237472802401,0.480309098959,0.340380787849,-0.353415936232,0.445091575384,0.31083765626,-0.362434744835
1778097164.83,0.435269773006,0.152184188366,0.43189689517,0.432297438383,0.165276378393,0.337638020515,0.435232013464,0.183059558272,0.238596946001,0.438246279955,0.202238589525,0.141295954585,0.44470462203,0.224864110351,0.0456676632166,0.45153388381,0.249566614628,-0.0475725978613,0.458087176085,0.276549369097,-0.143129527569,0.467247515917,0.305460751057,-0.236397206783,0.476403445005,0.338423788548,-0.353318214417,0.441449195147,0.30859002471,-0.362434744835
1778097164.84,0.434264302254,0.150888189673,0.432016253471,0.430452495813,0.163188755512,0.33763217926,0.432872086763,0.181101068854,0.239121511579,0.437326163054,0.200326949358,0.141273021698,0.440662115812,0.223454639316,0.0474913790822,0.447373896837,0.248636454344,-0.0462199151516,0.453973501921,0.274538576603,-0.142904490232,0.464189380407,0.302242130041,-0.238531470299,0.471898704767,0.336952716112,-0.352181732655,0.437821954489,0.30614900589,-0.362434744835
1778097164.84,0.433476001024,0.149809956551,0.432170778513,0.430452495813,0.163188755512,0.33763217926,0.432872086763,0.181101068854,0.239121511579,0.437326163054,0.200326949358,0.141273021698,0.440662115812,0.223454639316,0.0474913790822,0.447373896837,0.248636454344,-0.0462199151516,0.453973501921,0.274538576603,-0.142904490232,0.464189380407,0.302242130041,-0.238531470299,0.471898704767,0.336952716112,-0.352181732655,0.434212714434,0.303514480591,-0.362434744835
1778097164.85,0.431696355343,0.147167667747,0.432660996914,0.427486985922,0.159902960062,0.336985915899,0.428729563951,0.177324384451,0.239579081535,0.43119546771,0.198110848665,0.143363907933,0.434436231852,0.219872534275,0.0479461923242,0.440931290388,0.243879377842,-0.0467480421066,0.447387248278,0.269163936377,-0.144924461842,0.455455929041,0.296833783388,-0.238085091114,0.462702542543,0.330973774195,-0.352775424719,0.430624395609,0.300686568022,-0.362434744835
1778097164.86,0.430654257536,0.145444795489,0.432942122221,0.425371617079,0.157903939486,0.338087022305,0.426625460386,0.175751999021,0.239978030324,0.429018229246,0.19485463202,0.141543284059,0.432487338781,0.216535121202,0.0467613786459,0.438559681177,0.240680098534,-0.0484799295664,0.443129509687,0.267153769732,-0.143211275339,0.450519055128,0.294519275427,-0.237267076969,0.457687109709,0.326527833939,-0.354128718376,0.427059918642,0.297665506601,-0.362434744835
1778097164.88,0.429732888937,0.143772318959,0.433274894953,0.424270838499,0.155996873975,0.338364541531,0.425300806761,0.174033731222,0.240421831608,0.427626699209,0.193185895681,0.143019646406,0.430359810591,0.21423047781,0.0469181165099,0.435291200876,0.238212049007,-0.0474019497633,0.440356880426,0.263579547405,-0.144558697939,0.44806137681,0.290369510651,-0.239989429712,0.453399270773,0.322659254074,-0.355185240507,0.423522263765,0.294451743364,-0.362434744835
1778097164.89,0.42901083827,0.14231172204,0.433591425419,0.424270838499,0.155996873975,0.338364541531,0.425300806761,0.174033731222,0.240421831608,0.427626699209,0.193185895681,0.143019646406,0.430359810591,0.21423047781,0.0469181165099,0.435291200876,0.238212049007,-0.0474019497633,0.440356880426,0.263579547405,-0.144558697939,0.44806137681,0.290369510651,-0.239989429712,0.453399270773,0.322659254074,-0.355185240507,0.420014292002,0.291045963764,-0.362434744835
1778097164.89,0.42901083827,0.14231172204,0.433591425419,0.422225445509,0.153209060431,0.338586390018,0.422634452581,0.170531585813,0.240755915642,0.424670010805,0.189531132579,0.142662107944,0.425473183393,0.211139932275,0.0477001592517,0.430825203657,0.23369063437,-0.0486706793308,0.433922201395,0.257254064083,-0.145502030849,0.439487487078,0.282629519701,-0.239102870226,0.443378716707,0.313386499882,-0.357654213905,0.416538923979,0.287449032068,-0.362434744835
1778097164.9,0.427728593349,0.139084652066,0.434558272362,0.421264082193,0.151362895966,0.339309692383,0.421251863241,0.168988913298,0.241203784943,0.422819763422,0.18790538609,0.143356710672,0.423292189837,0.209844231606,0.0491496399045,0.427200764418,0.231600910425,-0.0468504577875,0.430432111025,0.254625499249,-0.144965738058,0.434702724218,0.27944111824,-0.23881521821,0.438125997782,0.308997124434,-0.35711529851,0.413099139929,0.28366202116,-0.362434744835
1778097164.92,0.427302211523,0.137800469995,0.434957683086,0.421264082193,0.151362895966,0.339309692383,0.421251863241,0.168988913298,0.241203784943,0.422819763422,0.18790538609,0.143356710672,0.423292189837,0.209844231606,0.0491496399045,0.427200764418,0.231600910425,-0.0468504577875,0.430432111025,0.254625499249,-0.144965738058,0.434702724218,0.27944111824,-0.23881521821,0.438125997782,0.308997124434,-0.35711529851,0.409697860479,0.279686182737,-0.362434744835
1778097164.92,0.426944047213,0.136180922389,0.435438513756,0.419869691133,0.148230046034,0.339995920658,0.41994073987,0.165425360203,0.24150981009,0.419513911009,0.185434237123,0.145390376449,0.420207053423,0.204754307866,0.0490015298128,0.421772867441,0.227875754237,-0.0451150536537,0.423724263906,0.248565882444,-0.143819183111,0.426731914282,0.272570490837,-0.238863676786,0.42704769969,0.298533082008,-0.358490616083,0.406338006258,0.275522977114,-0.362434744835
1778097164.93,0.426731705666,0.13478410244,0.435894727707,0.419769138098,0.146697789431,0.340366244316,0.419029682875,0.164161548018,0.242492228746,0.418698102236,0.182541817427,0.144601032138,0.41866800189,0.20211777091,0.0486760959029,0.419998854399,0.224384352565,-0.0460561513901,0.421497315168,0.244475826621,-0.145419746637,0.422714740038,0.268173277378,-0.238934338093,0.422175854445,0.29300993681,-0.358973860741,0.403022438288,0.271174132824,-0.362434744835
1778097164.94,0.426642179489,0.133346125484,0.436367601156,0.419655650854,0.145546168089,0.340126633644,0.418577879667,0.162324383855,0.242373496294,0.418191999197,0.180457100272,0.144269898534,0.417699187994,0.199628889561,0.0486429706216,0.418745785952,0.220845326781,-0.0468363165855,0.418718904257,0.240787923336,-0.145554333925,0.419157534838,0.263338118792,-0.23925074935,0.416795760393,0.288740634918,-0.357424408197,0.399754136801,0.26664146781,-0.362434744835
1778097164.95,0.426648318768,0.132205560803,0.436738789082,0.419116228819,0.143935695291,0.34095031023,0.418233066797,0.160587772727,0.242701843381,0.417337268591,0.178150117397,0.145120888948,0.41605886817,0.197822883725,0.0494755506516,0.417488485575,0.217490658164,-0.0486615598202,0.415376096964,0.237517952919,-0.146390706301,0.414945989847,0.258791685104,-0.239503264427,0.411362498999,0.281653821468,-0.359463661909,0.396535903215,0.261927127838,-0.362434744835
1778097164.96,0.426773846149,0.130499377847,0.437274932861,0.419162720442,0.142741397023,0.341037154198,0.417720645666,0.158996418118,0.243703737855,0.416584283113,0.17634126544,0.145200639963,0.414765447378,0.195688322186,0.0499134063721,0.414139360189,0.214548677206,-0.0456471890211,0.411870867014,0.23342487216,-0.144173771143,0.410943835974,0.253712981939,-0.239742130041,0.406397908926,0.274454712868,-0.36106133461,0.393370658159,0.257033348083,-0.362434744835
1778097164.97,0.4269708395,0.129063174129,0.437712132931,0.418840318918,0.141045644879,0.342323958874,0.417300194502,0.157792046666,0.244303807616,0.415565043688,0.174451783299,0.145995527506,0.414047151804,0.192203864455,0.0490068122745,0.412122219801,0.21140383184,-0.0458312630653,0.409551590681,0.229021206498,-0.145273268223,0.407111734152,0.248379915953,-0.240161478519,0.401094049215,0.267837941647,-0.361284762621,0.390261143446,0.251962602139,-0.362434744835
1778097164.98,0.42723301053,0.127661108971,0.43812212348,0.419491797686,0.139750003815,0.342045426369,0.417704254389,0.155489891768,0.243782475591,0.414114683867,0.172411739826,0.14638467133,0.412321835756,0.189789429307,0.0507212877274,0.409887820482,0.208091601729,-0.0448510050774,0.406424671412,0.223774194717,-0.145090818405,0.403045147657,0.243239790201,-0.23991265893,0.39576664567,0.262278556824,-0.361261725426,0.387210220098,0.246717602015,-0.362434744835
1778097165,0.427422493696,0.126842096448,0.438371360302,0.419491797686,0.139750003815,0.342045426369,0.417704254389,0.155489891768,0.243782475591,0.414114683867,0.172411739826,0.14638467133,0.412321835756,0.189789429307,0.0507212877274,0.409887820482,0.208091601729,-0.0448510050774,0.406424671412,0.223774194717,-0.145090818405,0.403045147657,0.243239790201,-0.23991265893,0.39576664567,0.262278556824,-0.361261725426,0.384220570326,0.241301223636,-0.362434744835
1778097165,0.427938699722,0.124881021678,0.438893020153,0.419374078512,0.136551037431,0.343350976706,0.416940838099,0.151675283909,0.245250210166,0.413867741823,0.167366251349,0.146867081523,0.409703046083,0.183336555958,0.0508013665676,0.406513422728,0.19981098175,-0.0461673885584,0.400488585234,0.21505124867,-0.144662797451,0.395903140306,0.229650422931,-0.241830199957,0.385899156332,0.248432487249,-0.361729800701,0.381294935942,0.235716536641,-0.362434744835
1778097165.01,0.428344249725,0.123485930264,0.4392105937,0.419296890497,0.135001495481,0.343912631273,0.416751891375,0.149614259601,0.245191961527,0.413233190775,0.164338827133,0.146209925413,0.408420115709,0.180934146047,0.0510086044669,0.40494838357,0.194434911013,-0.0466527342796,0.39829942584,0.20976267755,-0.147192567587,0.392445296049,0.224285259843,-0.242402791977,0.38052007556,0.241572707891,-0.362126976252,0.378435999155,0.229966774583,-0.362434744835
1778097165.02,0.428737819195,0.122183136642,0.439445018768,0.419627636671,0.133054420352,0.3442684412,0.416960626841,0.147314921021,0.245009481907,0.41294285655,0.161607652903,0.14711509645,0.40706512332,0.175623863935,0.0501815825701,0.402466088533,0.191057547927,-0.0454833209515,0.393700510263,0.206642061472,-0.142696708441,0.388425916433,0.216900765896,-0.243235170841,0.375640422106,0.234511017799,-0.362330168486,0.37564638257,0.224055424333,-0.362434744835
1778097165.04,0.429149627686,0.120830848813,0.439641803503,0.419801086187,0.131512448192,0.344423681498,0.416409283876,0.144973769784,0.245369136333,0.411632508039,0.158693239093,0.147266954184,0.40662047267,0.171914979815,0.0502684414387,0.400287538767,0.186231136322,-0.0456577390432,0.390933662653,0.200978159904,-0.143253535032,0.38522079587,0.210993543267,-0.244171380997,0.370762914419,0.22619767487,-0.363424777985,0.372928708792,0.217986106873,-0.362434744835
1778097165.05,0.429290890694,0.120378367603,0.43969643116,0.419801086187,0.131512448192,0.344423681498,0.416409283876,0.144973769784,0.245369136333,0.411632508039,0.158693239093,0.147266954184,0.40662047267,0.171914979815,0.0502684414387,0.400287538767,0.186231136322,-0.0456577390432,0.390933662653,0.200978159904,-0.143253535032,0.38522079587,0.210993543267,-0.244171380997,0.370762914419,0.22619767487,-0.363424777985,0.370285362005,0.211762651801,-0.362434744835
1778097165.05,0.430163234472,0.117523007095,0.439902424812,0.420400112867,0.12769035995,0.344827383757,0.416051656008,0.139596745372,0.245624750853,0.409738570452,0.152007177472,0.147208526731,0.403099924326,0.163791060448,0.0500733628869,0.395749419928,0.177800118923,-0.0507167726755,0.384823292494,0.188260599971,-0.145582288504,0.377380400896,0.196090534329,-0.243799388409,0.361658722162,0.211631283164,-0.363695889711,0.367718964815,0.205389052629,-0.362434744835
1778097165.06,0.430569469929,0.116187132895,0.439946234226,0.420400112867,0.12769035995,0.344827383757,0.416051656008,0.139596745372,0.245624750853,0.409738570452,0.152007177472,0.147208526731,0.403099924326,0.163791060448,0.0500733628869,0.395749419928,0.177800118923,-0.0507167726755,0.384823292494,0.188260599971,-0.145582288504,0.377380400896,0.196090534329,-0.243799388409,0.361658722162,0.211631283164,-0.363695889711,0.365231841803,0.198869481683,-0.362434744835
1778097165.07,0.43125140667,0.113893255591,0.439978539944,0.420596688986,0.125805333257,0.344268858433,0.415488630533,0.137388214469,0.24588561058,0.409044116735,0.148484051228,0.147104114294,0.401533633471,0.161357998848,0.0514381825924,0.395593196154,0.171387568116,-0.0481031835079,0.382928818464,0.183952942491,-0.143307924271,0.373635858297,0.189514473081,-0.243453919888,0.356836229563,0.207138225436,-0.367713540792,0.362826257944,0.192208305001,-0.362434744835
1778097165.08,0.431760191917,0.112080395222,0.439990520477,0.420728236437,0.120890945196,0.344662547112,0.415199786425,0.131634056568,0.245042771101,0.407238513231,0.141135469079,0.146743118763,0.398532241583,0.150388643146,0.0500362813473,0.389970928431,0.162015989423,-0.0456744879484,0.378545969725,0.17019815743,-0.14500156045,0.367074936628,0.177663996816,-0.243944883347,0.349640935659,0.188254281878,-0.364091098309,0.36050465703,0.185410007834,-0.362434744835
1778097165.09,0.432267636061,0.110169328749,0.439988464117,0.420484095812,0.119020618498,0.344803750515,0.414161533117,0.128471687436,0.245580688119,0.406252771616,0.137210190296,0.146877020597,0.397361904383,0.14572443068,0.0497866272926,0.38770994544,0.15693359077,-0.045486330986,0.374745994806,0.164280220866,-0.14545288682,0.360801845789,0.175524100661,-0.248586535454,0.345247477293,0.180351063609,-0.364138931036,0.358269125223,0.178479298949,-0.362434744835
1778097165.1,0.432754784822,0.108210720122,0.439957648516,0.420458465815,0.117099069059,0.34439972043,0.41363915801,0.124927908182,0.245329663157,0.405346721411,0.132965654135,0.1463958323,0.395101696253,0.143527418375,0.0512932911515,0.385585278273,0.150801166892,-0.0461932569742,0.372961908579,0.158129155636,-0.144919455051,0.35985276103,0.164932861924,-0.24484962225,0.341463893652,0.173115089536,-0.363875448704,0.356121748686,0.17142097652,-0.362434744835
1778097165.11,0.4332498312,0.106127046049,0.439916819334,0.420903652906,0.114415191114,0.34403949976,0.41321387887,0.122084006667,0.244848698378,0.404043108225,0.129083096981,0.146525993943,0.39403000474,0.136040180922,0.0489642843604,0.385031253099,0.14426510036,-0.0497442781925,0.370177358389,0.152021586895,-0.144783139229,0.354810863733,0.161101818085,-0.24953058362,0.337803930044,0.16519035399,-0.364109277725,0.354064673185,0.164240047336,-0.362434744835
1778097165.13,0.433763444424,0.103828899562,0.439849406481,0.420819550753,0.111964292824,0.343923926353,0.412586718798,0.118751533329,0.244901925325,0.402627319098,0.125030145049,0.146506890655,0.392327278852,0.131140500307,0.0495560467243,0.382709056139,0.138578698039,-0.0503750145435,0.366837114096,0.145091965795,-0.145446270704,0.35176512599,0.154487118125,-0.249716043472,0.334989160299,0.15660610795,-0.364312231541,0.352099865675,0.156941622496,-0.362434744835
1778097165.13,0.434270590544,0.101425305009,0.43978202343,0.420370608568,0.108849555254,0.344361543655,0.41147390008,0.115344524384,0.245525658131,0.401454597712,0.120826296508,0.146611049771,0.390374809504,0.126181840897,0.049425855279,0.381130307913,0.131072938442,-0.0495081990957,0.363536983728,0.13822363317,-0.146759271622,0.351892143488,0.143886864185,-0.244681298733,0.331488698721,0.148493513465,-0.365061312914,0.350229173899,0.149530991912,-0.362434744835
1778097165.14,0.434788167477,0.0988477468491,0.439698964357,0.420066684484,0.106161475182,0.344721317291,0.410854190588,0.111475519836,0.245243757963,0.400412350893,0.116476327181,0.146138817072,0.388768404722,0.121119022369,0.0498105511069,0.37883195281,0.126944750547,-0.0497291833162,0.361978977919,0.131400555372,-0.145749986172,0.349085181952,0.13506308198,-0.24463391304,0.32871851325,0.140549436212,-0.364094048738,0.348454385996,0.142013549805,-0.362434744835
1778097165.15,0.435294419527,0.0961592495441,0.439591050148,0.420066684484,0.106161475182,0.344721317291,0.410854190588,0.111475519836,0.245243757963,0.400412350893,0.116476327181,0.146138817072,0.388768404722,0.121119022369,0.0498105511069,0.37883195281,0.126944750547,-0.0497291833162,0.361978977919,0.131400555372,-0.145749986172,0.349085181952,0.13506308198,-0.24463391304,0.32871851325,0.140549436212,-0.364094048738,0.346777290106,0.134394839406,-0.362434744835
1778097165.17,0.435787707567,0.0934043005109,0.439481973648,0.419645875692,0.100371599197,0.344526469707,0.409873634577,0.104046352208,0.24515324831,0.397555500269,0.107646897435,0.146603137255,0.38529202342,0.110874399543,0.0491737723351,0.37315133214,0.115432083607,-0.0462590754032,0.357679635286,0.119071051478,-0.144673854113,0.34138032794,0.124324217439,-0.249524652958,0.323128759861,0.125059589744,-0.36500108242,0.345199435949,0.126680493355,-0.362434744835
1778097165.18,0.436262190342,0.090505592525,0.439351260662,0.419687598944,0.0973048061132,0.344344556332,0.408837407827,0.100413858891,0.245302021503,0.396694749594,0.102778740227,0.14628328383,0.383724182844,0.105438694358,0.0495900958776,0.3713953197,0.10892316699,-0.0475187897682,0.356410294771,0.110398471355,-0.146130234003,0.338845103979,0.116669930518,-0.249540925026,0.321206867695,0.115654222667,-0.36483925581,0.343722373247,0.118876300752,-0.362434744835
1778097165.18,0.436726301908,0.0874338075519,0.439217209816,0.419687598944,0.0973048061132,0.344344556332,0.408837407827,0.100413858891,0.245302021503,0.396694749594,0.102778740227,0.14628328383,0.383724182844,0.105438694358,0.0495900958776,0.3713953197,0.10892316699,-0.0475187897682,0.356410294771,0.110398471355,-0.146130234003,0.338845103979,0.116669930518,-0.249540925026,0.321206867695,0.115654222667,-0.36483925581,0.342347532511,0.110988132656,-0.362434744835
1778097165.19,0.437161922455,0.084238357842,0.439093500376,0.419755846262,0.090170584619,0.344025492668,0.40741327405,0.092507943511,0.245438352227,0.394478946924,0.0935814678669,0.146220013499,0.380788117647,0.0946390628815,0.0497606471181,0.36776855588,0.0966496169567,-0.0473309755325,0.351439207792,0.0998317971826,-0.143977642059,0.337099224329,0.0973958447576,-0.24438148737,0.316095769405,0.101653933525,-0.367314696312,0.341076284647,0.103021971881,-0.362434744835
1778097165.2,0.437590926886,0.0807977542281,0.438962697983,0.419623404741,0.0868855640292,0.343386858702,0.407156914473,0.0883471220732,0.244979500771,0.393559426069,0.0889549478889,0.146450653672,0.37966349721,0.0893543809652,0.0496192798018,0.366309255362,0.0909672528505,-0.047445833683,0.349961966276,0.0896842554212,-0.145866423845,0.335389524698,0.0921265929937,-0.244654208422,0.315488964319,0.0908463597298,-0.364106804132,0.339909881353,0.0949838906527,-0.362434744835
1778097165.21,0.438011705875,0.0771406441927,0.438818365335,0.419290930033,0.0834415778518,0.344215244055,0.406676918268,0.0843467116356,0.245175778866,0.392859071493,0.0844616368413,0.146222352982,0.378408879042,0.0839809253812,0.0497712418437,0.36419287324,0.0846610739827,-0.0475006401539,0.347091168165,0.08394305408,-0.146306544542,0.333577722311,0.0833959430456,-0.244872897863,0.313309490681,0.0829134434462,-0.363673210144,0.338849455118,0.0868800580502,-0.362434744835
1778097165.22,0.438394248486,0.0734564140439,0.438687950373,0.419322162867,0.07948654145,0.344028294086,0.406100541353,0.0797254294157,0.245208829641,0.392009228468,0.0795520097017,0.146742597222,0.377181857824,0.07856798172,0.0499588474631,0.364030689001,0.0793384462595,-0.0491610914469,0.346527189016,0.0778372809291,-0.146457463503,0.332188338041,0.0754366070032,-0.243705153465,0.31173479557,0.0750850513577,-0.363649129868,0.33789601922,0.0787167102098,-0.362434744835
1778097165.23,0.438732922077,0.0697708874941,0.438578695059,0.419352442026,0.0757948830724,0.343879729509,0.406073898077,0.0756200402975,0.244718536735,0.390983313322,0.0745737627149,0.146365657449,0.376564532518,0.073563426733,0.0500715225935,0.361842900515,0.0726766362786,-0.0476467311382,0.343931823969,0.0709860026836,-0.146626472473,0.330754488707,0.0694263800979,-0.243452072144,0.310162693262,0.0664656609297,-0.363276511431,0.337050527334,0.0705001652241,-0.362434744835
1778097165.24,0.439076811075,0.0658506602049,0.438457399607,0.419799298048,0.0717436671257,0.343364715576,0.405741602182,0.0713015571237,0.244691461325,0.390498846769,0.0697250515223,0.146452516317,0.375518113375,0.0681528151035,0.0498387366533,0.361970216036,0.0674177631736,-0.0491372346878,0.344365030527,0.0634275451303,-0.146556049585,0.329713612795,0.0604169517756,-0.243172705173,0.309415310621,0.0575284063816,-0.363314002752,0.336313813925,0.0622368007898,-0.362434744835
1778097165.25,0.439424157143,0.0616871416569,0.438333034515,0.41943141818,0.0676968619227,0.34365683794,0.405507296324,0.0666990354657,0.244579970837,0.390271276236,0.0649573653936,0.146542772651,0.374929398298,0.0627970173955,0.0496637299657,0.360228389502,0.0605244040489,-0.0470296144485,0.341785639524,0.058920159936,-0.1472902596,0.329128295183,0.0538630671799,-0.243886590004,0.307498306036,0.0505655407906,-0.3620890975,0.335686594248,0.053933057934,-0.362434744835
1778097165.26,0.439741224051,0.0574190579355,0.438235044479,0.419745475054,0.0632147043943,0.343394786119,0.405247420073,0.0624124407768,0.244612529874,0.38997271657,0.0602519214153,0.146784588695,0.374546915293,0.0574471801519,0.0493520274758,0.360330432653,0.0552919842303,-0.0468166768551,0.342507153749,0.0509991534054,-0.145483106375,0.328610181808,0.0466046929359,-0.243748426437,0.30654796958,0.0423285886645,-0.36196705699,0.33516946435,0.0455954223871,-0.362434744835
1778097165.27,0.439973801374,0.0538926422596,0.438158214092,0.419448584318,0.0592235922813,0.343703150749,0.405169636011,0.0575737729669,0.244641140103,0.389874845743,0.0551879890263,0.146750405431,0.374126464128,0.052065897733,0.0495848655701,0.359399944544,0.0486693941057,-0.0474483370781,0.342241674662,0.0431316792965,-0.14624351263,0.327154994011,0.0393024384975,-0.243717193604,0.305994719267,0.0336146019399,-0.361675262451,0.334763020277,0.0372304208577,-0.362434744835
1778097165.29,0.440268427134,0.0484909266233,0.438033312559,0.419673115015,0.0547005496919,0.343325793743,0.405411571264,0.0531887486577,0.244423344731,0.389851540327,0.0501198470592,0.146556735039,0.37409606576,0.0466817468405,0.0494609475136,0.358941763639,0.0433766916394,-0.0463989675045,0.341720312834,0.0371513664722,-0.146301627159,0.327295601368,0.032888174057,-0.243493825197,0.305370628834,0.0253552254289,-0.361774265766,0.334467560053,0.0288446173072,-0.362434744835
1778097165.3,0.440445929766,0.0444627888501,0.437933534384,0.419673115015,0.0547005496919,0.343325793743,0.405411571264,0.0531887486577,0.244423344731,0.389851540327,0.0501198470592,0.146556735039,0.37409606576,0.0466817468405,0.0494609475136,0.358941763639,0.0433766916394,-0.0463989675045,0.341720312834,0.0371513664722,-0.146301627159,0.327295601368,0.032888174057,-0.243493825197,0.305370628834,0.0253552254289,-0.361774265766,0.334283441305,0.0204445943236,-0.362434744835
1778097165.3,0.440612435341,0.0397448837757,0.437837123871,0.419497579336,0.0504131242633,0.343322515488,0.405536025763,0.0485356114805,0.244219183922,0.389907866716,0.0454482324421,0.146459460258,0.374321788549,0.0410146377981,0.0497284680605,0.359254509211,0.0367534607649,-0.0475503802299,0.34192147851,0.030170340091,-0.146208822727,0.327188551426,0.0247376468033,-0.243077665567,0.304762393236,0.017567012459,-0.361530452967,0.334210783243,0.0120369587094,-0.362434744835
1778097165.31,0.440762937069,0.0342779606581,0.437711745501,0.420630842447,0.041102077812,0.342823565006,0.406232506037,0.0386658869684,0.243901222944,0.390858918428,0.0346887893975,0.146081551909,0.375173538923,0.0302569270134,0.0491415783763,0.360100716352,0.0247975308448,-0.0476465374231,0.342383772135,0.0173263903707,-0.146149903536,0.326837778091,0.0109122199938,-0.243231534958,0.304448008537,0.00188654894009,-0.360931456089,0.334249764681,0.00362832564861,-0.362434744835
1778097165.32,0.44085496664,0.0293365400285,0.437590122223,0.421013742685,0.0363706089556,0.342309594154,0.406393438578,0.0339327454567,0.244428172708,0.391323059797,0.0293163098395,0.145824551582,0.375849694014,0.0244875159115,0.0490723997355,0.360679477453,0.0189602803439,-0.0483685582876,0.342792600393,0.0106688337401,-0.146104484797,0.326965361834,0.00541250780225,-0.243566632271,0.304427236319,-0.00558726582676,-0.360951304436,0.334400206804,-0.00477469107136,-0.362434744835
1778097165.34,0.440891832113,0.0248272754252,0.437467187643,0.421081095934,0.031299315393,0.342449307442,0.407075434923,0.0286009721458,0.243715584278,0.391984850168,0.0240836832672,0.145662665367,0.376451820135,0.0187856201082,0.0492718592286,0.361178427935,0.0118628125638,-0.0475842505693,0.343555182219,0.00420748163015,-0.146065115929,0.327948004007,-0.00358194275759,-0.243036538363,0.305390119553,-0.0136326551437,-0.361753731966,0.334662109613,-0.0131654832512,-0.362434744835
1778097165.35,0.440875977278,0.0202467422932,0.437366783619,0.421081095934,0.031299315393,0.342449307442,0.407075434923,0.0286009721458,0.243715584278,0.391984850168,0.0240836832672,0.145662665367,0.376451820135,0.0187856201082,0.0492718592286,0.361178427935,0.0118628125638,-0.0475842505693,0.343555182219,0.00420748163015,-0.146065115929,0.327948004007,-0.00358194275759,-0.243036538363,0.305390119553,-0.0136326551437,-0.361753731966,0.33503511548,-0.0215374566615,-0.362434744835
1778097165.36,0.440812498331,0.0145758045837,0.437257647514,0.421355158091,0.0262861810625,0.342336416245,0.407698005438,0.0227871965617,0.243537530303,0.392808943987,0.018185839057,0.145528391004,0.377644628286,0.0129082296044,0.0488700196147,0.362187355757,0.00577188376337,-0.0477602034807,0.344049483538,-0.00260871089995,-0.14548677206,0.3287294209,-0.0106111913919,-0.242918968201,0.305181086063,-0.0208185054362,-0.360838294029,0.335518866777,-0.029884044081,-0.362434744835
1778097165.37,0.440705060959,0.00875549204648,0.437143087387,0.42149117589,0.0211831182241,0.342208385468,0.408135443926,0.0176385547966,0.243399187922,0.393405228853,0.0129677709192,0.144999057055,0.378352671862,0.00670510809869,0.048697963357,0.363326042891,9.07839275897e-05,-0.0477668642998,0.345837384462,-0.00961537752301,-0.145048052073,0.329499721527,-0.0169786550105,-0.243368387222,0.305526405573,-0.0279406197369,-0.36079326272,0.336112886667,-0.0381987020373,-0.362434744835
1778097165.37,0.440557181835,0.00352644268423,0.437017291784,0.42195263505,0.0104628028348,0.342073500156,0.409339398146,0.00671454984695,0.243244841695,0.395314127207,0.00108154164627,0.145040750504,0.380574673414,-0.00512241479009,0.0481892749667,0.365780502558,-0.0129297906533,-0.0496990978718,0.348558932543,-0.0225509423763,-0.14569234848,0.331395119429,-0.0312942713499,-0.243639737368,0.306762754917,-0.0416539013386,-0.362434655428,0.336816638708,-0.0464749336243,-0.362434744835
1778097165.38,0.44036474824,-0.00170924630947,0.436915129423,0.422396570444,0.00501571130008,0.341321319342,0.409926265478,0.0010965927504,0.242754667997,0.396204739809,-0.00458732387051,0.144232898951,0.381748348475,-0.0113147888333,0.0479038655758,0.36681959033,-0.0193351674825,-0.0482868403196,0.35007455945,-0.0292033795267,-0.145862340927,0.332626014948,-0.0380454473197,-0.243698954582,0.308907777071,-0.0498269759119,-0.361067324877,0.337629407644,-0.054706286639,-0.362434744835
1778097165.39,0.440096795559,-0.00703882751986,0.436805576086,0.422018498182,-0.000455641653389,0.341572701931,0.410174936056,-0.00465803965926,0.242860674858,0.396802991629,-0.0105845555663,0.144279465079,0.382532864809,-0.0171104632318,0.0477999821305,0.368844240904,-0.0247503649443,-0.0507387816906,0.35127350688,-0.0353200770915,-0.14629265666,0.334587723017,-0.0450560711324,-0.243607193232,0.309912204742,-0.0557523407042,-0.362542510033,0.338550359011,-0.0628863573074,-0.362434744835
1778097165.4,0.439763277769,-0.0124119855464,0.436711192131,0.422330886126,-0.00601529702544,0.341599464417,0.410532921553,-0.0104206055403,0.243027836084,0.397649377584,-0.0166597571224,0.144206494093,0.383572369814,-0.0233821719885,0.0481142029166,0.369901388884,-0.0322008952498,-0.0493139475584,0.352866560221,-0.0408846437931,-0.145587027073,0.335893243551,-0.0512928850949,-0.243957042694,0.311711370945,-0.0632680952549,-0.362003058195,0.339578598738,-0.071008823812,-0.362434744835
1778097165.41,0.439457386732,-0.0167874954641,0.436605453491,0.422330886126,-0.00601529702544,0.341599464417,0.410532921553,-0.0104206055403,0.243027836084,0.397649377584,-0.0166597571224,0.144206494093,0.383572369814,-0.0233821719885,0.0481142029166,0.369901388884,-0.0322008952498,-0.0493139475584,0.352866560221,-0.0408846437931,-0.145587027073,0.335893243551,-0.0512928850949,-0.243957042694,0.311711370945,-0.0632680952549,-0.362003058195,0.340713113546,-0.079067401588,-0.362434744835
1778097165.42,0.438982963562,-0.0227028541267,0.436432927847,0.42243757844,-0.0114930141717,0.341358929873,0.410916954279,-0.0163889378309,0.242574959993,0.398345321417,-0.0228113960475,0.143908411264,0.385192126036,-0.0301067586988,0.0477385371923,0.370585530996,-0.0375856310129,-0.048269867897,0.356677025557,-0.0481237880886,-0.148440063,0.337317436934,-0.0576305501163,-0.244200468063,0.312888562679,-0.0687738731503,-0.364040195942,0.341952830553,-0.087055914104,-0.362434744835
1778097165.44,0.438450098038,-0.0284647457302,0.436270654202,0.422129482031,-0.0226189009845,0.341254502535,0.411605089903,-0.0280962474644,0.242282062769,0.399797409773,-0.0351549685001,0.143570572138,0.38741967082,-0.0428372099996,0.046889051795,0.374102264643,-0.0515150539577,-0.0498504638672,0.357726842165,-0.0612362027168,-0.147518068552,0.341276019812,-0.0713096782565,-0.245082885027,0.317900002003,-0.083654217422,-0.362282305956,0.34329649806,-0.0949682593346,-0.362434744835
1778097165.44,0.437833964825,-0.0342879667878,0.436147719622,0.422152072191,-0.0282576624304,0.341145306826,0.412049502134,-0.0341922715306,0.242007732391,0.400561898947,-0.0412868335843,0.143429577351,0.388595670462,-0.0493220947683,0.0465929880738,0.375426858664,-0.0577399358153,-0.0503579378128,0.359217315912,-0.0674452185631,-0.147938191891,0.343494743109,-0.0775712132454,-0.245232015848,0.319843918085,-0.0887666717172,-0.363764822483,0.34474286437,-0.102798432112,-0.362434744835
1778097165.45,0.43727004528,-0.0392202027142,0.436009675264,0.422152072191,-0.0282576624304,0.341145306826,0.412049502134,-0.0341922715306,0.242007732391,0.400561898947,-0.0412868335843,0.143429577351,0.388595670462,-0.0493220947683,0.0465929880738,0.375426858664,-0.0577399358153,-0.0503579378128,0.359217315912,-0.0674452185631,-0.147938191891,0.343494743109,-0.0775712132454,-0.245232015848,0.319843918085,-0.0887666717172,-0.363764822483,0.346290439367,-0.110540509224,-0.362434744835
1778097165.46,0.436642199755,-0.0444612987339,0.435869634151,0.422152072191,-0.0282576624304,0.341145306826,0.412049502134,-0.0341922715306,0.242007732391,0.400561898947,-0.0412868335843,0.143429577351,0.388595670462,-0.0493220947683,0.0465929880738,0.375426858664,-0.0577399358153,-0.0503579378128,0.359217315912,-0.0674452185631,-0.147938191891,0.343494743109,-0.0775712132454,-0.245232015848,0.319843918085,-0.0887666717172,-0.363764822483,0.34793779254,-0.118188694119,-0.362434744835
1778097165.47,0.43599191308,-0.0496070049703,0.435753107071,0.422152072191,-0.0282576624304,0.341145306826,0.412049502134,-0.0341922715306,0.242007732391,0.400561898947,-0.0412868335843,0.143429577351,0.388595670462,-0.0493220947683,0.0465929880738,0.375426858664,-0.0577399358153,-0.0503579378128,0.359217315912,-0.0674452185631,-0.147938191891,0.343494743109,-0.0775712132454,-0.245232015848,0.319843918085,-0.0887666717172,-0.363764822483,0.349683254957,-0.125737294555,-0.362434744835
1778097165.49,0.435287058353,-0.0547649748623,0.435658991337,0.422152072191,-0.0282576624304,0.341145306826,0.412049502134,-0.0341922715306,0.242007732391,0.400561898947,-0.0412868335843,0.143429577351,0.388595670462,-0.0493220947683,0.0465929880738,0.375426858664,-0.0577399358153,-0.0503579378128,0.359217315912,-0.0674452185631,-0.147938191891,0.343494743109,-0.0775712132454,-0.245232015848,0.319843918085,-0.0887666717172,-0.363764822483,0.35152515769,-0.133180737495,-0.362434744835
1778097165.49,0.43444481492,-0.060523044318,0.43555533886,0.422152072191,-0.0282576624304,0.341145306826,0.412049502134,-0.0341922715306,0.242007732391,0.400561898947,-0.0412868335843,0.143429577351,0.388595670462,-0.0493220947683,0.0465929880738,0.375426858664,-0.0577399358153,-0.0503579378128,0.359217315912,-0.0674452185631,-0.147938191891,0.343494743109,-0.0775712132454,-0.245232015848,0.319843918085,-0.0887666717172,-0.363764822483,0.353461772203,-0.140513598919,-0.362434744835
1778097165.5,0.433800160885,-0.064707711339,0.435466080904,0.422152072191,-0.0282576624304,0.341145306826,0.412049502134,-0.0341922715306,0.242007732391,0.400561898947,-0.0412868335843,0.143429577351,0.388595670462,-0.0493220947683,0.0465929880738,0.375426858664,-0.0577399358153,-0.0503579378128,0.359217315912,-0.0674452185631,-0.147938191891,0.343494743109,-0.0775712132454,-0.245232015848,0.319843918085,-0.0887666717172,-0.363764822483,0.355491191149,-0.147730529308,-0.362434744835
1778097165.51,0.432782441378,-0.0708532780409,0.435324430466,0.422152072191,-0.0282576624304,0.341145306826,0.412049502134,-0.0341922715306,0.242007732391,0.400561898947,-0.0412868335843,0.143429577351,0.388595670462,-0.0493220947683,0.0465929880738,0.375426858664,-0.0577399358153,-0.0503579378128,0.359217315912,-0.0674452185631,-0.147938191891,0.343494743109,-0.0775712132454,-0.245232015848,0.319843918085,-0.0887666717172,-0.363764822483,0.357611507177,-0.154826402664,-0.362434744835
1778097165.52,0.432082504034,-0.0748385712504,0.435239881277,0.422152072191,-0.0282576624304,0.341145306826,0.412049502134,-0.0341922715306,0.242007732391,0.400561898947,-0.0412868335843,0.143429577351,0.388595670462,-0.0493220947683,0.0465929880738,0.375426858664,-0.0577399358153,-0.0503579378128,0.359217315912,-0.0674452185631,-0.147938191891,0.343494743109,-0.0775712132454,-0.245232015848,0.319843918085,-0.0887666717172,-0.363764822483,0.359820634127,-0.161796152592,-0.362434744835
1778097165.53,0.431061863899,-0.0803593397141,0.43512776494,0.422152072191,-0.0282576624304,0.341145306826,0.412049502134,-0.0341922715306,0.242007732391,0.400561898947,-0.0412868335843,0.143429577351,0.388595670462,-0.0493220947683,0.0465929880738,0.375426858664,-0.0577399358153,-0.0503579378128,0.359217315912,-0.0674452185631,-0.147938191891,0.343494743109,-0.0775712132454,-0.245232015848,0.319843918085,-0.0887666717172,-0.363764822483,0.362116545439,-0.168634906411,-0.362434744835
1778097165.55,0.43057474494,-0.0829059481621,0.435068011284,0.422152072191,-0.0282576624304,0.341145306826,0.412049502134,-0.0341922715306,0.242007732391,0.400561898947,-0.0412868335843,0.143429577351,0.388595670462,-0.0493220947683,0.0465929880738,0.375426858664,-0.0577399358153,-0.0503579378128,0.359217315912,-0.0674452185631,-0.147938191891,0.343494743109,-0.0775712132454,-0.245232015848,0.319843918085,-0.0887666717172,-0.363764822483,0.364496976137,-0.175337970257,-0.362434744835
1778097165.55,0.429033488035,-0.0904486477375,0.434851437807,0.416973739862,-0.0877642259002,0.340125799179,0.410407036543,-0.0967918336391,0.240333348513,0.403166979551,-0.106655865908,0.141502484679,0.396296292543,-0.11646553874,0.0450305491686,0.389299720526,-0.124550633132,-0.0545529872179,0.380515426397,-0.134191259742,-0.151611745358,0.372486442327,-0.14293050766,-0.25026088953,0.359425276518,-0.15245911479,-0.369327813387,0.36695972085,-0.18190073967,-0.362434744835
1778097165.57,0.428515970707,-0.0928455814719,0.434765011072,0.416973739862,-0.0877642259002,0.340125799179,0.410407036543,-0.0967918336391,0.240333348513,0.403166979551,-0.106655865908,0.141502484679,0.396296292543,-0.11646553874,0.0450305491686,0.389299720526,-0.124550633132,-0.0545529872179,0.380515426397,-0.134191259742,-0.151611745358,0.372486442327,-0.14293050766,-0.25026088953,0.359425276518,-0.15245911479,-0.369327813387,0.369502454996,-0.18831884861,-0.362434744835
1778097165.57,0.426916778088,-0.100017555058,0.434550821781,0.415654212236,-0.0975129380822,0.338883757591,0.409777134657,-0.10706628114,0.240346759558,0.403352051973,-0.11675696075,0.140855252743,0.397571891546,-0.127473860979,0.0441722497344,0.392475873232,-0.135289251804,-0.0540545731783,0.385096818209,-0.144492954016,-0.152964293957,0.378890901804,-0.151983425021,-0.251292020082,0.369026631117,-0.163211807609,-0.370676040649,0.372122853994,-0.194588065147,-0.362434744835
1778097165.59,0.426266878843,-0.102841712534,0.434467762709,0.415654212236,-0.0975129380822,0.338883757591,0.409777134657,-0.10706628114,0.240346759558,0.403352051973,-0.11675696075,0.140855252743,0.397571891546,-0.127473860979,0.0441722497344,0.392475873232,-0.135289251804,-0.0540545731783,0.385096818209,-0.144492954016,-0.152964293957,0.378890901804,-0.151983425021,-0.251292020082,0.369026631117,-0.163211807609,-0.370676040649,0.374818354845,-0.200704321265,-0.362434744835
1778097165.59,0.424656718969,-0.1096547544,0.434275984764,0.414364486933,-0.10735450685,0.33904209733,0.408991128206,-0.117054127157,0.23981103301,0.403820663691,-0.126791387796,0.140775248408,0.399201601744,-0.137336969376,0.0438806265593,0.395265728235,-0.145850628614,-0.0540420114994,0.389376312494,-0.153995811939,-0.15212649107,0.3856805861,-0.162454649806,-0.251979976892,0.37774130702,-0.172439157963,-0.371317893267,0.377586513758,-0.206663742661,-0.362434744835
1778097165.61,0.423360615969,-0.114895358682,0.434130579233,0.413491100073,-0.111802466214,0.338566750288,0.408754497766,-0.121441826224,0.239586889744,0.403913110495,-0.131296262145,0.140476435423,0.40028706193,-0.141185581684,0.0429600924253,0.39714846015,-0.150786042213,-0.0543294847012,0.392343372107,-0.159280985594,-0.153910845518,0.38921263814,-0.167052343488,-0.252171546221,0.382671386003,-0.177744209766,-0.371570557356,0.380424827337,-0.212462648749,-0.362434744835
1778097165.62,0.422080487013,-0.119980074465,0.434016495943,0.412870556116,-0.116518333554,0.338298618793,0.408544510603,-0.125549644232,0.238737106323,0.404172927141,-0.135796681046,0.140140846372,0.400983124971,-0.14605858922,0.0434430986643,0.39751675725,-0.15229383111,-0.0579294413328,0.394846409559,-0.163203939795,-0.154707312584,0.391843885183,-0.169230177999,-0.255926549435,0.387038558722,-0.182357251644,-0.371744185686,0.38333055377,-0.218097522855,-0.362434744835
1778097165.62,0.420998960733,-0.124197334051,0.433919906616,0.41179099679,-0.121216826141,0.338945150375,0.408234924078,-0.13044436276,0.239441365004,0.404784113169,-0.140156015754,0.139940917492,0.402089446783,-0.150117069483,0.0430063605309,0.400706082582,-0.159063309431,-0.0546131581068,0.397535651922,-0.16817946732,-0.154209583998,0.396515935659,-0.176655709743,-0.252669870853,0.392067998648,-0.187010899186,-0.372188180685,0.386301189661,-0.22356505692,-0.362434744835
1778097165.63,0.419809788465,-0.128824725747,0.433855384588,0.411389142275,-0.125550180674,0.33811455965,0.408158928156,-0.134540989995,0.238923713565,0.405185550451,-0.144060656428,0.139293938875,0.40315797925,-0.154449284077,0.0427532941103,0.400949031115,-0.160419091582,-0.0589198023081,0.400516301394,-0.17193557322,-0.154508590698,0.399944931269,-0.180559292436,-0.253290891647,0.397134512663,-0.191665008664,-0.372360467911,0.389333933592,-0.228862091899,-0.362434744835
1778097165.64,0.418581396341,-0.133500888944,0.433813333511,0.410827368498,-0.129858523607,0.337778240442,0.40786883235,-0.138649731874,0.238394916058,0.405592650175,-0.148260474205,0.13946211338,0.404611855745,-0.158724099398,0.0424498394132,0.403136819601,-0.165078371763,-0.0587504655123,0.403259962797,-0.176262050867,-0.154775738716,0.403470605612,-0.184853374958,-0.253365665674,0.401816040277,-0.196669399738,-0.373452425003,0.392426043749,-0.233985722065,-0.362434744835
1778097165.65,0.417592674494,-0.137197047472,0.43378457427,0.409884423018,-0.134513676167,0.338034749031,0.407838195562,-0.142843797803,0.238240048289,0.406197577715,-0.151771724224,0.138923496008,0.405341893435,-0.161697208881,0.0415748357773,0.405493408442,-0.168500840664,-0.0594084113836,0.405963629484,-0.179872140288,-0.155611664057,0.407015413046,-0.188090398908,-0.25546553731,0.406445294619,-0.201191574335,-0.372871100903,0.395574778318,-0.238933190703,-0.362434744835
1778097165.67,0.416124969721,-0.142595157027,0.433737576008,0.409884423018,-0.134513676167,0.338034749031,0.407838195562,-0.142843797803,0.238240048289,0.406197577715,-0.151771724224,0.138923496008,0.405341893435,-0.161697208881,0.0415748357773,0.405493408442,-0.168500840664,-0.0594084113836,0.405963629484,-0.179872140288,-0.155611664057,0.407015413046,-0.188090398908,-0.25546553731,0.406445294619,-0.201191574335,-0.372871100903,0.398777276278,-0.243701949716,-0.362434744835
1778097165.67,0.414905577898,-0.147014513612,0.433667808771,0.408918350935,-0.142678335309,0.336786776781,0.407871156931,-0.151089563966,0.238139897585,0.40769520402,-0.16063657403,0.139588162303,0.408502668142,-0.168685883284,0.0412503108382,0.410088986158,-0.1764087677,-0.0593483150005,0.411429017782,-0.187694936991,-0.155174344778,0.414538651705,-0.1954061836,-0.25621715188,0.415831953287,-0.20925578475,-0.372703880072,0.402030795813,-0.24828967452,-0.362434744835
1778097165.69,0.413661569357,-0.151380851865,0.433595597744,0.408441871405,-0.147047564387,0.336674451828,0.407868891954,-0.154844671488,0.238035917282,0.408788353205,-0.162607073784,0.137455523014,0.410130351782,-0.172684788704,0.0412393659353,0.412440568209,-0.17963206768,-0.0599351227283,0.414753705263,-0.190266519785,-0.157418400049,0.418116599321,-0.199483647943,-0.255675941706,0.420720249414,-0.213368177414,-0.373114824295,0.405332356691,-0.252694219351,-0.362434744835
1778097165.69,0.412389159203,-0.155745252967,0.433538526297,0.407730966806,-0.151411384344,0.337451189756,0.408006757498,-0.159140855074,0.238333433867,0.409226208925,-0.166523933411,0.137358576059,0.411742061377,-0.175541371107,0.0407701432705,0.414348572493,-0.182983890176,-0.0591947138309,0.418516367674,-0.194336280227,-0.156655997038,0.422419339418,-0.203367814422,-0.255779057741,0.424971908331,-0.218579143286,-0.372870147228,0.408679157495,-0.256913632154,-0.362434744835
1778097165.7,0.411128461361,-0.160018622875,0.433471679688,0.407508164644,-0.155446395278,0.336628973484,0.408473402262,-0.163108423352,0.237807154655,0.410459548235,-0.170103698969,0.137167677283,0.413361996412,-0.179995596409,0.0414462387562,0.416937857866,-0.186244592071,-0.0598668456078,0.421499878168,-0.197554841638,-0.157333165407,0.425716787577,-0.208148688078,-0.253183543682,0.429409712553,-0.221537023783,-0.373433321714,0.412068217993,-0.260946184397,-0.362434744835
1778097165.71,0.409966915846,-0.163881257176,0.433387219906,0.406745761633,-0.159905433655,0.337487578392,0.408780783415,-0.167108476162,0.237922295928,0.41122880578,-0.174793794751,0.138134777546,0.415239602327,-0.183174848557,0.0409883856773,0.419211596251,-0.190940380096,-0.0590095371008,0.423927634954,-0.200504884124,-0.158207952976,0.429960399866,-0.210213288665,-0.25599399209,0.433946043253,-0.22521853447,-0.373294174671,0.41549667716,-0.264790356159,-0.362434744835
1778097165.72,0.408720433712,-0.168084785342,0.433315873146,0.406210511923,-0.16410921514,0.337210893631,0.409076660872,-0.17083992064,0.237660139799,0.412517756224,-0.178268566728,0.138010174036,0.41711011529,-0.18639229238,0.0406422615051,0.422947734594,-0.195917069912,-0.0566601753235,0.427355080843,-0.204811379313,-0.157197624445,0.433640867472,-0.21405005455,-0.255009055138,0.438557833433,-0.228480935097,-0.374273717403,0.41896161437,-0.268444806337,-0.362434744835
1778097165.73,0.407561570406,-0.172121867537,0.433252841234,0.40605995059,-0.168251797557,0.337089061737,0.409284323454,-0.174742385745,0.237317740917,0.413684099913,-0.182191297412,0.137856692076,0.418655365705,-0.18915374577,0.0393721088767,0.424638479948,-0.197118490934,-0.0596426576376,0.429994016886,-0.207818567753,-0.157972812653,0.437155336142,-0.217883720994,-0.254907011986,0.442664951086,-0.232735112309,-0.372780650854,0.422460049391,-0.271908372641,-0.362434744835
1778097165.74,0.406404256821,-0.176192387938,0.433192014694,0.405707508326,-0.171816110611,0.336267530918,0.409807294607,-0.178779423237,0.237352699041,0.415102988482,-0.185454711318,0.137027874589,0.420615285635,-0.193896278739,0.0407167300582,0.427127271891,-0.200468152761,-0.0599062591791,0.43359157443,-0.21250154078,-0.156061172485,0.440839499235,-0.221810892224,-0.254496872425,0.447278887033,-0.235987916589,-0.372696906328,0.425989121199,-0.275180190802,-0.362434744835
1778097165.75,0.405316084623,-0.18017372489,0.433174341917,0.405206531286,-0.176049470901,0.337075293064,0.410169273615,-0.182597979903,0.237366884947,0.416207700968,-0.188923344016,0.13736730814,0.422554045916,-0.198183104396,0.0411728098989,0.429516881704,-0.203970327973,-0.0598050057888,0.436094611883,-0.214379489422,-0.158424884081,0.444863766432,-0.224915221334,-0.255091607571,0.451430588961,-0.23893173039,-0.372890591621,0.429545789957,-0.278259456158,-0.362434744835
1778097165.76,0.404223173857,-0.184183254838,0.43314319849,0.404914230108,-0.180251523852,0.33702981472,0.41072550416,-0.186889588833,0.23764282465,0.417384833097,-0.193161413074,0.137651786208,0.424082845449,-0.201009079814,0.0405777394772,0.431728333235,-0.207898467779,-0.0596201270819,0.439440459013,-0.218436941504,-0.157450526953,0.449047595263,-0.229782581329,-0.252049446106,0.455643087626,-0.242202371359,-0.372565895319,0.433127194643,-0.281145721674,-0.362434744835
1778097165.78,0.40311974287,-0.188247054815,0.433100253344,0.404743224382,-0.183489918709,0.335898518562,0.410899728537,-0.190501749516,0.237593531609,0.418329685926,-0.196685194969,0.137640565634,0.426294535398,-0.205354109406,0.041510425508,0.434273332357,-0.211303144693,-0.0594314932823,0.442642837763,-0.223266080022,-0.155021637678,0.45189037919,-0.232013255358,-0.252028644085,0.460256189108,-0.245114892721,-0.372557848692,0.436730414629,-0.283838629723,-0.362434744835
1778097165.78,0.402131468058,-0.192109182477,0.43307736516,0.404272407293,-0.187939494848,0.337523669004,0.411330848932,-0.194150626659,0.237292379141,0.419195622206,-0.201059371233,0.138107284904,0.427843600512,-0.208498090506,0.0412982031703,0.436631649733,-0.214682459831,-0.0594190955162,0.445439726114,-0.226105287671,-0.155220329762,0.45475140214,-0.233837038279,-0.254725605249,0.463835030794,-0.248505592346,-0.371932655573,0.440352529287,-0.286338061094,-0.362434744835
1778097165.79,0.401193708181,-0.195946276188,0.433076947927,0.404009193182,-0.191019758582,0.335572481155,0.411712020636,-0.198111385107,0.237680867314,0.420568794012,-0.204361498356,0.13758996129,0.429565399885,-0.212019473314,0.0404309630394,0.439148634672,-0.218992546201,-0.0588969141245,0.448437124491,-0.229256168008,-0.155332475901,0.45946881175,-0.238395288587,-0.252979338169,0.467828899622,-0.25121563673,-0.371680706739,0.443990677595,-0.288644045591,-0.362434744835
1778097165.8,0.400358200073,-0.199644640088,0.433103650808,0.403197556734,-0.195655241609,0.336579620838,0.4123018682,-0.201685488224,0.236944124103,0.421071738005,-0.207263305783,0.136515498161,0.430700153112,-0.216201081872,0.0410675182939,0.440646678209,-0.222282320261,-0.0593133419752,0.451099425554,-0.232131555676,-0.156572908163,0.462580114603,-0.241509497166,-0.252690732479,0.471897214651,-0.253580152988,-0.37161308527,0.447641938925,-0.290756881237,-0.362434744835
1778097165.81,0.399684160948,-0.202946573496,0.433188766241,0.403197556734,-0.195655241609,0.336579620838,0.4123018682,-0.201685488224,0.236944124103,0.421071738005,-0.207263305783,0.136515498161,0.430700153112,-0.216201081872,0.0410675182939,0.440646678209,-0.222282320261,-0.0593133419752,0.451099425554,-0.232131555676,-0.156572908163,0.462580114603,-0.241509497166,-0.252690732479,0.471897214651,-0.253580152988,-0.37161308527,0.451303511858,-0.292677015066,-0.362434744835
1778097165.83,0.398749619722,-0.207839608192,0.433283954859,0.403276592493,-0.203772172332,0.337197363377,0.412571698427,-0.209976091981,0.237542152405,0.423030942678,-0.216505408287,0.138875350356,0.434009939432,-0.223960116506,0.0419398993254,0.445068269968,-0.229227125645,-0.058540776372,0.45600220561,-0.240014493465,-0.153271377087,0.468849807978,-0.247295722365,-0.252640783787,0.479385226965,-0.258292496204,-0.3716109097,0.454972535372,-0.294405072927,-0.362434744835
1778097165.83,0.398293167353,-0.210695236921,0.433360248804,0.402830928564,-0.206577584147,0.336029350758,0.412939220667,-0.213170349598,0.236596673727,0.423550337553,-0.22023999691,0.138531565666,0.435513108969,-0.226916775107,0.040780633688,0.446928709745,-0.233183547854,-0.0581325888634,0.45805695653,-0.241601452231,-0.155852168798,0.471275538206,-0.250473588705,-0.250199794769,0.483531683683,-0.259885549545,-0.372842460871,0.458646267653,-0.295941859484,-0.362434744835
1778097165.84,0.397760540247,-0.214315459132,0.433462500572,0.402830928564,-0.206577584147,0.336029350758,0.412939220667,-0.213170349598,0.236596673727,0.423550337553,-0.22023999691,0.138531565666,0.435513108969,-0.226916775107,0.040780633688,0.446928709745,-0.233183547854,-0.0581325888634,0.45805695653,-0.241601452231,-0.155852168798,0.471275538206,-0.250473588705,-0.250199794769,0.483531683683,-0.259885549545,-0.372842460871,0.462321907282,-0.297288388014,-0.362434744835
1778097165.85,0.397314697504,-0.217866048217,0.433555424213,0.402612119913,-0.214314758778,0.335542976856,0.412961870432,-0.221759095788,0.238003015518,0.424979180098,-0.227403625846,0.137893810868,0.437444001436,-0.235198885202,0.0424290671945,0.451747089624,-0.242424875498,-0.053378418088,0.462720125914,-0.247826486826,-0.155803263187,0.478150576353,-0.256405442953,-0.250307500362,0.490238457918,-0.264146566391,-0.372325986624,0.465996772051,-0.298445850611,-0.362434744835
1778097165.86,0.397047877312,-0.221206441522,0.433660417795,0.402448266745,-0.218569636345,0.336963772774,0.413232773542,-0.225510030985,0.238398954272,0.425359338522,-0.232281446457,0.139494255185,0.438343495131,-0.238497823477,0.0421266183257,0.452967792749,-0.245435297489,-0.0536323487759,0.465317815542,-0.252009689808,-0.153519481421,0.479786247015,-0.258891016245,-0.249412626028,0.493423491716,-0.266049057245,-0.372466832399,0.46966817975,-0.299415588379,-0.362434744835
1778097165.87,0.396796703339,-0.224627315998,0.433713912964,0.402081400156,-0.222379475832,0.337322860956,0.413482576609,-0.228659957647,0.237299486995,0.42593511939,-0.235796883702,0.139321133494,0.439421743155,-0.242458626628,0.043230868876,0.452723890543,-0.246717140079,-0.0570684373379,0.467817932367,-0.254993528128,-0.152637779713,0.482616990805,-0.26161646843,-0.249052166939,0.496777147055,-0.268569231033,-0.371342003345,0.473333507776,-0.300199151039,-0.362434744835
1778097165.88,0.396703779697,-0.227895513177,0.433821201324,0.402509719133,-0.226647078991,0.337772488594,0.413300484419,-0.232854604721,0.23911331594,0.426664441824,-0.23948803544,0.139738798141,0.439648061991,-0.244625031948,0.0407088398933,0.455048948526,-0.251714915037,-0.0546683520079,0.468566447496,-0.257988095284,-0.152796655893,0.484600275755,-0.26434263587,-0.248495012522,0.499818116426,-0.270560592413,-0.371234387159,0.476990133524,-0.300798147917,-0.362434744835
1778097165.89,0.396821111441,-0.230970546603,0.433998346329,0.402468413115,-0.228893771768,0.336610198021,0.413878947496,-0.236510798335,0.239358395338,0.426891952753,-0.242024436593,0.138683617115,0.440170675516,-0.248112246394,0.0415182560682,0.455095618963,-0.253289222717,-0.0563951283693,0.469755619764,-0.259506732225,-0.154580622911,0.486737757921,-0.267008841038,-0.247910052538,0.502748727798,-0.272063106298,-0.371355175972,0.480635553598,-0.301214516163,-0.362434744835
1778097165.9,0.39700037241,-0.234160721302,0.434165894985,0.402833908796,-0.233205646276,0.337806820869,0.413892120123,-0.239613085985,0.239314645529,0.42745885253,-0.245830178261,0.139337480068,0.441249281168,-0.252625465393,0.043271780014,0.456819206476,-0.258380532265,-0.0535429269075,0.471794754267,-0.26407545805,-0.151296406984,0.489233523607,-0.269086927176,-0.248258084059,0.50493478775,-0.275374412537,-0.3678830266,0.484267264605,-0.301450163126,-0.362434744835
