time,rope_p0_x,rope_p0_y,rope_p0_z,rope_p1_x,rope_p1_y,rope_p1_z,rope_p2_x,rope_p2_y,rope_p2_z,rope_p3_x,rope_p3_y,rope_p3_z,rope_p4_x,rope_p4_y,rope_p4_z,rope_p5_x,rope_p5_y,rope_p5_z,rope_p6_x,rope_p6_y,rope_p6_z,rope_p7_x,rope_p7_y,rope_p7_z,rope_p8_x,rope_p8_y,rope_p8_z,goal_traj_x,goal_traj_y,goal_traj_z
1776887805.4,0.480130702257,-0.299514770508,0.447573393583,0.481949537992,-0.300706833601,0.350104629993,0.483368843794,-0.300448447466,0.250645935535,0.484565526247,-0.300323396921,0.150655820966,0.486200124025,-0.300296604633,0.0532200410962,0.48601898551,-0.30054050684,-0.0450468957424,0.487553924322,-0.300439327955,-0.145247578621,0.488508969545,-0.300500035286,-0.243130475283,0.489333838224,-0.302314907312,-0.362871617079,0.490494221449,-0.305103838444,-0.362962782383
1776887810.4,0.480289250612,-0.299495577812,0.446332573891,0.481820553541,-0.30070194602,0.349298715591,0.483258575201,-0.300497114658,0.249692872167,0.484162420034,-0.299784123898,0.149189800024,0.485739082098,-0.299815028906,0.0514606460929,0.485785454512,-0.300434648991,-0.0467404723167,0.487967461348,-0.300537884235,-0.145693957806,0.488755434752,-0.300743341446,-0.243588984013,0.489480882883,-0.30240932107,-0.364083379507,0.490497797728,-0.305103838444,-0.362962782383
1776887810.42,0.480289340019,-0.299494594336,0.446333289146,0.481850713491,-0.300675451756,0.349348902702,0.483360141516,-0.300609350204,0.249722287059,0.484163492918,-0.299784302711,0.149189561605,0.485582381487,-0.299799323082,0.0513317510486,0.485768407583,-0.300476074219,-0.0468319505453,0.487982422113,-0.300541251898,-0.145698666573,0.488503426313,-0.300844103098,-0.244089990854,0.489020079374,-0.302323698997,-0.364622801542,0.490512102842,-0.305103838444,-0.362962782383
1776887810.43,0.480289399624,-0.299496918917,0.446335822344,0.481800287962,-0.300717324018,0.349259614944,0.48340395093,-0.300692498684,0.249658107758,0.484163731337,-0.299784421921,0.149189814925,0.485679000616,-0.299731910229,0.0513459146023,0.485784322023,-0.300429314375,-0.0467477738857,0.487987905741,-0.300532698631,-0.145716249943,0.488834768534,-0.300814628601,-0.243574202061,0.489244312048,-0.30268830061,-0.364358454943,0.490544289351,-0.305103838444,-0.362962782383
1776887810.45,0.480293989182,-0.299490511417,0.446334451437,0.481788963079,-0.300753623247,0.349307775497,0.483371347189,-0.300627470016,0.249642804265,0.48420587182,-0.299836695194,0.149217918515,0.485562771559,-0.299856513739,0.0513897538185,0.485847443342,-0.30044823885,-0.0467781722546,0.487989813089,-0.300534009933,-0.145715326071,0.488355010748,-0.300887137651,-0.244228810072,0.489238291979,-0.302688807249,-0.364363133907,0.4906013906,-0.305103808641,-0.362962782383
1776887810.46,0.480308651924,-0.299481093884,0.446334570646,0.481788903475,-0.300757467747,0.349313437939,0.483408302069,-0.300693750381,0.249657541513,0.484267741442,-0.299919307232,0.149163320661,0.485826224089,-0.300175130367,0.0513942316175,0.485782235861,-0.300443530083,-0.0468423366547,0.487996011972,-0.30053254962,-0.145721852779,0.488589376211,-0.301003158092,-0.244191467762,0.489272147417,-0.302804559469,-0.364378958941,0.490690439939,-0.305103749037,-0.362962782383
1776887810.48,0.480399310589,-0.299442976713,0.446345448494,0.481812208891,-0.300740778446,0.349346369505,0.483384221792,-0.300690770149,0.24966531992,0.48426041007,-0.299831569195,0.149136692286,0.486006528139,-0.300468832254,0.0516064614058,0.485796362162,-0.300469964743,-0.0468085557222,0.488008767366,-0.300539880991,-0.145718365908,0.488474041224,-0.301015853882,-0.244307041168,0.489262014627,-0.302917897701,-0.364491611719,0.490818530321,-0.305103629827,-0.362962782383
1776887810.49,0.480582505465,-0.299385040998,0.446366369724,0.481823056936,-0.300703942776,0.349300742149,0.483406335115,-0.300693571568,0.249658301473,0.484169453382,-0.299877941608,0.149009674788,0.485786885023,-0.300152927637,0.0512785464525,0.485778301954,-0.300504356623,-0.0468858033419,0.487995654345,-0.300520002842,-0.14574226737,0.488449543715,-0.301108390093,-0.244428247213,0.489698380232,-0.303136199713,-0.364008903503,0.490992516279,-0.305103361607,-0.362962782383
1776887810.51,0.480964899063,-0.299258261919,0.446398377419,0.481871217489,-0.30061635375,0.349386125803,0.483414202929,-0.300692409277,0.249754369259,0.484164744616,-0.299903810024,0.149175927043,0.485944002867,-0.300153970718,0.0512167289853,0.485823899508,-0.300494551659,-0.046947285533,0.48799225688,-0.300499558449,-0.145774364471,0.48845526576,-0.30110964179,-0.244433134794,0.489835053682,-0.3031924963,-0.364036560059,0.491219192743,-0.305102795362,-0.362962782383
1776887810.52,0.481515347958,-0.29908823967,0.4464430511,0.481927365065,-0.300636202097,0.349368035793,0.483404904604,-0.300690919161,0.249756783247,0.484352260828,-0.300110280514,0.149560511112,0.485759109259,-0.300181478262,0.0511998608708,0.485856801271,-0.300511986017,-0.0468844473362,0.487997740507,-0.300501137972,-0.145775169134,0.488577455282,-0.301092982292,-0.244341135025,0.489495068789,-0.303514719009,-0.364307641983,0.491505354643,-0.305101841688,-0.362962782383
1776887810.54,0.482353299856,-0.298843801022,0.446495711803,0.482667893171,-0.300430059433,0.349353551865,0.483684152365,-0.300832241774,0.249795362353,0.484391361475,-0.300201714039,0.149573221803,0.485744744539,-0.300108224154,0.0511959120631,0.485749810934,-0.300455570221,-0.0469500273466,0.488076359034,-0.300810486078,-0.145466476679,0.488483220339,-0.30118188262,-0.244459539652,0.489867776632,-0.303215235472,-0.363985925913,0.491857498884,-0.30510020256,-0.362962782383
1776887810.55,0.483383983374,-0.298510313034,0.446522831917,0.483120828867,-0.300480991602,0.349466085434,0.48370179534,-0.300701886415,0.249888464808,0.484386593103,-0.300189077854,0.149559184909,0.485753744841,-0.300092160702,0.0513032004237,0.485740631819,-0.300435215235,-0.0469764620066,0.488067835569,-0.300789564848,-0.145496100187,0.488634616137,-0.30122295022,-0.244336664677,0.489649802446,-0.30359005928,-0.36437562108,0.492282241583,-0.305097579956,-0.362962782383
1776887810.57,0.484981745481,-0.297897189856,0.446503847837,0.483828336,-0.300212055445,0.348988115788,0.48453232646,-0.30077123642,0.249719306827,0.484568089247,-0.300216645002,0.149442836642,0.486236900091,-0.3007183671,0.0520210415125,0.485719591379,-0.300408899784,-0.0470144450665,0.488055378199,-0.300780236721,-0.145503491163,0.488627761602,-0.301278054714,-0.244335263968,0.489790469408,-0.303535282612,-0.364032238722,0.492785781622,-0.305093556643,-0.362962782383
1776887810.58,0.486632406712,-0.297202497721,0.446402490139,0.484533756971,-0.300273567438,0.349083960056,0.484896093607,-0.300780236721,0.249624162912,0.485030859709,-0.300765067339,0.149889647961,0.486325711012,-0.300713598728,0.0520698949695,0.485674232244,-0.300724565983,-0.0465790778399,0.487930268049,-0.30084207654,-0.145676195621,0.488438218832,-0.301361083984,-0.244444459677,0.489578992128,-0.303880870342,-0.364291697741,0.493374437094,-0.305087596178,-0.362962782383
1776887810.6,0.488936245441,-0.296152055264,0.446225464344,0.48672875762,-0.299955487251,0.34912532568,0.486420124769,-0.300435364246,0.249711856246,0.486349374056,-0.300909847021,0.150469690561,0.486715883017,-0.300677984953,0.0519899725914,0.485883742571,-0.300988763571,-0.0462458282709,0.487856954336,-0.301052689552,-0.145518392324,0.488314479589,-0.301456600428,-0.244334071875,0.48983129859,-0.30356657505,-0.364027410746,0.494054228067,-0.305079042912,-0.362962782383
1776887810.61,0.491306424141,-0.29493778944,0.445974141359,0.48750475049,-0.2996070683,0.34913700819,0.487374812365,-0.300437867641,0.249859020114,0.487068980932,-0.300705373287,0.150142043829,0.487129300833,-0.300547480583,0.0518576279283,0.486135095358,-0.301052451134,-0.046239554882,0.487854450941,-0.301041781902,-0.145536184311,0.488205045462,-0.30143430829,-0.244490623474,0.489656001329,-0.303954899311,-0.364317983389,0.494830876589,-0.305067032576,-0.362962782383
1776887810.63,0.494362533092,-0.293181300163,0.445450544357,0.490739136934,-0.299245178699,0.349485635757,0.489566713572,-0.300062030554,0.25007879734,0.488565951586,-0.30055642128,0.149895101786,0.487672835588,-0.300473749638,0.0515420362353,0.48672041297,-0.301192998886,-0.0462068915367,0.486760944128,-0.300734072924,-0.147752285004,0.488279789686,-0.301713347435,-0.244549751282,0.489616602659,-0.30404856801,-0.364421248436,0.495710164309,-0.305050611496,-0.362962782383
1776887810.64,0.49761685729,-0.291186451912,0.444667965174,0.492443531752,-0.298301547766,0.349047780037,0.490897506475,-0.299478054047,0.249943077564,0.489460974932,-0.300536453724,0.149644434452,0.488669067621,-0.300662726164,0.0514803528786,0.486495286226,-0.301043838263,-0.0467209219933,0.487228959799,-0.300880968571,-0.147637009621,0.488340467215,-0.301634699106,-0.244751930237,0.489518195391,-0.304194897413,-0.364594131708,0.496697515249,-0.305028527975,-0.362962782383
1776887810.66,0.501218020916,-0.288852363825,0.443741321564,0.49601188302,-0.296636432409,0.348438382149,0.4941200912,-0.298435628414,0.248523682356,0.491766065359,-0.299678176641,0.148999541998,0.490353375673,-0.300765484571,0.050992295146,0.487938195467,-0.301561057568,-0.0469112843275,0.488903015852,-0.301810353994,-0.146502375603,0.488688677549,-0.301959961653,-0.245402544737,0.489292234182,-0.304343402386,-0.364832520485,0.49779817462,-0.304999411106,-0.362962782383
1776887810.67,0.505049407482,-0.28616592288,0.442491322756,0.498461812735,-0.295723080635,0.348227679729,0.496043235064,-0.298072606325,0.248630449176,0.493150323629,-0.29925429821,0.148425430059,0.491682082415,-0.300366193056,0.0504061877728,0.488883346319,-0.301383823156,-0.0473423451185,0.489469796419,-0.301797956228,-0.147096395493,0.489175051451,-0.302213668823,-0.245810240507,0.489434808493,-0.304256469011,-0.364689320326,0.499017089605,-0.304961621761,-0.362962782383
1776887810.69,0.508810818195,-0.283393442631,0.441171556711,0.502947926521,-0.293118804693,0.347041726112,0.499852746725,-0.295645654202,0.247368991375,0.496610671282,-0.297737210989,0.147190630436,0.494418233633,-0.299694448709,0.0495226532221,0.490950077772,-0.301853895187,-0.0483399778605,0.490268796682,-0.301781564951,-0.148587763309,0.48947891593,-0.302444815636,-0.246359795332,0.488952130079,-0.303834289312,-0.366237014532,0.50035905838,-0.304913282394,-0.362962782383
1776887810.7,0.512733876705,-0.28041306138,0.439437121153,0.505397200584,-0.291062384844,0.346062660217,0.50238597393,-0.294647485018,0.246555566788,0.498682528734,-0.297334909439,0.14664632082,0.495972901583,-0.299383014441,0.0486864894629,0.491724818945,-0.30068898201,-0.0502250939608,0.491567283869,-0.302291095257,-0.149247974157,0.490177482367,-0.302537888288,-0.246844619513,0.48865839839,-0.304334282875,-0.367503911257,0.501828670502,-0.304852187634,-0.362962782383
1776887810.72,0.517661094666,-0.276647776365,0.437053710222,0.510775923729,-0.287758499384,0.343663573265,0.507119894028,-0.291567951441,0.244291245937,0.502934455872,-0.294975191355,0.144658982754,0.499678939581,-0.298096835613,0.0467782020569,0.495003849268,-0.300672501326,-0.0510305315256,0.493643969297,-0.301649779081,-0.149918556213,0.491219848394,-0.303182005882,-0.248554885387,0.488692134619,-0.304766446352,-0.369145095348,0.503430008888,-0.304775923491,-0.362962782383
1776887810.73,0.522156774998,-0.273300558329,0.434890180826,0.513482928276,-0.286018401384,0.342688024044,0.509978890419,-0.290222793818,0.243478551507,0.50584602356,-0.293910592794,0.143330380321,0.501516699791,-0.297160118818,0.0456551909447,0.496667832136,-0.299730360508,-0.0529181808233,0.494623214006,-0.301613032818,-0.152244865894,0.491480916739,-0.302726119757,-0.250078856945,0.488331705332,-0.304796874523,-0.370324999094,0.505167245865,-0.304681748152,-0.362962782383
1776887810.75,0.526648461819,-0.270061373711,0.432251751423,0.519298791885,-0.281644523144,0.339690208435,0.515318632126,-0.28633582592,0.240363106132,0.510586977005,-0.290702342987,0.140660747886,0.506415963173,-0.294976383448,0.0433032885194,0.500378608704,-0.298554122448,-0.0552740097046,0.496493428946,-0.300133615732,-0.155654489994,0.493082970381,-0.302621692419,-0.252196937799,0.487658411264,-0.304825097322,-0.372546523809,0.507043719292,-0.304566562176,-0.362962782383
1776887810.76,0.531108379364,-0.267063379288,0.429490953684,0.522320747375,-0.279751241207,0.338305860758,0.518256306648,-0.284766316414,0.239172428846,0.513674259186,-0.289108961821,0.139431387186,0.509030580521,-0.29367980361,0.0416394546628,0.501939535141,-0.297236084938,-0.0568368881941,0.498515218496,-0.300422638655,-0.15564391017,0.493777066469,-0.302683949471,-0.253623694181,0.487946599722,-0.305146634579,-0.37419706583,0.509062886238,-0.304426968098,-0.362962782383
1776887810.78,0.535552144051,-0.264180421829,0.426529496908,0.528586864471,-0.275619417429,0.33498442173,0.524534225464,-0.280555397272,0.235657691956,0.519469618797,-0.28557485342,0.136160373688,0.513956665993,-0.290172338486,0.0381267890334,0.506929278374,-0.294916749001,-0.0596280544996,0.501795291901,-0.29888394475,-0.159212768078,0.49577203393,-0.301422864199,-0.25672018528,0.48772123456,-0.305826693773,-0.376642346382,0.511227846146,-0.304259210825,-0.362962782383
1776887810.79,0.539978027344,-0.26147121191,0.423260211945,0.5315117836,-0.27368286252,0.333107531071,0.527585506439,-0.278370857239,0.234028786421,0.522026896477,-0.283367663622,0.134069502354,0.517036318779,-0.288477182388,0.0367430821061,0.509245634079,-0.29381030798,-0.0609436035156,0.503457427025,-0.297313928604,-0.160911113024,0.496546000242,-0.301538795233,-0.25830206275,0.487747460604,-0.305785506964,-0.378989040852,0.5135409832,-0.304059147835,-0.362962782383
1776887810.81,0.544420778751,-0.258942872286,0.419965475798,0.537799954414,-0.269754469395,0.328889369965,0.533556222916,-0.274542659521,0.230028420687,0.528052091599,-0.278832405806,0.129893377423,0.522621035576,-0.284121125937,0.0324113145471,0.51385986805,-0.290164917707,-0.0647362470627,0.506924033165,-0.294560492039,-0.165176719427,0.498557955027,-0.300161391497,-0.26207152009,0.487871795893,-0.306199640036,-0.382121741772,0.516004562378,-0.303822278976,-0.362962782383
1776887810.82,0.548826277256,-0.256613314152,0.416393101215,0.540846586227,-0.268222600222,0.327087819576,0.536558628082,-0.272144258022,0.227740675211,0.531131505966,-0.276919007301,0.127826929092,0.525169491768,-0.282006084919,0.0301081091166,0.516404867172,-0.288261771202,-0.0666667073965,0.509051799774,-0.293980449438,-0.166218340397,0.500248432159,-0.299373835325,-0.263949632645,0.488554686308,-0.306967645884,-0.38363558054,0.518620491028,-0.303543716669,-0.362962782383
1776887810.84,0.55309677124,-0.254517316818,0.412738889456,0.546889662743,-0.264592170715,0.322417467833,0.542550802231,-0.268393397331,0.222953528166,0.5372402668,-0.272789537907,0.124123692513,0.530813574791,-0.278328478336,0.0260863900185,0.5212444067,-0.284257084131,-0.0713552683592,0.512800335884,-0.290462464094,-0.171418875456,0.502906084061,-0.297449111938,-0.267687916756,0.489435762167,-0.307102620602,-0.387767195702,0.521390080452,-0.303218185902,-0.362962782383
1776887810.85,0.557347595692,-0.252656280994,0.409077107906,0.54966878891,-0.263206362724,0.31999540329,0.545419454575,-0.26656845212,0.220544874668,0.540011405945,-0.27042105794,0.121570259333,0.533284187317,-0.274989813566,0.0228341892362,0.523436784744,-0.282031267881,-0.0741623789072,0.514855504036,-0.288905769587,-0.172952324152,0.503921866417,-0.29671856761,-0.270505070686,0.490111738443,-0.307575851679,-0.389164745808,0.524314284325,-0.302839905024,-0.362962782383
1776887810.87,0.561553895473,-0.251123219728,0.405430436134,0.555420160294,-0.26038813591,0.315335631371,0.551069140434,-0.263350397348,0.2158934623,0.545785188675,-0.266885817051,0.116856738925,0.538342356682,-0.271199971437,0.0186114832759,0.528239369392,-0.278108626604,-0.0784754306078,0.518589735031,-0.28567391634,-0.177758306265,0.507050156593,-0.294433057308,-0.274859011173,0.492003232241,-0.3073554039,-0.39354801178,0.527393221855,-0.302402764559,-0.362962782383
1776887810.88,0.565650761127,-0.24986128509,0.401742577553,0.558242678642,-0.25884154439,0.312640994787,0.553837060928,-0.261637479067,0.213246017694,0.548237919807,-0.265006363392,0.114014200866,0.540990591049,-0.269591003656,0.0161125734448,0.530055522919,-0.275995790958,-0.0815043598413,0.520419597626,-0.284295380116,-0.180185467005,0.508554697037,-0.29369777441,-0.27659714222,0.493160456419,-0.30714225769,-0.395389020443,0.530626893044,-0.301900237799,-0.362962782383
1776887810.9,0.569658577442,-0.248883783817,0.39821383357,0.56386089325,-0.2570066154,0.308174103498,0.55899310112,-0.258749544621,0.208183482289,0.553050279617,-0.262034296989,0.109534718096,0.545409083366,-0.265907496214,0.0112830623984,0.534486174583,-0.27346265316,-0.0858559161425,0.524204850197,-0.281526178122,-0.185426622629,0.511851429939,-0.291880369186,-0.281168043613,0.495904952288,-0.306030482054,-0.399991333485,0.534014463425,-0.301325231791,-0.362962782383
1776887810.91,0.573631823063,-0.248266175389,0.39475697279,0.566555023193,-0.256228864193,0.305760324001,0.561617493629,-0.257845759392,0.206007257104,0.555626511574,-0.260742336512,0.107090428472,0.547582387924,-0.264607071877,0.00891630351543,0.536238908768,-0.271854192019,-0.0881803482771,0.526149988174,-0.280822813511,-0.187190711498,0.513503909111,-0.291035503149,-0.283024072647,0.497497528791,-0.305964887142,-0.402407348156,0.537554502487,-0.300670325756,-0.362962782383
1776887810.93,0.577503144741,-0.247838526964,0.391546964645,0.571457982063,-0.25452452898,0.300730764866,0.566434860229,-0.256212413311,0.201462209225,0.559928894043,-0.258713960648,0.102357745171,0.551770210266,-0.263313859701,0.00409496575594,0.540139436722,-0.269642680883,-0.0936800837517,0.529697656631,-0.278558403254,-0.192201912403,0.517260313034,-0.289156645536,-0.288373053074,0.501519560814,-0.303979188204,-0.406736254692,0.541244506836,-0.29992762208,-0.362962782383
1776887810.94,0.581219732761,-0.247633337975,0.388324379921,0.574263811111,-0.253966331482,0.29860240221,0.568892002106,-0.255391657352,0.19904230535,0.561977505684,-0.258080124855,0.100421667099,0.553541302681,-0.261961996555,0.00192678719759,0.542238116264,-0.269558876753,-0.0949630886316,0.531725645065,-0.277798861265,-0.19468459487,0.519297838211,-0.288489073515,-0.29035666585,0.503512978554,-0.302582383156,-0.409063577652,0.545081496239,-0.299088716507,-0.362962782383
1776887810.96,0.584645330906,-0.247632756829,0.385739117861,0.579312443733,-0.253830939531,0.293972283602,0.573065280914,-0.255045741796,0.194935142994,0.565891742706,-0.257807433605,0.0961040332913,0.557391166687,-0.261540621519,-0.002077922225,0.54595375061,-0.268406867981,-0.0997910350561,0.535521030426,-0.27662691474,-0.198482125998,0.523688793182,-0.285963207483,-0.295217692852,0.508354187012,-0.300354510546,-0.413297951221,0.549061655998,-0.298144847155,-0.362962782383
1776887810.97,0.588438391685,-0.24768422544,0.3829626441,0.581511855125,-0.253991395235,0.29188978672,0.575329780579,-0.255202203989,0.192611753941,0.568090796471,-0.257414549589,0.0936163440347,0.559163093567,-0.261506527662,-0.00419029593468,0.547881007195,-0.268248558044,-0.100760519505,0.537591934204,-0.275733470917,-0.200676053762,0.525659799576,-0.285289824009,-0.297566503286,0.510891437531,-0.29842621088,-0.416329085827,0.553179740906,-0.297086775303,-0.362962782383
1776887810.99,0.591827392578,-0.247797116637,0.380814880133,0.586303949356,-0.254799455404,0.288225889206,0.579486966133,-0.256386607885,0.189265817404,0.571970582008,-0.258762151003,0.0902332812548,0.562738418579,-0.262410789728,-0.00785019993782,0.551542043686,-0.267936646938,-0.105839177966,0.541675925255,-0.274994969368,-0.204562962055,0.530414700508,-0.283418655396,-0.301024436951,0.516399502754,-0.294948816299,-0.420346081257,0.557429552078,-0.295904815197,-0.362962782383
1776887811,0.594827413559,-0.247878685594,0.379158973694,0.588870406151,-0.255354166031,0.286720693111,0.581598877907,-0.256784498692,0.187193155289,0.573927760124,-0.259488791227,0.0885175764561,0.564547777176,-0.262852698565,-0.0093734562397,0.553634881973,-0.268656522036,-0.106788337231,0.543931365013,-0.274423360825,-0.206337541342,0.532834887505,-0.28191742301,-0.304046005011,0.519523143768,-0.293160140514,-0.422238111496,0.56180369854,-0.294588923454,-0.362962782383
1776887811.02,0.597938537598,-0.247903063893,0.377544730902,0.593064308167,-0.256150245667,0.283476352692,0.585990905762,-0.258667945862,0.184287190437,0.57760989666,-0.261313050985,0.0853496193886,0.568394184113,-0.264776021242,-0.0126854330301,0.558217644691,-0.2694914639,-0.109602540731,0.548793315887,-0.273829549551,-0.209519416094,0.538708567619,-0.279919356108,-0.306628376245,0.526203036308,-0.288453400135,-0.426463901997,0.566293239594,-0.293128758669,-0.362962782383
1776887811.03,0.600663900375,-0.247843742371,0.376735836267,0.59549343586,-0.256777077913,0.282364696264,0.58798289299,-0.259542584419,0.183349773288,0.579815864563,-0.262592613697,0.084267899394,0.571044802666,-0.265858769417,-0.0140309482813,0.560449361801,-0.269420832396,-0.111702010036,0.55123269558,-0.273590445518,-0.21099242568,0.541320681572,-0.279272854328,-0.307752132416,0.52968120575,-0.286266565323,-0.427837848663,0.570887804031,-0.291513592005,-0.362962782383
1776887811.05,0.603098332882,-0.247648715973,0.376359194517,0.599746108055,-0.257369816303,0.280735552311,0.59237742424,-0.260867238045,0.181390658021,0.584447383881,-0.264274895191,0.0824053436518,0.575671315193,-0.267204731703,-0.0154256075621,0.56528031826,-0.270528256893,-0.113101705909,0.55706512928,-0.27371430397,-0.21245020628,0.547615528107,-0.277002394199,-0.310667842627,0.536688566208,-0.281536698341,-0.430199146271,0.575575113297,-0.289732515812,-0.362962782383
1776887811.06,0.605063438416,-0.247338682413,0.376234263182,0.601841211319,-0.25765478611,0.28000664711,0.594828724861,-0.261411935091,0.180959552526,0.586532592773,-0.264937728643,0.0816141366959,0.578137636185,-0.267925769091,-0.0165693610907,0.56843149662,-0.270969033241,-0.113638311625,0.559873580933,-0.273311555386,-0.213478773832,0.551226496696,-0.275972425938,-0.310882210732,0.540539383888,-0.279390335083,-0.430639624596,0.580340981483,-0.287774503231,-0.362962782383
1776887811.08,0.606607854366,-0.246840372682,0.37675049901,0.605600714684,-0.257641583681,0.279699146748,0.599101424217,-0.261809498072,0.180133298039,0.591627717018,-0.265847355127,0.0809414088726,0.583888888359,-0.269187390804,-0.0171333998442,0.574223875999,-0.272018998861,-0.114393159747,0.566747903824,-0.272872328758,-0.214754074812,0.558165669441,-0.273820400238,-0.311935245991,0.548514723778,-0.274360388517,-0.432398915291,0.585169315338,-0.285628497601,-0.362962782383
1776887811.09,0.607617557049,-0.246107757092,0.377645105124,0.607668280602,-0.257467895746,0.279435932636,0.601472139359,-0.261938333511,0.180343925953,0.594339489937,-0.26574537158,0.0809510350227,0.586985945702,-0.269017457962,-0.01688554883,0.577474594116,-0.271734535694,-0.11453089118,0.570072293282,-0.272535443306,-0.214251846075,0.561878085136,-0.272314190865,-0.311806231737,0.552447319031,-0.272147446871,-0.432027757168,0.59004175663,-0.283283531666,-0.362962782383
1776887811.11,0.60821801424,-0.245092988014,0.378956377506,0.61061835289,-0.25691601634,0.280028104782,0.605764865875,-0.261279851198,0.180704385042,0.599674344063,-0.265745609999,0.0811907947063,0.592912077904,-0.26866465807,-0.0166916847229,0.584300041199,-0.271266072989,-0.113921999931,0.576345086098,-0.269773572683,-0.215988725424,0.569973707199,-0.269643604755,-0.311397224665,0.560510396957,-0.267884403467,-0.431646168232,0.594937443733,-0.280728906393,-0.362962782383
1776887811.12,0.608453631401,-0.243979647756,0.380309790373,0.611482977867,-0.256307631731,0.280463457108,0.607646822929,-0.260835975409,0.181294500828,0.602560162544,-0.265009313822,0.082025423646,0.596362113953,-0.268006116152,-0.0164135694504,0.58810544014,-0.27042478323,-0.113793864846,0.580680966377,-0.268739402294,-0.215536892414,0.573893070221,-0.2679425776,-0.311207264662,0.564799070358,-0.265682786703,-0.43149125576,0.599833250046,-0.277954429388,-0.362962782383
1776887811.14,0.608393013477,-0.242288768291,0.382279008627,0.612680912018,-0.255955576897,0.281550318003,0.609287858009,-0.260603904724,0.182263344526,0.605361938477,-0.26410523057,0.0823894292116,0.599704384804,-0.267353445292,-0.0154430568218,0.592092990875,-0.268920630217,-0.113181322813,0.586290121078,-0.268032729626,-0.212645232677,0.578152298927,-0.266233861446,-0.31041008234,0.570004701614,-0.263578355312,-0.431089401245,0.604703426361,-0.274950563908,-0.362962782383
1776887811.15,0.60791271925,-0.239266008139,0.385621696711,0.613978028297,-0.254120379686,0.283831059933,0.612028002739,-0.258484065533,0.184172183275,0.609511971474,-0.261997967958,0.0843995288014,0.606142878532,-0.264408200979,-0.0133794248104,0.599792122841,-0.26557213068,-0.111655279994,0.594152569771,-0.264562427998,-0.211205869913,0.587048172951,-0.262369722128,-0.309027314186,0.578461527824,-0.259531408548,-0.42924374342,0.609519600868,-0.271708667278,-0.362962782383
1776887811.17,0.607419013977,-0.236759155989,0.387969136238,0.614493846893,-0.25113505125,0.286439538002,0.614525079727,-0.255291491747,0.186908662319,0.614280104637,-0.258278846741,0.0872524529696,0.611951470375,-0.260333180428,-0.0107255578041,0.607467889786,-0.261561602354,-0.108574211597,0.60354924202,-0.259943008423,-0.207746714354,0.596238851547,-0.25795006752,-0.306939840317,0.58821952343,-0.256363987923,-0.426701366901,0.61425101757,-0.268221288919,-0.362962782383
1776887811.18,0.606235921383,-0.232363715768,0.392075836658,0.614447593689,-0.249302342534,0.288459181786,0.615310668945,-0.253336340189,0.188629627228,0.615835189819,-0.256315171719,0.0893602371216,0.615056872368,-0.258363455534,-0.00875493884087,0.610805511475,-0.258794605732,-0.107156962156,0.607110738754,-0.257586032152,-0.207055985928,0.600831747055,-0.256061643362,-0.30488628149,0.59309720993,-0.254870027304,-0.425206661224,0.618864536285,-0.264482438564,-0.362962782383
1776887811.2,0.60497033596,-0.228256970644,0.395777791739,0.61412525177,-0.244526237249,0.292451322079,0.616370081902,-0.24820330739,0.192795947194,0.618386268616,-0.250805258751,0.0929259508848,0.619588136673,-0.252906084061,-0.00476469099522,0.616975069046,-0.253364264965,-0.1031575948,0.614564538002,-0.252030670643,-0.204227566719,0.610381007195,-0.252290964127,-0.300697177649,0.603583812714,-0.25163680315,-0.420744538307,0.623324632645,-0.260487765074,-0.362962782383
1776887811.21,0.603251576424,-0.22285489738,0.400319427252,0.613452672958,-0.241583794355,0.294905126095,0.616749048233,-0.245190769434,0.19532713294,0.619536519051,-0.24779355526,0.0955752953887,0.621276021004,-0.249492123723,-0.00228133797646,0.619904398918,-0.250564694405,-0.100463852286,0.617470741272,-0.249271735549,-0.201800644398,0.614600539207,-0.250239670277,-0.29806599021,0.608906269073,-0.250045478344,-0.418637573719,0.627594232559,-0.256235003471,-0.362962782383
1776887811.23,0.601323068142,-0.216981694102,0.405009239912,0.612556219101,-0.234428748488,0.299815356731,0.61699450016,-0.238049566746,0.200873941183,0.62120115757,-0.240588575602,0.100452266634,0.62415099144,-0.242522999644,0.0027871504426,0.624494671822,-0.244869798422,-0.0949723124504,0.625023126602,-0.245217770338,-0.195201307535,0.623121976852,-0.245628431439,-0.292951643467,0.619859099388,-0.246864244342,-0.413782119751,0.631634473801,-0.251724123955,-0.362962782383
1776887811.24,0.599155545235,-0.210237726569,0.409926712513,0.611559271812,-0.230355456471,0.302837342024,0.616886854172,-0.234242081642,0.2034432441,0.621543288231,-0.237161919475,0.103932417929,0.625807881355,-0.239489480853,0.00631404668093,0.626185774803,-0.240951597691,-0.0926431268454,0.628436684608,-0.242694854736,-0.191142112017,0.627232074738,-0.24364130199,-0.290277928114,0.625395298004,-0.245608001947,-0.410481035709,0.635405778885,-0.246957570314,-0.362962782383
1776887811.26,0.596624910831,-0.202975347638,0.415098309517,0.60995054245,-0.221622645855,0.309150576591,0.616026878357,-0.22538164258,0.209707289934,0.621758103371,-0.228677555919,0.110129952431,0.627582550049,-0.23158891499,0.0131883025169,0.629725456238,-0.234608829021,-0.085726454854,0.633544802666,-0.236913457513,-0.184730947018,0.63518178463,-0.239794641733,-0.282738745213,0.637182712555,-0.242659628391,-0.404132962227,0.6388682127,-0.241940453649,-0.362962782383
1776887811.27,0.594141066074,-0.196344122291,0.419863909483,0.608226060867,-0.216831877828,0.312422692776,0.615029573441,-0.220766201615,0.213193550706,0.621436238289,-0.224584788084,0.113440319896,0.628347277641,-0.228342860937,0.0169866159558,0.631015658379,-0.231534823775,-0.082024410367,0.636205911636,-0.234341964126,-0.181251168251,0.639056444168,-0.237505525351,-0.279286772013,0.642768740654,-0.241250351071,-0.400171935558,0.641981840134,-0.236680686474,-0.362962782383
1776887811.29,0.590500354767,-0.187233775854,0.426175355911,0.603441357613,-0.200854897499,0.323073983192,0.611190319061,-0.206039980054,0.223955854774,0.619178295135,-0.210903570056,0.124610029161,0.62763261795,-0.215662106872,0.0271822661161,0.634233355522,-0.220884487033,-0.0707855969667,0.643144965172,-0.225093662739,-0.169963955879,0.650822997093,-0.230325505137,-0.266763240099,0.659787416458,-0.236409798265,-0.387628078461,0.644708395004,-0.231189087033,-0.362962782383
1776887811.3,0.587009608746,-0.178765818477,0.431976139545,0.603441357613,-0.200854897499,0.323073983192,0.611190319061,-0.206039980054,0.223955854774,0.619178295135,-0.210903570056,0.124610029161,0.62763261795,-0.215662106872,0.0271822661161,0.634233355522,-0.220884487033,-0.0707855969667,0.643144965172,-0.225093662739,-0.169963955879,0.650822997093,-0.230325505137,-0.266763240099,0.659787416458,-0.236409798265,-0.387628078461,0.647011041641,-0.225479260087,-0.362962782383
1776887811.32,0.583082556725,-0.170348972082,0.437705397606,0.599148750305,-0.189381122589,0.330501317978,0.607652783394,-0.195176690817,0.232045605779,0.617324709892,-0.201316922903,0.132467314601,0.627534031868,-0.207216829062,0.0353354662657,0.63642847538,-0.213694989681,-0.062343031168,0.648500561714,-0.219322293997,-0.160278022289,0.658107876778,-0.225245937705,-0.258255690336,0.670901179314,-0.233479186893,-0.378564655781,0.648855805397,-0.219567611814,-0.362962782383
1776887811.33,0.578815639019,-0.16208589077,0.443476110697,0.596408247948,-0.183346375823,0.334439992905,0.605780243874,-0.189757078886,0.235699236393,0.61621773243,-0.196159616113,0.136357247829,0.627059102058,-0.202292501926,0.039385586977,0.637744188309,-0.209792777896,-0.0578723698854,0.650680184364,-0.216482281685,-0.155189990997,0.661674499512,-0.222712695599,-0.253558546305,0.676058411598,-0.231651291251,-0.373027473688,0.650212168694,-0.213473021984,-0.362962782383
1776887811.35,0.574260294437,-0.153714522719,0.449119031429,0.591436386108,-0.171746045351,0.342623174191,0.602124929428,-0.178650930524,0.243531644344,0.613795161247,-0.185581251979,0.144443631172,0.62704885006,-0.193469554186,0.0482764840126,0.639139413834,-0.201628386974,-0.049113675952,0.654778957367,-0.209575846791,-0.145979344845,0.668413281441,-0.217503741384,-0.243807464838,0.685987591743,-0.22765879333,-0.362962931395,0.651054024696,-0.207216665149,-0.362962782383
1776887811.36,0.569430172443,-0.145909935236,0.454622089863,0.588949680328,-0.165637359023,0.346172511578,0.599889159203,-0.17268769443,0.247729107738,0.61287009716,-0.180650770664,0.148723691702,0.626529216766,-0.188597500324,0.0521464124322,0.64028775692,-0.197829023004,-0.0442899465561,0.656927704811,-0.205807909369,-0.14162248373,0.671802759171,-0.215248018503,-0.238943696022,0.690762996674,-0.226340204477,-0.35748192668,0.651360034943,-0.200821578503,-0.362962782383
1776887811.38,0.564368963242,-0.138553798199,0.459814786911,0.583338737488,-0.153929769993,0.354020953178,0.596098065376,-0.161412090063,0.25570088625,0.610654711723,-0.169715359807,0.157041832805,0.626212954521,-0.178867906332,0.0607362911105,0.641530871391,-0.189006954432,-0.0352916866541,0.660432338715,-0.198337256908,-0.132027387619,0.678049564362,-0.209172993898,-0.228339254856,0.700113415718,-0.22232323885,-0.34678965807,0.651114225388,-0.194312259555,-0.362962782383
1776887811.39,0.559092640877,-0.131644129753,0.464580327272,0.580538749695,-0.148270845413,0.357667684555,0.593849420547,-0.155450314283,0.259723186493,0.609687447548,-0.164687618613,0.160999372602,0.626326084137,-0.173920884728,0.0650622397661,0.642076611519,-0.18432945013,-0.0308811813593,0.662531852722,-0.194982036948,-0.126925855875,0.680980324745,-0.206160485744,-0.223791837692,0.704280853271,-0.220268025994,-0.340993970633,0.650306463242,-0.187714144588,-0.362962782383
1776887811.41,0.553333520889,-0.124938629568,0.469216823578,0.574703574181,-0.137615263462,0.365263879299,0.590236663818,-0.144719645381,0.266964703798,0.60719370842,-0.153675571084,0.168604239821,0.625809192657,-0.163679987192,0.0734527856112,0.643852233887,-0.175653770566,-0.0219991058111,0.665821790695,-0.186991050839,-0.117590814829,0.686212658882,-0.199814781547,-0.214148432016,0.71164393425,-0.215742245317,-0.33060759306,0.648932695389,-0.181053161621,-0.362962782383
1776887811.42,0.548111617565,-0.119780033827,0.472671538591,0.571673631668,-0.132297724485,0.368246346712,0.588265419006,-0.139418840408,0.270370066166,0.606187224388,-0.148390069604,0.172453284264,0.625754594803,-0.158574193716,0.0771739333868,0.64430129528,-0.170534551144,-0.0182506889105,0.666965007782,-0.182679116726,-0.114682808518,0.688787817955,-0.196208462119,-0.209336966276,0.71557533741,-0.21308965981,-0.325132220984,0.646994829178,-0.174355089664,-0.362962782383
1776887811.44,0.542478263378,-0.115097939968,0.475946038961,0.565177559853,-0.122847832739,0.374049216509,0.583966135979,-0.129605531693,0.276536345482,0.60416674614,-0.138223052025,0.178986221552,0.625645041466,-0.148851901293,0.0842411741614,0.646013975143,-0.161117374897,-0.0107129961252,0.669747710228,-0.174477547407,-0.106668755412,0.693703651428,-0.188930124044,-0.199758499861,0.722014307976,-0.207608476281,-0.315526247025,0.644500851631,-0.167645171285,-0.362962782383
1776887811.45,0.536800503731,-0.111117653549,0.478498339653,0.562024593353,-0.11893325299,0.377080768347,0.581621646881,-0.124971337616,0.279601812363,0.602931857109,-0.133342579007,0.181912243366,0.625370264053,-0.143545284867,0.0874810069799,0.646525382996,-0.156626030803,-0.0066913664341,0.671687483788,-0.170326218009,-0.102798864245,0.695511579514,-0.185283079743,-0.196134746075,0.725002884865,-0.204756245017,-0.311498612165,0.641464114189,-0.160947546363,-0.362962782383
1776887811.47,0.531136095524,-0.107951179147,0.4804494977,0.555429339409,-0.111834131181,0.381319910288,0.576769948006,-0.1168005988,0.284610152245,0.600236296654,-0.123670034111,0.186835214496,0.624367594719,-0.13362236321,0.0927849933505,0.648222446442,-0.147351115942,-0.000448487699032,0.674306988716,-0.160932719707,-0.0952720791101,0.699550151825,-0.177884161472,-0.188972502947,0.73021376133,-0.198976010084,-0.303420603275,0.637903690338,-0.154284879565,-0.362962782383
1776887811.49,0.525340020657,-0.105394557118,0.481877803802,0.552054524422,-0.108659096062,0.383235454559,0.574182987213,-0.112718850374,0.286387503147,0.598588943481,-0.119443289936,0.189108550549,0.623692393303,-0.129216998816,0.0955025181174,0.648177742958,-0.142214104533,0.00179716199636,0.675405263901,-0.157279893756,-0.0930453389883,0.701376199722,-0.173800528049,-0.185660749674,0.732370018959,-0.19568786025,-0.300234973431,0.633840799332,-0.147674873471,-0.362962782383
1776887811.5,0.520722746849,-0.103954128921,0.482385754585,0.545296907425,-0.103173822165,0.386002808809,0.569206595421,-0.10609857738,0.289683371782,0.595164179802,-0.111493721604,0.192553073168,0.622227787971,-0.120357640088,0.0995939075947,0.648648738861,-0.132932186127,0.00613778084517,0.677384018898,-0.14827413857,-0.0876337140799,0.704141497612,-0.166029125452,-0.180285871029,0.736713528633,-0.188642993569,-0.293791919947,0.629297971725,-0.141130134463,-0.362962782383
1776887811.51,0.515187621117,-0.102835699916,0.482380747795,0.541687726974,-0.100889369845,0.38658413291,0.566385984421,-0.103124715388,0.290995240211,0.593444347382,-0.107861757278,0.193872585893,0.621476888657,-0.116241529584,0.100683480501,0.648456811905,-0.129153385758,0.00806746631861,0.678090929985,-0.143867909908,-0.0850710421801,0.70498085022,-0.161578908563,-0.178321748972,0.738431811333,-0.185006573796,-0.291465729475,0.624299407005,-0.134661316872,-0.362962782383
1776887811.53,0.510475575924,-0.102349735796,0.481722921133,0.535334348679,-0.0977728664875,0.388122797012,0.561077475548,-0.0981391370296,0.292095601559,0.589109301567,-0.101784400642,0.195954471827,0.61893248558,-0.108998425305,0.103529684246,0.647990465164,-0.121270038188,0.0117425769567,0.678177833557,-0.135485097766,-0.0818528681993,0.70678794384,-0.153537794948,-0.174692898989,0.741818547249,-0.177213430405,-0.287439405918,0.618870615959,-0.128277093172,-0.362962782383
1776887811.54,0.505184471607,-0.102218322456,0.480265021324,0.531936407089,-0.0964127406478,0.387934476137,0.558401346207,-0.0962176173925,0.291842699051,0.587242126465,-0.0989915505052,0.196236014366,0.61736035347,-0.105423808098,0.103668153286,0.647038698196,-0.117530196905,0.0117569491267,0.67843914032,-0.131755247712,-0.0811879038811,0.707410216331,-0.149233132601,-0.173698425293,0.742876410484,-0.172876015306,-0.286696702242,0.613038539886,-0.121984094381,-0.362962782383
1776887811.56,0.500568389893,-0.102347560227,0.478275060654,0.525411367416,-0.0948382019997,0.386911571026,0.552878260612,-0.0933993756771,0.291493833065,0.582568287849,-0.0945243090391,0.195980653167,0.613910079002,-0.0999652296305,0.103817358613,0.64454138279,-0.110681079328,0.011911958456,0.677537679672,-0.123913869262,-0.0809339880943,0.707932472229,-0.141697898507,-0.172646462917,0.74512052536,-0.164081916213,-0.285222709179,0.606830239296,-0.115787051618,-0.362962782383
1776887811.57,0.496504098177,-0.102517895401,0.475996732712,0.522153139114,-0.0944118052721,0.386332064867,0.550151586533,-0.0924748927355,0.290635287762,0.580505609512,-0.0931086242199,0.195414036512,0.611659169197,-0.0969974994659,0.103146933019,0.642868041992,-0.107376098633,0.0106621980667,0.676629543304,-0.120584286749,-0.081285148859,0.707616686821,-0.13712194562,-0.172841876745,0.745838046074,-0.159454002976,-0.285050272942,0.600273489952,-0.109688743949,-0.362962782383
1776887811.59,0.492094069719,-0.102646000683,0.472709625959,0.516054868698,-0.0944023355842,0.383514940739,0.544077992439,-0.0914085134864,0.288417160511,0.575278162956,-0.0907541364431,0.193821892142,0.607532382011,-0.0936037451029,0.101426906884,0.639230728149,-0.102182015777,0.00919488817453,0.674216747284,-0.113903954625,-0.082876548171,0.706891417503,-0.129027485847,-0.174386203289,0.746958851814,-0.149572610855,-0.285740941763,0.593395829201,-0.103690184653,-0.362962782383
1776887811.6,0.488251239061,-0.10259090364,0.469285696745,0.512837052345,-0.094268463552,0.381664156914,0.541367888451,-0.0914063155651,0.28662031889,0.572572112083,-0.0903669148684,0.19267077744,0.604920268059,-0.0927250906825,0.0997497141361,0.637531518936,-0.1002734676,0.00835426896811,0.67254281044,-0.110913775861,-0.0842835605145,0.706095218658,-0.124998494983,-0.175602912903,0.747418284416,-0.144669145346,-0.286771982908,0.586224794388,-0.097790658474,-0.362962782383
1776887811.62,0.484701275826,-0.102164454758,0.465474575758,0.506655216217,-0.0947323217988,0.377791285515,0.535277962685,-0.0916641503572,0.282934069633,0.566359639168,-0.0901794210076,0.187506452203,0.600144863129,-0.0914072170854,0.0969750061631,0.63342320919,-0.0971607193351,0.00495585799217,0.669382452965,-0.105488665402,-0.0873074233532,0.704137325287,-0.116912037134,-0.178949564695,0.747109055519,-0.13339856267,-0.289759635925,0.578787446022,-0.0919878929853,-0.362962782383
1776887811.63,0.481488704681,-0.101237423718,0.461185604334,0.503411650658,-0.0949437618256,0.375147044659,0.532266020775,-0.0924011543393,0.280195087194,0.563798189163,-0.0904000997543,0.186151146889,0.596865653992,-0.0912307873368,0.0941551998258,0.630615115166,-0.095975920558,0.00246644020081,0.667211532593,-0.102707162499,-0.0899216383696,0.702727079391,-0.113044507802,-0.180865734816,0.745804309845,-0.128023594618,-0.291774451733,0.571110129356,-0.0862781628966,-0.362962782383
1776887811.65,0.4786221385,-0.0996681973338,0.456660181284,0.498036533594,-0.0950074791908,0.369987428188,0.525988936424,-0.0930263772607,0.274496018887,0.557611942291,-0.0917162448168,0.180491179228,0.591263175011,-0.0913248360157,0.0886346399784,0.624993801117,-0.0941688716412,-0.00295889377594,0.662751555443,-0.0987262278795,-0.0950092822313,0.699352383614,-0.105707131326,-0.185759663582,0.744118928909,-0.115650266409,-0.29701590538,0.563218832016,-0.0806564390659,-0.362962782383
1776887811.66,0.476081997156,-0.0973857417703,0.45180234313,0.495398193598,-0.0949105247855,0.367106795311,0.522996783257,-0.0936700701714,0.271755576134,0.554233074188,-0.0923637151718,0.177090272307,0.58805346489,-0.091907531023,0.0859187096357,0.621788978577,-0.0934971496463,-0.0068015307188,0.660570859909,-0.0970029383898,-0.0973619818687,0.697257518768,-0.102028943598,-0.187966525555,0.74230992794,-0.109412409365,-0.299683392048,0.555138468742,-0.0751165151596,-0.362962782383
1776887811.68,0.473427534103,-0.093379303813,0.44554194808,0.490498632193,-0.0936876758933,0.360741734505,0.517479896545,-0.0940405279398,0.265239417553,0.547771811485,-0.0939650982618,0.170276626945,0.581821203232,-0.0929794162512,0.0790844783187,0.615759849548,-0.0936425104737,-0.0131444633007,0.654729485512,-0.093788087368,-0.10429649055,0.692017674446,-0.0951029658318,-0.194813936949,0.738123655319,-0.0973405092955,-0.305378288031,0.546893596649,-0.0696511641145,-0.362962782383
1776887811.69,0.471924871206,-0.0899396166205,0.441333085299,0.48798713088,-0.0928957015276,0.357458025217,0.514736890793,-0.0938471630216,0.261756002903,0.545300722122,-0.0941129103303,0.1674028337,0.578590989113,-0.0939544513822,0.0755424648523,0.612481594086,-0.0933198928833,-0.0165428817272,0.651633739471,-0.0922761559486,-0.107788041234,0.689463734627,-0.0919217690825,-0.19838476181,0.735753178596,-0.091028265655,-0.309400349855,0.538507699966,-0.0642522498965,-0.362962782383
1776887811.71,0.470278859138,-0.0846404805779,0.435827821493,0.484489113092,-0.0904686972499,0.350366294384,0.510186910629,-0.0931724309921,0.254296958447,0.539047718048,-0.0949937701225,0.159172043204,0.572130441666,-0.0945523604751,0.0681988224387,0.605634331703,-0.0928902253509,-0.0248798727989,0.645031571388,-0.0895118638873,-0.115387409925,0.682736754417,-0.0844801813364,-0.20587977767,0.729282975197,-0.0784024596214,-0.316151797771,0.530003666878,-0.0589108839631,-0.362962782383
1776887811.72,0.468987733126,-0.0784363523126,0.430312395096,0.482584625483,-0.0885181352496,0.346760332584,0.508063912392,-0.0925555378199,0.250819295645,0.536355614662,-0.0942808538675,0.155147850513,0.568911075592,-0.0945557057858,0.0636927038431,0.602767348289,-0.0929673835635,-0.0282909423113,0.641237854958,-0.0874991342425,-0.119480669498,0.679216384888,-0.0812565684319,-0.209874927998,0.725903153419,-0.0723690465093,-0.320237547159,0.52140390873,-0.0536175332963,-0.362962782383
1776887811.74,0.468027770519,-0.0708837360144,0.424764424562,0.479976385832,-0.0834341272712,0.339587390423,0.504249095917,-0.0892929062247,0.243564635515,0.532051086426,-0.0936554074287,0.147640392184,0.563193559647,-0.0934429988265,0.0555529743433,0.595499992371,-0.090649522841,-0.0371770113707,0.633707046509,-0.0832727998495,-0.128088086843,0.670946002007,-0.0738745927811,-0.218225866556,0.717153072357,-0.0608648434281,-0.327835530043,0.512730002403,-0.0483621582389,-0.362962782383
1776887811.75,0.467321068048,-0.0626494511962,0.419275581837,0.478426605463,-0.0803596526384,0.33562040329,0.502714395523,-0.0871838033199,0.239962920547,0.529849052429,-0.0922414585948,0.143342092633,0.560332775116,-0.0924896970391,0.0515220910311,0.592148780823,-0.0891726240516,-0.0408416688442,0.629456520081,-0.0810348242521,-0.132397592068,0.666257023811,-0.0702283605933,-0.222761362791,0.712559819221,-0.0556338131428,-0.332871288061,0.504003167152,-0.0431343205273,-0.362962782383
1776887811.77,0.46684601903,-0.0535813905299,0.41398486495,0.476560920477,-0.072281062603,0.32840692997,0.499823600054,-0.0810181573033,0.231910154223,0.52567243576,-0.0876672118902,0.135559543967,0.555032014847,-0.0890932455659,0.0438598394394,0.58501124382,-0.0849055200815,-0.0499760806561,0.620777249336,-0.0752310678363,-0.142005413771,0.656873941422,-0.0626903474331,-0.232236325741,0.701397776604,-0.0455235131085,-0.341697216034,0.495244473219,-0.0379233025014,-0.362962782383
1776887811.78,0.466471999884,-0.0437603257596,0.408748626709,0.475602716208,-0.0674885138869,0.32496970892,0.498293966055,-0.0772090777755,0.228213503957,0.523546814919,-0.0840343236923,0.132133722305,0.552159667015,-0.085959173739,0.0390815809369,0.581655025482,-0.0824656039476,-0.054095685482,0.616423726082,-0.0717465430498,-0.146213144064,0.65141248703,-0.0586265362799,-0.237006366253,0.695469021797,-0.0406097695231,-0.347442060709,0.486474603415,-0.0327182114124,-0.362962782383
1776887811.8,0.46636736393,-0.0333618558943,0.403904139996,0.474335283041,-0.05615349859,0.317324459553,0.495782226324,-0.0671088472009,0.22105011344,0.519774436951,-0.0753721371293,0.124495714903,0.546595811844,-0.0780962407589,0.0315873101354,0.574678659439,-0.0749561265111,-0.0625544637442,0.608108639717,-0.0642789825797,-0.155777931213,0.641255259514,-0.0502901077271,-0.24671959877,0.682301044464,-0.0316324830055,-0.357388198376,0.477714210749,-0.0275081004947,-0.362962782383
1776887811.81,0.46649697423,-0.0235559530556,0.399709224701,0.473877876997,-0.049923568964,0.314237892628,0.494678586721,-0.0612003542483,0.217113882303,0.51789855957,-0.0702349320054,0.121399991214,0.544362783432,-0.0729829370975,0.0273673832417,0.571144104004,-0.0702980607748,-0.0671061128378,0.603595256805,-0.060180388391,-0.16014623642,0.635728001595,-0.0463915206492,-0.251604676247,0.675008416176,-0.0284574404359,-0.362641602755,0.468983978033,-0.0222820751369,-0.362962782383
1776887811.83,0.466932207346,-0.0122020058334,0.39532917738,0.472792476416,-0.035857334733,0.30741417408,0.492897719145,-0.0472993552685,0.210365146399,0.514506459236,-0.0564191229641,0.113208465278,0.539366483688,-0.0609849914908,0.0198701322079,0.564081430435,-0.0592089183629,-0.0752300769091,0.594685196877,-0.0503772124648,-0.169118463993,0.623682260513,-0.0377675071359,-0.262050300837,0.660341024399,-0.020079864189,-0.37507301569,0.460304826498,-0.0170293990523,-0.362962782383
1776887811.84,0.467684984207,-0.00143325433601,0.39182934165,0.473032265902,-0.0283983070403,0.303901553154,0.491911679506,-0.0394724607468,0.207295015454,0.512953519821,-0.04874144122,0.109694488347,0.536624193192,-0.0530303493142,0.0159087106586,0.560870528221,-0.0526956245303,-0.0790189504623,0.589398980141,-0.0448719747365,-0.173537135124,0.617588758469,-0.0330503024161,-0.266961216927,0.652502894402,-0.0170610286295,-0.380979955196,0.451698035002,-0.0117396051064,-0.362962782383
1776887811.86,0.468792229891,0.00875135883689,0.388863533735,0.473315030336,-0.0132167022675,0.298542946577,0.490985304117,-0.0227004792541,0.201024338603,0.510283946991,-0.0313464514911,0.103055939078,0.531941652298,-0.0361147597432,0.0091565772891,0.552865743637,-0.0367553085089,-0.087355479598,0.579277634621,-0.0322705432773,-0.182340592146,0.604422688484,-0.0235602296889,-0.276976615191,0.635235309601,-0.0107218865305,-0.392825245857,0.443185180426,-0.00640261126682,-0.362962782383
1776887811.87,0.470205336809,0.018804538995,0.386418968439,0.473472386599,-0.00561745092273,0.296313226223,0.49070045352,-0.0138563495129,0.198171839118,0.509091377258,-0.0220648702234,0.100746229291,0.529746294022,-0.0268989410251,0.00589034706354,0.549290657043,-0.0277474485338,-0.0909490734339,0.574041366577,-0.024999493733,-0.187061190605,0.597357392311,-0.0185054540634,-0.28148829937,0.626420497894,-0.00877473317087,-0.3983117342,0.434788614511,-0.00100884237327,-0.362962782383
1776887811.89,0.471938937902,0.0282340440899,0.384529680014,0.475173443556,0.0103135667741,0.291844725609,0.490540593863,0.00413475558162,0.193638920784,0.507222890854,-0.00175492698327,0.0954559370875,0.524742126465,-0.00544623564929,-0.000388599932194,0.542180895805,-0.00906351953745,-0.096288561821,0.562644600868,-0.00850877724588,-0.193668782711,0.583324551582,-0.00752683542669,-0.290187001228,0.607007622719,-0.00407304242253,-0.408033907413,0.426531046629,0.00445065321401,-0.362962782383
1776887811.9,0.473976016045,0.0368765518069,0.383201271296,0.475905925035,0.0183360911906,0.289502769709,0.490846306086,0.0134764332324,0.191831961274,0.506254792213,0.00827092397958,0.0931132137775,0.522626876831,0.00449549825862,-0.00272110104561,0.538171887398,0.00116621423513,-0.0991221964359,0.557280778885,-0.000365947838873,-0.197270512581,0.575345158577,-0.00159236241598,-0.29377502203,0.597493290901,-0.00252135121264,-0.41178560257,0.418436139822,0.00998407229781,-0.362962782383
1776887811.92,0.476218730211,0.0441281944513,0.382389038801,0.478184431791,0.0332529917359,0.286911427975,0.490715175867,0.0318561606109,0.18874026835,0.504366278648,0.0292086414993,0.0896929055452,0.517995476723,0.0262999702245,-0.00717318058014,0.52991771698,0.0224326960742,-0.103866621852,0.544968724251,0.0170956663787,-0.201976180077,0.55953681469,0.0100386282429,-0.299359828234,0.576597571373,0.00121028069407,-0.418075859547,0.410528093576,0.0155987292528,-0.362962782383
1776887811.93,0.479128271341,0.0514166839421,0.381982773542,0.479100733995,0.0407356694341,0.28581392765,0.490949481726,0.0408605970442,0.187604412436,0.502748847008,0.0395020544529,0.0885453373194,0.515358567238,0.0370773077011,-0.00879371166229,0.526060938835,0.0320489220321,-0.105410933495,0.538829445839,0.0257858093828,-0.203941762447,0.551454544067,0.0160188041627,-0.300825357437,0.565681934357,0.00356055330485,-0.419929027557,0.402832001448,0.0213009156287,-0.362962782383
1776887811.95,0.482236385345,0.0573697946966,0.382237493992,0.480069965124,0.0473870187998,0.285489141941,0.490818530321,0.0493086725473,0.186429187655,0.502119779587,0.0492234043777,0.0873345583677,0.512623310089,0.0476820841432,-0.0102605670691,0.521824002266,0.0418477170169,-0.106837183237,0.532548308372,0.0339825376868,-0.205485880375,0.543001651764,0.0217679683119,-0.302624851465,0.554688811302,0.0057820500806,-0.421631038189,0.395373612642,0.0270957667381,-0.362962782383
1776887811.96,0.485483437777,0.0618315525353,0.382887274027,0.481922835112,0.0602670609951,0.284596920013,0.490353018045,0.0649713873863,0.185660034418,0.49848857522,0.0675000473857,0.0857772827148,0.506491422653,0.0667082965374,-0.0115873962641,0.512419223785,0.059957370162,-0.108634650707,0.519739866257,0.0488190874457,-0.207194000483,0.525658845901,0.0337330400944,-0.303695589304,0.532027721405,0.0115670170635,-0.421876728535,0.388179332018,0.0329871177673,-0.362962782383
1776887811.98,0.489511102438,0.0656309574842,0.384068727493,0.484095662832,0.0710437074304,0.28500559926,0.489698141813,0.0788515433669,0.185560405254,0.495451062918,0.0824525207281,0.0861169099808,0.499979346991,0.0824019834399,-0.0115902721882,0.503022789955,0.0749271661043,-0.108753412962,0.506705880165,0.0617265626788,-0.20731690526,0.508438825607,0.0436025671661,-0.303187310696,0.509146213531,0.0193782448769,-0.420808792114,0.381276220083,0.038977380842,-0.362962782383
1776887811.99,0.493717432022,0.0679255872965,0.385655283928,0.485750108957,0.0753899216652,0.285247594118,0.489528685808,0.0840682014823,0.186332270503,0.493139237165,0.0892027392983,0.0876157134771,0.496814876795,0.0889048352838,-0.0103129446507,0.497639447451,0.08117749542,-0.108338221908,0.49940803647,0.0678553059697,-0.207400590181,0.499331444502,0.048912666738,-0.302471607924,0.498191088438,0.0231880489737,-0.420125007629,0.37469163537,0.0450673848391,-0.362962782383
1776887812.01,0.498225599527,0.0690519064665,0.387658596039,0.488391846418,0.0821509063244,0.287062764168,0.488990157843,0.0923667028546,0.188132092357,0.489512354136,0.0989592075348,0.0887210071087,0.489428669214,0.0994104668498,-0.00839793682098,0.486829906702,0.091434545815,-0.106321752071,0.484965831041,0.0781277120113,-0.205888211727,0.481300979853,0.0586940422654,-0.300324618816,0.47537997365,0.0335426591337,-0.417963922024,0.368453294039,0.0512562841177,-0.362962782383
1776887812.02,0.502887129784,0.0691173449159,0.38993665576,0.490062564611,0.0841560065746,0.288367211819,0.489184349775,0.0953392162919,0.189068943262,0.487493664026,0.10206194222,0.0901489108801,0.485388308764,0.103485286236,-0.00765718519688,0.481183081865,0.0955393090844,-0.105079114437,0.477481037378,0.0822810307145,-0.203719347715,0.472517699003,0.0636308789253,-0.298961728811,0.464766949415,0.038642719388,-0.416962563992,0.362588733435,0.0575414299965,-0.362962782383
1776887812.04,0.507705509663,0.0681759342551,0.392419934273,0.494065910578,0.0861828923225,0.29132694006,0.489368528128,0.0978508591652,0.192396521568,0.483667522669,0.105485737324,0.0932786539197,0.477723270655,0.107509836555,-0.0042077600956,0.469656437635,0.101156033576,-0.101219043136,0.462560147047,0.0898433029652,-0.200497686863,0.453879445791,0.0729565322399,-0.296099722385,0.44286736846,0.0502961352468,-0.414107918739,0.357125431299,0.0639182850718,-0.362962782383
1776887812.05,0.51254183054,0.0663635134697,0.395037382841,0.49652209878,0.0861333757639,0.292957514524,0.489733308554,0.0976836010814,0.194101631641,0.481414467096,0.105802178383,0.0953491777182,0.473911553621,0.107996970415,-0.00184740126133,0.463775128126,0.103120289743,-0.0991869419813,0.454878538847,0.0931406021118,-0.198504596949,0.44507303834,0.0776567012072,-0.294287115335,0.432152956724,0.0570409819484,-0.412363052368,0.352089971304,0.0703803524375,-0.362962782383
1776887812.07,0.517121970654,0.0640687644482,0.397706925869,0.500642180443,0.0841944292188,0.296323657036,0.490259796381,0.0951599925756,0.19793766737,0.479102343321,0.1033950001,0.0999670475721,0.466182738543,0.107366904616,0.0024306923151,0.452730327845,0.104517839849,-0.0941275656223,0.440355092287,0.0977598205209,-0.193504601717,0.427257686853,0.0867506116629,-0.289882898331,0.411281138659,0.0708395093679,-0.408097207546,0.347508221865,0.0769191458821,-0.362962782383
1776887812.08,0.522269487381,0.061085537076,0.400618612766,0.503008365631,0.0821936130524,0.298066735268,0.49055442214,0.0929701328278,0.19992646575,0.477473527193,0.100915521383,0.102078951895,0.46302267909,0.105575144291,0.00541251152754,0.447403281927,0.104410767555,-0.0910439193249,0.433124512434,0.0994248837233,-0.190423876047,0.418739765882,0.0906458050013,-0.286886125803,0.401089638472,0.0780514627695,-0.405776619911,0.343404442072,0.0835241675377,-0.362962782383
1776887812.1,0.527030467987,0.0580065511167,0.403360515833,0.507092833519,0.0770682096481,0.30212020874,0.491418749094,0.0863913819194,0.204410582781,0.474263399839,0.0944249555469,0.10719435662,0.456967562437,0.0999800562859,0.0104695335031,0.437940388918,0.101768322289,-0.0855189263821,0.420297652483,0.102020382881,-0.184198826551,0.401756972075,0.0994904562831,-0.281441569328,0.381420820951,0.0930764898658,-0.399009346962,0.339801281691,0.0901829749346,-0.362962782383
1776887812.11,0.530796170235,0.0556093119085,0.40567034483,0.509104728699,0.0740528479218,0.304385632277,0.49188581109,0.0827550068498,0.206630080938,0.473015755415,0.0902450457215,0.109809152782,0.453991919756,0.0966193899512,0.0135032683611,0.433564931154,0.100377842784,-0.0816922485828,0.414233058691,0.102354213595,-0.180231243372,0.39395776391,0.103553920984,-0.278262734413,0.371880203485,0.100674137473,-0.395105302334,0.336719065905,0.096881210804,-0.362962782383
1776887812.13,0.536174237728,0.0522721149027,0.408584415913,0.512977957726,0.067796073854,0.308511912823,0.492649108171,0.0748031884432,0.211472809315,0.470792323351,0.0820728465915,0.114754840732,0.448818653822,0.0891223922372,0.0195290744305,0.425394505262,0.0959006473422,-0.0749403834343,0.403942972422,0.103335738182,-0.171615302563,0.380562275648,0.108484186232,-0.268481224775,0.353642612696,0.11604142189,-0.385704636574,0.334175437689,0.103602774441,-0.362962782383
1776887812.14,0.540803492069,0.0498492233455,0.410988330841,0.515023827553,0.064878359437,0.310458779335,0.492957442999,0.0711274668574,0.21356266737,0.469997733831,0.0778393596411,0.117218531668,0.447351485491,0.0856446400285,0.0227382779121,0.422699064016,0.0934708565474,-0.0714966058731,0.399206787348,0.103544227779,-0.167923420668,0.37648370862,0.117076404393,-0.258842736483,0.344837814569,0.123495489359,-0.380316495895,0.33218511939,0.110329963267,-0.362962782383
1776887812.16,0.544503211975,0.0484919808805,0.412864655256,0.517163395882,0.0616752430797,0.312531650066,0.493858247995,0.0672159940004,0.215774416924,0.469330221415,0.0735546350479,0.1195467785,0.445719867945,0.082244977355,0.0265068486333,0.419700413942,0.091198682785,-0.0682586878538,0.39462146163,0.103701040149,-0.163602948189,0.370400816202,0.11912444979,-0.254247426987,0.33627435565,0.131335139275,-0.375110656023,0.330759376287,0.117043688893,-0.362962782383
1776887812.17,0.548824369907,0.0475500263274,0.414485871792,0.521669983864,0.0564294829965,0.316261708736,0.495912700891,0.0602937489748,0.219951912761,0.469129830599,0.0660594180226,0.124853633344,0.442875057459,0.0755483731627,0.0315729826689,0.413926452398,0.0875349342823,-0.061014175415,0.385961979628,0.104517519474,-0.155407398939,0.359642893076,0.126850634813,-0.243892192841,0.321324259043,0.144987225533,-0.360890567303,0.329905629158,0.123723730445,-0.362962782383
1776887812.19,0.552554666996,0.0476464889944,0.415765970945,0.526238203049,0.0525402091444,0.319232910872,0.498581200838,0.0550553277135,0.223899453878,0.469527751207,0.0603098347783,0.129113599658,0.440684646368,0.0705391839147,0.0365110710263,0.409098297358,0.0848899930716,-0.0546076595783,0.378684908152,0.105698764324,-0.147223412991,0.349671036005,0.133328184485,-0.233317583799,0.307353466749,0.156070828438,-0.348408669233,0.329627513885,0.130349054933,-0.362962782383
1776887812.2,0.556608319283,0.0487959980965,0.416624516249,0.528735876083,0.0511052198708,0.321141242981,0.500406265259,0.0529438629746,0.225554019213,0.470149427652,0.0579421520233,0.1309491992,0.440534740686,0.0687250643969,0.0387568250299,0.407010763884,0.0841421708465,-0.0512814074755,0.375070661306,0.107173189521,-0.143171429634,0.343853026628,0.136064082384,-0.228687793016,0.301656365395,0.164739310741,-0.339505881071,0.329924315214,0.136898100376,-0.362962782383
1776887812.22,0.560283720493,0.0510718077421,0.416915744543,0.533722519875,0.050041846931,0.322823822498,0.504220962524,0.0508204437792,0.227353900671,0.47234788537,0.0556843057275,0.134165003896,0.439605385065,0.0670825093985,0.0434433221817,0.403629094362,0.0841034278274,-0.0458958595991,0.369330257177,0.1103451401,-0.135280370712,0.334579974413,0.14262779057,-0.219680815935,0.290275454521,0.175540864468,-0.329895436764,0.330791264772,0.143349140882,-0.362962782383
1776887812.23,0.56383895874,0.0545892380178,0.416745096445,0.536359190941,0.050291210413,0.323190033436,0.506045937538,0.0505146309733,0.228411987424,0.473316043615,0.0549987219274,0.135174185038,0.438969403505,0.0674321725965,0.0456507951021,0.402431517839,0.0848501175642,-0.0437805950642,0.366210311651,0.112603873014,-0.131937474012,0.331410318613,0.145927265286,-0.215419262648,0.284742832184,0.181330859661,-0.323303461075,0.332219153643,0.149680629373,-0.362962782383
1776887812.25,0.567280590534,0.0594028159976,0.415977656841,0.541203975677,0.0526884421706,0.32392346859,0.510689139366,0.05155640468,0.22921769321,0.476353317499,0.0553427711129,0.136288821697,0.440281063318,0.0682972222567,0.0473353266716,0.400550633669,0.0877176821232,-0.0398074686527,0.362091630697,0.116551607847,-0.126834183931,0.323872387409,0.152856692672,-0.208004742861,0.273894190788,0.192071527243,-0.310717016459,0.334194809198,0.15587157011,-0.362962782383
1776887812.26,0.570511579514,0.0654914826155,0.414779782295,0.54362154007,0.0546839274466,0.323710441589,0.512626767159,0.0531288646162,0.229035198689,0.47773578763,0.0567388162017,0.136654004455,0.440879911184,0.069584980607,0.0483676344156,0.399892061949,0.0896001830697,-0.0381980538368,0.360029369593,0.119429193437,-0.124583944678,0.32096016407,0.156736776233,-0.204440236092,0.268985033035,0.195773512125,-0.306659519672,0.336701124907,0.161901831627,-0.362962782383
1776887812.28,0.573510527611,0.0728212296963,0.412970542908,0.548252344131,0.0601594895124,0.323073148727,0.516773462296,0.0579189583659,0.228543937206,0.480699807405,0.0607761666179,0.136833876371,0.442255407572,0.0737752914429,0.0484470576048,0.399383217096,0.0944351106882,-0.0368423461914,0.356906503439,0.124524489045,-0.121202886105,0.314629137516,0.162597551942,-0.199974089861,0.260239869356,0.202663704753,-0.300287038088,0.339717417955,0.167752474546,-0.362962782383
1776887812.29,0.576299190521,0.0811668857932,0.41069740057,0.550125002861,0.0644901916385,0.322126686573,0.518904328346,0.0612659454346,0.227911293507,0.482534915209,0.0643129646778,0.136012047529,0.443108767271,0.0770953521132,0.0482339859009,0.398984760046,0.097761169076,-0.0366267263889,0.355498760939,0.128507599235,-0.119945093989,0.312630951405,0.165503457189,-0.198682785034,0.256323516369,0.206327080727,-0.297705888748,0.343219727278,0.173406019807,-0.362962782383
1776887812.31,0.578965425491,0.0905324369669,0.40804490447,0.55420935154,0.0741983875632,0.319643735886,0.522655248642,0.070035032928,0.225433588028,0.486277610064,0.072358071804,0.134001791477,0.445318609476,0.0840465649962,0.0463079512119,0.399522811174,0.104407824576,-0.0378983467817,0.354236334562,0.134219497442,-0.121226266026,0.309138894081,0.172687485814,-0.19685280323,0.248928308487,0.209075212479,-0.296892166138,0.347181409597,0.17884670198,-0.362962782383
1776887812.32,0.581382930279,0.100997671485,0.405058890581,0.55585026741,0.079860650003,0.318067550659,0.524391412735,0.075443841517,0.223713502288,0.487524062395,0.0770008414984,0.132357522845,0.446743160486,0.0887496992946,0.0451224818826,0.399998813868,0.108490951359,-0.0381993949413,0.352963417768,0.138748556376,-0.120619237423,0.308314144611,0.176328673959,-0.196256965399,0.2456843853,0.214442804456,-0.293870568275,0.351573616266,0.184060618281,-0.362962782383
1776887812.34,0.584001004696,0.114197425544,0.40110912919,0.559420585632,0.0929213613272,0.314607977867,0.527716636658,0.0878611952066,0.220333918929,0.49069032073,0.0887349322438,0.128372520208,0.449240118265,0.0992417931557,0.0416095554829,0.401721507311,0.117407515645,-0.0416538119316,0.352856725454,0.145580768585,-0.123233437538,0.303845375776,0.180764690042,-0.198943048716,0.240196764469,0.216857016087,-0.295431733131,0.356365770102,0.189035877585,-0.362962782383
1776887812.35,0.585426568985,0.12349306792,0.398084759712,0.56076669693,0.100370675325,0.312412977219,0.529127955437,0.0951737314463,0.218221873045,0.492109984159,0.0956643968821,0.126659527421,0.450356930494,0.10560079664,0.0397501885891,0.402950078249,0.12245374918,-0.0436603277922,0.353158265352,0.149328693748,-0.125458285213,0.302710741758,0.183873102069,-0.200811117887,0.237727969885,0.219276577234,-0.295679658651,0.361526221037,0.193762674928,-0.362962782383
1776887812.37,0.587064027786,0.135540232062,0.39444193244,0.562348842621,0.108009748161,0.31027251482,0.530386924744,0.103473745286,0.216220289469,0.493537932634,0.10328322649,0.124344989657,0.45169749856,0.11192382127,0.0374665036798,0.403561323881,0.128140956163,-0.0457859486341,0.353089243174,0.153748914599,-0.127641290426,0.300435274839,0.179195746779,-0.206182807684,0.235856741667,0.221175670624,-0.296815007925,0.36702272296,0.198233291507,-0.362962782383
1776887812.38,0.588555812836,0.147370532155,0.390469223261,0.562348842621,0.108009748161,0.31027251482,0.530386924744,0.103473745286,0.216220289469,0.493537932634,0.10328322649,0.124344989657,0.45169749856,0.11192382127,0.0374665036798,0.403561323881,0.128140956163,-0.0457859486341,0.353089243174,0.153748914599,-0.127641290426,0.300435274839,0.179195746779,-0.206182807684,0.235856741667,0.221175670624,-0.296815007925,0.372823089361,0.202442035079,-0.362962782383
1776887812.4,0.589702963829,0.158655926585,0.386736601591,0.566872596741,0.142738848925,0.300219088793,0.53540289402,0.139163598418,0.205770581961,0.498307138681,0.138047456741,0.113813050091,0.456614643335,0.143602639437,0.0263977050781,0.407222062349,0.154286846519,-0.0565526336432,0.355126231909,0.172978445888,-0.139591693878,0.302256435156,0.198741868138,-0.214403361082,0.232241392136,0.226618155837,-0.309115409851,0.378895610571,0.206385150552,-0.362962782383
1776887812.41,0.590850770473,0.170858740807,0.382304280996,0.566872596741,0.142738848925,0.300219088793,0.53540289402,0.139163598418,0.205770581961,0.498307138681,0.138047456741,0.113813050091,0.456614643335,0.143602639437,0.0263977050781,0.407222062349,0.154286846519,-0.0565526336432,0.355126231909,0.172978445888,-0.139591693878,0.302256435156,0.198741868138,-0.214403361082,0.232241392136,0.226618155837,-0.309115409851,0.385209590197,0.210060715675,-0.362962782383
1776887812.43,0.591620206833,0.182012706995,0.378178715706,0.568746685982,0.169982776046,0.29174131155,0.536857247353,0.16879285872,0.197539448738,0.500310778618,0.168232604861,0.105704978108,0.458209067583,0.172029808164,0.0176843330264,0.409383445978,0.177945032716,-0.0663197189569,0.357403308153,0.189951106906,-0.149697214365,0.302209556103,0.202476084232,-0.231062591076,0.234560370445,0.22548109293,-0.323704987764,0.391735583544,0.213468402624,-0.362962782383
1776887812.44,0.592349350452,0.192058518529,0.374170154333,0.569091558456,0.179238796234,0.289049506187,0.537395596504,0.178285866976,0.194796860218,0.5003221035,0.179324477911,0.102794110775,0.458690494299,0.181838080287,0.0148349925876,0.410351365805,0.186991468072,-0.0690557509661,0.358910411596,0.196109056473,-0.153048545122,0.302652478218,0.205303668976,-0.235107779503,0.234967052937,0.220375433564,-0.331379085779,0.398445874453,0.216609358788,-0.362962782383
1776887812.46,0.592804431915,0.201526075602,0.370150327682,0.569597482681,0.196587651968,0.283540964127,0.537399888039,0.198491513729,0.189320892096,0.500305533409,0.200127184391,0.0976447165012,0.458903461695,0.202592298388,0.0094196498394,0.411245554686,0.204500064254,-0.0756303966045,0.362264186144,0.209515929222,-0.159984320402,0.306439757347,0.210560619831,-0.244848191738,0.2391063869,0.21524451673,-0.345625132322,0.405314773321,0.219485878944,-0.362962782383
1776887812.47,0.593331217766,0.209647610784,0.366456866264,0.569467425346,0.20442904532,0.281204253435,0.536747455597,0.208049550653,0.186793595552,0.499832719564,0.210510924459,0.0951833128929,0.458709508181,0.212982207537,0.00680787861347,0.411817103624,0.213239878416,-0.0792970210314,0.363649398088,0.216667369008,-0.162946611643,0.308718055487,0.214305102825,-0.24890422821,0.243222117424,0.214210525155,-0.351152479649,0.412318497896,0.222101271152,-0.362962782383
1776887812.49,0.593620061874,0.216875627637,0.36291885376,0.568626642227,0.219695568085,0.275843352079,0.535616993904,0.225876688957,0.18217036128,0.498438447714,0.230430737138,0.0906751453876,0.458107799292,0.232447326183,0.00151737779379,0.412588268518,0.231233656406,-0.0847309678793,0.364731043577,0.226037994027,-0.173603653908,0.315388083458,0.221494778991,-0.257922649384,0.253568977118,0.212847307324,-0.361700803041,0.419435709715,0.224459558725,-0.362962782383
1776887812.5,0.593857526779,0.222863465548,0.359804928303,0.568245172501,0.227093577385,0.273427575827,0.534676671028,0.234293714166,0.18038097024,0.49762699008,0.23956130445,0.0888417810202,0.45743778348,0.242156296968,-0.000500999391079,0.413071662188,0.239263430238,-0.0878973901272,0.366766899824,0.23353280127,-0.176979184151,0.319603651762,0.224264398217,-0.261869072914,0.260022878647,0.211885169148,-0.366366624832,0.426647156477,0.226565256715,-0.362962782383
1776887812.52,0.594002485275,0.227685183287,0.356994867325,0.567499756813,0.238808855414,0.269116491079,0.532799243927,0.248956680298,0.175969511271,0.495548635721,0.255889385939,0.0847820490599,0.457147210836,0.25887554884,-0.00474745035172,0.414911955595,0.253833383322,-0.0930506139994,0.372454971075,0.2443831563,-0.183022022247,0.328712195158,0.230730041862,-0.269792705774,0.274927049875,0.211543634534,-0.376362919807,0.433935970068,0.228423163295,-0.362962782383
1776887812.53,0.594124555588,0.231229707599,0.354744940996,0.56688439846,0.243857860565,0.267447203398,0.532048463821,0.255277425051,0.174668848515,0.495182067156,0.263024330139,0.0835935845971,0.456697791815,0.265642911196,-0.00682392716408,0.415937811136,0.260365366936,-0.095557808876,0.375901192427,0.249243855476,-0.18609637022,0.333837538958,0.233935713768,-0.273553133011,0.28324174881,0.211843654513,-0.380934894085,0.441287308931,0.230038121343,-0.362962782383
1776887812.55,0.593997776508,0.23385079205,0.352980643511,0.566413879395,0.252129465342,0.264034152031,0.531574964523,0.264785259962,0.171323806047,0.494819313288,0.274107098579,0.0799727886915,0.45765170455,0.277011841536,-0.0104189664125,0.419366627932,0.270564615726,-0.100083276629,0.382640987635,0.257106482983,-0.192472577095,0.345772117376,0.239202484488,-0.281081974506,0.301078140736,0.213261604309,-0.389897584915,0.448688417673,0.231414824724,-0.362962782383
1776887812.57,0.593863487244,0.234796524048,0.35184648633,0.566206216812,0.25472381711,0.262623071671,0.531207442284,0.268480032682,0.169888213277,0.494972735643,0.278159558773,0.07824203372,0.458465248346,0.281445533037,-0.0123530775309,0.421797722578,0.274511486292,-0.102251276374,0.387148588896,0.260568290949,-0.19500041008,0.352908939123,0.240961074829,-0.284455150366,0.310454756021,0.215290918946,-0.394549608231,0.456128388643,0.232557654381,-0.362962782383
1776887812.58,0.593556344509,0.234727948904,0.351021885872,0.566685199738,0.258277595043,0.259822845459,0.532452106476,0.272736400366,0.167543977499,0.4971177876,0.282949149609,0.0754755809903,0.462338775396,0.286862015724,-0.0163259059191,0.428335398436,0.280090779066,-0.10732935369,0.397323876619,0.265959650278,-0.200912237167,0.367440909147,0.245558649302,-0.291954100132,0.3312253654,0.218158513308,-0.40362483263,0.463597804308,0.233470499516,-0.362962782383
1776887812.59,0.593236267567,0.233283415437,0.350680738688,0.566887617111,0.258772403002,0.258428037167,0.533765673637,0.273440808058,0.165789067745,0.499116033316,0.284315854311,0.0734104514122,0.465375572443,0.287814021111,-0.0182697623968,0.432436555624,0.281336545944,-0.109881266952,0.403414934874,0.267658978701,-0.203687369823,0.374729186296,0.247633486986,-0.295375853777,0.341289490461,0.220732077956,-0.408174037933,0.471088856459,0.234156668186,-0.362962782383
1776887812.61,0.592907011509,0.231032773852,0.350988477468,0.567488908768,0.257829397917,0.257216513157,0.536507964134,0.271551340818,0.163628861308,0.504064798355,0.282536298037,0.0701670795679,0.47306856513,0.287284076214,-0.0220891386271,0.442458122969,0.281762033701,-0.114838004112,0.416432648897,0.269780784845,-0.210330307484,0.391562730074,0.251599103212,-0.303121834993,0.362759023905,0.226388916373,-0.417398095131,0.478594571352,0.234618753195,-0.362962782383
1776887812.62,0.592445135117,0.227260112762,0.35190013051,0.567578196526,0.256495684385,0.256954491138,0.538246870041,0.269847512245,0.162594094872,0.507427334785,0.280641615391,0.0691166371107,0.478114515543,0.285254836082,-0.0243364274502,0.448731094599,0.280502736568,-0.117549628019,0.423970848322,0.269756555557,-0.213395178318,0.400561779737,0.253154784441,-0.306859433651,0.373932629824,0.229427099228,-0.422271549702,0.486109048128,0.23485852778,-0.362962782383
1776887812.64,0.591818451881,0.222658470273,0.353383302689,0.568753838539,0.251023888588,0.256300866604,0.542237281799,0.263246685266,0.16138920188,0.515080332756,0.272870659828,0.0664572715759,0.488958209753,0.278283536434,-0.0274367332458,0.463127583265,0.276238888502,-0.1220228374,0.44097712636,0.268480241299,-0.219096750021,0.420869261026,0.255321681499,-0.313986778259,0.397137373686,0.23735883832,-0.430734336376,0.493626564741,0.234876960516,-0.362962782383
1776887812.65,0.590959250927,0.216983944178,0.35550108552,0.569534182549,0.24738445878,0.257057964802,0.54460644722,0.259046733379,0.161190956831,0.519881248474,0.268306851387,0.0650393217802,0.49541887641,0.273313730955,-0.0290557742119,0.471546322107,0.272324413061,-0.123992994428,0.45062354207,0.267244696617,-0.221439212561,0.431814163923,0.25604736805,-0.316933840513,0.408837705851,0.241770848632,-0.434775650501,0.501141905785,0.234674111009,-0.362962782383
1776887812.67,0.590002298355,0.210737928748,0.357855468988,0.571670293808,0.23823581636,0.258069515228,0.550529003143,0.248176932335,0.160801798105,0.529734253883,0.25620752573,0.0643749088049,0.509968161583,0.261696904898,-0.03142157197,0.489508599043,0.263058304787,-0.126842468977,0.472056239843,0.262168318033,-0.225099146366,0.454363852739,0.257638901472,-0.321195781231,0.433037549257,0.25066536665,-0.439873933792,0.508649468422,0.234249189496,-0.362962782383
1776887812.68,0.588701665401,0.203058049083,0.360932320356,0.572903037071,0.232957676053,0.258735656738,0.554298996925,0.241891548038,0.161368668079,0.535293221474,0.249599397182,0.0638198703527,0.517511606216,0.255024343729,-0.0319768488407,0.499459415674,0.257407039404,-0.127678304911,0.483011990786,0.25859156251,-0.226755023003,0.466303437948,0.257845789194,-0.323004245758,0.445006161928,0.255814284086,-0.441899359226,0.5161434412,0.233600527048,-0.362962782383
1776887812.7,0.587073385715,0.194633841515,0.36441937089,0.57546043396,0.221278220415,0.261159956455,0.561881542206,0.228251814842,0.163053870201,0.547908186913,0.23456685245,0.0646490231156,0.534077882767,0.240564897656,-0.0321596115828,0.519433498383,0.245738193393,-0.128285646439,0.50577378273,0.252422481775,-0.226202785969,0.490973979235,0.257871448994,-0.324082493782,0.471130222082,0.266243219376,-0.442453503609,0.52361702919,0.232725664973,-0.362962782383
1776887812.71,0.58510273695,0.185503423214,0.368467867374,0.576962828636,0.214790329337,0.262672424316,0.566066622734,0.220941796899,0.16405454278,0.554757595062,0.227088481188,0.065537109971,0.543080806732,0.233646973968,-0.0317244231701,0.529585838318,0.24002212286,-0.127667993307,0.517955541611,0.249163717031,-0.225885331631,0.503174304962,0.257829964161,-0.323443710804,0.484886735678,0.270311385393,-0.441976964474,0.531062483788,0.231621429324,-0.362962782383
1776887812.73,0.582719027996,0.175789549947,0.37292021513,0.579640984535,0.201034426689,0.267444729805,0.574516057968,0.206052869558,0.16787545383,0.567937970161,0.211931750178,0.0688280314207,0.560546636581,0.219798952341,-0.028362840414,0.550670623779,0.228917166591,-0.125054329634,0.540551424026,0.242788553238,-0.222408413887,0.528945326805,0.257930994034,-0.319546490908,0.512514233589,0.279223829508,-0.437074244022,0.538470745087,0.230284005404,-0.362962782383
1776887812.74,0.579927861691,0.16557982564,0.377659708261,0.580728530884,0.193917796016,0.269847780466,0.578400492668,0.19874458015,0.170429289341,0.574687719345,0.204857379198,0.0711004212499,0.568536162376,0.213676452637,-0.025771677494,0.561179637909,0.224359661341,-0.12250213325,0.552057504654,0.24091359973,-0.219093412161,0.54115831852,0.259019076824,-0.315388083458,0.527779221535,0.282835960388,-0.433965563774,0.545831203461,0.228709071875,-0.362962782383
1776887812.76,0.577008426189,0.155518740416,0.3824647367,0.582472324371,0.179804652929,0.275692880154,0.585208535194,0.185011520982,0.176618546247,0.586346507072,0.192176252604,0.0772638171911,0.584851503372,0.202054157853,-0.0200773328543,0.579411864281,0.216918751597,-0.115422204137,0.574526071548,0.236779868603,-0.213029652834,0.566785812378,0.259741723537,-0.307695299387,0.556901216507,0.289312452078,-0.423870921135,0.553131461143,0.226891994476,-0.362962782383
1776887812.77,0.57290405035,0.143337443471,0.388481169939,0.582538247108,0.172799050808,0.279481649399,0.587729930878,0.178491234779,0.180287271738,0.591395735741,0.186560347676,0.0808334797621,0.592118144035,0.19802826643,-0.0162458270788,0.589739322662,0.213560804725,-0.112337529659,0.586364984512,0.234921753407,-0.209277391434,0.579707980156,0.259953647852,-0.302669465542,0.571784377098,0.290992051363,-0.419594109058,0.560356855392,0.22482791543,-0.362962782383
1776887812.79,0.568549633026,0.131984084845,0.394449055195,0.581629276276,0.158874034882,0.286497086287,0.591464877129,0.166578158736,0.188196226954,0.59977722168,0.176815748215,0.0895716771483,0.605932831764,0.190911754966,-0.00667478144169,0.607511162758,0.208721026778,-0.10251621902,0.607970237732,0.232900246978,-0.198888003826,0.605107069016,0.260467290878,-0.292610615492,0.601437211037,0.294880062342,-0.408434271812,0.567491054535,0.222512051463,-0.362962782383
1776887812.8,0.564667463303,0.122882716358,0.399315237999,0.580694556236,0.152195990086,0.290723025799,0.592321157455,0.161302164197,0.192585766315,0.603005766869,0.173048108816,0.0938080474734,0.611590623856,0.188669532537,-0.00151696801186,0.615952730179,0.207117080688,-0.0975989252329,0.619116902351,0.232226014137,-0.193528652191,0.618153691292,0.260032773018,-0.288041889668,0.617103457451,0.294735252857,-0.403070390224,0.574515104294,0.219939813018,-0.362962782383
1776887812.82,0.559738814831,0.112915225327,0.404767304659,0.577644228935,0.139643535018,0.298580735922,0.592882752419,0.151646524668,0.201638489962,0.60815012455,0.166902244091,0.104546502233,0.620923280716,0.184631317854,0.00922218710184,0.630556464195,0.205468401313,-0.0855101495981,0.638788104057,0.231670349836,-0.181102663279,0.642812848091,0.259893238544,-0.274959355593,0.647569656372,0.295174628496,-0.389666318893,0.581408143044,0.217107057571,-0.362962782383
1776887812.83,0.554501950741,0.103775128722,0.410269379616,0.575729966164,0.13376390934,0.303290069103,0.592641830444,0.147631376982,0.206210181117,0.60987007618,0.163824871182,0.109834350646,0.625248670578,0.183553591371,0.015411131084,0.637340068817,0.204727143049,-0.0795067697763,0.648121595383,0.231617391109,-0.174493610859,0.655013680458,0.259196549654,-0.267762601376,0.662680387497,0.294252455235,-0.382675170898,0.588146567345,0.214010372758,-0.362962782383
1776887812.85,0.548596680164,0.094746388495,0.415852189064,0.571354269981,0.123115256429,0.311586201191,0.591710329056,0.140433654189,0.216134727001,0.612286090851,0.159824952483,0.120384119451,0.631891489029,0.18108355999,0.0279941260815,0.648870110512,0.204033359885,-0.066104888916,0.665018320084,0.23077699542,-0.160165339708,0.678245186806,0.257954388857,-0.253573775291,0.69334602356,0.291257381439,-0.367804437876,0.594705104828,0.210647255182,-0.362962782383
1776887812.86,0.542886674404,0.0873999744654,0.420796632767,0.568954825401,0.118360742927,0.315587520599,0.59077000618,0.137052968144,0.221044927835,0.612912416458,0.157909333706,0.12619715929,0.634093999863,0.180426642299,0.0336869210005,0.653828263283,0.203319236636,-0.0590363889933,0.673097252846,0.230127707124,-0.152827352285,0.689332127571,0.25690215826,-0.245810627937,0.708763480186,0.288966268301,-0.360242664814,0.601056456566,0.207016348839,-0.362962782383
1776887812.88,0.537056803703,0.0813104808331,0.425479143858,0.563488483429,0.109509043396,0.324254631996,0.588182806969,0.13114258647,0.230803981423,0.613835573196,0.154093980789,0.137514472008,0.638739824295,0.178495705128,0.0461862012744,0.662452220917,0.202131003141,-0.0455873906612,0.687214255333,0.228680640459,-0.138450115919,0.710255384445,0.253304958344,-0.230180770159,0.738486647606,0.283410131931,-0.343658208847,0.607171297073,0.203117743134,-0.362962782383
1776887812.89,0.531598687172,0.0766040608287,0.429474771023,0.560936689377,0.105631656945,0.327845990658,0.587126255035,0.128172159195,0.235366016626,0.614058494568,0.152496188879,0.143048524857,0.640696287155,0.177255883813,0.0525468066335,0.666115522385,0.20159958303,-0.0385884940624,0.693511366844,0.227309897542,-0.13093149662,0.720049023628,0.251236408949,-0.222690045834,0.753063559532,0.280391484499,-0.333961129189,0.613019227982,0.198953062296,-0.362962782383
1776887812.91,0.5255215168,0.0725797638297,0.433521896601,0.557857751846,0.101883031428,0.332097172737,0.584952712059,0.125327914953,0.239315599203,0.613411545753,0.150288432837,0.147547572851,0.642093300819,0.176026031375,0.0580747649074,0.670151472092,0.199832186103,-0.0328091233969,0.700799703598,0.225417420268,-0.123509317636,0.729813575745,0.24895849824,-0.214535057545,0.766796827316,0.276423692703,-0.325257688761,0.618568658829,0.194525748491,-0.362962782383
1776887812.92,0.51993316412,0.0700810924172,0.436889082193,0.551191449165,0.0956365913153,0.33844974637,0.581559419632,0.12014169246,0.247572258115,0.612672567368,0.145820662379,0.156430184841,0.644971370697,0.172041356564,0.0685710161924,0.677218794823,0.196484997869,-0.0202140361071,0.713133573532,0.221091300249,-0.109635159373,0.748506784439,0.243249490857,-0.198602437973,0.793635368347,0.26864528656,-0.306812018156,0.623787283897,0.189841166139,-0.362962782383
1776887812.94,0.514442741871,0.0689333081245,0.439598470926,0.544751882553,0.0904740914702,0.343880951405,0.577103614807,0.114989511669,0.253931939602,0.612083673477,0.140762791038,0.164707824588,0.647417783737,0.166722998023,0.0773883014917,0.684428930283,0.190884783864,-0.0097191631794,0.725179791451,0.214881554246,-0.0972477346659,0.76637840271,0.235957980156,-0.183434724808,0.818373918533,0.259656339884,-0.288804352283,0.628643035889,0.184906691313,-0.362962782383
1776887812.95,0.509273946285,0.0691189393401,0.441899359226,0.541421771049,0.0886108055711,0.346437841654,0.575055956841,0.112479120493,0.256345331669,0.611064076424,0.138089299202,0.167664408684,0.648570418358,0.163907304406,0.0819614455104,0.687533378601,0.187632620335,-0.00509163737297,0.731877923012,0.211150020361,-0.0909741520882,0.775491476059,0.231984958053,-0.175855904818,0.830318331718,0.256150126457,-0.280213415623,0.633104085922,0.17973177135,-0.362962782383
1776887812.97,0.503965318203,0.0706939548254,0.443412274122,0.535457968712,0.085834607482,0.349828004837,0.570543885231,0.1081058532,0.260661482811,0.609903454781,0.132066115737,0.172614425421,0.651383638382,0.156568005681,0.0881102532148,0.69481253624,0.179897293448,0.00323063880205,0.743471860886,0.20265699923,-0.0800666958094,0.791874289513,0.223347008228,-0.162777364254,0.852551579475,0.246785998344,-0.263669580221,0.637139558792,0.174327984452,-0.362962782383
1776887812.99,0.498953491449,0.0736188292503,0.444343835115,0.532644510269,0.0852435305715,0.35198161006,0.568904399872,0.105891123414,0.261901348829,0.609346866608,0.129018008709,0.174773812294,0.652720808983,0.152459606528,0.0905442535877,0.698508381844,0.17525306344,0.00708443671465,0.749325871468,0.198076233268,-0.0748855024576,0.799831986427,0.218481123447,-0.15662369132,0.863228559494,0.241539210081,-0.255619227886,0.640720367432,0.168708875775,-0.362962782383
1776887813,0.495018720627,0.0768855065107,0.444333702326,0.527381539345,0.0850147902966,0.353791773319,0.565310359001,0.102909430861,0.264205515385,0.608818054199,0.122996091843,0.177332267165,0.656037926674,0.144034773111,0.0950715690851,0.705554842949,0.165922284126,0.0129235237837,0.760170698166,0.18795107305,-0.0665480643511,0.814887166023,0.208077430725,-0.144850224257,0.882531881332,0.231858998537,-0.240817070007,0.643819332123,0.162889912724,-0.362962782383
1776887813.01,0.491050779819,0.0812035799026,0.444000035524,0.525038599968,0.085668258369,0.353890180588,0.563982725143,0.101822480559,0.264738917351,0.608692288399,0.120204947889,0.178482756019,0.65739607811,0.140386834741,0.096346616745,0.709178686142,0.160215258598,0.0159501507878,0.765530467033,0.182388022542,-0.0625239610672,0.82212138176,0.202789366245,-0.140244632959,0.891940593719,0.226663917303,-0.234373271465,0.64641225338,0.156888306141,-0.362962782383
1776887813.03,0.48653781414,0.0875940769911,0.442714750767,0.520946979523,0.0874404162169,0.354256391525,0.562231063843,0.100084282458,0.266081631184,0.60913848877,0.114788450301,0.179872483015,0.660775065422,0.131446123123,0.0991109609604,0.715574741364,0.149456962943,0.0201610326767,0.775223016739,0.170761212707,-0.0567894726992,0.834868073463,0.190956965089,-0.131487667561,0.908575534821,0.215697064996,-0.222429811954,0.648477673531,0.150722771883,-0.362962782383
1776887813.04,0.483434051275,0.0929461196065,0.44136223197,0.519373774529,0.0891862809658,0.354171454906,0.561971187592,0.0997410863638,0.266217380762,0.609893083572,0.112428374588,0.180178627372,0.662670731544,0.127688392997,0.0996831357479,0.718652009964,0.144443377852,0.0214687511325,0.779816865921,0.165003374219,-0.0538594871759,0.840993523598,0.185185939074,-0.127624213696,0.916410326958,0.210443407297,-0.21708714962,0.649997830391,0.144413262606,-0.362962782383
1776887813.06,0.480132848024,0.0994338616729,0.439224660397,0.516517996788,0.0930993333459,0.353534787893,0.561611533165,0.099428653717,0.266304641962,0.61161839962,0.108352907002,0.180910274386,0.666351914406,0.119708292186,0.101515255868,0.724445819855,0.133865982294,0.0244046077132,0.788191437721,0.153601035476,-0.0499243885279,0.851672291756,0.173409312963,-0.12173885107,0.930549621582,0.19844289124,-0.208081960678,0.650959014893,0.137980669737,-0.362962782383
1776887813.07,0.47704666853,0.106306813657,0.436568975449,0.515192985535,0.0957993939519,0.352642118931,0.561595201492,0.0996342673898,0.266229212284,0.612844944,0.106233671308,0.181597068906,0.668466329575,0.11606002599,0.102134279907,0.727056980133,0.12899364531,0.0250580832362,0.791540145874,0.147905737162,-0.047963783145,0.856237530708,0.167427510023,-0.118690162897,0.936712622643,0.192091077566,-0.204023182392,0.651351332664,0.131446450949,-0.362962782383
1776887813.09,0.474390625954,0.112828053534,0.433528155088,0.51360309124,0.101156368852,0.351071327925,0.561490058899,0.101397953928,0.265457868576,0.615179657936,0.103578612208,0.181989893317,0.672124505043,0.110214866698,0.103205956519,0.73229265213,0.120053596795,0.0266135632992,0.798288822174,0.136926025152,-0.0454465448856,0.86466562748,0.155394777656,-0.114931538701,0.947704195976,0.178853601217,-0.198317199945,0.65116918087,0.124832332134,-0.362962782383
1776887813.1,0.472121089697,0.118597410619,0.430282443762,0.512153744698,0.104195393622,0.349749982357,0.561611771584,0.102558471262,0.264628916979,0.616211056709,0.103210255504,0.181879892945,0.673634767532,0.107235640287,0.103838630021,0.734829068184,0.116119809449,0.0270108729601,0.801137804985,0.131816446781,-0.0442164838314,0.868814468384,0.149389728904,-0.113575145602,0.952082633972,0.171663612127,-0.19587162137,0.650411248207,0.118159927428,-0.362962782383
1776887813.12,0.469923228025,0.124471612275,0.426153510809,0.510401368141,0.110854193568,0.346469938755,0.561530709267,0.105998344719,0.262537747622,0.617646336555,0.103428319097,0.180483207107,0.676778078079,0.104403555393,0.103704228997,0.739073038101,0.109004408121,0.0279935747385,0.806793928146,0.122386574745,-0.043362185359,0.875019311905,0.137306630611,-0.111759662628,0.959963321686,0.157478615642,-0.193685412407,0.649080395699,0.111450381577,-0.362962782383
1776887813.13,0.468408197165,0.128885567188,0.422274649143,0.509242534637,0.113947995007,0.344502091408,0.561458706856,0.107950985432,0.261020243168,0.618166565895,0.103882923722,0.180484473705,0.678504705429,0.103041864932,0.103114411235,0.741117119789,0.106479234993,0.0282331705093,0.80955350399,0.117835767567,-0.0430692285299,0.877821445465,0.131728485227,-0.111184820533,0.963253855705,0.149673983455,-0.19361025095,0.647183537483,0.10472407937,-0.362962782383
1776887813.15,0.467119544744,0.132834538817,0.41767591238,0.507910966873,0.120399914682,0.340049743652,0.5611743927,0.112863495946,0.257235735655,0.619341850281,0.105902053416,0.17769113183,0.6804895401,0.102849632502,0.101351164281,0.744452238083,0.102264299989,0.0277389362454,0.813548088074,0.110055111349,-0.0436656624079,0.88277566433,0.120234973729,-0.112025097013,0.968289852142,0.134070128202,-0.194597780704,0.644731163979,0.0980003103614,-0.362962782383
1776887813.16,0.466328144073,0.135387167335,0.413183420897,0.50674533844,0.122820839286,0.337153911591,0.561005234718,0.115066513419,0.254857838154,0.619921088219,0.107631795108,0.175693005323,0.681772351265,0.102733574808,0.100614823401,0.746027469635,0.101175397635,0.0269802808762,0.815269827843,0.106785751879,-0.0440735518932,0.884285449982,0.11466100812,-0.112774416804,0.969753980637,0.12620665133,-0.196119993925,0.641737580299,0.0912970229983,-0.362962782383
1776887813.18,0.465947300196,0.136718839407,0.40852701664,0.505849838257,0.128210484982,0.331675976515,0.560829401016,0.12024269253,0.249626487494,0.620534539223,0.111578769982,0.171562001109,0.683158993721,0.104603350163,0.0971969366074,0.74811899662,0.0999550968409,0.0243632644415,0.817933559418,0.101397819817,-0.0465610772371,0.88673043251,0.104267574847,-0.116138234735,0.971643090248,0.109700717032,-0.20063200593,0.638219833374,0.0846306011081,-0.362962782383
1776887813.19,0.466009289026,0.13661518693,0.403555721045,0.505287885666,0.130238503218,0.328038364649,0.560137987137,0.122394755483,0.24676309526,0.620904803276,0.113795317709,0.169175639749,0.683968544006,0.10626938194,0.0949365869164,0.748627781868,0.0999341905117,0.0225865989923,0.81861114502,0.0989948511124,-0.0482103973627,0.887328147888,0.0994649454951,-0.118410825729,0.971830964088,0.101221516728,-0.203523516655,0.634197950363,0.0780156999826,-0.362962782383
1776887813.21,0.466527253389,0.134973779321,0.39870646596,0.504900336266,0.133040383458,0.32202988863,0.560388565063,0.126806691289,0.24051861465,0.621365904808,0.118719317019,0.16329459846,0.684763908386,0.109848238528,0.0893704146147,0.749622941017,0.101050838828,0.0169088467956,0.819114923477,0.0954065993428,-0.0541491061449,0.886585116386,0.0902201533318,-0.1243609339,0.970496296883,0.08394934237,-0.210364162922,0.629694223404,0.0714650824666,-0.362962782383
1776887813.22,0.467300593853,0.132491067052,0.394930094481,0.50524687767,0.13357667625,0.31932118535,0.560660839081,0.12862496078,0.237795606256,0.62158370018,0.1212169379,0.160186082125,0.684523582458,0.112214624882,0.0863836407661,0.749298095703,0.101900577545,0.0137318596244,0.818110227585,0.0944939479232,-0.0575025677681,0.885630846024,0.0856442302465,-0.12821123004,0.968626141548,0.0753874406219,-0.214558124542,0.624732732773,0.0649895817041,-0.362962782383
1776887813.24,0.468548357487,0.128227874637,0.390682756901,0.506101846695,0.133342817426,0.313213765621,0.561609864235,0.130611002445,0.231534421444,0.621999263763,0.125189006329,0.153597608209,0.684593081474,0.116623289883,0.0787940174341,0.748296260834,0.104188740253,0.00572337210178,0.815701246262,0.0917444974184,-0.0661515593529,0.881936311722,0.076985925436,-0.136711031199,0.963121056557,0.0581776574254,-0.223369538784,0.619338870049,0.058598022908,-0.362962782383
1776887813.25,0.470355123281,0.12211227417,0.386492878199,0.506702303886,0.132451251149,0.310404241085,0.562127947807,0.130975604057,0.228635981679,0.622159004211,0.12672714889,0.150036126375,0.683770895004,0.118342809379,0.0749764442444,0.746586441994,0.105063684285,0.00133959949017,0.813731908798,0.0902468562126,-0.0709750652313,0.879546523094,0.0729916542768,-0.141248911619,0.959609985352,0.0499178804457,-0.227753549814,0.613539338112,0.0522972233593,-0.362962782383
1776887813.27,0.472231298685,0.115609951317,0.383180558681,0.508432626724,0.128466680646,0.304693341255,0.563228607178,0.130022108555,0.222455769777,0.622033715248,0.127896502614,0.142742484808,0.682378053665,0.120576247573,0.066541031003,0.743282318115,0.106048636138,-0.00795437395573,0.808337211609,0.0879357159138,-0.0812722593546,0.871809482574,0.0643972158432,-0.152235716581,0.950099468231,0.0344808064401,-0.238193690777,0.607361316681,0.0460920482874,-0.362962782383
1776887813.28,0.474819511175,0.106920674443,0.379926592112,0.509383916855,0.12599748373,0.30230653286,0.563494682312,0.128682851791,0.219738721848,0.621716737747,0.127730712295,0.139370903373,0.680925607681,0.12114738673,0.0623691305518,0.741114854813,0.106059007347,-0.0132192522287,0.805082559586,0.0861620530486,-0.0866906493902,0.867497086525,0.0602928847075,-0.158150047064,0.944555521011,0.0272618569434,-0.243811815977,0.60083258152,0.0399854555726,-0.362962782383
1776887813.3,0.477622777224,0.0971678122878,0.377396076918,0.510942101479,0.118933089077,0.297020494938,0.563663244247,0.124159574509,0.213409543037,0.620089888573,0.12533159554,0.131851553917,0.677379727364,0.119449950755,0.053554661572,0.735086917877,0.104206383228,-0.023609355092,0.796294927597,0.0810840278864,-0.0986671149731,0.857346534729,0.0522477738559,-0.169760763645,0.931275844574,0.013467207551,-0.256156772375,0.593980550766,0.0339785851538,-0.362962782383
1776887813.31,0.480622559786,0.086656935513,0.375428766012,0.511696219444,0.113911755383,0.294520527124,0.563359379768,0.120762497187,0.210348814726,0.618683457375,0.123027652502,0.127975538373,0.674843668938,0.117660395801,0.048678226769,0.731844305992,0.102263942361,-0.0287239253521,0.792573451996,0.0789760500193,-0.103947892785,0.851656556129,0.0484559237957,-0.176057994366,0.923962116241,0.00724325049669,-0.262996912003,0.586833000183,0.0280708745122,-0.362962782383
1776887813.33,0.48340177536,0.076447442174,0.374135583639,0.512990951538,0.108592048287,0.292109966278,0.562942266464,0.116128787398,0.207036852837,0.616884708405,0.119882129133,0.124129779637,0.672218799591,0.114839568734,0.044478520751,0.727808594704,0.0996701866388,-0.0341757982969,0.787534117699,0.0757304355502,-0.109945893288,0.84518301487,0.0435853824019,-0.18313896656,0.915442585945,0.00128825893626,-0.269830852747,0.579416751862,0.0222601685673,-0.362962782383
1776887813.34,0.487048596144,0.0624373704195,0.373069912195,0.514587283134,0.0960665792227,0.288069844246,0.561889886856,0.105143152177,0.201895833015,0.612523913383,0.110279746354,0.117371678352,0.66530585289,0.106912761927,0.0354042872787,0.71908223629,0.0922660380602,-0.0449710339308,0.775689601898,0.067151285708,-0.123204559088,0.83140707016,0.0349428914487,-0.196599334478,0.898348808289,-0.00892745144665,-0.285672366619,0.571758389473,0.0165428612381,-0.362962782383
1776887813.36,0.490353405476,0.0490764714777,0.372673034668,0.516878247261,0.0808103308082,0.284886479378,0.560220956802,0.0910083651543,0.196957468987,0.607614398003,0.0975099429488,0.109827391803,0.657814860344,0.0947099179029,0.0267017260194,0.708566069603,0.0814386531711,-0.0555245280266,0.763278841972,0.0577589124441,-0.135285228491,0.815499663353,0.0256780199707,-0.211027830839,0.87974858284,-0.017331905663,-0.303566515446,0.563884019852,0.0109140239656,-0.362962782383
1776887813.37,0.493610292673,0.0356696844101,0.372962385416,0.517362236977,0.0723436623812,0.283636122942,0.559482216835,0.0828101187944,0.194962948561,0.605126261711,0.0894048288465,0.106743812561,0.653464436531,0.0874228253961,0.0225290581584,0.702598571777,0.074522100389,-0.0607132762671,0.755789518356,0.0524412430823,-0.141111463308,0.807380437851,0.0211268682033,-0.218845307827,0.868622779846,-0.0210267659277,-0.312643885612,0.55581843853,0.00536754727364,-0.362962782383
1776887813.39,0.496773272753,0.0217486266047,0.373757869005,0.519531965256,0.0539366826415,0.282181471586,0.558086395264,0.063875541091,0.191502988338,0.599776864052,0.0702445805073,0.101892083883,0.644444704056,0.0692230910063,0.0150043666363,0.690012693405,0.0584136247635,-0.0702494978905,0.740075349808,0.0391416475177,-0.153673171997,0.788274526596,0.0113451229408,-0.23450678587,0.847454190254,-0.0267458297312,-0.331461250782,0.54758644104,-0.000103722093627,-0.362962782383
1776887813.4,0.49985268712,0.00848660524935,0.375086575747,0.520925045013,0.0438918732107,0.281398266554,0.557676076889,0.0529884174466,0.190370589495,0.597284197807,0.0592632070184,0.0995352566242,0.639789223671,0.0584239065647,0.0119679346681,0.683490395546,0.0489105321467,-0.0748416185379,0.731214880943,0.0314044095576,-0.159998625517,0.777749061584,0.00570452585816,-0.241837620735,0.835964560509,-0.0284425355494,-0.341782212257,0.539211392403,-0.0055078426376,-0.362962782383
1776887813.42,0.502887368202,-0.00476599577814,0.376895785332,0.523916721344,0.0229126978666,0.281565368176,0.557061314583,0.029408890754,0.188308507204,0.592785835266,0.0340534038842,0.0963913500309,0.63032913208,0.0339220426977,0.00667791813612,0.66852915287,0.0271176509559,-0.0835318863392,0.712674856186,0.014069871977,-0.170965403318,0.756117463112,-0.00534081365913,-0.257049947977,0.8102414608,-0.0306846182793,-0.361212134361,0.530716300011,-0.0108536491171,-0.362962782383
1776887813.43,0.505922913551,-0.0168421417475,0.379282623529,0.525001525879,0.0122215365991,0.2823574543,0.556985020638,0.0168140679598,0.188228577375,0.590044021606,0.0203346144408,0.0947668552399,0.625053524971,0.0204440448433,0.00407052785158,0.661394119263,0.0146831739694,-0.0863975733519,0.702967166901,0.00415444327518,-0.175596266985,0.74445772171,-0.0110622728243,-0.263305485249,0.796199202538,-0.0311791934073,-0.369816601276,0.52212369442,-0.01615062356,-0.362962782383
1776887813.45,0.508897304535,-0.0284588858485,0.381995141506,0.527611017227,-0.00956714898348,0.28384244442,0.556280374527,-0.00893187522888,0.188811451197,0.585969686508,-0.0085882563144,0.0942984819412,0.616259217262,-0.009541076608,0.00127330422401,0.647730946541,-0.0126843377948,-0.0909679532051,0.683542966843,-0.0162757225335,-0.183428496122,0.719724655151,-0.0227452255785,-0.274303495884,0.765464544296,-0.0307973306626,-0.385573446751,0.513455152512,-0.0214087665081,-0.362962782383
1776887813.46,0.512005865574,-0.0386540666223,0.385211020708,0.529008865356,-0.0204175598919,0.28489741683,0.555804014206,-0.0222164951265,0.189434319735,0.583002567291,-0.0239929147065,0.0935681983829,0.612144231796,-0.0246481318027,0.00102934241295,0.640406489372,-0.0264605768025,-0.0926209241152,0.673259615898,-0.0271397382021,-0.186276644468,0.706835389137,-0.0288870558143,-0.278320163488,0.748368024826,-0.0306439176202,-0.391237020493,0.504731893539,-0.0266384929419,-0.362962782383
1776887813.48,0.515156030655,-0.0477009862661,0.388617008924,0.530243992805,-0.0408997386694,0.288174629211,0.554250121117,-0.0477577038109,0.192120179534,0.578578710556,-0.0528152361512,0.0955296754837,0.602984905243,-0.0542202033103,0.00158571451902,0.626381754875,-0.0532795861363,-0.0935434997082,0.653233528137,-0.0481443554163,-0.188933670521,0.679111003876,-0.04045041278,-0.283553302288,0.711090087891,-0.0296196881682,-0.398765861988,0.495975106955,-0.031850501895,-0.362962782383
1776887813.49,0.518439888954,-0.0556230135262,0.392340302467,0.530635595322,-0.050274990499,0.290410637856,0.553123235703,-0.0596163608134,0.19399496913,0.575656533241,-0.0661349743605,0.0966775640845,0.598659753799,-0.0678673908114,0.0028365701437,0.619539618492,-0.0661922097206,-0.0927443504333,0.643199324608,-0.0573973245919,-0.189228326082,0.664940834045,-0.0462072193623,-0.284089505672,0.691621541977,-0.0297612007707,-0.400476753712,0.487205356359,-0.0370556674898,-0.362962782383
1776887813.51,0.521737277508,-0.0620194785297,0.396048992872,0.532354235649,-0.0671096965671,0.295211672783,0.55095076561,-0.080222055316,0.198200076818,0.569571018219,-0.0890126675367,0.100432313979,0.588110685349,-0.0910691469908,0.00535609573126,0.60365486145,-0.086934350431,-0.0915300995111,0.621816277504,-0.0744970291853,-0.187975764275,0.635951161385,-0.0568410791457,-0.283500760794,0.651489377022,-0.0315759554505,-0.399929702282,0.478443354368,-0.0422649420798,-0.362962782383
1776887813.52,0.525025963783,-0.066745325923,0.399686634541,0.533072352409,-0.0741267725825,0.297966659069,0.549968600273,-0.0887850672007,0.200391843915,0.566443324089,-0.0985131040215,0.102066218853,0.583050131798,-0.100944899023,0.00703742355108,0.595557689667,-0.0959178209305,-0.0899828374386,0.61063182354,-0.0814643055201,-0.187112480402,0.620302438736,-0.0617474764585,-0.282464981079,0.631049394608,-0.0332035981119,-0.399022221565,0.469709843397,-0.0474892295897,-0.362962782383
1776887813.54,0.528788208961,-0.0708838105202,0.40372300148,0.534941077232,-0.0850193202496,0.302692890167,0.54750931263,-0.101929157972,0.205215960741,0.559318423271,-0.113797210157,0.107442811131,0.570574641228,-0.116236448288,0.0107505992055,0.577731490135,-0.110558584332,-0.087370634079,0.58541893959,-0.0924396291375,-0.184491157532,0.589135050774,-0.0706643238664,-0.279528409243,0.590264678001,-0.0380193553865,-0.395043492317,0.461025625467,-0.052739277482,-0.362962782383
1776887813.55,0.531955838203,-0.0732312276959,0.406826883554,0.536086201668,-0.0889328122139,0.30528730154,0.546177864075,-0.10684736073,0.208101436496,0.555295228958,-0.118761755526,0.109480530024,0.564249992371,-0.122145608068,0.0123490467668,0.567979454994,-0.115587428212,-0.0854451656342,0.571795463562,-0.09677208215,-0.181036561728,0.572465538979,-0.074051886797,-0.276631593704,0.569677948952,-0.0418327264488,-0.393527567387,0.452411979437,-0.0580255910754,-0.362962782383
1776887813.57,0.536194443703,-0.0752529576421,0.410717487335,0.538089871407,-0.0946978628635,0.310292780399,0.543587207794,-0.113104201853,0.212850570679,0.547986984253,-0.125865772367,0.114467337728,0.55023419857,-0.129351839423,0.0158982649446,0.548045039177,-0.123621210456,-0.0809248387814,0.545419812202,-0.104866623878,-0.176913559437,0.53927564621,-0.0816080495715,-0.272713959217,0.529218912125,-0.0502737648785,-0.390121340752,0.443890482187,-0.0633582770824,-0.362962782383
1776887813.59,0.540543913841,-0.0761886611581,0.414152562618,0.539134144783,-0.0963087826967,0.312706619501,0.5422488451,-0.114623039961,0.215135455132,0.543342232704,-0.127205878496,0.116723805666,0.54265499115,-0.130906939507,0.0178197175264,0.537323117256,-0.125759243965,-0.0786264389753,0.531579613686,-0.107772409916,-0.174892395735,0.522725343704,-0.0855966359377,-0.270470410585,0.50917160511,-0.0539338886738,-0.387060284615,0.435483306646,-0.0687469616532,-0.362962782383
1776887813.6,0.543699026108,-0.0764184594154,0.416352838278,0.54098713398,-0.0971974879503,0.316992580891,0.538513302803,-0.114103130996,0.219352573156,0.534303188324,-0.126342713833,0.120163276792,0.527362942696,-0.130578100681,0.0226632282138,0.515429496765,-0.127161622047,-0.0737247169018,0.504184126854,-0.112320743501,-0.170505315065,0.489862531424,-0.0924168974161,-0.265455126762,0.469406276941,-0.066542968154,-0.382766187191,0.427213281393,-0.0742006525397,-0.362962782383
1776887813.61,0.547767698765,-0.0764170736074,0.418570071459,0.541565179825,-0.0966153144836,0.319052636623,0.536681056023,-0.112377643585,0.220949009061,0.529441356659,-0.124482467771,0.122494317591,0.519026637077,-0.12892255187,0.0251967161894,0.50434243679,-0.126235663891,-0.0710868537426,0.49058881402,-0.113213039935,-0.167703270912,0.473341792822,-0.095290966332,-0.26286303997,0.449909299612,-0.0715734064579,-0.380630373955,0.419103890657,-0.0797276198864,-0.362962782383
1776887813.63,0.551588058472,-0.0763468518853,0.420201212168,0.542293429375,-0.0936758890748,0.322344452143,0.531655550003,-0.106834292412,0.224361807108,0.518128752708,-0.116749182343,0.126333087683,0.502571582794,-0.122431829572,0.0300306454301,0.482504159212,-0.121602378786,-0.0653851181269,0.463121801615,-0.112969107926,-0.16186222434,0.441155165434,-0.100947268307,-0.256543040276,0.412224441767,-0.0837364196777,-0.374625235796,0.411179333925,-0.0853352546692,-0.362962782383
1776887813.64,0.554936408997,-0.0763971060514,0.421279788017,0.542276382446,-0.0916128382087,0.323641180992,0.528650760651,-0.103005371988,0.225976973772,0.511962532997,-0.111621111631,0.127912893891,0.493797451258,-0.117289043963,0.0321880280972,0.471284896135,-0.118296161294,-0.0622597038746,0.449772506952,-0.111299335957,-0.158357143402,0.42368683219,-0.105426706374,-0.254188984632,0.393964439631,-0.0907757431269,-0.371172726154,0.403464585543,-0.0910299345851,-0.362962782383
1776887813.66,0.558960855007,-0.0768353566527,0.421663761139,0.540744185448,-0.0866985172033,0.32625490427,0.52136361599,-0.0940036177635,0.229075446725,0.499668866396,-0.100487969816,0.132430151105,0.476220220327,-0.105718865991,0.0374281182885,0.449753195047,-0.108469411731,-0.0556838959455,0.423293143511,-0.10852278024,-0.15183916688,0.393826037645,-0.106835469604,-0.245997458696,0.358490198851,-0.105407908559,-0.362471580505,0.395985394716,-0.0968168973923,-0.362962782383
1776887813.67,0.562753260136,-0.0778631493449,0.421635061502,0.540360689163,-0.0843430906534,0.327534854412,0.517340421677,-0.089343175292,0.230852931738,0.493191450834,-0.0942450836301,0.134600371122,0.467802673578,-0.098718047142,0.0404400527477,0.439121752977,-0.103856556118,-0.0531603842974,0.410270601511,-0.106502465904,-0.148675948381,0.379864126444,-0.109277397394,-0.241813570261,0.342104226351,-0.11326661706,-0.356630623341,0.388768106699,-0.102700091898,-0.362962782383
1776887813.69,0.56644231081,-0.0795669183135,0.420747131109,0.538970351219,-0.0800097063184,0.329597711563,0.509972929955,-0.0801831558347,0.234186083078,0.480249136686,-0.0817944929004,0.139650389552,0.450581341982,-0.0857813209295,0.0468060225248,0.418376177549,-0.0931849852204,-0.0452015548944,0.386157304049,-0.101848907769,-0.139305919409,0.35190936923,-0.114170491695,-0.23053085804,0.310091555119,-0.128089591861,-0.342840582132,0.38183966279,-0.108682058752,-0.362962782383
1776887813.7,0.569848120213,-0.0819841250777,0.419588446617,0.538595318794,-0.0781747400761,0.330186247826,0.506872534752,-0.0763564929366,0.236140727997,0.473838835955,-0.0763796120882,0.142551109195,0.442490428686,-0.0804516226053,0.0499413534999,0.408095508814,-0.0889390930533,-0.0409197509289,0.374290078878,-0.0999931544065,-0.134635776281,0.338689953089,-0.11504521966,-0.224200367928,0.295010834932,-0.134932845831,-0.33505576849,0.375227481127,-0.114763759077,-0.362962782383
1776887813.72,0.57365000248,-0.0857950076461,0.417453557253,0.538752317429,-0.076247535646,0.331188976765,0.501278996468,-0.0700624957681,0.239114955068,0.463277310133,-0.0670588314533,0.147808551788,0.426469355822,-0.0699017047882,0.0569868907332,0.388390690088,-0.0808415561914,-0.0326889455318,0.351754456758,-0.096754565835,-0.124088779092,0.313722640276,-0.118685290217,-0.21114680171,0.267046660185,-0.147780999541,-0.317982316017,0.368959218264,-0.120944492519,-0.362962782383
1776887813.73,0.576974511147,-0.0901780053973,0.415237128735,0.539032697678,-0.0764950290322,0.331371128559,0.499389380217,-0.0679826140404,0.240073263645,0.458895176649,-0.0638997554779,0.150055140257,0.419452399015,-0.0657238513231,0.06081712991,0.379401355982,-0.0780439451337,-0.0275690704584,0.340938180685,-0.0964781343937,-0.11836348474,0.3017180264,-0.120417825878,-0.204018652439,0.254061728716,-0.153293088078,-0.309671074152,0.363062530756,-0.127221763134,-0.362962782383
1776887813.75,0.580654144287,-0.0962722674012,0.411998778582,0.540427923203,-0.0780956149101,0.330644547939,0.496375769377,-0.0667804628611,0.241893917322,0.451400190592,-0.0597791485488,0.154281526804,0.406862050295,-0.06222230196,0.0665062442422,0.362538844347,-0.0745538547635,-0.0190407931805,0.319909900427,-0.0957939997315,-0.107488393784,0.279037296772,-0.124767959118,-0.191391199827,0.22911632061,-0.1636492908,-0.292637437582,0.357564717531,-0.133591204882,-0.362962782383
1776887813.76,0.584014117718,-0.102993994951,0.408626079559,0.541289567947,-0.0798746868968,0.32956379652,0.495410352945,-0.0677114576101,0.242217212915,0.448400527239,-0.0591277703643,0.156296268106,0.401672691107,-0.0615038275719,0.0696368515491,0.354788035154,-0.0740164592862,-0.01454859972,0.311043709517,-0.0963288471103,-0.102473303676,0.268610328436,-0.127389937639,-0.184447646141,0.21715003252,-0.168065920472,-0.284739136696,0.352492660284,-0.140046462417,-0.362962782383
1776887813.78,0.587236464024,-0.110840171576,0.404701769352,0.54345023632,-0.086285687983,0.327140241861,0.494590193033,-0.0711433142424,0.241769164801,0.443765670061,-0.0610801614821,0.158217802644,0.392891258001,-0.0621668808162,0.0747968256474,0.341303139925,-0.0749744474888,-0.00781758129597,0.295050293207,-0.100763991475,-0.0916497707367,0.248778194189,-0.132366359234,-0.171706467867,0.193802326918,-0.175503358245,-0.270082056522,0.347872108221,-0.146579235792,-0.362962782383
1776887813.79,0.589641273022,-0.117904648185,0.401214778423,0.544966459274,-0.0903915837407,0.325471818447,0.494728714228,-0.0745462104678,0.241259559989,0.442017644644,-0.0634428113699,0.158512666821,0.388600558043,-0.0637083798647,0.0764636546373,0.335622817278,-0.0768070220947,-0.0048386156559,0.284617245197,-0.102033771574,-0.0885159820318,0.238930344582,-0.134766831994,-0.166395008564,0.182449132204,-0.178850725293,-0.26324903965,0.343727618456,-0.153179183602,-0.362962782383
1776887813.81,0.593024551868,-0.130371972919,0.395293235779,0.547901988029,-0.100386992097,0.321195095778,0.495227366686,-0.0832494422793,0.238651797175,0.439650446177,-0.0704121291637,0.158494204283,0.382800668478,-0.0699850022793,0.078571498394,0.325560778379,-0.0823972225189,-2.5637447834e-05,0.270942419767,-0.106490321457,-0.0811027735472,0.221662998199,-0.140339329839,-0.157606571913,0.161016434431,-0.184372663498,-0.251007288694,0.340081900358,-0.15983402729,-0.362962782383
1776887813.82,0.595167994499,-0.140072792768,0.390449076891,0.549443840981,-0.106647841632,0.318633913994,0.49574264884,-0.0887886583805,0.236949056387,0.438863605261,-0.0752984136343,0.157686322927,0.380573362112,-0.0737456083298,0.0789026170969,0.321480661631,-0.0862492620945,0.00205548852682,0.265112102032,-0.110810935497,-0.0778646469116,0.213484168053,-0.142986044288,-0.153708219528,0.150504291058,-0.186999440193,-0.245727479458,0.336955577135,-0.166529580951,-0.362962782383
1776887813.84,0.597121357918,-0.152036041021,0.384662955999,0.552084088326,-0.120335802436,0.312362909317,0.497082024813,-0.101822242141,0.23206692934,0.43835362792,-0.0876244530082,0.154033631086,0.377143770456,-0.084641829133,0.0780787616968,0.314663439989,-0.0952612236142,0.00370175391436,0.255084812641,-0.119316637516,-0.0737705230713,0.198359936476,-0.148541867733,-0.147687315941,0.130289673805,-0.19068582356,-0.23704457283,0.334366470575,-0.173249855638,-0.362962782383
1776887813.85,0.598360478878,-0.163559034467,0.378776162863,0.553211092949,-0.127979695797,0.30918905139,0.497806161642,-0.109277747571,0.229019254446,0.438320308924,-0.0951047092676,0.151846021414,0.3760676682,-0.0918651595712,0.0767342150211,0.312146008015,-0.10090444237,0.00332357734442,0.250283479691,-0.123820364475,-0.0729072093964,0.19184833765,-0.152532279491,-0.145089626312,0.121044278145,-0.192756682634,-0.233170747757,0.332329541445,-0.179977282882,-0.362962782383
1776887813.87,0.599281668663,-0.175038486719,0.372830152512,0.555193424225,-0.144717916846,0.301745355129,0.499116927385,-0.126184940338,0.221831947565,0.438389211893,-0.111784882843,0.145454332232,0.374660342932,-0.107047103345,0.0715771764517,0.307766258717,-0.114587940276,0.000493548810482,0.242214530706,-0.13427656889,-0.0731691122055,0.178899854422,-0.160177454352,-0.14300891757,0.101821541786,-0.194344043732,-0.228803366423,0.330856412649,-0.186692893505,-0.362962782383
1776887813.88,0.599570572376,-0.186822861433,0.366726577282,0.555888652802,-0.153146743774,0.297868788242,0.499828666449,-0.135300606489,0.217795819044,0.439113765955,-0.120534926653,0.141753524542,0.374170154333,-0.11612675339,0.0683120787144,0.306274145842,-0.122099719942,-0.0019084662199,0.238363534212,-0.138449132442,-0.0752308368683,0.173982381821,-0.163785994053,-0.142483472824,0.0935881733894,-0.195790633559,-0.226191401482,0.329954832792,-0.193376541138,-0.362962782383
1776887813.9,0.599442601204,-0.198183640838,0.360510200262,0.556282520294,-0.170803934336,0.28933942318,0.500327706337,-0.154998019338,0.208939194679,0.439797967672,-0.140868261456,0.132752552629,0.373991698027,-0.13606543839,0.0600644722581,0.304313957691,-0.139093801379,-0.00799511373043,0.2334895432,-0.152541697025,-0.0778267383575,0.163766443729,-0.170756831765,-0.1436021626,0.077872812748,-0.196373164654,-0.224739402533,0.329628705978,-0.200007244945,-0.362962782383
1776887813.91,0.598932504654,-0.209225848317,0.354512870312,0.55657684803,-0.179760143161,0.285105466843,0.500459074974,-0.16517457366,0.20433151722,0.44004997611,-0.151993334293,0.128084674478,0.374353379011,-0.146733000875,0.0553437769413,0.30371388793,-0.148360267282,-0.0119040906429,0.231048047543,-0.159207046032,-0.080662548542,0.159529834986,-0.173843920231,-0.144809901714,0.0702466666698,-0.196568384767,-0.224026352167,0.329877734184,-0.206563472748,-0.362962782383
1776887813.93,0.597981631756,-0.219733223319,0.348547518253,0.555904269218,-0.198107436299,0.276375830173,0.499994069338,-0.186773449183,0.195043802261,0.439304798841,-0.176753044128,0.118018291891,0.374361485243,-0.170513555408,0.0453681275249,0.302748978138,-0.16925470531,-0.0210669487715,0.227972090244,-0.174719750881,-0.0872964859009,0.152488142252,-0.181774437428,-0.149047315121,0.0591774433851,-0.196157887578,-0.223456054926,0.330697447062,-0.213023498654,-0.362962782383
1776887813.94,0.596706807613,-0.229537934065,0.342873752117,0.554921150208,-0.207600221038,0.272284030914,0.499450176954,-0.197979316115,0.190228939056,0.439440995455,-0.189366057515,0.112721830606,0.374608725309,-0.182994708419,0.0401252135634,0.302557051182,-0.180054411292,-0.0254240781069,0.226713508368,-0.182573854923,-0.090824007988,0.149794846773,-0.186265766621,-0.151564776897,0.0542972534895,-0.194986402988,-0.224992752075,0.332079023123,-0.219365775585,-0.362962782383
1776887813.96,0.595105946064,-0.238681748509,0.337557315826,0.55290043354,-0.226023733616,0.264149308205,0.498122602701,-0.220144703984,0.181141272187,0.438509851694,-0.214260220528,0.10298102349,0.374019652605,-0.20865316689,0.0299918875098,0.301874250174,-0.203787982464,-0.0359313189983,0.224979251623,-0.199797689915,-0.0991262197495,0.146205276251,-0.195891201496,-0.157509624958,0.0481396615505,-0.189965009689,-0.226568430662,0.334009677172,-0.225569203496,-0.362962782383
1776887813.97,0.593438923359,-0.246724456549,0.332748651505,0.551920294762,-0.234748229384,0.259959220886,0.496847480536,-0.231439054012,0.177188321948,0.43777552247,-0.22666451335,0.0983869284391,0.373025327921,-0.221289053559,0.0249677225947,0.301732122898,-0.214766159654,-0.0405405312777,0.224404245615,-0.208996236324,-0.103480100632,0.145105212927,-0.200450003147,-0.160921692848,0.0467819422483,-0.189288973808,-0.22930124402,0.336472481489,-0.231613606215,-0.362962782383
1776887813.99,0.591612279415,-0.253793537617,0.328430533409,0.550706148148,-0.243550851941,0.256137281656,0.495697766542,-0.241546645761,0.173419043422,0.436717480421,-0.238711774349,0.0944468379021,0.372818797827,-0.233474254608,0.0206720605493,0.301045626402,-0.22641427815,-0.0448288321495,0.224283307791,-0.217167675495,-0.108194708824,0.144989460707,-0.205065906048,-0.164321601391,0.0462415516376,-0.18893031776,-0.231267929077,0.339447170496,-0.237479895353,-0.362962782383
1776887814,0.589908361435,-0.259614676237,0.325129121542,0.548081874847,-0.259558051825,0.25017362833,0.493587821722,-0.261764913797,0.166678190231,0.434596568346,-0.261796146631,0.0875645130873,0.371129840612,-0.25758728385,0.0128640532494,0.301407724619,-0.247518002987,-0.052740290761,0.224023193121,-0.234156548977,-0.116271436214,0.145721495152,-0.214672267437,-0.171497881413,0.0517933815718,-0.17930740118,-0.231352955103,0.342909961939,-0.243150487542,-0.362962782383
1776887814.02,0.588131606579,-0.264876037836,0.322112470865,0.548081874847,-0.259558051825,0.25017362833,0.493587821722,-0.261764913797,0.166678190231,0.434596568346,-0.261796146631,0.0875645130873,0.371129840612,-0.25758728385,0.0128640532494,0.301407724619,-0.247518002987,-0.052740290761,0.224023193121,-0.234156548977,-0.116271436214,0.145721495152,-0.214672267437,-0.171497881413,0.0517933815718,-0.17930740118,-0.231352955103,0.34683445096,-0.248609468341,-0.362962782383
1776887814.03,0.58647185564,-0.268792957067,0.320018202066,0.548081874847,-0.259558051825,0.25017362833,0.493587821722,-0.261764913797,0.166678190231,0.434596568346,-0.261796146631,0.0875645130873,0.371129840612,-0.25758728385,0.0128640532494,0.301407724619,-0.247518002987,-0.052740290761,0.224023193121,-0.234156548977,-0.116271436214,0.145721495152,-0.214672267437,-0.171497881413,0.0517933815718,-0.17930740118,-0.231352955103,0.351191908121,-0.253842771053,-0.362962782383
1776887814.05,0.585047721863,-0.271511524916,0.318837761879,0.54228925705,-0.287608414888,0.238230898976,0.488388985395,-0.298645406961,0.155701085925,0.430567890406,-0.305686593056,0.0755472183228,0.368983954191,-0.304369747639,-0.00012381374836,0.302688896656,-0.291223853827,-0.0682637691498,0.226010024548,-0.267565846443,-0.133860290051,0.159486919641,-0.234358012676,-0.191999137402,0.0720632970333,-0.185245499015,-0.25606584549,0.355951935053,-0.258838325739,-0.362962782383
1776887814.06,0.58348929882,-0.273741394281,0.318289935589,0.54228925705,-0.287608414888,0.238230898976,0.488388985395,-0.298645406961,0.155701085925,0.430567890406,-0.305686593056,0.0755472183228,0.368983954191,-0.304369747639,-0.00012381374836,0.302688896656,-0.291223853827,-0.0682637691498,0.226010024548,-0.267565846443,-0.133860290051,0.159486919641,-0.234358012676,-0.191999137402,0.0720632970333,-0.185245499015,-0.25606584549,0.361082881689,-0.263586163521,-0.362962782383
1776887814.08,0.582282543182,-0.274741053581,0.318520247936,0.54228925705,-0.287608414888,0.238230898976,0.488388985395,-0.298645406961,0.155701085925,0.430567890406,-0.305686593056,0.0755472183228,0.368983954191,-0.304369747639,-0.00012381374836,0.302688896656,-0.291223853827,-0.0682637691498,0.226010024548,-0.267565846443,-0.133860290051,0.159486919641,-0.234358012676,-0.191999137402,0.0720632970333,-0.185245499015,-0.25606584549,0.366552621126,-0.268078356981,-0.362962782383
1776887814.09,0.581193089485,-0.274628102779,0.319431215525,0.54228925705,-0.287608414888,0.238230898976,0.488388985395,-0.298645406961,0.155701085925,0.430567890406,-0.305686593056,0.0755472183228,0.368983954191,-0.304369747639,-0.00012381374836,0.302688896656,-0.291223853827,-0.0682637691498,0.226010024548,-0.267565846443,-0.133860290051,0.159486919641,-0.234358012676,-0.191999137402,0.0720632970333,-0.185245499015,-0.25606584549,0.372328907251,-0.272309094667,-0.362962782383
1776887814.11,0.58006465435,-0.273659735918,0.32082042098,0.537955641747,-0.298156529665,0.235061123967,0.487003773451,-0.313233792782,0.151204064488,0.43207731843,-0.324306041002,0.0694091916084,0.374748915434,-0.326384425163,-0.00949396193027,0.312364071608,-0.316291481256,-0.0834520310163,0.252582639456,-0.284908950329,-0.153118491173,0.1921210289,-0.251467347145,-0.222409456968,0.116835325956,-0.207410886884,-0.304915070534,0.378379911184,-0.276274442673,-0.362962782383
1776887814.12,0.579018652439,-0.271986335516,0.322632551193,0.537582874298,-0.297614365816,0.235356986523,0.487019449472,-0.312539964914,0.151015415788,0.433375328779,-0.323529571295,0.0689184516668,0.376835435629,-0.326208382845,-0.0108702033758,0.31612354517,-0.316955029964,-0.0865920335054,0.25801178813,-0.286062717438,-0.156781494617,0.199417561293,-0.254616171122,-0.228805154562,0.125489711761,-0.212763383985,-0.315068751574,0.384674936533,-0.279972344637,-0.362962782383
1776887814.14,0.577714204788,-0.26917591691,0.325416207314,0.536328315735,-0.294630229473,0.236683249474,0.487403780222,-0.308409839869,0.151138901711,0.435629099607,-0.319242626429,0.0676046013832,0.382118016481,-0.3219845891,-0.0139039158821,0.324807435274,-0.314179062843,-0.0924988687038,0.270073086023,-0.288983464241,-0.167295455933,0.214127719402,-0.26137393713,-0.243372112513,0.147672057152,-0.222387418151,-0.334397912025,0.391184300184,-0.283402323723,-0.362962782383
1776887814.15,0.576326727867,-0.265744447708,0.328381836414,0.536178231239,-0.292382538319,0.237931847572,0.487495213747,-0.305366545916,0.151802137494,0.437126249075,-0.315621763468,0.067435964942,0.385138839483,-0.318115234375,-0.0155452787876,0.330062240362,-0.311716586351,-0.0955285280943,0.277224898338,-0.287850618362,-0.172296464443,0.224257290363,-0.262759029865,-0.250950217247,0.158278107643,-0.22837986052,-0.344525188208,0.397880285978,-0.286565423012,-0.362962782383
1776887814.17,0.574806392193,-0.261760354042,0.332052826881,0.535299777985,-0.285773873329,0.240253955126,0.488671690226,-0.296256750822,0.152857035398,0.440989941359,-0.303896635771,0.0664323568344,0.392594367266,-0.306573808193,-0.0186081379652,0.341941028833,-0.302703976631,-0.101449847221,0.293439716101,-0.284030795097,-0.181786954403,0.242610305548,-0.266132235527,-0.264118552208,0.179115861654,-0.251588344574,-0.370842903852,0.40473690629,-0.289463877678,-0.362962782383
1776887814.18,0.572966873646,-0.257270514965,0.336025446653,0.534626603127,-0.281524449587,0.241832867265,0.489517837763,-0.290389090776,0.15380102396,0.443074375391,-0.297275841236,0.0661566704512,0.397119134665,-0.299188047647,-0.0196647644043,0.348755568266,-0.296402215958,-0.104690790176,0.299787163734,-0.290153801441,-0.191530704498,0.253686636686,-0.26867389679,-0.271265864372,0.192842960358,-0.260074526072,-0.380070090294,0.411730259657,-0.29210087657,-0.362962782383
1776887814.2,0.571150898933,-0.25319096446,0.340016424656,0.534626603127,-0.281524449587,0.241832867265,0.489517837763,-0.290389090776,0.15380102396,0.443074375391,-0.297275841236,0.0661566704512,0.397119134665,-0.299188047647,-0.0196647644043,0.348755568266,-0.296402215958,-0.104690790176,0.299787163734,-0.290153801441,-0.191530704498,0.253686636686,-0.26867389679,-0.271265864372,0.192842960358,-0.260074526072,-0.380070090294,0.418838769197,-0.294480413198,-0.362962782383
1776887814.21,0.568539738655,-0.247927352786,0.34517493844,0.534304976463,-0.266485124826,0.247246772051,0.493665009737,-0.2684699893,0.155923262239,0.452856451273,-0.2704667449,0.0657174438238,0.41306784749,-0.272456347942,-0.0233451128006,0.372004956007,-0.274525046349,-0.111651942134,0.331440716982,-0.278260111809,-0.202892631292,0.290621727705,-0.28108471632,-0.291840612888,0.240230470896,-0.285611748695,-0.402786314487,0.426043063402,-0.296606987715,-0.362962782383
1776887814.23,0.56552696228,-0.242542952299,0.350853472948,0.534749150276,-0.254136860371,0.251378595829,0.498637408018,-0.252381950617,0.158708184958,0.462535232306,-0.251742631197,0.066483899951,0.426575273275,-0.254614263773,-0.024441331625,0.389570385218,-0.260434597731,-0.115315034986,0.354941934347,-0.271251350641,-0.207587689161,0.320691913366,-0.283150732517,-0.297835230827,0.277803003788,-0.302153795958,-0.409969568253,0.433325976133,-0.29848536849,-0.362962782383
1776887814.24,0.562636554241,-0.237669736147,0.356185078621,0.53553712368,-0.248138353229,0.253377825022,0.501770138741,-0.244871616364,0.159819990396,0.467689007521,-0.243762329221,0.0668318420649,0.43453553319,-0.246845915914,-0.024844288826,0.400346010923,-0.25363406539,-0.116248294711,0.367150872946,-0.266936719418,-0.21125921607,0.336207956076,-0.285280674696,-0.300132006407,0.297095507383,-0.308982163668,-0.412045359612,0.440672665834,-0.300120383501,-0.362962782383
1776887814.26,0.558976411819,-0.232036679983,0.362555980682,0.53694319725,-0.236992418766,0.258895516396,0.509029746056,-0.231759384274,0.163775265217,0.480066388845,-0.230163425207,0.0686352401972,0.45167812705,-0.233831211925,-0.0247979909182,0.422169595957,-0.245696336031,-0.117322072387,0.394832998514,-0.263815969229,-0.212111115456,0.370259493589,-0.289064466953,-0.301704823971,0.33866533637,-0.322312712669,-0.413562238216,0.448070019484,-0.301516771317,-0.362962782383
1776887814.27,0.555152356625,-0.226966544986,0.368685036898,0.5377202034,-0.23263092339,0.261707305908,0.512562513351,-0.226507514715,0.165781140327,0.486574620008,-0.224531948566,0.0697769671679,0.460811287165,-0.229122206569,-0.0242730677128,0.433654457331,-0.242654770613,-0.116950020194,0.410144299269,-0.263692677021,-0.211840480566,0.387261360884,-0.291495233774,-0.30237570405,0.359865695238,-0.328062087297,-0.41330820322,0.455507129431,-0.302678912878,-0.362962782383
1776887814.29,0.55091381073,-0.222222730517,0.374926567078,0.538531780243,-0.22450505197,0.268447160721,0.520302176476,-0.218472450972,0.17084595561,0.500399947166,-0.217324197292,0.0737486705184,0.480333477259,-0.223900720477,-0.0216041058302,0.458817332983,-0.239817589521,-0.115625113249,0.441076248884,-0.264325797558,-0.210672736168,0.423735111952,-0.296510159969,-0.301118940115,0.403109878302,-0.338219791651,-0.411262631416,0.462974458933,-0.303610801697,-0.362962782383
1776887814.3,0.547304332256,-0.218669086695,0.379935204983,0.539067745209,-0.221260815859,0.272084057331,0.523470759392,-0.216297373176,0.173997893929,0.507278084755,-0.215987697244,0.0759694129229,0.490656882524,-0.223108932376,-0.0194705575705,0.472049325705,-0.239993035793,-0.11452960968,0.456871539354,-0.266207695007,-0.209609866142,0.442178338766,-0.298347830772,-0.30022957921,0.424609392881,-0.3418430686,-0.410330712795,0.470463961363,-0.304315745831,-0.362962782383
1776887814.32,0.541532695293,-0.213773623109,0.387432128191,0.539109945297,-0.216082692146,0.279588341713,0.530578136444,-0.214250639081,0.180825680494,0.520964741707,-0.216212153435,0.081501737237,0.511431694031,-0.22534391284,-0.0149569809437,0.49968418479,-0.24352286756,-0.110145404935,0.490251690149,-0.269852310419,-0.205644726753,0.480642110109,-0.303672075272,-0.296913802624,0.469265908003,-0.34782654047,-0.407462060452,0.477968722582,-0.304796427488,-0.362962782383
1776887814.33,0.536433517933,-0.210071131587,0.393408715725,0.539143681526,-0.214405596256,0.283425420523,0.533794403076,-0.21417118609,0.18482196331,0.528123497963,-0.217976391315,0.0850450247526,0.521740436554,-0.227550163865,-0.0123186409473,0.514009356499,-0.247012108564,-0.107421964407,0.507523179054,-0.27307972312,-0.203375011683,0.500330209732,-0.306055814028,-0.294742912054,0.491654127836,-0.349728375673,-0.405779838562,0.485482603312,-0.305054694414,-0.362962782383
1776887814.35,0.531095683575,-0.206791996956,0.3991753757,0.538745164871,-0.212516874075,0.292024344206,0.540254235268,-0.217151731253,0.192488983274,0.541596531868,-0.224316358566,0.0931443944573,0.543146848679,-0.236933097243,-0.00283482670784,0.54144859314,-0.255901247263,-0.0993104428053,0.541768550873,-0.28059476614,-0.195912748575,0.539662957191,-0.31179317832,-0.288300424814,0.536199688911,-0.352051734924,-0.401045501232,0.493000119925,-0.305091559887,-0.362962782383
1776887814.36,0.525549590588,-0.204012140632,0.404471307993,0.538599252701,-0.212415322661,0.295977294445,0.543206930161,-0.219555988908,0.197411626577,0.548503875732,-0.228821054101,0.0980495065451,0.553436279297,-0.242388695478,0.00205794721842,0.555068492889,-0.261155098677,-0.0943040549755,0.558309197426,-0.285091042519,-0.191170632839,0.558812856674,-0.314028710127,-0.284152030945,0.55880343914,-0.351774901152,-0.398257493973,0.500515818596,-0.304907172918,-0.362962782383
1776887814.38,0.52063792944,-0.202075794339,0.408803880215,0.538348793983,-0.212947711349,0.300589442253,0.546542882919,-0.222394630313,0.202222704887,0.554672241211,-0.233547702432,0.103210031986,0.562911391258,-0.248276561499,0.00711613148451,0.568388819695,-0.267092943192,-0.0888114571571,0.574736595154,-0.290276736021,-0.18518152833,0.578297734261,-0.316928476095,-0.279186218977,0.581539034843,-0.350676983595,-0.394724607468,0.508024334908,-0.30450078845,-0.362962782383
1776887814.39,0.513992667198,-0.200074419379,0.413684785366,0.537512302399,-0.214170917869,0.309107273817,0.552248597145,-0.229307368398,0.21242287755,0.567518353462,-0.244768932462,0.114686749876,0.582091569901,-0.261651724577,0.0203076675534,0.593366861343,-0.28052520752,-0.0754513442516,0.606021285057,-0.300216645002,-0.172934889793,0.615789413452,-0.321624487638,-0.267474412918,0.62682902813,-0.34748095274,-0.383864402771,0.515519618988,-0.303870856762,-0.362962782383
1776887814.41,0.508517324924,-0.198909580708,0.417257547379,0.536310195923,-0.215941339731,0.317324459553,0.557750344276,-0.235511362553,0.223136484623,0.578663229942,-0.25578686595,0.127560034394,0.598804473877,-0.27412161231,0.0337791740894,0.616260766983,-0.292982161045,-0.0606036782265,0.635878920555,-0.30988240242,-0.155897200108,0.651673078537,-0.325064361095,-0.251880645752,0.671459317207,-0.342353224754,-0.369479030371,0.522995114326,-0.303014963865,-0.362962782383
1776887814.42,0.502529978752,-0.198192372918,0.420377224684,0.535045266151,-0.216889873147,0.321395158768,0.559630990028,-0.238924443722,0.228469714522,0.583407759666,-0.259847283363,0.133820518851,0.606375932693,-0.28027305007,0.0413910970092,0.626661777496,-0.297895103693,-0.0536867976189,0.649229168892,-0.312953174114,-0.148356705904,0.66918182373,-0.325681984425,-0.24306961894,0.693419337273,-0.339581429958,-0.360499471426,0.530443310738,-0.301929980516,-0.362962782383
1776887814.44,0.496574223042,-0.198066085577,0.422944992781,0.53243637085,-0.21856918931,0.329115182161,0.562701582909,-0.243929028511,0.238065674901,0.593212485313,-0.268238544464,0.147865369916,0.620654344559,-0.288736224174,0.0552363246679,0.64691901207,-0.306183725595,-0.0375557541847,0.675952911377,-0.318171262741,-0.131043225527,0.70293545723,-0.326473683119,-0.225157469511,0.736248970032,-0.333584815264,-0.341078788042,0.537855029106,-0.300612151623,-0.362962782383
1776887814.45,0.49063155055,-0.19856788218,0.424883276224,0.530636787415,-0.218987122178,0.332141757011,0.562899827957,-0.24597671628,0.243175417185,0.59574842453,-0.270924299955,0.152582779527,0.627537846565,-0.292584270239,0.0623368881643,0.65630376339,-0.309376597404,-0.0298229455948,0.689118862152,-0.319455564022,-0.122484460473,0.71930038929,-0.32557028532,-0.21600612998,0.756670236588,-0.331117033958,-0.329970955849,0.545219898224,-0.29905718565,-0.362962782383
1776887814.47,0.484703272581,-0.199669003487,0.42598092556,0.525849103928,-0.220092609525,0.337340772152,0.563254356384,-0.248072877526,0.250702142715,0.602045059204,-0.273891031742,0.163299456239,0.639281868935,-0.295882344246,0.0754495859146,0.675320267677,-0.311963498592,-0.0144070088863,0.714305520058,-0.320248484612,-0.104836523533,0.751042842865,-0.32358750701,-0.195996999741,0.796272158623,-0.325405597687,-0.308235138655,0.552525639534,-0.297260463238,-0.362962782383
1776887814.48,0.478552997112,-0.201430678368,0.426647365093,0.523314118385,-0.22080950439,0.3397539258,0.562892317772,-0.248593583703,0.253528654575,0.604580402374,-0.274551928043,0.167237058282,0.644596219063,-0.296121805906,0.0810408890247,0.683607339859,-0.311567723751,-0.00782395899296,0.725694537163,-0.31851619482,-0.0978912860155,0.766477584839,-0.32225972414,-0.187591224909,0.815682291985,-0.323287218809,-0.296645015478,0.559757947922,-0.29521715641,-0.362962782383
1776887814.5,0.472770959139,-0.20370657742,0.426400542259,0.517889261246,-0.221294000745,0.34250164032,0.561632394791,-0.247689828277,0.257507503033,0.608319759369,-0.272434443235,0.173732280731,0.654425859451,-0.29276317358,0.0900279730558,0.700638532639,-0.308578819036,0.00504940748215,0.749240875244,-0.315072804689,-0.0811239778996,0.795887827873,-0.317697554827,-0.168601632118,0.852638840675,-0.318377017975,-0.274085253477,0.566900491714,-0.292922437191,-0.362962782383
1776887814.51,0.467139661312,-0.206482440233,0.425711780787,0.515364408493,-0.221672996879,0.343281805515,0.560803055763,-0.246706470847,0.258857995272,0.610285878181,-0.27039539814,0.176135271788,0.658795118332,-0.29005202651,0.0946438089013,0.707838892937,-0.305070966482,0.0104021653533,0.759519457817,-0.311565488577,-0.0742192715406,0.809728980064,-0.314737260342,-0.159619599581,0.870426893234,-0.316481471062,-0.262859344482,0.573934555054,-0.290371745825,-0.362962782383
1776887814.53,0.461659789085,-0.209829121828,0.424371272326,0.510543465614,-0.221965804696,0.343402177095,0.560625076294,-0.243420213461,0.260699927807,0.613334417343,-0.264035314322,0.179442167282,0.667444348335,-0.281803816557,0.100102722645,0.721909284592,-0.296364307404,0.0200055837631,0.779624581337,-0.303193926811,-0.0608241260052,0.83553814888,-0.308506786823,-0.141389280558,0.903951764107,-0.312549829483,-0.240103304386,0.580839276314,-0.287560850382,-0.362962782383
1776887814.55,0.456818908453,-0.213402479887,0.422773569822,0.508563280106,-0.221568718553,0.343037515879,0.560539484024,-0.241547048092,0.260654181242,0.614868164062,-0.260496258736,0.180938690901,0.670835614204,-0.276783496141,0.102626770735,0.728110074997,-0.290876895189,0.0243862047791,0.788773059845,-0.298804432154,-0.0535913407803,0.847566485405,-0.304779976606,-0.132268249989,0.919581651688,-0.310436338186,-0.228129148483,0.587591528893,-0.28448626399,-0.362962782383
1776887814.56,0.450474143028,-0.218772560358,0.419808894396,0.504530906677,-0.221358925104,0.342366307974,0.560248970985,-0.236263290048,0.260972499847,0.618185997009,-0.251211792231,0.183023035526,0.677966475487,-0.26488378644,0.107368461788,0.739388465881,-0.277723699808,0.0323363095522,0.805350422859,-0.287233561277,-0.0418120920658,0.869356155396,-0.296209931374,-0.115680873394,0.948462128639,-0.306782603264,-0.205078810453,0.59416615963,-0.281145393848,-0.362962782383
1776887814.57,0.446746051311,-0.222193494439,0.417548596859,0.502999186516,-0.221661955118,0.342173933983,0.559975028038,-0.233068302274,0.261889755726,0.619720816612,-0.246250584722,0.184291601181,0.681576967239,-0.258790671825,0.109417825937,0.744499921799,-0.27095118165,0.0361060872674,0.81240773201,-0.281168073416,-0.0361328125,0.879498004913,-0.291664630175,-0.107261046767,0.961517691612,-0.304697364569,-0.193481862545,0.600535750389,-0.277536839247,-0.362962782383
1776887814.59,0.442362546921,-0.226316556334,0.414214015007,0.49975284934,-0.221822738647,0.339632153511,0.560100674629,-0.22836945951,0.261707246304,0.622839450836,-0.236309632659,0.18601487577,0.687251806259,-0.245555877686,0.113403782248,0.753686666489,-0.257116526365,0.0429745540023,0.825810670853,-0.268358081579,-0.0248497277498,0.896550536156,-0.282204777002,-0.090733602643,0.984883546829,-0.30007365346,-0.170630514622,0.606671571732,-0.273660510778,-0.362962782383
1776887814.61,0.437777221203,-0.230824679136,0.410050094128,0.498276263475,-0.221682325006,0.339353382587,0.560122609138,-0.225849822164,0.261433243752,0.624154448509,-0.231493085623,0.187142938375,0.690032601357,-0.238896280527,0.11540620774,0.758199810982,-0.25013166666,0.0463657230139,0.831440806389,-0.262382984161,-0.0192236304283,0.904803156853,-0.2776709795,-0.0828407406807,0.995114564896,-0.297503262758,-0.159139662981,0.612542867661,-0.26951789856,-0.362962782383
1776887814.62,0.434459805489,-0.233926802874,0.406424552202,0.49440446496,-0.223410770297,0.337133079767,0.558825731277,-0.221771404147,0.261514484882,0.626227736473,-0.223433360457,0.188965067267,0.694499611855,-0.227178618312,0.11991161108,0.765634775162,-0.237156420946,0.0532972514629,0.842332959175,-0.250847160816,-0.00843007862568,0.917761206627,-0.268335849047,-0.0673219412565,1.01285076141,-0.292419493198,-0.138540238142,0.618118405342,-0.265112280846,-0.362962782383
1776887814.63,0.430865615606,-0.237162381411,0.401892483234,0.492603510618,-0.223533317447,0.334487766027,0.558136463165,-0.220366939902,0.260684907436,0.626831173897,-0.218982040882,0.188881695271,0.696625709534,-0.222136467695,0.121636733413,0.769236683846,-0.231315433979,0.0564768984914,0.846657276154,-0.245246261358,-0.00334665179253,0.924802899361,-0.264077425003,-0.0605111271143,1.02012932301,-0.28852596879,-0.128501355648,0.623365879059,-0.260448873043,-0.362962782383
1776887814.65,0.427763402462,-0.23943400383,0.397016197443,0.488428026438,-0.225475370884,0.330304533243,0.55645942688,-0.218481868505,0.258407115936,0.626868605614,-0.213336095214,0.189864352345,0.699770450592,-0.213739901781,0.124984271824,0.774970054626,-0.221533104777,0.0632082372904,0.855304837227,-0.234528005123,0.00661676377058,0.934995174408,-0.25450310111,-0.0467299968004,1.03313755989,-0.281329542398,-0.110466569662,0.628253102303,-0.255534887314,-0.362962782383
1776887814.66,0.424968093634,-0.240911453962,0.391821056604,0.48623046279,-0.226787820458,0.327644228935,0.555024266243,-0.217875242233,0.256326973438,0.626813411713,-0.211128398776,0.189442753792,0.700983524323,-0.210463955998,0.126195788383,0.777296662331,-0.216832891107,0.0659920424223,0.858914375305,-0.229958876967,0.0110326930881,0.939635157585,-0.249930590391,-0.0405581593513,1.03924250603,-0.277112305164,-0.103306338191,0.632748126984,-0.250379621983,-0.362962782383
1776887814.68,0.422648400068,-0.241263911128,0.38639357686,0.482157677412,-0.22814899683,0.321373462677,0.552268743515,-0.217875987291,0.252309083939,0.626516222954,-0.209003433585,0.186950206757,0.702591300011,-0.20451168716,0.12685392797,0.781730413437,-0.210081145167,0.0702452510595,0.865551590919,-0.221943810582,0.0187051594257,0.947684049606,-0.241503790021,-0.0305151045322,1.04895961285,-0.268265515566,-0.0895466804504,0.636820197105,-0.244994401932,-0.362962782383
1776887814.69,0.420583754778,-0.240564510226,0.38059553504,0.480220884085,-0.22900852561,0.317794620991,0.550992012024,-0.217790916562,0.249659538269,0.62532889843,-0.208259820938,0.18612369895,0.703205823898,-0.203284993768,0.12695337832,0.783278346062,-0.206898123026,0.0716612488031,0.868033051491,-0.218017831445,0.0215872004628,0.951385855675,-0.237058594823,-0.0260834544897,1.05329239368,-0.263846933842,-0.0840366184711,0.640439987183,-0.239392668009,-0.362962782383
1776887814.71,0.418915271759,-0.238768950105,0.37473192811,0.476405233145,-0.229803606868,0.310450583696,0.548153400421,-0.21876321733,0.24284774065,0.624276399612,-0.208503723145,0.181649282575,0.703575968742,-0.201185673475,0.124999478459,0.785714030266,-0.203150779009,0.072995737195,0.872546076775,-0.212145403028,0.0256158784032,0.957358717918,-0.229403600097,-0.0200185924768,1.06092429161,-0.253587514162,-0.0753822624683,0.643580198288,-0.233589723706,-0.362962782383
1776887814.72,0.417461246252,-0.235823333263,0.368515104055,0.474625438452,-0.22954171896,0.30644890666,0.546260714531,-0.21912252903,0.239212960005,0.623313546181,-0.208946123719,0.178713679314,0.703456997871,-0.200995177031,0.123475767672,0.786310076714,-0.202062949538,0.0725703462958,0.874022603035,-0.210011303425,0.0266549661756,0.959543824196,-0.225733116269,-0.0179592519999,1.06425118446,-0.248384594917,-0.0724562555552,0.646216034889,-0.227602645755,-0.362962782383
1776887814.74,0.416381150484,-0.231695249677,0.362412422895,0.474625438452,-0.22954171896,0.30644890666,0.546260714531,-0.21912252903,0.239212960005,0.623313546181,-0.208946123719,0.178713679314,0.703456997871,-0.200995177031,0.123475767672,0.786310076714,-0.202062949538,0.0725703462958,0.874022603035,-0.210011303425,0.0266549661756,0.959543824196,-0.225733116269,-0.0179592519999,1.06425118446,-0.248384594917,-0.0724562555552,0.648326158524,-0.221450030804,-0.362962782383
1776887814.75,0.415415674448,-0.226366922259,0.356068909168,0.474625438452,-0.22954171896,0.30644890666,0.546260714531,-0.21912252903,0.239212960005,0.623313546181,-0.208946123719,0.178713679314,0.703456997871,-0.200995177031,0.123475767672,0.786310076714,-0.202062949538,0.0725703462958,0.874022603035,-0.210011303425,0.0266549661756,0.959543824196,-0.225733116269,-0.0179592519999,1.06425118446,-0.248384594917,-0.0724562555552,0.64989233017,-0.2151517272,-0.362962782383
1776887814.77,0.414765834808,-0.219892516732,0.349864035845,0.467804938555,-0.222361028194,0.2850497365,0.540250182152,-0.217671588063,0.217714726925,0.618213176727,-0.210761770606,0.158718913794,0.701089382172,-0.205030083656,0.106795154512,0.78656411171,-0.203294873238,0.0603469237685,0.876936912537,-0.204217806458,0.0190747454762,0.966254353523,-0.210765630007,-0.0207452625036,1.07560956478,-0.220023721457,-0.0688251256943,0.650900483131,-0.208728581667,-0.362962782383
1776887814.78,0.41426345706,-0.212317839265,0.343739390373,0.467365294695,-0.21979804337,0.28073990345,0.538618206978,-0.216645985842,0.212904244661,0.617514610291,-0.211767360568,0.15380243957,0.700142145157,-0.205788522959,0.101939752698,0.785835027695,-0.204249665141,0.0558045804501,0.876484513283,-0.203954324126,0.0150441452861,0.965990781784,-0.207909405231,-0.0236982107162,1.07608497143,-0.213507950306,-0.0703546255827,0.651340484619,-0.202201992273,-0.362962782383
1776887814.8,0.414034843445,-0.203453242779,0.337655514479,0.466215103865,-0.213231429458,0.272735089064,0.537623167038,-0.214071765542,0.204498946667,0.615662336349,-0.212423607707,0.144234269857,0.697688579559,-0.209183931351,0.0916260406375,0.783424377441,-0.207371994853,0.0453577637672,0.87420129776,-0.203648492694,0.00569199770689,0.96491754055,-0.203105852008,-0.0316190123558,1.07582831383,-0.201515346766,-0.0761803984642,0.651206374168,-0.195593714714,-0.362962782383
1776887814.81,0.414119511843,-0.194303452969,0.332353174686,0.465577453375,-0.209345757961,0.268801450729,0.537376046181,-0.211557522416,0.200481921434,0.615064382553,-0.212365224957,0.13938960433,0.69643342495,-0.210821852088,0.0865459293127,0.781763315201,-0.208958089352,0.0396896898746,0.872814774513,-0.204093918204,0.00057277828455,0.964087605476,-0.200538113713,-0.0366463959217,1.07467961311,-0.195276290178,-0.0799107551575,0.65049636364,-0.188925340772,-0.362962782383
1776887814.83,0.414336264133,-0.183635666966,0.326983004808,0.464650779963,-0.200882807374,0.261310696602,0.535944223404,-0.207169145346,0.193114548922,0.612889766693,-0.211854532361,0.130687043071,0.693187236786,-0.212539821863,0.0758543685079,0.778083443642,-0.211268588901,0.0276310816407,0.868511557579,-0.204150229692,-0.0118298530579,0.959721207619,-0.195489481091,-0.0482586026192,1.07061398029,-0.183203622699,-0.0901052355766,0.649213075638,-0.182218104601,-0.362962782383
1776887814.85,0.414810717106,-0.169836401939,0.32107013464,0.464658588171,-0.195852994919,0.257003247738,0.53515958786,-0.204426169395,0.188459515572,0.611793994904,-0.210753381252,0.126183047891,0.691738009453,-0.21362093091,0.0710637271404,0.77573788166,-0.21267130971,0.0214768573642,0.865639805794,-0.203122749925,-0.0192461162806,0.956510901451,-0.19288353622,-0.0545919537544,1.06730878353,-0.17788849771,-0.0962671488523,0.647362947464,-0.175492450595,-0.362962782383
1776887814.86,0.415391534567,-0.160159856081,0.317660093307,0.464223593473,-0.184972181916,0.24994134903,0.533587932587,-0.197871699929,0.18100105226,0.608564376831,-0.207299247384,0.117815054953,0.686964631081,-0.212563514709,0.060854896903,0.769973158836,-0.213008984923,0.00924360007048,0.859203338623,-0.201790899038,-0.0331708192825,0.949114561081,-0.187892869115,-0.0692640841007,1.05885720253,-0.167301550508,-0.111324355006,0.644956469536,-0.168767750263,-0.362962782383
1776887814.87,0.416227608919,-0.147759541869,0.313901722431,0.46329370141,-0.179231449962,0.247257351875,0.53232717514,-0.193372637033,0.177282497287,0.606748223305,-0.204773321748,0.113166622818,0.684628844261,-0.211453139782,0.0551063045859,0.766854166985,-0.211479708552,0.00246564298868,0.855213880539,-0.200444996357,-0.0405275672674,0.944791793823,-0.18447303772,-0.0774914473295,1.05398023129,-0.161476507783,-0.120250597596,0.642007231712,-0.162062108517,-0.362962782383
1776887814.89,0.41747507453,-0.135077446699,0.310947179794,0.462879806757,-0.165793597698,0.240819782019,0.529541015625,-0.183721199632,0.169579207897,0.602446079254,-0.198064863682,0.104251369834,0.678808093071,-0.207075640559,0.0444973111153,0.759202241898,-0.208680704236,-0.00986979901791,0.84660243988,-0.195923864841,-0.0554571449757,0.934605956078,-0.178126245737,-0.0950832813978,1.04193329811,-0.152405321598,-0.140635341406,0.638532519341,-0.155392035842,-0.362962782383
1776887814.9,0.418817520142,-0.122617959976,0.308636337519,0.46233740449,-0.158029392362,0.237499624491,0.52826488018,-0.176979720592,0.165899723768,0.599603295326,-0.193528950214,0.0998912677169,0.675411939621,-0.203497394919,0.0388666987419,0.755307078362,-0.205600127578,-0.0165542513132,0.841596364975,-0.193283542991,-0.0634408593178,0.929084300995,-0.174671381712,-0.104798391461,1.03524327278,-0.147027462721,-0.151904165745,0.634551882744,-0.148772329092,-0.362962782383
1776887814.92,0.420600682497,-0.110156618059,0.30721282959,0.462040275335,-0.142580315471,0.232629954815,0.524802684784,-0.163709014654,0.158542990685,0.594101667404,-0.1817997545,0.0900840759277,0.667686343193,-0.194278031588,0.028338983655,0.746017098427,-0.198144480586,-0.0296828150749,0.830530285835,-0.186314865947,-0.0795419067144,0.916164040565,-0.167430698872,-0.124901294708,1.01975989342,-0.140163138509,-0.177219539881,0.630087375641,-0.142215907574,-0.362962782383
1776887814.93,0.422482669353,-0.0983963385224,0.306505203247,0.461680620909,-0.134866401553,0.229724615812,0.523501753807,-0.156224429607,0.155136793852,0.590986847878,-0.174862086773,0.085445702076,0.663663983345,-0.188389003277,0.0221054404974,0.741050720215,-0.192943692207,-0.0367760509253,0.824860334396,-0.181416898966,-0.0885297060013,0.908643603325,-0.162794858217,-0.13542458415,1.01139223576,-0.13682846725,-0.191093027592,0.625163078308,-0.135733783245,-0.362962782383
1776887814.95,0.425207525492,-0.0850252881646,0.306640952826,0.462719529867,-0.118163049221,0.225707143545,0.520842790604,-0.139676883817,0.148888707161,0.585287570953,-0.158827438951,0.0769745409489,0.655133247375,-0.172799214721,0.0101724341512,0.729962110519,-0.179250702262,-0.0517104268074,0.811648488045,-0.170458480716,-0.10744613409,0.893298387527,-0.154493942857,-0.159057497978,0.992683172226,-0.130724072456,-0.22082093358,0.619804143906,-0.129334941506,-0.362962782383
1776887814.96,0.427209079266,-0.0767778307199,0.30732446909,0.463269740343,-0.110031194985,0.22435888648,0.519679427147,-0.130683198571,0.146733388305,0.58310520649,-0.149924203753,0.0730559676886,0.650659203529,-0.163717702031,0.00486848503351,0.724143862724,-0.171189367771,-0.059269502759,0.804407000542,-0.1634760499,-0.117266431451,0.884694457054,-0.14965723455,-0.170995414257,0.98242866993,-0.12807546556,-0.236750870943,0.614037394524,-0.123026371002,-0.362962782383
1776887814.98,0.429827332497,-0.0674305930734,0.308742284775,0.464781731367,-0.0932392701507,0.223095744848,0.518901467323,-0.111750908196,0.142545863986,0.578718662262,-0.129241243005,0.0656943321228,0.643006682396,-0.143142402172,-0.00618860125542,0.711592674255,-0.15159752965,-0.0748385936022,0.788273334503,-0.148154601455,-0.137719959021,0.86548602581,-0.139255419374,-0.197449803352,0.959472417831,-0.124138705432,-0.269502460957,0.607889890671,-0.116813085973,-0.362962782383
1776887814.99,0.432664364576,-0.0590430609882,0.310783773661,0.466365605593,-0.0848473310471,0.222551554441,0.518936514854,-0.102141797543,0.141318321228,0.577160716057,-0.117814294994,0.0625505149364,0.639074444771,-0.131499901414,-0.0113038569689,0.70555126667,-0.140557006001,-0.0820761919022,0.779555439949,-0.138908848166,-0.148056328297,0.854536414146,-0.132931098342,-0.210579991341,0.946390867233,-0.122110798955,-0.286714315414,0.601389288902,-0.110698208213,-0.362962782383
1776887815.01,0.435655146837,-0.0523171573877,0.31333553791,0.470867782831,-0.0693109259009,0.223509818316,0.521137475967,-0.0816110745072,0.139488250017,0.575057506561,-0.0934552922845,0.0579803884029,0.632355451584,-0.10493093729,-0.0202786773443,0.692972302437,-0.114664800465,-0.0961346626282,0.761085987091,-0.118077784777,-0.168158441782,0.830350756645,-0.119984641671,-0.237034440041,0.917022943497,-0.120211064816,-0.320125192404,0.594563245773,-0.104683026671,-0.362962782383
1776887815.02,0.438923478127,-0.046487249434,0.316499561071,0.473123401403,-0.0612220987678,0.22481456399,0.522859811783,-0.0706109628081,0.140397652984,0.575139760971,-0.0812490358949,0.0567572712898,0.629435181618,-0.0905098468065,-0.0235138088465,0.686958789825,-0.100496821105,-0.101892799139,0.751415848732,-0.106846034527,-0.176824837923,0.817245602608,-0.112539596856,-0.249178498983,0.899580001831,-0.119255252182,-0.336396574974,0.58743917942,-0.0987671166658,-0.362962782383
1776887815.04,0.442273229361,-0.0425547584891,0.320082396269,0.478055685759,-0.0461341328919,0.227708026767,0.525941610336,-0.0502831712365,0.141136780381,0.575268268585,-0.0547558888793,0.0553659573197,0.624699234962,-0.0615970939398,-0.0281918793917,0.675643086433,-0.0717549175024,-0.111018866301,0.731434941292,-0.0833329185843,-0.192157238722,0.788253068924,-0.0976580530405,-0.270667314529,0.859088540077,-0.116540461779,-0.366441428661,0.580044388771,-0.0929484441876,-0.362962782383
1776887815.05,0.445900350809,-0.0394478328526,0.324227452278,0.480510741472,-0.0394418127835,0.229341864586,0.527617573738,-0.0400322377682,0.14235278964,0.575015902519,-0.0425703674555,0.0553846359253,0.622277379036,-0.0482400432229,-0.0293666422367,0.669591426849,-0.0582264810801,-0.114392787218,0.720952153206,-0.0719552412629,-0.197992384434,0.772319436073,-0.0901382789016,-0.2793648839,0.835913777351,-0.11432133615,-0.378249824047,0.572405219078,-0.0872235223651,-0.362962782383
1776887815.07,0.448986887932,-0.038601115346,0.327918380499,0.48375043273,-0.0277345199138,0.233605057001,0.528509736061,-0.0222014058381,0.145234853029,0.572598695755,-0.0201666466892,0.0558261945844,0.61600625515,-0.0248387809843,-0.0306772738695,0.656883716583,-0.0351318232715,-0.118662074208,0.698600649834,-0.05228914693,-0.207112789154,0.737380623817,-0.0760501921177,-0.294118285179,0.784822940826,-0.108608625829,-0.400231838226,0.564547777176,-0.0815875306726,-0.362962782383
1776887815.08,0.452762752771,-0.0385749824345,0.332593053579,0.485174268484,-0.022969732061,0.235726252198,0.528025627136,-0.0150920683518,0.147141516209,0.570490241051,-0.0113678630441,0.0573833584785,0.611310601234,-0.0144274020568,-0.0313809067011,0.649393439293,-0.0259098149836,-0.1204790622,0.687211155891,-0.0439784638584,-0.210466265678,0.71851503849,-0.0696314871311,-0.299885541201,0.757081389427,-0.103720769286,-0.408371925354,0.556497335434,-0.0760344490409,-0.362962782383
1776887815.1,0.456299781799,-0.0401372909546,0.337130844593,0.486912280321,-0.0175820905715,0.240132600069,0.525685667992,-0.00506226439029,0.150021165609,0.564348459244,0.00184239214286,0.0587984248996,0.600502371788,0.000148828607053,-0.0314427316189,0.630262613297,-0.0112539492548,-0.124997317791,0.657913088799,-0.0307713635266,-0.218378931284,0.67800951004,-0.0569911971688,-0.310184061527,0.701130151749,-0.0916048586369,-0.423410058022,0.548278212547,-0.0705572143197,-0.362962782383
1776887815.11,0.460063278675,-0.0427588261664,0.342004984617,0.487370401621,-0.0160028375685,0.24242593348,0.523829221725,-0.00204892503098,0.151572331786,0.559838652611,0.005839494057,0.0591192916036,0.592813372612,0.0049222772941,-0.0322880148888,0.619146347046,-0.0056728059426,-0.125930771232,0.640779972076,-0.0251874215901,-0.221826285124,0.657298803329,-0.051113858819,-0.314725488424,0.672555208206,-0.0848183557391,-0.428474962711,0.539914131165,-0.0651478245854,-0.362962782383
1776887815.13,0.463406533003,-0.0460351631045,0.346393823624,0.488083988428,-0.0168792847544,0.247106969357,0.5192527771,-0.00131734204479,0.154560416937,0.548597216606,0.00891006924212,0.0597442910075,0.57483291626,0.00991332437843,-0.0341031402349,0.592935442924,0.00118960114196,-0.129978626966,0.606721520424,-0.0160874910653,-0.226835459471,0.612362146378,-0.0390477068722,-0.32166492939,0.615801215172,-0.0687734559178,-0.438471317291,0.531428337097,-0.0597975105047,-0.362962782383
1776887815.14,0.466803818941,-0.0499444231391,0.35075494647,0.487743407488,-0.0191848874092,0.249164894223,0.515628218651,-0.00299352011643,0.155387371778,0.541991472244,0.00724504329264,0.0599309802055,0.564185619354,0.00945606920868,-0.0341278612614,0.577847838402,0.00271269259974,-0.131880789995,0.587217569351,-0.0123027591035,-0.229520201683,0.588956475258,-0.0331517085433,-0.324747651815,0.587676525116,-0.0606278888881,-0.441524446011,0.522842884064,-0.0544968433678,-0.362962782383
1776887815.16,0.47029197216,-0.0542669445276,0.35504513979,0.487101525068,-0.0257547851652,0.253701925278,0.507874011993,-0.0109023712575,0.158101007342,0.525241851807,-9.42631158978e-05,0.060062430799,0.538736820221,0.0047465171665,-0.0353948175907,0.544263124466,0.00252022128552,-0.133865743876,0.54562163353,-0.00670573394746,-0.233207762241,0.540705919266,-0.021461063996,-0.329171717167,0.532288908958,-0.0427101962268,-0.447333931923,0.514179825783,-0.0492358580232,-0.362962782383
1776887815.17,0.473804324865,-0.0589493773878,0.359080553055,0.486616939306,-0.0303871762007,0.255687713623,0.502695918083,-0.0165735334158,0.158795714378,0.515359997749,-0.00587731320411,0.0604245215654,0.523649811745,0.000389657448977,-0.0366458743811,0.525392532349,0.000125537393615,-0.133753567934,0.52402317524,-0.00488425092772,-0.2330699265,0.516830205917,-0.0161110572517,-0.329633355141,0.50493645668,-0.0323199853301,-0.44886380434,0.505460381508,-0.0440041683614,-0.362962782383
1776887815.19,0.476499974728,-0.0623200535774,0.361908614635,0.482467442751,-0.0408638194203,0.259789586067,0.488909214735,-0.0299864728004,0.160811632872,0.491810113192,-0.0201841965318,0.062659598887,0.491103798151,-0.0114443339407,-0.0347748696804,0.48536285758,-0.00652307458222,-0.131986290216,0.477568536997,-0.0034883338958,-0.230908423662,0.465733617544,-0.00645216926932,-0.329101145267,0.451366275549,-0.0110058002174,-0.44844776392,0.496705621481,-0.0387910977006,-0.362962782383
1776887815.2,0.480257302523,-0.0665593221784,0.365253716707,0.478859812021,-0.0463704541326,0.261644542217,0.480441123247,-0.0374901629984,0.162561953068,0.478418439627,-0.0281933154911,0.0638122707605,0.473284095526,-0.0189331546426,-0.0328059047461,0.463779419661,-0.0115704219788,-0.130236834288,0.454534381628,-0.00530855776742,-0.229118108749,0.441964715719,-0.00331448856741,-0.326413959265,0.425495237112,-4.1636172682e-05,-0.445988178253,0.487936168909,-0.0335857793689,-0.362962782383
1776887815.22,0.483349949121,-0.0694739297032,0.36747199297,0.475186437368,-0.0515390895307,0.26430606842,0.471076875925,-0.044452380389,0.164912387729,0.464043825865,-0.0363379605114,0.0660793334246,0.455356270075,-0.0265494752675,-0.0303102880716,0.443310588598,-0.0165233574808,-0.125941336155,0.431413024664,-0.00644014868885,-0.224321484566,0.417742937803,0.000292544486001,-0.321730345488,0.399795204401,0.0106647172943,-0.441759645939,0.479172736406,-0.0283772628754,-0.362962782383
1776887815.23,0.48707523942,-0.0719058737159,0.369407057762,0.467024117708,-0.0609475634992,0.26937764883,0.451154321432,-0.0568663924932,0.170982301235,0.434425681829,-0.0503591932356,0.0744552314281,0.418784886599,-0.0402716733515,-0.0216224193573,0.401133984327,-0.0276545733213,-0.116337150335,0.384141892195,-0.0112802777439,-0.215084284544,0.369791597128,0.00728153716773,-0.308152914047,0.348707407713,0.0322847403586,-0.428096652031,0.470436006784,-0.0231546442956,-0.362962782383
1776887815.25,0.490596145391,-0.0732558146119,0.370405256748,0.467024117708,-0.0609475634992,0.26937764883,0.451154321432,-0.0568663924932,0.170982301235,0.434425681829,-0.0503591932356,0.0744552314281,0.418784886599,-0.0402716733515,-0.0216224193573,0.401133984327,-0.0276545733213,-0.116337150335,0.384141892195,-0.0112802777439,-0.215084284544,0.369791597128,0.00728153716773,-0.308152914047,0.348707407713,0.0322847403586,-0.428096652031,0.461746901274,-0.0179071445018,-0.362962782383
1776887815.26,0.494523078203,-0.0735568329692,0.370953828096,0.467024117708,-0.0609475634992,0.26937764883,0.451154321432,-0.0568663924932,0.170982301235,0.434425681829,-0.0503591932356,0.0744552314281,0.418784886599,-0.0402716733515,-0.0216224193573,0.401133984327,-0.0276545733213,-0.116337150335,0.384141892195,-0.0112802777439,-0.215084284544,0.369791597128,0.00728153716773,-0.308152914047,0.348707407713,0.0322847403586,-0.428096652031,0.453126579523,-0.0126242479309,-0.362962782383
1776887815.28,0.499010890722,-0.0724644437432,0.370424121618,0.467024117708,-0.0609475634992,0.26937764883,0.451154321432,-0.0568663924932,0.170982301235,0.434425681829,-0.0503591932356,0.0744552314281,0.418784886599,-0.0402716733515,-0.0216224193573,0.401133984327,-0.0276545733213,-0.116337150335,0.384141892195,-0.0112802777439,-0.215084284544,0.369791597128,0.00728153716773,-0.308152914047,0.348707407713,0.0322847403586,-0.428096652031,0.444596558809,-0.00729580130428,-0.362962782383
1776887815.29,0.501892924309,-0.0710445344448,0.369738161564,0.467024117708,-0.0609475634992,0.26937764883,0.451154321432,-0.0568663924932,0.170982301235,0.434425681829,-0.0503591932356,0.0744552314281,0.418784886599,-0.0402716733515,-0.0216224193573,0.401133984327,-0.0276545733213,-0.116337150335,0.384141892195,-0.0112802777439,-0.215084284544,0.369791597128,0.00728153716773,-0.308152914047,0.348707407713,0.0322847403586,-0.428096652031,0.43617901206,-0.00191213504877,-0.362962782383
1776887815.31,0.505861163139,-0.0680552870035,0.368165403605,0.467024117708,-0.0609475634992,0.26937764883,0.451154321432,-0.0568663924932,0.170982301235,0.434425681829,-0.0503591932356,0.0744552314281,0.418784886599,-0.0402716733515,-0.0216224193573,0.401133984327,-0.0276545733213,-0.116337150335,0.384141892195,-0.0112802777439,-0.215084284544,0.369791597128,0.00728153716773,-0.308152914047,0.348707407713,0.0322847403586,-0.428096652031,0.427896648645,0.0035358145833,-0.362962782383
1776887815.32,0.509821772575,-0.0638464316726,0.365818589926,0.467024117708,-0.0609475634992,0.26937764883,0.451154321432,-0.0568663924932,0.170982301235,0.434425681829,-0.0503591932356,0.0744552314281,0.418784886599,-0.0402716733515,-0.0216224193573,0.401133984327,-0.0276545733213,-0.116337150335,0.384141892195,-0.0112802777439,-0.215084284544,0.369791597128,0.00728153716773,-0.308152914047,0.348707407713,0.0322847403586,-0.428096652031,0.419772952795,0.00905638001859,-0.362962782383
1776887815.34,0.513659060001,-0.0589341148734,0.363246649504,0.467024117708,-0.0609475634992,0.26937764883,0.451154321432,-0.0568663924932,0.170982301235,0.434425681829,-0.0503591932356,0.0744552314281,0.418784886599,-0.0402716733515,-0.0216224193573,0.401133984327,-0.0276545733213,-0.116337150335,0.384141892195,-0.0112802777439,-0.215084284544,0.369791597128,0.00728153716773,-0.308152914047,0.348707407713,0.0322847403586,-0.428096652031,0.41183206439,0.0146570298821,-0.362962782383
1776887815.35,0.517475008965,-0.0527506992221,0.360078603029,0.467024117708,-0.0609475634992,0.26937764883,0.451154321432,-0.0568663924932,0.170982301235,0.434425681829,-0.0503591932356,0.0744552314281,0.418784886599,-0.0402716733515,-0.0216224193573,0.401133984327,-0.0276545733213,-0.116337150335,0.384141892195,-0.0112802777439,-0.215084284544,0.369791597128,0.00728153716773,-0.308152914047,0.348707407713,0.0322847403586,-0.428096652031,0.404098838568,0.0203442387283,-0.362962782383
1776887815.37,0.522398471832,-0.0428662225604,0.355312228203,0.467024117708,-0.0609475634992,0.26937764883,0.451154321432,-0.0568663924932,0.170982301235,0.434425681829,-0.0503591932356,0.0744552314281,0.418784886599,-0.0402716733515,-0.0216224193573,0.401133984327,-0.0276545733213,-0.116337150335,0.384141892195,-0.0112802777439,-0.215084284544,0.369791597128,0.00728153716773,-0.308152914047,0.348707407713,0.0322847403586,-0.428096652031,0.396599024534,0.0261233430356,-0.362962782383
1776887815.38,0.526424229145,-0.0336723439395,0.350915640593,0.467024117708,-0.0609475634992,0.26937764883,0.451154321432,-0.0568663924932,0.170982301235,0.434425681829,-0.0503591932356,0.0744552314281,0.418784886599,-0.0402716733515,-0.0216224193573,0.401133984327,-0.0276545733213,-0.116337150335,0.384141892195,-0.0112802777439,-0.215084284544,0.369791597128,0.00728153716773,-0.308152914047,0.348707407713,0.0322847403586,-0.428096652031,0.389358907938,0.0319984033704,-0.362962782383
1776887815.4,0.530324816704,-0.0229552034289,0.346081823111,0.467024117708,-0.0609475634992,0.26937764883,0.451154321432,-0.0568663924932,0.170982301235,0.434425681829,-0.0503591932356,0.0744552314281,0.418784886599,-0.0402716733515,-0.0216224193573,0.401133984327,-0.0276545733213,-0.116337150335,0.384141892195,-0.0112802777439,-0.215084284544,0.369791597128,0.00728153716773,-0.308152914047,0.348707407713,0.0322847403586,-0.428096652031,0.382405370474,0.0379720777273,-0.362962782383
1776887815.41,0.534120082855,-0.0111769856885,0.340897858143,0.467024117708,-0.0609475634992,0.26937764883,0.451154321432,-0.0568663924932,0.170982301235,0.434425681829,-0.0503591932356,0.0744552314281,0.418784886599,-0.0402716733515,-0.0216224193573,0.401133984327,-0.0276545733213,-0.116337150335,0.384141892195,-0.0112802777439,-0.215084284544,0.369791597128,0.00728153716773,-0.308152914047,0.348707407713,0.0322847403586,-0.428096652031,0.375765770674,0.044045470655,-0.362962782383
1776887815.43,0.537833094597,0.00156198185869,0.335562795401,0.467024117708,-0.0609475634992,0.26937764883,0.451154321432,-0.0568663924932,0.170982301235,0.434425681829,-0.0503591932356,0.0744552314281,0.418784886599,-0.0402716733515,-0.0216224193573,0.401133984327,-0.0276545733213,-0.116337150335,0.384141892195,-0.0112802777439,-0.215084284544,0.369791597128,0.00728153716773,-0.308152914047,0.348707407713,0.0322847403586,-0.428096652031,0.369467765093,0.0502180233598,-0.362962782383
1776887815.44,0.541029453278,0.0142224412411,0.330316841602,0.467024117708,-0.0609475634992,0.26937764883,0.451154321432,-0.0568663924932,0.170982301235,0.434425681829,-0.0503591932356,0.0744552314281,0.418784886599,-0.0402716733515,-0.0216224193573,0.401133984327,-0.0276545733213,-0.116337150335,0.384141892195,-0.0112802777439,-0.215084284544,0.369791597128,0.00728153716773,-0.308152914047,0.348707407713,0.0322847403586,-0.428096652031,0.363539069891,0.0564873926342,-0.362962782383
1776887815.46,0.544533371925,0.0292191766202,0.324225455523,0.467024117708,-0.0609475634992,0.26937764883,0.451154321432,-0.0568663924932,0.170982301235,0.434425681829,-0.0503591932356,0.0744552314281,0.418784886599,-0.0402716733515,-0.0216224193573,0.401133984327,-0.0276545733213,-0.116337150335,0.384141892195,-0.0112802777439,-0.215084284544,0.369791597128,0.00728153716773,-0.308152914047,0.348707407713,0.0322847403586,-0.428096652031,0.358006983995,0.0628493577242,-0.362962782383
1776887815.47,0.547675192356,0.0437517948449,0.318428456783,0.467024117708,-0.0609475634992,0.26937764883,0.451154321432,-0.0568663924932,0.170982301235,0.434425681829,-0.0503591932356,0.0744552314281,0.418784886599,-0.0402716733515,-0.0216224193573,0.401133984327,-0.0276545733213,-0.116337150335,0.384141892195,-0.0112802777439,-0.215084284544,0.369791597128,0.00728153716773,-0.308152914047,0.348707407713,0.0322847403586,-0.428096652031,0.352898389101,0.069297760725,-0.362962782383
1776887815.49,0.550420582294,0.0571131333709,0.312907725573,0.467024117708,-0.0609475634992,0.26937764883,0.451154321432,-0.0568663924932,0.170982301235,0.434425681829,-0.0503591932356,0.0744552314281,0.418784886599,-0.0402716733515,-0.0216224193573,0.401133984327,-0.0276545733213,-0.116337150335,0.384141892195,-0.0112802777439,-0.215084284544,0.369791597128,0.00728153716773,-0.308152914047,0.348707407713,0.0322847403586,-0.428096652031,0.348239272833,0.0758244395256,-0.362962782383
1776887815.5,0.55335611105,0.0715196952224,0.307135850191,0.467024117708,-0.0609475634992,0.26937764883,0.451154321432,-0.0568663924932,0.170982301235,0.434425681829,-0.0503591932356,0.0744552314281,0.418784886599,-0.0402716733515,-0.0216224193573,0.401133984327,-0.0276545733213,-0.116337150335,0.384141892195,-0.0112802777439,-0.215084284544,0.369791597128,0.00728153716773,-0.308152914047,0.348707407713,0.0322847403586,-0.428096652031,0.344054251909,0.0824192389846,-0.362962782383
1776887815.52,0.556368291378,0.0857816413045,0.30081692338,0.467024117708,-0.0609475634992,0.26937764883,0.451154321432,-0.0568663924932,0.170982301235,0.434425681829,-0.0503591932356,0.0744552314281,0.418784886599,-0.0402716733515,-0.0216224193573,0.401133984327,-0.0276545733213,-0.116337150335,0.384141892195,-0.0112802777439,-0.215084284544,0.369791597128,0.00728153716773,-0.308152914047,0.348707407713,0.0322847403586,-0.428096652031,0.340366154909,0.0890700221062,-0.362962782383
1776887815.53,0.55929684639,0.0984504520893,0.295086592436,0.467024117708,-0.0609475634992,0.26937764883,0.451154321432,-0.0568663924932,0.170982301235,0.434425681829,-0.0503591932356,0.0744552314281,0.418784886599,-0.0402716733515,-0.0216224193573,0.401133984327,-0.0276545733213,-0.116337150335,0.384141892195,-0.0112802777439,-0.215084284544,0.369791597128,0.00728153716773,-0.308152914047,0.348707407713,0.0322847403586,-0.428096652031,0.337195783854,0.0957627594471,-0.362962782383
1776887815.55,0.562240302563,0.109971165657,0.289337456226,0.467024117708,-0.0609475634992,0.26937764883,0.451154321432,-0.0568663924932,0.170982301235,0.434425681829,-0.0503591932356,0.0744552314281,0.418784886599,-0.0402716733515,-0.0216224193573,0.401133984327,-0.0276545733213,-0.116337150335,0.384141892195,-0.0112802777439,-0.215084284544,0.369791597128,0.00728153716773,-0.308152914047,0.348707407713,0.0322847403586,-0.428096652031,0.334561318159,0.102481625974,-0.362962782383
1776887815.56,0.565522611141,0.120027646422,0.283842861652,0.467024117708,-0.0609475634992,0.26937764883,0.451154321432,-0.0568663924932,0.170982301235,0.434425681829,-0.0503591932356,0.0744552314281,0.418784886599,-0.0402716733515,-0.0216224193573,0.401133984327,-0.0276545733213,-0.116337150335,0.384141892195,-0.0112802777439,-0.215084284544,0.369791597128,0.00728153716773,-0.308152914047,0.348707407713,0.0322847403586,-0.428096652031,0.332477897406,0.109209164977,-0.362962782383
1776887815.58,0.569062829018,0.128812879324,0.278598695993,0.467024117708,-0.0609475634992,0.26937764883,0.451154321432,-0.0568663924932,0.170982301235,0.434425681829,-0.0503591932356,0.0744552314281,0.418784886599,-0.0402716733515,-0.0216224193573,0.401133984327,-0.0276545733213,-0.116337150335,0.384141892195,-0.0112802777439,-0.215084284544,0.369791597128,0.00728153716773,-0.308152914047,0.348707407713,0.0322847403586,-0.428096652031,0.330957442522,0.115926511586,-0.362962782383
1776887815.59,0.572869181633,0.136049538851,0.273446410894,0.467024117708,-0.0609475634992,0.26937764883,0.451154321432,-0.0568663924932,0.170982301235,0.434425681829,-0.0503591932356,0.0744552314281,0.418784886599,-0.0402716733515,-0.0216224193573,0.401133984327,-0.0276545733213,-0.116337150335,0.384141892195,-0.0112802777439,-0.215084284544,0.369791597128,0.00728153716773,-0.308152914047,0.348707407713,0.0322847403586,-0.428096652031,0.330008000135,0.122613623738,-0.362962782383
1776887815.61,0.577027916908,0.141884848475,0.268650233746,0.467024117708,-0.0609475634992,0.26937764883,0.451154321432,-0.0568663924932,0.170982301235,0.434425681829,-0.0503591932356,0.0744552314281,0.418784886599,-0.0402716733515,-0.0216224193573,0.401133984327,-0.0276545733213,-0.116337150335,0.384141892195,-0.0112802777439,-0.215084284544,0.369791597128,0.00728153716773,-0.308152914047,0.348707407713,0.0322847403586,-0.428096652031,0.32963386178,0.129249557853,-0.362962782383
1776887815.62,0.58152204752,0.146315038204,0.264119595289,0.467024117708,-0.0609475634992,0.26937764883,0.451154321432,-0.0568663924932,0.170982301235,0.434425681829,-0.0503591932356,0.0744552314281,0.418784886599,-0.0402716733515,-0.0216224193573,0.401133984327,-0.0276545733213,-0.116337150335,0.384141892195,-0.0112802777439,-0.215084284544,0.369791597128,0.00728153716773,-0.308152914047,0.348707407713,0.0322847403586,-0.428096652031,0.329835087061,0.135812819004,-0.362962782383
1776887815.64,0.587032258511,0.15018324554,0.258937209845,0.467024117708,-0.0609475634992,0.26937764883,0.451154321432,-0.0568663924932,0.170982301235,0.434425681829,-0.0503591932356,0.0744552314281,0.418784886599,-0.0402716733515,-0.0216224193573,0.401133984327,-0.0276545733213,-0.116337150335,0.384141892195,-0.0112802777439,-0.215084284544,0.369791597128,0.00728153716773,-0.308152914047,0.348707407713,0.0322847403586,-0.428096652031,0.330607503653,0.1422816962,-0.362962782383
1776887815.65,0.590725302696,0.151568576694,0.255572676659,0.467024117708,-0.0609475634992,0.26937764883,0.451154321432,-0.0568663924932,0.170982301235,0.434425681829,-0.0503591932356,0.0744552314281,0.418784886599,-0.0402716733515,-0.0216224193573,0.401133984327,-0.0276545733213,-0.116337150335,0.384141892195,-0.0112802777439,-0.215084284544,0.369791597128,0.00728153716773,-0.308152914047,0.348707407713,0.0322847403586,-0.428096652031,0.3319427073,0.148634582758,-0.362962782383
1776887815.67,0.595267117023,0.152488231659,0.251695305109,0.467024117708,-0.0609475634992,0.26937764883,0.451154321432,-0.0568663924932,0.170982301235,0.434425681829,-0.0503591932356,0.0744552314281,0.418784886599,-0.0402716733515,-0.0216224193573,0.401133984327,-0.0276545733213,-0.116337150335,0.384141892195,-0.0112802777439,-0.215084284544,0.369791597128,0.00728153716773,-0.308152914047,0.348707407713,0.0322847403586,-0.428096652031,0.333828181028,0.154850378633,-0.362962782383
1776887815.69,0.599596917629,0.152562066913,0.248000010848,0.467024117708,-0.0609475634992,0.26937764883,0.451154321432,-0.0568663924932,0.170982301235,0.434425681829,-0.0503591932356,0.0744552314281,0.418784886599,-0.0402716733515,-0.0216224193573,0.401133984327,-0.0276545733213,-0.116337150335,0.384141892195,-0.0112802777439,-0.215084284544,0.369791597128,0.00728153716773,-0.308152914047,0.348707407713,0.0322847403586,-0.428096652031,0.336247414351,0.160908773541,-0.362962782383
1776887815.7,0.603590965271,0.151997089386,0.244405820966,0.467024117708,-0.0609475634992,0.26937764883,0.451154321432,-0.0568663924932,0.170982301235,0.434425681829,-0.0503591932356,0.0744552314281,0.418784886599,-0.0402716733515,-0.0216224193573,0.401133984327,-0.0276545733213,-0.116337150335,0.384141892195,-0.0112802777439,-0.215084284544,0.369791597128,0.00728153716773,-0.308152914047,0.348707407713,0.0322847403586,-0.428096652031,0.339180260897,0.166790604591,-0.362962782383
1776887815.71,0.60708540678,0.150962397456,0.241418913007,0.467024117708,-0.0609475634992,0.26937764883,0.451154321432,-0.0568663924932,0.170982301235,0.434425681829,-0.0503591932356,0.0744552314281,0.418784886599,-0.0402716733515,-0.0216224193573,0.401133984327,-0.0276545733213,-0.116337150335,0.384141892195,-0.0112802777439,-0.215084284544,0.369791597128,0.00728153716773,-0.308152914047,0.348707407713,0.0322847403586,-0.428096652031,0.342603355646,0.1724781394,-0.362962782383
1776887815.73,0.610312998295,0.149507850409,0.238158985972,0.467024117708,-0.0609475634992,0.26937764883,0.451154321432,-0.0568663924932,0.170982301235,0.434425681829,-0.0503591932356,0.0744552314281,0.418784886599,-0.0402716733515,-0.0216224193573,0.401133984327,-0.0276545733213,-0.116337150335,0.384141892195,-0.0112802777439,-0.215084284544,0.369791597128,0.00728153716773,-0.308152914047,0.348707407713,0.0322847403586,-0.428096652031,0.346490472555,0.177955314517,-0.362962782383
1776887815.74,0.613153100014,0.147857710719,0.235349550843,0.467024117708,-0.0609475634992,0.26937764883,0.451154321432,-0.0568663924932,0.170982301235,0.434425681829,-0.0503591932356,0.0744552314281,0.418784886599,-0.0402716733515,-0.0216224193573,0.401133984327,-0.0276545733213,-0.116337150335,0.384141892195,-0.0112802777439,-0.215084284544,0.369791597128,0.00728153716773,-0.308152914047,0.348707407713,0.0322847403586,-0.428096652031,0.350813001394,0.183207899332,-0.362962782383
1776887815.76,0.61547678709,0.146144852042,0.232699930668,0.467024117708,-0.0609475634992,0.26937764883,0.451154321432,-0.0568663924932,0.170982301235,0.434425681829,-0.0503591932356,0.0744552314281,0.418784886599,-0.0402716733515,-0.0216224193573,0.401133984327,-0.0276545733213,-0.116337150335,0.384141892195,-0.0112802777439,-0.215084284544,0.369791597128,0.00728153716773,-0.308152914047,0.348707407713,0.0322847403586,-0.428096652031,0.355540663004,0.188223674893,-0.362962782383
1776887815.77,0.617214798927,0.144505992532,0.230194792151,0.467024117708,-0.0609475634992,0.26937764883,0.451154321432,-0.0568663924932,0.170982301235,0.434425681829,-0.0503591932356,0.0744552314281,0.418784886599,-0.0402716733515,-0.0216224193573,0.401133984327,-0.0276545733213,-0.116337150335,0.384141892195,-0.0112802777439,-0.215084284544,0.369791597128,0.00728153716773,-0.308152914047,0.348707407713,0.0322847403586,-0.428096652031,0.360641926527,0.19299249351,-0.362962782383
1776887815.79,0.61857008934,0.143111631274,0.228159174323,0.467024117708,-0.0609475634992,0.26937764883,0.451154321432,-0.0568663924932,0.170982301235,0.434425681829,-0.0503591932356,0.0744552314281,0.418784886599,-0.0402716733515,-0.0216224193573,0.401133984327,-0.0276545733213,-0.116337150335,0.384141892195,-0.0112802777439,-0.215084284544,0.369791597128,0.00728153716773,-0.308152914047,0.348707407713,0.0322847403586,-0.428096652031,0.36608466506,0.197506248951,-0.362962782383
1776887815.8,0.619418680668,0.142077386379,0.22639515996,0.467024117708,-0.0609475634992,0.26937764883,0.451154321432,-0.0568663924932,0.170982301235,0.434425681829,-0.0503591932356,0.0744552314281,0.418784886599,-0.0402716733515,-0.0216224193573,0.401133984327,-0.0276545733213,-0.116337150335,0.384141892195,-0.0112802777439,-0.215084284544,0.369791597128,0.00728153716773,-0.308152914047,0.348707407713,0.0322847403586,-0.428096652031,0.371836572886,0.201758950949,-0.362962782383
1776887815.82,0.619809925556,0.141486942768,0.224991068244,0.467024117708,-0.0609475634992,0.26937764883,0.451154321432,-0.0568663924932,0.170982301235,0.434425681829,-0.0503591932356,0.0744552314281,0.418784886599,-0.0402716733515,-0.0216224193573,0.401133984327,-0.0276545733213,-0.116337150335,0.384141892195,-0.0112802777439,-0.215084284544,0.369791597128,0.00728153716773,-0.308152914047,0.348707407713,0.0322847403586,-0.428096652031,0.377865940332,0.205746516585,-0.362962782383
1776887815.83,0.619765400887,0.141456618905,0.223924860358,0.467024117708,-0.0609475634992,0.26937764883,0.451154321432,-0.0568663924932,0.170982301235,0.434425681829,-0.0503591932356,0.0744552314281,0.418784886599,-0.0402716733515,-0.0216224193573,0.401133984327,-0.0276545733213,-0.116337150335,0.384141892195,-0.0112802777439,-0.215084284544,0.369791597128,0.00728153716773,-0.308152914047,0.348707407713,0.0322847403586,-0.428096652031,0.384141772985,0.209466740489,-0.362962782383
1776887815.85,0.619317650795,0.142027303576,0.223048701882,0.467024117708,-0.0609475634992,0.26937764883,0.451154321432,-0.0568663924932,0.170982301235,0.434425681829,-0.0503591932356,0.0744552314281,0.418784886599,-0.0402716733515,-0.0216224193573,0.401133984327,-0.0276545733213,-0.116337150335,0.384141892195,-0.0112802777439,-0.215084284544,0.369791597128,0.00728153716773,-0.308152914047,0.348707407713,0.0322847403586,-0.428096652031,0.390634387732,0.212919026613,-0.362962782383
1776887815.86,0.618523716927,0.143246933818,0.222577944398,0.467024117708,-0.0609475634992,0.26937764883,0.451154321432,-0.0568663924932,0.170982301235,0.434425681829,-0.0503591932356,0.0744552314281,0.418784886599,-0.0402716733515,-0.0216224193573,0.401133984327,-0.0276545733213,-0.116337150335,0.384141892195,-0.0112802777439,-0.215084284544,0.369791597128,0.00728153716773,-0.308152914047,0.348707407713,0.0322847403586,-0.428096652031,0.397315829992,0.21610429883,-0.362962782383
1776887815.88,0.617412388325,0.145143464208,0.22230245173,0.467024117708,-0.0609475634992,0.26937764883,0.451154321432,-0.0568663924932,0.170982301235,0.434425681829,-0.0503591932356,0.0744552314281,0.418784886599,-0.0402716733515,-0.0216224193573,0.401133984327,-0.0276545733213,-0.116337150335,0.384141892195,-0.0112802777439,-0.215084284544,0.369791597128,0.00728153716773,-0.308152914047,0.348707407713,0.0322847403586,-0.428096652031,0.404159992933,0.219024688005,-0.362962782383
1776887815.89,0.616011381149,0.147664383054,0.22226396203,0.467024117708,-0.0609475634992,0.26937764883,0.451154321432,-0.0568663924932,0.170982301235,0.434425681829,-0.0503591932356,0.0744552314281,0.418784886599,-0.0402716733515,-0.0216224193573,0.401133984327,-0.0276545733213,-0.116337150335,0.384141892195,-0.0112802777439,-0.215084284544,0.369791597128,0.00728153716773,-0.308152914047,0.348707407713,0.0322847403586,-0.428096652031,0.411142796278,0.221683338284,-0.362962782383
1776887815.91,0.614459276199,0.150485903025,0.222410023212,0.467024117708,-0.0609475634992,0.26937764883,0.451154321432,-0.0568663924932,0.170982301235,0.434425681829,-0.0503591932356,0.0744552314281,0.418784886599,-0.0402716733515,-0.0216224193573,0.401133984327,-0.0276545733213,-0.116337150335,0.384141892195,-0.0112802777439,-0.215084284544,0.369791597128,0.00728153716773,-0.308152914047,0.348707407713,0.0322847403586,-0.428096652031,0.418242484331,0.224084168673,-0.362962782383
1776887815.92,0.612407326698,0.154331818223,0.222805827856,0.467024117708,-0.0609475634992,0.26937764883,0.451154321432,-0.0568663924932,0.170982301235,0.434425681829,-0.0503591932356,0.0744552314281,0.418784886599,-0.0402716733515,-0.0216224193573,0.401133984327,-0.0276545733213,-0.116337150335,0.384141892195,-0.0112802777439,-0.215084284544,0.369791597128,0.00728153716773,-0.308152914047,0.348707407713,0.0322847403586,-0.428096652031,0.425439447165,0.226231649518,-0.362962782383
1776887815.94,0.610138773918,0.158497452736,0.223251923919,0.467024117708,-0.0609475634992,0.26937764883,0.451154321432,-0.0568663924932,0.170982301235,0.434425681829,-0.0503591932356,0.0744552314281,0.418784886599,-0.0402716733515,-0.0216224193573,0.401133984327,-0.0276545733213,-0.116337150335,0.384141892195,-0.0112802777439,-0.215084284544,0.369791597128,0.00728153716773,-0.308152914047,0.348707407713,0.0322847403586,-0.428096652031,0.432716459036,0.22813051939,-0.362962782383
1776887815.95,0.6074898839,0.163403123617,0.223817825317,0.467024117708,-0.0609475634992,0.26937764883,0.451154321432,-0.0568663924932,0.170982301235,0.434425681829,-0.0503591932356,0.0744552314281,0.418784886599,-0.0402716733515,-0.0216224193573,0.401133984327,-0.0276545733213,-0.116337150335,0.384141892195,-0.0112802777439,-0.215084284544,0.369791597128,0.00728153716773,-0.308152914047,0.348707407713,0.0322847403586,-0.428096652031,0.440058320761,0.229785636067,-0.362962782383
1776887815.97,0.604532420635,0.168976023793,0.224565073848,0.467024117708,-0.0609475634992,0.26937764883,0.451154321432,-0.0568663924932,0.170982301235,0.434425681829,-0.0503591932356,0.0744552314281,0.418784886599,-0.0402716733515,-0.0216224193573,0.401133984327,-0.0276545733213,-0.116337150335,0.384141892195,-0.0112802777439,-0.215084284544,0.369791597128,0.00728153716773,-0.308152914047,0.348707407713,0.0322847403586,-0.428096652031,0.447451919317,0.231201738119,-0.362962782383
1776887815.98,0.601542830467,0.174426287413,0.225413352251,0.467024117708,-0.0609475634992,0.26937764883,0.451154321432,-0.0568663924932,0.170982301235,0.434425681829,-0.0503591932356,0.0744552314281,0.418784886599,-0.0402716733515,-0.0216224193573,0.401133984327,-0.0276545733213,-0.116337150335,0.384141892195,-0.0112802777439,-0.215084284544,0.369791597128,0.00728153716773,-0.308152914047,0.348707407713,0.0322847403586,-0.428096652031,0.454886108637,0.23238325119,-0.362962782383
1776887816,0.597891151905,0.181076899171,0.226520165801,0.467024117708,-0.0609475634992,0.26937764883,0.451154321432,-0.0568663924932,0.170982301235,0.434425681829,-0.0503591932356,0.0744552314281,0.418784886599,-0.0402716733515,-0.0216224193573,0.401133984327,-0.0276545733213,-0.116337150335,0.384141892195,-0.0112802777439,-0.215084284544,0.369791597128,0.00728153716773,-0.308152914047,0.348707407713,0.0322847403586,-0.428096652031,0.462351232767,0.233334183693,-0.362962782383
1776887816.01,0.59428358078,0.187697038054,0.227595314384,0.467024117708,-0.0609475634992,0.26937764883,0.451154321432,-0.0568663924932,0.170982301235,0.434425681829,-0.0503591932356,0.0744552314281,0.418784886599,-0.0402716733515,-0.0216224193573,0.401133984327,-0.0276545733213,-0.116337150335,0.384141892195,-0.0112802777439,-0.215084284544,0.369791597128,0.00728153716773,-0.308152914047,0.348707407713,0.0322847403586,-0.428096652031,0.469839125872,0.234057933092,-0.362962782383
1776887816.03,0.590654850006,0.194313049316,0.228780433536,0.467024117708,-0.0609475634992,0.26937764883,0.451154321432,-0.0568663924932,0.170982301235,0.434425681829,-0.0503591932356,0.0744552314281,0.418784886599,-0.0402716733515,-0.0216224193573,0.401133984327,-0.0276545733213,-0.116337150335,0.384141892195,-0.0112802777439,-0.215084284544,0.369791597128,0.00728153716773,-0.308152914047,0.348707407713,0.0322847403586,-0.428096652031,0.477342873812,0.234557211399,-0.362962782383
1776887816.04,0.587131381035,0.200671106577,0.230111569166,0.467024117708,-0.0609475634992,0.26937764883,0.451154321432,-0.0568663924932,0.170982301235,0.434425681829,-0.0503591932356,0.0744552314281,0.418784886599,-0.0402716733515,-0.0216224193573,0.401133984327,-0.0276545733213,-0.116337150335,0.384141892195,-0.0112802777439,-0.215084284544,0.369791597128,0.00728153716773,-0.308152914047,0.348707407713,0.0322847403586,-0.428096652031,0.484856277704,0.234833955765,-0.362962782383
1776887816.06,0.583576083183,0.207121521235,0.231684207916,0.467024117708,-0.0609475634992,0.26937764883,0.451154321432,-0.0568663924932,0.170982301235,0.434425681829,-0.0503591932356,0.0744552314281,0.418784886599,-0.0402716733515,-0.0216224193573,0.401133984327,-0.0276545733213,-0.116337150335,0.384141892195,-0.0112802777439,-0.215084284544,0.369791597128,0.00728153716773,-0.308152914047,0.348707407713,0.0322847403586,-0.428096652031,0.492373675108,0.234889253974,-0.362962782383
1776887816.07,0.580505907536,0.212561532855,0.233208045363,0.467024117708,-0.0609475634992,0.26937764883,0.451154321432,-0.0568663924932,0.170982301235,0.434425681829,-0.0503591932356,0.0744552314281,0.418784886599,-0.0402716733515,-0.0216224193573,0.401133984327,-0.0276545733213,-0.116337150335,0.384141892195,-0.0112802777439,-0.215084284544,0.369791597128,0.00728153716773,-0.308152914047,0.348707407713,0.0322847403586,-0.428096652031,0.499889701605,0.234723314643,-0.362962782383
1776887816.09,0.577070772648,0.218688994646,0.235096782446,0.467024117708,-0.0609475634992,0.26937764883,0.451154321432,-0.0568663924932,0.170982301235,0.434425681829,-0.0503591932356,0.0744552314281,0.418784886599,-0.0402716733515,-0.0216224193573,0.401133984327,-0.0276545733213,-0.116337150335,0.384141892195,-0.0112802777439,-0.215084284544,0.369791597128,0.00728153716773,-0.308152914047,0.348707407713,0.0322847403586,-0.428096652031,0.507398962975,0.234335497022,-0.362962782383
1776887816.1,0.574568867683,0.22324052453,0.236748635769,0.467024117708,-0.0609475634992,0.26937764883,0.451154321432,-0.0568663924932,0.170982301235,0.434425681829,-0.0503591932356,0.0744552314281,0.418784886599,-0.0402716733515,-0.0216224193573,0.401133984327,-0.0276545733213,-0.116337150335,0.384141892195,-0.0112802777439,-0.215084284544,0.369791597128,0.00728153716773,-0.308152914047,0.348707407713,0.0322847403586,-0.428096652031,0.514895677567,0.233724266291,-0.362962782383
1776887816.12,0.572329998016,0.227373123169,0.238669008017,0.467024117708,-0.0609475634992,0.26937764883,0.451154321432,-0.0568663924932,0.170982301235,0.434425681829,-0.0503591932356,0.0744552314281,0.418784886599,-0.0402716733515,-0.0216224193573,0.401133984327,-0.0276545733213,-0.116337150335,0.384141892195,-0.0112802777439,-0.215084284544,0.369791597128,0.00728153716773,-0.308152914047,0.348707407713,0.0322847403586,-0.428096652031,0.522373080254,0.23288731277,-0.362962782383
1776887816.13,0.570739030838,0.230344086885,0.240486696362,0.467024117708,-0.0609475634992,0.26937764883,0.451154321432,-0.0568663924932,0.170982301235,0.434425681829,-0.0503591932356,0.0744552314281,0.418784886599,-0.0402716733515,-0.0216224193573,0.401133984327,-0.0276545733213,-0.116337150335,0.384141892195,-0.0112802777439,-0.215084284544,0.369791597128,0.00728153716773,-0.308152914047,0.348707407713,0.0322847403586,-0.428096652031,0.529823899269,0.231821551919,-0.362962782383
1776887816.15,0.569433808327,0.233115911484,0.242650181055,0.467024117708,-0.0609475634992,0.26937764883,0.451154321432,-0.0568663924932,0.170982301235,0.434425681829,-0.0503591932356,0.0744552314281,0.418784886599,-0.0402716733515,-0.0216224193573,0.401133984327,-0.0276545733213,-0.116337150335,0.384141892195,-0.0112802777439,-0.215084284544,0.369791597128,0.00728153716773,-0.308152914047,0.348707407713,0.0322847403586,-0.428096652031,0.537239074707,0.230523273349,-0.362962782383
1776887816.16,0.56882250309,0.234689489007,0.244640916586,0.467024117708,-0.0609475634992,0.26937764883,0.451154321432,-0.0568663924932,0.170982301235,0.434425681829,-0.0503591932356,0.0744552314281,0.418784886599,-0.0402716733515,-0.0216224193573,0.401133984327,-0.0276545733213,-0.116337150335,0.384141892195,-0.0112802777439,-0.215084284544,0.369791597128,0.00728153716773,-0.308152914047,0.348707407713,0.0322847403586,-0.428096652031,0.544608235359,0.22898824513,-0.362962782383
1776887816.18,0.568773210049,0.235126510262,0.246576666832,0.467024117708,-0.0609475634992,0.26937764883,0.451154321432,-0.0568663924932,0.170982301235,0.434425681829,-0.0503591932356,0.0744552314281,0.418784886599,-0.0402716733515,-0.0216224193573,0.401133984327,-0.0276545733213,-0.116337150335,0.384141892195,-0.0112802777439,-0.215084284544,0.369791597128,0.00728153716773,-0.308152914047,0.348707407713,0.0322847403586,-0.428096652031,0.551919460297,0.227211862803,-0.362962782383
1776887816.19,0.569221675396,0.234532594681,0.248456940055,0.467024117708,-0.0609475634992,0.26937764883,0.451154321432,-0.0568663924932,0.170982301235,0.434425681829,-0.0503591932356,0.0744552314281,0.418784886599,-0.0402716733515,-0.0216224193573,0.401133984327,-0.0276545733213,-0.116337150335,0.384141892195,-0.0112802777439,-0.215084284544,0.369791597128,0.00728153716773,-0.308152914047,0.348707407713,0.0322847403586,-0.428096652031,0.559158444405,0.22518928349,-0.362962782383
1776887816.21,0.570175230503,0.232942223549,0.250266253948,0.467024117708,-0.0609475634992,0.26937764883,0.451154321432,-0.0568663924932,0.170982301235,0.434425681829,-0.0503591932356,0.0744552314281,0.418784886599,-0.0402716733515,-0.0216224193573,0.401133984327,-0.0276545733213,-0.116337150335,0.384141892195,-0.0112802777439,-0.215084284544,0.369791597128,0.00728153716773,-0.308152914047,0.348707407713,0.0322847403586,-0.428096652031,0.566309094429,0.222915709019,-0.362962782383
1776887816.22,0.571555733681,0.230513736606,0.252034157515,0.467024117708,-0.0609475634992,0.26937764883,0.451154321432,-0.0568663924932,0.170982301235,0.434425681829,-0.0503591932356,0.0744552314281,0.418784886599,-0.0402716733515,-0.0216224193573,0.401133984327,-0.0276545733213,-0.116337150335,0.384141892195,-0.0112802777439,-0.215084284544,0.369791597128,0.00728153716773,-0.308152914047,0.348707407713,0.0322847403586,-0.428096652031,0.57335293293,0.220386505127,-0.362962782383
1776887816.24,0.573613345623,0.226899057627,0.253889501095,0.467024117708,-0.0609475634992,0.26937764883,0.451154321432,-0.0568663924932,0.170982301235,0.434425681829,-0.0503591932356,0.0744552314281,0.418784886599,-0.0402716733515,-0.0216224193573,0.401133984327,-0.0276545733213,-0.116337150335,0.384141892195,-0.0112802777439,-0.215084284544,0.369791597128,0.00728153716773,-0.308152914047,0.348707407713,0.0322847403586,-0.428096652031,0.5802693367,0.217597424984,-0.362962782383
1776887816.25,0.575503885746,0.223567783833,0.25520029664,0.467024117708,-0.0609475634992,0.26937764883,0.451154321432,-0.0568663924932,0.170982301235,0.434425681829,-0.0503591932356,0.0744552314281,0.418784886599,-0.0402716733515,-0.0216224193573,0.401133984327,-0.0276545733213,-0.116337150335,0.384141892195,-0.0112802777439,-0.215084284544,0.369791597128,0.00728153716773,-0.308152914047,0.348707407713,0.0322847403586,-0.428096652031,0.587035298347,0.214544937015,-0.362962782383
1776887816.27,0.577963769436,0.219276756048,0.256581574678,0.467024117708,-0.0609475634992,0.26937764883,0.451154321432,-0.0568663924932,0.170982301235,0.434425681829,-0.0503591932356,0.0744552314281,0.418784886599,-0.0402716733515,-0.0216224193573,0.401133984327,-0.0276545733213,-0.116337150335,0.384141892195,-0.0112802777439,-0.215084284544,0.369791597128,0.00728153716773,-0.308152914047,0.348707407713,0.0322847403586,-0.428096652031,0.593625664711,0.211226344109,-0.362962782383
1776887816.28,0.580681324005,0.214510411024,0.257827609777,0.467024117708,-0.0609475634992,0.26937764883,0.451154321432,-0.0568663924932,0.170982301235,0.434425681829,-0.0503591932356,0.0744552314281,0.418784886599,-0.0402716733515,-0.0216224193573,0.401133984327,-0.0276545733213,-0.116337150335,0.384141892195,-0.0112802777439,-0.215084284544,0.369791597128,0.00728153716773,-0.308152914047,0.348707407713,0.0322847403586,-0.428096652031,0.600013494492,0.207640111446,-0.362962782383
1776887816.3,0.583793878555,0.208955720067,0.259083718061,0.467024117708,-0.0609475634992,0.26937764883,0.451154321432,-0.0568663924932,0.170982301235,0.434425681829,-0.0503591932356,0.0744552314281,0.418784886599,-0.0402716733515,-0.0216224193573,0.401133984327,-0.0276545733213,-0.116337150335,0.384141892195,-0.0112802777439,-0.215084284544,0.369791597128,0.00728153716773,-0.308152914047,0.348707407713,0.0322847403586,-0.428096652031,0.606169939041,0.203786060214,-0.362962782383
1776887816.31,0.586651325226,0.203514397144,0.260089248419,0.467024117708,-0.0609475634992,0.26937764883,0.451154321432,-0.0568663924932,0.170982301235,0.434425681829,-0.0503591932356,0.0744552314281,0.418784886599,-0.0402716733515,-0.0216224193573,0.401133984327,-0.0276545733213,-0.116337150335,0.384141892195,-0.0112802777439,-0.215084284544,0.369791597128,0.00728153716773,-0.308152914047,0.348707407713,0.0322847403586,-0.428096652031,0.612064480782,0.199665531516,-0.362962782383
1776887816.33,0.589484930038,0.197958752513,0.260948598385,0.467024117708,-0.0609475634992,0.26937764883,0.451154321432,-0.0568663924932,0.170982301235,0.434425681829,-0.0503591932356,0.0744552314281,0.418784886599,-0.0402716733515,-0.0216224193573,0.401133984327,-0.0276545733213,-0.116337150335,0.384141892195,-0.0112802777439,-0.215084284544,0.369791597128,0.00728153716773,-0.308152914047,0.348707407713,0.0322847403586,-0.428096652031,0.61766576767,0.195281669497,-0.362962782383
1776887816.35,0.592265069485,0.192357733846,0.261637449265,0.467024117708,-0.0609475634992,0.26937764883,0.451154321432,-0.0568663924932,0.170982301235,0.434425681829,-0.0503591932356,0.0744552314281,0.418784886599,-0.0402716733515,-0.0216224193573,0.401133984327,-0.0276545733213,-0.116337150335,0.384141892195,-0.0112802777439,-0.215084284544,0.369791597128,0.00728153716773,-0.308152914047,0.348707407713,0.0322847403586,-0.428096652031,0.622941851616,0.190639510751,-0.362962782383
1776887816.36,0.594968736172,0.186771973968,0.262234002352,0.467024117708,-0.0609475634992,0.26937764883,0.451154321432,-0.0568663924932,0.170982301235,0.434425681829,-0.0503591932356,0.0744552314281,0.418784886599,-0.0402716733515,-0.0216224193573,0.401133984327,-0.0276545733213,-0.116337150335,0.384141892195,-0.0112802777439,-0.215084284544,0.369791597128,0.00728153716773,-0.308152914047,0.348707407713,0.0322847403586,-0.428096652031,0.627860307693,0.185746073723,-0.362962782383
1776887816.37,0.597577631474,0.18103197217,0.26266503334,0.467024117708,-0.0609475634992,0.26937764883,0.451154321432,-0.0568663924932,0.170982301235,0.434425681829,-0.0503591932356,0.0744552314281,0.418784886599,-0.0402716733515,-0.0216224193573,0.401133984327,-0.0276545733213,-0.116337150335,0.384141892195,-0.0112802777439,-0.215084284544,0.369791597128,0.00728153716773,-0.308152914047,0.348707407713,0.0322847403586,-0.428096652031,0.632389307022,0.180610492826,-0.362962782383
1776887816.39,0.600133001804,0.175149351358,0.262984424829,0.467024117708,-0.0609475634992,0.26937764883,0.451154321432,-0.0568663924932,0.170982301235,0.434425681829,-0.0503591932356,0.0744552314281,0.418784886599,-0.0402716733515,-0.0216224193573,0.401133984327,-0.0276545733213,-0.116337150335,0.384141892195,-0.0112802777439,-0.215084284544,0.369791597128,0.00728153716773,-0.308152914047,0.348707407713,0.0322847403586,-0.428096652031,0.636497735977,0.175243958831,-0.362962782383
1776887816.4,0.602263212204,0.170053988695,0.263114839792,0.467024117708,-0.0609475634992,0.26937764883,0.451154321432,-0.0568663924932,0.170982301235,0.434425681829,-0.0503591932356,0.0744552314281,0.418784886599,-0.0402716733515,-0.0216224193573,0.401133984327,-0.0276545733213,-0.116337150335,0.384141892195,-0.0112802777439,-0.215084284544,0.369791597128,0.00728153716773,-0.308152914047,0.348707407713,0.0322847403586,-0.428096652031,0.640156269073,0.16965970397,-0.362962782383
1776887816.42,0.604846537113,0.163654446602,0.263183832169,0.467024117708,-0.0609475634992,0.26937764883,0.451154321432,-0.0568663924932,0.170982301235,0.434425681829,-0.0503591932356,0.0744552314281,0.418784886599,-0.0402716733515,-0.0216224193573,0.401133984327,-0.0276545733213,-0.116337150335,0.384141892195,-0.0112802777439,-0.215084284544,0.369791597128,0.00728153716773,-0.308152914047,0.348707407713,0.0322847403586,-0.428096652031,0.643337368965,0.163872897625,-0.362962782383
1776887816.43,0.607314169407,0.157154381275,0.263128697872,0.467024117708,-0.0609475634992,0.26937764883,0.451154321432,-0.0568663924932,0.170982301235,0.434425681829,-0.0503591932356,0.0744552314281,0.418784886599,-0.0402716733515,-0.0216224193573,0.401133984327,-0.0276545733213,-0.116337150335,0.384141892195,-0.0112802777439,-0.215084284544,0.369791597128,0.00728153716773,-0.308152914047,0.348707407713,0.0322847403586,-0.428096652031,0.64601624012,0.157900482416,-0.362962782383
1776887816.45,0.609523534775,0.150645151734,0.262916773558,0.467024117708,-0.0609475634992,0.26937764883,0.451154321432,-0.0568663924932,0.170982301235,0.434425681829,-0.0503591932356,0.0744552314281,0.418784886599,-0.0402716733515,-0.0216224193573,0.401133984327,-0.0276545733213,-0.116337150335,0.384141892195,-0.0112802777439,-0.215084284544,0.369791597128,0.00728153716773,-0.308152914047,0.348707407713,0.0322847403586,-0.428096652031,0.648170828819,0.151760920882,-0.362962782383
1776887816.46,0.611613512039,0.143979400396,0.262616693974,0.467024117708,-0.0609475634992,0.26937764883,0.451154321432,-0.0568663924932,0.170982301235,0.434425681829,-0.0503591932356,0.0744552314281,0.418784886599,-0.0402716733515,-0.0216224193573,0.401133984327,-0.0276545733213,-0.116337150335,0.384141892195,-0.0112802777439,-0.215084284544,0.369791597128,0.00728153716773,-0.308152914047,0.348707407713,0.0322847403586,-0.428096652031,0.649783015251,0.145473971963,-0.362962782383
1776887816.48,0.613547623158,0.137325644493,0.262211501598,0.467024117708,-0.0609475634992,0.26937764883,0.451154321432,-0.0568663924932,0.170982301235,0.434425681829,-0.0503591932356,0.0744552314281,0.418784886599,-0.0402716733515,-0.0216224193573,0.401133984327,-0.0276545733213,-0.116337150335,0.384141892195,-0.0112802777439,-0.215084284544,0.369791597128,0.00728153716773,-0.308152914047,0.348707407713,0.0322847403586,-0.428096652031,0.650838136673,0.139060407877,-0.362962782383
1776887816.49,0.61532664299,0.130742177367,0.261747717857,0.467024117708,-0.0609475634992,0.26937764883,0.451154321432,-0.0568663924932,0.170982301235,0.434425681829,-0.0503591932356,0.0744552314281,0.418784886599,-0.0402716733515,-0.0216224193573,0.401133984327,-0.0276545733213,-0.116337150335,0.384141892195,-0.0112802777439,-0.215084284544,0.369791597128,0.00728153716773,-0.308152914047,0.348707407713,0.0322847403586,-0.428096652031,0.651325702667,0.132541626692,-0.362962782383
1776887816.51,0.616998314857,0.12385442853,0.261190146208,0.467024117708,-0.0609475634992,0.26937764883,0.451154321432,-0.0568663924932,0.170982301235,0.434425681829,-0.0503591932356,0.0744552314281,0.418784886599,-0.0402716733515,-0.0216224193573,0.401133984327,-0.0276545733213,-0.116337150335,0.384141892195,-0.0112802777439,-0.215084284544,0.369791597128,0.00728153716773,-0.308152914047,0.348707407713,0.0322847403586,-0.428096652031,0.651239514351,0.125939309597,-0.362962782383
1776887816.53,0.618699014187,0.115897618234,0.260487407446,0.467024117708,-0.0609475634992,0.26937764883,0.451154321432,-0.0568663924932,0.170982301235,0.434425681829,-0.0503591932356,0.0744552314281,0.418784886599,-0.0402716733515,-0.0216224193573,0.401133984327,-0.0276545733213,-0.116337150335,0.384141892195,-0.0112802777439,-0.215084284544,0.369791597128,0.00728153716773,-0.308152914047,0.348707407713,0.0322847403586,-0.428096652031,0.650577425957,0.119275137782,-0.362962782383
1776887816.54,0.619823813438,0.109914772213,0.259901553392,0.467024117708,-0.0609475634992,0.26937764883,0.451154321432,-0.0568663924932,0.170982301235,0.434425681829,-0.0503591932356,0.0744552314281,0.418784886599,-0.0402716733515,-0.0216224193573,0.401133984327,-0.0276545733213,-0.116337150335,0.384141892195,-0.0112802777439,-0.215084284544,0.369791597128,0.00728153716773,-0.308152914047,0.348707407713,0.0322847403586,-0.428096652031,0.649341702461,0.112570345402,-0.362962782383
1776887816.55,0.620970189571,0.102889224887,0.25920689106,0.467024117708,-0.0609475634992,0.26937764883,0.451154321432,-0.0568663924932,0.170982301235,0.434425681829,-0.0503591932356,0.0744552314281,0.418784886599,-0.0402716733515,-0.0216224193573,0.401133984327,-0.0276545733213,-0.116337150335,0.384141892195,-0.0112802777439,-0.215084284544,0.369791597128,0.00728153716773,-0.308152914047,0.348707407713,0.0322847403586,-0.428096652031,0.647538542747,0.105845458806,-0.362962782383
1776887816.57,0.622038304806,0.0954371318221,0.258502304554,0.467024117708,-0.0609475634992,0.26937764883,0.451154321432,-0.0568663924932,0.170982301235,0.434425681829,-0.0503591932356,0.0744552314281,0.418784886599,-0.0402716733515,-0.0216224193573,0.401133984327,-0.0276545733213,-0.116337150335,0.384141892195,-0.0112802777439,-0.215084284544,0.369791597128,0.00728153716773,-0.308152914047,0.348707407713,0.0322847403586,-0.428096652031,0.645177841187,0.0991199836135,-0.362962782383
1776887816.58,0.623035252094,0.0877061039209,0.257863134146,0.467024117708,-0.0609475634992,0.26937764883,0.451154321432,-0.0568663924932,0.170982301235,0.434425681829,-0.0503591932356,0.0744552314281,0.418784886599,-0.0402716733515,-0.0216224193573,0.401133984327,-0.0276545733213,-0.116337150335,0.384141892195,-0.0112802777439,-0.215084284544,0.369791597128,0.00728153716773,-0.308152914047,0.348707407713,0.0322847403586,-0.428096652031,0.642273426056,0.0924120992422,-0.362962782383
1776887816.6,0.623938024044,0.0798681601882,0.257299721241,0.467024117708,-0.0609475634992,0.26937764883,0.451154321432,-0.0568663924932,0.170982301235,0.434425681829,-0.0503591932356,0.0744552314281,0.418784886599,-0.0402716733515,-0.0216224193573,0.401133984327,-0.0276545733213,-0.116337150335,0.384141892195,-0.0112802777439,-0.215084284544,0.369791597128,0.00728153716773,-0.308152914047,0.348707407713,0.0322847403586,-0.428096652031,0.638841748238,0.0857384651899,-0.362962782383
1776887816.61,0.624699473381,0.0722945407033,0.25684607029,0.467024117708,-0.0609475634992,0.26937764883,0.451154321432,-0.0568663924932,0.170982301235,0.434425681829,-0.0503591932356,0.0744552314281,0.418784886599,-0.0402716733515,-0.0216224193573,0.401133984327,-0.0276545733213,-0.116337150335,0.384141892195,-0.0112802777439,-0.215084284544,0.369791597128,0.00728153716773,-0.308152914047,0.348707407713,0.0322847403586,-0.428096652031,0.634902358055,0.0791140347719,-0.362962782383
1776887816.63,0.625421404839,0.063839904964,0.256399273872,0.467024117708,-0.0609475634992,0.26937764883,0.451154321432,-0.0568663924932,0.170982301235,0.434425681829,-0.0503591932356,0.0744552314281,0.418784886599,-0.0402716733515,-0.0216224193573,0.401133984327,-0.0276545733213,-0.116337150335,0.384141892195,-0.0112802777439,-0.215084284544,0.369791597128,0.00728153716773,-0.308152914047,0.348707407713,0.0322847403586,-0.428096652031,0.630477309227,0.0725519061089,-0.362962782383
1776887816.64,0.625931739807,0.0562300533056,0.256034135818,0.467024117708,-0.0609475634992,0.26937764883,0.451154321432,-0.0568663924932,0.170982301235,0.434425681829,-0.0503591932356,0.0744552314281,0.418784886599,-0.0402716733515,-0.0216224193573,0.401133984327,-0.0276545733213,-0.116337150335,0.384141892195,-0.0112802777439,-0.215084284544,0.369791597128,0.00728153716773,-0.308152914047,0.348707407713,0.0322847403586,-0.428096652031,0.625590324402,0.0660632178187,-0.362962782383
1776887816.66,0.626357734203,0.0469242483377,0.255628794432,0.467024117708,-0.0609475634992,0.26937764883,0.451154321432,-0.0568663924932,0.170982301235,0.434425681829,-0.0503591932356,0.0744552314281,0.418784886599,-0.0402716733515,-0.0216224193573,0.401133984327,-0.0276545733213,-0.116337150335,0.384141892195,-0.0112802777439,-0.215084284544,0.369791597128,0.00728153716773,-0.308152914047,0.348707407713,0.0322847403586,-0.428096652031,0.620266675949,0.0596571415663,-0.362962782383
1776887816.67,0.626523733139,0.0387245938182,0.255268216133,0.467024117708,-0.0609475634992,0.26937764883,0.451154321432,-0.0568663924932,0.170982301235,0.434425681829,-0.0503591932356,0.0744552314281,0.418784886599,-0.0402716733515,-0.0216224193573,0.401133984327,-0.0276545733213,-0.116337150335,0.384141892195,-0.0112802777439,-0.215084284544,0.369791597128,0.00728153716773,-0.308152914047,0.348707407713,0.0322847403586,-0.428096652031,0.61453294754,0.0533408224583,-0.362962782383
1776887816.69,0.626420617104,0.0309598483145,0.254839330912,0.467024117708,-0.0609475634992,0.26937764883,0.451154321432,-0.0568663924932,0.170982301235,0.434425681829,-0.0503591932356,0.0744552314281,0.418784886599,-0.0402716733515,-0.0216224193573,0.401133984327,-0.0276545733213,-0.116337150335,0.384141892195,-0.0112802777439,-0.215084284544,0.369791597128,0.00728153716773,-0.308152914047,0.348707407713,0.0322847403586,-0.428096652031,0.608416080475,0.0471194572747,-0.362962782383
1776887816.7,0.626059412956,0.0234787706286,0.254357427359,0.467024117708,-0.0609475634992,0.26937764883,0.451154321432,-0.0568663924932,0.170982301235,0.434425681829,-0.0503591932356,0.0744552314281,0.418784886599,-0.0402716733515,-0.0216224193573,0.401133984327,-0.0276545733213,-0.116337150335,0.384141892195,-0.0112802777439,-0.215084284544,0.369791597128,0.00728153716773,-0.308152914047,0.348707407713,0.0322847403586,-0.428096652031,0.601943850517,0.0409963056445,-0.362962782383
1776887816.72,0.625362336636,0.0161446649581,0.253735363483,0.467024117708,-0.0609475634992,0.26937764883,0.451154321432,-0.0568663924932,0.170982301235,0.434425681829,-0.0503591932356,0.0744552314281,0.418784886599,-0.0402716733515,-0.0216224193573,0.401133984327,-0.0276545733213,-0.116337150335,0.384141892195,-0.0112802777439,-0.215084284544,0.369791597128,0.00728153716773,-0.308152914047,0.348707407713,0.0322847403586,-0.428096652031,0.595143795013,0.0349728092551,-0.362962782383
1776887816.73,0.62436658144,0.00938643421978,0.253051757812,0.467024117708,-0.0609475634992,0.26937764883,0.451154321432,-0.0568663924932,0.170982301235,0.434425681829,-0.0503591932356,0.0744552314281,0.418784886599,-0.0402716733515,-0.0216224193573,0.401133984327,-0.0276545733213,-0.116337150335,0.384141892195,-0.0112802777439,-0.215084284544,0.369791597128,0.00728153716773,-0.308152914047,0.348707407713,0.0322847403586,-0.428096652031,0.588043570518,0.0290486775339,-0.362962782383
1776887816.75,0.623080849648,0.00314479134977,0.252328723669,0.467024117708,-0.0609475634992,0.26937764883,0.451154321432,-0.0568663924932,0.170982301235,0.434425681829,-0.0503591932356,0.0744552314281,0.418784886599,-0.0402716733515,-0.0216224193573,0.401133984327,-0.0276545733213,-0.116337150335,0.384141892195,-0.0112802777439,-0.215084284544,0.369791597128,0.00728153716773,-0.308152914047,0.348707407713,0.0322847403586,-0.428096652031,0.580670237541,0.0232220180333,-0.362962782383
1776887816.77,0.621186554432,-0.00383976800367,0.251304030418,0.467024117708,-0.0609475634992,0.26937764883,0.451154321432,-0.0568663924932,0.170982301235,0.434425681829,-0.0503591932356,0.0744552314281,0.418784886599,-0.0402716733515,-0.0216224193573,0.401133984327,-0.0276545733213,-0.116337150335,0.384141892195,-0.0112802777439,-0.215084284544,0.369791597128,0.00728153716773,-0.308152914047,0.348707407713,0.0322847403586,-0.428096652031,0.573050498962,0.0174894537777,-0.362962782383
1776887816.78,0.619503259659,-0.00883993133903,0.250443935394,0.467024117708,-0.0609475634992,0.26937764883,0.451154321432,-0.0568663924932,0.170982301235,0.434425681829,-0.0503591932356,0.0744552314281,0.418784886599,-0.0402716733515,-0.0216224193573,0.401133984327,-0.0276545733213,-0.116337150335,0.384141892195,-0.0112802777439,-0.215084284544,0.369791597128,0.00728153716773,-0.308152914047,0.348707407713,0.0322847403586,-0.428096652031,0.565210342407,0.0118462648243,-0.362962782383
1776887816.79,0.617301046848,-0.0145159903914,0.249407842755,0.467024117708,-0.0609475634992,0.26937764883,0.451154321432,-0.0568663924932,0.170982301235,0.434425681829,-0.0503591932356,0.0744552314281,0.418784886599,-0.0402716733515,-0.0216224193573,0.401133984327,-0.0276545733213,-0.116337150335,0.384141892195,-0.0112802777439,-0.215084284544,0.369791597128,0.00728153716773,-0.308152914047,0.348707407713,0.0322847403586,-0.428096652031,0.557174921036,0.00628653168678,-0.362962782383
1776887816.81,0.614910840988,-0.0202471278608,0.248399361968,0.467024117708,-0.0609475634992,0.26937764883,0.451154321432,-0.0568663924932,0.170982301235,0.434425681829,-0.0503591932356,0.0744552314281,0.418784886599,-0.0402716733515,-0.0216224193573,0.401133984327,-0.0276545733213,-0.116337150335,0.384141892195,-0.0112802777439,-0.215084284544,0.369791597128,0.00728153716773,-0.308152914047,0.348707407713,0.0322847403586,-0.428096652031,0.548968911171,0.000803264789283,-0.362962782383
1776887816.82,0.61222243309,-0.0265327505767,0.24731734395,0.467024117708,-0.0609475634992,0.26937764883,0.451154321432,-0.0568663924932,0.170982301235,0.434425681829,-0.0503591932356,0.0744552314281,0.418784886599,-0.0402716733515,-0.0216224193573,0.401133984327,-0.0276545733213,-0.116337150335,0.384141892195,-0.0112802777439,-0.215084284544,0.369791597128,0.00728153716773,-0.308152914047,0.348707407713,0.0322847403586,-0.428096652031,0.540616154671,-0.00461145304143,-0.362962782383
1776887816.84,0.609719336033,-0.0322013087571,0.246440827847,0.467024117708,-0.0609475634992,0.26937764883,0.451154321432,-0.0568663924932,0.170982301235,0.434425681829,-0.0503591932356,0.0744552314281,0.418784886599,-0.0402716733515,-0.0216224193573,0.401133984327,-0.0276545733213,-0.116337150335,0.384141892195,-0.0112802777439,-0.215084284544,0.369791597128,0.00728153716773,-0.308152914047,0.348707407713,0.0322847403586,-0.428096652031,0.532139539719,-0.0099663361907,-0.362962782383
1776887816.85,0.60625487566,-0.0403062999249,0.245504245162,0.467024117708,-0.0609475634992,0.26937764883,0.451154321432,-0.0568663924932,0.170982301235,0.434425681829,-0.0503591932356,0.0744552314281,0.418784886599,-0.0402716733515,-0.0216224193573,0.401133984327,-0.0276545733213,-0.116337150335,0.384141892195,-0.0112802777439,-0.215084284544,0.369791597128,0.00728153716773,-0.308152914047,0.348707407713,0.0322847403586,-0.428096652031,0.52356159687,-0.0152707658708,-0.362962782383
1776887816.87,0.602394044399,-0.0493927039206,0.244558930397,0.467024117708,-0.0609475634992,0.26937764883,0.451154321432,-0.0568663924932,0.170982301235,0.434425681829,-0.0503591932356,0.0744552314281,0.418784886599,-0.0402716733515,-0.0216224193573,0.401133984327,-0.0276545733213,-0.116337150335,0.384141892195,-0.0112802777439,-0.215084284544,0.369791597128,0.00728153716773,-0.308152914047,0.348707407713,0.0322847403586,-0.428096652031,0.514904260635,-0.0205346681178,-0.362962782383
1776887816.88,0.599222660065,-0.0574680007994,0.243924856186,0.467024117708,-0.0609475634992,0.26937764883,0.451154321432,-0.0568663924932,0.170982301235,0.434425681829,-0.0503591932356,0.0744552314281,0.418784886599,-0.0402716733515,-0.0216224193573,0.401133984327,-0.0276545733213,-0.116337150335,0.384141892195,-0.0112802777439,-0.215084284544,0.369791597128,0.00728153716773,-0.308152914047,0.348707407713,0.0322847403586,-0.428096652031,0.506188750267,-0.0257683955133,-0.362962782383
1776887816.9,0.595333635807,-0.0673216879368,0.243224918842,0.467024117708,-0.0609475634992,0.26937764883,0.451154321432,-0.0568663924932,0.170982301235,0.434425681829,-0.0503591932356,0.0744552314281,0.418784886599,-0.0402716733515,-0.0216224193573,0.401133984327,-0.0276545733213,-0.116337150335,0.384141892195,-0.0112802777439,-0.215084284544,0.369791597128,0.00728153716773,-0.308152914047,0.348707407713,0.0322847403586,-0.428096652031,0.497436016798,-0.0309826042503,-0.362962782383
1776887816.91,0.591167747974,-0.0783402845263,0.24269284308,0.467024117708,-0.0609475634992,0.26937764883,0.451154321432,-0.0568663924932,0.170982301235,0.434425681829,-0.0503591932356,0.0744552314281,0.418784886599,-0.0402716733515,-0.0216224193573,0.401133984327,-0.0276545733213,-0.116337150335,0.384141892195,-0.0112802777439,-0.215084284544,0.369791597128,0.00728153716773,-0.308152914047,0.348707407713,0.0322847403586,-0.428096652031,0.488667041063,-0.0361881516874,-0.362962782383
1776887816.93,0.58680087328,-0.0905307605863,0.242471009493,0.467024117708,-0.0609475634992,0.26937764883,0.451154321432,-0.0568663924932,0.170982301235,0.434425681829,-0.0503591932356,0.0744552314281,0.418784886599,-0.0402716733515,-0.0216224193573,0.401133984327,-0.0276545733213,-0.116337150335,0.384141892195,-0.0112802777439,-0.215084284544,0.369791597128,0.00728153716773,-0.308152914047,0.348707407713,0.0322847403586,-0.428096652031,0.479902297258,-0.0413959808648,-0.362962782383
1776887816.94,0.582061111927,-0.103462234139,0.242375478148,0.467024117708,-0.0609475634992,0.26937764883,0.451154321432,-0.0568663924932,0.170982301235,0.434425681829,-0.0503591932356,0.0744552314281,0.418784886599,-0.0402716733515,-0.0216224193573,0.401133984327,-0.0276545733213,-0.116337150335,0.384141892195,-0.0112802777439,-0.215084284544,0.369791597128,0.00728153716773,-0.308152914047,0.348707407713,0.0322847403586,-0.428096652031,0.471162587404,-0.046617012471,-0.362962782383
1776887816.96,0.576983273029,-0.117410972714,0.242478489876,0.467024117708,-0.0609475634992,0.26937764883,0.451154321432,-0.0568663924932,0.170982301235,0.434425681829,-0.0503591932356,0.0744552314281,0.418784886599,-0.0402716733515,-0.0216224193573,0.401133984327,-0.0276545733213,-0.116337150335,0.384141892195,-0.0112802777439,-0.215084284544,0.369791597128,0.00728153716773,-0.308152914047,0.348707407713,0.0322847403586,-0.428096652031,0.462468653917,-0.0518620312214,-0.362962782383
1776887816.97,0.571642518044,-0.131976053119,0.242699414492,0.467024117708,-0.0609475634992,0.26937764883,0.451154321432,-0.0568663924932,0.170982301235,0.434425681829,-0.0503591932356,0.0744552314281,0.418784886599,-0.0402716733515,-0.0216224193573,0.401133984327,-0.0276545733213,-0.116337150335,0.384141892195,-0.0112802777439,-0.215084284544,0.369791597128,0.00728153716773,-0.308152914047,0.348707407713,0.0322847403586,-0.428096652031,0.453841775656,-0.0571415834129,-0.362962782383
1776887816.99,0.566169440746,-0.147069066763,0.243230119348,0.467024117708,-0.0609475634992,0.26937764883,0.451154321432,-0.0568663924932,0.170982301235,0.434425681829,-0.0503591932356,0.0744552314281,0.418784886599,-0.0402716733515,-0.0216224193573,0.401133984327,-0.0276545733213,-0.116337150335,0.384141892195,-0.0112802777439,-0.215084284544,0.369791597128,0.00728153716773,-0.308152914047,0.348707407713,0.0322847403586,-0.428096652031,0.445303410292,-0.0624658577144,-0.362962782383
1776887817,0.560590863228,-0.162555590272,0.244125440717,0.467024117708,-0.0609475634992,0.26937764883,0.451154321432,-0.0568663924932,0.170982301235,0.434425681829,-0.0503591932356,0.0744552314281,0.418784886599,-0.0402716733515,-0.0216224193573,0.401133984327,-0.0276545733213,-0.116337150335,0.384141892195,-0.0112802777439,-0.215084284544,0.369791597128,0.00728153716773,-0.308152914047,0.348707407713,0.0322847403586,-0.428096652031,0.436875611544,-0.0678445696831,-0.362962782383
1776887817.02,0.554964780807,-0.177852153778,0.245263025165,0.467024117708,-0.0609475634992,0.26937764883,0.451154321432,-0.0568663924932,0.170982301235,0.434425681829,-0.0503591932356,0.0744552314281,0.418784886599,-0.0402716733515,-0.0216224193573,0.401133984327,-0.0276545733213,-0.116337150335,0.384141892195,-0.0112802777439,-0.215084284544,0.369791597128,0.00728153716773,-0.308152914047,0.348707407713,0.0322847403586,-0.428096652031,0.428581148386,-0.0732868313789,-0.362962782383
1776887817.03,0.549980282784,-0.191424205899,0.246481359005,0.467024117708,-0.0609475634992,0.26937764883,0.451154321432,-0.0568663924932,0.170982301235,0.434425681829,-0.0503591932356,0.0744552314281,0.418784886599,-0.0402716733515,-0.0216224193573,0.401133984327,-0.0276545733213,-0.116337150335,0.384141892195,-0.0112802777439,-0.215084284544,0.369791597128,0.00728153716773,-0.308152914047,0.348707407713,0.0322847403586,-0.428096652031,0.420443326235,-0.0788010507822,-0.362962782383
1776887817.05,0.543447494507,-0.209566712379,0.24848908186,0.467024117708,-0.0609475634992,0.26937764883,0.451154321432,-0.0568663924932,0.170982301235,0.434425681829,-0.0503591932356,0.0744552314281,0.418784886599,-0.0402716733515,-0.0216224193573,0.401133984327,-0.0276545733213,-0.116337150335,0.384141892195,-0.0112802777439,-0.215084284544,0.369791597128,0.00728153716773,-0.308152914047,0.348707407713,0.0322847403586,-0.428096652031,0.412486225367,-0.0843947604299,-0.362962782383
1776887817.06,0.540633618832,-0.21747122705,0.249462395906,0.467024117708,-0.0609475634992,0.26937764883,0.451154321432,-0.0568663924932,0.170982301235,0.434425681829,-0.0503591932356,0.0744552314281,0.418784886599,-0.0402716733515,-0.0216224193573,0.401133984327,-0.0276545733213,-0.116337150335,0.384141892195,-0.0112802777439,-0.215084284544,0.369791597128,0.00728153716773,-0.308152914047,0.348707407713,0.0322847403586,-0.428096652031,0.404734760523,-0.0900745391846,-0.362962782383
1776887817.08,0.53362673521,-0.237484663725,0.252408772707,0.467024117708,-0.0609475634992,0.26937764883,0.451154321432,-0.0568663924932,0.170982301235,0.434425681829,-0.0503591932356,0.0744552314281,0.418784886599,-0.0402716733515,-0.0216224193573,0.401133984327,-0.0276545733213,-0.116337150335,0.384141892195,-0.0112802777439,-0.215084284544,0.369791597128,0.00728153716773,-0.308152914047,0.348707407713,0.0322847403586,-0.428096652031,0.397214442492,-0.095845811069,-0.362962782383
1776887817.09,0.529099583626,-0.25084477663,0.254684537649,0.467024117708,-0.0609475634992,0.26937764883,0.451154321432,-0.0568663924932,0.170982301235,0.434425681829,-0.0503591932356,0.0744552314281,0.418784886599,-0.0402716733515,-0.0216224193573,0.401133984327,-0.0276545733213,-0.116337150335,0.384141892195,-0.0112802777439,-0.215084284544,0.369791597128,0.00728153716773,-0.308152914047,0.348707407713,0.0322847403586,-0.428096652031,0.38995167613,-0.101712755859,-0.362962782383
1776887817.11,0.525101304054,-0.263264149427,0.257075816393,0.467024117708,-0.0609475634992,0.26937764883,0.451154321432,-0.0568663924932,0.170982301235,0.434425681829,-0.0503591932356,0.0744552314281,0.418784886599,-0.0402716733515,-0.0216224193573,0.401133984327,-0.0276545733213,-0.116337150335,0.384141892195,-0.0112802777439,-0.215084284544,0.369791597128,0.00728153716773,-0.308152914047,0.348707407713,0.0322847403586,-0.428096652031,0.382973223925,-0.10767814517,-0.362962782383
1776887817.12,0.521540462971,-0.274963468313,0.259637057781,0.467024117708,-0.0609475634992,0.26937764883,0.451154321432,-0.0568663924932,0.170982301235,0.434425681829,-0.0503591932356,0.0744552314281,0.418784886599,-0.0402716733515,-0.0216224193573,0.401133984327,-0.0276545733213,-0.116337150335,0.384141892195,-0.0112802777439,-0.215084284544,0.369791597128,0.00728153716773,-0.308152914047,0.348707407713,0.0322847403586,-0.428096652031,0.376306384802,-0.11374322325,-0.362962782383
1776887817.14,0.518720030785,-0.285549044609,0.2623501122,0.467024117708,-0.0609475634992,0.26937764883,0.451154321432,-0.0568663924932,0.170982301235,0.434425681829,-0.0503591932356,0.0744552314281,0.418784886599,-0.0402716733515,-0.0216224193573,0.401133984327,-0.0276545733213,-0.116337150335,0.384141892195,-0.0112802777439,-0.215084284544,0.369791597128,0.00728153716773,-0.308152914047,0.348707407713,0.0322847403586,-0.428096652031,0.369978874922,-0.119907580316,-0.362962782383
1776887817.15,0.516780376434,-0.294020652771,0.264761120081,0.467024117708,-0.0609475634992,0.26937764883,0.451154321432,-0.0568663924932,0.170982301235,0.434425681829,-0.0503591932356,0.0744552314281,0.418784886599,-0.0402716733515,-0.0216224193573,0.401133984327,-0.0276545733213,-0.116337150335,0.384141892195,-0.0112802777439,-0.215084284544,0.369791597128,0.00728153716773,-0.308152914047,0.348707407713,0.0322847403586,-0.428096652031,0.36401835084,-0.126169010997,-0.362962782383
1776887817.17,0.515006482601,-0.304031074047,0.267911493778,0.467024117708,-0.0609475634992,0.26937764883,0.451154321432,-0.0568663924932,0.170982301235,0.434425681829,-0.0503591932356,0.0744552314281,0.418784886599,-0.0402716733515,-0.0216224193573,0.401133984327,-0.0276545733213,-0.116337150335,0.384141892195,-0.0112802777439,-0.215084284544,0.369791597128,0.00728153716773,-0.308152914047,0.348707407713,0.0322847403586,-0.428096652031,0.358452171087,-0.132523477077,-0.362962782383
1776887817.18,0.514388442039,-0.311299234629,0.270522624254,0.467024117708,-0.0609475634992,0.26937764883,0.451154321432,-0.0568663924932,0.170982301235,0.434425681829,-0.0503591932356,0.0744552314281,0.418784886599,-0.0402716733515,-0.0216224193573,0.401133984327,-0.0276545733213,-0.116337150335,0.384141892195,-0.0112802777439,-0.215084284544,0.369791597128,0.00728153716773,-0.308152914047,0.348707407713,0.0322847403586,-0.428096652031,0.353307276964,-0.138964951038,-0.362962782383
1776887817.2,0.514291286469,-0.318838387728,0.273415267467,0.467024117708,-0.0609475634992,0.26937764883,0.451154321432,-0.0568663924932,0.170982301235,0.434425681829,-0.0503591932356,0.0744552314281,0.418784886599,-0.0402716733515,-0.0216224193573,0.401133984327,-0.0276545733213,-0.116337150335,0.384141892195,-0.0112802777439,-0.215084284544,0.369791597128,0.00728153716773,-0.308152914047,0.348707407713,0.0322847403586,-0.428096652031,0.348609775305,-0.145485475659,-0.362962782383
1776887817.21,0.515059709549,-0.325020939112,0.276072621346,0.467024117708,-0.0609475634992,0.26937764883,0.451154321432,-0.0568663924932,0.170982301235,0.434425681829,-0.0503591932356,0.0744552314281,0.418784886599,-0.0402716733515,-0.0216224193573,0.401133984327,-0.0276545733213,-0.116337150335,0.384141892195,-0.0112802777439,-0.215084284544,0.369791597128,0.00728153716773,-0.308152914047,0.348707407713,0.0322847403586,-0.428096652031,0.344384342432,-0.15207503736,-0.362962782383
1776887817.23,0.516408145428,-0.330382049084,0.278482794762,0.467024117708,-0.0609475634992,0.26937764883,0.451154321432,-0.0568663924932,0.170982301235,0.434425681829,-0.0503591932356,0.0744552314281,0.418784886599,-0.0402716733515,-0.0216224193573,0.401133984327,-0.0276545733213,-0.116337150335,0.384141892195,-0.0112802777439,-0.215084284544,0.369791597128,0.00728153716773,-0.308152914047,0.348707407713,0.0322847403586,-0.428096652031,0.340653985739,-0.158721655607,-0.362962782383
1776887817.24,0.518567323685,-0.334741473198,0.28082716465,0.467024117708,-0.0609475634992,0.26937764883,0.451154321432,-0.0568663924932,0.170982301235,0.434425681829,-0.0503591932356,0.0744552314281,0.418784886599,-0.0402716733515,-0.0216224193573,0.401133984327,-0.0276545733213,-0.116337150335,0.384141892195,-0.0112802777439,-0.215084284544,0.369791597128,0.00728153716773,-0.308152914047,0.348707407713,0.0322847403586,-0.428096652031,0.337439745665,-0.165411487222,-0.362962782383
1776887817.26,0.521050095558,-0.338352024555,0.282581567764,0.467024117708,-0.0609475634992,0.26937764883,0.451154321432,-0.0568663924932,0.170982301235,0.434425681829,-0.0503591932356,0.0744552314281,0.418784886599,-0.0402716733515,-0.0216224193573,0.401133984327,-0.0276545733213,-0.116337150335,0.384141892195,-0.0112802777439,-0.215084284544,0.369791597128,0.00728153716773,-0.308152914047,0.348707407713,0.0322847403586,-0.428096652031,0.33475998044,-0.172128811479,-0.362962782383
1776887817.27,0.524402499199,-0.340557873249,0.283968061209,0.467024117708,-0.0609475634992,0.26937764883,0.451154321432,-0.0568663924932,0.170982301235,0.434425681829,-0.0503591932356,0.0744552314281,0.418784886599,-0.0402716733515,-0.0216224193573,0.401133984327,-0.0276545733213,-0.116337150335,0.384141892195,-0.0112802777439,-0.215084284544,0.369791597128,0.00728153716773,-0.308152914047,0.348707407713,0.0322847403586,-0.428096652031,0.332630187273,-0.178856343031,-0.362962782383
1776887817.29,0.528216838837,-0.341631650925,0.284885406494,0.467024117708,-0.0609475634992,0.26937764883,0.451154321432,-0.0568663924932,0.170982301235,0.434425681829,-0.0503591932356,0.0744552314281,0.418784886599,-0.0402716733515,-0.0216224193573,0.401133984327,-0.0276545733213,-0.116337150335,0.384141892195,-0.0112802777439,-0.215084284544,0.369791597128,0.00728153716773,-0.308152914047,0.348707407713,0.0322847403586,-0.428096652031,0.331062406301,-0.185575276613,-0.362962782383
1776887817.3,0.532304883003,-0.341538846493,0.285375207663,0.467024117708,-0.0609475634992,0.26937764883,0.451154321432,-0.0568663924932,0.170982301235,0.434425681829,-0.0503591932356,0.0744552314281,0.418784886599,-0.0402716733515,-0.0216224193573,0.401133984327,-0.0276545733213,-0.116337150335,0.384141892195,-0.0112802777439,-0.215084284544,0.369791597128,0.00728153716773,-0.308152914047,0.348707407713,0.0322847403586,-0.428096652031,0.33006516099,-0.192265689373,-0.362962782383
1776887817.32,0.537002682686,-0.340281903744,0.285232961178,0.467024117708,-0.0609475634992,0.26937764883,0.451154321432,-0.0568663924932,0.170982301235,0.434425681829,-0.0503591932356,0.0744552314281,0.418784886599,-0.0402716733515,-0.0216224193573,0.401133984327,-0.0276545733213,-0.116337150335,0.384141892195,-0.0112802777439,-0.215084284544,0.369791597128,0.00728153716773,-0.308152914047,0.348707407713,0.0322847403586,-0.428096652031,0.329643040895,-0.198906704783,-0.362962782383
1776887817.33,0.54201310873,-0.338028311729,0.284747332335,0.467024117708,-0.0609475634992,0.26937764883,0.451154321432,-0.0568663924932,0.170982301235,0.434425681829,-0.0503591932356,0.0744552314281,0.418784886599,-0.0402716733515,-0.0216224193573,0.401133984327,-0.0276545733213,-0.116337150335,0.384141892195,-0.0112802777439,-0.215084284544,0.369791597128,0.00728153716773,-0.308152914047,0.348707407713,0.0322847403586,-0.428096652031,0.329796433449,-0.205476865172,-0.362962782383
1776887817.35,0.547213494778,-0.334884852171,0.283895134926,0.467024117708,-0.0609475634992,0.26937764883,0.451154321432,-0.0568663924932,0.170982301235,0.434425681829,-0.0503591932356,0.0744552314281,0.418784886599,-0.0402716733515,-0.0216224193573,0.401133984327,-0.0276545733213,-0.116337150335,0.384141892195,-0.0112802777439,-0.215084284544,0.369791597128,0.00728153716773,-0.308152914047,0.348707407713,0.0322847403586,-0.428096652031,0.33052149415,-0.211954429746,-0.362962782383
1776887817.36,0.552105724812,-0.331350952387,0.282629817724,0.467024117708,-0.0609475634992,0.26937764883,0.451154321432,-0.0568663924932,0.170982301235,0.434425681829,-0.0503591932356,0.0744552314281,0.418784886599,-0.0402716733515,-0.0216224193573,0.401133984327,-0.0276545733213,-0.116337150335,0.384141892195,-0.0112802777439,-0.215084284544,0.369791597128,0.00728153716773,-0.308152914047,0.348707407713,0.0322847403586,-0.428096652031,0.331810265779,-0.218317806721,-0.362962782383
1776887817.38,0.557715058327,-0.326533079147,0.280734479427,0.467024117708,-0.0609475634992,0.26937764883,0.451154321432,-0.0568663924932,0.170982301235,0.434425681829,-0.0503591932356,0.0744552314281,0.418784886599,-0.0402716733515,-0.0216224193573,0.401133984327,-0.0276545733213,-0.116337150335,0.384141892195,-0.0112802777439,-0.215084284544,0.369791597128,0.00728153716773,-0.308152914047,0.348707407713,0.0322847403586,-0.428096652031,0.333650439978,-0.224545806646,-0.362962782383
1776887817.39,0.562869489193,-0.321654200554,0.278832554817,0.467024117708,-0.0609475634992,0.26937764883,0.451154321432,-0.0568663924932,0.170982301235,0.434425681829,-0.0503591932356,0.0744552314281,0.418784886599,-0.0402716733515,-0.0216224193573,0.401133984327,-0.0276545733213,-0.116337150335,0.384141892195,-0.0112802777439,-0.215084284544,0.369791597128,0.00728153716773,-0.308152914047,0.348707407713,0.0322847403586,-0.428096652031,0.336025923491,-0.230618074536,-0.362962782383
1776887817.41,0.567731261253,-0.316494315863,0.276474684477,0.467024117708,-0.0609475634992,0.26937764883,0.451154321432,-0.0568663924932,0.170982301235,0.434425681829,-0.0503591932356,0.0744552314281,0.418784886599,-0.0402716733515,-0.0216224193573,0.401133984327,-0.0276545733213,-0.116337150335,0.384141892195,-0.0112802777439,-0.215084284544,0.369791597128,0.00728153716773,-0.308152914047,0.348707407713,0.0322847403586,-0.428096652031,0.338916808367,-0.236515313387,-0.362962782383
1776887817.43,0.571845769882,-0.311697006226,0.27402934432,0.467024117708,-0.0609475634992,0.26937764883,0.451154321432,-0.0568663924932,0.170982301235,0.434425681829,-0.0503591932356,0.0744552314281,0.418784886599,-0.0402716733515,-0.0216224193573,0.401133984327,-0.0276545733213,-0.116337150335,0.384141892195,-0.0112802777439,-0.215084284544,0.369791597128,0.00728153716773,-0.308152914047,0.348707407713,0.0322847403586,-0.428096652031,0.342300027609,-0.242219686508,-0.362962782383
1776887817.44,0.57659471035,-0.305669993162,0.270703554153,0.467024117708,-0.0609475634992,0.26937764883,0.451154321432,-0.0568663924932,0.170982301235,0.434425681829,-0.0503591932356,0.0744552314281,0.418784886599,-0.0402716733515,-0.0216224193573,0.401133984327,-0.0276545733213,-0.116337150335,0.384141892195,-0.0112802777439,-0.215084284544,0.369791597128,0.00728153716773,-0.308152914047,0.348707407713,0.0322847403586,-0.428096652031,0.346149474382,-0.247714951634,-0.362962782383
1776887817.45,0.579476833344,-0.301785200834,0.268282562494,0.467024117708,-0.0609475634992,0.26937764883,0.451154321432,-0.0568663924932,0.170982301235,0.434425681829,-0.0503591932356,0.0744552314281,0.418784886599,-0.0402716733515,-0.0216224193573,0.401133984327,-0.0276545733213,-0.116337150335,0.384141892195,-0.0112802777439,-0.215084284544,0.369791597128,0.00728153716773,-0.308152914047,0.348707407713,0.0322847403586,-0.428096652031,0.350436896086,-0.252986758947,-0.362962782383
1776887817.47,0.582180261612,-0.297681570053,0.265241652727,0.467024117708,-0.0609475634992,0.26937764883,0.451154321432,-0.0568663924932,0.170982301235,0.434425681829,-0.0503591932356,0.0744552314281,0.418784886599,-0.0402716733515,-0.0216224193573,0.401133984327,-0.0276545733213,-0.116337150335,0.384141892195,-0.0112802777439,-0.215084284544,0.369791597128,0.00728153716773,-0.308152914047,0.348707407713,0.0322847403586,-0.428096652031,0.355131953955,-0.25802269578,-0.362962782383
1776887817.48,0.584319114685,-0.294143021107,0.262331575155,0.467024117708,-0.0609475634992,0.26937764883,0.451154321432,-0.0568663924932,0.170982301235,0.434425681829,-0.0503591932356,0.0744552314281,0.418784886599,-0.0402716733515,-0.0216224193573,0.401133984327,-0.0276545733213,-0.116337150335,0.384141892195,-0.0112802777439,-0.215084284544,0.369791597128,0.00728153716773,-0.308152914047,0.348707407713,0.0322847403586,-0.428096652031,0.360203295946,-0.262812405825,-0.362962782383
1776887817.5,0.585905849934,-0.291184514761,0.259458243847,0.467024117708,-0.0609475634992,0.26937764883,0.451154321432,-0.0568663924932,0.170982301235,0.434425681829,-0.0503591932356,0.0744552314281,0.418784886599,-0.0402716733515,-0.0216224193573,0.401133984327,-0.0276545733213,-0.116337150335,0.384141892195,-0.0112802777439,-0.215084284544,0.369791597128,0.00728153716773,-0.308152914047,0.348707407713,0.0322847403586,-0.428096652031,0.365618854761,-0.267347693443,-0.362962782383
1776887817.51,0.586895346642,-0.288849800825,0.256690084934,0.467024117708,-0.0609475634992,0.26937764883,0.451154321432,-0.0568663924932,0.170982301235,0.434425681829,-0.0503591932356,0.0744552314281,0.418784886599,-0.0402716733515,-0.0216224193573,0.401133984327,-0.0276545733213,-0.116337150335,0.384141892195,-0.0112802777439,-0.215084284544,0.369791597128,0.00728153716773,-0.308152914047,0.348707407713,0.0322847403586,-0.428096652031,0.371346265078,-0.27162232995,-0.362962782383
1776887817.53,0.587272286415,-0.287157654762,0.253988564014,0.467024117708,-0.0609475634992,0.26937764883,0.451154321432,-0.0568663924932,0.170982301235,0.434425681829,-0.0503591932356,0.0744552314281,0.418784886599,-0.0402716733515,-0.0216224193573,0.401133984327,-0.0276545733213,-0.116337150335,0.384141892195,-0.0112802777439,-0.215084284544,0.369791597128,0.00728153716773,-0.308152914047,0.348707407713,0.0322847403586,-0.428096652031,0.377353638411,-0.275632083416,-0.362962782383
1776887817.54,0.587091624737,-0.285947203636,0.251135379076,0.467024117708,-0.0609475634992,0.26937764883,0.451154321432,-0.0568663924932,0.170982301235,0.434425681829,-0.0503591932356,0.0744552314281,0.418784886599,-0.0402716733515,-0.0216224193573,0.401133984327,-0.0276545733213,-0.116337150335,0.384141892195,-0.0112802777439,-0.215084284544,0.369791597128,0.00728153716773,-0.308152914047,0.348707407713,0.0322847403586,-0.428096652031,0.383610099554,-0.279374629259,-0.362962782383
1776887817.56,0.58646517992,-0.285149812698,0.248644143343,0.467024117708,-0.0609475634992,0.26937764883,0.451154321432,-0.0568663924932,0.170982301235,0.434425681829,-0.0503591932356,0.0744552314281,0.418784886599,-0.0402716733515,-0.0216224193573,0.401133984327,-0.0276545733213,-0.116337150335,0.384141892195,-0.0112802777439,-0.215084284544,0.369791597128,0.00728153716773,-0.308152914047,0.348707407713,0.0322847403586,-0.428096652031,0.390085726976,-0.282849222422,-0.362962782383
1776887817.57,0.585368871689,-0.284602254629,0.246282622218,0.467024117708,-0.0609475634992,0.26937764883,0.451154321432,-0.0568663924932,0.170982301235,0.434425681829,-0.0503591932356,0.0744552314281,0.418784886599,-0.0402716733515,-0.0216224193573,0.401133984327,-0.0276545733213,-0.116337150335,0.384141892195,-0.0112802777439,-0.215084284544,0.369791597128,0.00728153716773,-0.308152914047,0.348707407713,0.0322847403586,-0.428096652031,0.39675244689,-0.286056697369,-0.362962782383
1776887817.59,0.583783626556,-0.284123599529,0.243966430426,0.467024117708,-0.0609475634992,0.26937764883,0.451154321432,-0.0568663924932,0.170982301235,0.434425681829,-0.0503591932356,0.0744552314281,0.418784886599,-0.0402716733515,-0.0216224193573,0.401133984327,-0.0276545733213,-0.116337150335,0.384141892195,-0.0112802777439,-0.215084284544,0.369791597128,0.00728153716773,-0.308152914047,0.348707407713,0.0322847403586,-0.428096652031,0.403584033251,-0.288999050856,-0.362962782383
1776887817.6,0.582422673702,-0.283763349056,0.24233224988,0.467024117708,-0.0609475634992,0.26937764883,0.451154321432,-0.0568663924932,0.170982301235,0.434425681829,-0.0503591932356,0.0744552314281,0.418784886599,-0.0402716733515,-0.0216224193573,0.401133984327,-0.0276545733213,-0.116337150335,0.384141892195,-0.0112802777439,-0.215084284544,0.369791597128,0.00728153716773,-0.308152914047,0.348707407713,0.0322847403586,-0.428096652031,0.410556107759,-0.291679382324,-0.362962782383
1776887817.62,0.580261707306,-0.2830529809,0.240110009909,0.467024117708,-0.0609475634992,0.26937764883,0.451154321432,-0.0568663924932,0.170982301235,0.434425681829,-0.0503591932356,0.0744552314281,0.418784886599,-0.0402716733515,-0.0216224193573,0.401133984327,-0.0276545733213,-0.116337150335,0.384141892195,-0.0112802777439,-0.215084284544,0.369791597128,0.00728153716773,-0.308152914047,0.348707407713,0.0322847403586,-0.428096652031,0.417646855116,-0.294101536274,-0.362962782383
1776887817.63,0.578271150589,-0.282077848911,0.23830896616,0.467024117708,-0.0609475634992,0.26937764883,0.451154321432,-0.0568663924932,0.170982301235,0.434425681829,-0.0503591932356,0.0744552314281,0.418784886599,-0.0402716733515,-0.0216224193573,0.401133984327,-0.0276545733213,-0.116337150335,0.384141892195,-0.0112802777439,-0.215084284544,0.369791597128,0.00728153716773,-0.308152914047,0.348707407713,0.0322847403586,-0.428096652031,0.424836426973,-0.296269923449,-0.362962782383
1776887817.65,0.576231539249,-0.280625909567,0.236655771732,0.467024117708,-0.0609475634992,0.26937764883,0.451154321432,-0.0568663924932,0.170982301235,0.434425681829,-0.0503591932356,0.0744552314281,0.418784886599,-0.0402716733515,-0.0216224193573,0.401133984327,-0.0276545733213,-0.116337150335,0.384141892195,-0.0112802777439,-0.215084284544,0.369791597128,0.00728153716773,-0.308152914047,0.348707407713,0.0322847403586,-0.428096652031,0.432107359171,-0.298189342022,-0.362962782383
1776887817.66,0.574176073074,-0.278605461121,0.235096275806,0.467024117708,-0.0609475634992,0.26937764883,0.451154321432,-0.0568663924932,0.170982301235,0.434425681829,-0.0503591932356,0.0744552314281,0.418784886599,-0.0402716733515,-0.0216224193573,0.401133984327,-0.0276545733213,-0.116337150335,0.384141892195,-0.0112802777439,-0.215084284544,0.369791597128,0.00728153716773,-0.308152914047,0.348707407713,0.0322847403586,-0.428096652031,0.439444333315,-0.299864590168,-0.362962782383
1776887817.68,0.57173871994,-0.275449633598,0.233301609755,0.467024117708,-0.0609475634992,0.26937764883,0.451154321432,-0.0568663924932,0.170982301235,0.434425681829,-0.0503591932356,0.0744552314281,0.418784886599,-0.0402716733515,-0.0216224193573,0.401133984327,-0.0276545733213,-0.116337150335,0.384141892195,-0.0112802777439,-0.215084284544,0.369791597128,0.00728153716773,-0.308152914047,0.348707407713,0.0322847403586,-0.428096652031,0.446834117174,-0.301300406456,-0.362962782383
1776887817.69,0.570284307003,-0.272959560156,0.232382565737,0.467024117708,-0.0609475634992,0.26937764883,0.451154321432,-0.0568663924932,0.170982301235,0.434425681829,-0.0503591932356,0.0744552314281,0.418784886599,-0.0402716733515,-0.0216224193573,0.401133984327,-0.0276545733213,-0.116337150335,0.384141892195,-0.0112802777439,-0.215084284544,0.369791597128,0.00728153716773,-0.308152914047,0.348707407713,0.0322847403586,-0.428096652031,0.454265266657,-0.302501320839,-0.362962782383
1776887817.71,0.56853479147,-0.269335895777,0.23138359189,0.467024117708,-0.0609475634992,0.26937764883,0.451154321432,-0.0568663924932,0.170982301235,0.434425681829,-0.0503591932356,0.0744552314281,0.418784886599,-0.0402716733515,-0.0216224193573,0.401133984327,-0.0276545733213,-0.116337150335,0.384141892195,-0.0112802777439,-0.215084284544,0.369791597128,0.00728153716773,-0.308152914047,0.348707407713,0.0322847403586,-0.428096652031,0.461728125811,-0.303471326828,-0.362962782383
1776887817.72,0.566979289055,-0.265328228474,0.230746239424,0.467024117708,-0.0609475634992,0.26937764883,0.451154321432,-0.0568663924932,0.170982301235,0.434425681829,-0.0503591932356,0.0744552314281,0.418784886599,-0.0402716733515,-0.0216224193573,0.401133984327,-0.0276545733213,-0.116337150335,0.384141892195,-0.0112802777439,-0.215084284544,0.369791597128,0.00728153716773,-0.308152914047,0.348707407713,0.0322847403586,-0.428096652031,0.469214469194,-0.304213911295,-0.362962782383
1776887817.74,0.565601050854,-0.260958820581,0.230294778943,0.467024117708,-0.0609475634992,0.26937764883,0.451154321432,-0.0568663924932,0.170982301235,0.434425681829,-0.0503591932356,0.0744552314281,0.418784886599,-0.0402716733515,-0.0216224193573,0.401133984327,-0.0276545733213,-0.116337150335,0.384141892195,-0.0112802777439,-0.215084284544,0.369791597128,0.00728153716773,-0.308152914047,0.348707407713,0.0322847403586,-0.428096652031,0.476717144251,-0.304731816053,-0.362962782383
1776887817.75,0.564359903336,-0.256501078606,0.230055660009,0.467024117708,-0.0609475634992,0.26937764883,0.451154321432,-0.0568663924932,0.170982301235,0.434425681829,-0.0503591932356,0.0744552314281,0.418784886599,-0.0402716733515,-0.0216224193573,0.401133984327,-0.0276545733213,-0.116337150335,0.384141892195,-0.0112802777439,-0.215084284544,0.369791597128,0.00728153716773,-0.308152914047,0.348707407713,0.0322847403586,-0.428096652031,0.484229892492,-0.305027037859,-0.362962782383
1776887817.77,0.563582539558,-0.252885401249,0.230241656303,0.467024117708,-0.0609475634992,0.26937764883,0.451154321432,-0.0568663924932,0.170982301235,0.434425681829,-0.0503591932356,0.0744552314281,0.418784886599,-0.0402716733515,-0.0216224193573,0.401133984327,-0.0276545733213,-0.116337150335,0.384141892195,-0.0112802777439,-0.215084284544,0.369791597128,0.00728153716773,-0.308152914047,0.348707407713,0.0322847403586,-0.428096652031,0.491747170687,-0.305100768805,-0.362962782383
1776887817.78,0.562391936779,-0.247554451227,0.230725899339,0.467024117708,-0.0609475634992,0.26937764883,0.451154321432,-0.0568663924932,0.170982301235,0.434425681829,-0.0503591932356,0.0744552314281,0.418784886599,-0.0402716733515,-0.0216224193573,0.401133984327,-0.0276545733213,-0.116337150335,0.384141892195,-0.0112802777439,-0.215084284544,0.369791597128,0.00728153716773,-0.308152914047,0.348707407713,0.0322847403586,-0.428096652031,0.499263554811,-0.304953277111,-0.362962782383
1776887817.8,0.561515748501,-0.24371060729,0.231270000339,0.467024117708,-0.0609475634992,0.26937764883,0.451154321432,-0.0568663924932,0.170982301235,0.434425681829,-0.0503591932356,0.0744552314281,0.418784886599,-0.0402716733515,-0.0216224193573,0.401133984327,-0.0276545733213,-0.116337150335,0.384141892195,-0.0112802777439,-0.215084284544,0.369791597128,0.00728153716773,-0.308152914047,0.348707407713,0.0322847403586,-0.428096652031,0.506773591042,-0.304583996534,-0.362962782383
1776887817.81,0.560630679131,-0.23971581459,0.232153952122,0.467024117708,-0.0609475634992,0.26937764883,0.451154321432,-0.0568663924932,0.170982301235,0.434425681829,-0.0503591932356,0.0744552314281,0.418784886599,-0.0402716733515,-0.0216224193573,0.401133984327,-0.0276545733213,-0.116337150335,0.384141892195,-0.0112802777439,-0.215084284544,0.369791597128,0.00728153716773,-0.308152914047,0.348707407713,0.0322847403586,-0.428096652031,0.514271616936,-0.303991466761,-0.362962782383
1776887817.83,0.55996721983,-0.236316755414,0.233332186937,0.467024117708,-0.0609475634992,0.26937764883,0.451154321432,-0.0568663924932,0.170982301235,0.434425681829,-0.0503591932356,0.0744552314281,0.418784886599,-0.0402716733515,-0.0216224193573,0.401133984327,-0.0276545733213,-0.116337150335,0.384141892195,-0.0112802777439,-0.215084284544,0.369791597128,0.00728153716773,-0.308152914047,0.348707407713,0.0322847403586,-0.428096652031,0.521750926971,-0.303173422813,-0.362962782383
1776887817.84,0.559548139572,-0.233595207334,0.234509885311,0.467024117708,-0.0609475634992,0.26937764883,0.451154321432,-0.0568663924932,0.170982301235,0.434425681829,-0.0503591932356,0.0744552314281,0.418784886599,-0.0402716733515,-0.0216224193573,0.401133984327,-0.0276545733213,-0.116337150335,0.384141892195,-0.0112802777439,-0.215084284544,0.369791597128,0.00728153716773,-0.308152914047,0.348707407713,0.0322847403586,-0.428096652031,0.529204130173,-0.302126854658,-0.362962782383
1776887817.86,0.559271454811,-0.23047362268,0.236107334495,0.467024117708,-0.0609475634992,0.26937764883,0.451154321432,-0.0568663924932,0.170982301235,0.434425681829,-0.0503591932356,0.0744552314281,0.418784886599,-0.0402716733515,-0.0216224193573,0.401133984327,-0.0276545733213,-0.116337150335,0.384141892195,-0.0112802777439,-0.215084284544,0.369791597128,0.00728153716773,-0.308152914047,0.348707407713,0.0322847403586,-0.428096652031,0.53662276268,-0.300848126411,-0.362962782383
1776887817.87,0.559200882912,-0.227803587914,0.237756460905,0.467024117708,-0.0609475634992,0.26937764883,0.451154321432,-0.0568663924932,0.170982301235,0.434425681829,-0.0503591932356,0.0744552314281,0.418784886599,-0.0402716733515,-0.0216224193573,0.401133984327,-0.0276545733213,-0.116337150335,0.384141892195,-0.0112802777439,-0.215084284544,0.369791597128,0.00728153716773,-0.308152914047,0.348707407713,0.0322847403586,-0.428096652031,0.543996214867,-0.299333006144,-0.362962782383
1776887817.89,0.559342622757,-0.225278496742,0.239750146866,0.467024117708,-0.0609475634992,0.26937764883,0.451154321432,-0.0568663924932,0.170982301235,0.434425681829,-0.0503591932356,0.0744552314281,0.418784886599,-0.0402716733515,-0.0216224193573,0.401133984327,-0.0276545733213,-0.116337150335,0.384141892195,-0.0112802777439,-0.215084284544,0.369791597128,0.00728153716773,-0.308152914047,0.348707407713,0.0322847403586,-0.428096652031,0.551312804222,-0.297576904297,-0.362962782383
1776887817.9,0.559599757195,-0.223089009523,0.241675272584,0.467024117708,-0.0609475634992,0.26937764883,0.451154321432,-0.0568663924932,0.170982301235,0.434425681829,-0.0503591932356,0.0744552314281,0.418784886599,-0.0402716733515,-0.0216224193573,0.401133984327,-0.0276545733213,-0.116337150335,0.384141892195,-0.0112802777439,-0.215084284544,0.369791597128,0.00728153716773,-0.308152914047,0.348707407713,0.0322847403586,-0.428096652031,0.558558344841,-0.295575022697,-0.362962782383
1776887817.92,0.559885025024,-0.22099468112,0.243546739221,0.467024117708,-0.0609475634992,0.26937764883,0.451154321432,-0.0568663924932,0.170982301235,0.434425681829,-0.0503591932356,0.0744552314281,0.418784886599,-0.0402716733515,-0.0216224193573,0.401133984327,-0.0276545733213,-0.116337150335,0.384141892195,-0.0112802777439,-0.215084284544,0.369791597128,0.00728153716773,-0.308152914047,0.348707407713,0.0322847403586,-0.428096652031,0.565717101097,-0.293322563171,-0.362962782383
1776887817.93,0.560244381428,-0.218869507313,0.245291665196,0.467024117708,-0.0609475634992,0.26937764883,0.451154321432,-0.0568663924932,0.170982301235,0.434425681829,-0.0503591932356,0.0744552314281,0.418784886599,-0.0402716733515,-0.0216224193573,0.401133984327,-0.0276545733213,-0.116337150335,0.384141892195,-0.0112802777439,-0.215084284544,0.369791597128,0.00728153716773,-0.308152914047,0.348707407713,0.0322847403586,-0.428096652031,0.572770595551,-0.290814816952,-0.362962782383
1776887817.95,0.560732781887,-0.216578423977,0.246961295605,0.467024117708,-0.0609475634992,0.26937764883,0.451154321432,-0.0568663924932,0.170982301235,0.434425681829,-0.0503591932356,0.0744552314281,0.418784886599,-0.0402716733515,-0.0216224193573,0.401133984327,-0.0276545733213,-0.116337150335,0.384141892195,-0.0112802777439,-0.215084284544,0.369791597128,0.00728153716773,-0.308152914047,0.348707407713,0.0322847403586,-0.428096652031,0.579698443413,-0.288047552109,-0.362962782383
1776887817.96,0.561346173286,-0.213914483786,0.24856582284,0.467024117708,-0.0609475634992,0.26937764883,0.451154321432,-0.0568663924932,0.170982301235,0.434425681829,-0.0503591932356,0.0744552314281,0.418784886599,-0.0402716733515,-0.0216224193573,0.401133984327,-0.0276545733213,-0.116337150335,0.384141892195,-0.0112802777439,-0.215084284544,0.369791597128,0.00728153716773,-0.308152914047,0.348707407713,0.0322847403586,-0.428096652031,0.5864777565,-0.285017132759,-0.362962782383
1776887817.98,0.562030136585,-0.210741221905,0.249988615513,0.467024117708,-0.0609475634992,0.26937764883,0.451154321432,-0.0568663924932,0.170982301235,0.434425681829,-0.0503591932356,0.0744552314281,0.418784886599,-0.0402716733515,-0.0216224193573,0.401133984327,-0.0276545733213,-0.116337150335,0.384141892195,-0.0112802777439,-0.215084284544,0.369791597128,0.00728153716773,-0.308152914047,0.348707407713,0.0322847403586,-0.428096652031,0.59308385849,-0.281720787287,-0.362962782383
1776887817.99,0.562781870365,-0.206945583224,0.251229196787,0.467024117708,-0.0609475634992,0.26937764883,0.451154321432,-0.0568663924932,0.170982301235,0.434425681829,-0.0503591932356,0.0744552314281,0.418784886599,-0.0402716733515,-0.0216224193573,0.401133984327,-0.0276545733213,-0.116337150335,0.384141892195,-0.0112802777439,-0.215084284544,0.369791597128,0.00728153716773,-0.308152914047,0.348707407713,0.0322847403586,-0.428096652031,0.599489569664,-0.278156876564,-0.362962782383
1776887818.01,0.563536047935,-0.202490329742,0.252158403397,0.467024117708,-0.0609475634992,0.26937764883,0.451154321432,-0.0568663924932,0.170982301235,0.434425681829,-0.0503591932356,0.0744552314281,0.418784886599,-0.0402716733515,-0.0216224193573,0.401133984327,-0.0276545733213,-0.116337150335,0.384141892195,-0.0112802777439,-0.215084284544,0.369791597128,0.00728153716773,-0.308152914047,0.348707407713,0.0322847403586,-0.428096652031,0.605666399002,-0.274325102568,-0.362962782383
1776887818.03,0.564493834972,-0.196491971612,0.252956211567,0.467024117708,-0.0609475634992,0.26937764883,0.451154321432,-0.0568663924932,0.170982301235,0.434425681829,-0.0503591932356,0.0744552314281,0.418784886599,-0.0402716733515,-0.0216224193573,0.401133984327,-0.0276545733213,-0.116337150335,0.384141892195,-0.0112802777439,-0.215084284544,0.369791597128,0.00728153716773,-0.308152914047,0.348707407713,0.0322847403586,-0.428096652031,0.611584067345,-0.270226687193,-0.362962782383
1776887818.04,0.565551638603,-0.189895689487,0.253484964371,0.467024117708,-0.0609475634992,0.26937764883,0.451154321432,-0.0568663924932,0.170982301235,0.434425681829,-0.0503591932356,0.0744552314281,0.418784886599,-0.0402716733515,-0.0216224193573,0.401133984327,-0.0276545733213,-0.116337150335,0.384141892195,-0.0112802777439,-0.215084284544,0.369791597128,0.00728153716773,-0.308152914047,0.348707407713,0.0322847403586,-0.428096652031,0.61721098423,-0.265864610672,-0.362962782383
1776887818.05,0.566493928432,-0.184065103531,0.253769218922,0.467024117708,-0.0609475634992,0.26937764883,0.451154321432,-0.0568663924932,0.170982301235,0.434425681829,-0.0503591932356,0.0744552314281,0.418784886599,-0.0402716733515,-0.0216224193573,0.401133984327,-0.0276545733213,-0.116337150335,0.384141892195,-0.0112802777439,-0.215084284544,0.369791597128,0.00728153716773,-0.308152914047,0.348707407713,0.0322847403586,-0.428096652031,0.622515439987,-0.261243730783,-0.362962782383
1776887818.07,0.567772090435,-0.176141962409,0.254017233849,0.467024117708,-0.0609475634992,0.26937764883,0.451154321432,-0.0568663924932,0.170982301235,0.434425681829,-0.0503591932356,0.0744552314281,0.418784886599,-0.0402716733515,-0.0216224193573,0.401133984327,-0.0276545733213,-0.116337150335,0.384141892195,-0.0112802777439,-0.215084284544,0.369791597128,0.00728153716773,-0.308152914047,0.348707407713,0.0322847403586,-0.428096652031,0.62746489048,-0.256370931864,-0.362962782383
1776887818.09,0.569263994694,-0.166725471616,0.254154086113,0.467024117708,-0.0609475634992,0.26937764883,0.451154321432,-0.0568663924932,0.170982301235,0.434425681829,-0.0503591932356,0.0744552314281,0.418784886599,-0.0402716733515,-0.0216224193573,0.401133984327,-0.0276545733213,-0.116337150335,0.384141892195,-0.0112802777439,-0.215084284544,0.369791597128,0.00728153716773,-0.308152914047,0.348707407713,0.0322847403586,-0.428096652031,0.632027506828,-0.251255124807,-0.362962782383
1776887818.1,0.571099042892,-0.155441820621,0.254262059927,0.467024117708,-0.0609475634992,0.26937764883,0.451154321432,-0.0568663924932,0.170982301235,0.434425681829,-0.0503591932356,0.0744552314281,0.418784886599,-0.0402716733515,-0.0216224193573,0.401133984327,-0.0276545733213,-0.116337150335,0.384141892195,-0.0112802777439,-0.215084284544,0.369791597128,0.00728153716773,-0.308152914047,0.348707407713,0.0322847403586,-0.428096652031,0.636172175407,-0.245907351375,-0.362962782383
1776887818.12,0.572993040085,-0.14357572794,0.254270225763,0.467024117708,-0.0609475634992,0.26937764883,0.451154321432,-0.0568663924932,0.170982301235,0.434425681829,-0.0503591932356,0.0744552314281,0.418784886599,-0.0402716733515,-0.0216224193573,0.401133984327,-0.0276545733213,-0.116337150335,0.384141892195,-0.0112802777439,-0.215084284544,0.369791597128,0.00728153716773,-0.308152914047,0.348707407713,0.0322847403586,-0.428096652031,0.639869332314,-0.240340694785,-0.362962782383
1776887818.13,0.575047552586,-0.13072489202,0.254268199205,0.467024117708,-0.0609475634992,0.26937764883,0.451154321432,-0.0568663924932,0.170982301235,0.434425681829,-0.0503591932356,0.0744552314281,0.418784886599,-0.0402716733515,-0.0216224193573,0.401133984327,-0.0276545733213,-0.116337150335,0.384141892195,-0.0112802777439,-0.215084284544,0.369791597128,0.00728153716773,-0.308152914047,0.348707407713,0.0322847403586,-0.428096652031,0.643091201782,-0.234570145607,-0.362962782383
1776887818.14,0.577361524105,-0.116637758911,0.254319638014,0.467024117708,-0.0609475634992,0.26937764883,0.451154321432,-0.0568663924932,0.170982301235,0.434425681829,-0.0503591932356,0.0744552314281,0.418784886599,-0.0402716733515,-0.0216224193573,0.401133984327,-0.0276545733213,-0.116337150335,0.384141892195,-0.0112802777439,-0.215084284544,0.369791597128,0.00728153716773,-0.308152914047,0.348707407713,0.0322847403586,-0.428096652031,0.645812749863,-0.22861251235,-0.362962782383
1776887818.16,0.579750180244,-0.101836428046,0.254489898682,0.467024117708,-0.0609475634992,0.26937764883,0.451154321432,-0.0568663924932,0.170982301235,0.434425681829,-0.0503591932356,0.0744552314281,0.418784886599,-0.0402716733515,-0.0216224193573,0.401133984327,-0.0276545733213,-0.116337150335,0.384141892195,-0.0112802777439,-0.215084284544,0.369791597128,0.00728153716773,-0.308152914047,0.348707407713,0.0322847403586,-0.428096652031,0.648011803627,-0.222486123443,-0.362962782383
1776887818.17,0.582054316998,-0.0871036425233,0.254711717367,0.467024117708,-0.0609475634992,0.26937764883,0.451154321432,-0.0568663924932,0.170982301235,0.434425681829,-0.0503591932356,0.0744552314281,0.418784886599,-0.0402716733515,-0.0216224193573,0.401133984327,-0.0276545733213,-0.116337150335,0.384141892195,-0.0112802777439,-0.215084284544,0.369791597128,0.00728153716773,-0.308152914047,0.348707407713,0.0322847403586,-0.428096652031,0.649669766426,-0.216210693121,-0.362962782383
1776887818.19,0.584256350994,-0.0721759051085,0.255047142506,0.467024117708,-0.0609475634992,0.26937764883,0.451154321432,-0.0568663924932,0.170982301235,0.434425681829,-0.0503591932356,0.0744552314281,0.418784886599,-0.0402716733515,-0.0216224193573,0.401133984327,-0.0276545733213,-0.116337150335,0.384141892195,-0.0112802777439,-0.215084284544,0.369791597128,0.00728153716773,-0.308152914047,0.348707407713,0.0322847403586,-0.428096652031,0.650771737099,-0.209806874394,-0.362962782383
1776887818.2,0.58678740263,-0.053374029696,0.255500286818,0.467024117708,-0.0609475634992,0.26937764883,0.451154321432,-0.0568663924932,0.170982301235,0.434425681829,-0.0503591932356,0.0744552314281,0.418784886599,-0.0402716733515,-0.0216224193573,0.401133984327,-0.0276545733213,-0.116337150335,0.384141892195,-0.0112802777439,-0.215084284544,0.369791597128,0.00728153716773,-0.308152914047,0.348707407713,0.0322847403586,-0.428096652031,0.651306986809,-0.203296020627,-0.362962782383
1776887818.22,0.588808298111,-0.0365724563599,0.256058722734,0.467024117708,-0.0609475634992,0.26937764883,0.451154321432,-0.0568663924932,0.170982301235,0.434425681829,-0.0503591932356,0.0744552314281,0.418784886599,-0.0402716733515,-0.0216224193573,0.401133984327,-0.0276545733213,-0.116337150335,0.384141892195,-0.0112802777439,-0.215084284544,0.369791597128,0.00728153716773,-0.308152914047,0.348707407713,0.0322847403586,-0.428096652031,0.651268720627,-0.196699842811,-0.362962782383
1776887818.23,0.590622007847,-0.0200598537922,0.256724596024,0.467024117708,-0.0609475634992,0.26937764883,0.451154321432,-0.0568663924932,0.170982301235,0.434425681829,-0.0503591932356,0.0744552314281,0.418784886599,-0.0402716733515,-0.0216224193573,0.401133984327,-0.0276545733213,-0.116337150335,0.384141892195,-0.0112802777439,-0.215084284544,0.369791597128,0.00728153716773,-0.308152914047,0.348707407713,0.0322847403586,-0.428096652031,0.650654673576,-0.190040007234,-0.362962782383
1776887818.25,0.592242479324,-0.0038913434837,0.257463306189,0.467024117708,-0.0609475634992,0.26937764883,0.451154321432,-0.0568663924932,0.170982301235,0.434425681829,-0.0503591932356,0.0744552314281,0.418784886599,-0.0402716733515,-0.0216224193573,0.401133984327,-0.0276545733213,-0.116337150335,0.384141892195,-0.0112802777439,-0.215084284544,0.369791597128,0.00728153716773,-0.308152914047,0.348707407713,0.0322847403586,-0.428096652031,0.649466514587,-0.183337792754,-0.362962782383
1776887818.26,0.593721985817,0.0117340544239,0.258294731379,0.467024117708,-0.0609475634992,0.26937764883,0.451154321432,-0.0568663924932,0.170982301235,0.434425681829,-0.0503591932356,0.0744552314281,0.418784886599,-0.0402716733515,-0.0216224193573,0.401133984327,-0.0276545733213,-0.116337150335,0.384141892195,-0.0112802777439,-0.215084284544,0.369791597128,0.00728153716773,-0.308152914047,0.348707407713,0.0322847403586,-0.428096652031,0.647710323334,-0.176613822579,-0.362962782383
1776887818.28,0.595256388187,0.0265413951129,0.259427011013,0.467024117708,-0.0609475634992,0.26937764883,0.451154321432,-0.0568663924932,0.170982301235,0.434425681829,-0.0503591932356,0.0744552314281,0.418784886599,-0.0402716733515,-0.0216224193573,0.401133984327,-0.0276545733213,-0.116337150335,0.384141892195,-0.0112802777439,-0.215084284544,0.369791597128,0.00728153716773,-0.308152914047,0.348707407713,0.0322847403586,-0.428096652031,0.645395636559,-0.169887691736,-0.362962782383
1776887818.29,0.596813857555,0.0399481318891,0.260733366013,0.467024117708,-0.0609475634992,0.26937764883,0.451154321432,-0.0568663924932,0.170982301235,0.434425681829,-0.0503591932356,0.0744552314281,0.418784886599,-0.0402716733515,-0.0216224193573,0.401133984327,-0.0276545733213,-0.116337150335,0.384141892195,-0.0112802777439,-0.215084284544,0.369791597128,0.00728153716773,-0.308152914047,0.348707407713,0.0322847403586,-0.428096652031,0.642535805702,-0.163177669048,-0.362962782383
1776887818.31,0.598423182964,0.0522914044559,0.262110084295,0.467024117708,-0.0609475634992,0.26937764883,0.451154321432,-0.0568663924932,0.170982301235,0.434425681829,-0.0503591932356,0.0744552314281,0.418784886599,-0.0402716733515,-0.0216224193573,0.401133984327,-0.0276545733213,-0.116337150335,0.384141892195,-0.0112802777439,-0.215084284544,0.369791597128,0.00728153716773,-0.308152914047,0.348707407713,0.0322847403586,-0.428096652031,0.639147400856,-0.156500592828,-0.362962782383
1776887818.32,0.60010778904,0.0631422773004,0.263574153185,0.467024117708,-0.0609475634992,0.26937764883,0.451154321432,-0.0568663924932,0.170982301235,0.434425681829,-0.0503591932356,0.0744552314281,0.418784886599,-0.0402716733515,-0.0216224193573,0.401133984327,-0.0276545733213,-0.116337150335,0.384141892195,-0.0112802777439,-0.215084284544,0.369791597128,0.00728153716773,-0.308152914047,0.348707407713,0.0322847403586,-0.428096652031,0.635249495506,-0.14987154305,-0.362962782383
1776887818.34,0.601848602295,0.0723657160997,0.265137076378,0.467024117708,-0.0609475634992,0.26937764883,0.451154321432,-0.0568663924932,0.170982301235,0.434425681829,-0.0503591932356,0.0744552314281,0.418784886599,-0.0402716733515,-0.0216224193573,0.401133984327,-0.0276545733213,-0.116337150335,0.384141892195,-0.0112802777439,-0.215084284544,0.369791597128,0.00728153716773,-0.308152914047,0.348707407713,0.0322847403586,-0.428096652031,0.630864143372,-0.143303766847,-0.362962782383
1776887818.35,0.603512763977,0.0802590399981,0.266681939363,0.467024117708,-0.0609475634992,0.26937764883,0.451154321432,-0.0568663924932,0.170982301235,0.434425681829,-0.0503591932356,0.0744552314281,0.418784886599,-0.0402716733515,-0.0216224193573,0.401133984327,-0.0276545733213,-0.116337150335,0.384141892195,-0.0112802777439,-0.215084284544,0.369791597128,0.00728153716773,-0.308152914047,0.348707407713,0.0322847403586,-0.428096652031,0.626014590263,-0.1368085742,-0.362962782383
1776887818.37,0.605284273624,0.0865352898836,0.26824644208,0.467024117708,-0.0609475634992,0.26937764883,0.451154321432,-0.0568663924932,0.170982301235,0.434425681829,-0.0503591932356,0.0744552314281,0.418784886599,-0.0402716733515,-0.0216224193573,0.401133984327,-0.0276545733213,-0.116337150335,0.384141892195,-0.0112802777439,-0.215084284544,0.369791597128,0.00728153716773,-0.308152914047,0.348707407713,0.0322847403586,-0.428096652031,0.62072634697,-0.130395308137,-0.362962782383
1776887818.38,0.607056856155,0.0913259387016,0.269745349884,0.467024117708,-0.0609475634992,0.26937764883,0.451154321432,-0.0568663924932,0.170982301235,0.434425681829,-0.0503591932356,0.0744552314281,0.418784886599,-0.0402716733515,-0.0216224193573,0.401133984327,-0.0276545733213,-0.116337150335,0.384141892195,-0.0112802777439,-0.215084284544,0.369791597128,0.00728153716773,-0.308152914047,0.348707407713,0.0322847403586,-0.428096652031,0.615025758743,-0.124071292579,-0.362962782383
1776887818.4,0.608715713024,0.0946029499173,0.271054595709,0.467024117708,-0.0609475634992,0.26937764883,0.451154321432,-0.0568663924932,0.170982301235,0.434425681829,-0.0503591932356,0.0744552314281,0.418784886599,-0.0402716733515,-0.0216224193573,0.401133984327,-0.0276545733213,-0.116337150335,0.384141892195,-0.0112802777439,-0.215084284544,0.369791597128,0.00728153716773,-0.308152914047,0.348707407713,0.0322847403586,-0.428096652031,0.608939766884,-0.117841862142,-0.362962782383
1776887818.41,0.610420823097,0.0967297255993,0.272435218096,0.467024117708,-0.0609475634992,0.26937764883,0.451154321432,-0.0568663924932,0.170982301235,0.434425681829,-0.0503591932356,0.0744552314281,0.418784886599,-0.0402716733515,-0.0216224193573,0.401133984327,-0.0276545733213,-0.116337150335,0.384141892195,-0.0112802777439,-0.215084284544,0.369791597128,0.00728153716773,-0.308152914047,0.348707407713,0.0322847403586,-0.428096652031,0.602496147156,-0.111710444093,-0.362962782383
1776887818.43,0.612079739571,0.0971475020051,0.273583173752,0.467024117708,-0.0609475634992,0.26937764883,0.451154321432,-0.0568663924932,0.170982301235,0.434425681829,-0.0503591932356,0.0744552314281,0.418784886599,-0.0402716733515,-0.0216224193573,0.401133984327,-0.0276545733213,-0.116337150335,0.384141892195,-0.0112802777439,-0.215084284544,0.369791597128,0.00728153716773,-0.308152914047,0.348707407713,0.0322847403586,-0.428096652031,0.595722317696,-0.105678632855,-0.362962782383
1776887818.44,0.613480687141,0.0967091843486,0.274602591991,0.467024117708,-0.0609475634992,0.26937764883,0.451154321432,-0.0568663924932,0.170982301235,0.434425681829,-0.0503591932356,0.0744552314281,0.418784886599,-0.0402716733515,-0.0216224193573,0.401133984327,-0.0276545733213,-0.116337150335,0.384141892195,-0.0112802777439,-0.215084284544,0.369791597128,0.00728153716773,-0.308152914047,0.348707407713,0.0322847403586,-0.428096652031,0.588646054268,-0.0997462719679,-0.362962782383
1776887818.46,0.614736676216,0.0951580256224,0.275586307049,0.467024117708,-0.0609475634992,0.26937764883,0.451154321432,-0.0568663924932,0.170982301235,0.434425681829,-0.0503591932356,0.0744552314281,0.418784886599,-0.0402716733515,-0.0216224193573,0.401133984327,-0.0276545733213,-0.116337150335,0.384141892195,-0.0112802777439,-0.215084284544,0.369791597128,0.00728153716773,-0.308152914047,0.348707407713,0.0322847403586,-0.428096652031,0.581294536591,-0.0939116030931,-0.362962782383
1776887818.47,0.615803718567,0.0931031629443,0.276534557343,0.467024117708,-0.0609475634992,0.26937764883,0.451154321432,-0.0568663924932,0.170982301235,0.434425681829,-0.0503591932356,0.0744552314281,0.418784886599,-0.0402716733515,-0.0216224193573,0.401133984327,-0.0276545733213,-0.116337150335,0.384141892195,-0.0112802777439,-0.215084284544,0.369791597128,0.00728153716773,-0.308152914047,0.348707407713,0.0322847403586,-0.428096652031,0.573694229126,-0.0881713554263,-0.362962782383
1776887818.49,0.616528272629,0.0904639288783,0.277283549309,0.467024117708,-0.0609475634992,0.26937764883,0.451154321432,-0.0568663924932,0.170982301235,0.434425681829,-0.0503591932356,0.0744552314281,0.418784886599,-0.0402716733515,-0.0216224193573,0.401133984327,-0.0276545733213,-0.116337150335,0.384141892195,-0.0112802777439,-0.215084284544,0.369791597128,0.00728153716773,-0.308152914047,0.348707407713,0.0322847403586,-0.428096652031,0.565871477127,-0.0825209319592,-0.362962782383
1776887818.5,0.616944849491,0.0875513404608,0.277846544981,0.467024117708,-0.0609475634992,0.26937764883,0.451154321432,-0.0568663924932,0.170982301235,0.434425681829,-0.0503591932356,0.0744552314281,0.418784886599,-0.0402716733515,-0.0216224193573,0.401133984327,-0.0276545733213,-0.116337150335,0.384141892195,-0.0112802777439,-0.215084284544,0.369791597128,0.00728153716773,-0.308152914047,0.348707407713,0.0322847403586,-0.428096652031,0.557851433754,-0.0769544988871,-0.362962782383
1776887818.52,0.617043316364,0.0846311375499,0.278263568878,0.467024117708,-0.0609475634992,0.26937764883,0.451154321432,-0.0568663924932,0.170982301235,0.434425681829,-0.0503591932356,0.0744552314281,0.418784886599,-0.0402716733515,-0.0216224193573,0.401133984327,-0.0276545733213,-0.116337150335,0.384141892195,-0.0112802777439,-0.215084284544,0.369791597128,0.00728153716773,-0.308152914047,0.348707407713,0.0322847403586,-0.428096652031,0.54965877533,-0.0714651495218,-0.362962782383
1776887818.53,0.616918027401,0.0814353600144,0.278565645218,0.467024117708,-0.0609475634992,0.26937764883,0.451154321432,-0.0568663924932,0.170982301235,0.434425681829,-0.0503591932356,0.0744552314281,0.418784886599,-0.0402716733515,-0.0216224193573,0.401133984327,-0.0276545733213,-0.116337150335,0.384141892195,-0.0112802777439,-0.215084284544,0.369791597128,0.00728153716773,-0.308152914047,0.348707407713,0.0322847403586,-0.428096652031,0.541317224503,-0.0660450384021,-0.362962782383
1776887818.55,0.616489589214,0.0779171064496,0.278654634953,0.467024117708,-0.0609475634992,0.26937764883,0.451154321432,-0.0568663924932,0.170982301235,0.434425681829,-0.0503591932356,0.0744552314281,0.418784886599,-0.0402716733515,-0.0216224193573,0.401133984327,-0.0276545733213,-0.116337150335,0.384141892195,-0.0112802777439,-0.215084284544,0.369791597128,0.00728153716773,-0.308152914047,0.348707407713,0.0322847403586,-0.428096652031,0.532850146294,-0.0606855228543,-0.362962782383
1776887818.56,0.615738928318,0.0745665580034,0.278477996588,0.467024117708,-0.0609475634992,0.26937764883,0.451154321432,-0.0568663924932,0.170982301235,0.434425681829,-0.0503591932356,0.0744552314281,0.418784886599,-0.0402716733515,-0.0216224193573,0.401133984327,-0.0276545733213,-0.116337150335,0.384141892195,-0.0112802777439,-0.215084284544,0.369791597128,0.00728153716773,-0.308152914047,0.348707407713,0.0322847403586,-0.428096652031,0.52427983284,-0.0553772598505,-0.362962782383
1776887818.58,0.614727139473,0.071471311152,0.278081923723,0.467024117708,-0.0609475634992,0.26937764883,0.451154321432,-0.0568663924932,0.170982301235,0.434425681829,-0.0503591932356,0.0744552314281,0.418784886599,-0.0402716733515,-0.0216224193573,0.401133984327,-0.0276545733213,-0.116337150335,0.384141892195,-0.0112802777439,-0.215084284544,0.369791597128,0.00728153716773,-0.308152914047,0.348707407713,0.0322847403586,-0.428096652031,0.515628218651,-0.0501103699207,-0.362962782383
1776887818.59,0.613321185112,0.0683136284351,0.277411907911,0.467024117708,-0.0609475634992,0.26937764883,0.451154321432,-0.0568663924932,0.170982301235,0.434425681829,-0.0503591932356,0.0744552314281,0.418784886599,-0.0402716733515,-0.0216224193573,0.401133984327,-0.0276545733213,-0.116337150335,0.384141892195,-0.0112802777439,-0.215084284544,0.369791597128,0.00728153716773,-0.308152914047,0.348707407713,0.0322847403586,-0.428096652031,0.506916642189,-0.0448745302856,-0.362962782383
1776887818.61,0.61126345396,0.0649859905243,0.276180267334,0.467024117708,-0.0609475634992,0.26937764883,0.451154321432,-0.0568663924932,0.170982301235,0.434425681829,-0.0503591932356,0.0744552314281,0.418784886599,-0.0402716733515,-0.0216224193573,0.401133984327,-0.0276545733213,-0.116337150335,0.384141892195,-0.0112802777439,-0.215084284544,0.369791597128,0.00728153716773,-0.308152914047,0.348707407713,0.0322847403586,-0.428096652031,0.49816635251,-0.0396591089666,-0.362962782383
1776887818.62,0.609397470951,0.0627723038197,0.274957597256,0.467024117708,-0.0609475634992,0.26937764883,0.451154321432,-0.0568663924932,0.170982301235,0.434425681829,-0.0503591932356,0.0744552314281,0.418784886599,-0.0402716733515,-0.0216224193573,0.401133984327,-0.0276545733213,-0.116337150335,0.384141892195,-0.0112802777439,-0.215084284544,0.369791597128,0.00728153716773,-0.308152914047,0.348707407713,0.0322847403586,-0.428096652031,0.489397913218,-0.0344532579184,-0.362962782383
1776887818.64,0.606730759144,0.0604661740363,0.273163408041,0.467024117708,-0.0609475634992,0.26937764883,0.451154321432,-0.0568663924932,0.170982301235,0.434425681829,-0.0503591932356,0.0744552314281,0.418784886599,-0.0402716733515,-0.0216224193573,0.401133984327,-0.0276545733213,-0.116337150335,0.384141892195,-0.0112802777439,-0.215084284544,0.369791597128,0.00728153716773,-0.308152914047,0.348707407713,0.0322847403586,-0.428096652031,0.480632036924,-0.0292460359633,-0.362962782383
1776887818.65,0.604274392128,0.0590427257121,0.271487236023,0.467024117708,-0.0609475634992,0.26937764883,0.451154321432,-0.0568663924932,0.170982301235,0.434425681829,-0.0503591932356,0.0744552314281,0.418784886599,-0.0402716733515,-0.0216224193573,0.401133984327,-0.0276545733213,-0.116337150335,0.384141892195,-0.0112802777439,-0.215084284544,0.369791597128,0.00728153716773,-0.308152914047,0.348707407713,0.0322847403586,-0.428096652031,0.471889406443,-0.0240265186876,-0.362962782383
1776887818.67,0.600756049156,0.057899992913,0.269006371498,0.467024117708,-0.0609475634992,0.26937764883,0.451154321432,-0.0568663924932,0.170982301235,0.434425681829,-0.0503591932356,0.0744552314281,0.418784886599,-0.0402716733515,-0.0216224193573,0.401133984327,-0.0276545733213,-0.116337150335,0.384141892195,-0.0112802777439,-0.215084284544,0.369791597128,0.00728153716773,-0.308152914047,0.348707407713,0.0322847403586,-0.428096652031,0.463190883398,-0.0187839046121,-0.362962782383
1776887818.68,0.597535014153,0.0575251094997,0.266773223877,0.467024117708,-0.0609475634992,0.26937764883,0.451154321432,-0.0568663924932,0.170982301235,0.434425681829,-0.0503591932356,0.0744552314281,0.418784886599,-0.0402716733515,-0.0216224193573,0.401133984327,-0.0276545733213,-0.116337150335,0.384141892195,-0.0112802777439,-0.215084284544,0.369791597128,0.00728153716773,-0.308152914047,0.348707407713,0.0322847403586,-0.428096652031,0.454557627439,-0.0135076250881,-0.362962782383
1776887818.7,0.593804359436,0.0578271336854,0.264145195484,0.467024117708,-0.0609475634992,0.26937764883,0.451154321432,-0.0568663924932,0.170982301235,0.434425681829,-0.0503591932356,0.0744552314281,0.418784886599,-0.0402716733515,-0.0216224193573,0.401133984327,-0.0276545733213,-0.116337150335,0.384141892195,-0.0112802777439,-0.215084284544,0.369791597128,0.00728153716773,-0.308152914047,0.348707407713,0.0322847403586,-0.428096652031,0.446011036634,-0.00818745605648,-0.362962782383
1776887818.71,0.590414106846,0.0586801990867,0.261850297451,0.467024117708,-0.0609475634992,0.26937764883,0.451154321432,-0.0568663924932,0.170982301235,0.434425681829,-0.0503591932356,0.0744552314281,0.418784886599,-0.0402716733515,-0.0216224193573,0.401133984327,-0.0276545733213,-0.116337150335,0.384141892195,-0.0112802777439,-0.215084284544,0.369791597128,0.00728153716773,-0.308152914047,0.348707407713,0.0322847403586,-0.428096652031,0.437573164701,-0.00281364051625,-0.362962782383
1776887818.73,0.586640357971,0.0600582286716,0.259378105402,0.467024117708,-0.0609475634992,0.26937764883,0.451154321432,-0.0568663924932,0.170982301235,0.434425681829,-0.0503591932356,0.0744552314281,0.418784886599,-0.0402716733515,-0.0216224193573,0.401133984327,-0.0276545733213,-0.116337150335,0.384141892195,-0.0112802777439,-0.215084284544,0.369791597128,0.00728153716773,-0.308152914047,0.348707407713,0.0322847403586,-0.428096652031,0.429266661406,0.0026229955256,-0.362962782383
1776887818.74,0.58282327652,0.0618224814534,0.257084101439,0.467024117708,-0.0609475634992,0.26937764883,0.451154321432,-0.0568663924932,0.170982301235,0.434425681829,-0.0503591932356,0.0744552314281,0.418784886599,-0.0402716733515,-0.0216224193573,0.401133984327,-0.0276545733213,-0.116337150335,0.384141892195,-0.0112802777439,-0.215084284544,0.369791597128,0.00728153716773,-0.308152914047,0.348707407713,0.0322847403586,-0.428096652031,0.421114891768,0.00813091453165,-0.362962782383
1776887818.76,0.578867614269,0.0638601854444,0.254814952612,0.467024117708,-0.0609475634992,0.26937764883,0.451154321432,-0.0568663924932,0.170982301235,0.434425681829,-0.0503591932356,0.0744552314281,0.418784886599,-0.0402716733515,-0.0216224193573,0.401133984327,-0.0276545733213,-0.116337150335,0.384141892195,-0.0112802777439,-0.215084284544,0.369791597128,0.00728153716773,-0.308152914047,0.348707407713,0.0322847403586,-0.428096652031,0.413141816854,0.0137177389115,-0.362962782383
1776887818.77,0.575001358986,0.0660885423422,0.252696782351,0.467024117708,-0.0609475634992,0.26937764883,0.451154321432,-0.0568663924932,0.170982301235,0.434425681829,-0.0503591932356,0.0744552314281,0.418784886599,-0.0402716733515,-0.0216224193573,0.401133984327,-0.0276545733213,-0.116337150335,0.384141892195,-0.0112802777439,-0.215084284544,0.369791597128,0.00728153716773,-0.308152914047,0.348707407713,0.0322847403586,-0.428096652031,0.405372232199,0.0193901192397,-0.362962782383
1776887818.79,0.571938097477,0.0677736848593,0.251048207283,0.467024117708,-0.0609475634992,0.26937764883,0.451154321432,-0.0568663924932,0.170982301235,0.434425681829,-0.0503591932356,0.0744552314281,0.418784886599,-0.0402716733515,-0.0216224193573,0.401133984327,-0.0276545733213,-0.116337150335,0.384141892195,-0.0112802777439,-0.215084284544,0.369791597128,0.00728153716773,-0.308152914047,0.348707407713,0.0322847403586,-0.428096652031,0.397831708193,0.0251535885036,-0.362962782383
1776887818.8,0.567474365234,0.0700223222375,0.248751908541,0.467024117708,-0.0609475634992,0.26937764883,0.451154321432,-0.0568663924932,0.170982301235,0.434425681829,-0.0503591932356,0.0744552314281,0.418784886599,-0.0402716733515,-0.0216224193573,0.401133984327,-0.0276545733213,-0.116337150335,0.384141892195,-0.0112802777439,-0.215084284544,0.369791597128,0.00728153716773,-0.308152914047,0.348707407713,0.0322847403586,-0.428096652031,0.390546411276,0.0310124345124,-0.362962782383
1776887818.82,0.564051985741,0.0713781639934,0.247084289789,0.467024117708,-0.0609475634992,0.26937764883,0.451154321432,-0.0568663924932,0.170982301235,0.434425681829,-0.0503591932356,0.0744552314281,0.418784886599,-0.0402716733515,-0.0216224193573,0.401133984327,-0.0276545733213,-0.116337150335,0.384141892195,-0.0112802777439,-0.215084284544,0.369791597128,0.00728153716773,-0.308152914047,0.348707407713,0.0322847403586,-0.428096652031,0.383543223143,0.0369695499539,-0.362962782383
1776887818.83,0.560905754566,0.0721846073866,0.24568811059,0.467024117708,-0.0609475634992,0.26937764883,0.451154321432,-0.0568663924932,0.170982301235,0.434425681829,-0.0503591932356,0.0744552314281,0.418784886599,-0.0402716733515,-0.0216224193573,0.401133984327,-0.0276545733213,-0.116337150335,0.384141892195,-0.0112802777439,-0.215084284544,0.369791597128,0.00728153716773,-0.308152914047,0.348707407713,0.0322847403586,-0.428096652031,0.376849383116,0.043026316911,-0.362962782383
1776887818.85,0.558117866516,0.0723190903664,0.244603633881,0.467024117708,-0.0609475634992,0.26937764883,0.451154321432,-0.0568663924932,0.170982301235,0.434425681829,-0.0503591932356,0.0744552314281,0.418784886599,-0.0402716733515,-0.0216224193573,0.401133984327,-0.0276545733213,-0.116337150335,0.384141892195,-0.0112802777439,-0.215084284544,0.369791597128,0.00728153716773,-0.308152914047,0.348707407713,0.0322847403586,-0.428096652031,0.37049254775,0.0491824559867,-0.362962782383
1776887818.86,0.555624604225,0.0716439783573,0.243718728423,0.467024117708,-0.0609475634992,0.26937764883,0.451154321432,-0.0568663924932,0.170982301235,0.434425681829,-0.0503591932356,0.0744552314281,0.418784886599,-0.0402716733515,-0.0216224193573,0.401133984327,-0.0276545733213,-0.116337150335,0.384141892195,-0.0112802777439,-0.215084284544,0.369791597128,0.00728153716773,-0.308152914047,0.348707407713,0.0322847403586,-0.428096652031,0.364500373602,0.0554359294474,-0.362962782383
1776887818.88,0.553589701653,0.0701073557138,0.243117675185,0.467024117708,-0.0609475634992,0.26937764883,0.451154321432,-0.0568663924932,0.170982301235,0.434425681829,-0.0503591932356,0.0744552314281,0.418784886599,-0.0402716733515,-0.0216224193573,0.401133984327,-0.0276545733213,-0.116337150335,0.384141892195,-0.0112802777439,-0.215084284544,0.369791597128,0.00728153716773,-0.308152914047,0.348707407713,0.0322847403586,-0.428096652031,0.358900278807,0.0617828369141,-0.362962782383
1776887818.89,0.551999032497,0.0676911845803,0.242751657963,0.467024117708,-0.0609475634992,0.26937764883,0.451154321432,-0.0568663924932,0.170982301235,0.434425681829,-0.0503591932356,0.0744552314281,0.418784886599,-0.0402716733515,-0.0216224193573,0.401133984327,-0.0276545733213,-0.116337150335,0.384141892195,-0.0112802777439,-0.215084284544,0.369791597128,0.00728153716773,-0.308152914047,0.348707407713,0.0322847403586,-0.428096652031,0.353719323874,0.0682173445821,-0.362962782383
1776887818.91,0.550865530968,0.0644764378667,0.24260891974,0.467024117708,-0.0609475634992,0.26937764883,0.451154321432,-0.0568663924932,0.170982301235,0.434425681829,-0.0503591932356,0.0744552314281,0.418784886599,-0.0402716733515,-0.0216224193573,0.401133984327,-0.0276545733213,-0.116337150335,0.384141892195,-0.0112802777439,-0.215084284544,0.369791597128,0.00728153716773,-0.308152914047,0.348707407713,0.0322847403586,-0.428096652031,0.348983556032,0.0747316330671,-0.362962782383
1776887818.92,0.550186812878,0.0605611093342,0.242744237185,0.467024117708,-0.0609475634992,0.26937764883,0.451154321432,-0.0568663924932,0.170982301235,0.434425681829,-0.0503591932356,0.0744552314281,0.418784886599,-0.0402716733515,-0.0216224193573,0.401133984327,-0.0276545733213,-0.116337150335,0.384141892195,-0.0112802777439,-0.215084284544,0.369791597128,0.00728153716773,-0.308152914047,0.348707407713,0.0322847403586,-0.428096652031,0.34471783042,0.0813158676028,-0.362962782383
1776887818.94,0.549942672253,0.0560330152512,0.243154078722,0.467024117708,-0.0609475634992,0.26937764883,0.451154321432,-0.0568663924932,0.170982301235,0.434425681829,-0.0503591932356,0.0744552314281,0.418784886599,-0.0402716733515,-0.0216224193573,0.401133984327,-0.0276545733213,-0.116337150335,0.384141892195,-0.0112802777439,-0.215084284544,0.369791597128,0.00728153716773,-0.308152914047,0.348707407713,0.0322847403586,-0.428096652031,0.340945452452,0.0879582464695,-0.362962782383
1776887818.95,0.550092875957,0.050905559212,0.243840008974,0.467024117708,-0.0609475634992,0.26937764883,0.451154321432,-0.0568663924932,0.170982301235,0.434425681829,-0.0503591932356,0.0744552314281,0.418784886599,-0.0402716733515,-0.0216224193573,0.401133984327,-0.0276545733213,-0.116337150335,0.384141892195,-0.0112802777439,-0.215084284544,0.369791597128,0.00728153716773,-0.308152914047,0.348707407713,0.0322847403586,-0.428096652031,0.337687402964,0.0946450382471,-0.362962782383
1776887818.97,0.550515949726,0.0457099862397,0.244630843401,0.467024117708,-0.0609475634992,0.26937764883,0.451154321432,-0.0568663924932,0.170982301235,0.434425681829,-0.0503591932356,0.0744552314281,0.418784886599,-0.0402716733515,-0.0216224193573,0.401133984327,-0.0276545733213,-0.116337150335,0.384141892195,-0.0112802777439,-0.215084284544,0.369791597128,0.00728153716773,-0.308152914047,0.348707407713,0.0322847403586,-0.428096652031,0.334962517023,0.101360723376,-0.362962782383
1776887818.98,0.551216781139,0.0400080047548,0.245658561587,0.467024117708,-0.0609475634992,0.26937764883,0.451154321432,-0.0568663924932,0.170982301235,0.434425681829,-0.0503591932356,0.0744552314281,0.418784886599,-0.0402716733515,-0.0216224193573,0.401133984327,-0.0276545733213,-0.116337150335,0.384141892195,-0.0112802777439,-0.215084284544,0.369791597128,0.00728153716773,-0.308152914047,0.348707407713,0.0322847403586,-0.428096652031,0.332786291838,0.108088091016,-0.362962782383
1776887819,0.552087247372,0.0344092510641,0.246832445264,0.467024117708,-0.0609475634992,0.26937764883,0.451154321432,-0.0568663924932,0.170982301235,0.434425681829,-0.0503591932356,0.0744552314281,0.418784886599,-0.0402716733515,-0.0216224193573,0.401133984327,-0.0276545733213,-0.116337150335,0.384141892195,-0.0112802777439,-0.215084284544,0.369791597128,0.00728153716773,-0.308152914047,0.348707407713,0.0322847403586,-0.428096652031,0.331171363592,0.114808499813,-0.362962782383
1776887819.01,0.553010344505,0.0296592582017,0.247909739614,0.467024117708,-0.0609475634992,0.26937764883,0.451154321432,-0.0568663924932,0.170982301235,0.434425681829,-0.0503591932356,0.0744552314281,0.418784886599,-0.0402716733515,-0.0216224193573,0.401133984327,-0.0276545733213,-0.116337150335,0.384141892195,-0.0112802777439,-0.215084284544,0.369791597128,0.00728153716773,-0.308152914047,0.348707407713,0.0322847403586,-0.428096652031,0.33012637496,0.12150207907,-0.362962782383
1776887819.03,0.554487287998,0.0238335374743,0.249434709549,0.467024117708,-0.0609475634992,0.26937764883,0.451154321432,-0.0568663924932,0.170982301235,0.434425681829,-0.0503591932356,0.0744552314281,0.418784886599,-0.0402716733515,-0.0216224193573,0.401133984327,-0.0276545733213,-0.116337150335,0.384141892195,-0.0112802777439,-0.215084284544,0.369791597128,0.00728153716773,-0.308152914047,0.348707407713,0.0322847403586,-0.428096652031,0.329656213522,0.128148019314,-0.362962782383
1776887819.04,0.555932343006,0.0195156745613,0.250819265842,0.467024117708,-0.0609475634992,0.26937764883,0.451154321432,-0.0568663924932,0.170982301235,0.434425681829,-0.0503591932356,0.0744552314281,0.418784886599,-0.0402716733515,-0.0216224193573,0.401133984327,-0.0276545733213,-0.116337150335,0.384141892195,-0.0112802777439,-0.215084284544,0.369791597128,0.00728153716773,-0.308152914047,0.348707407713,0.0322847403586,-0.428096652031,0.329761713743,0.134724900126,-0.362962782383
1776887819.06,0.557727277279,0.0155446510762,0.252502679825,0.467024117708,-0.0609475634992,0.26937764883,0.451154321432,-0.0568663924932,0.170982301235,0.434425681829,-0.0503591932356,0.0744552314281,0.418784886599,-0.0402716733515,-0.0216224193573,0.401133984327,-0.0276545733213,-0.116337150335,0.384141892195,-0.0112802777439,-0.215084284544,0.369791597128,0.00728153716773,-0.308152914047,0.348707407713,0.0322847403586,-0.428096652031,0.330439418554,0.141211017966,-0.362962782383
1776887819.07,0.559619903564,0.0130406552926,0.254165410995,0.467024117708,-0.0609475634992,0.26937764883,0.451154321432,-0.0568663924932,0.170982301235,0.434425681829,-0.0503591932356,0.0744552314281,0.418784886599,-0.0402716733515,-0.0216224193573,0.401133984327,-0.0276545733213,-0.116337150335,0.384141892195,-0.0112802777439,-0.215084284544,0.369791597128,0.00728153716773,-0.308152914047,0.348707407713,0.0322847403586,-0.428096652031,0.331681579351,0.147584736347,-0.362962782383
1776887819.09,0.561806797981,0.0115030165762,0.255928426981,0.467024117708,-0.0609475634992,0.26937764883,0.451154321432,-0.0568663924932,0.170982301235,0.434425681829,-0.0503591932356,0.0744552314281,0.418784886599,-0.0402716733515,-0.0216224193573,0.401133984327,-0.0276545733213,-0.116337150335,0.384141892195,-0.0112802777439,-0.215084284544,0.369791597128,0.00728153716773,-0.308152914047,0.348707407713,0.0322847403586,-0.428096652031,0.333476394415,0.153824806213,-0.362962782383
1776887819.1,0.564043879509,0.0113353170455,0.257637023926,0.467024117708,-0.0609475634992,0.26937764883,0.451154321432,-0.0568663924932,0.170982301235,0.434425681829,-0.0503591932356,0.0744552314281,0.418784886599,-0.0402716733515,-0.0216224193573,0.401133984327,-0.0276545733213,-0.116337150335,0.384141892195,-0.0112802777439,-0.215084284544,0.369791597128,0.00728153716773,-0.308152914047,0.348707407713,0.0322847403586,-0.428096652031,0.335807949305,0.159910798073,-0.362962782383
1776887819.12,0.566492319107,0.0124495029449,0.259445130825,0.467024117708,-0.0609475634992,0.26937764883,0.451154321432,-0.0568663924932,0.170982301235,0.434425681829,-0.0503591932356,0.0744552314281,0.418784886599,-0.0402716733515,-0.0216224193573,0.401133984327,-0.0276545733213,-0.116337150335,0.384141892195,-0.0112802777439,-0.215084284544,0.369791597128,0.00728153716773,-0.308152914047,0.348707407713,0.0322847403586,-0.428096652031,0.338656753302,0.165823325515,-0.362962782383
1776887819.13,0.568991363049,0.0148218963295,0.261187642813,0.467024117708,-0.0609475634992,0.26937764883,0.451154321432,-0.0568663924932,0.170982301235,0.434425681829,-0.0503591932356,0.0744552314281,0.418784886599,-0.0402716733515,-0.0216224193573,0.401133984327,-0.0276545733213,-0.116337150335,0.384141892195,-0.0112802777439,-0.215084284544,0.369791597128,0.00728153716773,-0.308152914047,0.348707407713,0.0322847403586,-0.428096652031,0.341999918222,0.171544417739,-0.362962782383
1776887819.15,0.571591436863,0.0185916051269,0.26288664341,0.467024117708,-0.0609475634992,0.26937764883,0.451154321432,-0.0568663924932,0.170982301235,0.434425681829,-0.0503591932356,0.0744552314281,0.418784886599,-0.0402716733515,-0.0216224193573,0.401133984327,-0.0276545733213,-0.116337150335,0.384141892195,-0.0112802777439,-0.215084284544,0.369791597128,0.00728153716773,-0.308152914047,0.348707407713,0.0322847403586,-0.428096652031,0.345811575651,0.177057683468,-0.362962782383
1776887819.16,0.574434280396,0.0238272547722,0.264636367559,0.467024117708,-0.0609475634992,0.26937764883,0.451154321432,-0.0568663924932,0.170982301235,0.434425681829,-0.0503591932356,0.0744552314281,0.418784886599,-0.0402716733515,-0.0216224193573,0.401133984327,-0.0276545733213,-0.116337150335,0.384141892195,-0.0112802777439,-0.215084284544,0.369791597128,0.00728153716773,-0.308152914047,0.348707407713,0.0322847403586,-0.428096652031,0.350063592196,0.182348608971,-0.362962782383
1776887819.18,0.577288091183,0.03035954386,0.266197741032,0.467024117708,-0.0609475634992,0.26937764883,0.451154321432,-0.0568663924932,0.170982301235,0.434425681829,-0.0503591932356,0.0744552314281,0.418784886599,-0.0402716733515,-0.0216224193573,0.401133984327,-0.0276545733213,-0.116337150335,0.384141892195,-0.0112802777439,-0.215084284544,0.369791597128,0.00728153716773,-0.308152914047,0.348707407713,0.0322847403586,-0.428096652031,0.35472586751,0.187404617667,-0.362962782383
1776887819.19,0.580218434334,0.0382517911494,0.267756223679,0.467024117708,-0.0609475634992,0.26937764883,0.451154321432,-0.0568663924932,0.170982301235,0.434425681829,-0.0503591932356,0.0744552314281,0.418784886599,-0.0402716733515,-0.0216224193573,0.401133984327,-0.0276545733213,-0.116337150335,0.384141892195,-0.0112802777439,-0.215084284544,0.369791597128,0.00728153716773,-0.308152914047,0.348707407713,0.0322847403586,-0.428096652031,0.359767109156,0.192215204239,-0.362962782383
1776887819.21,0.583136498928,0.0472727008164,0.269078880548,0.467024117708,-0.0609475634992,0.26937764883,0.451154321432,-0.0568663924932,0.170982301235,0.434425681829,-0.0503591932356,0.0744552314281,0.418784886599,-0.0402716733515,-0.0216224193573,0.401133984327,-0.0276545733213,-0.116337150335,0.384141892195,-0.0112802777439,-0.215084284544,0.369791597128,0.00728153716773,-0.308152914047,0.348707407713,0.0322847403586,-0.428096652031,0.365155190229,0.19677194953,-0.362962782383
1776887819.22,0.585842311382,0.0562103390694,0.270181328058,0.467024117708,-0.0609475634992,0.26937764883,0.451154321432,-0.0568663924932,0.170982301235,0.434425681829,-0.0503591932356,0.0744552314281,0.418784886599,-0.0402716733515,-0.0216224193573,0.401133984327,-0.0276545733213,-0.116337150335,0.384141892195,-0.0112802777439,-0.215084284544,0.369791597128,0.00728153716773,-0.308152914047,0.348707407713,0.0322847403586,-0.428096652031,0.370857805014,0.201068490744,-0.362962782383
1776887819.24,0.588704586029,0.0663986876607,0.271307706833,0.467024117708,-0.0609475634992,0.26937764883,0.451154321432,-0.0568663924932,0.170982301235,0.434425681829,-0.0503591932356,0.0744552314281,0.418784886599,-0.0402716733515,-0.0216224193573,0.401133984327,-0.0276545733213,-0.116337150335,0.384141892195,-0.0112802777439,-0.215084284544,0.369791597128,0.00728153716773,-0.308152914047,0.348707407713,0.0322847403586,-0.428096652031,0.376843124628,0.205100446939,-0.362962782383
1776887819.25,0.591486811638,0.0767481401563,0.272281438112,0.467024117708,-0.0609475634992,0.26937764883,0.451154321432,-0.0568663924932,0.170982301235,0.434425681829,-0.0503591932356,0.0744552314281,0.418784886599,-0.0402716733515,-0.0216224193573,0.401133984327,-0.0276545733213,-0.116337150335,0.384141892195,-0.0112802777439,-0.215084284544,0.369791597128,0.00728153716773,-0.308152914047,0.348707407713,0.0322847403586,-0.428096652031,0.383079916239,0.208865299821,-0.362962782383
1776887819.27,0.594278931618,0.0878537073731,0.272963821888,0.467024117708,-0.0609475634992,0.26937764883,0.451154321432,-0.0568663924932,0.170982301235,0.434425681829,-0.0503591932356,0.0744552314281,0.418784886599,-0.0402716733515,-0.0216224193573,0.401133984327,-0.0276545733213,-0.116337150335,0.384141892195,-0.0112802777439,-0.215084284544,0.369791597128,0.00728153716773,-0.308152914047,0.348707407713,0.0322847403586,-0.428096652031,0.389538437128,0.212362229824,-0.362962782383
1776887819.28,0.59664529562,0.0970391556621,0.273468345404,0.467024117708,-0.0609475634992,0.26937764883,0.451154321432,-0.0568663924932,0.170982301235,0.434425681829,-0.0503591932356,0.0744552314281,0.418784886599,-0.0402716733515,-0.0216224193573,0.401133984327,-0.0276545733213,-0.116337150335,0.384141892195,-0.0112802777439,-0.215084284544,0.369791597128,0.00728153716773,-0.308152914047,0.348707407713,0.0322847403586,-0.428096652031,0.39619025588,0.2155918926,-0.362962782383
1776887819.3,0.59891808033,0.106375239789,0.273613721132,0.564668893814,0.0672554895282,0.186780944467,0.529135346413,0.0359847359359,0.0995955318213,0.491758912802,0.00930467341095,0.0117905363441,0.453158944845,-0.00616304203868,-0.0765515565872,0.413152843714,-0.0073986267671,-0.164727210999,0.378444999456,0.0151786208153,-0.25173586607,0.347091048956,0.0486314557493,-0.337626695633,0.308667331934,0.0996075123549,-0.440263867378,0.403009027243,0.2185562253,-0.362962782383
1776887819.31,0.601107418537,0.114653348923,0.273471146822,0.567564725876,0.0717571154237,0.187795013189,0.533156037331,0.0370616056025,0.1013854146,0.496493250132,0.00659153517336,0.0145556852221,0.458482116461,-0.0116552747786,-0.0738035738468,0.419231027365,-0.0118587091565,-0.16078299284,0.386117488146,0.0108923316002,-0.248805582523,0.356263667345,0.0416051782668,-0.336324185133,0.320692360401,0.0888891592622,-0.441591084003,0.409970313311,0.221258252859,-0.362962782383
1776887819.33,0.603141307831,0.121593415737,0.272969037294,0.57338821888,0.0812973827124,0.188707172871,0.541324138641,0.0412952266634,0.10313693434,0.506859183311,0.0046348432079,0.0180188417435,0.470217496157,-0.018412463367,-0.0695407092571,0.43300178647,-0.0226570237428,-0.158420920372,0.402351349592,-0.00130778551102,-0.247152745724,0.376818567514,0.0283459089696,-0.336255908012,0.346140831709,0.0725707933307,-0.44491648674,0.417051941156,0.223701760173,-0.362962782383
1776887819.34,0.605119585991,0.127385377884,0.272339224815,0.576104879379,0.0861243158579,0.188408851624,0.545233607292,0.0438662059605,0.10393319279,0.512007594109,0.00532085355371,0.0189863666892,0.476444453001,-0.0203808676451,-0.0680687129498,0.439654320478,-0.025883583352,-0.157516777515,0.410812884569,-0.00698417425156,-0.246781170368,0.387325793505,0.0203160550445,-0.338060349226,0.358700245619,0.0626737102866,-0.447151362896,0.424233943224,0.225891128182,-0.362962782383
1776887819.36,0.606813430786,0.131953820586,0.271200984716,0.580860495567,0.0947821959853,0.18744456768,0.552487254143,0.0509860180318,0.103126145899,0.522062301636,0.00942810066044,0.0185824111104,0.489069253206,-0.019740531221,-0.068967834115,0.455467134714,-0.0308503787965,-0.158870369196,0.427714794874,-0.0217890050262,-0.255220800638,0.406856030226,0.00127188069746,-0.346310585737,0.38375839591,0.0438218526542,-0.454481780529,0.431498736143,0.227831095457,-0.362962782383
1776887819.37,0.608587443829,0.13495606184,0.270016044378,0.580860495567,0.0947821959853,0.18744456768,0.552487254143,0.0509860180318,0.103126145899,0.522062301636,0.00942810066044,0.0185824111104,0.489069253206,-0.019740531221,-0.068967834115,0.455467134714,-0.0308503787965,-0.158870369196,0.427714794874,-0.0217890050262,-0.255220800638,0.406856030226,0.00127188069746,-0.346310585737,0.38375839591,0.0438218526542,-0.454481780529,0.438830763102,0.229526504874,-0.362962782383
1776887819.39,0.6104388237,0.136837780476,0.268552422523,0.587067365646,0.105705291033,0.183626845479,0.562257051468,0.0636270940304,0.0975675061345,0.536664366722,0.0221432056278,0.0112636983395,0.509558439255,-0.0115917492658,-0.0769556760788,0.482122510672,-0.0317993834615,-0.16734290123,0.460909038782,-0.0325063019991,-0.263000756502,0.441429406404,-0.0179513581097,-0.357721239328,0.421046465635,0.00916135683656,-0.475843608379,0.44621655345,0.230982124805,-0.362962782383
1776887819.4,0.611921012402,0.137287259102,0.266902267933,0.588616609573,0.108977936208,0.182377919555,0.565362095833,0.0686712712049,0.0947945937514,0.541464924812,0.0279981084168,0.00758516043425,0.517020583153,-0.00663744425401,-0.0808651894331,0.491680473089,-0.0296972617507,-0.171672672033,0.471326202154,-0.0354171805084,-0.269670277834,0.453219801188,-0.0249307472259,-0.363669991493,0.433829516172,-0.00121863302775,-0.481944024563,0.453644663095,0.2322024405,-0.362962782383
1776887819.42,0.613550007343,0.136614754796,0.264963597059,0.592188835144,0.114002078772,0.178656220436,0.571049928665,0.0783090144396,0.0887624099851,0.551394343376,0.0416178777814,-0.0011184066534,0.532246589661,0.00695190485567,-0.0905021131039,0.511968374252,-0.0211546737701,-0.182172626257,0.494854360819,-0.0351041853428,-0.279060125351,0.478764146566,-0.0337587967515,-0.37395426631,0.45897141099,-0.0242833420634,-0.494899988174,0.461105257273,0.233191549778,-0.362962782383
1776887819.43,0.614974915981,0.134968236089,0.263066917658,0.594028234482,0.115879803896,0.176581248641,0.574614167213,0.0831254273653,0.0854380428791,0.556962966919,0.0490100272,-0.00616002082825,0.539612174034,0.01540979743,-0.0965883433819,0.522501468658,-0.0141660338268,-0.187758386135,0.507485747337,-0.0322716757655,-0.284778237343,0.490928381681,-0.0388589054346,-0.380953192711,0.472323507071,-0.0358861498535,-0.500276684761,0.468589872122,0.233952954412,-0.362962782383
1776887819.45,0.616396248341,0.132060557604,0.260776460171,0.598449230194,0.11928666383,0.172395333648,0.582897305489,0.092563405633,0.0780132710934,0.568640589714,0.0643604025245,-0.0163424611092,0.55636715889,0.035453543067,-0.108598604798,0.543773055077,0.00572248734534,-0.200948894024,0.531965017319,-0.0205244533718,-0.297022432089,0.517251372337,-0.0417826846242,-0.390462696552,0.499188095331,-0.0606017634273,-0.508084237576,0.47609141469,0.234489500523,-0.362962782383
1776887819.46,0.617262840271,0.129622712731,0.259204268456,0.601666808128,0.1200292781,0.169910013676,0.587904691696,0.0966010317206,0.0746047347784,0.575843453407,0.0715560466051,-0.0209246426821,0.56468462944,0.0460416711867,-0.114258378744,0.554527282715,0.0173660162836,-0.207442343235,0.544091105461,-0.0121337482706,-0.302364289761,0.530316948891,-0.0409604981542,-0.394683659077,0.513258218765,-0.0722720697522,-0.508999884129,0.48360362649,0.23480322957,-0.362962782383
1776887819.48,0.61860615015,0.125310450792,0.256907582283,0.60849404335,0.121874704957,0.165172696114,0.599497675896,0.104584030807,0.0679320544004,0.591603636742,0.0860740318894,-0.0297821760178,0.58379471302,0.0655706226826,-0.124891579151,0.574810624123,0.0390908382833,-0.218313217163,0.566465616226,0.00523890182376,-0.311600953341,0.556457042694,-0.0374412313104,-0.397657692432,0.543433308601,-0.0932057201862,-0.503198862076,0.49112072587,0.234895393252,-0.362962782383
1776887819.49,0.619689047337,0.121077403426,0.254976958036,0.612239718437,0.122661307454,0.162764668465,0.605989217758,0.108469836414,0.064802095294,0.599852323532,0.0929970666766,-0.0331220775843,0.593495130539,0.0742814987898,-0.128696113825,0.584603428841,0.0481419153512,-0.222173601389,0.577413439751,0.0121371960267,-0.314901173115,0.569284439087,-0.0365168377757,-0.397860884666,0.559297680855,-0.101180583239,-0.497761845589,0.498637348413,0.234766349196,-0.362962782383
1776887819.51,0.620665132999,0.116497464478,0.253156632185,0.619286060333,0.123657777905,0.159168228507,0.618301749229,0.115446202457,0.0599627494812,0.615994572639,0.104311741889,-0.0384832471609,0.611895561218,0.0882662534714,-0.134776592255,0.605224490166,0.0615903809667,-0.227629125118,0.59992814064,0.0217329282314,-0.318440377712,0.595158338547,-0.0354835614562,-0.396226525307,0.591732263565,-0.112616166472,-0.487452864647,0.506148219109,0.234415590763,-0.362962782383
1776887819.52,0.621459305286,0.112013921142,0.251616030931,0.62219953537,0.123953387141,0.157359585166,0.623837590218,0.118386983871,0.0584946572781,0.623632311821,0.109581768513,-0.0402914732695,0.620896816254,0.0941452383995,-0.136917859316,0.615359425545,0.0665558353066,-0.229681938887,0.611251354218,0.0242091547698,-0.318822681904,0.608625173569,-0.0364131517708,-0.394424438477,0.607600569725,-0.116944342852,-0.482125759125,0.513647317886,0.233841747046,-0.362962782383
1776887819.54,0.622169435024,0.106961667538,0.250083148479,0.627653002739,0.122043460608,0.154978573322,0.633440256119,0.122416257858,0.0561154410243,0.637975931168,0.117843978107,-0.0431911200285,0.63854265213,0.103494346142,-0.139427125454,0.635637283325,0.0729764848948,-0.231213539839,0.635476946831,0.0263161733747,-0.318450272083,0.636422991753,-0.0384855568409,-0.390698075294,0.639540076256,-0.122840590775,-0.474362790585,0.521128535271,0.233042597771,-0.362962782383
1776887819.55,0.622799932957,0.101553238928,0.248640134931,0.629986047745,0.120254866779,0.15402212739,0.637670755386,0.122962325811,0.0552206486464,0.644114732742,0.120563060045,-0.0440888851881,0.647077679634,0.106679193676,-0.139929264784,0.646293997765,0.0753717571497,-0.231546700001,0.648142337799,0.0269687194377,-0.317612707615,0.650138616562,-0.0387267768383,-0.389063894749,0.65532720089,-0.124882489443,-0.471230864525,0.528584241867,0.232015222311,-0.362962782383
1776887819.57,0.623214364052,0.0966048464179,0.247401058674,0.633253216743,0.116436839104,0.152487158775,0.644772648811,0.12238702178,0.0538446456194,0.65546810627,0.123427078128,-0.0449970513582,0.663445234299,0.110018230975,-0.140323638916,0.667499542236,0.0763200893998,-0.230937182903,0.673279881477,0.0253295432776,-0.315556198359,0.678617954254,-0.0412369333208,-0.385621964931,0.687118172646,-0.12746411562,-0.467754840851,0.536006093025,0.230755969882,-0.362962782383
1776887819.58,0.623379230499,0.0919071286917,0.246294692159,0.63493680954,0.113618128002,0.151586383581,0.647614002228,0.120822675526,0.0534765422344,0.660861372948,0.123076081276,-0.0448194593191,0.671399950981,0.109934620559,-0.140641599894,0.677900075912,0.0754654705524,-0.23048722744,0.68613255024,0.0247509609908,-0.314748495817,0.69297170639,-0.0424693375826,-0.385018646717,0.702433824539,-0.127954110503,-0.466934323311,0.543383717537,0.229260712862,-0.362962782383
1776887819.6,0.623273670673,0.0874270647764,0.245308309793,0.636817932129,0.107807323337,0.150457650423,0.652839303017,0.116317994893,0.0531679242849,0.669761061668,0.119351632893,-0.0450883507729,0.686307430267,0.106209307909,-0.139797210693,0.69771873951,0.0721033066511,-0.228615611792,0.711315989494,0.022051025182,-0.313696622849,0.720962524414,-0.0435437038541,-0.38426399231,0.733382463455,-0.127750486135,-0.467587530613,0.550705552101,0.227524891496,-0.362962782383
1776887819.61,0.622892737389,0.083186969161,0.244330093265,0.638060331345,0.104372248054,0.149874478579,0.655140042305,0.112664818764,0.0526424720883,0.67428290844,0.115241765976,-0.0448558181524,0.692702651024,0.102861441672,-0.139252454042,0.707862854004,0.069476954639,-0.227819293737,0.723395705223,0.0205455981195,-0.312818288803,0.735341906548,-0.0441601537168,-0.384533107281,0.749329090118,-0.127367168665,-0.46907055378,0.557957649231,0.225543692708,-0.362962782383
1776887819.63,0.622218847275,0.079107619822,0.243346825242,0.639178752899,0.0966990217566,0.148793339729,0.659431695938,0.102889791131,0.0524847581983,0.682691812515,0.104422837496,-0.0444652885199,0.706931948662,0.0922504961491,-0.137770414352,0.726587176323,0.0621969997883,-0.227168262005,0.746759653091,0.0159758087248,-0.312342166901,0.762494564056,-0.0451346449554,-0.386161208153,0.780430674553,-0.12435887754,-0.473594844341,0.5651242733,0.223312273622,-0.362962782383
1776887819.64,0.621194601059,0.075066357851,0.242407187819,0.639914035797,0.0925216376781,0.148289263248,0.661617398262,0.0969503074884,0.0519364774227,0.686790823936,0.0972551703453,-0.0443502217531,0.712776422501,0.0857031717896,-0.13701915741,0.735513210297,0.0565193854272,-0.226046472788,0.759012341499,0.0137106087059,-0.312903523445,0.775443315506,-0.0457901060581,-0.387190937996,0.795802235603,-0.122545428574,-0.476449131966,0.572187304497,0.220825970173,-0.362962782383
1776887819.66,0.61991083622,0.0710111185908,0.241564169526,0.641791462898,0.0826137661934,0.147476285696,0.666501045227,0.0830495730042,0.051887691021,0.694492220879,0.080214060843,-0.0435625761747,0.724259495735,0.068808786571,-0.134959936142,0.751466631889,0.0433624275029,-0.224890857935,0.779379844666,0.00578925013542,-0.312416613102,0.800931453705,-0.047187551856,-0.390769064426,0.826953530312,-0.116349823773,-0.484578311443,0.579126358032,0.218080475926,-0.362962782383
1776887819.67,0.618258357048,0.0670690611005,0.240641355515,0.642922282219,0.0774680152535,0.147585436702,0.669077754021,0.0753104910254,0.0519669950008,0.698516845703,0.0705314129591,-0.0429263859987,0.72992682457,0.0590919964015,-0.133267641068,0.75819504261,0.0352573506534,-0.223368644714,0.78848195076,0.00056243641302,-0.312000632286,0.81253862381,-0.0481097362936,-0.391596019268,0.842408657074,-0.112086430192,-0.488897681236,0.585919141769,0.215072110295,-0.362962782383
1776887819.69,0.616285264492,0.0630833506584,0.239721804857,0.645401954651,0.0661633387208,0.147410184145,0.674819350243,0.0583500936627,0.0535574629903,0.706618666649,0.0490761362016,-0.0404428988695,0.73928129673,0.0352731086314,-0.130482554436,0.770703315735,0.0143038351089,-0.219878345728,0.804946064949,-0.0135693931952,-0.309213846922,0.834574103355,-0.0512056462467,-0.393943965435,0.871755123138,-0.100272759795,-0.496351778507,0.592540621758,0.211798012257,-0.362962782383
1776887819.71,0.614208579063,0.0592385008931,0.239022672176,0.646450400352,0.0602816715837,0.14760529995,0.677920222282,0.0494233444333,0.05489230901,0.709933876991,0.0372654758394,-0.0387203842402,0.743860006332,0.0218202602118,-0.127651274204,0.776299953461,0.00219656806439,-0.218098729849,0.812594532967,-0.0214534755796,-0.30673801899,0.844774127007,-0.0528521053493,-0.393927335739,0.886170268059,-0.0924962088466,-0.499290108681,0.598964095116,0.208256438375,-0.362962782383
1776887819.72,0.6116065979,0.054583735764,0.238497555256,0.647167801857,0.0481022372842,0.149612873793,0.682209730148,0.0304399132729,0.0589196234941,0.71680188179,0.0125508736819,-0.0331903547049,0.751600265503,-0.00600139610469,-0.121636882424,0.786268234253,-0.0247129891068,-0.211235553026,0.824576616287,-0.0410652346909,-0.301234513521,0.862608075142,-0.0563887134194,-0.389994859695,0.910750985146,-0.0736364200711,-0.498709499836,0.605161190033,0.204446956515,-0.362962782383
1776887819.73,0.608856916428,0.0500044897199,0.238051250577,0.646886825562,0.0415288992226,0.150759026408,0.683856129646,0.020742258057,0.0608688294888,0.719297528267,3.14286444336e-05,-0.0297903865576,0.756135225296,-0.0197444688529,-0.11733405292,0.791303277016,-0.0372149497271,-0.207082808018,0.830525875092,-0.0495026484132,-0.297111302614,0.870329260826,-0.0577709302306,-0.386685848236,0.920589923859,-0.0632091164589,-0.495414614677,0.611101508141,0.200370684266,-0.362962782383
1776887819.75,0.605980336666,0.0447604767978,0.23777025938,0.644750475883,0.0294892787933,0.152309939265,0.684226036072,0.00319087924436,0.0654402971268,0.723719358444,-0.0221980791539,-0.0223862528801,0.762495994568,-0.0418510362506,-0.109594300389,0.800812840462,-0.0575346872211,-0.197456717491,0.842190504074,-0.0618201233447,-0.288052409887,0.883725762367,-0.0577727146447,-0.376195847988,0.936484575272,-0.0432763658464,-0.483006060123,0.616753935814,0.196030408144,-0.362962782383
1776887819.76,0.602977693081,0.0388718470931,0.237708777189,0.643058776855,0.0239637587219,0.152946338058,0.683418750763,-0.00463488092646,0.0672643855214,0.724749088287,-0.0309829879552,-0.0186242759228,0.765335559845,-0.0516314022243,-0.105079904199,0.805410146713,-0.0652034580708,-0.193181246519,0.848278522491,-0.0651179105043,-0.282549351454,0.890239596367,-0.0558830536902,-0.370779305696,0.942686319351,-0.0335101038218,-0.475457191467,0.622086524963,0.191430866718,-0.362962782383
1776887819.78,0.599912762642,0.0323603972793,0.238076254725,0.638699889183,0.0144725367427,0.153955206275,0.681314826012,-0.0173334367573,0.0701886638999,0.725553870201,-0.0460065305233,-0.0134095996618,0.769560098648,-0.066234357655,-0.097697198391,0.812999606133,-0.0753871425986,-0.185179710388,0.858803868294,-0.0684417784214,-0.272466897964,0.902126312256,-0.0499929413199,-0.358660966158,0.954404830933,-0.0174069926143,-0.460520267487,0.627066731453,0.186578735709,-0.362962782383
1776887819.79,0.596606612206,0.0252645406872,0.238586857915,0.637318134308,0.0105091482401,0.154160887003,0.679931879044,-0.0221893694252,0.0710663944483,0.724549651146,-0.0517037957907,-0.011651918292,0.771305203438,-0.0718127787113,-0.0951066464186,0.816722035408,-0.0790614709258,-0.181253433228,0.863611459732,-0.0679947659373,-0.267962276936,0.907361030579,-0.0463312603533,-0.353026777506,0.959170460701,-0.00931093469262,-0.45399749279,0.631662845612,0.181482791901,-0.362962782383
1776887819.81,0.593204140663,0.0172609891742,0.239443600178,0.633013010025,0.00209469953552,0.154585108161,0.676493763924,-0.0303032938391,0.0721295028925,0.723616480827,-0.0595057792962,-0.00995226204395,0.773799300194,-0.0783239677548,-0.0913838148117,0.822200059891,-0.0816307514906,-0.17625066638,0.871627211571,-0.0654494687915,-0.259975641966,0.916775345802,-0.0379557609558,-0.342706799507,0.968915820122,0.0055794287473,-0.440868675709,0.635843515396,0.176153883338,-0.362962782383
1776887819.82,0.589720666409,0.00805138703436,0.240777105093,0.630143642426,-0.00205486407503,0.155036732554,0.674744725227,-0.0333339981735,0.0720909237862,0.722664237022,-0.0621359981596,-0.00993749499321,0.774264216423,-0.0799095258117,-0.0902007520199,0.824793696404,-0.0819076448679,-0.172886073589,0.875112533569,-0.0629460662603,-0.256871789694,0.920876979828,-0.0339564532042,-0.338162183762,0.973210692406,0.0115368915722,-0.435163140297,0.639579057693,0.170604914427,-0.362962782383
1776887819.84,0.586071670055,-0.00229584565386,0.242329597473,0.625269889832,-0.0107390731573,0.155433997512,0.670991659164,-0.038653165102,0.0720035284758,0.72115945816,-0.0632565096021,-0.00918832421303,0.774516820908,-0.0788341984153,-0.0892648696899,0.827508091927,-0.0782605335116,-0.17137798667,0.879989504814,-0.056923545897,-0.252520769835,0.927580595016,-0.0244103744626,-0.331684112549,0.981827497482,0.0239307805896,-0.42568051815,0.642841458321,0.164850741625,-0.362962782383
1776887819.85,0.582236945629,-0.0132415806875,0.24434363842,0.62276995182,-0.0153266713023,0.155656665564,0.668831467628,-0.0405493117869,0.0715512037277,0.719827413559,-0.0628830045462,-0.00959512591362,0.773853063583,-0.0765167325735,-0.0897540748119,0.828230381012,-0.0747658163309,-0.170945376158,0.881854534149,-0.0534201525152,-0.251140594482,0.930505633354,-0.0200408361852,-0.328772604465,0.98622071743,0.0301592089236,-0.421859622002,0.645605564117,0.158908009529,-0.362962782383
1776887819.87,0.577996850014,-0.0264306273311,0.246913701296,0.618431568146,-0.024237209931,0.156683951616,0.665277957916,-0.0433070026338,0.071861051023,0.716942191124,-0.0598472170532,-0.0108425021172,0.771763205528,-0.0687414854765,-0.0907516628504,0.827556729317,-0.0652480721474,-0.171301275492,0.883377194405,-0.0433943681419,-0.249547570944,0.934554576874,-0.0101585583761,-0.326004743576,0.993808865547,0.0404822044075,-0.415987491608,0.647848963737,0.152794957161,-0.362962782383
1776887819.88,0.574131786823,-0.0386522524059,0.249569371343,0.61666560173,-0.0285085141659,0.157842472196,0.663967251778,-0.0436364449561,0.0722531601787,0.715141773224,-0.0569830276072,-0.0107634663582,0.770117282867,-0.06323505193,-0.0914251208305,0.826291203499,-0.059103704989,-0.170840919018,0.883041858673,-0.0369315929711,-0.248645693064,0.935549139977,-0.00440314691514,-0.32488527894,0.99713075161,0.0453454405069,-0.413958609104,0.649552583694,0.146531164646,-0.362962782383
1776887819.9,0.569871127605,-0.0527073740959,0.252855330706,0.613499283791,-0.0362667180598,0.160552114248,0.660679340363,-0.0433271043003,0.074003316462,0.711443066597,-0.0490130446851,-0.00995427370071,0.765236496925,-0.0499425791204,-0.0918750017881,0.82054579258,-0.0423919074237,-0.171592235565,0.879054665565,-0.0213292092085,-0.248361259699,0.935589790344,0.0080610467121,-0.32330930233,1.0032749176,0.0524783656001,-0.410457491875,0.650701403618,0.140137225389,-0.362962782383
1776887819.91,0.5658416152,-0.0664768666029,0.256432384253,0.611355662346,-0.0406258441508,0.162792727351,0.658765077591,-0.0427366048098,0.0758315622807,0.709279060364,-0.0439906604588,-0.00911965966225,0.762177467346,-0.0411289669573,-0.0909488499165,0.817458033562,-0.0324070453644,-0.170463502407,0.87613928318,-0.0116858957335,-0.247411519289,0.934470176697,0.0149262547493,-0.321644902229,1.00488758087,0.0552798584104,-0.408825874329,0.651284217834,0.133634477854,-0.362962782383
1776887819.93,0.561025798321,-0.0831644237041,0.260903686285,0.607238054276,-0.04882299155,0.168042525649,0.654731631279,-0.0404063649476,0.0814830809832,0.703866243362,-0.0315256118774,-0.00443896651268,0.755072236061,-0.0208317898214,-0.0858628600836,0.808779597282,-0.00819183140993,-0.167091757059,0.8682076931,0.0095526240766,-0.244292795658,0.928920149803,0.0295440480113,-0.317793369293,1.00521659851,0.0580847449601,-0.404593527317,0.651293873787,0.127044573426,-0.362962782383
1776887819.94,0.556576609612,-0.0989212095737,0.265794783831,0.604961156845,-0.0532201603055,0.171005934477,0.652053356171,-0.0391984321177,0.0855482146144,0.701323986053,-0.0252595636994,0.000855505466461,0.751227736473,-0.0101899122819,-0.0817561149597,0.804328918457,0.00444464152679,-0.162031501532,0.863160133362,0.0211423523724,-0.24035179615,0.924955487251,0.0367167964578,-0.314493000507,1.00335919857,0.0586340166628,-0.401813328266,0.650727748871,0.120389223099,-0.362962782383
1776887819.96,0.551950216293,-0.115552812815,0.270974904299,0.598755836487,-0.063230663538,0.179269105196,0.64556312561,-0.0375237949193,0.0957101732492,0.693982124329,-0.0127759408206,0.0133643373847,0.742842197418,0.00972600094974,-0.0679561793804,0.794528603554,0.0280614718795,-0.148338496685,0.853351831436,0.041861589998,-0.227628588676,0.914384126663,0.0497759357095,-0.303078621626,0.992670297623,0.0585921406746,-0.39297670126,0.649587273598,0.113689750433,-0.362962782383
1776887819.97,0.547831892967,-0.130567207932,0.276400715113,0.595257878304,-0.0683459714055,0.183652833104,0.64122736454,-0.0375901088119,0.10183262825,0.689409136772,-0.00812300667167,0.0209397748113,0.73837351799,0.017906922847,-0.0590394735336,0.790055036545,0.0374442711473,-0.14024746418,0.847862958908,0.0507351346314,-0.219664722681,0.908028721809,0.0548773370683,-0.296157956123,0.984931826591,0.0582862235606,-0.387502551079,0.647878050804,0.10696683079,-0.362962782383
1776887819.99,0.543154239655,-0.148022443056,0.282965034246,0.587833046913,-0.0816574990749,0.193532854319,0.632084012032,-0.0410438999534,0.114665083587,0.679471731186,-0.00238702399656,0.0368578359485,0.728314757347,0.0287024341524,-0.0409508049488,0.780015230179,0.0508161298931,-0.12104819715,0.836697459221,0.0639120712876,-0.201150149107,0.893565416336,0.0630895122886,-0.280682474375,0.965757608414,0.0588379725814,-0.375394195318,0.645609498024,0.100240148604,-0.362962782383
1776887820,0.539374649525,-0.162810489535,0.289256125689,0.583852887154,-0.0893757790327,0.198602199554,0.627263665199,-0.0446064062417,0.121719017625,0.673840403557,-0.00268958043307,0.0457938238978,0.722946882248,0.0314261354506,-0.0311589092016,0.774234294891,0.05524174124,-0.110963776708,0.830090045929,0.0677285119891,-0.191603153944,0.885596990585,0.0657139420509,-0.272305130959,0.954691886902,0.0595047026873,-0.369462966919,0.64279460907,0.0935281291604,-0.362962782383
1776887820.02,0.535403013229,-0.17888623476,0.296760380268,0.576528310776,-0.106600433588,0.20899489522,0.617353200912,-0.055013820529,0.135296359658,0.662404179573,-0.0065171266906,0.061883457005,0.710968732834,0.0328054726124,-0.0133145749569,0.761919021606,0.0588308982551,-0.0925720334053,0.816553473473,0.0723825991154,-0.173874258995,0.867821216583,0.0694795250893,-0.256936728954,0.931038737297,0.0620096027851,-0.35803437233,0.639449477196,0.0868477001786,-0.362962782383
1776887820.03,0.532345533371,-0.19217248261,0.303686380386,0.573389053345,-0.115944422781,0.214370250702,0.612675309181,-0.0622163899243,0.141167700291,0.656852722168,-0.0105327768251,0.0691082179546,0.704766273499,0.0311637371778,-0.00455102324486,0.755411267281,0.0586222633719,-0.0834817886353,0.808752059937,0.0728917345405,-0.165944874287,0.858429074287,0.0701442286372,-0.250148415565,0.918683886528,0.0632784813643,-0.352876186371,0.635593295097,0.0802141129971,-0.362962782383
1776887820.05,0.529782533646,-0.204560294747,0.310902893543,0.57000374794,-0.12531965971,0.218970507383,0.608343243599,-0.0696824043989,0.14703053236,0.651187896729,-0.0158600080758,0.0762281566858,0.698242425919,0.0285492837429,0.00363942235708,0.748372793198,0.0575369372964,-0.0756320655346,0.800528645515,0.0727045610547,-0.158253967762,0.848023056984,0.0707235112786,-0.243770986795,0.906338095665,0.0650979503989,-0.347891300917,0.631247639656,0.0736407712102,-0.362962782383
1776887820.06,0.527396559715,-0.217987582088,0.319735348225,0.564261555672,-0.144701078534,0.227903008461,0.600258231163,-0.0866604596376,0.157060116529,0.64052259922,-0.0292963255197,0.0873787403107,0.685126304626,0.0200605802238,0.0164697766304,0.732794761658,0.0528919845819,-0.0626463890076,0.782672166824,0.0705300122499,-0.146395802498,0.827250003815,0.071564912796,-0.233878433704,0.881004810333,0.0694950446486,-0.340181350708,0.626435875893,0.0671391561627,-0.362962782383
1776887820.08,0.525978446007,-0.2285874933,0.327789902687,0.559740185738,-0.163583502173,0.237279295921,0.593142986298,-0.105136983097,0.165412098169,0.630569219589,-0.0457736551762,0.0960256159306,0.672051429749,0.00689029693604,0.0255053043365,0.716719031334,0.0443551503122,-0.0534659028053,0.763336420059,0.0664787963033,-0.13762563467,0.805005073547,0.0712589919567,-0.226331442595,0.855254888535,0.0734259039164,-0.334652155638,0.621183156967,0.0607187524438,-0.362962782383
1776887820.09,0.525391757488,-0.236945226789,0.335367053747,0.557732462883,-0.17250148952,0.241980284452,0.590230107307,-0.114588320255,0.168902590871,0.625635743141,-0.0547858253121,0.0993135645986,0.665860533714,-0.00128689792473,0.0282114744186,0.708222270012,0.0386138521135,-0.0506138205528,0.75320482254,0.0637645944953,-0.134568333626,0.793439745903,0.0706790015101,-0.224307149649,0.84241104126,0.0746919736266,-0.332710832357,0.615515828133,0.0543870665133,-0.362962782383
1776887820.11,0.525502920151,-0.245109498501,0.343992441893,0.555050373077,-0.189317449927,0.25043591857,0.584390282631,-0.133229196072,0.175006657839,0.616959810257,-0.0744518786669,0.103032715619,0.65274310112,-0.0193094573915,0.0311239734292,0.690608978271,0.0248408596963,-0.0476662814617,0.731747150421,0.0555138885975,-0.132347375154,0.769776463509,0.0682224482298,-0.221378237009,0.816454172134,0.0802174210548,-0.331221312284,0.609460949898,0.0481495968997,-0.362962782383
1776887820.12,0.526494979858,-0.250910550356,0.351747661829,0.554214596748,-0.196947008371,0.254770278931,0.582072138786,-0.142487853765,0.177653834224,0.612740278244,-0.0846771299839,0.103884153068,0.646122813225,-0.0295546706766,0.031240336597,0.681375265121,0.0162360500544,-0.0478793978691,0.721168518066,0.0500913597643,-0.13226133585,0.757655262947,0.0664681494236,-0.221396356821,0.803007364273,0.0824246406555,-0.330783545971,0.603046059608,0.0420099273324,-0.362962782383
1776887820.14,0.52824485302,-0.255267858505,0.359228730202,0.553354382515,-0.210396125913,0.263325512409,0.578144431114,-0.160176217556,0.182569026947,0.604791641235,-0.10618493706,0.10378164053,0.633312106133,-0.0521702356637,0.0285516157746,0.663477301598,-0.00418006256223,-0.0515202879906,0.69840657711,0.0353903993964,-0.135149866343,0.732328176498,0.0606189593673,-0.223736017942,0.776144504547,0.0883423984051,-0.33081689477,0.59629881382,0.0359697937965,-0.362962782383
1776887820.15,0.530670881271,-0.258269935846,0.366238683462,0.553342938423,-0.216409400105,0.267144918442,0.576525211334,-0.168447807431,0.184320032597,0.601256728172,-0.117221571505,0.103568039834,0.626863598824,-0.064712241292,0.0259936675429,0.654559731483,-0.0162311084569,-0.05462898314,0.687211513519,0.0257319565862,-0.137813657522,0.719823122025,0.0562379136682,-0.225035667419,0.761946320534,0.0908581167459,-0.331259101629,0.589246630669,0.0300291925669,-0.362962782383
1776887820.17,0.533631503582,-0.259982258081,0.372756034136,0.553504824638,-0.225860983133,0.274634718895,0.573283195496,-0.183672651649,0.188359126449,0.593960523605,-0.138671323657,0.102220222354,0.614696860313,-0.0915892124176,0.0195849910378,0.636931419373,-0.0437715053558,-0.0626575499773,0.664759874344,0.00344972964376,-0.144637197256,0.694068074226,0.0448259972036,-0.228967934847,0.731841921806,0.0951330661774,-0.330415159464,0.581917047501,0.0241864863783,-0.362962782383
1776887820.18,0.537166535854,-0.260437846184,0.378640502691,0.554153561592,-0.229860588908,0.27869412303,0.571277976036,-0.190378636122,0.189597159624,0.589630961418,-0.148999139667,0.10150218755,0.609524011612,-0.105313308537,0.0166614130139,0.628946065903,-0.0594847910106,-0.0673727691174,0.654561638832,-0.0103224162012,-0.148911386728,0.680524587631,0.0372617989779,-0.230207532644,0.715123176575,0.0962228178978,-0.327755868435,0.574336528778,0.0184385310858,-0.362962782383
1776887820.2,0.541074156761,-0.259909361601,0.383742600679,0.554631352425,-0.23660504818,0.284465372562,0.568262696266,-0.203346446157,0.192563131452,0.582714438438,-0.16833153367,0.101130641997,0.598460078239,-0.131638273597,0.0126704126596,0.614343047142,-0.0894727706909,-0.0739175975323,0.634360432625,-0.0375230535865,-0.154916465282,0.654211401939,0.0194891989231,-0.231688290834,0.680538773537,0.094111263752,-0.321271896362,0.566531300545,0.0127808265388,-0.362962782383
1776887820.21,0.54533135891,-0.258531928062,0.387984097004,0.554512619972,-0.239892318845,0.286058992147,0.566444516182,-0.210028320551,0.193213641644,0.579966902733,-0.177957952023,0.100738413632,0.593820095062,-0.143503561616,0.0112844631076,0.607386112213,-0.103391781449,-0.0761852115393,0.624356031418,-0.0497434996068,-0.157442748547,0.641512989998,0.0100068617612,-0.232510060072,0.662321805954,0.091096714139,-0.317427068949,0.55852663517,0.00720764324069,-0.362962782383
1776887820.23,0.550191819668,-0.256291508675,0.391640275717,0.556753516197,-0.246984809637,0.291435480118,0.564321279526,-0.22332316637,0.195379644632,0.573463559151,-0.195952802896,0.101504459977,0.58379805088,-0.16558983922,0.0103991404176,0.593575596809,-0.127409875393,-0.0796241015196,0.605200529099,-0.0732905045152,-0.160225391388,0.615262150764,-0.00822341162711,-0.232060074806,0.62553358078,0.0815997198224,-0.310062408447,0.550347447395,0.00171215785667,-0.362962782383
1776887820.24,0.554583966732,-0.253707259893,0.393826395273,0.557394266129,-0.249859780073,0.293526530266,0.56350672245,-0.229484587908,0.196560293436,0.570029020309,-0.204740419984,0.101639322937,0.578914999962,-0.175454750657,0.00999242812395,0.586447358131,-0.137608066201,-0.0798517018557,0.594856142998,-0.0832202360034,-0.161306709051,0.601850271225,-0.0166994705796,-0.231533378363,0.607157945633,0.0754444971681,-0.307320475578,0.542017459869,-0.00371339940466,-0.362962782383
1776887820.26,0.559473633766,-0.250412285328,0.395325094461,0.560624837875,-0.253901124001,0.297055393457,0.562219500542,-0.240020275116,0.19847625494,0.563832879066,-0.221221610904,0.100888103247,0.569566965103,-0.194625928998,0.0093534886837,0.572313427925,-0.156907781959,-0.0796734541655,0.575055003166,-0.101378291845,-0.161494940519,0.574805021286,-0.0331667736173,-0.230821043253,0.570532441139,0.0612085014582,-0.303607523441,0.533559918404,-0.00907761976123,-0.362962782383
1776887820.27,0.564093708992,-0.246920883656,0.395781636238,0.562180280685,-0.255134552717,0.298612654209,0.561568021774,-0.244740530849,0.199796557426,0.562965393066,-0.228753849864,0.103057175875,0.564569592476,-0.202618896961,0.010352499783,0.564752101898,-0.165426313877,-0.0794878005981,0.564759373665,-0.109574668109,-0.160672277212,0.560895562172,-0.0415886603296,-0.230261951685,0.552260637283,0.0529258325696,-0.303271502256,0.524997353554,-0.0143897822127,-0.362962782383
1776887820.29,0.569445431232,-0.242510482669,0.395125448704,0.566049218178,-0.255761563778,0.300141751766,0.561596274376,-0.251882016659,0.201290726662,0.558062553406,-0.242265626788,0.103772453964,0.555431485176,-0.217962801456,0.0103628113866,0.549753665924,-0.180580481887,-0.0790533274412,0.542910933495,-0.123970501125,-0.159815698862,0.532621979713,-0.0569547563791,-0.229502975941,0.516126990318,0.0348741970956,-0.304250985384,0.516351699829,-0.0196597315371,-0.362962782383
1776887820.3,0.574515998363,-0.237793132663,0.393543213606,0.568098902702,-0.255630582571,0.300973594189,0.56175160408,-0.254597485065,0.201920151711,0.556467175484,-0.247258394957,0.1034540236,0.550900220871,-0.22478248179,0.0106621384621,0.541585206985,-0.186183899641,-0.0775093436241,0.531537532806,-0.131136640906,-0.159383684397,0.518605709076,-0.0659033209085,-0.230691611767,0.498919457197,0.0254079736769,-0.305353492498,0.507644414902,-0.0248977541924,-0.362962782383
1776887820.32,0.579642176628,-0.232633665204,0.390977203846,0.571817994118,-0.25443816185,0.300554573536,0.562840819359,-0.257276803255,0.201507806778,0.551631808281,-0.25370106101,0.102348171175,0.541984081268,-0.233548864722,0.0108424648643,0.525881767273,-0.197454556823,-0.0779995173216,0.508818626404,-0.14397674799,-0.159429818392,0.48959890008,-0.0824076905847,-0.232326000929,0.46367380023,0.00419238116592,-0.310987859964,0.498896509409,-0.0301144644618,-0.362962782383
1776887820.33,0.584646582603,-0.227073535323,0.387441039085,0.574112534523,-0.25272834301,0.299398303032,0.563521623611,-0.257924407721,0.201062381268,0.550817251205,-0.255865961313,0.102410547435,0.536895632744,-0.236144155264,0.0110129714012,0.518028855324,-0.202077165246,-0.0784184187651,0.497806638479,-0.150927916169,-0.16017127037,0.475008994341,-0.0899886190891,-0.233356714249,0.446492046118,-0.00682565523311,-0.314478754997,0.490128785372,-0.0353206992149,-0.362962782383
1776887820.35,0.589517354965,-0.221058636904,0.383127510548,0.578502655029,-0.248228013515,0.296603083611,0.564918279648,-0.255670309067,0.198403656483,0.54728770256,-0.255869060755,0.100950695574,0.526819944382,-0.23812353611,0.00998363643885,0.50017285347,-0.20664948225,-0.0767055749893,0.474838703871,-0.162523135543,-0.162809967995,0.446544796228,-0.107189044356,-0.238552093506,0.412731319666,-0.0304195024073,-0.322883397341,0.4813618958,-0.0405273884535,-0.362962782383
1776887820.36,0.594200313091,-0.214640185237,0.3780862391,0.58091199398,-0.245065301657,0.294314712286,0.565034151077,-0.252866268158,0.196259826422,0.545181751251,-0.253952980042,0.0993615835905,0.522415995598,-0.238520607352,0.00848323106766,0.491868108511,-0.208453401923,-0.0779123306274,0.462430983782,-0.167417779565,-0.163588345051,0.433380633593,-0.115094698966,-0.23934301734,0.396104425192,-0.0426841489971,-0.328621298075,0.472616583109,-0.0457454621792,-0.362962782383
1776887820.38,0.598583340645,-0.207760751247,0.372335523367,0.58463871479,-0.2356030792,0.28860783577,0.565022587776,-0.244149684906,0.191561758518,0.54007089138,-0.245614901185,0.0959795564413,0.510040998459,-0.235150530934,0.00486720353365,0.475414544344,-0.210517823696,-0.0801295489073,0.440807849169,-0.175046309829,-0.166373670101,0.407660037279,-0.129728987813,-0.245313197374,0.363267272711,-0.0705025792122,-0.341370582581,0.463913589716,-0.0509857460856,-0.362962782383
1776887820.39,0.602474987507,-0.200781092048,0.365920692682,0.585864186287,-0.230132415891,0.285378962755,0.56405878067,-0.237828150392,0.188796907663,0.536589503288,-0.240577802062,0.0933295041323,0.504369854927,-0.231751024723,0.00325117260218,0.467319458723,-0.210048571229,-0.0821119695902,0.430412560701,-0.179007232189,-0.168181985617,0.394624978304,-0.139002501965,-0.249018281698,0.346809536219,-0.083544999361,-0.344622820616,0.455274015665,-0.0562588237226,-0.362962782383
1776887820.41,0.605960726738,-0.193364977837,0.35893419385,0.586402654648,-0.217658117414,0.277685254812,0.56009888649,-0.222667202353,0.182025074959,0.528745532036,-0.225886836648,0.0882409140468,0.492377728224,-0.220633745193,-0.00083514302969,0.450280874968,-0.208989351988,-0.0882957577705,0.410337477922,-0.184534177184,-0.172876983881,0.370281547308,-0.152730986476,-0.255000084639,0.318117022514,-0.111716724932,-0.355772227049,0.446719378233,-0.0615749545395,-0.362962782383
1776887820.43,0.609327554703,-0.184385031462,0.350533306599,0.585811257362,-0.210801303387,0.273855268955,0.556877970695,-0.214612647891,0.178799927235,0.523683309555,-0.216308280826,0.0862526074052,0.485655814409,-0.21401026845,-0.00353455543518,0.442420810461,-0.205310568213,-0.0897157788277,0.400792390108,-0.18514341116,-0.17496830225,0.359231203794,-0.16068212688,-0.258526206017,0.304650485516,-0.130476221442,-0.364479392767,0.438271611929,-0.0669439435005,-0.362962782383
1776887820.44,0.611524760723,-0.177011847496,0.343813955784,0.584229469299,-0.203708797693,0.269610613585,0.553182482719,-0.205737411976,0.175484463573,0.518358111382,-0.207245513797,0.0829937905073,0.479002088308,-0.20531655848,-0.00587689876556,0.435210138559,-0.201099395752,-0.0926047712564,0.392174512148,-0.189584553242,-0.179966211319,0.349115878344,-0.168533265591,-0.261677533388,0.289119839668,-0.152146890759,-0.370538115501,0.429953306913,-0.0723750069737,-0.362962782383
1776887820.45,0.613453984261,-0.168546974659,0.33581328392,0.584229469299,-0.203708797693,0.269610613585,0.553182482719,-0.205737411976,0.175484463573,0.518358111382,-0.207245513797,0.0829937905073,0.479002088308,-0.20531655848,-0.00587689876556,0.435210138559,-0.201099395752,-0.0926047712564,0.392174512148,-0.189584553242,-0.179966211319,0.349115878344,-0.168533265591,-0.261677533388,0.289119839668,-0.152146890759,-0.370538115501,0.421787708998,-0.0778766870499,-0.362962782383
1776887820.47,0.614853382111,-0.159758493304,0.327749997377,0.576047539711,-0.174133896828,0.253772199154,0.53384411335,-0.170312225819,0.163589194417,0.49121132493,-0.168046668172,0.0750451683998,0.448647230864,-0.16936519742,-0.0129134207964,0.403969317675,-0.176313906908,-0.0990241765976,0.358425825834,-0.189442262053,-0.187755554914,0.311034649611,-0.204665616155,-0.271438837051,0.252286791801,-0.223044380546,-0.375487357378,0.413798779249,-0.0834566652775,-0.362962782383
1776887820.48,0.615679085255,-0.150504589081,0.319698214531,0.57442855835,-0.167346537113,0.249750643969,0.529567599297,-0.162192165852,0.160986185074,0.484709113836,-0.160237252712,0.0730265974998,0.44121530652,-0.162318661809,-0.0141159445047,0.395933300257,-0.17113417387,-0.100780487061,0.350652247667,-0.18839250505,-0.188804388046,0.304535359144,-0.211953938007,-0.26950109005,0.246232002974,-0.239808142185,-0.372171223164,0.4060113132,-0.089121684432,-0.362962782383
1776887820.5,0.615899443626,-0.141797304153,0.312221258879,0.571889877319,-0.153625622392,0.240430220962,0.522885322571,-0.148487567902,0.154181152582,0.474138408899,-0.146549105644,0.0686162933707,0.427260011435,-0.151937872171,-0.0169176757336,0.381024986506,-0.166434958577,-0.102762162685,0.336380630732,-0.191380783916,-0.187423318624,0.292373150587,-0.225778445601,-0.266850441694,0.238533705473,-0.271211922169,-0.364040195942,0.398450702429,-0.094877384603,-0.362962782383
1776887820.51,0.615492522717,-0.131885364652,0.303932994604,0.571031451225,-0.147440373898,0.23576593399,0.520664691925,-0.142674908042,0.150177583098,0.469602972269,-0.142040029168,0.0656480267644,0.421046286821,-0.148448944092,-0.0197886973619,0.374082654715,-0.166223391891,-0.102893576026,0.329755991697,-0.194700464606,-0.188094854355,0.287705779076,-0.234550699592,-0.264448136091,0.235612630844,-0.286140173674,-0.359598875046,0.391143113375,-0.100728146732,-0.362962782383
1776887820.53,0.614659130573,-0.12216424197,0.296506553888,0.569287538528,-0.135469689965,0.225074112415,0.517223954201,-0.132967293262,0.141231611371,0.463271468878,-0.133693397045,0.0580693632364,0.411526590586,-0.144441694021,-0.0242858827114,0.362003833055,-0.16783207655,-0.105232730508,0.317974299192,-0.203352153301,-0.187169164419,0.278376221657,-0.251543402672,-0.260518819094,0.231517374516,-0.313806831837,-0.351047039032,0.384115368128,-0.106677003205,-0.362962782383
1776887820.54,0.613281130791,-0.112220458686,0.289293736219,0.56832742691,-0.130004033446,0.220097646117,0.515667796135,-0.128856688738,0.135859072208,0.461132794619,-0.132240921259,0.0538891330361,0.407967239618,-0.144141182303,-0.0274063497782,0.357161790133,-0.169872060418,-0.10712762177,0.312941879034,-0.209192872047,-0.186581879854,0.274750471115,-0.260488122702,-0.258546203375,0.230096638203,-0.326475292444,-0.347391575575,0.377394706011,-0.112725451589,-0.362962782383
1776887820.56,0.611409604549,-0.102225095034,0.282549142838,0.566116213799,-0.119032077491,0.209792405367,0.513543725014,-0.12149848789,0.125647246838,0.458371430635,-0.12884414196,0.044658139348,0.403367012739,-0.146227225661,-0.0342531055212,0.350347489119,-0.177209675312,-0.110774755478,0.305307149887,-0.222434267402,-0.186661750078,0.268918156624,-0.279243439436,-0.255725651979,0.227164208889,-0.350033611059,-0.341895073652,0.371008723974,-0.118873365223,-0.362962782383
1776887820.57,0.609103322029,-0.0917934775352,0.276190668344,0.565028429031,-0.11382330209,0.204795524478,0.512973666191,-0.118638955057,0.120599105954,0.457254976034,-0.13015575707,0.0394493937492,0.402390927076,-0.1497656703,-0.0386222153902,0.348784416914,-0.182654932141,-0.113223493099,0.302904963493,-0.228825762868,-0.188012868166,0.266479820013,-0.286998838186,-0.255412846804,0.225501477718,-0.361019283533,-0.340271383524,0.364985078573,-0.125118851662,-0.362962782383
1776887820.59,0.60649138689,-0.0815054550767,0.270457565784,0.562297224998,-0.103950090706,0.195494562387,0.511428713799,-0.11408919096,0.110973745584,0.457101851702,-0.131607621908,0.0305615887046,0.401606947184,-0.156446650624,-0.046538233757,0.348500579596,-0.194883018732,-0.117987990379,0.302136749029,-0.24486155808,-0.189795166254,0.265092939138,-0.305063873529,-0.255364894867,0.223423540592,-0.381457775831,-0.338003247976,0.359351307154,-0.131458163261,-0.362962782383
1776887820.6,0.603581726551,-0.0710006505251,0.265099346638,0.560901999474,-0.0995096415281,0.19092155993,0.510955572128,-0.112893842161,0.106234163046,0.457034617662,-0.132840156555,0.0259029194713,0.403192490339,-0.161025747657,-0.0503639727831,0.349675446749,-0.20126695931,-0.120848760009,0.303063243628,-0.252180576324,-0.192427784204,0.265087336302,-0.313613444567,-0.256517142057,0.22155418992,-0.389918386936,-0.338351786137,0.35413441062,-0.137885645032,-0.362962782383
1776887820.62,0.600431442261,-0.0605278462172,0.260421782732,0.557676434517,-0.0915013253689,0.183506771922,0.509638190269,-0.112559825182,0.0995174720883,0.458612412214,-0.139174997807,0.0190495327115,0.407200843096,-0.172447413206,-0.0568498075008,0.355552643538,-0.215747326612,-0.127218991518,0.309238314629,-0.269268125296,-0.196026176214,0.268557041883,-0.330811232328,-0.258761137724,0.220305651426,-0.406966716051,-0.337669819593,0.34936055541,-0.144393637776,-0.362962782383
1776887820.63,0.59702193737,-0.0504047609866,0.256349295378,0.555944681168,-0.0885567367077,0.180524110794,0.509232759476,-0.112894959748,0.0964080914855,0.460190623999,-0.143009752035,0.016425549984,0.410012274981,-0.178697496653,-0.0602893978357,0.360600858927,-0.224296137691,-0.130117148161,0.314087212086,-0.278199166059,-0.198518544436,0.271051228046,-0.338702827692,-0.260750442743,0.219834059477,-0.413831532001,-0.338810682297,0.345054775476,-0.15097245574,-0.362962782383
1776887820.65,0.5934278965,-0.0402673184872,0.252846002579,0.552561879158,-0.0834995135665,0.175890758634,0.508736610413,-0.115499578416,0.0929735898972,0.463890045881,-0.152002871037,0.0127708539367,0.418857425451,-0.192976266146,-0.0634376704693,0.371427446604,-0.24059727788,-0.134060740471,0.324693292379,-0.294322282076,-0.203607916832,0.278548538685,-0.353289157152,-0.264442116022,0.221173197031,-0.425705969334,-0.3404507339,0.341240435839,-0.157610490918,-0.362962782383
1776887820.66,0.589694559574,-0.030608439818,0.250165402889,0.551127433777,-0.0808013901114,0.174062341452,0.509220838547,-0.117591023445,0.0920577198267,0.466488271952,-0.157335206866,0.0120934545994,0.423623114824,-0.200011909008,-0.0642383098602,0.378313094378,-0.249038651586,-0.135635912418,0.331201523542,-0.303061366081,-0.204144537449,0.283838689327,-0.360994368792,-0.265064686537,0.222957760096,-0.430643290281,-0.340733736753,0.337938815355,-0.164294153452,-0.362962782383
1776887820.68,0.585814118385,-0.0212536118925,0.248196750879,0.549168348312,-0.0759398341179,0.172212526202,0.51177072525,-0.121097996831,0.0920314639807,0.473621875048,-0.167528763413,0.0134320557117,0.434736341238,-0.215048730373,-0.0625827908516,0.391710966825,-0.265409320593,-0.134428590536,0.345154076815,-0.317429035902,-0.205112487078,0.294168353081,-0.371252506971,-0.266423612833,0.228909939528,-0.436151891947,-0.343550771475,0.335168808699,-0.171008065343,-0.362962782383
1776887820.69,0.582383453846,-0.0136361643672,0.247044816613,0.54914188385,-0.0733545050025,0.171215265989,0.513912558556,-0.122445702553,0.0924693197012,0.47813937068,-0.172169953585,0.0149702057242,0.440479189157,-0.221570581198,-0.0610266029835,0.398335546255,-0.272604316473,-0.132301568985,0.35161331296,-0.32386764884,-0.203839212656,0.299986124039,-0.376092791557,-0.266944766045,0.233576804399,-0.437303453684,-0.345194339752,0.332946389914,-0.17773514986,-0.362962782383
1776887820.71,0.577755272388,-0.0045072119683,0.246179208159,0.548730134964,-0.0673784166574,0.170383706689,0.518682956696,-0.122493289411,0.0938316807151,0.486774116755,-0.17867565155,0.0187669023871,0.451790720224,-0.232117444277,-0.0551991015673,0.411230236292,-0.284485369921,-0.126804083586,0.365154415369,-0.334071487188,-0.199625194073,0.312742263079,-0.382314413786,-0.265866845846,0.246213048697,-0.43784236908,-0.347683012486,0.331284254789,-0.184456884861,-0.362962782383
1776887820.72,0.573589384556,0.00297956634313,0.246252968907,0.54868388176,-0.063629001379,0.170392021537,0.521076202393,-0.122086331248,0.0948975086212,0.49132874608,-0.180148094893,0.0204079002142,0.457379549742,-0.23595957458,-0.052509367466,0.416751652956,-0.288753688335,-0.123435154557,0.370858758688,-0.338226377964,-0.197080373764,0.319273233414,-0.384569555521,-0.26463663578,0.252618998289,-0.43689545989,-0.350187599659,0.330191522837,-0.191153481603,-0.362962782383
1776887820.74,0.569699645042,0.00923236925155,0.246922597289,0.547527432442,-0.05578571558,0.170390829444,0.524735093117,-0.117900274694,0.0964584499598,0.499113887548,-0.180368557572,0.0242838934064,0.467300266027,-0.239169701934,-0.0468711704016,0.428105801344,-0.294009596109,-0.117405191064,0.383737772703,-0.343100100756,-0.191933751106,0.333459049463,-0.38643887639,-0.263048619032,0.270743072033,-0.433974981308,-0.354270279408,0.32967337966,-0.19780421257,-0.362962782383
1776887820.75,0.565201759338,0.0153558617458,0.248293593526,0.546558856964,-0.0517949424684,0.17073944211,0.526249885559,-0.114924579859,0.0970772653818,0.50225019455,-0.178506538272,0.0256347879767,0.471544414759,-0.239288732409,-0.0448123216629,0.433127731085,-0.295035004616,-0.115303918719,0.389599710703,-0.343491882086,-0.190342545509,0.341161161661,-0.386181384325,-0.263074666262,0.280484765768,-0.432317048311,-0.356334149837,0.329731017351,-0.204387679696,-0.362962782383
1776887820.77,0.561053156853,0.0203259456903,0.250366538763,0.543999791145,-0.0431821197271,0.171289920807,0.52692091465,-0.107526563108,0.0979715138674,0.506853461266,-0.172861278057,0.0270556434989,0.479111522436,-0.235796943307,-0.0424182116985,0.44289830327,-0.293828964233,-0.112293198705,0.401586562395,-0.342573016882,-0.18921110034,0.356741935015,-0.384539783001,-0.26477226615,0.301240921021,-0.428293585777,-0.361596226692,0.33036121726,-0.21088218689,-0.362962782383
1776887820.78,0.556920468807,0.0240994729102,0.252985954285,0.542057752609,-0.0387539900839,0.171645015478,0.526843070984,-0.103182159364,0.0980207175016,0.508208632469,-0.16881249845,0.0271323770285,0.482304185629,-0.232996284962,-0.0424124449492,0.447956830263,-0.291727989912,-0.112150594592,0.408259063959,-0.3413156569,-0.18957439065,0.364988535643,-0.382357954979,-0.266274303198,0.311991602182,-0.426380574703,-0.364647805691,0.331556767225,-0.217266082764,-0.362962782383
1776887820.8,0.552696347237,0.0266853552312,0.255978763103,0.538321852684,-0.0306936092675,0.173221126199,0.525324940681,-0.0941175445914,0.0981867536902,0.509479522705,-0.15892970562,0.0258814841509,0.487396389246,-0.223988577724,-0.0442663133144,0.456636935472,-0.284127295017,-0.114754214883,0.421736687422,-0.33507540822,-0.19350078702,0.382700055838,-0.377175450325,-0.271561563015,0.334467738867,-0.42183509469,-0.372912973166,0.33330604434,-0.22351808846,-0.362962782383
1776887820.81,0.548459172249,0.0281886681914,0.259522229433,0.536131262779,-0.0271691568196,0.174071609974,0.523593306541,-0.0888812541962,0.0976984798908,0.50925219059,-0.153435915709,0.0243826135993,0.489362448454,-0.218190282583,-0.0461158752441,0.461086004972,-0.278759181499,-0.117408022285,0.428688079119,-0.330417901278,-0.196500629187,0.392227858305,-0.373969495296,-0.275611102581,0.345897644758,-0.419257283211,-0.377001285553,0.335593611002,-0.229617670178,-0.362962782383
1776887820.83,0.544127702713,0.0284930877388,0.263281553984,0.531272768974,-0.0210767257959,0.176507517695,0.520127296448,-0.0799621716142,0.09725227952,0.508095979691,-0.141522988677,0.0212666913867,0.49187669158,-0.203700512648,-0.0523464083672,0.469414979219,-0.264556080103,-0.124950885773,0.442677885294,-0.318276762962,-0.205161690712,0.41084381938,-0.36463496089,-0.284962892532,0.370058089495,-0.413617700338,-0.386937201023,0.338400155306,-0.235545367002,-0.362962782383
1776887820.84,0.539780557156,0.0276073627174,0.267332047224,0.528580307961,-0.0187738277018,0.177786588669,0.518146276474,-0.0752201974392,0.0969916582108,0.506888389587,-0.134624749422,0.0191176459193,0.493402808905,-0.195643275976,-0.0552695691586,0.473121970892,-0.255968421698,-0.130439609289,0.449133843184,-0.310016870499,-0.211155325174,0.420030742884,-0.358509004116,-0.290164172649,0.382715076208,-0.411087572575,-0.39198321104,0.341703027487,-0.24128305912,-0.362962782383
1776887820.86,0.535327970982,0.0254933945835,0.271557062864,0.523536801338,-0.0151168592274,0.180801659822,0.513689517975,-0.0669626221061,0.0969536304474,0.504217743874,-0.121385000646,0.0148579701781,0.493752866983,-0.177887588739,-0.0641159415245,0.478962987661,-0.235071897507,-0.141580343246,0.461388975382,-0.290113270283,-0.2232234478,0.439124017954,-0.343123942614,-0.301468700171,0.40999314189,-0.404321014881,-0.400428712368,0.345476716757,-0.246814236045,-0.362962782383
1776887820.87,0.530837595463,0.0222031399608,0.275983929634,0.520747065544,-0.0137333227322,0.182152077556,0.511470079422,-0.0629110112786,0.0968389883637,0.502582073212,-0.114296920598,0.0125895142555,0.493355184793,-0.167543202639,-0.0685237199068,0.48140707612,-0.223511189222,-0.147543668747,0.466685801744,-0.278713464737,-0.229375034571,0.448350518942,-0.333907455206,-0.307279825211,0.423631757498,-0.399094521999,-0.405337929726,0.349693149328,-0.252124190331,-0.362962782383
1776887820.89,0.526160001755,0.0176729727536,0.280377596617,0.515944600105,-0.0117138242349,0.18504101038,0.507613897324,-0.0553184226155,0.0969236046076,0.49990388751,-0.100213751197,0.00850613415241,0.492731124163,-0.147292777896,-0.0762837827206,0.484249740839,-0.198647320271,-0.158285260201,0.476786822081,-0.253789335489,-0.24130448699,0.466545850039,-0.313981890678,-0.317148178816,0.453643769026,-0.386116296053,-0.411892354488,0.354322463274,-0.257200211287,-0.362962782383
1776887820.9,0.521417140961,0.0120690874755,0.28481221199,0.513562321663,-0.0107890851796,0.186881422997,0.506067633629,-0.0510853603482,0.0963668227196,0.499075323343,-0.0931623131037,0.00672380626202,0.492579191923,-0.137214541435,-0.0799985527992,0.48582020402,-0.186843141913,-0.163253694773,0.481320232153,-0.241449296474,-0.246532469988,0.475688368082,-0.302792012691,-0.321541965008,0.468799382448,-0.37801143527,-0.413533747196,0.359333306551,-0.262031584978,-0.362962782383
1776887820.92,0.516568660736,0.00517114950344,0.289217233658,0.509109735489,-0.0101989833638,0.189719051123,0.503053426743,-0.0428506806493,0.0966835767031,0.49753883481,-0.0789046734571,0.00393808633089,0.49313005805,-0.118041940033,-0.0851359665394,0.489229470491,-0.163775056601,-0.170741081238,0.490809589624,-0.217061281204,-0.254861474037,0.493656486273,-0.279706805944,-0.3288218081,0.499553531408,-0.357675880194,-0.418900251389,0.36469373107,-0.266609758139,-0.362962782383
1776887820.93,0.511533617973,-0.00291066826321,0.293484687805,0.50724363327,-0.00980676617473,0.191255182028,0.502329230309,-0.0392482765019,0.0969470888376,0.497623294592,-0.0717036798596,0.00290463864803,0.493597835302,-0.108828529716,-0.0872388184071,0.491690605879,-0.153260186315,-0.1732455194,0.496165663004,-0.205669909716,-0.257452428341,0.503026843071,-0.267873555422,-0.331959813833,0.514303445816,-0.345555514097,-0.421289205551,0.370371371508,-0.270928174257,-0.362962782383
1776887820.95,0.506430745125,-0.011981876567,0.29772785306,0.502980232239,-0.0111420946196,0.19509524107,0.499874919653,-0.032589327544,0.0986104011536,0.49749687314,-0.0588954910636,0.00257300585508,0.497176021338,-0.0919387564063,-0.0890162438154,0.498605102301,-0.134280219674,-0.176406294107,0.508145570755,-0.184962704778,-0.261206299067,0.522442221642,-0.244557097554,-0.336293309927,0.544006705284,-0.318504363298,-0.427521288395,0.37633433938,-0.274982303381,-0.362962782383
1776887820.96,0.501055419445,-0.0220068562776,0.301626682281,0.50094461441,-0.0128559609875,0.197219133377,0.498955518007,-0.0304688028991,0.0996143817902,0.497828155756,-0.0530524179339,0.00297194719315,0.499066799879,-0.0842920914292,-0.0890517383814,0.503195524216,-0.125601142645,-0.176940023899,0.515951633453,-0.174201205373,-0.262294113636,0.533196091652,-0.232587233186,-0.338422238827,0.558153271675,-0.303992003202,-0.430529594421,0.382551342249,-0.278769493103,-0.362962782383
1776887820.98,0.495588153601,-0.0333664268255,0.305354446173,0.496415346861,-0.0183289013803,0.202010810375,0.4976991117,-0.0287996847183,0.103478893638,0.499481290579,-0.0454645715654,0.00533134490252,0.504908084869,-0.0714830160141,-0.0883417725563,0.514190793037,-0.109606824815,-0.176820039749,0.531908154488,-0.155108183622,-0.263084888458,0.55465567112,-0.207719549537,-0.342137366533,0.585410118103,-0.271916568279,-0.43720883131,0.388992458582,-0.282288730145,-0.362962782383
1776887820.99,0.489891588688,-0.0453790128231,0.308741658926,0.494212657213,-0.022052153945,0.204168736935,0.496762543917,-0.0294730588794,0.105245783925,0.50090610981,-0.0432015582919,0.00732866674662,0.508598327637,-0.0671523287892,-0.0870596021414,0.520492196083,-0.10214625299,-0.176254749298,0.541118264198,-0.144682303071,-0.263892143965,0.56546831131,-0.195130541921,-0.343895763159,0.598403334618,-0.25524944067,-0.441216289997,0.395629197359,-0.28554058075,-0.362962782383
1776887821.01,0.483944028616,-0.0587059371173,0.311823755503,0.489932090044,-0.0321895480156,0.20916557312,0.496270567179,-0.0344718657434,0.109700612724,0.504950523376,-0.0427143983543,0.0114853084087,0.518011689186,-0.0607412531972,-0.0833730101585,0.535896658897,-0.0904679819942,-0.173799276352,0.55979347229,-0.125450074673,-0.263177752495,0.587671279907,-0.168092042208,-0.3466373384,0.623625636101,-0.219171836972,-0.448640823364,0.402435034513,-0.288526952267,-0.362962782383
1776887821.02,0.477838754654,-0.0725905075669,0.314551353455,0.488061159849,-0.0386088751256,0.211392745376,0.496509343386,-0.0390825308859,0.1126909554,0.508082151413,-0.0449694208801,0.0138659849763,0.524719357491,-0.0602675266564,-0.0802994370461,0.544304132462,-0.085266508162,-0.172452747822,0.569754242897,-0.115446835756,-0.263062417507,0.59811270237,-0.154420480132,-0.347851991653,0.635415315628,-0.200287684798,-0.452334940434,0.409385293722,-0.291250675917,-0.362962782383
1776887821.04,0.47194609046,-0.0863624960184,0.31679686904,0.484985798597,-0.0544367171824,0.215800642967,0.499262362719,-0.0522747375071,0.117747858167,0.516562342644,-0.0540964640677,0.0199176967144,0.537745594978,-0.0612938776612,-0.074814543128,0.561785459518,-0.0771620422602,-0.168002337217,0.589669108391,-0.0973914638162,-0.260327965021,0.619469285011,-0.125607401133,-0.348164886236,0.656811118126,-0.160166442394,-0.457187592983,0.416457682848,-0.293715566397,-0.362962782383
1776887821.05,0.465026408434,-0.102869719267,0.319073498249,0.484257131815,-0.0643534660339,0.218262270093,0.501534819603,-0.0607181303203,0.120536662638,0.521778225899,-0.0601115487516,0.0231361314654,0.545385718346,-0.0637312084436,-0.0707966089249,0.570915341377,-0.0743051320314,-0.164128869772,0.599955439568,-0.0896391868591,-0.258718371391,0.629028320312,-0.112216711044,-0.347759276628,0.666679739952,-0.138868272305,-0.458719134331,0.423632055521,-0.295925945044,-0.362962782383
1776887821.07,0.458650529385,-0.118451118469,0.321047991514,0.484156399965,-0.0840559974313,0.222765982151,0.508284091949,-0.0796087756753,0.127098888159,0.534170150757,-0.0755864083767,0.0312793403864,0.561323404312,-0.0723051726818,-0.0620203912258,0.58736038208,-0.0719494223595,-0.156359732151,0.61861717701,-0.0759077370167,-0.250524193048,0.64730989933,-0.0848360359669,-0.343275368214,0.6833974123,-0.0947255566716,-0.457351088524,0.430890589952,-0.297886520624,-0.362962782383
1776887821.08,0.452229976654,-0.134726390243,0.32277905941,0.484356552362,-0.0943913608789,0.225078701973,0.511961936951,-0.0889663472772,0.130237519741,0.54055929184,-0.0839997902513,0.0353412479162,0.569202303886,-0.0777926594019,-0.0570149123669,0.596091985703,-0.0727924183011,-0.151188641787,0.626647830009,-0.0704914405942,-0.245595306158,0.655183315277,-0.0715710297227,-0.339210480452,0.690642595291,-0.0717292279005,-0.453555583954,0.438217550516,-0.299602121115,-0.362962782383
1776887821.1,0.44595643878,-0.150948897004,0.324436873198,0.483652025461,-0.114616088569,0.230138391256,0.518417596817,-0.107475191355,0.138255059719,0.552149772644,-0.0991510376334,0.0449032187462,0.583384037018,-0.0886863097548,-0.0466224700212,0.611713171005,-0.0768872052431,-0.139725744724,0.64163517952,-0.0614011362195,-0.232653737068,0.668294429779,-0.0468463115394,-0.32580280304,0.701638579369,-0.0252826958895,-0.438624322414,0.445599347353,-0.301077544689,-0.362962782383
1776887821.11,0.439855933189,-0.167298778892,0.325919121504,0.482602268457,-0.12418217212,0.232460528612,0.520198106766,-0.115947894752,0.141661703587,0.556623578072,-0.106301680207,0.0498653948307,0.58919095993,-0.0933483466506,-0.0405277609825,0.618258476257,-0.0778545960784,-0.133736103773,0.647860050201,-0.0573431476951,-0.225576102734,0.674291729927,-0.0348929651082,-0.316834628582,0.705867171288,-0.00281418603845,-0.427309274673,0.453024297953,-0.302317321301,-0.362962782383
1776887821.13,0.434098273516,-0.183405280113,0.327334940434,0.478456169367,-0.14339479804,0.237174376845,0.520756006241,-0.131832629442,0.148078352213,0.561437606812,-0.11806281656,0.0590151846409,0.59804391861,-0.099952429533,-0.0291156619787,0.629217386246,-0.077508866787,-0.1194370538,0.658117175102,-0.0465182103217,-0.209039539099,0.68280851841,-0.0107868369669,-0.296460002661,0.71194922924,0.0385239459574,-0.400697648525,0.460482507944,-0.303325533867,-0.362962782383
1776887821.14,0.428735047579,-0.199213847518,0.328694283962,0.476021021605,-0.152886018157,0.238452970982,0.519174218178,-0.138872995973,0.150999799371,0.561733484268,-0.122745014727,0.0631738752127,0.599699616432,-0.101882189512,-0.0244437903166,0.63275551796,-0.075885631144,-0.112545996904,0.662289857864,-0.0408805422485,-0.199518531561,0.68672990799,0.000299722654745,-0.285560131073,0.714064240456,0.0571357905865,-0.385794043541,0.467965453863,-0.304105818272,-0.362962782383
1776887821.16,0.423800587654,-0.214513316751,0.329925239086,0.46939226985,-0.171600401402,0.241740643978,0.5143866539,-0.152480825782,0.155709922314,0.559342384338,-0.130294024944,0.0708142891526,0.600648999214,-0.103129401803,-0.0129898488522,0.636060357094,-0.0692555084825,-0.0983080565929,0.667595982552,-0.0258577372879,-0.180829018354,0.691764593124,0.0244423095137,-0.26085960865,0.718250751495,0.0919721275568,-0.355548173189,0.475465804338,-0.304661005735,-0.362962782383
1776887821.17,0.41948145628,-0.229160130024,0.330965280533,0.465674072504,-0.180103242397,0.242948323488,0.511216044426,-0.158756583929,0.158032119274,0.557160496712,-0.13288281858,0.0741449594498,0.598724484444,-0.102193370461,-0.00818508863449,0.635568380356,-0.065163642168,-0.0909049510956,0.668154716492,-0.0172423683107,-0.17088958621,0.693419575691,0.0360507108271,-0.249193936586,0.719995737076,0.107972741127,-0.340270549059,0.482977300882,-0.304993242025,-0.362962782383
1776887821.27,0.415897935629,-0.243177622557,0.33178845048,0.459877222776,-0.197766631842,0.245687156916,0.504018783569,-0.16967125237,0.161334484816,0.549627661705,-0.13720972836,0.0799162611365,0.593040585518,-0.0985961854458,0.00142067670822,0.631510615349,-0.0540784373879,-0.0758603066206,0.666900515556,8.33785161376e-05,-0.150670051575,0.694093704224,0.0586428977549,-0.224027574062,0.723039388657,0.136736512184,-0.309304952621,0.490494221449,-0.305103838444,-0.362962782383
