time,rope_p0_x,rope_p0_y,rope_p0_z,rope_p1_x,rope_p1_y,rope_p1_z,rope_p2_x,rope_p2_y,rope_p2_z,rope_p3_x,rope_p3_y,rope_p3_z,rope_p4_x,rope_p4_y,rope_p4_z,rope_p5_x,rope_p5_y,rope_p5_z,rope_p6_x,rope_p6_y,rope_p6_z,rope_p7_x,rope_p7_y,rope_p7_z,rope_p8_x,rope_p8_y,rope_p8_z,goal_traj_x,goal_traj_y,goal_traj_z
1778096918.04,0.479926764965,-0.298981547356,0.44804790616,0.481545507908,-0.299789845943,0.350351780653,0.482787311077,-0.300630331039,0.252349078655,0.484294295311,-0.30098259449,0.152432858944,0.485009133816,-0.298958003521,0.0514747723937,0.486355185509,-0.29835319519,-0.0475691258907,0.487371504307,-0.301040709019,-0.143328398466,0.489193856716,-0.298767566681,-0.244953304529,0.488758683205,-0.299966782331,-0.364727139473,0.489417970181,-0.299856036901,-0.364732027054
1778096918.05,0.479924827814,-0.298976123333,0.448040425777,0.481545507908,-0.299789845943,0.350351780653,0.482799530029,-0.30063021183,0.252340495586,0.4843968153,-0.300898373127,0.152329593897,0.485133230686,-0.299128651619,0.0515213981271,0.486635923386,-0.298652887344,-0.0475982129574,0.487032353878,-0.300203084946,-0.145645707846,0.48942553997,-0.2990655303,-0.244779586792,0.488625407219,-0.300037264824,-0.36498272419,0.490158140659,-0.299444824457,-0.364732027054
1778096918.06,0.479920476675,-0.29897159338,0.448027908802,0.481545507908,-0.299789845943,0.350351780653,0.48271048069,-0.300628393888,0.25233912468,0.484334230423,-0.301082372665,0.152379870415,0.485844254494,-0.3008466959,0.0539813935757,0.486593306065,-0.298602670431,-0.0474703907967,0.487370073795,-0.301119118929,-0.143443614244,0.48942553997,-0.2990655303,-0.244779586792,0.488625407219,-0.300037264824,-0.36498272419,0.490918576717,-0.299022316933,-0.364732027054
1778096918.07,0.479930281639,-0.298943817616,0.448011338711,0.481545507908,-0.299789845943,0.350351780653,0.482793092728,-0.300627887249,0.2523458004,0.484328866005,-0.301075875759,0.152373284101,0.485866010189,-0.300901859999,0.0539048090577,0.486593306065,-0.298602670431,-0.0474703907967,0.487169623375,-0.30025151372,-0.145424991846,0.489257991314,-0.299068063498,-0.244817435741,0.488625407219,-0.300037264824,-0.36498272419,0.491699814796,-0.298588246107,-0.364732027054
1778096918.08,0.479961693287,-0.298886299133,0.448003381491,0.481545507908,-0.299789845943,0.350351780653,0.482718527317,-0.300623208284,0.252333909273,0.484334766865,-0.301079452038,0.152375817299,0.485872685909,-0.300925791264,0.0538246706128,0.48684579134,-0.29871571064,-0.0474806576967,0.487169623375,-0.30025151372,-0.145424991846,0.489336848259,-0.29896903038,-0.244947761297,0.488218307495,-0.301457464695,-0.362606555223,0.492502391338,-0.298142284155,-0.364732027054
1778096918.09,0.480039030313,-0.298771739006,0.447993516922,0.481460213661,-0.299879103899,0.350436866283,0.482805848122,-0.300625562668,0.252337157726,0.484411180019,-0.300983995199,0.152268886566,0.485901713371,-0.300987392664,0.053847886622,0.486801922321,-0.298759907484,-0.0475554019213,0.487032353878,-0.300203084946,-0.145645707846,0.489458918571,-0.29910954833,-0.244884908199,0.488197863102,-0.301467299461,-0.362598419189,0.49332690239,-0.297684103251,-0.364732027054
1778096918.1,0.480146557093,-0.298604935408,0.447986215353,0.481631875038,-0.299705982208,0.350265800953,0.483102858067,-0.300565987825,0.251767992973,0.484362006187,-0.301183283329,0.152358606458,0.485852301121,-0.301062911749,0.0538856759667,0.48684579134,-0.29871571064,-0.0474806576967,0.487203478813,-0.301311284304,-0.143564671278,0.489426374435,-0.29913175106,-0.244956016541,0.488254368305,-0.30157315731,-0.362572997808,0.494173884392,-0.297213375568,-0.364732027054
1778096918.11,0.480293005705,-0.298386782408,0.44798207283,0.481545507908,-0.299789845943,0.350351780653,0.483140587807,-0.300565630198,0.251779288054,0.484455645084,-0.301218926907,0.152315050364,0.485368549824,-0.29954636097,0.0516540557146,0.486806869507,-0.298738509417,-0.0476796030998,0.487203478813,-0.301311284304,-0.143564671278,0.490108132362,-0.300622493029,-0.242500007153,0.488674044609,-0.300396084785,-0.36478599906,0.495043933392,-0.296729743481,-0.364732027054
1778096918.12,0.480542421341,-0.298040747643,0.447982192039,0.481545507908,-0.299789845943,0.350351780653,0.482996106148,-0.300570487976,0.251766830683,0.484309256077,-0.301073491573,0.152378261089,0.485837042332,-0.300849199295,0.0538887754083,0.486560404301,-0.298436939716,-0.0475967079401,0.487371504307,-0.301040709019,-0.143328398466,0.489285349846,-0.298919409513,-0.244889736176,0.488625407219,-0.300037264824,-0.36498272419,0.49593770504,-0.296232879162,-0.364732027054
1778096918.13,0.480880975723,-0.297594279051,0.448000431061,0.481631875038,-0.299705982208,0.350265800953,0.48310905695,-0.300577819347,0.251781761646,0.484488964081,-0.301279217005,0.152256727219,0.485958456993,-0.301188737154,0.0538548976183,0.486698687077,-0.298988282681,-0.0475836247206,0.487082242966,-0.301369875669,-0.143648982048,0.490147650242,-0.300641983747,-0.242666840553,0.488157808781,-0.301502019167,-0.362668603659,0.496855735779,-0.295722395182,-0.364732027054
1778096918.14,0.481331795454,-0.297023504972,0.448019206524,0.482010483742,-0.299488514662,0.350539624691,0.483172118664,-0.300577789545,0.251711845398,0.484482645988,-0.301270365715,0.152247309685,0.485248267651,-0.29958280921,0.0514833778143,0.487075090408,-0.299224495888,-0.0473719835281,0.487056672573,-0.301539838314,-0.143672227859,0.4898635149,-0.301044106483,-0.242133587599,0.488149940968,-0.301628559828,-0.362661004066,0.497798681259,-0.295197933912,-0.364732027054
1778096918.15,0.481849461794,-0.296399980783,0.448048949242,0.482175290585,-0.299306511879,0.350492477417,0.483173251152,-0.300567090511,0.2518260777,0.484514892101,-0.301095098257,0.152177929878,0.485324561596,-0.299579054117,0.0515420138836,0.486487805843,-0.298918634653,-0.0476986467838,0.486957490444,-0.300598561764,-0.145901143551,0.489912033081,-0.3011238873,-0.242244690657,0.488632380962,-0.3006465137,-0.36493268609,0.498767256737,-0.294659078121,-0.364732027054
1778096918.16,0.4826169312,-0.295505255461,0.448095262051,0.482187509537,-0.298887163401,0.350807487965,0.483229517937,-0.300369679928,0.251813948154,0.484370946884,-0.301179945469,0.152350395918,0.485837638378,-0.301428496838,0.0542203933001,0.486583709717,-0.29866194725,-0.0478110313416,0.486957490444,-0.300598561764,-0.145901143551,0.489907026291,-0.301278084517,-0.242196977139,0.488189458847,-0.301604181528,-0.362786322832,0.499761998653,-0.294105470181,-0.364732027054
1778096918.17,0.483467400074,-0.294553279877,0.448153793812,0.48241174221,-0.298816174269,0.351574897766,0.483449995518,-0.300116956234,0.25194182992,0.484528541565,-0.301115095615,0.152198344469,0.485874176025,-0.301545470953,0.0542219206691,0.486390888691,-0.298999637365,-0.0476232022047,0.486957490444,-0.300598561764,-0.145901143551,0.489818572998,-0.301363319159,-0.241954892874,0.488119840622,-0.30164322257,-0.362649649382,0.50078368187,-0.293536692858,-0.364732027054
1778096918.18,0.484464913607,-0.293448895216,0.44821113348,0.48300409317,-0.298173248768,0.351239860058,0.483829498291,-0.299743175507,0.252256214619,0.48451936245,-0.301011115313,0.152434617281,0.485896170139,-0.301369547844,0.054318010807,0.485933303833,-0.298734754324,-0.0479643344879,0.486957490444,-0.300598561764,-0.145901143551,0.489799082279,-0.301546186209,-0.241859942675,0.488134622574,-0.301757097244,-0.362666100264,0.501832902431,-0.292952358723,-0.364732027054
1778096918.19,0.485631942749,-0.292189508677,0.448264598846,0.483947336674,-0.297943294048,0.35219758749,0.484205305576,-0.29922375083,0.252333462238,0.48477846384,-0.300573080778,0.15235696733,0.485926449299,-0.301374167204,0.0543030947447,0.485928654671,-0.298808038235,-0.047602340579,0.486839592457,-0.300923585892,-0.145603835583,0.48967140913,-0.301641911268,-0.241819292307,0.488168179989,-0.301682829857,-0.362565666437,0.5029104352,-0.292351990938,-0.364732027054
1778096918.2,0.48696282506,-0.290760993958,0.44834241271,0.484705328941,-0.297000974417,0.351788938046,0.484689354897,-0.298832833767,0.252409398556,0.485183775425,-0.299411863089,0.151635289192,0.485816180706,-0.301212459803,0.0545038506389,0.485899209976,-0.298854738474,-0.0476675182581,0.487154603004,-0.300548493862,-0.146375387907,0.489506185055,-0.301707476377,-0.241772830486,0.488259792328,-0.300724774599,-0.364274889231,0.504016935825,-0.291735202074,-0.364732027054
1778096918.21,0.488437354565,-0.289159506559,0.448364675045,0.485843598843,-0.296303629875,0.352312028408,0.485479772091,-0.29770603776,0.252237379551,0.485274851322,-0.299617141485,0.152603909373,0.485575258732,-0.299341708422,0.0523650050163,0.485927820206,-0.298805624247,-0.0476004779339,0.487154603004,-0.300548493862,-0.146375387907,0.489874005318,-0.30232194066,-0.241482228041,0.488323092461,-0.301171064377,-0.363629221916,0.505153179169,-0.291101485491,-0.364732027054
1778096918.22,0.489890724421,-0.28759008646,0.448357284069,0.486909151077,-0.295102089643,0.351744055748,0.486193597317,-0.297079265118,0.252210259438,0.485874593258,-0.299035727978,0.152550518513,0.485967218876,-0.300574719906,0.0543891936541,0.485987901688,-0.298787951469,-0.0472023487091,0.487076580524,-0.30057194829,-0.146084994078,0.489703536034,-0.302277624607,-0.24140971899,0.488313555717,-0.300909221172,-0.363850623369,0.506319820881,-0.290450423956,-0.364732027054
1778096918.23,0.49185693264,-0.285481184721,0.448340475559,0.487922787666,-0.293995589018,0.35299795866,0.487260937691,-0.296591639519,0.252673745155,0.486655235291,-0.298256725073,0.152279749513,0.486275315285,-0.3002384305,0.0546740293503,0.485987901688,-0.298787951469,-0.0472023487091,0.486750781536,-0.300383627415,-0.14621502161,0.489776134491,-0.302235871553,-0.241424322128,0.488307416439,-0.300648152828,-0.364100784063,0.507517635822,-0.28978151083,-0.364732027054
1778096918.24,0.493768155575,-0.283460736275,0.448316395283,0.481859385967,-0.299595683813,0.350386023521,0.483112156391,-0.300583571196,0.251788318157,0.484414160252,-0.301245957613,0.152292564511,0.485929608345,-0.301056683064,0.0539306923747,0.486893773079,-0.298724472523,-0.0477212816477,0.487017095089,-0.300410598516,-0.145689755678,0.489456772804,-0.299209713936,-0.245187848806,0.488632380962,-0.3006465137,-0.36493268609,0.508747398853,-0.289094299078,-0.364732027054
1778096918.25,0.49588021636,-0.2812307477,0.448310822248,0.491539716721,-0.290677845478,0.352736353874,0.489882230759,-0.293832063675,0.252625524998,0.488302946091,-0.296931654215,0.153053447604,0.487460970879,-0.298564165831,0.0546941012144,0.487860023975,-0.300131171942,-0.0440289080143,0.486884236336,-0.300265222788,-0.145900160074,0.489245116711,-0.301431059837,-0.241434514523,0.488346993923,-0.301036387682,-0.363808453083,0.510009884834,-0.288388222456,-0.364732027054
1778096918.26,0.498123496771,-0.278884857893,0.448274850845,0.492839515209,-0.288317471743,0.351569712162,0.49089962244,-0.292254805565,0.252588838339,0.489288330078,-0.29467189312,0.15119767189,0.487977385521,-0.298430025578,0.0550176948309,0.488348305225,-0.299543887377,-0.0440919697285,0.487052500248,-0.30093306303,-0.143156915903,0.48929142952,-0.301397621632,-0.24126163125,0.488604068756,-0.301223248243,-0.363893508911,0.511305868626,-0.287662833929,-0.364732027054
1778096918.27,0.500508844852,-0.276354163885,0.44819226861,0.495073080063,-0.287569463253,0.352634727955,0.492767035961,-0.290791809559,0.252811044455,0.490535974503,-0.294707506895,0.153077408671,0.488053441048,-0.295675128698,0.0528831630945,0.48722922802,-0.297635793686,-0.0458868741989,0.487421572208,-0.30071914196,-0.142954349518,0.48948186636,-0.301318943501,-0.240933060646,0.488268196583,-0.301136851311,-0.363886505365,0.512636065483,-0.286917567253,-0.364732027054
1778096918.28,0.503008782864,-0.273693293333,0.448081791401,0.489761650562,-0.292416751385,0.352026611567,0.488409638405,-0.295568436384,0.252821534872,0.487425506115,-0.29733094573,0.152388080955,0.486695706844,-0.299701780081,0.0551347285509,0.486506164074,-0.298624873161,-0.0470568835735,0.486899197102,-0.301503270864,-0.143583327532,0.489421069622,-0.301610291004,-0.24151262641,0.488557159901,-0.30073389411,-0.364408761263,0.514001369476,-0.286151885986,-0.364732027054
1778096918.29,0.505328297615,-0.271244227886,0.447966128588,0.497017264366,-0.285555541515,0.352675676346,0.494685769081,-0.289194703102,0.252714276314,0.49158591032,-0.291912227869,0.1507807374,0.489684760571,-0.29553180933,0.054334320128,0.488332509995,-0.296439141035,-0.0464031100273,0.487381339073,-0.299453496933,-0.144505530596,0.489409446716,-0.300961613655,-0.241306245327,0.488312721252,-0.30239200592,-0.362645715475,0.515402495861,-0.285365223885,-0.364732027054
1778096918.3,0.508292019367,-0.268150120974,0.447806835175,0.50134319067,-0.280665814877,0.351907253265,0.49802428484,-0.284438550472,0.250956654549,0.4949619174,-0.289719760418,0.153014555573,0.492216944695,-0.293849259615,0.0553805232048,0.490258276463,-0.294288694859,-0.046367585659,0.488784134388,-0.297900855541,-0.14515170455,0.49002802372,-0.300898790359,-0.240709722042,0.488228023052,-0.301262974739,-0.364677786827,0.516840279102,-0.284557014704,-0.364732027054
1778096918.31,0.511096298695,-0.265269130468,0.447677403688,0.503777205944,-0.278626531363,0.352147340775,0.500120341778,-0.283232539892,0.252097249031,0.496693372726,-0.287763416767,0.152953147888,0.493805646896,-0.292605310678,0.0556698478758,0.491450607777,-0.293464452028,-0.0467118620872,0.489887952805,-0.297876119614,-0.144024223089,0.490406095982,-0.299930930138,-0.241291046143,0.488072693348,-0.301408559084,-0.364640474319,0.518315553665,-0.283726662397,-0.364732027054
1778096918.32,0.513641297817,-0.262703090906,0.447461813688,0.506276488304,-0.276030898094,0.352223992348,0.502354860306,-0.281133502722,0.251939475536,0.498517632484,-0.285494208336,0.152491480112,0.495382487774,-0.29096364975,0.0556276962161,0.492645859718,-0.292072534561,-0.0467512607574,0.490832030773,-0.297553002834,-0.143103271723,0.490643799305,-0.298275202513,-0.243435531855,0.487685799599,-0.302175521851,-0.363546073437,0.51982909441,-0.282873541117,-0.364732027054
1778096918.33,0.516823291779,-0.259512454271,0.447167098522,0.49890011549,-0.282644152641,0.351921141148,0.496000051498,-0.286629289389,0.251759290695,0.493281960487,-0.291818708181,0.153157621622,0.490982294083,-0.295386612415,0.0558310821652,0.489488780499,-0.295559197664,-0.0465308874846,0.487945437431,-0.299914509058,-0.142396211624,0.489695668221,-0.30092677474,-0.240718871355,0.488241195679,-0.30165541172,-0.363465577364,0.521381795406,-0.281997084618,-0.364732027054
1778096918.34,0.519796192646,-0.256529480219,0.446954369545,0.508674502373,-0.272411346436,0.350645720959,0.504649937153,-0.278277128935,0.251657664776,0.500578403473,-0.283097922802,0.151601552963,0.497275590897,-0.288971811533,0.0553976595402,0.494787991047,-0.290702134371,-0.0462512820959,0.491707444191,-0.295307189226,-0.144950836897,0.491645872593,-0.299464464188,-0.241051703691,0.486833453178,-0.303181916475,-0.361446857452,0.52297437191,-0.281096577644,-0.364732027054
1778096918.35,0.522786736488,-0.25352832675,0.446657806635,0.514571666718,-0.266949564219,0.350551664829,0.510411262512,-0.273797720671,0.252278208733,0.505447328091,-0.278927892447,0.1524104774,0.501530468464,-0.284711837769,0.0548350736499,0.498036503792,-0.287757575512,-0.046352788806,0.494016349316,-0.293813228607,-0.142918944359,0.492697954178,-0.298189222813,-0.240986764431,0.486721396446,-0.302896469831,-0.362727403641,0.524607658386,-0.28017142415,-0.364732027054
1778096918.36,0.52581423521,-0.250536412001,0.446305334568,0.51749932766,-0.264794498682,0.351091891527,0.513144791126,-0.271255344152,0.251987814903,0.508291244507,-0.276664167643,0.152215212584,0.5039280653,-0.282387465239,0.0541479662061,0.500260949135,-0.286012470722,-0.0465467572212,0.495315790176,-0.291539847851,-0.1453345716,0.49350219965,-0.297334611416,-0.241074502468,0.486626386642,-0.302513480186,-0.363302946091,0.526282548904,-0.279220938683,-0.364732027054
1778096918.37,0.528935670853,-0.247491315007,0.44606050849,0.520776629448,-0.262037277222,0.351224124432,0.516220033169,-0.268409579992,0.252071201801,0.511147022247,-0.27384442091,0.151918455958,0.506268680096,-0.280086815357,0.0538262054324,0.501934230328,-0.284304946661,-0.0465682595968,0.496882021427,-0.291155010462,-0.143969744444,0.494363546371,-0.297173202038,-0.240912109613,0.486505329609,-0.302446305752,-0.363241016865,0.52799975872,-0.278244405985,-0.364732027054
1778096918.38,0.532030880451,-0.244514226913,0.445707321167,0.523832678795,-0.259056031704,0.350198060274,0.519679546356,-0.265092492104,0.251182168722,0.514084517956,-0.27151954174,0.152063280344,0.508827447891,-0.277327269316,0.0535756126046,0.503890275955,-0.282889068127,-0.0460453182459,0.498904407024,-0.290059804916,-0.143219470978,0.494887590408,-0.296379417181,-0.240650594234,0.486553132534,-0.302265942097,-0.363867133856,0.529760062695,-0.277241110802,-0.364732027054
1778096918.39,0.535107791424,-0.241635605693,0.445318222046,0.526853322983,-0.256478756666,0.351087868214,0.522377550602,-0.262073099613,0.251191020012,0.517343223095,-0.268897682428,0.15194940567,0.511698842049,-0.275790095329,0.0546286925673,0.506038248539,-0.280372440815,-0.0463088452816,0.499906361103,-0.288221329451,-0.143249541521,0.495727360249,-0.294989258051,-0.241295158863,0.486580252647,-0.302517712116,-0.363657772541,0.531564354897,-0.276210337877,-0.364732027054
1778096918.4,0.538443684578,-0.23859398067,0.444884091616,0.530627369881,-0.25347340107,0.350292235613,0.525976836681,-0.259115815163,0.250607311726,0.520248353481,-0.265774637461,0.151567786932,0.51444464922,-0.272142112255,0.0525468140841,0.507912874222,-0.278225600719,-0.046478047967,0.501353502274,-0.287008106709,-0.143871456385,0.496757030487,-0.294680416584,-0.240795969963,0.486500740051,-0.3026471138,-0.362591177225,0.533413290977,-0.275151312351,-0.364732027054
1778096918.41,0.54117667675,-0.236122906208,0.444511413574,0.533449888229,-0.250417113304,0.350013434887,0.529091179371,-0.25610101223,0.249826475978,0.523692846298,-0.263448148966,0.15143866837,0.517488718033,-0.270246565342,0.0537243559957,0.510753393173,-0.276333600283,-0.0460793077946,0.50380808115,-0.285577356815,-0.143208622932,0.497593641281,-0.293434530497,-0.240804195404,0.486806154251,-0.30268406868,-0.362444728613,0.535307645798,-0.274063289165,-0.364732027054
1778096918.42,0.544232845306,-0.233469009399,0.444208204746,0.53731071949,-0.248056918383,0.34973692894,0.532573997974,-0.253789365292,0.250438451767,0.526808857918,-0.260624527931,0.151001244783,0.519891321659,-0.266985446215,0.0522685870528,0.512836635113,-0.274556517601,-0.0462462455034,0.505608797073,-0.283807843924,-0.143334716558,0.498901844025,-0.292164176702,-0.241002470255,0.486104846001,-0.303246855736,-0.360338747501,0.537248194218,-0.272945433855,-0.364732027054
1778096918.43,0.547248780727,-0.23091584444,0.443780332804,0.5401070714,-0.244662418962,0.348936825991,0.535864174366,-0.250475019217,0.249479040504,0.530003905296,-0.257082730532,0.149768650532,0.523108065128,-0.265079855919,0.0532629713416,0.51546061039,-0.272172927856,-0.0466265678406,0.507293820381,-0.282037943602,-0.144143164158,0.499997198582,-0.291133701801,-0.24070930481,0.486505866051,-0.303052395582,-0.360414713621,0.539235532284,-0.27179697156,-0.364732027054
1778096918.44,0.550293087959,-0.228352561593,0.443299293518,0.543592870235,-0.242422059178,0.34897428751,0.539025843143,-0.24829646945,0.249490380287,0.533242046833,-0.255291551352,0.150125131011,0.525902688503,-0.262603193521,0.0528977289796,0.518325746059,-0.269056797028,-0.0480303019285,0.509251475334,-0.280081242323,-0.143008679152,0.50118625164,-0.289919167757,-0.240924298763,0.486764252186,-0.302610814571,-0.36009863019,0.541270434856,-0.270617067814,-0.364732027054
1778096918.45,0.553258657455,-0.225862309337,0.442846029997,0.511751532555,-0.270921587944,0.352400124073,0.507570326328,-0.27626657486,0.252667725086,0.503041327,-0.281859844923,0.15277017653,0.499359190464,-0.286099344492,0.0534414052963,0.496737778187,-0.291589349508,-0.0433143675327,0.493133306503,-0.295673787594,-0.141772866249,0.491946578026,-0.298967063427,-0.240872561932,0.486942827702,-0.302565425634,-0.363176524639,0.543353438377,-0.269404798746,-0.364732027054
1778096918.46,0.556132316589,-0.223590552807,0.442390024662,0.549985468388,-0.23729853332,0.3480027318,0.545212745667,-0.243210121989,0.24880643189,0.539193809032,-0.249072358012,0.149441286922,0.531772971153,-0.257527798414,0.0521480068564,0.523414969444,-0.264679968357,-0.0482818335295,0.51359051466,-0.276254951954,-0.144112706184,0.504303276539,-0.287450790405,-0.240942180157,0.488439679146,-0.300177842379,-0.36199811101,0.545485079288,-0.268159359694,-0.364732027054
1778096918.47,0.558996021748,-0.221389129758,0.442021340132,0.553310334682,-0.234755322337,0.347440004349,0.548312604427,-0.240524321795,0.247982144356,0.542066991329,-0.246304959059,0.14842236042,0.534608781338,-0.254000961781,0.0507642328739,0.526526689529,-0.263576209545,-0.0464873462915,0.515890359879,-0.273668467999,-0.145874887705,0.505219697952,-0.285269618034,-0.241198807955,0.48908662796,-0.300641387701,-0.360612988472,0.547666013241,-0.266879767179,-0.364732027054
1778096918.48,0.561763465405,-0.219315901399,0.441523492336,0.555984973907,-0.232390940189,0.347209870815,0.551062405109,-0.238522082567,0.248480990529,0.54503673315,-0.244752675295,0.148290380836,0.53743904829,-0.252568125725,0.0511574074626,0.528410196304,-0.260937511921,-0.0480646640062,0.517432689667,-0.272516012192,-0.143857985735,0.507470428944,-0.28423795104,-0.241459339857,0.489456653595,-0.299225926399,-0.35989511013,0.549896597862,-0.265565127134,-0.364732027054
1778096918.49,0.563632369041,-0.217981025577,0.441203206778,0.546976029873,-0.239181056619,0.34746837616,0.542225122452,-0.24565859139,0.249135673046,0.536172747612,-0.252677977085,0.150286927819,0.528959810734,-0.259659171104,0.052409812808,0.521099448204,-0.266701161861,-0.0484985411167,0.511491000652,-0.277956455946,-0.144450306892,0.50242459774,-0.286865472794,-0.244098424911,0.487392246723,-0.301265895367,-0.361209273338,0.552177250385,-0.264214485884,-0.364732027054
1778096918.5,0.566968739033,-0.215632006526,0.440547019243,0.558893620968,-0.23006670177,0.346696555614,0.554462015629,-0.235823690891,0.24726600945,0.547747731209,-0.242667213082,0.148376971483,0.540057659149,-0.250260233879,0.0509526282549,0.530743539333,-0.258782863617,-0.0483052134514,0.519764482975,-0.270523011684,-0.144186317921,0.509123563766,-0.28266903758,-0.241496354342,0.49066901207,-0.298124521971,-0.360670924187,0.554508388042,-0.262826830149,-0.364732027054
1778096918.51,0.569476366043,-0.21393994987,0.44012477994,0.562304019928,-0.227440938354,0.345416009426,0.557281136513,-0.233616739511,0.246863633394,0.550585508347,-0.240482911468,0.148240938783,0.542675316334,-0.248376786709,0.050454646349,0.533196866512,-0.255464762449,-0.0501924008131,0.521845638752,-0.268483877182,-0.145833969116,0.510535597801,-0.280964493752,-0.242290705442,0.49157088995,-0.297081559896,-0.360465794802,0.556890130043,-0.261401176453,-0.364732027054
1778096918.52,0.571880340576,-0.212301373482,0.439700812101,0.565048515797,-0.225661963224,0.34471988678,0.560264289379,-0.231806918979,0.246481597424,0.553496658802,-0.238254785538,0.147053360939,0.545200765133,-0.246222555637,0.0503201857209,0.535714507103,-0.253610163927,-0.0501102805138,0.5242369771,-0.267051190138,-0.145930230618,0.51215493679,-0.279221713543,-0.242066085339,0.493085503578,-0.295328646898,-0.360142290592,0.559322714806,-0.259936451912,-0.364732027054
1778096918.53,0.574168682098,-0.210812374949,0.439183354378,0.568235754967,-0.223701819777,0.344392836094,0.562873661518,-0.229793667793,0.245785012841,0.556252300739,-0.236343383789,0.146683707833,0.547762572765,-0.244466796517,0.0496977493167,0.537719011307,-0.252289921045,-0.0499949455261,0.526034832001,-0.26532793045,-0.145856082439,0.514331161976,-0.277910351753,-0.242780894041,0.494620263577,-0.293612867594,-0.36101564765,0.56180614233,-0.258431613445,-0.364732027054
1778096918.54,0.576093137264,-0.209565162659,0.438687801361,0.573286235332,-0.220789313316,0.34439522028,0.568359196186,-0.226360425353,0.244810536504,0.561262428761,-0.233330085874,0.146022930741,0.552564680576,-0.240734308958,0.04885507375,0.542381227016,-0.248649507761,-0.0517891794443,0.529537558556,-0.26177996397,-0.14629650116,0.517915129662,-0.274235457182,-0.243428707123,0.498777151108,-0.28948700428,-0.363323718309,0.564340353012,-0.256885528564,-0.364732027054
1778096918.55,0.578281402588,-0.208154439926,0.438128262758,0.575609385967,-0.219063669443,0.343698203564,0.570836663246,-0.22520275414,0.244626119733,0.563471615314,-0.231705367565,0.145571276546,0.55486369133,-0.239286482334,0.0481935366988,0.544036507607,-0.248045027256,-0.0512066334486,0.531936764717,-0.260245591402,-0.14804571867,0.519889116287,-0.272319734097,-0.243965983391,0.500892221928,-0.288022845984,-0.362762510777,0.566925168037,-0.255297094584,-0.364732027054
1778096918.56,0.580179810524,-0.206907555461,0.437728792429,0.578101813793,-0.218135207891,0.343346953392,0.573080539703,-0.224016830325,0.244158297777,0.565650045872,-0.230312749743,0.145015150309,0.557081997395,-0.237926974893,0.0479708760977,0.546005368233,-0.246685504913,-0.0516910552979,0.534063220024,-0.258944749832,-0.147793442011,0.521746993065,-0.270023196936,-0.244008809328,0.502728521824,-0.286455661058,-0.362236142159,0.569560229778,-0.253665149212,-0.364732027054
1778096918.57,0.581556737423,-0.206003710628,0.437380969524,0.580164253712,-0.216684564948,0.342550396919,0.575215816498,-0.222559005022,0.243966519833,0.567951858044,-0.229114368558,0.144051760435,0.558718860149,-0.237514197826,0.0475342944264,0.548544585705,-0.244388848543,-0.0529657900333,0.536429941654,-0.257018119097,-0.148927778006,0.524365305901,-0.2684892416,-0.245815038681,0.505314946175,-0.283518701792,-0.364337444305,0.572245001793,-0.251988500357,-0.364732027054
1778096918.58,0.583396911621,-0.204812601209,0.436751306057,0.582112073898,-0.215942576528,0.342641681433,0.577317118645,-0.221470832825,0.243246123195,0.569918990135,-0.227972090244,0.143734276295,0.560469329357,-0.235823512077,0.0474662482738,0.551260113716,-0.245342537761,-0.0506118088961,0.53859525919,-0.255406200886,-0.149398207664,0.526726663113,-0.265658736229,-0.247342288494,0.507701694965,-0.281363338232,-0.364361643791,0.574978888035,-0.25026589632,-0.364732027054
1778096918.59,0.584734380245,-0.20388430357,0.436211556196,0.584207475185,-0.214605405927,0.341507703066,0.579068601131,-0.220556110144,0.242526218295,0.571477770805,-0.227286979556,0.143630877137,0.562838196754,-0.23478615284,0.0460915490985,0.552623212337,-0.242732271552,-0.0527246147394,0.540445208549,-0.253597944975,-0.149023920298,0.529202282429,-0.264295309782,-0.246718227863,0.510389566422,-0.279171764851,-0.364586800337,0.577761054039,-0.248496130109,-0.364732027054
1778096918.6,0.585863053799,-0.203060388565,0.435715526342,0.585883378983,-0.21395458281,0.340750098228,0.580696761608,-0.219678848982,0.242198839784,0.573416769505,-0.226385861635,0.142867088318,0.564652085304,-0.234046593308,0.0454267263412,0.554534196854,-0.240758404136,-0.0544673502445,0.543170273304,-0.25276529789,-0.150058805943,0.531198680401,-0.262258529663,-0.246843725443,0.51319783926,-0.275971055031,-0.365770190954,0.580590307713,-0.246677860618,-0.364732027054
1778096918.61,0.586712002754,-0.202358365059,0.435280442238,0.587009191513,-0.213236987591,0.340774655342,0.58191639185,-0.219021171331,0.242010116577,0.575031459332,-0.226141989231,0.14246109128,0.566465854645,-0.233415856957,0.0448008701205,0.556523799896,-0.239546567202,-0.0548516362906,0.544980704784,-0.250753462315,-0.15016373992,0.534365236759,-0.260153651237,-0.247961044312,0.5160394907,-0.273108810186,-0.36676222086,0.583465456963,-0.244809791446,-0.364732027054
1778096918.62,0.587533712387,-0.201537996531,0.434748232365,0.588308095932,-0.212301194668,0.34032022953,0.583494782448,-0.218505680561,0.241008043289,0.5768019557,-0.224935919046,0.141422480345,0.568350315094,-0.232546180487,0.0446270778775,0.558570384979,-0.238906621933,-0.0551974922419,0.5477835536,-0.249263808131,-0.151282846928,0.536973416805,-0.258100092411,-0.248849093914,0.519217252731,-0.270272910595,-0.367519915104,0.586384892464,-0.242890536785,-0.364732027054
1778096918.63,0.588093340397,-0.200818225741,0.434294819832,0.589070260525,-0.211908966303,0.340490937233,0.58481836319,-0.217890918255,0.24052515626,0.578054428101,-0.224132165313,0.140955433249,0.569901406765,-0.231025338173,0.0430040806532,0.560640215874,-0.238078743219,-0.0552472770214,0.549767553806,-0.247651815414,-0.151299655437,0.539953291416,-0.255348145962,-0.249801516533,0.522654354572,-0.266966819763,-0.368763655424,0.589346826077,-0.240918695927,-0.364732027054
1778096918.64,0.588462293148,-0.200134262443,0.433891117573,0.570677757263,-0.222089707851,0.344152808189,0.565585136414,-0.227538183331,0.244875267148,0.558826982975,-0.234847918153,0.146172404289,0.550297915936,-0.24269631505,0.0491382107139,0.540741026402,-0.252197116613,-0.0484311878681,0.528035521507,-0.262502521276,-0.148324280977,0.515897214413,-0.276082634926,-0.242865294218,0.496358573437,-0.292085528374,-0.361623108387,0.592349171638,-0.23889285326,-0.364732027054
1778096918.65,0.58864146471,-0.199524044991,0.433558553457,0.570677757263,-0.222089707851,0.344152808189,0.565585136414,-0.227538183331,0.244875267148,0.558826982975,-0.234847918153,0.146172404289,0.550297915936,-0.24269631505,0.0491382107139,0.540741026402,-0.252197116613,-0.0484311878681,0.528035521507,-0.262502521276,-0.148324280977,0.515897214413,-0.276082634926,-0.242865294218,0.496358573437,-0.292085528374,-0.361623108387,0.595389425755,-0.236811503768,-0.364732027054
1778096918.66,0.588683545589,-0.198942780495,0.433297723532,0.570677757263,-0.222089707851,0.344152808189,0.565585136414,-0.227538183331,0.244875267148,0.558826982975,-0.234847918153,0.146172404289,0.550297915936,-0.24269631505,0.0491382107139,0.540741026402,-0.252197116613,-0.0484311878681,0.528035521507,-0.262502521276,-0.148324280977,0.515897214413,-0.276082634926,-0.242865294218,0.496358573437,-0.292085528374,-0.361623108387,0.598464846611,-0.234673127532,-0.364732027054
1778096918.67,0.588659465313,-0.198396340013,0.433102995157,0.570677757263,-0.222089707851,0.344152808189,0.565585136414,-0.227538183331,0.244875267148,0.558826982975,-0.234847918153,0.146172404289,0.550297915936,-0.24269631505,0.0491382107139,0.540741026402,-0.252197116613,-0.0484311878681,0.528035521507,-0.262502521276,-0.148324280977,0.515897214413,-0.276082634926,-0.242865294218,0.496358573437,-0.292085528374,-0.361623108387,0.601572215557,-0.232476174831,-0.364732027054
1778096918.68,0.588510751724,-0.197460368276,0.432859659195,0.570677757263,-0.222089707851,0.344152808189,0.565585136414,-0.227538183331,0.244875267148,0.558826982975,-0.234847918153,0.146172404289,0.550297915936,-0.24269631505,0.0491382107139,0.540741026402,-0.252197116613,-0.0484311878681,0.528035521507,-0.262502521276,-0.148324280977,0.515897214413,-0.276082634926,-0.242865294218,0.496358573437,-0.292085528374,-0.361623108387,0.604707956314,-0.230219036341,-0.364732027054
1778096918.69,0.588280022144,-0.196588873863,0.432777315378,0.570677757263,-0.222089707851,0.344152808189,0.565585136414,-0.227538183331,0.244875267148,0.558826982975,-0.234847918153,0.146172404289,0.550297915936,-0.24269631505,0.0491382107139,0.540741026402,-0.252197116613,-0.0484311878681,0.528035521507,-0.262502521276,-0.148324280977,0.515897214413,-0.276082634926,-0.242865294218,0.496358573437,-0.292085528374,-0.361623108387,0.607868075371,-0.227900058031,-0.364732027054
1778096918.7,0.587980031967,-0.195734411478,0.432786077261,0.570677757263,-0.222089707851,0.344152808189,0.565585136414,-0.227538183331,0.244875267148,0.558826982975,-0.234847918153,0.146172404289,0.550297915936,-0.24269631505,0.0491382107139,0.540741026402,-0.252197116613,-0.0484311878681,0.528035521507,-0.262502521276,-0.148324280977,0.515897214413,-0.276082634926,-0.242865294218,0.496358573437,-0.292085528374,-0.361623108387,0.61104798317,-0.225517556071,-0.364732027054
1778096918.71,0.587621033192,-0.194781258702,0.43289116025,0.570677757263,-0.222089707851,0.344152808189,0.565585136414,-0.227538183331,0.244875267148,0.558826982975,-0.234847918153,0.146172404289,0.550297915936,-0.24269631505,0.0491382107139,0.540741026402,-0.252197116613,-0.0484311878681,0.528035521507,-0.262502521276,-0.148324280977,0.515897214413,-0.276082634926,-0.242865294218,0.496358573437,-0.292085528374,-0.361623108387,0.614242613316,-0.223069787025,-0.364732027054
1778096918.72,0.587223470211,-0.193676158786,0.433074325323,0.570677757263,-0.222089707851,0.344152808189,0.565585136414,-0.227538183331,0.244875267148,0.558826982975,-0.234847918153,0.146172404289,0.550297915936,-0.24269631505,0.0491382107139,0.540741026402,-0.252197116613,-0.0484311878681,0.528035521507,-0.262502521276,-0.148324280977,0.515897214413,-0.276082634926,-0.242865294218,0.496358573437,-0.292085528374,-0.361623108387,0.617446482182,-0.220554947853,-0.364732027054
1778096918.73,0.58679240942,-0.192434459925,0.433335512877,0.570677757263,-0.222089707851,0.344152808189,0.565585136414,-0.227538183331,0.244875267148,0.558826982975,-0.234847918153,0.146172404289,0.550297915936,-0.24269631505,0.0491382107139,0.540741026402,-0.252197116613,-0.0484311878681,0.528035521507,-0.262502521276,-0.148324280977,0.515897214413,-0.276082634926,-0.242865294218,0.496358573437,-0.292085528374,-0.361623108387,0.620653271675,-0.217971220613,-0.364732027054
1778096918.74,0.58636957407,-0.191060274839,0.433676749468,0.570677757263,-0.222089707851,0.344152808189,0.565585136414,-0.227538183331,0.244875267148,0.558826982975,-0.234847918153,0.146172404289,0.550297915936,-0.24269631505,0.0491382107139,0.540741026402,-0.252197116613,-0.0484311878681,0.528035521507,-0.262502521276,-0.148324280977,0.515897214413,-0.276082634926,-0.242865294218,0.496358573437,-0.292085528374,-0.361623108387,0.623856186867,-0.215316712856,-0.364732027054
1778096918.75,0.586000978947,-0.189678624272,0.434066474438,0.570677757263,-0.222089707851,0.344152808189,0.565585136414,-0.227538183331,0.244875267148,0.558826982975,-0.234847918153,0.146172404289,0.550297915936,-0.24269631505,0.0491382107139,0.540741026402,-0.252197116613,-0.0484311878681,0.528035521507,-0.262502521276,-0.148324280977,0.515897214413,-0.276082634926,-0.242865294218,0.496358573437,-0.292085528374,-0.361623108387,0.627047598362,-0.212589487433,-0.364732027054
1778096918.76,0.585619211197,-0.187972664833,0.434571474791,0.588971555233,-0.199941888452,0.337765336037,0.589020907879,-0.205014720559,0.238042101264,0.588864564896,-0.209224805236,0.137314811349,0.58747112751,-0.212325841188,0.0389307886362,0.586536169052,-0.214069277048,-0.0612076669931,0.584613919258,-0.218374431133,-0.157477319241,0.583670437336,-0.218830451369,-0.256481677294,0.577922582626,-0.221539229155,-0.37647369504,0.63021928072,-0.209787532687,-0.364732027054
1778096918.77,0.585248887539,-0.186066523194,0.435130983591,0.588971555233,-0.199941888452,0.337765336037,0.589020907879,-0.205014720559,0.238042101264,0.588864564896,-0.209224805236,0.137314811349,0.58747112751,-0.212325841188,0.0389307886362,0.586536169052,-0.214069277048,-0.0612076669931,0.584613919258,-0.218374431133,-0.157477319241,0.583670437336,-0.218830451369,-0.256481677294,0.577922582626,-0.221539229155,-0.37647369504,0.633362114429,-0.20690882206,-0.364732027054
1778096918.78,0.584901928902,-0.183928221464,0.435727804899,0.588997542858,-0.198003038764,0.337771594524,0.588834702969,-0.202976226807,0.238171607256,0.588521718979,-0.207236230373,0.138706922531,0.587900042534,-0.210371494293,0.0404392182827,0.587782204151,-0.21148443222,-0.0605607926846,0.587065756321,-0.215420484543,-0.157474935055,0.586592316628,-0.215878948569,-0.255498409271,0.582050383091,-0.217577382922,-0.375482976437,0.636385083199,-0.204030126333,-0.364732027054
1778096918.79,0.58460265398,-0.181560814381,0.436399489641,0.588382899761,-0.194335654378,0.338811337948,0.588902890682,-0.198828220367,0.239144995809,0.589402258396,-0.202553644776,0.139606133103,0.590151667595,-0.206025063992,0.0420806407928,0.591211974621,-0.205215513706,-0.0600914657116,0.591829180717,-0.208401337266,-0.156537979841,0.593893289566,-0.209372460842,-0.254438966513,0.592485070229,-0.210622221231,-0.375197350979,0.639285683632,-0.201151415706,-0.364732027054
1778096918.8,0.584346473217,-0.179037719965,0.437141954899,0.587906718254,-0.191806674004,0.339924365282,0.588912248611,-0.196505010128,0.240039885044,0.589749276638,-0.199799373746,0.140077233315,0.590876281261,-0.202958628535,0.0426063984632,0.592652738094,-0.201851010323,-0.0598243623972,0.594099342823,-0.205145001411,-0.156007915735,0.597895205021,-0.205632686615,-0.254598498344,0.597526848316,-0.207078516483,-0.374368876219,0.642061471939,-0.198272705078,-0.364732027054
1778096918.81,0.584141135216,-0.17630366981,0.437975794077,0.587703227997,-0.189758569002,0.340714395046,0.588916003704,-0.19376000762,0.240527361631,0.590276658535,-0.19697791338,0.140735536814,0.592051148415,-0.19906270504,0.0428471416235,0.593888521194,-0.199152633548,-0.0584614425898,0.596584260464,-0.202593386173,-0.154119133949,0.601476728916,-0.202494651079,-0.253649741411,0.602258205414,-0.203618377447,-0.373816668987,0.644710183144,-0.195393994451,-0.364732027054
1778096918.82,0.583948791027,-0.17340940237,0.438886195421,0.587987542152,-0.186730265617,0.340462327003,0.588746845722,-0.190686091781,0.241785362363,0.590767383575,-0.193634554744,0.141079634428,0.593191087246,-0.195662468672,0.0425930470228,0.595648646355,-0.19553142786,-0.0582723021507,0.599001407623,-0.199306324124,-0.153383821249,0.604421317577,-0.199277877808,-0.252073794603,0.606852293015,-0.200237944722,-0.372857123613,0.647229611874,-0.192515283823,-0.364732027054
1778096918.83,0.583748519421,-0.17041349411,0.439825594425,0.588956534863,-0.196116894484,0.337909221649,0.588808238506,-0.20112504065,0.239049166441,0.58921444416,-0.205065384507,0.138921633363,0.58931773901,-0.207836300135,0.0406376868486,0.589237511158,-0.20806594193,-0.0607584118843,0.589423179626,-0.212192460895,-0.15706551075,0.590380847454,-0.212362617254,-0.254921108484,0.587211966515,-0.214189440012,-0.3751770854,0.649617731571,-0.189636588097,-0.364732027054
1778096918.84,0.583540737629,-0.167299598455,0.440749853849,0.587577700615,-0.180982932448,0.342447072268,0.589132666588,-0.184318289161,0.243004858494,0.591661155224,-0.187357500196,0.143122524023,0.594896316528,-0.189203307033,0.0454881712794,0.599069356918,-0.189021363854,-0.0564893484116,0.604431867599,-0.192197322845,-0.152589678764,0.611863017082,-0.192237511277,-0.250779211521,0.617166817188,-0.192582160234,-0.372183948755,0.651872456074,-0.186757877469,-0.364732027054
1778096918.85,0.583317101002,-0.164051905274,0.4416487813,0.587526917458,-0.177336484194,0.343516409397,0.58915489912,-0.181051626801,0.24448992312,0.592355489731,-0.183952376246,0.143993139267,0.595995545387,-0.185816600919,0.046298392117,0.601069390774,-0.1855545789,-0.0554310381413,0.606866240501,-0.187261849642,-0.153540790081,0.615618407726,-0.188458576798,-0.249352216721,0.621664404869,-0.188789859414,-0.371821820736,0.653991937637,-0.183879166842,-0.364732027054
1778096918.86,0.583100140095,-0.160664349794,0.442513227463,0.587285041809,-0.17391102016,0.344674229622,0.589289903641,-0.177358552814,0.244983077049,0.593069911003,-0.180211722851,0.144923239946,0.596973598003,-0.182078227401,0.0477442592382,0.604236781597,-0.18324804306,-0.0514953434467,0.609841227531,-0.185383573174,-0.150031507015,0.618954479694,-0.184465497732,-0.249537318945,0.626275956631,-0.185996428132,-0.369610488415,0.655974507332,-0.181000456214,-0.364732027054
1778096918.87,0.582850337029,-0.157151326537,0.443377196789,0.587592661381,-0.17047971487,0.345467895269,0.589895308018,-0.173684626818,0.245696812868,0.593868911266,-0.176146969199,0.14584389329,0.598955750465,-0.178721919656,0.0479503720999,0.606206119061,-0.18022467196,-0.0503311008215,0.612834334373,-0.181661695242,-0.149427652359,0.622868359089,-0.181272163987,-0.247235655785,0.630395770073,-0.182346224785,-0.367598980665,0.657818436623,-0.178121745586,-0.364732027054
1778096918.88,0.58251875639,-0.153627902269,0.444243401289,0.58714735508,-0.166524752975,0.346149265766,0.590385854244,-0.169842585921,0.246834665537,0.594838440418,-0.172415062785,0.146436959505,0.600201249123,-0.174315080047,0.0488562509418,0.606932520866,-0.174158871174,-0.0524267703295,0.615148603916,-0.176064163446,-0.150360941887,0.625519037247,-0.177815958858,-0.245900720358,0.63534617424,-0.178332954645,-0.368305712938,0.659522235394,-0.17524304986,-0.364732027054
1778096918.89,0.582182466984,-0.150766193867,0.444933921099,0.587645709515,-0.162556171417,0.346193760633,0.590796351433,-0.165930658579,0.247745484114,0.595988035202,-0.168434932828,0.147575125098,0.601976454258,-0.170304462314,0.0501897409558,0.609126508236,-0.169898942113,-0.0518582165241,0.618704676628,-0.173232987523,-0.147906512022,0.629693210125,-0.173623308539,-0.245292544365,0.63907712698,-0.175544798374,-0.365774154663,0.661084473133,-0.172364339232,-0.364732027054
1778096918.9,0.581503331661,-0.146191224456,0.445983201265,0.587770223618,-0.158508583903,0.347093850374,0.591086149216,-0.162041038275,0.248896643519,0.597189068794,-0.164689108729,0.148424610496,0.604009091854,-0.166783347726,0.0514252409339,0.611654579639,-0.166585534811,-0.0500840991735,0.621228396893,-0.169478774071,-0.146378606558,0.63299292326,-0.17001119256,-0.24497076869,0.642864406109,-0.172602280974,-0.364229053259,0.662503898144,-0.169485628605,-0.364732027054
1778096918.91,0.580987155437,-0.143064960837,0.446658849716,0.587558209896,-0.154873803258,0.348724067211,0.592587769032,-0.158029869199,0.249230757356,0.598671555519,-0.160256281495,0.1491253227,0.605279028416,-0.162628188729,0.0522444024682,0.614239096642,-0.162145122886,-0.0494218170643,0.624382793903,-0.165462628007,-0.145565837622,0.635866880417,-0.167148008943,-0.241951584816,0.647223889828,-0.168705657125,-0.363565176725,0.663779258728,-0.166606917977,-0.364732027054
1778096918.92,0.580284893513,-0.139809697866,0.447317659855,0.587625801563,-0.151247233152,0.350306451321,0.593289256096,-0.153636738658,0.249837964773,0.600058913231,-0.156029894948,0.149936839938,0.607665061951,-0.158547878265,0.0526440665126,0.619277715683,-0.159407228231,-0.0451662093401,0.62727856636,-0.160948365927,-0.145196080208,0.639710009098,-0.162478402257,-0.242622405291,0.65088814497,-0.165036246181,-0.36283954978,0.664909541607,-0.16372820735,-0.364732027054
1778096918.93,0.579465150833,-0.136634230614,0.447929471731,0.587834656239,-0.147197276354,0.350015878677,0.593827605247,-0.14964337647,0.251097917557,0.60142403841,-0.151776358485,0.150607079268,0.609409153461,-0.154343381524,0.0540331602097,0.620249867439,-0.154862627387,-0.0460470169783,0.630315005779,-0.157669857144,-0.143196731806,0.643186211586,-0.159177213907,-0.240737050772,0.655090212822,-0.16165561974,-0.361662298441,0.665893793106,-0.160849511623,-0.364732027054
1778096918.94,0.578510701656,-0.133500024676,0.448533803225,0.587673604488,-0.183858767152,0.341579824686,0.58915913105,-0.187698930502,0.241779386997,0.591011703014,-0.190593644977,0.142146110535,0.593984186649,-0.192495137453,0.0439454764128,0.598366200924,-0.194081395864,-0.0542584061623,0.602133214474,-0.195905908942,-0.153622686863,0.608069002628,-0.195392042398,-0.251902550459,0.611837923527,-0.19624337554,-0.37220543623,0.666731238365,-0.157970800996,-0.364732027054
1778096918.95,0.577404201031,-0.130510017276,0.449066460133,0.587959229946,-0.143328070641,0.351006299257,0.59513181448,-0.145281225443,0.251135349274,0.602852523327,-0.147551864386,0.151927053928,0.611876428127,-0.149837732315,0.054231762886,0.623141229153,-0.150858789682,-0.0447005629539,0.633285224438,-0.153440818191,-0.143604189157,0.64617818594,-0.155475154519,-0.239838838577,0.658624649048,-0.158159509301,-0.360486984253,0.667421162128,-0.155092090368,-0.364732027054
1778096918.96,0.57616341114,-0.127685844898,0.449469536543,0.587995946407,-0.139628261328,0.35164141655,0.595761358738,-0.141446948051,0.251835554838,0.60522121191,-0.143140956759,0.152205958962,0.614155948162,-0.145475327969,0.0546021237969,0.625459194183,-0.146223500371,-0.0444712787867,0.636349380016,-0.149271845818,-0.142319381237,0.649715125561,-0.15137834847,-0.238549053669,0.661493122578,-0.154530882835,-0.358668506145,0.667963027954,-0.152213379741,-0.364732027054
1778096918.97,0.574821829796,-0.125027060509,0.44982406497,0.587514281273,-0.132061138749,0.353094518185,0.596851944923,-0.133133992553,0.253888309002,0.60797393322,-0.134440273046,0.15359839797,0.618703424931,-0.136478751898,0.0562446936965,0.630384862423,-0.13772431016,-0.0428818613291,0.642035067081,-0.141300588846,-0.139668852091,0.655756592751,-0.144063651562,-0.236513793468,0.667994737625,-0.147627979517,-0.356556981802,0.6683562994,-0.149334684014,-0.364732027054
1778096918.98,0.57338321209,-0.122498817742,0.450188696384,0.587185978889,-0.128050327301,0.352747559547,0.597661375999,-0.129300370812,0.254442214966,0.609258472919,-0.13026805222,0.154213741422,0.62034714222,-0.13241532445,0.0583225749433,0.633524596691,-0.134421303868,-0.0386518388987,0.645195662975,-0.137129545212,-0.13979524374,0.65859913826,-0.139846622944,-0.236437439919,0.671200037003,-0.144287988544,-0.355931133032,0.668600678444,-0.146455973387,-0.364732027054
1778096918.99,0.571804761887,-0.120162308216,0.450458168983,0.586139321327,-0.125003099442,0.353748559952,0.598172128201,-0.125351339579,0.254632294178,0.61056137085,-0.125998944044,0.154706910253,0.622789204121,-0.127367079258,0.0571296773851,0.636640369892,-0.1292565763,-0.0397735834122,0.647996902466,-0.132823735476,-0.138998419046,0.661611258984,-0.135741263628,-0.234758466482,0.674667179585,-0.140424862504,-0.356084346771,0.668696045876,-0.143577262759,-0.364732027054
1778096919,0.570088624954,-0.118048809469,0.450640082359,0.587639808655,-0.135739251971,0.352097123861,0.596741199493,-0.137412190437,0.252684652805,0.606483161449,-0.138673424721,0.152526766062,0.616603851318,-0.140766829252,0.0553139299154,0.627941191196,-0.142247229815,-0.0435368269682,0.639271438122,-0.144934475422,-0.141672313213,0.652649998665,-0.14781165123,-0.238113433123,0.665561437607,-0.151126757264,-0.359160989523,0.668642222881,-0.140698552132,-0.364732027054
1778096919.01,0.568264842033,-0.116101525724,0.45068654418,0.584455311298,-0.118874669075,0.354402095079,0.598037004471,-0.11847768724,0.255964994431,0.612997949123,-0.118237383664,0.155751973391,0.626299798489,-0.119749255478,0.0595084987581,0.640918493271,-0.12119422853,-0.0386614352465,0.65319621563,-0.124067120254,-0.137360960245,0.667770385742,-0.128146663308,-0.233839571476,0.679304003716,-0.133390948176,-0.352951735258,0.668439269066,-0.137819841504,-0.364732027054
1778096919.02,0.566347718239,-0.114330358803,0.450780123472,0.583610355854,-0.115940839052,0.354512393475,0.59808921814,-0.115009769797,0.256197929382,0.613672912121,-0.114569820464,0.156473815441,0.627903938293,-0.115496337414,0.0599255599082,0.643488168716,-0.11677762121,-0.0370446294546,0.655737102032,-0.120531067252,-0.136275112629,0.669469952583,-0.123866446316,-0.232636719942,0.682095110416,-0.129499495029,-0.352155417204,0.668087422848,-0.134941145778,-0.364732027054
1778096919.03,0.564285635948,-0.112690143287,0.450721144676,0.582340121269,-0.113410398364,0.355221927166,0.597935557365,-0.111904621124,0.256116986275,0.613850057125,-0.111403770745,0.157616570592,0.629118382931,-0.111759796739,0.0606586560607,0.644646823406,-0.112651243806,-0.0372365266085,0.657919168472,-0.115892514586,-0.135903924704,0.672094702721,-0.120132960379,-0.230809777975,0.684656143188,-0.125949770212,-0.351635813713,0.667586863041,-0.13206243515,-0.364732027054
1778096919.04,0.56209897995,-0.111169815063,0.450634896755,0.580794453621,-0.111163973808,0.355645090342,0.597062826157,-0.10925706476,0.257030010223,0.613990187645,-0.107647925615,0.157497137785,0.630172967911,-0.10806928575,0.0609562732279,0.646666169167,-0.108625978231,-0.0360735356808,0.659795582294,-0.111874312162,-0.135077446699,0.674738228321,-0.116422519088,-0.230634748936,0.687370836735,-0.12223662436,-0.351143717766,0.666938126087,-0.129183724523,-0.364732027054
1778096919.05,0.559862971306,-0.109781078994,0.450534522533,0.579296469688,-0.108839586377,0.355963230133,0.59607976675,-0.106650099158,0.257407903671,0.614282131195,-0.10462680459,0.157876193523,0.630483031273,-0.104425780475,0.0613970793784,0.647917866707,-0.10472714901,-0.0353878438473,0.66177213192,-0.10839625448,-0.134145349264,0.676922261715,-0.112377591431,-0.229601681232,0.689747214317,-0.118129365146,-0.350851356983,0.666141688824,-0.126305013895,-0.364732027054
1778096919.06,0.557527244091,-0.108516283333,0.450301468372,0.577472031116,-0.106489889324,0.355582952499,0.595498025417,-0.103972882032,0.257254213095,0.613905549049,-0.101730167866,0.157844111323,0.630958795547,-0.100960344076,0.0619400218129,0.648596823215,-0.101136095822,-0.0345250070095,0.662982106209,-0.104128547013,-0.133545190096,0.678112149239,-0.10815769434,-0.229677021503,0.691749989986,-0.114165320992,-0.349351346493,0.665198147297,-0.123426310718,-0.364732027054
1778096919.07,0.555078566074,-0.107351772487,0.449995517731,0.575565159321,-0.104914307594,0.355961680412,0.594301640987,-0.101536765695,0.257083922625,0.613406836987,-0.0989060923457,0.158133894205,0.630901753902,-0.0977361872792,0.0618075430393,0.649036467075,-0.0975614562631,-0.0345881730318,0.664029955864,-0.100587464869,-0.13298368454,0.679914712906,-0.104415930808,-0.229160487652,0.69427126646,-0.110115483403,-0.349154531956,0.664108455181,-0.120547600091,-0.364732027054
1778096919.08,0.552593886852,-0.106232218444,0.449770390987,0.573345124722,-0.102925382555,0.355038166046,0.593073666096,-0.0995607823133,0.257162153721,0.612321257591,-0.0962624251842,0.158203214407,0.63054817915,-0.0951745137572,0.0629900619388,0.649075567722,-0.0938772410154,-0.0345734655857,0.664808690548,-0.0973053351045,-0.131678566337,0.680908501148,-0.100278615952,-0.228789836168,0.696089446545,-0.106242746115,-0.348495543003,0.662873327732,-0.117668896914,-0.364732027054
1778096919.09,0.550050079823,-0.105147793889,0.4493727386,0.571759641171,-0.101100802422,0.354268759489,0.591543912888,-0.0972722843289,0.256265223026,0.611235618591,-0.0939219668508,0.158394306898,0.629776060581,-0.0922674238682,0.0625842362642,0.648867726326,-0.0912207365036,-0.0345686674118,0.665330052376,-0.093719497323,-0.131444886327,0.682412624359,-0.0963538959622,-0.228230029345,0.698597073555,-0.101941429079,-0.347956687212,0.661493897438,-0.114790186286,-0.364732027054
1778096919.1,0.547425150871,-0.104115054011,0.448867082596,0.569063961506,-0.0996867641807,0.354566067457,0.588775038719,-0.0958216264844,0.257932335138,0.609619677067,-0.0919686406851,0.158376187086,0.628998279572,-0.0897240117192,0.0623125135899,0.648897647858,-0.0886555835605,-0.0336416512728,0.665726184845,-0.0903552994132,-0.131862640381,0.682932853699,-0.0930399671197,-0.226404070854,0.700268447399,-0.097641415894,-0.347135424614,0.659971296787,-0.111911483109,-0.364732027054
1778096919.11,0.544520020485,-0.103014245629,0.448397934437,0.566782414913,-0.0980529412627,0.353764563799,0.586653232574,-0.0943703204393,0.25746524334,0.608027935028,-0.0901244357228,0.158251941204,0.627491950989,-0.08771507442,0.0626343339682,0.647610962391,-0.0857393741608,-0.033726811409,0.665697515011,-0.0874990895391,-0.13141065836,0.684688568115,-0.0896147340536,-0.227123856544,0.702245354652,-0.0930840596557,-0.346944898367,0.658306777477,-0.109032772481,-0.364732027054
1778096919.12,0.542069017887,-0.102122716606,0.447931617498,0.564006388187,-0.0968985706568,0.353474617004,0.5843359828,-0.0930361226201,0.256969988346,0.605731189251,-0.0884571969509,0.158041119576,0.625807285309,-0.0856452360749,0.0623814091086,0.645873785019,-0.0822217687964,-0.0349796414375,0.665569782257,-0.0847455263138,-0.130639195442,0.684282362461,-0.0857760980725,-0.226105749607,0.703658640385,-0.088808991015,-0.346104115248,0.65650165081,-0.106154061854,-0.364732027054
1778096919.13,0.539021551609,-0.101010203362,0.447211772203,0.561260700226,-0.0958131626248,0.353300273418,0.581912279129,-0.091603346169,0.256195217371,0.603344976902,-0.0870512127876,0.158045426011,0.623890936375,-0.0840314999223,0.0621013082564,0.645370423794,-0.0815737843513,-0.0336897969246,0.664308905602,-0.0813810005784,-0.13142581284,0.684573352337,-0.0824684053659,-0.225426971912,0.705644369125,-0.0842651128769,-0.346110254526,0.654557526112,-0.103275358677,-0.364732027054
1778096919.14,0.535939872265,-0.0998937115073,0.446532338858,0.557896077633,-0.0946505814791,0.352409899235,0.578519105911,-0.0904984623194,0.255775660276,0.600568115711,-0.0858770683408,0.157169759274,0.621664404869,-0.0826031044126,0.0616903118789,0.642140865326,-0.0776920989156,-0.0357763320208,0.663464069366,-0.0786411613226,-0.131859585643,0.685103416443,-0.0786868184805,-0.225920021534,0.707041144371,-0.0798912495375,-0.34508010745,0.652475953102,-0.100396648049,-0.364732027054
1778096919.15,0.533651173115,-0.099036321044,0.446011930704,0.554930865765,-0.0935296341777,0.352424144745,0.575646936893,-0.0891215056181,0.254954278469,0.597521185875,-0.0850010067225,0.157590344548,0.618955016136,-0.0813604071736,0.0614966005087,0.640967428684,-0.0769428387284,-0.0349478125572,0.662368535995,-0.0760954394937,-0.132049590349,0.68556201458,-0.0751439929008,-0.226078212261,0.708482205868,-0.0751596391201,-0.345184624195,0.650258660316,-0.0975179448724,-0.364732027054
1778096919.16,0.530799150467,-0.0978661924601,0.44528824091,0.551960587502,-0.0924515724182,0.3513276577,0.572143435478,-0.088428042829,0.254417300224,0.594209015369,-0.0842489525676,0.156946122646,0.61622518301,-0.0801616236567,0.0612966679037,0.640058159828,-0.0761775746942,-0.0336179435253,0.661515891552,-0.0736667662859,-0.131138756871,0.684654295444,-0.0720798224211,-0.225463986397,0.709456503391,-0.0707860663533,-0.344882965088,0.647907555103,-0.0946392342448,-0.364732027054
1778096919.17,0.527957677841,-0.0966262966394,0.444566637278,0.548330664635,-0.0916908532381,0.350498318672,0.568880021572,-0.087554037571,0.253678917885,0.590736687183,-0.0832459703088,0.156063437462,0.61307567358,-0.0792837142944,0.0611044019461,0.637866735458,-0.0743280947208,-0.0352436900139,0.659551143646,-0.0711341947317,-0.132703900337,0.684221863747,-0.0689133256674,-0.225775837898,0.710180938244,-0.0659565627575,-0.344532698393,0.645424425602,-0.0917605310678,-0.364732027054
1778096919.18,0.52505838871,-0.0952870473266,0.443784594536,0.544850349426,-0.0903355106711,0.349712729454,0.564993977547,-0.0866549685597,0.253075897694,0.587498486042,-0.0824247449636,0.15488947928,0.609882116318,-0.0779991447926,0.0591629445553,0.634185671806,-0.0722962468863,-0.0355378389359,0.658156692982,-0.0696538984776,-0.130960300565,0.683530211449,-0.0656766667962,-0.226119548082,0.711216449738,-0.0617746189237,-0.343599647284,0.642811477184,-0.0888818204403,-0.364732027054
1778096919.19,0.52223533392,-0.0938146412373,0.443092733622,0.541571080685,-0.0893356651068,0.349037766457,0.56163752079,-0.0858303830028,0.251935303211,0.58390802145,-0.0816649124026,0.154226273298,0.606415450573,-0.0768821015954,0.059067543596,0.632747888565,-0.0718294754624,-0.0359028875828,0.655596196651,-0.0668497607112,-0.13326728344,0.682944774628,-0.0623843446374,-0.226008296013,0.711259067059,-0.0569376125932,-0.343764692545,0.640070796013,-0.0860031098127,-0.364732027054
1778096919.2,0.519419312477,-0.0922304093838,0.442301750183,0.537876427174,-0.0882405638695,0.348179101944,0.558191239834,-0.0850132256746,0.250968843699,0.580311238766,-0.0807688832283,0.153234690428,0.603440344334,-0.0760394707322,0.0585583858192,0.629716873169,-0.0700973719358,-0.0364637374878,0.654145538807,-0.0646887421608,-0.132524013519,0.681424856186,-0.0593210235238,-0.225682646036,0.711426973343,-0.052458524704,-0.343063026667,0.637204706669,-0.0831244066358,-0.364732027054
1778096919.21,0.516653299332,-0.0904867649078,0.441568166018,0.534500002861,-0.0870226845145,0.347891867161,0.554254293442,-0.0839348211884,0.250184416771,0.576502144337,-0.0798521786928,0.152445018291,0.599468648434,-0.0751600414515,0.057212870568,0.626090526581,-0.0690489932895,-0.036443784833,0.651744365692,-0.0629075467587,-0.132281333208,0.679746806622,-0.0560425184667,-0.225458055735,0.711170315742,-0.0484201870859,-0.342888474464,0.634215593338,-0.0802456960082,-0.364732027054
1778096919.22,0.513942360878,-0.0885858908296,0.440848737955,0.531325519085,-0.0855931714177,0.346827805042,0.550839960575,-0.0831385403872,0.249572277069,0.572724103928,-0.0789516493678,0.151601403952,0.595932722092,-0.0741236880422,0.0561105199158,0.623334407806,-0.0671910569072,-0.0377374142408,0.648926258087,-0.0601778365672,-0.133746683598,0.678228437901,-0.0532521568239,-0.225852102041,0.710672616959,-0.044094864279,-0.342464417219,0.631105840206,-0.0773669928312,-0.364732027054
1778096919.23,0.511518597603,-0.0867404490709,0.440092176199,0.527996599674,-0.08417891711,0.345918923616,0.547508716583,-0.0817726999521,0.248762473464,0.569112837315,-0.0778479501605,0.150184378028,0.592925786972,-0.0734207034111,0.056516174227,0.61943256855,-0.0660307407379,-0.0353007316589,0.64636951685,-0.0579484887421,-0.134183645248,0.676475822926,-0.0501580424607,-0.225645571947,0.709933161736,-0.0397856719792,-0.3419290483,0.627878129482,-0.0744882822037,-0.364732027054
1778096919.24,0.508727729321,-0.0842220261693,0.439342260361,0.524523079395,-0.0826971754432,0.345881164074,0.543915212154,-0.0805078819394,0.247886061668,0.565701782703,-0.0767274871469,0.149661898613,0.589517176151,-0.0721319243312,0.0554779060185,0.615924298763,-0.0634620934725,-0.0403224974871,0.643938839436,-0.0556679069996,-0.134239286184,0.674383759499,-0.0469657592475,-0.226202428341,0.709113061428,-0.0358662568033,-0.341607868671,0.624535024166,-0.0716095790267,-0.364732027054
1778096919.25,0.506005465984,-0.0815548971295,0.438590347767,0.521548986435,-0.0805867090821,0.344260454178,0.540405511856,-0.0787661671638,0.246853739023,0.562011122704,-0.0752671062946,0.14899328351,0.586719453335,-0.0705612897873,0.0549402460456,0.614121615887,-0.0625201612711,-0.0392935872078,0.641892194748,-0.0542226545513,-0.133878022432,0.672025978565,-0.0437864996493,-0.226635366678,0.707360208035,-0.0320521742105,-0.341779768467,0.621079385281,-0.0687308683991,-0.364732027054
1778096919.26,0.503879785538,-0.0791573002934,0.437965124846,0.518386483192,-0.0787406787276,0.343991518021,0.536925315857,-0.0770821645856,0.246354952455,0.559035897255,-0.0734541937709,0.148023799062,0.582947254181,-0.0690280348063,0.0541686415672,0.610033988953,-0.0597769729793,-0.0414071828127,0.637978971004,-0.0517078712583,-0.133640885353,0.670177161694,-0.0407894924283,-0.226467370987,0.705808520317,-0.0282056555152,-0.341882795095,0.617514073849,-0.0658521652222,-0.364732027054
1778096919.27,0.501625955105,-0.0762621089816,0.437329500914,0.515654027462,-0.0761598870158,0.342771530151,0.534126937389,-0.074850089848,0.245464280248,0.55519002676,-0.0715433657169,0.147299334407,0.579365611076,-0.067004442215,0.0532799884677,0.607208371162,-0.0587303303182,-0.0401672124863,0.634805560112,-0.0496064648032,-0.133768379688,0.667202830315,-0.038094650954,-0.227149546146,0.703734219074,-0.0242945216596,-0.342705458403,0.613842010498,-0.0629734545946,-0.364732027054
1778096919.28,0.499446243048,-0.0732345879078,0.436657100916,0.513173997402,-0.0739228501916,0.342041611671,0.530865371227,-0.0728332474828,0.244966879487,0.552537977695,-0.0694992989302,0.147228032351,0.576246380806,-0.0647077709436,0.0521342977881,0.604652404785,-0.056852273643,-0.0407299846411,0.632633805275,-0.0467848293483,-0.136838465929,0.664601624012,-0.0351233780384,-0.227610349655,0.701153039932,-0.0209226496518,-0.342465698719,0.610066235065,-0.0600947439671,-0.364732027054
1778096919.29,0.497428268194,-0.07002107054,0.436103433371,0.585309386253,-0.122283518314,0.355029463768,0.598180353642,-0.121846817434,0.255661338568,0.611722052097,-0.122006885707,0.155536338687,0.624607622623,-0.123673982918,0.0584769919515,0.638935863972,-0.125307276845,-0.0386068671942,0.650895118713,-0.128609329462,-0.138240098953,0.66456258297,-0.13222014904,-0.233938783407,0.676946997643,-0.137039408088,-0.354272067547,0.606189906597,-0.0572160370648,-0.364732027054
1778096919.3,0.495543569326,-0.0666052103043,0.435527086258,0.507859110832,-0.0688542276621,0.34098982811,0.525385975838,-0.0677143931389,0.243689060211,0.546597182751,-0.0646509453654,0.145050391555,0.56962877512,-0.059524461627,0.0511816516519,0.598462283611,-0.0513189733028,-0.04339620471,0.626200675964,-0.0408864021301,-0.138944000006,0.658370554447,-0.0294003840536,-0.228991091251,0.695479571819,-0.0142422700301,-0.343603044748,0.602216184139,-0.0543373301625,-0.364732027054
1778096919.31,0.494084864855,-0.0638142451644,0.435045808554,0.505399882793,-0.0656778290868,0.340986520052,0.523198962212,-0.0644484907389,0.242077052593,0.54395622015,-0.0618261918426,0.145005986094,0.566328108311,-0.0572804547846,0.0503127500415,0.595436215401,-0.0486234128475,-0.0441056638956,0.62301582098,-0.0377624444664,-0.139594495296,0.655198395252,-0.0267228949815,-0.230170190334,0.692058444023,-0.0116144213825,-0.344813495874,0.598148405552,-0.0514586232603,-0.364732027054
1778096919.32,0.491923063993,-0.0590165220201,0.434428453445,0.503301262856,-0.0623606406152,0.339540719986,0.52049612999,-0.0615094304085,0.242296814919,0.541177928448,-0.0583106689155,0.143476456404,0.563831627369,-0.0535742081702,0.0488153323531,0.591906070709,-0.0459195971489,-0.0435584187508,0.620459675789,-0.03547129035,-0.140225201845,0.651748120785,-0.0235139783472,-0.230778574944,0.688748955727,-0.00881533510983,-0.346201002598,0.5939899683,-0.048579916358,-0.364732027054
1778096919.33,0.490398675203,-0.0550925284624,0.433973699808,0.501048982143,-0.0589951612055,0.339509546757,0.518333256245,-0.0579946115613,0.241336584091,0.538420140743,-0.0551413297653,0.143295839429,0.561593234539,-0.0501566976309,0.0482579320669,0.58895367384,-0.0426388271153,-0.0441927313805,0.616885900497,-0.0324098542333,-0.14005318284,0.648360550404,-0.0206404160708,-0.232647687197,0.684114396572,-0.00618890486658,-0.346880286932,0.589744269848,-0.0457012094557,-0.364732027054
1778096919.34,0.488993495703,-0.0509058237076,0.433501809835,0.499486982822,-0.0553559586406,0.338652610779,0.516682803631,-0.0541715994477,0.240832060575,0.536693811417,-0.0515314266086,0.142579078674,0.558932423592,-0.0468898564577,0.0487797558308,0.585903167725,-0.0386281386018,-0.0456254333258,0.613909304142,-0.0287683010101,-0.14115780592,0.644701242447,-0.0175067074597,-0.232702195644,0.679816067219,-0.00356970750727,-0.348394006491,0.58541482687,-0.0428225025535,-0.364732027054
1778096919.35,0.487727940083,-0.0465984120965,0.433085024357,0.497683703899,-0.0512492284179,0.338013321161,0.514369428158,-0.0505275167525,0.240761935711,0.534263908863,-0.0476933009923,0.142053201795,0.556636154652,-0.0431128591299,0.0477661937475,0.582998216152,-0.0355734042823,-0.0451472252607,0.609906077385,-0.0251281317323,-0.143838346004,0.640593349934,-0.0145623199642,-0.234494924545,0.675320446491,-0.00135991163552,-0.350029617548,0.581005215645,-0.0399437919259,-0.364732027054
1778096919.36,0.486452132463,-0.041302472353,0.432696938515,0.49630177021,-0.0476351603866,0.337943226099,0.513175010681,-0.0458681881428,0.239542007446,0.532514572144,-0.04331189394,0.141553193331,0.554304003716,-0.0388375259936,0.0460094213486,0.579955935478,-0.0313050448895,-0.0455760359764,0.605976164341,-0.0213969312608,-0.145439863205,0.636073410511,-0.0121017480269,-0.235727667809,0.670288801193,0.000623326282948,-0.352111548185,0.57651913166,-0.0370650850236,-0.364732027054
1778096919.37,0.485676795244,-0.0376896373928,0.432444214821,0.510012388229,-0.0712821185589,0.34169369936,0.528131783009,-0.0703593865037,0.243802145123,0.549042224884,-0.0674640983343,0.146169379354,0.572544395924,-0.0623610727489,0.0524925068021,0.601226389408,-0.0537645816803,-0.0416725426912,0.629452228546,-0.0437950827181,-0.137211501598,0.661313354969,-0.0321525782347,-0.228738039732,0.698530733585,-0.0177641063929,-0.342891782522,0.571960330009,-0.0341863781214,-0.364732027054
1778096919.38,0.484792947769,-0.0331302434206,0.432190150023,0.494935929775,-0.0429397746921,0.337221771479,0.511843919754,-0.0416636578739,0.23902925849,0.530841529369,-0.0388333685696,0.140617445111,0.552148163319,-0.0345941409469,0.0463925972581,0.577291607857,-0.0269479937851,-0.0490842908621,0.602880835533,-0.0190337561071,-0.144216507673,0.632108569145,-0.00905234739184,-0.237290531397,0.664984941483,0.00261005060747,-0.353502303362,0.567332446575,-0.0313076712191,-0.364732027054
1778096919.39,0.484013617039,-0.0285060796887,0.431932508945,0.493153393269,-0.0343721285462,0.33678996563,0.509669482708,-0.0323632135987,0.237962067127,0.527793288231,-0.0294426381588,0.139642432332,0.54811757803,-0.0253056995571,0.0442313104868,0.571949839592,-0.0192791018635,-0.0495035648346,0.595363438129,-0.0106780445203,-0.148021966219,0.622852623463,-0.00349091226235,-0.240050941706,0.653609097004,0.00639460980892,-0.357260614634,0.562639474869,-0.0284289643168,-0.364732027054
1778096919.4,0.483270138502,-0.0234044808894,0.431623131037,0.493932843208,-0.0388273969293,0.337074518204,0.510144174099,-0.0375875197351,0.239344537258,0.529401600361,-0.0342701151967,0.140112429857,0.549829244614,-0.030414743349,0.0455827265978,0.575534164906,-0.0239252503961,-0.048128053546,0.599389314651,-0.0149692986161,-0.146484881639,0.627733886242,-0.00621464522555,-0.238708823919,0.659279882908,0.0045910384506,-0.35549762845,0.557885169983,-0.0255502555519,-0.364732027054
1778096919.41,0.482771545649,-0.0192352253944,0.431438684464,0.49119156599,-0.0253045875579,0.336387753487,0.506939411163,-0.0230929404497,0.238149061799,0.524810791016,-0.0195680204779,0.139601692557,0.544489383698,-0.0158957727253,0.0430810451508,0.565896570683,-0.0095999147743,-0.0491223931313,0.588539540768,-0.00428674509749,-0.149193018675,0.613438546658,0.00178089970723,-0.243107229471,0.640709280968,0.00950727891177,-0.360991239548,0.553073585033,-0.0226715486497,-0.364732027054
1778096919.42,0.482281804085,-0.0145954564214,0.43124037981,0.490537166595,-0.0201620049775,0.335510373116,0.506378531456,-0.0181530192494,0.237651646137,0.52360022068,-0.0147592946887,0.139431983232,0.542086660862,-0.0112979225814,0.0436138510704,0.563226997852,-0.00481331953779,-0.0539914220572,0.58448445797,-0.000215541804209,-0.150512993336,0.60830283165,0.00473590381444,-0.244781821966,0.633428215981,0.0107287401333,-0.363039314747,0.548208653927,-0.0197928417474,-0.364732027054
1778096919.43,0.481859564781,-0.0098918909207,0.431055545807,0.48994910717,-0.0153368338943,0.335038363934,0.505642473698,-0.0129675799981,0.237201333046,0.52241396904,-0.00992592424154,0.139240190387,0.539985716343,-0.00571079924703,0.0422308221459,0.560519397259,-5.79908955842e-05,-0.0548645555973,0.580172300339,0.0033311014995,-0.151531308889,0.603343963623,0.00752212665975,-0.246108651161,0.626682162285,0.0121709089726,-0.364921957254,0.543294370174,-0.0169141329825,-0.364732027054
1778096919.44,0.481499969959,-0.00527073442936,0.43089479208,0.489456653595,-0.010624117218,0.334971636534,0.505119562149,-0.00790226273239,0.236883372068,0.52098095417,-0.00446552922949,0.138865306973,0.538028001785,-0.00163862481713,0.0426928177476,0.558512330055,0.00364847062156,-0.0535280257463,0.576465427876,0.00680442340672,-0.152208268642,0.597644984722,0.0100907413289,-0.247533261776,0.619198977947,0.0136552602053,-0.366787642241,0.538334906101,-0.0140354260802,-0.364732027054
1778096919.45,0.481169611216,-0.000821157998871,0.430696159601,0.489007532597,-0.00616775080562,0.335085451603,0.504157006741,-0.00307841831818,0.236822068691,0.519874215126,0.000404149759561,0.138338044286,0.536385297775,0.00369182880968,0.0413697585464,0.55505746603,0.00810690410435,-0.0552740246058,0.571256637573,0.0109881106764,-0.154944688082,0.591681838036,0.0129144564271,-0.248774170876,0.611909389496,0.0148283094168,-0.368764847517,0.533334255219,-0.011156719178,-0.364732027054
1778096919.46,0.48091134429,0.00352448644117,0.430512756109,0.488745927811,-0.0017446068814,0.33521926403,0.503397345543,0.00183789804578,0.236472725868,0.518333077431,0.00536845810711,0.138053849339,0.534132778645,0.00811884831637,0.0417358353734,0.551939249039,0.0123745743185,-0.0562867373228,0.567807435989,0.0145455803722,-0.154874891043,0.585938930511,0.0154761597514,-0.250057667494,0.604069769382,0.0162085406482,-0.370144277811,0.528296649456,-0.00827801134437,-0.364732027054
1778096919.47,0.480718135834,0.00778132257983,0.430340379477,0.488244235516,0.00321978610009,0.33484518528,0.502622008324,0.00669064838439,0.236268252134,0.517313480377,0.00996712595224,0.137643322349,0.532236039639,0.0129137709737,0.040415763855,0.54841786623,0.0165599435568,-0.0571253597736,0.563066780567,0.0173202026635,-0.155975699425,0.580386519432,0.0176076591015,-0.251007586718,0.596149682999,0.017339931801,-0.371488809586,0.523226201534,-0.00539930351079,-0.364732027054
1778096919.48,0.480589896441,0.0118279168382,0.430211365223,0.488214075565,0.00776168424636,0.333499670029,0.501366615295,0.0110148601234,0.236000776291,0.515520453453,0.0146600548178,0.137219309807,0.529877662659,0.016785884276,0.0406361371279,0.545347452164,0.0193380564451,-0.0563891232014,0.558547139168,0.0204850826412,-0.15656670928,0.573595702648,0.0201430972666,-0.251756340265,0.588272154331,0.0187768377364,-0.373238801956,0.518127143383,-0.00252059614286,-0.364732027054
1778096919.49,0.480491042137,0.0157961584628,0.430097967386,0.487395346165,0.0117559153587,0.334375977516,0.500744700432,0.0155998747796,0.235451623797,0.514085352421,0.018964683637,0.137093424797,0.527520418167,0.0217388216406,0.0393483713269,0.541502177715,0.0232573635876,-0.0567017644644,0.553730726242,0.0232991259545,-0.156306028366,0.567668735981,0.0224722698331,-0.253903359175,0.579981505871,0.0196400415152,-0.373469501734,0.513003706932,0.000358111225069,-0.364732027054
1778096919.5,0.480399161577,0.0195774286985,0.429997086525,0.487062811852,0.0156352054328,0.334317564964,0.499816596508,0.0197433140129,0.235345453024,0.512084782124,0.0232662875205,0.136653870344,0.524541437626,0.0249741263688,0.0394909158349,0.537429630756,0.0270760450512,-0.0583029389381,0.548978149891,0.0266225058585,-0.157751828432,0.560619473457,0.024812053889,-0.253215998411,0.571527123451,0.0218583382666,-0.374612629414,0.507860124111,0.003236818593,-0.364732027054
1778096919.51,0.48032823205,0.0221085287631,0.429920881987,0.486342549324,0.0200250521302,0.333436697721,0.498653113842,0.0235914364457,0.234999075532,0.510581970215,0.0270669031888,0.136347085238,0.521951973438,0.0293273255229,0.0381678491831,0.534150421619,0.0304161310196,-0.0588061958551,0.543983995914,0.0296571180224,-0.158375382423,0.554463386536,0.0273337047547,-0.254904150963,0.563610434532,0.0219588652253,-0.375753998756,0.502700686455,0.00611552596092,-0.364732027054
1778096919.52,0.480174213648,0.0263770353049,0.429788559675,0.486433506012,0.0231967791915,0.33387118578,0.497318029404,0.027474924922,0.234878629446,0.508030593395,0.0307869389653,0.1364389956,0.518741905689,0.0325482226908,0.0383307486773,0.530951917171,0.0337742194533,-0.0600852221251,0.537788331509,0.0319540463388,-0.157499998808,0.548039376736,0.0295069590211,-0.255643129349,0.555386662483,0.0239640381187,-0.37695145607,0.497529625893,0.00899423379451,-0.364732027054
1778096919.53,0.480017453432,0.0296879764646,0.429667443037,0.485588014126,0.0270059779286,0.333691477776,0.495913803577,0.0308935344219,0.234835356474,0.506035327911,0.0343583114445,0.134925931692,0.51583558321,0.0356103740633,0.0379433110356,0.525640070438,0.0361336283386,-0.0598641782999,0.532608270645,0.0347425676882,-0.159060627222,0.541323840618,0.0311433896422,-0.256596028805,0.546819150448,0.0260284151882,-0.378553599119,0.492351233959,0.0118729406968,-0.364732027054
1778096919.54,0.479843527079,0.0328728444874,0.429556816816,0.484681367874,0.0308570452034,0.332764327526,0.49462813139,0.0344161726534,0.234426856041,0.503237247467,0.0370212458074,0.135648578405,0.512539565563,0.0386611185968,0.0370826274157,0.520998418331,0.0393740721047,-0.0613641738892,0.527584731579,0.0367908068001,-0.160096555948,0.534144878387,0.0332882702351,-0.257563054562,0.53816562891,0.027470542118,-0.379316776991,0.487169861794,0.0147516485304,-0.364732027054
1778096919.55,0.479649275541,0.0358651839197,0.429423123598,0.484328210354,0.0334194041789,0.333341300488,0.493222773075,0.0372696332633,0.233752548695,0.501222610474,0.0397850237787,0.13486649096,0.508409738541,0.040728520602,0.0373054742813,0.51582801342,0.041580401361,-0.0613207966089,0.521687090397,0.0390408709645,-0.16135340929,0.526995360851,0.0356108024716,-0.257812470198,0.529049575329,0.029532071203,-0.37888032198,0.481989681721,0.0176303554326,-0.364732027054
1778096919.56,0.47944521904,0.0386598445475,0.4292935431,0.483157873154,0.0363015644252,0.333373814821,0.490996599197,0.0398597307503,0.234320536256,0.49843943119,0.0425245910883,0.134745299816,0.504777908325,0.0442528948188,0.0356655046344,0.511674821377,0.0437631569803,-0.0625923126936,0.515643596649,0.0411427989602,-0.162010878325,0.519350588322,0.0379217937589,-0.257415175438,0.521191835403,0.0312820971012,-0.380395025015,0.476815104485,0.0205090641975,-0.364732027054
1778096919.57,0.479211956263,0.0413748845458,0.42917945981,0.482350409031,0.0388612486422,0.333150982857,0.489452004433,0.0424210391939,0.233641386032,0.495877504349,0.0447485893965,0.133799016476,0.501002013683,0.0458884313703,0.0355881974101,0.506141066551,0.0455201603472,-0.0622215867043,0.509186804295,0.0428881496191,-0.162505984306,0.512450933456,0.039521060884,-0.259355843067,0.512917101383,0.0336310639977,-0.381416410208,0.471650362015,0.0233877710998,-0.364732027054
1778096919.58,0.478939503431,0.0440116040409,0.429074347019,0.481179714203,0.0418908596039,0.332857966423,0.487216114998,0.0446032844484,0.233920320868,0.49216902256,0.0466933809221,0.134343847632,0.496845424175,0.0480651408434,0.0350753292441,0.501720130444,0.0474545173347,-0.0632358044386,0.502707362175,0.0448559336364,-0.163005590439,0.505519032478,0.04130076617,-0.259912580252,0.50384837389,0.0355328433216,-0.381150633097,0.46649980545,0.0262664780021,-0.364732027054
1778096919.59,0.478651553392,0.0464883446693,0.428955614567,0.480187177658,0.0441490411758,0.332496792078,0.485492169857,0.0464477241039,0.232848078012,0.489702820778,0.0486184731126,0.133257359266,0.492294967175,0.0488631203771,0.0356442406774,0.496026813984,0.0488927960396,-0.0635419934988,0.496897637844,0.0462447814643,-0.163104385138,0.498209536076,0.0427385307848,-0.260239750147,0.495980381966,0.0371169000864,-0.381664097309,0.461367547512,0.0291451849043,-0.364732027054
1778096919.6,0.478332012892,0.0489192269742,0.428834021091,0.479106605053,0.0460887365043,0.332353651524,0.483354568481,0.0485403425992,0.232502251863,0.486096560955,0.0500405170023,0.132874041796,0.487559854984,0.0504676997662,0.0357692912221,0.490589261055,0.0504858717322,-0.0642529129982,0.490347743034,0.0479679144919,-0.163217961788,0.490804374218,0.0447407737374,-0.260739654303,0.487591564655,0.039772015065,-0.382621049881,0.456257998943,0.0320238918066,-0.364732027054
1778096919.61,0.477983981371,0.0513073801994,0.428712666035,0.477725982666,0.0482644550502,0.332253992558,0.481137394905,0.0503433793783,0.232281953096,0.482844650745,0.0516317300498,0.132703512907,0.483189404011,0.05142904073,0.0352933108807,0.485186636448,0.0516590066254,-0.0644169449806,0.483351767063,0.0491814129055,-0.163429021835,0.48308712244,0.0462270863354,-0.260508954525,0.479223310947,0.0417721047997,-0.382498085499,0.451175332069,0.0349026024342,-0.364732027054
1778096919.62,0.477617770433,0.0535511299968,0.428600519896,0.492030382156,-0.029635777697,0.33647030592,0.508099019527,-0.0275559611619,0.238344609737,0.526059925556,-0.0248133223504,0.140351653099,0.546429097652,-0.0212375670671,0.0451446771622,0.570035099983,-0.014360983856,-0.0513448268175,0.591709434986,-0.0076527451165,-0.148607373238,0.618833243847,-0.000477250898257,-0.241657555103,0.646915137768,0.00781191140413,-0.359268665314,0.446123719215,0.0377813093364,-0.364732027054
1778096919.63,0.47721350193,0.0557891912758,0.428485125303,0.474999189377,0.0519461557269,0.331656813622,0.475552201271,0.0529176294804,0.232357189059,0.474907338619,0.053520668298,0.13278914988,0.474122107029,0.053574308753,0.0341773405671,0.474072158337,0.0532805360854,-0.063668563962,0.47042632103,0.0512611605227,-0.16275793314,0.46875411272,0.0502289757133,-0.261380434036,0.461754381657,0.0485122799873,-0.385146617889,0.441107392311,0.0406600162387,-0.364732027054
1778096919.64,0.47677475214,0.0580354146659,0.42837485671,0.473299741745,0.0539176501334,0.331509798765,0.472844004631,0.0539611577988,0.232468217611,0.471166074276,0.0542955175042,0.133170321584,0.468951165676,0.05425548926,0.0347981825471,0.468081057072,0.0544536784291,-0.0645626485348,0.462994158268,0.0529480390251,-0.162070244551,0.462065577507,0.0509534962475,-0.26136687398,0.454363107681,0.0505501069129,-0.38509196043,0.436130523682,0.043538723141,-0.364732027054
1778096919.65,0.476297616959,0.060308303684,0.428270787001,0.471960306168,0.0553001463413,0.331660866737,0.470033824444,0.0553328618407,0.232029020786,0.467199265957,0.0551275461912,0.132808119059,0.464068174362,0.0549072250724,0.0348038002849,0.461168766022,0.0555777996778,-0.0615163296461,0.457089245319,0.0538571886718,-0.162779271603,0.453764140606,0.0527319125831,-0.262311011553,0.445433318615,0.0519297532737,-0.381960719824,0.431197166443,0.0464174300432,-0.364732027054
1778096919.66,0.475767970085,0.0626415982842,0.428143948317,0.469992041588,0.0569017603993,0.331808656454,0.46741271019,0.0565561316907,0.23207859695,0.463691949844,0.0559063702822,0.132482632995,0.459128379822,0.0562095530331,0.0350905582309,0.456219911575,0.055963139981,-0.0625337064266,0.450825273991,0.0550012215972,-0.162753462791,0.446088910103,0.0541297756135,-0.261798858643,0.437378466129,0.0544237084687,-0.382252931595,0.42631149292,0.0492961369455,-0.364732027054
1778096919.67,0.475259304047,0.0647919028997,0.428028762341,0.468531429768,0.0587519928813,0.331525206566,0.464348256588,0.0575883612037,0.232305839658,0.459645390511,0.0570588894188,0.132315903902,0.454453229904,0.0564438775182,0.03539840132,0.451002955437,0.0566176436841,-0.0627208203077,0.443519711494,0.056816034019,-0.161729723215,0.438846290112,0.0565239861608,-0.261882632971,0.429503262043,0.0557726882398,-0.382260382175,0.421477556229,0.0521748438478,-0.364732027054
1778096919.68,0.474593251944,0.0674995929003,0.427898615599,0.466774880886,0.0599284693599,0.331744045019,0.462031424046,0.0588105916977,0.232186481357,0.455839693546,0.0578015372157,0.132780387998,0.449828267097,0.0570215173066,0.0351317450404,0.445505976677,0.058012124151,-0.0628686100245,0.437437534332,0.0575960278511,-0.161884188652,0.430238902569,0.0618861541152,-0.265470772982,0.421459019184,0.0592348799109,-0.381680428982,0.416699230671,0.0550535544753,-0.364732027054
1778096919.69,0.473885923624,0.0702975913882,0.42778673768,0.465344071388,0.0621739700437,0.331430226564,0.459208488464,0.0603067874908,0.232328563929,0.452587008476,0.0591296702623,0.132151186466,0.445463597775,0.0583480298519,0.0349019244313,0.440572500229,0.0588587671518,-0.0644018054008,0.431136012077,0.0585807189345,-0.162127584219,0.423265516758,0.0635371133685,-0.265254408121,0.41393584013,0.0631079003215,-0.384209811687,0.411980628967,0.0579322613776,-0.364732027054
1778096919.7,0.473298937082,0.0726036280394,0.427681535482,0.463977754116,0.0641616806388,0.331065505743,0.456520855427,0.0615675598383,0.232480287552,0.448583722115,0.0597649291158,0.133346304297,0.440766334534,0.0587358959019,0.0353302285075,0.433393895626,0.0606298372149,-0.0608990043402,0.424851179123,0.0603662729263,-0.161862075329,0.418234109879,0.0620461255312,-0.26080852747,0.405926048756,0.0629932805896,-0.381140083075,0.407325565815,0.0608109682798,-0.364732027054
1778096919.71,0.472647756338,0.075227946043,0.427608817816,0.462355315685,0.0658689960837,0.331414699554,0.454014956951,0.0634554252028,0.232341915369,0.445355832577,0.061305038631,0.133168578148,0.436430513859,0.0602162107825,0.0356504544616,0.429833352566,0.0610703602433,-0.0634155124426,0.418631672859,0.0617467835546,-0.160678893328,0.410640597343,0.0627752244473,-0.260073184967,0.398482739925,0.0660381242633,-0.381028831005,0.402737975121,0.0636896789074,-0.364732027054
1778096919.72,0.471988648176,0.0779555439949,0.427578777075,0.476375818253,0.0500129126012,0.332275956869,0.478134155273,0.0515585690737,0.232651561499,0.478745281696,0.052395593375,0.133008748293,0.478779792786,0.0528592579067,0.0341364070773,0.479904055595,0.052776671946,-0.0645341873169,0.476225137711,0.0504789017141,-0.161960721016,0.475960791111,0.0486157275736,-0.261517316103,0.4705991745,0.04410937801,-0.382244944572,0.398221552372,0.0665683820844,-0.364732027054
1778096919.73,0.471342742443,0.0807415544987,0.427613228559,0.460486412048,0.0677808746696,0.332302242517,0.452373802662,0.064962990582,0.232412710786,0.442100584507,0.0622197091579,0.133633211255,0.431609451771,0.0619417950511,0.0369696691632,0.423574626446,0.062317930162,-0.0628883987665,0.412596940994,0.0633918121457,-0.160285979509,0.404171049595,0.0638847053051,-0.260008573532,0.391081869602,0.0682895109057,-0.379881024361,0.393780171871,0.0694470927119,-0.364732027054
1778096919.74,0.470716625452,0.0836201459169,0.427691489458,0.457781076431,0.0722403004766,0.33177703619,0.447399675846,0.0686540156603,0.232860848308,0.435925126076,0.0656408295035,0.13397090137,0.424441635609,0.0642521381378,0.0368178188801,0.413796424866,0.0657812654972,-0.0604317933321,0.40179926157,0.0664036497474,-0.159922391176,0.390890598297,0.0687922984362,-0.258353501558,0.376145362854,0.0734136849642,-0.378411412239,0.389417409897,0.0723257958889,-0.364732027054
1778096919.75,0.470242828131,0.0859010666609,0.427770972252,0.459626674652,0.0703898519278,0.331071197987,0.449650287628,0.0667018890381,0.232513964176,0.438978016376,0.0641313046217,0.133931264281,0.428264498711,0.0628608539701,0.0365757793188,0.419801354408,0.0639608874917,-0.063278272748,0.407109320164,0.0647366791964,-0.160455822945,0.397694945335,0.0677368566394,-0.25925257802,0.384055256844,0.0699840709567,-0.379881650209,0.385136902332,0.0752045065165,-0.364732027054
1778096919.76,0.469538807869,0.089465290308,0.427964478731,0.456739485264,0.0751650854945,0.33132648468,0.445194661617,0.0707096382976,0.232938230038,0.433038175106,0.0678049921989,0.134235054255,0.420731246471,0.0662212073803,0.037090793252,0.40937846899,0.0673109963536,-0.0599742680788,0.396021664143,0.0686444267631,-0.159121185541,0.384973704815,0.069604717195,-0.258008033037,0.368880867958,0.0741737186909,-0.378288716078,0.380942225456,0.0780832096934,-0.364732027054
1778096919.77,0.468949973583,0.0924855321646,0.428163349628,0.455425441265,0.0775350034237,0.331839561462,0.4432528615,0.0735203698277,0.233120828867,0.430173933506,0.0702379345894,0.13433945179,0.417182505131,0.0684226080775,0.0376355648041,0.404972314835,0.0693882703781,-0.0599732100964,0.39052683115,0.0707726031542,-0.158253610134,0.378623187542,0.0723526626825,-0.257805973291,0.361543476582,0.0771553814411,-0.377277940512,0.376836836338,0.080961920321,-0.364732027054
1778096919.78,0.468368530273,0.0955435708165,0.428348690271,0.454008996487,0.079969599843,0.332019835711,0.441163122654,0.0760405436158,0.233195468783,0.427366673946,0.072924233973,0.134875372052,0.413587450981,0.0706973075867,0.0383259505033,0.400734364986,0.0711999461055,-0.0592012107372,0.386130213737,0.0724205300212,-0.158054679632,0.372891187668,0.0736122429371,-0.256350696087,0.355170488358,0.0781515836716,-0.376296520233,0.372824132442,0.0838406309485,-0.364732027054
1778096919.79,0.46779152751,0.0986428707838,0.428543955088,0.451849639416,0.0860892161727,0.332423597574,0.437917351723,0.0822381526232,0.233833998442,0.422144293785,0.078985735774,0.135907262564,0.407616436481,0.0765500441194,0.0392850339413,0.393147170544,0.07725058496,-0.0574667900801,0.377128958702,0.0772532746196,-0.156176269054,0.36223000288,0.0779167041183,-0.254593104124,0.340786397457,0.0825386866927,-0.37393116951,0.36890745163,0.0867193341255,-0.364732027054
1778096919.8,0.467257678509,0.101578764617,0.428759247065,0.450654506683,0.0891369059682,0.332953721285,0.436165809631,0.0851536691189,0.234453782439,0.420308232307,0.0816638171673,0.136068046093,0.404568195343,0.0796501263976,0.0397815927863,0.389974355698,0.079812079668,-0.0569449067116,0.372287452221,0.0809895768762,-0.154270470142,0.356757044792,0.0815431550145,-0.254074424505,0.334339499474,0.0844789519906,-0.373317807913,0.36509001255,0.0895980447531,-0.364732027054
1778096919.81,0.466623604298,0.105164177716,0.429020762444,0.450099945068,0.0921132862568,0.332876294851,0.4346550107,0.088317155838,0.234589219093,0.418513536453,0.084507510066,0.136499047279,0.402104735374,0.0830721929669,0.0402244776487,0.386522531509,0.0830036699772,-0.0560488551855,0.368568241596,0.0825705453753,-0.154469281435,0.351498842239,0.0833528190851,-0.252977728844,0.328773647547,0.0857637822628,-0.372180998325,0.361375033855,0.09247674793,-0.364732027054
1778096919.82,0.466074794531,0.108360506594,0.429246872663,0.449104845524,0.0955709517002,0.333278924227,0.433654010296,0.0921296179295,0.234777152538,0.41661798954,0.0885300040245,0.137139350176,0.399827122688,0.0865665599704,0.0409124717116,0.383583188057,0.0864000320435,-0.0555055141449,0.364743292332,0.0853377431631,-0.153195291758,0.345974802971,0.0859221592546,-0.252477020025,0.321981489658,0.0873424187303,-0.370780229568,0.357765495777,0.0953554585576,-0.364732027054
1778096919.83,0.465540647507,0.111519828439,0.429525583982,0.448478460312,0.0987659022212,0.333663761616,0.432461977005,0.0955888703465,0.235058277845,0.415201663971,0.0920681208372,0.137209117413,0.397477149963,0.0899955034256,0.0414486899972,0.380953490734,0.0891095772386,-0.0568576008081,0.361495375633,0.0890846997499,-0.15159124136,0.342158734798,0.0873206630349,-0.250627309084,0.316439062357,0.0889395624399,-0.370291382074,0.354264497757,0.0982341617346,-0.364732027054
1778096919.84,0.464990913868,0.114727593958,0.42983046174,0.447230696678,0.102245770395,0.33423769474,0.431532561779,0.0990875586867,0.235342010856,0.413367152214,0.0958425030112,0.137691751122,0.394718885422,0.0941201373935,0.0418975278735,0.377340972424,0.0926569774747,-0.054600790143,0.357895433903,0.0922362059355,-0.149887979031,0.337344527245,0.0905260965228,-0.250469893217,0.309798419476,0.0921762362123,-0.36949595809,0.350874900818,0.101112872362,-0.364732027054
1778096919.85,0.464500486851,0.117790348828,0.430141329765,0.446616649628,0.106063649058,0.33430787921,0.430345535278,0.102994866669,0.235678210855,0.412305116653,0.0999939367175,0.138260737062,0.393590033054,0.0973752811551,0.0424547120929,0.37626773119,0.0968802720308,-0.0565072596073,0.353560447693,0.0931437164545,-0.151488929987,0.332822918892,0.0931054875255,-0.249416738749,0.305076688528,0.0921803489327,-0.367338448763,0.347599506378,0.10399158299,-0.364732027054
1778096919.86,0.464000284672,0.121130354702,0.430485635996,0.446499288082,0.109397433698,0.334334850311,0.429512560368,0.106759868562,0.236286729574,0.410932660103,0.103667899966,0.138503804803,0.391468763351,0.101396910846,0.0428075641394,0.372907996178,0.100983597338,-0.0542271286249,0.349775850773,0.0966454446316,-0.151055335999,0.326646000147,0.0998925790191,-0.252789676189,0.299893110991,0.093684412539,-0.365935176611,0.344441056252,0.106870286167,-0.364732027054
1778096919.87,0.463549852371,0.124248638749,0.430841296911,0.445895135403,0.112626053393,0.334596455097,0.428797543049,0.110729061067,0.236481368542,0.409819602966,0.107885122299,0.13882496953,0.38988494873,0.105572715402,0.0433411747217,0.369855523109,0.104222841561,-0.0520320087671,0.346193373203,0.0995722711086,-0.151064932346,0.323387652636,0.101184487343,-0.250463813543,0.29542529583,0.0954996272922,-0.365254402161,0.341402113438,0.109748996794,-0.364732027054
1778096919.88,0.463222265244,0.1266605407,0.431128650904,0.445420742035,0.116494864225,0.334758102894,0.427960395813,0.114212691784,0.237057715654,0.408445298672,0.112037330866,0.139586538076,0.388058841228,0.109726794064,0.0441023632884,0.367048144341,0.108513988554,-0.0508690476418,0.343247413635,0.103087536991,-0.150408774614,0.320809990168,0.100636281073,-0.246539205313,0.289241611958,0.0990121588111,-0.364846080542,0.338485240936,0.112627699971,-0.364732027054
1778096919.89,0.462838619947,0.129841908813,0.431501954794,0.445009589195,0.119933381677,0.335312724113,0.42738878727,0.11820166558,0.237384781241,0.407584309578,0.116140767932,0.13978587091,0.386883080006,0.113291367888,0.0445327684283,0.365351140499,0.112886831164,-0.0497778356075,0.338822364807,0.110227651894,-0.153958588839,0.315795630217,0.10532387346,-0.246042996645,0.285172790289,0.100605092943,-0.362893044949,0.335692822933,0.115506410599,-0.364732027054
1778096919.9,0.462520599365,0.132756307721,0.431874185801,0.443997681141,0.123096808791,0.336127221584,0.426347196102,0.121495977044,0.237732112408,0.406252503395,0.119394905865,0.140192061663,0.38520771265,0.117571398616,0.0451716706157,0.363443374634,0.116403460503,-0.048878967762,0.335908174515,0.114320278168,-0.153790265322,0.313933104277,0.1057979092,-0.244090408087,0.280957132578,0.101504869759,-0.361068665981,0.33302718401,0.118385113776,-0.364732027054
1778096919.91,0.462184339762,0.135950937867,0.432274371386,0.443836450577,0.126578107476,0.336373507977,0.425619959831,0.125323385,0.238161638379,0.405317783356,0.123689949512,0.140809372067,0.383867383003,0.121029034257,0.0455026552081,0.36160826683,0.117991529405,-0.0499438941479,0.335643529892,0.113112978637,-0.147720634937,0.311242908239,0.108252882957,-0.242914944887,0.277533948421,0.10275477916,-0.360144078732,0.330490529537,0.121263824403,-0.364732027054
1778096919.92,0.461943328381,0.138424500823,0.432565629482,0.443084061146,0.129575684667,0.336365282536,0.424955248833,0.128906354308,0.238405108452,0.403917431831,0.12704731524,0.141487538815,0.382637143135,0.124985173345,0.0461325123906,0.36038851738,0.123008415103,-0.0479355752468,0.333339631557,0.116422511637,-0.146576821804,0.308612644672,0.111321903765,-0.241741269827,0.27363461256,0.105179816484,-0.358682602644,0.328085005283,0.12414252758,-0.364732027054
1778096919.93,0.461657851934,0.141419753432,0.432893812656,0.442508041859,0.132759585977,0.337509214878,0.424428641796,0.132363796234,0.238933116198,0.403289496899,0.130482167006,0.141745865345,0.381009459496,0.1284532547,0.0471537187696,0.358337640762,0.125127866864,-0.0488259941339,0.330831170082,0.119947075844,-0.146388858557,0.306339412928,0.113329745829,-0.240850180387,0.270473539829,0.107601396739,-0.357678562403,0.325812548399,0.127021238208,-0.364732027054
1778096919.94,0.461370378733,0.144163697958,0.43318554759,0.441937446594,0.135814324021,0.337603986263,0.423488616943,0.135469660163,0.239572227001,0.402113080025,0.134006932378,0.142741099,0.380063593388,0.131148740649,0.0471882671118,0.356357693672,0.128430441022,-0.0478093922138,0.328451246023,0.125445082784,-0.148564726114,0.303889453411,0.115934573114,-0.239990055561,0.267480194569,0.109174408019,-0.3564915061,0.323675066233,0.129899948835,-0.364732027054
1778096919.95,0.461135447025,0.146485805511,0.433416068554,0.442086398602,0.138618648052,0.337659955025,0.422811448574,0.13806219399,0.239787220955,0.401575386524,0.137050122023,0.14267642796,0.378826379776,0.134878486395,0.0481208190322,0.354737639427,0.131346195936,-0.047681838274,0.325866878033,0.128012672067,-0.14822140336,0.301807463169,0.118321143091,-0.239308923483,0.265466630459,0.109433077276,-0.354197174311,0.321674346924,0.132778659463,-0.364732027054
1778096919.96,0.460854172707,0.149251878262,0.433660507202,0.441769778728,0.1413333565,0.337915122509,0.421936571598,0.141364872456,0.240603834391,0.400447785854,0.139973208308,0.143523231149,0.37758243084,0.137047022581,0.048477448523,0.353754341602,0.13585691154,-0.0451045781374,0.324415832758,0.12845158577,-0.144577085972,0.299885571003,0.121153511107,-0.238291352987,0.261969178915,0.11374411732,-0.354377776384,0.319811999798,0.135657355189,-0.364732027054
1778096919.97,0.460609078407,0.151667386293,0.433863759041,0.441563546658,0.143998935819,0.33816832304,0.421566605568,0.144077554345,0.240744411945,0.399610757828,0.142784774303,0.14387114346,0.376443684101,0.140307411551,0.0487273409963,0.353222310543,0.136839672923,-0.0476540774107,0.322348058224,0.132316127419,-0.144661724567,0.296170085669,0.126078054309,-0.238649517298,0.260684341192,0.115269891918,-0.352341741323,0.31808963418,0.138536065817,-0.364732027054
1778096919.98,0.460340887308,0.15407525003,0.434078067541,0.440934181213,0.146678954363,0.338604331017,0.421316564083,0.146081537008,0.241053670645,0.398963570595,0.145123034716,0.143820032477,0.375617444515,0.143169254065,0.0492377951741,0.351339221001,0.139096915722,-0.0457443445921,0.322915136814,0.132420226932,-0.142346054316,0.29653018713,0.126318082213,-0.237361460924,0.258635729551,0.11879555136,-0.353362500668,0.316508620977,0.141414776444,-0.364732027054
1778096919.99,0.460000306368,0.156650707126,0.434233158827,0.440988779068,0.14899840951,0.338871896267,0.421150565147,0.148515090346,0.241508543491,0.398068249226,0.147690832615,0.144460380077,0.37465429306,0.144954130054,0.0493937134743,0.350455999374,0.143140643835,-0.0439776778221,0.319908291101,0.137365967035,-0.143723487854,0.294856250286,0.128690227866,-0.236628264189,0.258178621531,0.119417369366,-0.351393669844,0.315070271492,0.144293487072,-0.364732027054
1778096920,0.459688425064,0.158693879843,0.434290677309,0.452971756458,0.0827257335186,0.3323584795,0.439585089684,0.0790274292231,0.233518049121,0.424688816071,0.0756472349167,0.135487183928,0.410522699356,0.0735749751329,0.0387409701943,0.39724367857,0.0742914974689,-0.0589160919189,0.380957305431,0.0750145167112,-0.156955987215,0.367130935192,0.0766852274537,-0.256598293781,0.348077535629,0.0806291475892,-0.375507712364,0.313775807619,0.1471721977,-0.364732027054
1778096920.01,0.459268689156,0.161019220948,0.434323459864,0.440335512161,0.151548281312,0.339368104935,0.420407652855,0.151392698288,0.24173694849,0.397664427757,0.149875074625,0.144622221589,0.373682200909,0.14729835093,0.0502944663167,0.348864912987,0.143576264381,-0.0448361486197,0.319336235523,0.140632465482,-0.145325034857,0.293589919806,0.130804106593,-0.23644271493,0.25664794445,0.122850894928,-0.351144105196,0.312626302242,0.150050893426,-0.364732027054
1778096920.02,0.458788871765,0.163290411234,0.434291541576,0.439734518528,0.156015217304,0.339380204678,0.419672071934,0.155532568693,0.242127478123,0.396520555019,0.153788328171,0.145171284676,0.372630953789,0.151225596666,0.0506708547473,0.347873568535,0.147731050849,-0.044110417366,0.318790853024,0.140754655004,-0.141095012426,0.292031496763,0.13585908711,-0.235733807087,0.255597025156,0.127137288451,-0.35041898489,0.311622709036,0.152929604053,-0.364732027054
1778096920.03,0.458224356174,0.165612325072,0.434206783772,0.439905107021,0.158087432384,0.339209347963,0.419546306133,0.157313257456,0.241992965341,0.396163761616,0.155474275351,0.14551435411,0.371996641159,0.152632310987,0.0504974126816,0.347411453724,0.149045214057,-0.0456306934357,0.317926853895,0.144456461072,-0.141201406717,0.291435867548,0.13813406229,-0.235134452581,0.255373179913,0.13222245872,-0.351501166821,0.310765832663,0.155808314681,-0.364732027054
1778096920.04,0.457722008228,0.16748355329,0.434092581272,0.4391939044,0.160362303257,0.33943900466,0.418957769871,0.159026712179,0.241934686899,0.395651459694,0.156747087836,0.145147114992,0.371388614178,0.154141828418,0.0508707612753,0.347061991692,0.151051849127,-0.0452772080898,0.317604750395,0.145525366068,-0.141115427017,0.291118770838,0.140886366367,-0.236459046602,0.255052447319,0.134129285812,-0.35091099143,0.310056388378,0.158687025309,-0.364732027054
1778096920.05,0.456914007664,0.170214980841,0.433854579926,0.438916265965,0.161809176207,0.339289844036,0.418246805668,0.161236286163,0.242162421346,0.395473182201,0.158334642649,0.145241394639,0.370457291603,0.157531797886,0.0522160157561,0.346258997917,0.154855281115,-0.0426529198885,0.317183107138,0.147015169263,-0.141653329134,0.291520267725,0.143061965704,-0.236084163189,0.255104541779,0.136194586754,-0.350937157869,0.309494972229,0.161565735936,-0.364732027054
1778096920.06,0.456113249063,0.172571226954,0.433630466461,0.438516676426,0.164187937975,0.339066445827,0.418082654476,0.162568122149,0.241635382175,0.394924044609,0.159964710474,0.144886896014,0.371089279652,0.157360866666,0.0499918684363,0.346124947071,0.155860036612,-0.0428928732872,0.315916031599,0.152788951993,-0.143426924944,0.291606128216,0.144734099507,-0.236593037844,0.25558000803,0.140803799033,-0.351776957512,0.309082061052,0.164444431663,-0.364732027054
1778096920.07,0.455226540565,0.174952402711,0.433367490768,0.438069701195,0.165785223246,0.339257895947,0.41748380661,0.163930773735,0.241499960423,0.394744873047,0.161070421338,0.144772261381,0.37074226141,0.158403769135,0.0496671199799,0.346053302288,0.155990839005,-0.0443572402,0.317667216063,0.151299655437,-0.142180532217,0.292053997517,0.148409962654,-0.23734742403,0.25581818819,0.145293727517,-0.354173600674,0.308817982674,0.16732314229,-0.364732027054
1778096920.08,0.454256772995,0.177392587066,0.433072268963,0.437279641628,0.167680650949,0.339054584503,0.417003452778,0.165580004454,0.24120298028,0.394287228584,0.162605911493,0.144371598959,0.370700001717,0.15948395431,0.0496351569891,0.347428739071,0.156833767891,-0.0463813096285,0.318286836147,0.153519749641,-0.1424870193,0.29247418046,0.150277480483,-0.238025605679,0.257391989231,0.147093892097,-0.353058874607,0.308702945709,0.170201852918,-0.364732027054
1778096920.09,0.453216165304,0.179848864675,0.432771623135,0.44020652771,0.154095098376,0.339501678944,0.42022305727,0.153274178505,0.241724938154,0.397256910801,0.151787355542,0.144846051931,0.373014390469,0.149184033275,0.0501560047269,0.348387718201,0.147699698806,-0.0429091602564,0.319348394871,0.13924600184,-0.141245186329,0.293077379465,0.133255794644,-0.235761851072,0.25505143404,0.126502454281,-0.352416604757,0.308737069368,0.173080563545,-0.364732027054
1778096920.1,0.452088713646,0.182324185967,0.432452470064,0.43566852808,0.171980947256,0.338560819626,0.416077494621,0.168962106109,0.240574091673,0.393863379955,0.165391772985,0.143508791924,0.371150970459,0.162819728255,0.0488043501973,0.348154783249,0.161782756448,-0.0448631495237,0.318620026112,0.161169365048,-0.148597002029,0.295460313559,0.155658826232,-0.239505380392,0.260133057833,0.154057607055,-0.355278164148,0.308920323849,0.175959274173,-0.364732027054
1778096920.11,0.450879454613,0.18484775722,0.432094842196,0.434751749039,0.174131006002,0.337835460901,0.415534555912,0.170879364014,0.240379661322,0.393673300743,0.166969463229,0.14293345809,0.37109464407,0.163754805923,0.0479926094413,0.348443210125,0.163513466716,-0.0452484637499,0.319878041744,0.163574174047,-0.149701654911,0.296549707651,0.158223703504,-0.240574926138,0.262840598822,0.15629953146,-0.356384932995,0.309252560139,0.178837969899,-0.364732027054
1778096920.12,0.449477791786,0.187660589814,0.431669443846,0.433728635311,0.176457956433,0.337533473969,0.414801478386,0.172496348619,0.239760741591,0.393851518631,0.168754905462,0.142408743501,0.372068881989,0.165853440762,0.0475773513317,0.349372982979,0.165544226766,-0.0463839620352,0.320533841848,0.163406088948,-0.147899955511,0.298554092646,0.160588860512,-0.241211563349,0.264122068882,0.161766320467,-0.358972132206,0.309733450413,0.181716680527,-0.364732027054
1778096920.13,0.448290467262,0.189912423491,0.431298047304,0.43286895752,0.178643330932,0.337368816137,0.413806915283,0.175077229738,0.23983463645,0.393642246723,0.170222431421,0.141914442182,0.37225830555,0.166826337576,0.0468629598618,0.350341677666,0.167534187436,-0.0469631701708,0.322526663542,0.165353611112,-0.147667974234,0.300407320261,0.163453638554,-0.242430865765,0.266942054033,0.163234844804,-0.35871720314,0.310362666845,0.184595391154,-0.364732027054
1778096920.14,0.446909785271,0.192393645644,0.430886507034,0.431964278221,0.180908128619,0.337002694607,0.413589119911,0.17716601491,0.238854408264,0.393849253654,0.172146454453,0.141399532557,0.373346030712,0.169071868062,0.0457600131631,0.351328969002,0.169446721673,-0.048041164875,0.324080437422,0.169273674488,-0.151668697596,0.302511900663,0.165938287973,-0.242708384991,0.269572854042,0.167523175478,-0.360000282526,0.311139643192,0.187474101782,-0.364732027054
1778096920.15,0.445420831442,0.194956019521,0.430452466011,0.430173933506,0.183816581964,0.336634218693,0.41301047802,0.179443717003,0.23858243227,0.39379554987,0.174553528428,0.140837028623,0.373668968678,0.171173676848,0.045512907207,0.351886689663,0.170679613948,-0.0515357255936,0.325898319483,0.171665415168,-0.152561753988,0.305247008801,0.16794192791,-0.244082063437,0.272497206926,0.170796871185,-0.361972600222,0.312063783407,0.190352797508,-0.364732027054
1778096920.16,0.443872869015,0.197501853108,0.430000692606,0.429386675358,0.186057701707,0.336238801479,0.412498235703,0.181342169642,0.237714454532,0.39382481575,0.176615253091,0.140245482326,0.374349415302,0.173439025879,0.0448445603251,0.354016125202,0.173283234239,-0.0500087440014,0.327802151442,0.17289583385,-0.151062458754,0.307657271624,0.171595469117,-0.245849937201,0.276137650013,0.172820091248,-0.363097697496,0.313134253025,0.193231508136,-0.364732027054
1778096920.17,0.442247420549,0.200066402555,0.429518431425,0.42844825983,0.188583016396,0.33548438549,0.412178993225,0.184165418148,0.237224504352,0.394093394279,0.178795933723,0.139172524214,0.375126600266,0.176012188196,0.0435050204396,0.355242371559,0.17654466629,-0.0502819269896,0.3309699893,0.17455214262,-0.150360673666,0.310094028711,0.17364141345,-0.246700376272,0.28030410409,0.17550599575,-0.364878386259,0.314350217581,0.196110218763,-0.364732027054
1778096920.18,0.440563946962,0.20261643827,0.429077416658,0.436413168907,0.169910103083,0.338819026947,0.416363179684,0.167314305902,0.240901127458,0.394236147404,0.164120942354,0.143837928772,0.371233582497,0.1613240242,0.0494884699583,0.346847653389,0.160126313567,-0.0444114208221,0.317191213369,0.157454356551,-0.144996643066,0.293874770403,0.152509614825,-0.238645166159,0.258273273706,0.151518985629,-0.355724751949,0.315710633993,0.198988929391,-0.364732027054
1778096920.19,0.439325422049,0.20439901948,0.42877432704,0.425948858261,0.193299397826,0.334489583969,0.410605788231,0.189408287406,0.236117720604,0.394373178482,0.184636920691,0.137935698032,0.376343548298,0.182428330183,0.0423532798886,0.358011126518,0.182004988194,-0.0525236725807,0.333749115467,0.183351799846,-0.15753993392,0.315438359976,0.181641936302,-0.250990062952,0.287314862013,0.183102458715,-0.367685288191,0.317214429379,0.201867640018,-0.364732027054
1778096920.2,0.436893314123,0.207675665617,0.428178787231,0.425058662891,0.196313366294,0.333533287048,0.410149037838,0.192166671157,0.235735207796,0.394436955452,0.187816694379,0.13719651103,0.37751442194,0.185158774257,0.0409565865993,0.359738469124,0.185194328427,-0.053922444582,0.335821151733,0.185910582542,-0.159184783697,0.319315671921,0.182627409697,-0.251030772924,0.291772335768,0.185214549303,-0.36852312088,0.318860292435,0.204746335745,-0.364732027054
1778096920.21,0.435002624989,0.210018798709,0.427701324224,0.423766374588,0.19899623096,0.332961380482,0.409261405468,0.194765657187,0.234638974071,0.39428794384,0.19119349122,0.136680051684,0.37828797102,0.188369393349,0.0398299768567,0.361721158028,0.188315436244,-0.0549861490726,0.339044213295,0.191001772881,-0.161508709192,0.322722941637,0.187080189586,-0.252844810486,0.29609143734,0.189130797982,-0.37043979764,0.320646882057,0.207625046372,-0.364732027054
1778096920.22,0.433052867651,0.212334230542,0.427240431309,0.422113478184,0.201511710882,0.332486271858,0.408914923668,0.197942838073,0.233820915222,0.394333660603,0.194277539849,0.135669335723,0.379324257374,0.191952586174,0.0392895787954,0.363407850266,0.190607309341,-0.0577509701252,0.341480791569,0.193416282535,-0.161799103022,0.32605394721,0.189317405224,-0.253431946039,0.300979703665,0.190469965339,-0.37234467268,0.322572767735,0.210503757,-0.364732027054
1778096920.23,0.431015074253,0.214653611183,0.426767140627,0.420529663563,0.203802630305,0.331993043423,0.407861888409,0.201066762209,0.233702152967,0.394285023212,0.19796128571,0.134708300233,0.379550874233,0.196395993233,0.0384377241135,0.365212142467,0.194707468152,-0.0586027354002,0.344470858574,0.194409251213,-0.159392803907,0.328942447901,0.194880127907,-0.255320906639,0.306119650602,0.193479299545,-0.37380066514,0.324636280537,0.213382467628,-0.364732027054
1778096920.24,0.428969323635,0.216844975948,0.42631560564,0.427384197712,0.190798997879,0.334933638573,0.411633849144,0.186424702406,0.236588865519,0.394113898277,0.182033091784,0.138512641191,0.375902891159,0.178587779403,0.0428820326924,0.356914460659,0.178691759706,-0.0520111620426,0.33187609911,0.180758550763,-0.156970798969,0.312869518995,0.177642688155,-0.248523026705,0.283567279577,0.178835779428,-0.365894407034,0.326835721731,0.216261178255,-0.364732027054
1778096920.25,0.426840215921,0.219029456377,0.42583706975,0.41897046566,0.206425607204,0.33161085844,0.407400727272,0.203569948673,0.232978582382,0.394225418568,0.201157301664,0.133990481496,0.380503118038,0.198922947049,0.0371735543013,0.366995453835,0.200056344271,-0.0582350641489,0.349273502827,0.197078704834,-0.15998673439,0.334003388882,0.195444718003,-0.256145834923,0.311076939106,0.197567671537,-0.375240147114,0.329169332981,0.219139873981,-0.364732027054
1778096920.26,0.424649775028,0.221159696579,0.425389260054,0.415676355362,0.21147967875,0.330862402916,0.405126750469,0.210246473551,0.231458246708,0.393930971622,0.208418250084,0.132346272469,0.382080256939,0.207235097885,0.0353883057833,0.370652973652,0.207591474056,-0.0600711107254,0.354855537415,0.204606220126,-0.161978691816,0.342467665672,0.20328886807,-0.259166181087,0.322739720345,0.202130109072,-0.379306942225,0.331635117531,0.222018584609,-0.364732027054
1778096920.27,0.422377467155,0.223231807351,0.424969911575,0.414191842079,0.21419583261,0.32955288887,0.404609084129,0.212956011295,0.231109201908,0.39377450943,0.211907312274,0.131722941995,0.382580220699,0.211604863405,0.0351357907057,0.372347712517,0.211738243699,-0.0611077994108,0.356333017349,0.209986954927,-0.164022326469,0.346485674381,0.208260297775,-0.260459244251,0.327642649412,0.205710604787,-0.379813283682,0.33423101902,0.224897295237,-0.364732027054
1778096920.28,0.420059472322,0.225215703249,0.42456060648,0.412765204906,0.216233745217,0.330042093992,0.403347671032,0.216089382768,0.23026227951,0.393495678902,0.215745747089,0.131491959095,0.383728086948,0.215157687664,0.0336844176054,0.37445127964,0.213839352131,-0.0638729333878,0.360389113426,0.213127672672,-0.163657456636,0.350768566132,0.210512861609,-0.261679619551,0.3343090415,0.210184440017,-0.383950948715,0.336954951286,0.227776005864,-0.364732027054
1778096920.29,0.417718857527,0.22712148726,0.42419475317,0.409356832504,0.22158575058,0.328782021999,0.401657998562,0.222443193197,0.229533404112,0.393392562866,0.222577348351,0.130013942719,0.385474920273,0.222156003118,0.0322831422091,0.380766391754,0.22188706696,-0.0677362084389,0.368401348591,0.219710484147,-0.164931893349,0.359026730061,0.220916882157,-0.267619818449,0.346545994282,0.214927688241,-0.384978950024,0.339804589748,0.230654701591,-0.364732027054
1778096920.3,0.415306717157,0.228962749243,0.423809021711,0.409356832504,0.22158575058,0.328782021999,0.401657998562,0.222443193197,0.229533404112,0.393392562866,0.222577348351,0.130013942719,0.385474920273,0.222156003118,0.0322831422091,0.380766391754,0.22188706696,-0.0677362084389,0.368401348591,0.219710484147,-0.164931893349,0.359026730061,0.220916882157,-0.267619818449,0.346545994282,0.214927688241,-0.384978950024,0.34277766943,0.233533412218,-0.364732027054
1778096920.31,0.41282632947,0.230723559856,0.423453629017,0.407635867596,0.223685413599,0.328439414501,0.400979995728,0.22486846149,0.228443816304,0.393307626247,0.225846067071,0.128972262144,0.386151790619,0.225979596376,0.0313691422343,0.381502270699,0.225884392858,-0.0678118914366,0.373583734035,0.223411828279,-0.165988266468,0.363566339016,0.224286928773,-0.268121093512,0.35303902626,0.217373475432,-0.385524749756,0.345871627331,0.236412122846,-0.364732027054
1778096920.32,0.410327494144,0.232337623835,0.423092156649,0.406268596649,0.226109847426,0.327788800001,0.399914085865,0.227807179093,0.228253006935,0.392974078655,0.229056879878,0.12862855196,0.38761228323,0.229134425521,0.0308063626289,0.383352339268,0.229450389743,-0.0684243291616,0.374647557735,0.227454900742,-0.165695548058,0.368746876717,0.226908668876,-0.268468141556,0.359780669212,0.220402777195,-0.38690662384,0.349083900452,0.239290833473,-0.364732027054
1778096920.33,0.407547295094,0.234029501677,0.422730922699,0.404305756092,0.22855335474,0.327369421721,0.39830750227,0.231002360582,0.228073894978,0.393250107765,0.231649056077,0.12821239233,0.388820648193,0.232694998384,0.0298725441098,0.38554918766,0.232820883393,-0.0688911378384,0.378661990166,0.230569794774,-0.167569547892,0.374548017979,0.228646665812,-0.266301423311,0.365974724293,0.223396614194,-0.387170553207,0.352411925793,0.242169544101,-0.364732027054
1778096920.34,0.40525841713,0.235340535641,0.42247030139,0.402508556843,0.230556443334,0.327075660229,0.39749455452,0.23326665163,0.227539524436,0.393513441086,0.235179439187,0.127402618527,0.389712750912,0.23551748693,0.0299366414547,0.387950122356,0.236158698797,-0.0694285035133,0.381594896317,0.23426900804,-0.167808651924,0.3794490695,0.23032155633,-0.266631484032,0.37294781208,0.226684734225,-0.38864582777,0.355852842331,0.245048239827,-0.364732027054
1778096920.35,0.402704298496,0.236680537462,0.422250807285,0.400468289852,0.232475742698,0.326465725899,0.396521449089,0.235643297434,0.226812601089,0.393341362476,0.237210825086,0.127263918519,0.390919089317,0.238592818379,0.0290179550648,0.386845231056,0.241255804896,-0.0730578452349,0.386538505554,0.236997812986,-0.169348865747,0.384528875351,0.23456390202,-0.26729670167,0.3791705966,0.230248272419,-0.388257861137,0.359403848648,0.247926950455,-0.364732027054
1778096920.36,0.400100499392,0.237932890654,0.422011733055,0.398445725441,0.234268248081,0.325968563557,0.396132946014,0.237458691001,0.226134464145,0.39398431778,0.239711269736,0.126259475946,0.392211198807,0.241251260042,0.0282914787531,0.391451954842,0.241398632526,-0.0700803697109,0.388934791088,0.240326836705,-0.168692618608,0.389785826206,0.237694308162,-0.268386751413,0.386260211468,0.233292505145,-0.388832867146,0.363062024117,0.250805675983,-0.364732027054
1778096920.37,0.397487014532,0.239051818848,0.421773403883,0.3967846632,0.235951706767,0.325901329517,0.394759058952,0.23956798017,0.226650685072,0.393935978413,0.241774380207,0.126206159592,0.393274486065,0.243585467339,0.0282468274236,0.395112097263,0.244425669312,-0.0712077915668,0.393370211124,0.242800936103,-0.170181185007,0.394698917866,0.24057328701,-0.268687695265,0.392694234848,0.236735656857,-0.38907957077,0.366824269295,0.25368437171,-0.364732027054
1778096920.38,0.395130634308,0.239962249994,0.421614408493,0.394556283951,0.237277984619,0.325858950615,0.394013941288,0.241043388844,0.226063400507,0.39353877306,0.243945196271,0.126639664173,0.394034564495,0.24630998075,0.0292359665036,0.397673249245,0.246895968914,-0.0710362493992,0.396915495396,0.245213076472,-0.169718325138,0.399843275547,0.243335202336,-0.268536627293,0.399702072144,0.239867761731,-0.389185667038,0.370687484741,0.256563067436,-0.364732027054
1778096920.39,0.39192700386,0.241077378392,0.421418279409,0.393024206161,0.237803354859,0.325235903263,0.392892718315,0.242638900876,0.225970521569,0.393863022327,0.245318159461,0.125933721662,0.395735025406,0.247397422791,0.0284251272678,0.399845004082,0.248944669962,-0.0698832124472,0.399507284164,0.250096231699,-0.173776566982,0.404893815517,0.246928274632,-0.26817753911,0.406485855579,0.244061738253,-0.390159666538,0.37464851141,0.259441792965,-0.364732027054
1778096920.4,0.389501065016,0.24186603725,0.421369582415,0.391233980656,0.239075005054,0.324868321419,0.392584860325,0.243218943477,0.225210189819,0.394148290157,0.246029779315,0.125867486,0.397765994072,0.248593866825,0.0275983512402,0.402432739735,0.250641614199,-0.0696901232004,0.40489679575,0.250619262457,-0.170739024878,0.409711360931,0.249388873577,-0.268082529306,0.413215398788,0.24748301506,-0.389691591263,0.378704071045,0.262320488691,-0.364732027054
1778096920.41,0.386810153723,0.242664188147,0.421331256628,0.389438152313,0.240133211017,0.324672877789,0.391775608063,0.244148984551,0.224850714207,0.394877493382,0.247974872589,0.125093057752,0.398819923401,0.250316172838,0.0279837995768,0.405489325523,0.252477735281,-0.0705958604813,0.408911347389,0.252977520227,-0.169310450554,0.414638102055,0.252188324928,-0.267533153296,0.419480144978,0.250675112009,-0.389367043972,0.382850766182,0.265199184418,-0.364732027054
1778096920.42,0.384098410606,0.243393823504,0.421298384666,0.417198836803,0.208863064647,0.331368893385,0.406036734581,0.2074560076,0.232405781746,0.394002616405,0.204708576202,0.133265137672,0.381568074226,0.202831596136,0.0359935611486,0.37016582489,0.202478572726,-0.062821701169,0.35227394104,0.199990198016,-0.16023799777,0.337842643261,0.200651749969,-0.257614374161,0.316832393408,0.200044170022,-0.377116084099,0.387085139751,0.268077909946,-0.364732027054
1778096920.43,0.381402820349,0.244052663445,0.421343535185,0.38564324379,0.241416215897,0.324467658997,0.389875590801,0.245395332575,0.225283414125,0.395241975784,0.249161958694,0.125703081489,0.402108371258,0.252644211054,0.0275233015418,0.409744441509,0.256264001131,-0.0681863576174,0.416411817074,0.257349282503,-0.168542385101,0.425425171852,0.258256733418,-0.267922431231,0.431911826134,0.258515059948,-0.388069629669,0.391403734684,0.270956605673,-0.364732027054
1778096920.44,0.377946645021,0.244729191065,0.421440154314,0.383547544479,0.241981759667,0.325394749641,0.388906359673,0.245983660221,0.225410044193,0.39573764801,0.249677360058,0.125408455729,0.403398275375,0.253322780132,0.0278640463948,0.412949681282,0.256731569767,-0.0689622014761,0.420765995979,0.259772866964,-0.170640617609,0.430118739605,0.26121711731,-0.266466677189,0.438072741032,0.262052774429,-0.387865543365,0.395802915096,0.273835331202,-0.364732027054
1778096920.45,0.376121252775,0.245086550713,0.421577304602,0.381834685802,0.241985857487,0.325589358807,0.388479411602,0.246079280972,0.225559741259,0.395982146263,0.250206142664,0.125722005963,0.405286848545,0.253716349602,0.0287975370884,0.415826320648,0.257907927036,-0.0691025257111,0.42364782095,0.261430054903,-0.168476939201,0.43488496542,0.263349622488,-0.266656965017,0.444564044476,0.265922099352,-0.387357115746,0.40027910471,0.276714026928,-0.364732027054
1778096920.46,0.373579382896,0.245548710227,0.421806573868,0.380125999451,0.242770925164,0.325551003218,0.388079106808,0.246416270733,0.225109696388,0.396644234657,0.250753194094,0.125835061073,0.40672326088,0.254498451948,0.0283118635416,0.417452156544,0.260289728642,-0.0661021620035,0.428230404854,0.262663841248,-0.168103188276,0.440350651741,0.266286820173,-0.266153305769,0.450542449951,0.269189655781,-0.385955512524,0.404828548431,0.279592722654,-0.364732027054
1778096920.47,0.371119201183,0.245917409658,0.422089099884,0.379051029682,0.242786794901,0.324750721455,0.387163519859,0.246681243181,0.226055979729,0.39749109745,0.250878334045,0.126076355577,0.408243477345,0.255023181438,0.0290523022413,0.421198487282,0.25987046957,-0.0676820129156,0.431234240532,0.264899402857,-0.165926665068,0.443682968616,0.267981827259,-0.264127790928,0.456627607346,0.273625522852,-0.385215163231,0.409447491169,0.282471448183,-0.364732027054
1778096920.48,0.368719339371,0.246314123273,0.422462612391,0.377103388309,0.243072867393,0.325420260429,0.38699555397,0.246894061565,0.225883126259,0.398041605949,0.251085907221,0.126194700599,0.409749090672,0.255153089762,0.0296967253089,0.422242224216,0.262453764677,-0.0648333281279,0.435376763344,0.265633225441,-0.166289746761,0.44843018055,0.271435320377,-0.262361168861,0.462467074394,0.277396023273,-0.383411049843,0.414132118225,0.285350143909,-0.364732027054
1778096920.49,0.366386115551,0.246683239937,0.422864049673,0.37542206049,0.243227690458,0.32603597641,0.386018395424,0.247048318386,0.226748973131,0.398704826832,0.251403719187,0.126680105925,0.410478532314,0.256284803152,0.0313084647059,0.426122009754,0.261502563953,-0.0660655796528,0.4380813241,0.267366856337,-0.164502620697,0.453058540821,0.273524701595,-0.262573987246,0.468442201614,0.280694156885,-0.382776379585,0.418878555298,0.288228869438,-0.364732027054
1778096920.5,0.364168912172,0.247021988034,0.423332154751,0.373931586742,0.243641003966,0.326172232628,0.385482847691,0.247339189053,0.227095082402,0.398970484734,0.251754373312,0.12733271718,0.41222012043,0.25671762228,0.0313425734639,0.42684918642,0.263804167509,-0.0631983280182,0.442301034927,0.268703907728,-0.16405710578,0.458510518074,0.2757845819,-0.261248588562,0.473487019539,0.284057945013,-0.380553334951,0.423682808876,0.291107565165,-0.364732027054
1778096920.51,0.362244009972,0.247365534306,0.423891276121,0.372138082981,0.243682771921,0.327238082886,0.384903848171,0.247586816549,0.22794175148,0.398843288422,0.251764088869,0.128289505839,0.413234472275,0.257081896067,0.0326394066215,0.430111646652,0.263514488935,-0.0637592226267,0.445459663868,0.269806325436,-0.162548422813,0.461170017719,0.279551118612,-0.257005810738,0.47864061594,0.287676304579,-0.378949701786,0.428540945053,0.293986260891,-0.364732027054
1778096920.52,0.360186755657,0.247730851173,0.424554884434,0.387047290802,0.240752324462,0.325810849667,0.390734910965,0.245073661208,0.224985808134,0.394999265671,0.248497158289,0.12511870265,0.400241196156,0.251359730959,0.0282531827688,0.406592965126,0.255479514599,-0.0678211003542,0.413298070431,0.25506734848,-0.170206427574,0.41997396946,0.254510104656,-0.267593055964,0.425845444202,0.254883557558,-0.389079988003,0.433448910713,0.29686498642,-0.364732027054
1778096920.53,0.358033925295,0.248102903366,0.425352096558,0.370842337608,0.243913590908,0.327547609806,0.384324967861,0.247599840164,0.228261381388,0.399307012558,0.252326250076,0.129092171788,0.414677917957,0.257163286209,0.0334528535604,0.432309627533,0.264509379864,-0.0627047717571,0.448437213898,0.27179351449,-0.161463588476,0.464979171753,0.282371759415,-0.2553858459,0.483837604523,0.290523558855,-0.37731602788,0.43840265274,0.299743682146,-0.364732027054
