time,rope_p0_x,rope_p0_y,rope_p0_z,rope_p1_x,rope_p1_y,rope_p1_z,rope_p2_x,rope_p2_y,rope_p2_z,rope_p3_x,rope_p3_y,rope_p3_z,rope_p4_x,rope_p4_y,rope_p4_z,rope_p5_x,rope_p5_y,rope_p5_z,rope_p6_x,rope_p6_y,rope_p6_z,rope_p7_x,rope_p7_y,rope_p7_z,rope_p8_x,rope_p8_y,rope_p8_z,goal_traj_x,goal_traj_y,goal_traj_z
1778096272.69,0.47992888093,-0.299001932144,0.448036342859,0.481328636408,-0.299964487553,0.351043343544,0.482339054346,-0.300640910864,0.252342075109,0.483527868986,-0.300970613956,0.152366548777,0.484738975763,-0.300724506378,0.0538903474808,0.486343830824,-0.300258249044,-0.0445506572723,0.486858934164,-0.300471752882,-0.14417424798,0.488572925329,-0.300237417221,-0.242854684591,0.487370878458,-0.300395846367,-0.364580988884,0.488065868616,-0.299463808537,-0.365154713392
1778096272.7,0.47992888093,-0.29899892211,0.448032051325,0.481328636408,-0.299964487553,0.351043343544,0.482638150454,-0.300652951002,0.251973599195,0.483613222837,-0.300971418619,0.15242163837,0.484736889601,-0.300728917122,0.0538968518376,0.486352473497,-0.300282627344,-0.0444393008947,0.486839920282,-0.300395429134,-0.144018292427,0.488671332598,-0.300152301788,-0.242704838514,0.487396329641,-0.300620943308,-0.364440470934,0.488806039095,-0.299052596092,-0.365154713392
1778096272.71,0.479925453663,-0.298993378878,0.448019325733,0.48144492507,-0.30027076602,0.351464748383,0.482332974672,-0.300642162561,0.252352237701,0.483655959368,-0.30092677474,0.152482748032,0.484745591879,-0.300729930401,0.0538913607597,0.486645370722,-0.300143629313,-0.0445501804352,0.486891299486,-0.300481468439,-0.144178181887,0.488712698221,-0.300208330154,-0.242812484503,0.487561434507,-0.300664395094,-0.364389002323,0.489566475153,-0.298630088568,-0.365154713392
1778096272.72,0.479932934046,-0.298962801695,0.447996020317,0.481328636408,-0.299964487553,0.351043343544,0.482340425253,-0.300641536713,0.252344548702,0.483681470156,-0.300790548325,0.152498587966,0.484856516123,-0.300792455673,0.0538940429688,0.486537069082,-0.300446152687,-0.0444499999285,0.486917942762,-0.300506144762,-0.143936634064,0.488686293364,-0.30013012886,-0.242744445801,0.487686485052,-0.300191968679,-0.364962697029,0.490347713232,-0.298196017742,-0.365154713392
1778096272.73,0.479962259531,-0.298907756805,0.447980701923,0.481265157461,-0.299864470959,0.35092574358,0.48233500123,-0.300674498081,0.252328425646,0.483744829893,-0.300933003426,0.152451694012,0.484923809767,-0.300855010748,0.0537753105164,0.486759930849,-0.300503730774,-0.0443980842829,0.486930817366,-0.300505131483,-0.143948823214,0.488736957312,-0.300185352564,-0.242849767208,0.487434417009,-0.300423264503,-0.364536821842,0.491150289774,-0.29775005579,-0.365154713392
1778096272.74,0.480009168386,-0.298834443092,0.44797322154,0.481328636408,-0.299964487553,0.351043343544,0.482343524694,-0.30060467124,0.252385914326,0.483713775873,-0.300820559263,0.152459204197,0.484989613295,-0.300869524479,0.0538500249386,0.48687300086,-0.300443083048,-0.0445204526186,0.48704919219,-0.300285428762,-0.144089281559,0.48883959651,-0.300114929676,-0.242750883102,0.487681418657,-0.30023509264,-0.364906281233,0.491974800825,-0.297291874886,-0.365154713392
1778096272.75,0.480116426945,-0.298674017191,0.4479624331,0.481265157461,-0.299864470959,0.35092574358,0.48233512044,-0.300634145737,0.252300739288,0.48373106122,-0.300891816616,0.152464181185,0.485051542521,-0.300942450762,0.0537890195847,0.486907035112,-0.30043900013,-0.0445410758257,0.487178474665,-0.30105343461,-0.143696308136,0.488915473223,-0.300089359283,-0.243024617434,0.48770865798,-0.300306916237,-0.364687591791,0.492821782827,-0.296821147203,-0.365154713392
1778096272.76,0.480292528868,-0.298418670893,0.447946131229,0.481258541346,-0.29984202981,0.350973069668,0.482329338789,-0.300638496876,0.252269804478,0.48380407691,-0.3008877635,0.152383431792,0.485031574965,-0.300799876451,0.0537460446358,0.486910611391,-0.300458937883,-0.0445148050785,0.487187832594,-0.300606757402,-0.144359260798,0.489067941904,-0.300369232893,-0.242770701647,0.487674504519,-0.300263494253,-0.364868998528,0.493691831827,-0.296337515116,-0.365154713392
1778096272.77,0.480529814959,-0.298091292381,0.447948515415,0.481228023767,-0.299914985895,0.350881636143,0.482325106859,-0.300638407469,0.252265810966,0.483775824308,-0.300916552544,0.152336269617,0.48511376977,-0.300505936146,0.053286768496,0.486920207739,-0.30045324564,-0.0445267707109,0.487222701311,-0.300626575947,-0.14434671402,0.488937944174,-0.300239026546,-0.242669194937,0.487876206636,-0.300113797188,-0.364747345448,0.494585603476,-0.295840650797,-0.365154713392
1778096272.78,0.480868846178,-0.297651797533,0.447962403297,0.481469541788,-0.300097584724,0.351393640041,0.482631891966,-0.300686389208,0.251838177443,0.483815938234,-0.3010404706,0.152411147952,0.485108584166,-0.300895482302,0.0536986961961,0.48696449399,-0.300468355417,-0.0445243865252,0.487345248461,-0.300488382578,-0.144514173269,0.489301651716,-0.300440102816,-0.24289354682,0.487873703241,-0.300214678049,-0.364616900682,0.495503634214,-0.295330166817,-0.365154713392
1778096272.79,0.481314718723,-0.2970893085,0.447977691889,0.481424421072,-0.299481153488,0.350869655609,0.482399553061,-0.300617933273,0.252369493246,0.483871549368,-0.301085293293,0.152375787497,0.485128968954,-0.300901949406,0.0536908432841,0.486971050501,-0.300092220306,-0.0448574125767,0.487250357866,-0.301031887531,-0.143927425146,0.488766402006,-0.300128161907,-0.24206623435,0.488167673349,-0.301184535027,-0.363895863295,0.496446579695,-0.294805705547,-0.365154713392
1778096272.8,0.482009142637,-0.296251952648,0.44799476862,0.481727093458,-0.29962015152,0.351455152035,0.482830315828,-0.30051356554,0.251957982779,0.483990520239,-0.301136642694,0.152388066053,0.485147029161,-0.30088943243,0.0537564381957,0.486935824156,-0.300217926502,-0.0448712110519,0.487377673388,-0.300929397345,-0.143992573023,0.488655239344,-0.300113618374,-0.242006719112,0.488013058901,-0.300295978785,-0.364472895861,0.497415155172,-0.294266849756,-0.365154713392
1778096272.81,0.482577055693,-0.295596003532,0.448020100594,0.482090443373,-0.299634635448,0.351795017719,0.482892841101,-0.300582408905,0.25187432766,0.4840323627,-0.301061213017,0.152332127094,0.48514136672,-0.300879538059,0.0536515116692,0.486197143793,-0.298368692398,-0.0478353798389,0.487522870302,-0.301025032997,-0.143995285034,0.488838762045,-0.300112754107,-0.24204325676,0.488366872072,-0.30116891861,-0.363778471947,0.498409897089,-0.293713241816,-0.365154713392
1778096272.82,0.483248531818,-0.294843763113,0.44805598259,0.482433289289,-0.299321740866,0.35202819109,0.483075529337,-0.300107002258,0.251822203398,0.484072715044,-0.301083832979,0.152332484722,0.485134929419,-0.300881147385,0.0536588802934,0.486246317625,-0.298462718725,-0.0481239259243,0.487154215574,-0.300918072462,-0.143106132746,0.48910972476,-0.30027872324,-0.242026984692,0.488520294428,-0.300623655319,-0.364144027233,0.499431580305,-0.293144464493,-0.365154713392
1778096272.83,0.484423965216,-0.293546229601,0.448103249073,0.482782274485,-0.298970341682,0.352140128613,0.483343333006,-0.299770146608,0.251848816872,0.484185069799,-0.30106729269,0.152430415154,0.485147148371,-0.300924390554,0.0536576956511,0.486169487238,-0.298520445824,-0.0479696542025,0.487613707781,-0.301166296005,-0.143972098827,0.489353865385,-0.30058786273,-0.242532581091,0.487807422876,-0.300481796265,-0.363217681646,0.500480771065,-0.292560130358,-0.365154713392
1778096272.84,0.4855864048,-0.292295306921,0.448146909475,0.483378440142,-0.298153489828,0.35195428133,0.483587831259,-0.299338161945,0.252150595188,0.484455376863,-0.300464719534,0.152195811272,0.485158711672,-0.300865024328,0.0537132695317,0.486100822687,-0.298808217049,-0.0477773547173,0.486926287413,-0.301042944193,-0.143094450235,0.489008814096,-0.300285845995,-0.242606252432,0.488557368517,-0.300969690084,-0.363675564528,0.501558303833,-0.291959762573,-0.365154713392
1778096272.85,0.486926227808,-0.290854752064,0.448208242655,0.484053224325,-0.297336310148,0.351799309254,0.484105974436,-0.298938214779,0.252162575722,0.48470428586,-0.300212711096,0.152306497097,0.485318154097,-0.301124304533,0.0543484017253,0.485975593328,-0.299010038376,-0.0476163476706,0.486948519945,-0.301465004683,-0.143006443977,0.489155381918,-0.300247371197,-0.242521941662,0.48866006732,-0.300950914621,-0.363580614328,0.502664804459,-0.291342973709,-0.365154713392
1778096272.86,0.488380283117,-0.289278328419,0.448219060898,0.485205858946,-0.296802788973,0.352220952511,0.484732598066,-0.298040539026,0.251830309629,0.484953373671,-0.299732714891,0.152276858687,0.485461264849,-0.300825387239,0.054151006043,0.486080020666,-0.298652052879,-0.0475351512432,0.486419528723,-0.299879223108,-0.145930945873,0.489006668329,-0.300461083651,-0.242458373308,0.487943023443,-0.300615996122,-0.362914383411,0.503801107407,-0.290709257126,-0.365154713392
1778096272.87,0.490012168884,-0.287502378225,0.448198825121,0.486082464457,-0.295555830002,0.351854324341,0.485629528761,-0.297237604856,0.251905053854,0.485375672579,-0.298854798079,0.151930198073,0.485556215048,-0.300909876823,0.0542691275477,0.486933737993,-0.300707012415,-0.044505879283,0.486930638552,-0.301409810781,-0.142791867256,0.489004760981,-0.300471961498,-0.242427825928,0.487884908915,-0.300394117832,-0.363011270761,0.504967689514,-0.290058195591,-0.365154713392
1778096272.88,0.49160695076,-0.285781979561,0.448157995939,0.486949473619,-0.294694453478,0.352778792381,0.486068218946,-0.296816766262,0.2526653409,0.485981553793,-0.298842072487,0.152416065335,0.485796838999,-0.300144702196,0.054136633873,0.486200660467,-0.298435509205,-0.0475355088711,0.487004250288,-0.301424056292,-0.142597198486,0.48900744319,-0.30042847991,-0.242222994566,0.4879386127,-0.300318181515,-0.362989485264,0.506165504456,-0.289389282465,-0.365154713392
1778096272.89,0.493708521128,-0.283547610044,0.448129832745,0.488124459982,-0.293591976166,0.352740883827,0.487503260374,-0.295961767435,0.252622127533,0.486645847559,-0.297880291939,0.152195304632,0.486849874258,-0.299527436495,0.0542249828577,0.486407190561,-0.298519641161,-0.0473928749561,0.486970871687,-0.301382392645,-0.142445832491,0.489058464766,-0.300520092249,-0.242292165756,0.488478928804,-0.300818622112,-0.362949818373,0.507395267487,-0.288702070713,-0.365154713392
1778096272.9,0.495813965797,-0.281295955181,0.448098689318,0.490284055471,-0.292288541794,0.352631539106,0.488595694304,-0.294876843691,0.252662986517,0.487387984991,-0.297607451677,0.152785539627,0.487054914236,-0.299175173044,0.0545931458473,0.487500280142,-0.299807548523,-0.0441916137934,0.487210005522,-0.301114827394,-0.142560243607,0.488996177912,-0.300420880318,-0.242219924927,0.488447934389,-0.299603670835,-0.364452123642,0.508657813072,-0.287995994091,-0.365154713392
1778096272.91,0.498035699129,-0.278947412968,0.448036938906,0.491944760084,-0.290780365467,0.352693229914,0.489914447069,-0.293664306402,0.252788513899,0.488314658403,-0.295949846506,0.152396857738,0.487293094397,-0.298637717962,0.0547048300505,0.485991686583,-0.297552913427,-0.047172576189,0.486657053232,-0.300299316645,-0.143795400858,0.489167243242,-0.300384432077,-0.242090344429,0.488500505686,-0.299501866102,-0.364749968052,0.509953737259,-0.287270605564,-0.365154713392
1778096272.92,0.500421762466,-0.276404082775,0.447966814041,0.493584364653,-0.28843536973,0.352354228497,0.491462618113,-0.29230183363,0.25249683857,0.489333897829,-0.295567661524,0.152822852135,0.487872630358,-0.298224061728,0.0549805685878,0.486883193254,-0.29751637578,-0.0461931377649,0.487602740526,-0.300849288702,-0.142505228519,0.489350348711,-0.300276190042,-0.241886436939,0.488525956869,-0.299548000097,-0.364638477564,0.511283993721,-0.286525338888,-0.365154713392
1778096272.93,0.502928555012,-0.273730427027,0.447871804237,0.495543152094,-0.286765992641,0.352455735207,0.492957025766,-0.290224075317,0.252308219671,0.490723103285,-0.293983072042,0.152386501431,0.489233404398,-0.296840131283,0.0545558333397,0.487828940153,-0.296300321817,-0.0471656620502,0.488348513842,-0.300393432379,-0.142619520426,0.48949226737,-0.299753069878,-0.242015957832,0.488029032946,-0.300982713699,-0.362490028143,0.512649297714,-0.285759657621,-0.365154713392
1778096272.94,0.505495607853,-0.271028190851,0.447741299868,0.497585088015,-0.284917116165,0.352674335241,0.494075506926,-0.288575589657,0.253093361855,0.49205711484,-0.292927443981,0.153034001589,0.489196151495,-0.296216070652,0.0561764799058,0.488672107458,-0.295276463032,-0.047372430563,0.488477021456,-0.299539297819,-0.142777591944,0.489978939295,-0.299477130175,-0.242268025875,0.488005191088,-0.301149904728,-0.362513154745,0.514050364494,-0.28497299552,-0.365154713392
1778096272.95,0.508208215237,-0.26817175746,0.447620928288,0.499341279268,-0.281894892454,0.351593881845,0.496524065733,-0.287266284227,0.252700775862,0.493442803621,-0.291315734386,0.152696326375,0.491386145353,-0.294598728418,0.0546145662665,0.489152401686,-0.294940620661,-0.0469272732735,0.488454908133,-0.297732114792,-0.144995748997,0.490062087774,-0.299496412277,-0.242089033127,0.488534778357,-0.300081819296,-0.364432573318,0.515488147736,-0.284164786339,-0.365154713392
1778096272.96,0.511010289192,-0.265272676945,0.447490781546,0.502232551575,-0.280405670404,0.352623254061,0.498691529036,-0.285481363535,0.252995759249,0.495178371668,-0.2895835042,0.152660578489,0.492611736059,-0.293748497963,0.0553546771407,0.490530699492,-0.29407247901,-0.0470596253872,0.489539831877,-0.29825335741,-0.143160760403,0.49037656188,-0.299164295197,-0.241774946451,0.488290518522,-0.300621688366,-0.363685041666,0.516963481903,-0.283334434032,-0.365154713392
1778096272.97,0.513565659523,-0.262666374445,0.447259634733,0.504873514175,-0.278014838696,0.352665066719,0.500989317894,-0.283142119646,0.252611726522,0.496979445219,-0.287784308195,0.152642518282,0.493864268064,-0.292319655418,0.0552471205592,0.491491287947,-0.292852967978,-0.0461625903845,0.490088135004,-0.296691268682,-0.144157379866,0.490843206644,-0.298890471458,-0.24139252305,0.488248616457,-0.300785303116,-0.363811373711,0.518476963043,-0.282481312752,-0.365154713392
1778096272.98,0.516454100609,-0.259747356176,0.446971178055,0.507034897804,-0.274449139833,0.351441502571,0.502749681473,-0.280405044556,0.253085166216,0.499009698629,-0.285655349493,0.152652591467,0.49565038085,-0.290272653103,0.0552094355226,0.492785841227,-0.291451275349,-0.0463997721672,0.491349190474,-0.295960456133,-0.144333153963,0.491080254316,-0.29885712266,-0.24145847559,0.487525969744,-0.301611363888,-0.362385332584,0.52002966404,-0.281604856253,-0.365154713392
1778096272.99,0.51911687851,-0.257073372602,0.446770310402,0.510070800781,-0.272399783134,0.351889669895,0.505710721016,-0.278266698122,0.25248247385,0.501332759857,-0.283396303654,0.152719885111,0.497145980597,-0.288266777992,0.0557936616242,0.495401114225,-0.292359739542,-0.043813765049,0.492185801268,-0.295576363802,-0.142141729593,0.491533666849,-0.297800153494,-0.241707384586,0.487213283777,-0.301732420921,-0.362241327763,0.521622300148,-0.280704349279,-0.365154713392
1778096273,0.522721946239,-0.253431797028,0.446449100971,0.512871146202,-0.269435465336,0.351817429066,0.50815141201,-0.275727421045,0.252136200666,0.503566980362,-0.281195044518,0.152606144547,0.499683946371,-0.286801218987,0.0552974268794,0.497119098902,-0.290535062551,-0.0438424795866,0.49338427186,-0.294467031956,-0.142354905605,0.492572695017,-0.297153919935,-0.241557002068,0.487002640963,-0.301913172007,-0.3620223701,0.523255586624,-0.279779195786,-0.365154713392
1778096273.01,0.525756239891,-0.250419855118,0.44612044096,0.515969634056,-0.266577363014,0.351489067078,0.511010289192,-0.27231451869,0.251384079456,0.505868911743,-0.277801066637,0.15120574832,0.501681447029,-0.284874230623,0.0550777167082,0.497885137796,-0.28751757741,-0.0461066514254,0.494392305613,-0.29347333312,-0.142381638288,0.493114620447,-0.296907246113,-0.241397053003,0.486914008856,-0.301906645298,-0.362075686455,0.524930477142,-0.278828710318,-0.365154713392
1778096273.02,0.528858661652,-0.247336819768,0.445834368467,0.518312096596,-0.263282209635,0.351490676403,0.514242172241,-0.27007612586,0.251954466105,0.508961558342,-0.276176214218,0.152451008558,0.504245996475,-0.282407701015,0.0550550818443,0.499464720488,-0.285870939493,-0.0463400781155,0.496067255735,-0.291614621878,-0.144236952066,0.49348077178,-0.29661861062,-0.241479843855,0.486746460199,-0.301864326,-0.362099915743,0.526647686958,-0.27785217762,-0.365154713392
1778096273.03,0.531949400902,-0.244333937764,0.445495128632,0.521969437599,-0.260540813208,0.350872337818,0.517051100731,-0.26733392477,0.251567184925,0.511669278145,-0.273318171501,0.151843830943,0.50678062439,-0.279523253441,0.0545827299356,0.502555727959,-0.284825593233,-0.0443419516087,0.497552365065,-0.290785193443,-0.143091738224,0.494190961123,-0.29544994235,-0.241056084633,0.486755758524,-0.30211853981,-0.361761122942,0.528407931328,-0.276848882437,-0.365154713392
1778096273.04,0.535024821758,-0.241415768862,0.445081621408,0.524767875671,-0.257655739784,0.350919514894,0.520160198212,-0.263572901487,0.250723361969,0.514523506165,-0.270476311445,0.151845425367,0.509393334389,-0.277285456657,0.054375551641,0.503813028336,-0.282100409269,-0.0464315861464,0.499083846807,-0.289634138346,-0.143258541822,0.495079427958,-0.294508546591,-0.241133451462,0.486751526594,-0.302128642797,-0.361749529839,0.530212283134,-0.275818109512,-0.365154713392
1778096273.05,0.538373172283,-0.238351836801,0.444655805826,0.528279781342,-0.254841297865,0.350144267082,0.523495435715,-0.260910481215,0.250796735287,0.517644882202,-0.267960757017,0.151181042194,0.512044072151,-0.274895429611,0.0541683807969,0.50605070591,-0.279465287924,-0.0469517409801,0.500714659691,-0.287313789129,-0.144473731518,0.495878666639,-0.293991446495,-0.24155202508,0.486790388823,-0.302025020123,-0.361777335405,0.532061219215,-0.274759083986,-0.365154713392
1778096273.06,0.540802598,-0.236147746444,0.444330126047,0.531383872032,-0.251477956772,0.349973142147,0.526607990265,-0.257868558168,0.250470161438,0.521010994911,-0.265183120966,0.150991857052,0.514954328537,-0.271863669157,0.0537186264992,0.509471058846,-0.279210746288,-0.0445555448532,0.502044439316,-0.285824537277,-0.142816007137,0.497351378202,-0.292623698711,-0.241885662079,0.487010091543,-0.301980733871,-0.361637324095,0.533955574036,-0.273671060801,-0.365154713392
1778096273.07,0.544450044632,-0.232934713364,0.443931251764,0.535037279129,-0.248956277966,0.349488079548,0.529690504074,-0.254984468222,0.250633358955,0.523979783058,-0.261973679066,0.150613814592,0.517464399338,-0.269208550453,0.0541723296046,0.511085867882,-0.275409191847,-0.0467140376568,0.503919124603,-0.284218579531,-0.143150627613,0.498276978731,-0.292090415955,-0.241858154535,0.487261801958,-0.30192092061,-0.361505955458,0.535896062851,-0.27255320549,-0.365154713392
1778096273.08,0.54716604948,-0.230604842305,0.443534910679,0.53799021244,-0.246081888676,0.349893808365,0.533233523369,-0.252195477486,0.249964267015,0.527408123016,-0.259420245886,0.150320500135,0.520717740059,-0.266776829958,0.053287088871,0.513908743858,-0.272781550884,-0.0471053868532,0.506063818932,-0.282127588987,-0.144470244646,0.499228090048,-0.289916902781,-0.24152597785,0.487327307463,-0.301851272583,-0.361403346062,0.537883400917,-0.271404743195,-0.365154713392
1778096273.09,0.550216913223,-0.22802336514,0.443041503429,0.541466116905,-0.243252530694,0.348790705204,0.536826252937,-0.249294534326,0.249684840441,0.53057205677,-0.255980551243,0.149850323796,0.523679494858,-0.264066517353,0.0529825165868,0.516427397728,-0.270728170872,-0.0467401742935,0.507868647575,-0.280360013247,-0.143745064735,0.500717520714,-0.289681196213,-0.241555809975,0.487461775541,-0.301226377487,-0.361574918032,0.53991830349,-0.270224839449,-0.365154713392
1778096273.1,0.553184747696,-0.225551605225,0.442603141069,0.544286727905,-0.240653142333,0.349138081074,0.539848923683,-0.246735781431,0.249137490988,0.533464431763,-0.253528177738,0.149557352066,0.526785492897,-0.261247485876,0.0522491708398,0.519449234009,-0.269362390041,-0.0453398525715,0.510114789009,-0.278734028339,-0.143324702978,0.502336978912,-0.288192987442,-0.241827458143,0.487901479006,-0.300784438848,-0.361219614744,0.542001366615,-0.269012570381,-0.365154713392
1778096273.11,0.556048870087,-0.223278403282,0.442137181759,0.54819560051,-0.237907201052,0.348291873932,0.542991876602,-0.24405656755,0.248568400741,0.537170529366,-0.250989288092,0.149255082011,0.529692530632,-0.25868844986,0.0521519109607,0.521311759949,-0.265278726816,-0.0482927262783,0.512490034103,-0.276927858591,-0.144473612309,0.503547906876,-0.286724120378,-0.242503523827,0.488373428583,-0.300343304873,-0.361066818237,0.544132947922,-0.267767131329,-0.365154713392
1778096273.12,0.558910667896,-0.221065282822,0.441765099764,0.551235198975,-0.235459253192,0.347542345524,0.546414375305,-0.241488128901,0.248159557581,0.539968252182,-0.247877925634,0.148941203952,0.532583832741,-0.25637871027,0.0519585236907,0.52515411377,-0.264769673347,-0.0465985685587,0.514508724213,-0.275120943785,-0.144484400749,0.50463616848,-0.285468578339,-0.241588145494,0.489079505205,-0.299960255623,-0.360860139132,0.546313881874,-0.266487538815,-0.365154713392
1778096273.13,0.561652600765,-0.219007313251,0.441245943308,0.55462539196,-0.233250558376,0.347383499146,0.549594521523,-0.239030718803,0.247758105397,0.543036818504,-0.245326131582,0.148344829679,0.535562872887,-0.253490149975,0.0512476563454,0.52643597126,-0.261332660913,-0.0486396551132,0.516550302505,-0.272373974323,-0.145681172609,0.506506919861,-0.284205585718,-0.242247372866,0.489877730608,-0.298500359058,-0.361180633307,0.5485445261,-0.265172898769,-0.365154713392
1778096273.14,0.564281344414,-0.217130765319,0.440740972757,0.557722210884,-0.23100566864,0.346903562546,0.552227139473,-0.236154824495,0.247865244746,0.546273231506,-0.242741852999,0.148153975606,0.538335323334,-0.251148998737,0.0509432852268,0.530005335808,-0.26042932272,-0.0470171570778,0.518854379654,-0.271289199591,-0.145338952541,0.508363485336,-0.283136636019,-0.242317587137,0.490528196096,-0.297549039125,-0.361280679703,0.550825119019,-0.263822257519,-0.365154713392
1778096273.15,0.566794514656,-0.215346753597,0.440230190754,0.560160398483,-0.228621825576,0.346880912781,0.555329322815,-0.233981594443,0.247449725866,0.548862695694,-0.24069917202,0.147677585483,0.541179299355,-0.248809218407,0.0502974689007,0.53210914135,-0.257508516312,-0.048741042614,0.520815372467,-0.268944501877,-0.146436393261,0.509946465492,-0.281296163797,-0.242731451988,0.492480963469,-0.296513170004,-0.36231970787,0.553156256676,-0.262434601784,-0.365154713392
1778096273.16,0.56923699379,-0.213679552078,0.439800858498,0.563497900963,-0.226581156254,0.345559477806,0.558534741402,-0.231847807765,0.246365606785,0.551770448685,-0.238617300987,0.147090926766,0.543921470642,-0.246944487095,0.0499812960625,0.533862471581,-0.255499005318,-0.0497817844152,0.523273706436,-0.26767000556,-0.14585313201,0.511158823967,-0.279104590416,-0.242230534554,0.493072003126,-0.295406401157,-0.361055076122,0.555538058281,-0.261008948088,-0.365154713392
1778096273.17,0.571573793888,-0.212070912123,0.439356505871,0.566555857658,-0.224085986614,0.344506502151,0.561551570892,-0.230076149106,0.24609041214,0.554579615593,-0.236352473497,0.14676129818,0.54655623436,-0.244643375278,0.0496968850493,0.537524461746,-0.254316389561,-0.048152923584,0.524791479111,-0.265630155802,-0.145669579506,0.513501405716,-0.27772808075,-0.243616700172,0.494532614946,-0.294136017561,-0.361768126488,0.557970643044,-0.259544223547,-0.365154713392
1778096273.18,0.573778271675,-0.210621163249,0.438802480698,0.569035768509,-0.222380191088,0.344357192516,0.564224004745,-0.228534415364,0.245451778173,0.557338237762,-0.234510287642,0.146223083138,0.549224734306,-0.242745965719,0.0492005646229,0.539121389389,-0.250143170357,-0.0513586550951,0.527322769165,-0.263666450977,-0.147366315126,0.515492200851,-0.276413440704,-0.243093818426,0.495979696512,-0.292566716671,-0.361823618412,0.560454010963,-0.25803938508,-0.365154713392
1778096273.19,0.575025737286,-0.209799200296,0.438458770514,0.571662068367,-0.221097052097,0.344143211842,0.566647768021,-0.226775541902,0.24532173574,0.560074448586,-0.232874363661,0.145493000746,0.551648259163,-0.240949690342,0.0486240312457,0.541038155556,-0.248864009976,-0.0519608259201,0.52928173542,-0.26242595911,-0.146918296814,0.51748752594,-0.274838805199,-0.24362462759,0.497971683741,-0.290063083172,-0.363209724426,0.56298828125,-0.2564933002,-0.365154713392
1778096273.2,0.577659010887,-0.208065763116,0.437711417675,0.573836088181,-0.219700828195,0.344119608402,0.569313049316,-0.225131332874,0.244530156255,0.562428236008,-0.231380417943,0.145327448845,0.553955197334,-0.239392951131,0.0478570237756,0.544470787048,-0.248973876238,-0.0495228767395,0.531595945358,-0.259343951941,-0.14982688427,0.519270777702,-0.272634387016,-0.244407713413,0.499905973673,-0.288770407438,-0.36300355196,0.565573096275,-0.254904866219,-0.365154713392
1778096273.21,0.579397559166,-0.206863999367,0.437206447124,0.576438784599,-0.218327492476,0.343158960342,0.571721196175,-0.22327940166,0.243821308017,0.564769625664,-0.230027318001,0.144766658545,0.556456565857,-0.237910836935,0.0476323291659,0.546012639999,-0.246654510498,-0.0503480583429,0.533235192299,-0.258553296328,-0.147484004498,0.521035313606,-0.270358771086,-0.244827538729,0.501740336418,-0.286935806274,-0.362774431705,0.568208098412,-0.253272920847,-0.365154713392
1778096273.22,0.580958724022,-0.205805376172,0.436757415533,0.578689098358,-0.217248246074,0.342826008797,0.574017286301,-0.222225800157,0.243439510465,0.567070126534,-0.228900402784,0.144116595387,0.558164000511,-0.236069828272,0.0472946166992,0.547755360603,-0.244848847389,-0.052638977766,0.535741209984,-0.256356060505,-0.15006890893,0.523620843887,-0.268929630518,-0.245789825916,0.504248976707,-0.285147547722,-0.364180773497,0.570892930031,-0.251596271992,-0.365154713392
1778096273.23,0.582302331924,-0.204847082496,0.436212480068,0.580770015717,-0.215977162123,0.342155575752,0.575947523117,-0.221292331815,0.242734134197,0.569221138954,-0.227784708142,0.143524214625,0.560582280159,-0.23612165451,0.0467578917742,0.550980210304,-0.245075762272,-0.0513327121735,0.537779331207,-0.255022287369,-0.148938626051,0.525628328323,-0.266692221165,-0.245775192976,0.50647187233,-0.282895296812,-0.364486455917,0.573626756668,-0.249873682857,-0.365154713392
1778096273.24,0.583368003368,-0.204026460648,0.435734301805,0.582249283791,-0.21440538764,0.341284036636,0.577847003937,-0.220223337412,0.24217236042,0.570941090584,-0.226388275623,0.142508968711,0.562736988068,-0.23477165401,0.0458676815033,0.552448630333,-0.242150336504,-0.0535864233971,0.540454745293,-0.254377245903,-0.149474650621,0.528463840485,-0.265105634928,-0.247069627047,0.509211182594,-0.280703485012,-0.364933699369,0.576408982277,-0.248103901744,-0.365154713392
1778096273.25,0.584434509277,-0.203153014183,0.435173153877,0.583856463432,-0.214160755277,0.341144472361,0.579530477524,-0.219603478909,0.241800367832,0.57290148735,-0.225945234299,0.142461210489,0.564152359962,-0.233264878392,0.0455807447433,0.555004119873,-0.242293342948,-0.0525832921267,0.542419910431,-0.25218975544,-0.150058060884,0.530705451965,-0.263193786144,-0.247482389212,0.511798977852,-0.277325063944,-0.36663120985,0.579238176346,-0.246285632253,-0.365154713392
1778096273.26,0.585227966309,-0.202416196465,0.434686034918,0.585526823997,-0.2133667171,0.340663671494,0.580817103386,-0.218927875161,0.241487249732,0.57474219799,-0.224613040686,0.142015203834,0.566373109818,-0.233040750027,0.0451111346483,0.556675076485,-0.239429324865,-0.0550001263618,0.545064330101,-0.251447618008,-0.150970190763,0.53338265419,-0.261226713657,-0.248180508614,0.514424443245,-0.274772495031,-0.367368817329,0.582113385201,-0.244417563081,-0.365154713392
1778096273.27,0.585824549198,-0.201682507992,0.434232741594,0.586502671242,-0.212633475661,0.340156972408,0.582170844078,-0.218080684543,0.240806266665,0.576142668724,-0.224150747061,0.141216814518,0.567945957184,-0.231774538755,0.0436386242509,0.559253096581,-0.239763364196,-0.0538412332535,0.547339439392,-0.249411866069,-0.151569634676,0.535967826843,-0.259017288685,-0.249351382256,0.517871975899,-0.272142827511,-0.368776738644,0.585032820702,-0.24249830842,-0.365154713392
1778096273.28,0.586217522621,-0.20096822083,0.433822125196,0.587670445442,-0.211970344186,0.339569807053,0.583387494087,-0.217628449202,0.239864915609,0.577501058578,-0.223532050848,0.140540659428,0.569959998131,-0.231286153197,0.0432806760073,0.560390710831,-0.238114088774,-0.0550423562527,0.54955971241,-0.24819752574,-0.152484714985,0.538756966591,-0.257104188204,-0.250096827745,0.520665407181,-0.268523395061,-0.369471460581,0.58799469471,-0.240526467562,-0.365154713392
1778096273.29,0.586428642273,-0.200261101127,0.433449447155,0.588208436966,-0.211199745536,0.338576495647,0.584226489067,-0.21715067327,0.239775255322,0.578576207161,-0.223094731569,0.140332683921,0.571266055107,-0.230282232165,0.042608872056,0.563342809677,-0.238290280104,-0.0548472553492,0.552118420601,-0.246695876122,-0.153224915266,0.541483163834,-0.254761308432,-0.25096565485,0.524008750916,-0.265687763691,-0.370040774345,0.590997099876,-0.238500624895,-0.365154713392
1778096273.3,0.586491703987,-0.199576690793,0.433153271675,0.588208436966,-0.211199745536,0.338576495647,0.584226489067,-0.21715067327,0.239775255322,0.578576207161,-0.223094731569,0.140332683921,0.571266055107,-0.230282232165,0.042608872056,0.563342809677,-0.238290280104,-0.0548472553492,0.552118420601,-0.246695876122,-0.153224915266,0.541483163834,-0.254761308432,-0.25096565485,0.524008750916,-0.265687763691,-0.370040774345,0.594037294388,-0.236419275403,-0.365154713392
1778096273.31,0.586436390877,-0.198883637786,0.432901531458,0.588208436966,-0.211199745536,0.338576495647,0.584226489067,-0.21715067327,0.239775255322,0.578576207161,-0.223094731569,0.140332683921,0.571266055107,-0.230282232165,0.042608872056,0.563342809677,-0.238290280104,-0.0548472553492,0.552118420601,-0.246695876122,-0.153224915266,0.541483163834,-0.254761308432,-0.25096565485,0.524008750916,-0.265687763691,-0.370040774345,0.597112774849,-0.234280899167,-0.365154713392
1778096273.32,0.586219370365,-0.197933226824,0.432666897774,0.588208436966,-0.211199745536,0.338576495647,0.584226489067,-0.21715067327,0.239775255322,0.578576207161,-0.223094731569,0.140332683921,0.571266055107,-0.230282232165,0.042608872056,0.563342809677,-0.238290280104,-0.0548472553492,0.552118420601,-0.246695876122,-0.153224915266,0.541483163834,-0.254761308432,-0.25096565485,0.524008750916,-0.265687763691,-0.370040774345,0.60022008419,-0.232083946466,-0.365154713392
1778096273.33,0.58611702919,-0.197627931833,0.432647168636,0.588208436966,-0.211199745536,0.338576495647,0.584226489067,-0.21715067327,0.239775255322,0.578576207161,-0.223094731569,0.140332683921,0.571266055107,-0.230282232165,0.042608872056,0.563342809677,-0.238290280104,-0.0548472553492,0.552118420601,-0.246695876122,-0.153224915266,0.541483163834,-0.254761308432,-0.25096565485,0.524008750916,-0.265687763691,-0.370040774345,0.603355884552,-0.229826807976,-0.365154713392
1778096273.34,0.585633516312,-0.196564048529,0.43261808157,0.588208436966,-0.211199745536,0.338576495647,0.584226489067,-0.21715067327,0.239775255322,0.578576207161,-0.223094731569,0.140332683921,0.571266055107,-0.230282232165,0.042608872056,0.563342809677,-0.238290280104,-0.0548472553492,0.552118420601,-0.246695876122,-0.153224915266,0.541483163834,-0.254761308432,-0.25096565485,0.524008750916,-0.265687763691,-0.370040774345,0.606516003609,-0.227507829666,-0.365154713392
1778096273.35,0.585302591324,-0.195964843035,0.43266415596,0.588208436966,-0.211199745536,0.338576495647,0.584226489067,-0.21715067327,0.239775255322,0.578576207161,-0.223094731569,0.140332683921,0.571266055107,-0.230282232165,0.042608872056,0.563342809677,-0.238290280104,-0.0548472553492,0.552118420601,-0.246695876122,-0.153224915266,0.541483163834,-0.254761308432,-0.25096565485,0.524008750916,-0.265687763691,-0.370040774345,0.609695911407,-0.225125327706,-0.365154713392
1778096273.36,0.584635257721,-0.194837972522,0.432856470346,0.588208436966,-0.211199745536,0.338576495647,0.584226489067,-0.21715067327,0.239775255322,0.578576207161,-0.223094731569,0.140332683921,0.571266055107,-0.230282232165,0.042608872056,0.563342809677,-0.238290280104,-0.0548472553492,0.552118420601,-0.246695876122,-0.153224915266,0.541483163834,-0.254761308432,-0.25096565485,0.524008750916,-0.265687763691,-0.370040774345,0.612890481949,-0.222677558661,-0.365154713392
1778096273.37,0.583901464939,-0.193687334657,0.433106869459,0.588208436966,-0.211199745536,0.338576495647,0.584226489067,-0.21715067327,0.239775255322,0.578576207161,-0.223094731569,0.140332683921,0.571266055107,-0.230282232165,0.042608872056,0.563342809677,-0.238290280104,-0.0548472553492,0.552118420601,-0.246695876122,-0.153224915266,0.541483163834,-0.254761308432,-0.25096565485,0.524008750916,-0.265687763691,-0.370040774345,0.616094350815,-0.220162719488,-0.365154713392
1778096273.38,0.58330053091,-0.192752987146,0.43329834938,0.588208436966,-0.211199745536,0.338576495647,0.584226489067,-0.21715067327,0.239775255322,0.578576207161,-0.223094731569,0.140332683921,0.571266055107,-0.230282232165,0.042608872056,0.563342809677,-0.238290280104,-0.0548472553492,0.552118420601,-0.246695876122,-0.153224915266,0.541483163834,-0.254761308432,-0.25096565485,0.524008750916,-0.265687763691,-0.370040774345,0.619301199913,-0.217578992248,-0.365154713392
1778096273.39,0.582284331322,-0.191233128309,0.433630794287,0.588208436966,-0.211199745536,0.338576495647,0.584226489067,-0.21715067327,0.239775255322,0.578576207161,-0.223094731569,0.140332683921,0.571266055107,-0.230282232165,0.042608872056,0.563342809677,-0.238290280104,-0.0548472553492,0.552118420601,-0.246695876122,-0.153224915266,0.541483163834,-0.254761308432,-0.25096565485,0.524008750916,-0.265687763691,-0.370040774345,0.622504115105,-0.214924484491,-0.365154713392
1778096273.4,0.581370770931,-0.189835995436,0.434000313282,0.588208436966,-0.211199745536,0.338576495647,0.584226489067,-0.21715067327,0.239775255322,0.578576207161,-0.223094731569,0.140332683921,0.571266055107,-0.230282232165,0.042608872056,0.563342809677,-0.238290280104,-0.0548472553492,0.552118420601,-0.246695876122,-0.153224915266,0.541483163834,-0.254761308432,-0.25096565485,0.524008750916,-0.265687763691,-0.370040774345,0.625695466995,-0.212197259068,-0.365154713392
1778096273.41,0.580476224422,-0.188449248672,0.434425026178,0.585499048233,-0.200283288956,0.337519168854,0.584686517715,-0.206108465791,0.238343581557,0.584133028984,-0.211301788688,0.13802421093,0.583305001259,-0.215554535389,0.040502756834,0.581555843353,-0.216937094927,-0.0610429048538,0.579692721367,-0.219990983605,-0.160056620836,0.579135656357,-0.221969351172,-0.255762994289,0.574210047722,-0.223163679242,-0.376521408558,0.628867149353,-0.209395304322,-0.365154713392
1778096273.42,0.57924926281,-0.186564803123,0.435000687838,0.584731936455,-0.198856592178,0.337840676308,0.584210395813,-0.204162999988,0.238370701671,0.584329605103,-0.209013223648,0.138189837337,0.58386862278,-0.212841868401,0.0409255623817,0.58342564106,-0.213622778654,-0.0619650781155,0.582528233528,-0.218482702971,-0.156836867332,0.583238244057,-0.219059437513,-0.25622522831,0.578972816467,-0.220267161727,-0.376241445541,0.632009983063,-0.206516593695,-0.365154713392
1778096273.43,0.57815605402,-0.184872671962,0.43552595377,0.583530902863,-0.197074338794,0.337982058525,0.583770871162,-0.202329963446,0.238917320967,0.584451079369,-0.2068618536,0.138516455889,0.584308505058,-0.210263267159,0.0415101274848,0.585175156593,-0.211148053408,-0.0612673908472,0.584671497345,-0.214584469795,-0.156992614269,0.585626482964,-0.215282708406,-0.255142241716,0.58409011364,-0.216861501336,-0.376357197762,0.635033011436,-0.203637897968,-0.365154713392
1778096273.44,0.576774477959,-0.182604178786,0.436193466187,0.582694292068,-0.19520804286,0.338804244995,0.583445072174,-0.200129389763,0.238661855459,0.584294676781,-0.204258173704,0.138990134001,0.585290908813,-0.208393037319,0.0411535575986,0.586441159248,-0.207937583327,-0.0608564317226,0.586962938309,-0.212101623416,-0.156405448914,0.589582920074,-0.212478339672,-0.254532039165,0.588485240936,-0.213097453117,-0.375948965549,0.63793361187,-0.200759187341,-0.365154713392
1778096273.45,0.575471222401,-0.180387705564,0.436787605286,0.581998705864,-0.193144902587,0.338693976402,0.582844495773,-0.197611659765,0.239491045475,0.584323048592,-0.201779574156,0.139173462987,0.586191773415,-0.205674156547,0.0419437214732,0.588641285896,-0.207173630595,-0.0569716393948,0.589761614799,-0.208975091577,-0.156468272209,0.593101739883,-0.209370151162,-0.254595845938,0.593655943871,-0.209886461496,-0.376031279564,0.640709400177,-0.197880476713,-0.365154713392
1778096273.46,0.57412302494,-0.17809638381,0.43750885129,0.580240249634,-0.190932124853,0.339759945869,0.582242131233,-0.195361301303,0.239960834384,0.584384441376,-0.199101775885,0.140195950866,0.586420178413,-0.202710956335,0.0430561825633,0.588799238205,-0.201978594065,-0.0590209960938,0.592254638672,-0.205222889781,-0.155881732702,0.596033811569,-0.205495893955,-0.25445574522,0.59779047966,-0.206262901425,-0.374717921019,0.643358111382,-0.195001766086,-0.365154713392
1778096273.47,0.572664022446,-0.175622329116,0.438301354647,0.579512000084,-0.188634812832,0.339727342129,0.581467866898,-0.192503497005,0.240622609854,0.584539175034,-0.196219131351,0.140334501863,0.58739554882,-0.19924351573,0.0433244034648,0.590668201447,-0.199421957135,-0.0583701580763,0.594304084778,-0.201568856835,-0.154662340879,0.599902153015,-0.201854005456,-0.253102570772,0.602769613266,-0.20285885036,-0.374204605818,0.645877480507,-0.192123055458,-0.365154713392
1778096273.48,0.571112155914,-0.173008352518,0.439111948013,0.578139662743,-0.185776293278,0.340477585793,0.580595016479,-0.189670443535,0.241391152143,0.584459424019,-0.193254649639,0.141540676355,0.58830010891,-0.195100992918,0.042754329741,0.59214413166,-0.195554330945,-0.0574065893888,0.597315907478,-0.19867426157,-0.15426504612,0.603435277939,-0.199119344354,-0.252537578344,0.607117176056,-0.199286937714,-0.373090475798,0.648265600204,-0.189244359732,-0.365154713392
1778096273.49,0.56949442625,-0.170275136828,0.439816951752,0.576671004295,-0.183039873838,0.341851949692,0.580166578293,-0.186621710658,0.241951718926,0.584367036819,-0.189743131399,0.141452670097,0.588946700096,-0.192303195596,0.0437360182405,0.594233512878,-0.191786974669,-0.0577006936073,0.599614024162,-0.195016458631,-0.152902901173,0.607149958611,-0.194839000702,-0.252742737532,0.612568616867,-0.195790037513,-0.373810142279,0.650520324707,-0.186365649104,-0.365154713392
1778096273.5,0.567836523056,-0.167530626059,0.44064617157,0.575259208679,-0.180224686861,0.342290520668,0.579447388649,-0.183577999473,0.242798492312,0.584555268288,-0.186246171594,0.142577439547,0.589916944504,-0.188387736678,0.0446546375751,0.596674203873,-0.190589189529,-0.0533688366413,0.602271080017,-0.191637337208,-0.151767551899,0.610131502151,-0.191875562072,-0.250827342272,0.616136550903,-0.192835614085,-0.370965152979,0.652639865875,-0.183486938477,-0.365154713392
1778096273.51,0.566134393215,-0.164652854204,0.441647678614,0.574091434479,-0.176930204034,0.343188583851,0.578818678856,-0.179993987083,0.242987826467,0.584447026253,-0.182627171278,0.143286287785,0.59038734436,-0.184713825583,0.0461754947901,0.59747338295,-0.184433028102,-0.0551458150148,0.604850172997,-0.187685027719,-0.15087556839,0.613858938217,-0.188231498003,-0.248936146498,0.620516896248,-0.18904531002,-0.37041836977,0.65462243557,-0.180608227849,-0.365154713392
1778096273.52,0.564720034599,-0.162262111902,0.442360848188,0.572848200798,-0.173728510737,0.343753695488,0.577856302261,-0.176618516445,0.244087919593,0.584494590759,-0.179197877645,0.144456550479,0.591287732124,-0.180959045887,0.0471602156758,0.599336624146,-0.18101195991,-0.0542524307966,0.607335448265,-0.184133574367,-0.150790721178,0.616860747337,-0.184180378914,-0.248906761408,0.625048160553,-0.186029165983,-0.369024991989,0.656466364861,-0.177729517221,-0.365154713392
1778096273.53,0.562549293041,-0.158551543951,0.443342745304,0.57183277607,-0.170440390706,0.344509959221,0.577450752258,-0.173128470778,0.245083525777,0.584851980209,-0.175256162882,0.145060703158,0.592057704926,-0.177482068539,0.0484835878015,0.600395083427,-0.177610144019,-0.0530182570219,0.609457969666,-0.180019855499,-0.148776888847,0.620198011398,-0.18086630106,-0.247860312462,0.628765583038,-0.182614177465,-0.367341637611,0.658170104027,-0.174850821495,-0.365154713392
1778096273.54,0.561095654964,-0.156023696065,0.444165378809,0.57021689415,-0.166877314448,0.345152437687,0.576947331429,-0.16937828064,0.245916754007,0.584747076035,-0.17167443037,0.146333545446,0.592845678329,-0.17336165905,0.0496453866363,0.604444503784,-0.175476506352,-0.048243060708,0.612079024315,-0.176344111562,-0.147822618484,0.622943997383,-0.176919057965,-0.245676100254,0.633083820343,-0.179070338607,-0.366937309504,0.659732341766,-0.171972110868,-0.365154713392
1778096273.55,0.558806598186,-0.15213611722,0.445269823074,0.568729996681,-0.163627818227,0.346716374159,0.576176404953,-0.165626123548,0.247105166316,0.584849476814,-0.167517900467,0.147112742066,0.593900799751,-0.169616267085,0.0505733191967,0.606036782265,-0.17177143693,-0.0469212532043,0.614410877228,-0.172516509891,-0.146670222282,0.626353740692,-0.173613607883,-0.243943959475,0.636995434761,-0.175588041544,-0.36535859108,0.661151766777,-0.16909340024,-0.365154713392
1778096273.56,0.556824624538,-0.148846492171,0.446085929871,0.56731569767,-0.159612745047,0.347394943237,0.575363278389,-0.161691680551,0.248059436679,0.585040569305,-0.163840010762,0.14859598875,0.595259189606,-0.165754333138,0.0511096119881,0.606122016907,-0.165478676558,-0.0500892400742,0.61684679985,-0.168213993311,-0.145971566439,0.629336237907,-0.169658139348,-0.243576914072,0.641054272652,-0.172445133328,-0.363856732845,0.662427186966,-0.166214689612,-0.365154713392
1778096273.57,0.554820239544,-0.145633965731,0.447057396173,0.56637263298,-0.156265333295,0.347932338715,0.574846148491,-0.158086836338,0.249116659164,0.58536529541,-0.159579858184,0.149318382144,0.595903515816,-0.161823630333,0.0526447221637,0.607828617096,-0.160926401615,-0.0491323024035,0.61899793148,-0.164892762899,-0.143784284592,0.63217663765,-0.165973111987,-0.242690384388,0.644448518753,-0.168765619397,-0.362062454224,0.66355741024,-0.163335978985,-0.365154713392
1778096273.58,0.552826523781,-0.142412498593,0.448049932718,0.564718365669,-0.152495071292,0.349513709545,0.574570059776,-0.154207259417,0.250238358974,0.585480451584,-0.155540287495,0.150195017457,0.597295403481,-0.157149687409,0.052484869957,0.609431147575,-0.156929388642,-0.0476984381676,0.621532440186,-0.16041085124,-0.143482714891,0.634632229805,-0.162554204464,-0.239950746298,0.648055434227,-0.165327519178,-0.360791176558,0.664541721344,-0.160457283258,-0.365154713392
1778096273.59,0.550975680351,-0.139529913664,0.448713481426,0.563355565071,-0.148967072368,0.350532054901,0.573887586594,-0.150522008538,0.251287788153,0.585427880287,-0.151763126254,0.151902109385,0.5980052948,-0.152900293469,0.0534631535411,0.611475944519,-0.154057070613,-0.0446711927652,0.623700380325,-0.156853571534,-0.142337471247,0.638200640678,-0.158515706658,-0.239187449217,0.651896476746,-0.161836311221,-0.359876722097,0.665379166603,-0.157578572631,-0.365154713392
1778096273.6,0.548842847347,-0.136434316635,0.449483633041,0.561927437782,-0.145277306437,0.351502001286,0.573209285736,-0.146525591612,0.252096444368,0.585429906845,-0.147924870253,0.153138130903,0.598559617996,-0.149239912629,0.0550625100732,0.612260818481,-0.14975169301,-0.044076487422,0.625747919083,-0.152644559741,-0.141375660896,0.640138268471,-0.154994234443,-0.237389922142,0.654911160469,-0.158331051469,-0.357730537653,0.666069030762,-0.154699862003,-0.365154713392
1778096273.61,0.546491384506,-0.133066803217,0.450458914042,0.560274720192,-0.141473531723,0.352407813072,0.572394490242,-0.142460614443,0.252860069275,0.585518121719,-0.143713831902,0.153653219342,0.599271774292,-0.145053014159,0.0557289384305,0.614003777504,-0.145868942142,-0.0424665361643,0.62727200985,-0.148478806019,-0.140592336655,0.643579721451,-0.151142925024,-0.236336529255,0.657977223396,-0.154855087399,-0.355734467506,0.666610956192,-0.151821151376,-0.365154713392
1778096273.62,0.544317722321,-0.130044266582,0.451125890017,0.558635473251,-0.137949079275,0.353482782841,0.571392416954,-0.138928830624,0.254267692566,0.585721373558,-0.140025034547,0.154535338283,0.599963188171,-0.141332700849,0.0571656897664,0.61458170414,-0.141527801752,-0.0410645008087,0.629386425018,-0.145195543766,-0.138233751059,0.645182609558,-0.147356674075,-0.234220325947,0.660964369774,-0.151291742921,-0.354878693819,0.667004227638,-0.148942455649,-0.365154713392
1778096273.63,0.542111814022,-0.127118632197,0.451775878668,0.556874275208,-0.134222134948,0.354139328003,0.570400357246,-0.134886696935,0.255260765553,0.585443019867,-0.135574057698,0.15516923368,0.600179195404,-0.137232288718,0.0585865676403,0.617056488991,-0.138587221503,-0.0385289490223,0.630692005157,-0.14093478024,-0.137429535389,0.647413611412,-0.143730059266,-0.233115524054,0.664000272751,-0.147393256426,-0.353597581387,0.667248606682,-0.146063745022,-0.365154713392
1778096273.64,0.540143311024,-0.124546781182,0.452447533607,0.555467128754,-0.130813270807,0.354648888111,0.569469213486,-0.131283804774,0.256149947643,0.584998726845,-0.131867706776,0.156790614128,0.600534558296,-0.133149772882,0.0596989504993,0.61692917347,-0.134230911732,-0.0392095297575,0.632321119308,-0.136771038175,-0.136524051428,0.649401307106,-0.140029370785,-0.230531990528,0.666932702065,-0.144410088658,-0.351230204105,0.667343974113,-0.143185034394,-0.365154713392
1778096273.65,0.537674665451,-0.121475331485,0.452996730804,0.553375601768,-0.127339363098,0.355972737074,0.568098306656,-0.127602159977,0.257016956806,0.584797978401,-0.128187373281,0.157115146518,0.600997567177,-0.129329755902,0.0605832673609,0.618972301483,-0.131030395627,-0.036298841238,0.634209036827,-0.133550226688,-0.135097980499,0.651726961136,-0.13658683002,-0.229626983404,0.66916012764,-0.140348181129,-0.349969208241,0.667290091515,-0.140306323767,-0.365154713392
1778096273.66,0.535845518112,-0.119331769645,0.45333597064,0.55156314373,-0.124169498682,0.356689333916,0.567413449287,-0.124369524419,0.257316768169,0.584204554558,-0.124196998775,0.15796507895,0.600821375847,-0.125672802329,0.0620062462986,0.618692398071,-0.12630623579,-0.0360516011715,0.635486364365,-0.129372686148,-0.133933097124,0.65335226059,-0.132406651974,-0.229247033596,0.671391963959,-0.137111142278,-0.348216861486,0.667087197304,-0.137427613139,-0.365154713392
1778096273.67,0.533122360706,-0.116200871766,0.453865021467,0.549706697464,-0.120920963585,0.356963694096,0.565610051155,-0.120936989784,0.2586556077,0.583368659019,-0.120737068355,0.159071072936,0.600527524948,-0.121407605708,0.0620641633868,0.619597434998,-0.123071156442,-0.0340468287468,0.63604426384,-0.125660791993,-0.131928697228,0.655246853828,-0.128519654274,-0.227246195078,0.673857331276,-0.133065506816,-0.347310870886,0.666735291481,-0.134548917413,-0.365154713392
1778096273.68,0.530866086483,-0.113784238696,0.454126238823,0.548113822937,-0.117804802954,0.357380151749,0.564217209816,-0.117580324411,0.259430915117,0.582309126854,-0.117448635399,0.160200819373,0.600296854973,-0.11825311929,0.0636757016182,0.619612574577,-0.118882648647,-0.033818885684,0.637400388718,-0.122210510075,-0.129561394453,0.65668451786,-0.125058740377,-0.226805984974,0.675720572472,-0.129188150167,-0.345466315746,0.666234731674,-0.131670206785,-0.365154713392
1778096273.69,0.52883797884,-0.111721210182,0.454300522804,0.545991778374,-0.114658765495,0.357863336802,0.563100814819,-0.114199146628,0.259803831577,0.581447005272,-0.113762430847,0.160693287849,0.599599719048,-0.114845253527,0.065124347806,0.619389772415,-0.114866882563,-0.033561989665,0.637692689896,-0.118530347943,-0.128454625607,0.657871127129,-0.121041826904,-0.224492847919,0.677783131599,-0.125546455383,-0.344310343266,0.66558599472,-0.128791496158,-0.365154713392
1778096273.7,0.526625335217,-0.109522201121,0.454573750496,0.544058203697,-0.111697085202,0.358470737934,0.561884760857,-0.111111588776,0.259501338005,0.58087182045,-0.110396414995,0.160754323006,0.599702835083,-0.111243903637,0.0649825930595,0.619406819344,-0.111588440835,-0.0322765856981,0.638627767563,-0.114729426801,-0.129376620054,0.659344673157,-0.117268204689,-0.224486082792,0.679703831673,-0.121705427766,-0.343317121267,0.664789557457,-0.12591278553,-0.365154713392
1778096273.71,0.52440983057,-0.107437491417,0.454676121473,0.541733264923,-0.109018482268,0.359034001827,0.559935688972,-0.107991047204,0.260380029678,0.579421877861,-0.107214197516,0.161998704076,0.598578691483,-0.107757940888,0.0657166093588,0.619794249535,-0.108442388475,-0.0309572666883,0.638733506203,-0.11033193022,-0.12900197506,0.659552574158,-0.113825917244,-0.222821563482,0.681784391403,-0.117578834295,-0.34302636981,0.66384601593,-0.123034082353,-0.365154713392
1778096273.72,0.521925270557,-0.105202421546,0.454509466887,0.539647221565,-0.106169469655,0.35899335146,0.557938814163,-0.105084933341,0.261048018932,0.578416705132,-0.104467444122,0.162151768804,0.597974658012,-0.104489222169,0.0662989318371,0.618876218796,-0.104404680431,-0.0314523130655,0.639252662659,-0.107592768967,-0.126942545176,0.660251498222,-0.109442993999,-0.221821337938,0.683057546616,-0.113844588399,-0.341747611761,0.662756323814,-0.120155371726,-0.365154713392
1778096273.73,0.519725561142,-0.103313751519,0.454465925694,0.537772297859,-0.103786677122,0.358654916286,0.556540250778,-0.102673396468,0.26083779335,0.576743125916,-0.101369462907,0.162968367338,0.596850037575,-0.101259291172,0.0664083510637,0.618851780891,-0.102470397949,-0.0277960449457,0.63912320137,-0.104059748352,-0.125988051295,0.661284804344,-0.10616838932,-0.221079170704,0.684319734573,-0.109805330634,-0.340602695942,0.661521196365,-0.117276668549,-0.365154713392
1778096273.74,0.517572343349,-0.101507373154,0.454365938902,0.535628795624,-0.101583883166,0.35914337635,0.554313421249,-0.100139379501,0.261648714542,0.575178980827,-0.0984137654305,0.162175625563,0.595550060272,-0.0982337296009,0.0673300549388,0.617357850075,-0.0978099629283,-0.0301333814859,0.638690114021,-0.100065745413,-0.126711651683,0.661455869675,-0.102289475501,-0.221472531557,0.685128808022,-0.105606682599,-0.339157670736,0.660141825676,-0.114397957921,-0.365154713392
1778096273.75,0.515445947647,-0.099816031754,0.454052716494,0.533680081367,-0.0988958999515,0.358421206474,0.552219390869,-0.0977378636599,0.261911511421,0.573336243629,-0.0955381020904,0.162800088525,0.594106435776,-0.0950924530625,0.0671870112419,0.616881251335,-0.0954756513238,-0.0271928459406,0.638076901436,-0.0962645933032,-0.125853806734,0.661414265633,-0.0984720960259,-0.219719648361,0.686215400696,-0.101909257472,-0.3392316401,0.658619165421,-0.111519254744,-0.365154713392
1778096273.76,0.513377666473,-0.0982038229704,0.453712254763,0.530986070633,-0.0966847762465,0.358598589897,0.550194859505,-0.0953924804926,0.261740356684,0.571596503258,-0.0935370326042,0.163536682725,0.592749595642,-0.0923629775643,0.0667968839407,0.616155028343,-0.0918251350522,-0.0283937603235,0.638175845146,-0.0930084809661,-0.126015514135,0.661683320999,-0.0948551818728,-0.220072031021,0.68720471859,-0.0979620367289,-0.33881649375,0.656954646111,-0.108640544116,-0.365154713392
1778096273.77,0.511774539948,-0.096914678812,0.453476577997,0.528777003288,-0.0948614180088,0.358426094055,0.547980427742,-0.0930955260992,0.261828064919,0.569976210594,-0.0907602831721,0.162366092205,0.591063737869,-0.0898148864508,0.0674234628677,0.613469839096,-0.087898530066,-0.0295667499304,0.637258172035,-0.0898383334279,-0.124262467027,0.661035299301,-0.0911779776216,-0.218198120594,0.687798261642,-0.0937065258622,-0.338113486767,0.655149579048,-0.105761833489,-0.365154713392
1778096273.78,0.509381175041,-0.0950195267797,0.452963888645,0.52644443512,-0.0931966081262,0.358757913113,0.545907139778,-0.0911936163902,0.261243641376,0.56803047657,-0.0884389802814,0.162412315607,0.589113593102,-0.0875732824206,0.0681178122759,0.612905144691,-0.0857478156686,-0.0291791707277,0.636371731758,-0.086546368897,-0.125528588891,0.660889744759,-0.0872258022428,-0.219558686018,0.687913179398,-0.089491866529,-0.337720096111,0.653205394745,-0.102883130312,-0.365154713392
1778096273.79,0.507440686226,-0.0934763625264,0.452340096235,0.524251461029,-0.091408289969,0.358251869678,0.543743848801,-0.0890536755323,0.260684430599,0.565834760666,-0.0862116515636,0.16209679842,0.587460875511,-0.0847883448005,0.0671110898256,0.612650632858,-0.0833549425006,-0.0286888480186,0.634605050087,-0.0827751457691,-0.125796243548,0.660675287247,-0.0837677046657,-0.219091713428,0.688047170639,-0.0855402499437,-0.337734907866,0.65112388134,-0.100004419684,-0.365154713392
1778096273.8,0.505635201931,-0.0919473022223,0.451766014099,0.522252440453,-0.0897616669536,0.35802167654,0.541330099106,-0.0872715041041,0.260746836662,0.562910556793,-0.084696225822,0.163374707103,0.585451483727,-0.0820936560631,0.0661373287439,0.609812378883,-0.0794451534748,-0.029760658741,0.633821725845,-0.0800977647305,-0.125975906849,0.659715890884,-0.0804491862655,-0.218659043312,0.68818795681,-0.0814010128379,-0.33776602149,0.648906588554,-0.0971257165074,-0.365154713392
1778096273.81,0.503900527954,-0.0904129892588,0.451150387526,0.519983530045,-0.0880837291479,0.357830107212,0.539490580559,-0.0850847437978,0.259381353855,0.561066627502,-0.0823238417506,0.161979585886,0.583348155022,-0.0803482830524,0.067168712616,0.608838558197,-0.077678821981,-0.0293859690428,0.632240056992,-0.0766156166792,-0.126621827483,0.659134507179,-0.0764273181558,-0.219708323479,0.687446951866,-0.0768542140722,-0.337374657393,0.646555423737,-0.0942470058799,-0.365154713392
1778096273.82,0.502210855484,-0.0888617262244,0.450470268726,0.517682909966,-0.086280927062,0.35684877634,0.537326931953,-0.0834766998887,0.258799046278,0.558733701706,-0.08061632514,0.161774948239,0.581386685371,-0.0778270512819,0.0658028721809,0.60578751564,-0.0743660852313,-0.0304264724255,0.630704879761,-0.0735935270786,-0.126412957907,0.657542943954,-0.0736614316702,-0.218969285488,0.687016606331,-0.0728279054165,-0.337592124939,0.644072294235,-0.0913683027029,-0.365154713392
1778096273.83,0.500763773918,-0.0874327197671,0.449769675732,0.515342831612,-0.0844897329807,0.355846732855,0.534674167633,-0.0817091837525,0.258442461491,0.556911826134,-0.0787148103118,0.160384893417,0.578706622124,-0.0760296881199,0.0668675899506,0.604630470276,-0.0739609897137,-0.0278672277927,0.629147052765,-0.0705362632871,-0.127186655998,0.656688451767,-0.0696587786078,-0.219575941563,0.686115503311,-0.0687745437026,-0.337690740824,0.641459345818,-0.0884895920753,-0.365154713392
1778096273.84,0.499136596918,-0.08565171808,0.448933452368,0.513033986092,-0.0829624831676,0.355668872595,0.532119274139,-0.0804494842887,0.258588790894,0.553984761238,-0.0767497941852,0.160373926163,0.576387524605,-0.0738277435303,0.0664208084345,0.60200381279,-0.0695931762457,-0.0319760292768,0.627000570297,-0.0674448758364,-0.127685919404,0.654831528664,-0.0661457180977,-0.220201283693,0.6851978302,-0.064435146749,-0.337876141071,0.638718724251,-0.0856108814478,-0.365154713392
1778096273.85,0.498012632132,-0.0843285471201,0.448242276907,0.511317133904,-0.081539452076,0.354873508215,0.529869198799,-0.0784826800227,0.25776129961,0.55187702179,-0.0751378014684,0.159308940172,0.574481368065,-0.0721239000559,0.06455925107,0.601025462151,-0.0681611150503,-0.0316923707724,0.625370740891,-0.0647128969431,-0.127975970507,0.652712345123,-0.062999740243,-0.220054864883,0.683497667313,-0.0605118907988,-0.338470846415,0.635852575302,-0.0827321782708,-0.365154713392
1778096273.86,0.49632409215,-0.0820682197809,0.447055399418,0.509569764137,-0.0798903554678,0.353800475597,0.528092980385,-0.0768154859543,0.256203234196,0.549157142639,-0.0733333006501,0.158518612385,0.57278907299,-0.0704320669174,0.0635623037815,0.598286747932,-0.0654460564256,-0.0328083485365,0.623111724854,-0.0616827383637,-0.128366857767,0.65065741539,-0.0594765990973,-0.220484256744,0.682004213333,-0.05615927279,-0.338909864426,0.632863521576,-0.0798534676433,-0.365154713392
1778096273.87,0.495271384716,-0.0804238766432,0.446209430695,0.507542848587,-0.0784846097231,0.353621035814,0.526395320892,-0.0751985162497,0.255255013704,0.547458767891,-0.0717974603176,0.157387718558,0.570178031921,-0.0684544667602,0.0627150014043,0.595333099365,-0.0639970526099,-0.0311999768019,0.62115752697,-0.0596568658948,-0.129224151373,0.648674845695,-0.0562803223729,-0.22191426158,0.679739713669,-0.0521619394422,-0.339495807886,0.629753708839,-0.0769747644663,-0.365154713392
1778096273.88,0.494233578444,-0.0785176232457,0.445342600346,0.506123542786,-0.0763582214713,0.351969689131,0.524342179298,-0.0737360939384,0.254478514194,0.545108318329,-0.0696798861027,0.155742943287,0.567616224289,-0.066416785121,0.0622627437115,0.593353748322,-0.061821769923,-0.0323999673128,0.618310570717,-0.0566575340927,-0.130508080125,0.646370530128,-0.0527711994946,-0.222355216742,0.677698373795,-0.0480172075331,-0.34076026082,0.626525998116,-0.0740960538387,-0.365154713392
1778096273.89,0.493280082941,-0.0765110701323,0.444403111935,0.504155635834,-0.0750363096595,0.352045238018,0.521796345711,-0.0723358169198,0.25422000885,0.54244017601,-0.0685509517789,0.156314492226,0.564918398857,-0.0648426711559,0.0615179091692,0.591001391411,-0.0603447780013,-0.0329352319241,0.616055846214,-0.054414793849,-0.13182194531,0.644349455833,-0.0493864826858,-0.223841696978,0.675271749496,-0.0439282208681,-0.341691493988,0.623182892799,-0.0712173506618,-0.365154713392
1778096273.9,0.492429316044,-0.0744437724352,0.443383097649,0.502685427666,-0.0732621923089,0.35077226162,0.520368099213,-0.0705120190978,0.252490013838,0.540444493294,-0.0666606500745,0.155289888382,0.562826633453,-0.0630049854517,0.0598058588803,0.587854027748,-0.057395491749,-0.0328167825937,0.613177657127,-0.0513000637293,-0.132305651903,0.641631007195,-0.0461606346071,-0.225272685289,0.672697663307,-0.0403576381505,-0.341998517513,0.619727253914,-0.0683386400342,-0.365154713392
1778096273.91,0.491663902998,-0.072251200676,0.442319959402,0.501531362534,-0.0714541226625,0.349883675575,0.518879294395,-0.0689476132393,0.251471102238,0.538437843323,-0.0652394890785,0.154016539454,0.560677289963,-0.0609154067934,0.0581819005311,0.586148142815,-0.0554011724889,-0.0360159724951,0.610679507256,-0.0488322265446,-0.132292896509,0.638630151749,-0.0433095470071,-0.226277470589,0.669533848763,-0.0359062701464,-0.34372484684,0.616161942482,-0.0654599368572,-0.365154713392
1778096273.92,0.491017758846,-0.0699166432023,0.441230475903,0.500362277031,-0.0696893557906,0.348778307438,0.51716375351,-0.0668981224298,0.250557661057,0.537182450294,-0.0632710456848,0.152249619365,0.558747529984,-0.0586045458913,0.0564731359482,0.583214402199,-0.0530877374113,-0.0369439423084,0.607963323593,-0.0458178892732,-0.135050803423,0.635475516319,-0.0398019477725,-0.228031307459,0.66645526886,-0.0323300436139,-0.345017701387,0.612489938736,-0.0625812262297,-0.365154713392
1778096273.93,0.490480989218,-0.0675049498677,0.44017329812,0.499089151621,-0.0676740705967,0.347539365292,0.516059398651,-0.0650048628449,0.249349951744,0.534712672234,-0.0614928007126,0.15202909708,0.555947184563,-0.0570682100952,0.0564806349576,0.580093741417,-0.0490316264331,-0.0406914800406,0.604995369911,-0.0431720800698,-0.136643022299,0.632080435753,-0.036876603961,-0.229164808989,0.662900567055,-0.0283636096865,-0.346774727106,0.608714103699,-0.0597025156021,-0.365154713392
1778096273.94,0.490113973618,-0.0654863864183,0.439291775227,0.498147755861,-0.0657441988587,0.346645951271,0.514416098595,-0.0629546865821,0.248333230615,0.533253550529,-0.0590605698526,0.150246471167,0.553697943687,-0.0546412616968,0.054508253932,0.577859640121,-0.047965247184,-0.0402608513832,0.601996779442,-0.0403964705765,-0.138513594866,0.628817915916,-0.0335170328617,-0.230810463428,0.659250855446,-0.0247026775032,-0.347753226757,0.60483777523,-0.0568238086998,-0.365154713392
1778096273.95,0.489678353071,-0.0622775442898,0.437981873751,0.497198015451,-0.0635427087545,0.345373928547,0.513558387756,-0.060786049813,0.247133970261,0.531620502472,-0.0572124794126,0.148975729942,0.551671981812,-0.0522393845022,0.052757486701,0.574615716934,-0.0444819517434,-0.043947249651,0.599005579948,-0.0375340282917,-0.139819085598,0.625311374664,-0.0307296197861,-0.232124298811,0.655475258827,-0.0214150156826,-0.349847227335,0.600864052773,-0.0539451017976,-0.365154713392
1778096273.96,0.489425748587,-0.0595168732107,0.436886996031,0.496373087168,-0.0608808845282,0.343789845705,0.512276887894,-0.0586200281978,0.245976790786,0.529611468315,-0.054967828095,0.148577317595,0.550165772438,-0.0501322895288,0.0516452491283,0.573291182518,-0.0426150821149,-0.0449520349503,0.595717787743,-0.0352765135467,-0.141726791859,0.621494889259,-0.0276898425072,-0.233571201563,0.650551557541,-0.0177899375558,-0.351806282997,0.596796274185,-0.0510663948953,-0.365154713392
1778096273.97,0.489265650511,-0.0566162951291,0.435761958361,0.495955735445,-0.0588055811822,0.34307974577,0.510755181313,-0.056512799114,0.245380535722,0.528699636459,-0.0526265837252,0.146547615528,0.548210978508,-0.0482166111469,0.0508767962456,0.570152163506,-0.0414542257786,-0.0435230880976,0.592631459236,-0.032949667424,-0.141512662172,0.617810368538,-0.0247234981507,-0.235530585051,0.646616697311,-0.0144553231075,-0.353621095419,0.592637896538,-0.048187687993,-0.365154713392
1778096273.98,0.489188343287,-0.0535612925887,0.434657156467,0.495161920786,-0.0566272139549,0.342597723007,0.510432004929,-0.0540957823396,0.243457138538,0.527384281158,-0.0504679679871,0.145641386509,0.545992732048,-0.0451457649469,0.049288675189,0.568089962006,-0.0385872386396,-0.045363381505,0.58928334713,-0.0294125005603,-0.144958943129,0.613880753517,-0.0213318150491,-0.237867861986,0.641186237335,-0.0112536875531,-0.355059981346,0.588392138481,-0.0453089810908,-0.365154713392
1778096273.99,0.489174097776,-0.0504904836416,0.433572202921,0.494849413633,-0.0537372492254,0.34118694067,0.509684681892,-0.0514632314444,0.24238589406,0.526452064514,-0.0473734661937,0.143898636103,0.544016957283,-0.0420291759074,0.0464399307966,0.565907478333,-0.0351899638772,-0.0478314757347,0.585918784142,-0.0264948178083,-0.146967291832,0.610101819038,-0.0186951607466,-0.239811599255,0.635837316513,-0.00807356741279,-0.357886523008,0.584062695503,-0.0424302741885,-0.365154713392
1778096274,0.489215821028,-0.0476037524641,0.43264734745,0.49470064044,-0.0507142692804,0.339709490538,0.508900165558,-0.0486060492694,0.241326034069,0.525606989861,-0.0447194389999,0.141927137971,0.542993187904,-0.0400795117021,0.0460375249386,0.563256978989,-0.0327535644174,-0.0489023625851,0.583300352097,-0.0240921229124,-0.147530168295,0.60598897934,-0.0156451277435,-0.24154573679,0.630900502205,-0.00499483989552,-0.3597022295,0.579653143883,-0.039551563561,-0.365154713392
1778096274.01,0.489288508892,-0.0439171679318,0.431541860104,0.49416539073,-0.0483596473932,0.339097201824,0.508214354515,-0.0455996505916,0.240019991994,0.523828625679,-0.0423412322998,0.141717731953,0.540835976601,-0.0372790470719,0.0450418591499,0.560220360756,-0.0285380091518,-0.047439172864,0.578877091408,-0.0210499558598,-0.15091496706,0.60174870491,-0.0125897526741,-0.243671894073,0.624542593956,-0.00224764202721,-0.36144387722,0.575167059898,-0.0366728566587,-0.365154713392
1778096274.02,0.489393621683,-0.04071611166,0.430657923222,0.494378715754,-0.0447711423039,0.337162047625,0.507617473602,-0.0424829944968,0.239041954279,0.522387385368,-0.0389464683831,0.14058573544,0.538987994194,-0.0338524617255,0.0434309244156,0.558626174927,-0.0274445600808,-0.0507328510284,0.575440406799,-0.0179213769734,-0.152045398951,0.597438573837,-0.00997818633914,-0.246388494968,0.619031667709,0.000697675161064,-0.364594429731,0.570608258247,-0.0337941497564,-0.365154713392
1778096274.03,0.48955950141,-0.0367773100734,0.429573357105,0.494155555964,-0.0416927039623,0.336540311575,0.506848573685,-0.0396666862071,0.238437026739,0.521644353867,-0.0355311147869,0.138959601521,0.53713619709,-0.0308316592127,0.0423416569829,0.555267572403,-0.0240757558495,-0.0527257621288,0.572766065598,-0.0161422174424,-0.151672959328,0.593091607094,-0.00735681550577,-0.248116791248,0.612814068794,0.00317494058982,-0.366247534752,0.565980315208,-0.0309154428542,-0.365154713392
1778096274.04,0.489719867706,-0.0334415026009,0.428715527058,0.493859678507,-0.0382989160717,0.335294961929,0.506981015205,-0.0356175303459,0.236357301474,0.520932674408,-0.0322472602129,0.137464120984,0.535321235657,-0.0274753011763,0.0420738831162,0.553190588951,-0.020455699414,-0.0559809803963,0.568542599678,-0.0120929200202,-0.155490607023,0.588514447212,-0.00425388757139,-0.249396264553,0.606577396393,0.00569588597864,-0.36830329895,0.561287403107,-0.0280367359519,-0.365154713392
1778096274.05,0.489914923906,-0.0291521381587,0.4277330935,0.493743985891,-0.0349151864648,0.334371685982,0.506290435791,-0.0327730327845,0.23573744297,0.519548654556,-0.0292264148593,0.136894255877,0.533826470375,-0.0245311930776,0.0398473143578,0.550180673599,-0.0182182658464,-0.0558768510818,0.564540743828,-0.00957429222763,-0.156359732151,0.582686781883,-0.00184406875633,-0.251073658466,0.600027084351,0.00809666514397,-0.370452731848,0.556533098221,-0.025158027187,-0.365154713392
1778096274.06,0.490070343018,-0.0253488793969,0.426874786615,0.493864864111,-0.0313475057483,0.333224236965,0.505999088287,-0.0291546061635,0.234731957316,0.518586754799,-0.0252157989889,0.135723769665,0.532083630562,-0.0204886347055,0.0385911464691,0.5477861166,-0.0132248122245,-0.0602770149708,0.561205387115,-0.0062548276037,-0.158415675163,0.577432632446,0.00113018043339,-0.25270357728,0.593434214592,0.0103256683797,-0.372793912888,0.551721453667,-0.0222793202847,-0.365154713392
1778096274.07,0.490223705769,-0.0214737690985,0.42604970932,0.493958204985,-0.0274129826576,0.332073032856,0.505559206009,-0.0254213307053,0.233437657356,0.517911911011,-0.0218652635813,0.134609565139,0.530833601952,-0.0169740766287,0.0369040891528,0.544942140579,-0.0109434500337,-0.0594402551651,0.557118654251,-0.00365753029473,-0.158409923315,0.572793960571,0.00356348976493,-0.255053758621,0.586746931076,0.0125456620008,-0.374853849411,0.54685652256,-0.0194006115198,-0.365154713392
1778096274.08,0.490310609341,-0.0190133526921,0.425568699837,0.49377861619,-0.0238863639534,0.331185460091,0.505014419556,-0.0213954653591,0.232550501823,0.516649723053,-0.0179566945881,0.133739382029,0.528858065605,-0.0136372391135,0.0357326567173,0.541669726372,-0.00583991967142,-0.0636452287436,0.552715659142,0.000246310606599,-0.161803930998,0.566615700722,0.00625559967011,-0.255954414606,0.579953193665,0.0143434777856,-0.376727432013,0.541942238808,-0.0165219046175,-0.365154713392
1778096274.09,0.490437597036,-0.0135658476502,0.424535930157,0.493543237448,-0.0201326981187,0.330519914627,0.504740953445,-0.0173044167459,0.231303662062,0.515621066093,-0.0144163062796,0.132742241025,0.526923894882,-0.0100066838786,0.0351980626583,0.538971304893,-0.00403333781287,-0.0616194307804,0.548995614052,0.00290295109153,-0.163177460432,0.561801791191,0.00886494573206,-0.258813560009,0.572958230972,0.0168378446251,-0.377851724625,0.536982774734,-0.0136431977153,-0.365154713392
1778096274.1,0.490497261286,-0.0103998510167,0.424001425505,0.493771642447,-0.016750914976,0.329749882221,0.504035592079,-0.0135667501017,0.230790793896,0.514511466026,-0.0099370079115,0.131434753537,0.525243520737,-0.00526642194018,0.0334004983306,0.535521149635,-0.000340635189787,-0.06226991117,0.54508960247,0.0053580077365,-0.163204014301,0.556180000305,0.0117655880749,-0.259081333876,0.565882921219,0.018044738099,-0.379810065031,0.531982183456,-0.010764490813,-0.365154713392
1778096274.11,0.49055570364,-0.00632628705353,0.423374801874,0.493358582258,-0.0122858081013,0.32884657383,0.503281354904,-0.00950220040977,0.23014511168,0.512932300568,-0.00590911414474,0.130861535668,0.52255153656,-0.00187375838868,0.0330592468381,0.532820820808,0.00290487660095,-0.0638557672501,0.541222691536,0.00837999209762,-0.164539575577,0.550434947014,0.0136811230332,-0.260351270437,0.558809995651,0.0198293924332,-0.382256984711,0.526944518089,-0.00788578297943,-0.365154713392
1778096274.12,0.490563899279,-0.00156735267956,0.422661334276,0.493521660566,-0.0084431245923,0.327968120575,0.502848148346,-0.00544146168977,0.228837609291,0.511701107025,-0.00208963965997,0.130056768656,0.520218610764,0.00182261038572,0.031740821898,0.529693841934,0.00655202381313,-0.0659863352776,0.536080598831,0.0113772060722,-0.163441538811,0.54512488842,0.0162919890136,-0.262699604034,0.551451563835,0.0220995713025,-0.384026348591,0.521874070168,-0.00500707514584,-0.365154713392
1778096274.13,0.490516990423,0.00261961645447,0.422144711018,0.492893487215,-0.00454967096448,0.327658474445,0.502103447914,-0.00160406017676,0.228072822094,0.510565638542,0.00191221712157,0.128652796149,0.517805337906,0.00571002997458,0.0314589813352,0.526391625404,0.0097435079515,-0.0661178082228,0.531638979912,0.0145728010684,-0.165215015411,0.539152145386,0.0188822522759,-0.26339840889,0.543947696686,0.0233832933009,-0.386022150517,0.516775012016,-0.00212836777791,-0.365154713392
1778096274.14,0.490419507027,0.00670306943357,0.421697109938,0.492560952902,-0.000440791714936,0.327081084251,0.500655651093,0.00259417621419,0.228067800403,0.508547306061,0.00578126590699,0.128420263529,0.515658736229,0.00957515463233,0.030362598598,0.522740721703,0.0130578260869,-0.0668835937977,0.526635885239,0.017602302134,-0.165858954191,0.533377289772,0.0212173033506,-0.265072077513,0.536356449127,0.0249272417277,-0.38603490591,0.51165163517,0.000750339590013,-0.365154713392
1778096274.15,0.490271866322,0.0106899999082,0.421310722828,0.492233663797,0.00301235727966,0.326340645552,0.49957844615,0.00657173711807,0.227365717292,0.50664961338,0.00954583287239,0.127574324608,0.512710928917,0.013482440263,0.0294782519341,0.519024372101,0.0166596565396,-0.0676949322224,0.522562980652,0.0210842639208,-0.169348448515,0.526855349541,0.0237047486007,-0.265641063452,0.529143214226,0.0260499380529,-0.386835575104,0.506507992744,0.00362904695794,-0.365154713392
1778096274.16,0.490050554276,0.0147513290867,0.420981138945,0.491661161184,0.00752020440996,0.325660705566,0.498471409082,0.010377346538,0.22665117681,0.504970669746,0.0137798842043,0.126666501164,0.50971865654,0.0169806070626,0.028849683702,0.514536619186,0.0208365190774,-0.0678530782461,0.517866253853,0.0232376623899,-0.169470369816,0.521231651306,0.0254908781499,-0.266738563776,0.521230101585,0.0276914015412,-0.388163626194,0.501348614693,0.00650775432587,-0.365154713392
1778096274.17,0.489890426397,0.0171108953655,0.42080655694,0.491130560637,0.0113916508853,0.32499730587,0.497243434191,0.0143592674285,0.225659936666,0.502880573273,0.0172650422901,0.126102045178,0.506419897079,0.0203746426851,0.0289798974991,0.510952472687,0.0246575083584,-0.0713503956795,0.512893795967,0.0257064979523,-0.169494092464,0.515036821365,0.0281345508993,-0.267389625311,0.514090776443,0.0284768976271,-0.389268875122,0.496177524328,0.00938646215945,-0.365154713392
1778096274.18,0.489428371191,0.0226355008781,0.420428693295,0.490246444941,0.0150762908161,0.325354665518,0.495793253183,0.0178238432854,0.224999204278,0.499992102385,0.0211845487356,0.125800147653,0.503324627876,0.023567289114,0.0282177403569,0.506941437721,0.0267406124622,-0.0701434165239,0.508021473885,0.0283628180623,-0.171543955803,0.50880920887,0.0300106443465,-0.267911404371,0.506871819496,0.03088446334,-0.390652537346,0.490999132395,0.012265169993,-0.365154713392
1778096274.19,0.489043742418,0.0266334656626,0.420235037804,0.489501982927,0.0188024993986,0.324665546417,0.493996292353,0.0220586210489,0.225309789181,0.497306257486,0.0246549472213,0.125418633223,0.500149250031,0.0273858942091,0.0273195579648,0.502502918243,0.0293144546449,-0.0703812837601,0.503130555153,0.0313802957535,-0.172068834305,0.502676606178,0.0323088206351,-0.268832176924,0.499208420515,0.0321945734322,-0.390632390976,0.485817760229,0.0151438768953,-0.365154713392
1778096274.2,0.488503605127,0.0312714129686,0.420072078705,0.488697499037,0.0229083988816,0.323818862438,0.492393642664,0.0255225785077,0.224605172873,0.494624167681,0.0279375389218,0.125203028321,0.496288925409,0.0307898595929,0.0273749530315,0.498088926077,0.033619813621,-0.0732098519802,0.49754473567,0.0339746139944,-0.172423690557,0.497079342604,0.0343810804188,-0.269670158625,0.491949945688,0.0337618812919,-0.390993654728,0.480637580156,0.0180225837976,-0.365154713392
1778096274.21,0.488086819649,0.0344449058175,0.419996529818,0.48726156354,0.0266086421907,0.324277281761,0.490225106478,0.0290801748633,0.224491268396,0.491870611906,0.0317222438753,0.124911122024,0.492749541998,0.0336851105094,0.0270659923553,0.49353787303,0.0353923477232,-0.0711910128593,0.490916460752,0.0364108383656,-0.170015633106,0.490813583136,0.0361455120146,-0.269691586494,0.484949678183,0.034941509366,-0.391543626785,0.47546300292,0.0209012925625,-0.365154713392
1778096274.22,0.487740397453,0.0367970652878,0.419936269522,0.486580640078,0.0302355960011,0.323118567467,0.48829600215,0.0326423682272,0.224298477173,0.489255160093,0.0345202535391,0.124368913472,0.488837331533,0.0367373377085,0.0266695618629,0.489341586828,0.0392326489091,-0.0740345269442,0.485511094332,0.0383917503059,-0.170431047678,0.484465867281,0.0382820367813,-0.269759684801,0.477697461843,0.0364108048379,-0.391421437263,0.47029826045,0.0237799994648,-0.365154713392
1778096274.23,0.486815959215,0.0420975089073,0.419851362705,0.485079616308,0.0335348770022,0.323668420315,0.48627153039,0.0360037833452,0.224063545465,0.486124128103,0.0377586744726,0.124414891005,0.485048681498,0.0396878235042,0.0259311646223,0.484571307898,0.0411834307015,-0.0737586468458,0.479904860258,0.0406487844884,-0.170990556479,0.478047460318,0.0400189459324,-0.269994020462,0.47087970376,0.0396848358214,-0.39302778244,0.465147703886,0.026658706367,-0.365154713392
1778096274.24,0.486022353172,0.0459616631269,0.419822096825,0.483550876379,0.0376575067639,0.323740720749,0.484158664942,0.0393365249038,0.223860546947,0.483081251383,0.0406810306013,0.124498426914,0.480857640505,0.0424841828644,0.0260916575789,0.479211658239,0.0428204424679,-0.0719177871943,0.474878102541,0.0424865297973,-0.171475887299,0.472033113241,0.0418802462518,-0.269679367542,0.463459581137,0.0412358753383,-0.393250644207,0.460015445948,0.0295374132693,-0.365154713392
1778096274.25,0.485328197479,0.048903811723,0.419803619385,0.481901913881,0.0407641455531,0.323772966862,0.48179975152,0.0425107255578,0.223481595516,0.479921787977,0.0435886345804,0.123984821141,0.47691270709,0.0447154194117,0.0259936451912,0.473926752806,0.0456791445613,-0.0714211165905,0.469593673944,0.044492252171,-0.171740800142,0.465821236372,0.0442108809948,-0.26946797967,0.456958442926,0.0421980805695,-0.392342984676,0.454905897379,0.0324161201715,-0.365154713392
1778096274.26,0.483996152878,0.0539336241782,0.419796019793,0.480929523706,0.0447685979307,0.322929382324,0.479574888945,0.0456868708134,0.223350599408,0.476307481527,0.0467176437378,0.124240301549,0.473069995642,0.0472322925925,0.026073127985,0.469503849745,0.0472832620144,-0.0723307430744,0.463458389044,0.0472929477692,-0.170797675848,0.458967775106,0.0449745617807,-0.270974248648,0.450180321932,0.0442623160779,-0.392949283123,0.449823230505,0.0352948307991,-0.365154713392
1778096274.27,0.483278661966,0.0564807169139,0.419821292162,0.479205399752,0.0480413734913,0.323224395514,0.47684392333,0.0489329397678,0.223615467548,0.473430901766,0.0492889359593,0.123769342899,0.468663543463,0.0498769581318,0.0264215543866,0.464932233095,0.0497167371213,-0.0721182376146,0.458439677954,0.0489767044783,-0.171466082335,0.452778607607,0.0471863821149,-0.270251661539,0.442871004343,0.0446733236313,-0.390863120556,0.444771617651,0.0381735377014,-0.365154713392
1778096274.28,0.482102245092,0.0603070743382,0.419889301062,0.477545887232,0.0508757717907,0.323553860188,0.474601238966,0.0517773553729,0.223159074783,0.469532936811,0.0519239380956,0.124251738191,0.464370578527,0.0523502938449,0.0268355384469,0.45964166522,0.0516874976456,-0.0719966441393,0.452424019575,0.0511474572122,-0.170383095741,0.446983605623,0.0478571392596,-0.270569562912,0.436215132475,0.0470374301076,-0.390519320965,0.439755290747,0.0410522446036,-0.365154713392
1778096274.29,0.480950534344,0.0638850107789,0.420008987188,0.475758463144,0.0542251877487,0.323757767677,0.472267061472,0.0546952523291,0.223397150636,0.46650531888,0.0547269545496,0.124231494963,0.46025082469,0.0542539283633,0.0270109698176,0.454510420561,0.0546345077455,-0.0703844130039,0.447142332792,0.0528630837798,-0.170141458511,0.44085457921,0.0507807396352,-0.270179122686,0.429495602846,0.0491981990635,-0.391048073769,0.434778422117,0.0439309515059,-0.365154713392
1778096274.3,0.479719638824,0.0674700737,0.420179158449,0.47438660264,0.0575154908001,0.323006868362,0.469362765551,0.0575276315212,0.223862141371,0.463284224272,0.0569637045264,0.12393695116,0.456046193838,0.0566110275686,0.0270070061088,0.450358301401,0.0556421428919,-0.0713556706905,0.442058950663,0.0540218837559,-0.170932531357,0.435049504042,0.0517082288861,-0.269627690315,0.423502117395,0.0500848665833,-0.39019036293,0.429845064878,0.0468096584082,-0.365154713392
1778096274.31,0.478425145149,0.0708658248186,0.420376956463,0.472258597612,0.0605644956231,0.323513865471,0.466904252768,0.0601604133844,0.22366720438,0.459798902273,0.0592680424452,0.124519988894,0.4527554214,0.0581214427948,0.0269557833672,0.445540815592,0.0576087124646,-0.071529045701,0.435900598764,0.0567000731826,-0.16970282793,0.429199129343,0.0544551387429,-0.269651979208,0.417098850012,0.052253074944,-0.390278995037,0.424959391356,0.0496883653104,-0.365154713392
1778096274.32,0.477052718401,0.0742895975709,0.420662760735,0.470078796148,0.0637039393187,0.323596984148,0.464142113924,0.0625285878778,0.22394874692,0.456657856703,0.0617496669292,0.124532990158,0.44800516963,0.0610330402851,0.027404949069,0.44123801589,0.0596034005284,-0.0708139538765,0.430988222361,0.0582050904632,-0.168981850147,0.42349126935,0.0556632503867,-0.269263416529,0.410596936941,0.053170222789,-0.38929349184,0.420125454664,0.0525670722127,-0.365154713392
1778096274.33,0.475780844688,0.077276289463,0.420915454626,0.468209475279,0.0666766613722,0.324256062508,0.461452871561,0.0656096190214,0.22449028492,0.453785985708,0.0640958696604,0.124693997204,0.444797307253,0.0619863122702,0.0272744894028,0.436185330153,0.0620095133781,-0.0713271200657,0.425767928362,0.0602801069617,-0.16845458746,0.41764870286,0.0576357021928,-0.268305033445,0.40419664979,0.055772729218,-0.388625144958,0.415347129107,0.0554457828403,-0.365154713392
1778096274.34,0.474200218916,0.0807654038072,0.421260416508,0.466696888208,0.0696813836694,0.323991477489,0.458720475435,0.0679981485009,0.224813252687,0.449738830328,0.0661173760891,0.126039177179,0.441123694181,0.0644927024841,0.027630187571,0.432262629271,0.0637937709689,-0.0707585960627,0.421283513308,0.0618041232228,-0.168462216854,0.412354975939,0.0597115084529,-0.267464339733,0.39792355895,0.0580011941493,-0.387961745262,0.410628527403,0.0583244897425,-0.365154713392
1778096274.35,0.472718298435,0.0840214341879,0.421652644873,0.464618235826,0.0728535950184,0.323944658041,0.456259399652,0.0707502439618,0.225118532777,0.446759074926,0.0684480965137,0.126076862216,0.437036544085,0.0665798708797,0.0287818014622,0.428053826094,0.0653030350804,-0.0692917406559,0.416654139757,0.0636969357729,-0.168080061674,0.407251566648,0.0617979243398,-0.267785698175,0.391845017672,0.0598320364952,-0.386989176273,0.405973464251,0.0612031966448,-0.365154713392
1778096274.36,0.471520990133,0.0865403339267,0.422000646591,0.462980955839,0.0754245594144,0.324536263943,0.453817874193,0.0732321292162,0.225335597992,0.443727523088,0.0708100348711,0.126337349415,0.43367895484,0.068729095161,0.028706304729,0.423805683851,0.0672718808055,-0.0683904290199,0.411872476339,0.0659112855792,-0.167228251696,0.401926010847,0.0634257644415,-0.266727596521,0.386518865824,0.0613173618913,-0.386917948723,0.401385873556,0.0640819072723,-0.365154713392
1778096274.37,0.469714552164,0.0901522189379,0.422562330961,0.460331827402,0.0784924551845,0.325404465199,0.451320797205,0.0760760754347,0.226161658764,0.440750747919,0.0735571458936,0.126675337553,0.430168956518,0.0706118568778,0.0296681672335,0.419564396143,0.0695456638932,-0.0680491775274,0.407144576311,0.0676834881306,-0.166459739208,0.397069245577,0.0654392018914,-0.266366869211,0.380212455988,0.0637915730476,-0.385169506073,0.396869450808,0.0669606104493,-0.365154713392
1778096274.38,0.468480825424,0.0926643610001,0.422970116138,0.458649069071,0.0814807340503,0.325910568237,0.448966652155,0.0787257477641,0.226527035236,0.437877088785,0.0756668969989,0.127325728536,0.426901131868,0.0734011307359,0.030356451869,0.416078776121,0.0715373381972,-0.0674030333757,0.403148025274,0.0695970132947,-0.165998399258,0.391798883677,0.0673849582672,-0.265587836504,0.374912112951,0.0651866346598,-0.384939789772,0.392428070307,0.0698393210769,-0.365154713392
1778096274.39,0.46664083004,0.0962777286768,0.423631578684,0.456747978926,0.0840922370553,0.326479375362,0.44679453969,0.0815685465932,0.226776063442,0.435077399015,0.0782560557127,0.127880945802,0.423832505941,0.0752997100353,0.0310306474566,0.412207454443,0.0739272460341,-0.0665946900845,0.398462206125,0.0717811509967,-0.165080308914,0.386906117201,0.0692711099982,-0.264646887779,0.369391411543,0.0674901232123,-0.38422781229,0.388065308332,0.0727180242538,-0.365154713392
1778096274.4,0.465248018503,0.0989292636514,0.424179166555,0.455027848482,0.0870353057981,0.326398253441,0.444467455149,0.0839036628604,0.227412879467,0.432345539331,0.0808224529028,0.128550052643,0.420534819365,0.0779014751315,0.0312237888575,0.408070355654,0.0763547495008,-0.0666749924421,0.395056217909,0.0734885185957,-0.164662629366,0.382522433996,0.071257352829,-0.263997077942,0.36368444562,0.0696476027369,-0.382873475552,0.383784800768,0.0755967348814,-0.365154713392
1778096274.41,0.464001744986,0.101323232055,0.424698978662,0.453452795744,0.0899479165673,0.327119529247,0.442421764135,0.0866197794676,0.22793340683,0.430083483458,0.0834558010101,0.128881439567,0.417493015528,0.0804872438312,0.0320964902639,0.405211597681,0.0780401229858,-0.0652559399605,0.390899032354,0.0759011283517,-0.16355574131,0.377821177244,0.0741967260838,-0.262847214937,0.358983546495,0.0713372528553,-0.382542908192,0.379590123892,0.0784754380584,-0.365154713392
1778096274.42,0.462010651827,0.105134658515,0.425567448139,0.451477557421,0.0930133610964,0.32791107893,0.440029650927,0.0899235233665,0.22904381156,0.427466839552,0.08621121943,0.129727736115,0.414796918631,0.0828522443771,0.0328752100468,0.401845425367,0.0808816477656,-0.0645518600941,0.386807113886,0.0784242227674,-0.162086337805,0.373433202505,0.0753933116794,-0.261699765921,0.353622704744,0.0734946727753,-0.380627572536,0.375484734774,0.0813541486859,-0.365154713392
1778096274.43,0.460528612137,0.107898756862,0.426257640123,0.449849337339,0.0957010239363,0.328481405973,0.438213020563,0.0924640595913,0.229146435857,0.425359517336,0.0888939499855,0.13072308898,0.412061959505,0.0854198783636,0.0340627133846,0.398565024137,0.0831732228398,-0.0636541098356,0.383478432894,0.0805196613073,-0.161641478539,0.369397372007,0.0779005214572,-0.260927706957,0.348952621222,0.0752087906003,-0.379389822483,0.371472030878,0.0842328593135,-0.365154713392
1778096274.44,0.458769440651,0.111173592508,0.427126049995,0.448339194059,0.0982992872596,0.328784793615,0.436412006617,0.0951248779893,0.229910105467,0.423124998808,0.0914600417018,0.131139203906,0.409583896399,0.0884981304407,0.0347244590521,0.395537465811,0.0857969745994,-0.0624564886093,0.379702240229,0.0835025459528,-0.160121828318,0.365765124559,0.0792224854231,-0.259457111359,0.345094174147,0.0768864899874,-0.378688931465,0.367555350065,0.0871115624905,-0.365154713392
1778096274.45,0.457624793053,0.113341495395,0.427718281746,0.446199029684,0.101175740361,0.329923272133,0.434550791979,0.0980897545815,0.230759322643,0.420519441366,0.0947126075625,0.132639154792,0.406965225935,0.0911146253347,0.0349335595965,0.392945080996,0.0885191336274,-0.061955794692,0.376640707254,0.0853855758905,-0.159823566675,0.361694127321,0.0824051126838,-0.258623987436,0.339924007654,0.0789889469743,-0.37718474865,0.363737910986,0.089990273118,-0.365154713392
1778096274.46,0.456255346537,0.115866944194,0.428455740213,0.444925755262,0.103946752846,0.330604195595,0.432389229536,0.101027354598,0.231420516968,0.418726295233,0.0971148684621,0.132825955749,0.40454056859,0.0938200578094,0.0362672805786,0.390059381723,0.0914440006018,-0.0608974695206,0.373196035624,0.0882828980684,-0.158667802811,0.35774537921,0.0839206054807,-0.257756859064,0.335741609335,0.0812592431903,-0.376132547855,0.360022932291,0.092868976295,-0.365154713392
1778096274.47,0.454908818007,0.118364818394,0.429228901863,0.443787783384,0.106696821749,0.331144630909,0.431099325418,0.103587470949,0.232182905078,0.416833132505,0.100024826825,0.133827477694,0.402284413576,0.096683844924,0.0366318151355,0.386838763952,0.0952544957399,-0.058492526412,0.370225101709,0.0901462212205,-0.157833009958,0.353815644979,0.0882148221135,-0.256234079599,0.332039266825,0.0827257558703,-0.375547707081,0.356413394213,0.0957476869226,-0.365154713392
1778096274.48,0.45369720459,0.120694600046,0.429991990328,0.442163616419,0.109282635152,0.331886172295,0.428866237402,0.106578484178,0.233308687806,0.41469720006,0.102754741907,0.134876132011,0.400088578463,0.0992387384176,0.0377211868763,0.384816795588,0.0967118144035,-0.0588748604059,0.367562144995,0.0928030535579,-0.156796753407,0.350990146399,0.0890134647489,-0.25554060936,0.327353179455,0.0855424553156,-0.37353593111,0.352912396193,0.0986263900995,-0.365154713392
1778096274.49,0.452282845974,0.123430475593,0.430867224932,0.440632134676,0.112030349672,0.332474380732,0.427395135164,0.109424442053,0.234269887209,0.41304025054,0.105269238353,0.135421425104,0.398005694151,0.102046631277,0.0388800948858,0.38189586997,0.099890857935,-0.0574816912413,0.364885896444,0.0959561765194,-0.15518283844,0.34764328599,0.0912156701088,-0.253956317902,0.323917925358,0.0872449427843,-0.372890383005,0.349522799253,0.101505100727,-0.365154713392
1778096274.5,0.451069504023,0.125844344497,0.431639820337,0.4394736588,0.114509783685,0.333401739597,0.425660997629,0.111895270646,0.235034450889,0.411156088114,0.108190983534,0.136201620102,0.395742446184,0.105391852558,0.0400122478604,0.380233556032,0.103555984795,-0.055781468749,0.362617462873,0.0980360582471,-0.154925256968,0.344583123922,0.0943155065179,-0.253158718348,0.320922136307,0.0893947035074,-0.371751695871,0.346247404814,0.104383811355,-0.365154713392
1778096274.51,0.450253754854,0.127555370331,0.432203054428,0.438002079725,0.117311894894,0.334338754416,0.424670487642,0.114469185472,0.235300987959,0.409675329924,0.111349567771,0.136898368597,0.394044011831,0.107703611255,0.0407695025206,0.377783447504,0.105205968022,-0.0563691705465,0.359987705946,0.100748233497,-0.153785169125,0.342173010111,0.0965099558234,-0.25219258666,0.317218124866,0.0913720801473,-0.370349735022,0.343088954687,0.107262514532,-0.365154713392
1778096274.52,0.448764503002,0.130684003234,0.433233469725,0.436478644609,0.120069406927,0.335452675819,0.423059910536,0.117173485458,0.236538738012,0.40798547864,0.114174753428,0.137784034014,0.391837447882,0.11050388962,0.0414331406355,0.375766187906,0.108064211905,-0.05555562675,0.357131808996,0.10341668874,-0.153093904257,0.339169830084,0.098994217813,-0.251610964537,0.313402801752,0.0944624319673,-0.369334489107,0.340050011873,0.110141225159,-0.365154713392
1778096274.53,0.447896063328,0.132507562637,0.433865725994,0.435475438833,0.122280701995,0.336113929749,0.421871691942,0.119820863008,0.237381011248,0.406274169683,0.116813898087,0.138937592506,0.3902528584,0.113675229251,0.0423561111093,0.373863309622,0.110786981881,-0.0540362745523,0.355070263147,0.106485128403,-0.151275664568,0.336747437716,0.100927345455,-0.250039219856,0.311255931854,0.0952620282769,-0.36750921607,0.337133139372,0.113019928336,-0.365154713392
1778096274.54,0.446658343077,0.135232299566,0.434782803059,0.434328526258,0.124677628279,0.336367249489,0.420272320509,0.122490778565,0.238027855754,0.404754906893,0.119536809623,0.139722630382,0.388729542494,0.116703428328,0.0431744009256,0.372187465429,0.113060623407,-0.0534748286009,0.352977722883,0.107505731285,-0.151101827621,0.334446161985,0.103716753423,-0.248800188303,0.308579981327,0.0990092679858,-0.366819441319,0.334340721369,0.115898638964,-0.365154713392
1778096274.55,0.446062356234,0.136586949229,0.435229212046,0.432894378901,0.127250000834,0.337842345238,0.418951481581,0.125205487013,0.238996058702,0.403120428324,0.122272357345,0.140800207853,0.387152642012,0.119233325124,0.043957144022,0.370264142752,0.1156302616,-0.0524801164865,0.351190954447,0.110097929835,-0.150237798691,0.332059055567,0.106396019459,-0.247633069754,0.305581599474,0.100926838815,-0.365244626999,0.331675082445,0.118777342141,-0.365154713392
1778096274.56,0.444720804691,0.139719948173,0.436211228371,0.432494908571,0.129601806402,0.338249802589,0.418147832155,0.127474233508,0.239584416151,0.40205308795,0.124864861369,0.141457632184,0.385450214148,0.121930718422,0.045248478651,0.368214517832,0.118321456015,-0.0516176819801,0.348200529814,0.113490633667,-0.150773078203,0.330185681581,0.109181195498,-0.246765255928,0.303704291582,0.103256739676,-0.364338457584,0.329138427973,0.121656060219,-0.365154713392
1778096274.57,0.443803489208,0.14194534719,0.436831921339,0.431151598692,0.132161572576,0.338761270046,0.416456192732,0.130154117942,0.240712314844,0.400645464659,0.127354487777,0.14209754765,0.383805245161,0.12435606122,0.0460433065891,0.36711153388,0.120951473713,-0.0508273988962,0.346289783716,0.116078227758,-0.149503588676,0.328357964754,0.11219804734,-0.245675176382,0.301451176405,0.106377273798,-0.363944143057,0.326732903719,0.124534755945,-0.365154713392
1778096274.58,0.44292640686,0.144065186381,0.437393814325,0.430241912603,0.134046405554,0.339835762978,0.415785104036,0.132224157453,0.241255670786,0.399486750364,0.129664704204,0.142975896597,0.382340162992,0.126857042313,0.0469203144312,0.365257531404,0.123510509729,-0.0499203056097,0.344506472349,0.118756212294,-0.147928714752,0.326411247253,0.11469951272,-0.245497614145,0.299691617489,0.108590729535,-0.362760215998,0.324460446835,0.127413466573,-0.365154713392
1778096274.59,0.442072927952,0.146133169532,0.437909036875,0.429223328829,0.136123791337,0.340659320354,0.414709061384,0.13470262289,0.242098242044,0.39813092351,0.131995916367,0.144002109766,0.381151169538,0.129543870687,0.0477770492435,0.362986057997,0.126819238067,-0.049443334341,0.342147678137,0.122867301106,-0.148012906313,0.325255185366,0.116960339248,-0.24434235692,0.298242419958,0.110974915326,-0.361503452063,0.322322964668,0.1302921772,-0.365154713392
1778096274.6,0.441228836775,0.148194611073,0.438364386559,0.428548067808,0.13837467134,0.341218352318,0.413366466761,0.136602386832,0.242698311806,0.396925598383,0.134233012795,0.144599676132,0.380037099123,0.131435841322,0.04821421206,0.361811488867,0.128623306751,-0.04963080585,0.341958612204,0.123660281301,-0.147056668997,0.323439151049,0.120198182762,-0.243710488081,0.296536505222,0.114117898047,-0.360856384039,0.320322245359,0.133170887828,-0.365154713392
1778096274.61,0.440416306257,0.150242969394,0.438738048077,0.427449971437,0.140610232949,0.341792941093,0.41260650754,0.139174982905,0.243312627077,0.395452469587,0.13695718348,0.145343273878,0.378798395395,0.133945479989,0.04899854213,0.3607673347,0.132837921381,-0.045804426074,0.340720981359,0.12689383328,-0.146331995726,0.322356343269,0.122207358479,-0.243221670389,0.295016169548,0.118062503636,-0.36183437705,0.318459898233,0.136049583554,-0.365154713392
1778096274.62,0.439637631178,0.152258053422,0.439030379057,0.426553398371,0.142984911799,0.341907978058,0.411719709635,0.141271099448,0.243760839105,0.39488568902,0.138966470957,0.145721107721,0.377731531858,0.136261641979,0.0497209057212,0.360210090876,0.132703900337,-0.0473626703024,0.339684396982,0.128525823355,-0.146387845278,0.321583747864,0.125289157033,-0.242554426193,0.294712305069,0.119880415499,-0.360073506832,0.316737532616,0.138928294182,-0.365154713392
1778096274.63,0.438874363899,0.154287114739,0.439267575741,0.425828844309,0.144865065813,0.342634081841,0.410661488771,0.143299758434,0.244497358799,0.393988579512,0.140524536371,0.146234065294,0.376299470663,0.138624235988,0.0503087043762,0.359327942133,0.135442063212,-0.0465803593397,0.337118119001,0.132821381092,-0.145734757185,0.320589601994,0.128084734082,-0.242164850235,0.293840944767,0.123414844275,-0.361130237579,0.315156519413,0.141807004809,-0.365154713392
1778096274.64,0.438138395548,0.156296536326,0.439446479082,0.425049632788,0.146919220686,0.343461215496,0.409803360701,0.145203530788,0.245001971722,0.39315661788,0.142901957035,0.14675539732,0.375853270292,0.140316098928,0.0503826141357,0.358575075865,0.137735486031,-0.0463271588087,0.338050693274,0.133007735014,-0.144940882921,0.319725722075,0.129925638437,-0.241714179516,0.292706400156,0.127126306295,-0.360902279615,0.313718169928,0.144685715437,-0.365154713392
1778096274.65,0.437481313944,0.158113360405,0.439546912909,0.424453884363,0.148855015635,0.343384921551,0.409100621939,0.14701539278,0.245375320315,0.39245095849,0.14471013844,0.146963134408,0.375208348036,0.142296299338,0.0505626350641,0.357792526484,0.139502391219,-0.0458649992943,0.33567622304,0.138352006674,-0.145419716835,0.319108039141,0.133506909013,-0.241732805967,0.292789310217,0.128695607185,-0.359094262123,0.312423706055,0.147564426064,-0.365154713392
1778096274.66,0.436693429947,0.160365954041,0.439596742392,0.423517435789,0.150901630521,0.344129800797,0.408786565065,0.149096041918,0.245056316257,0.391819924116,0.146810024977,0.14713960886,0.374590843916,0.144476279616,0.0508405119181,0.357429295778,0.141293942928,-0.0457637906075,0.334790557623,0.140004917979,-0.146139383316,0.318983763456,0.13555470109,-0.241032749414,0.292916119099,0.131709128618,-0.358949929476,0.311274200678,0.150443121791,-0.365154713392
1778096274.67,0.436136871576,0.161972001195,0.439584434032,0.423054307699,0.152442887425,0.343987882137,0.40824380517,0.150920078158,0.245213851333,0.391348689795,0.148373842239,0.147341266274,0.374140232801,0.145851001143,0.0509098321199,0.357162684202,0.143780037761,-0.0455124229193,0.336634844542,0.140189260244,-0.144496917725,0.318930387497,0.137934908271,-0.241892248392,0.293140649796,0.134109601378,-0.359360069036,0.310270607471,0.153321832418,-0.365154713392
1778096274.68,0.435294479132,0.164364412427,0.439493238926,0.422302633524,0.154620289803,0.344226926565,0.407519906759,0.15243409574,0.245496049523,0.390775591135,0.150304749608,0.14732208848,0.373841792345,0.148437350988,0.051110483706,0.356545656919,0.146135404706,-0.0455234348774,0.334495157003,0.144954010844,-0.14537769556,0.317490249872,0.142451047897,-0.241895824671,0.293362349272,0.137984752655,-0.359620094299,0.309413731098,0.156200543046,-0.365154713392
1778096274.69,0.434586077929,0.166354373097,0.439381897449,0.4219391644,0.156916350126,0.343837946653,0.407024294138,0.154425948858,0.245614901185,0.390392869711,0.152294754982,0.147357016802,0.373648911715,0.150019958615,0.0509259328246,0.3563785851,0.148393452168,-0.04573610425,0.336390405893,0.145387515426,-0.144699364901,0.319231808186,0.143239542842,-0.241606026888,0.29324388504,0.141473799944,-0.359705239534,0.308704286814,0.159079253674,-0.365154713392
1778096274.7,0.433858335018,0.168344855309,0.439219474792,0.421236425638,0.158659085631,0.344024538994,0.406413882971,0.156490132213,0.245382979512,0.390102177858,0.154111742973,0.147022381425,0.373561710119,0.151552245021,0.0507795587182,0.35651871562,0.150914371014,-0.0474564731121,0.336504608393,0.149244248867,-0.142686992884,0.31969076395,0.145470023155,-0.241641521454,0.29472771287,0.143761217594,-0.360406905413,0.308142870665,0.161957964301,-0.365154713392
1778096274.71,0.433203697205,0.1701156497,0.439032793045,0.420231252909,0.160567015409,0.344194442034,0.405798882246,0.158792495728,0.245760455728,0.3897126019,0.156053081155,0.147227600217,0.3734190166,0.154337748885,0.0508872121572,0.356363803148,0.152365326881,-0.0456250458956,0.336865216494,0.150901600718,-0.145280063152,0.320086061954,0.14815685153,-0.24224537611,0.294664829969,0.147589892149,-0.360281288624,0.307729959488,0.164836660028,-0.365154713392
1778096274.72,0.432375192642,0.172354280949,0.438762128353,0.419828861952,0.162651970983,0.343950182199,0.405439764261,0.160401374102,0.245588466525,0.389786571264,0.157960698009,0.146890312433,0.373367279768,0.155632048845,0.0504814460874,0.357118159533,0.154652953148,-0.046377658844,0.33582803607,0.153781458735,-0.146299213171,0.320793569088,0.15130802989,-0.242428719997,0.296200305223,0.149430081248,-0.360881477594,0.307465881109,0.167715370655,-0.365154713392
1778096274.73,0.431616872549,0.174419015646,0.438488185406,0.419463843107,0.164511710405,0.343606829643,0.405077129602,0.162512600422,0.245100647211,0.389663785696,0.159749686718,0.146461948752,0.373840123415,0.157796174288,0.0499257966876,0.357119828463,0.159539580345,-0.0444752275944,0.33869895339,0.154771491885,-0.14597761631,0.321381360292,0.154305890203,-0.242508798838,0.296928584576,0.153499722481,-0.36103567481,0.307350844145,0.170594081283,-0.365154713392
1778096274.74,0.430931299925,0.176259845495,0.438229829073,0.419018059969,0.166378095746,0.343601793051,0.405064970255,0.163998812437,0.244502112269,0.389709323645,0.161711007357,0.146334543824,0.373914033175,0.160038590431,0.0498277395964,0.35822930932,0.158985689282,-0.0475413203239,0.33923843503,0.157337620854,-0.146320015192,0.322754353285,0.15737259388,-0.243610054255,0.298697680235,0.15665589273,-0.361970514059,0.307384967804,0.17347279191,-0.365154713392
1778096274.75,0.430086404085,0.178482949734,0.43789845705,0.418843597174,0.167995482683,0.343359768391,0.404847770929,0.16588267684,0.244389221072,0.389802902937,0.163776427507,0.14588662982,0.374348372221,0.16225746274,0.0490474626422,0.359165936708,0.161213442683,-0.0476707816124,0.33828112483,0.161721140146,-0.148233562708,0.323532819748,0.159384474158,-0.243471950293,0.300059407949,0.160047098994,-0.362218827009,0.307568222284,0.176351502538,-0.365154713392
1778096274.76,0.429294615984,0.180528074503,0.437600106001,0.41840031743,0.170302152634,0.342161417007,0.404727071524,0.168141290545,0.243837073445,0.390092283487,0.165878489614,0.145422935486,0.375080257654,0.164196521044,0.0486764460802,0.35992667079,0.163426145911,-0.0493912100792,0.341101974249,0.163549855351,-0.145392209291,0.325507730246,0.162368029356,-0.24485579133,0.302078932524,0.162361055613,-0.363477230072,0.307900458574,0.179230198264,-0.365154713392
1778096274.77,0.428568959236,0.182388365269,0.437299638987,0.417366653681,0.171837776899,0.342535316944,0.404510110617,0.170207172632,0.243364989758,0.390292197466,0.167991191149,0.144884422421,0.375564843416,0.166504412889,0.0482960417867,0.360746234655,0.166000202298,-0.048894867301,0.3406445086,0.167352363467,-0.149893045425,0.326930403709,0.164661616087,-0.244636952877,0.303751468658,0.166353240609,-0.363670200109,0.308381348848,0.182108908892,-0.365154713392
1778096274.78,0.427754342556,0.184438332915,0.436949402094,0.416653901339,0.174038797617,0.342186748981,0.404448479414,0.172139152884,0.243044018745,0.390552014112,0.170349106193,0.144255265594,0.376091510057,0.169293180108,0.047699443996,0.361990839243,0.168151646852,-0.0492729842663,0.342282861471,0.170071169734,-0.149999588728,0.328691929579,0.167813792825,-0.246182918549,0.305992186069,0.169663667679,-0.364597141743,0.309010565281,0.184987619519,-0.365154713392
1778096274.79,0.426817595959,0.186727926135,0.436578810215,0.416442841291,0.176154479384,0.341542512178,0.404041737318,0.174473896623,0.242706716061,0.390638500452,0.17266869545,0.144072845578,0.376964360476,0.171538949013,0.047330416739,0.362888723612,0.171299487352,-0.0502226054668,0.345520943403,0.17292073369,-0.147571474314,0.330613821745,0.171233803034,-0.24739292264,0.307981908321,0.172422856092,-0.365274846554,0.309787541628,0.187866330147,-0.365154713392
1778096274.8,0.426015526056,0.188618689775,0.436282217503,0.415427476168,0.178740650415,0.341693490744,0.403693348169,0.176660269499,0.242601275444,0.39094093442,0.174855113029,0.143355056643,0.377709060907,0.173873320222,0.0465299487114,0.364533573389,0.175173431635,-0.0496983379126,0.347938209772,0.173004046082,-0.149074971676,0.33283880353,0.173867151141,-0.247126728296,0.310535252094,0.175796329975,-0.365872442722,0.310711681843,0.190745025873,-0.365154713392
1778096274.81,0.425093948841,0.190740793943,0.435931533575,0.414939433336,0.180258646607,0.341205984354,0.404018908739,0.178839549422,0.241687044501,0.391384035349,0.176925823092,0.142801076174,0.37851408124,0.176476210356,0.0462244823575,0.365200728178,0.176859438419,-0.0511223077774,0.348019331694,0.17799320817,-0.150823682547,0.334911078215,0.177439808846,-0.24838283658,0.313384801149,0.178610831499,-0.367487162352,0.311782151461,0.193623736501,-0.365154713392
1778096274.82,0.42403626442,0.193126961589,0.435541182756,0.41431465745,0.182770505548,0.340919166803,0.402961522341,0.181660473347,0.241947650909,0.391814380884,0.179666817188,0.142658114433,0.379373818636,0.179118663073,0.045312769711,0.366500467062,0.179192826152,-0.0520788878202,0.352850288153,0.178487733006,-0.149666905403,0.3370051682,0.179623886943,-0.248479962349,0.316400378942,0.181809946895,-0.368626147509,0.312998116016,0.196502447128,-0.365154713392
1778096274.83,0.423163175583,0.195035919547,0.435220360756,0.413881391287,0.184660613537,0.340029358864,0.403474360704,0.18325433135,0.241035729647,0.3923830688,0.182355433702,0.142397150397,0.379739433527,0.182387366891,0.0453967675567,0.367850035429,0.182305321097,-0.0526217371225,0.353802472353,0.182255581021,-0.150838166475,0.339461058378,0.183477804065,-0.249763607979,0.319363385439,0.184844791889,-0.369143605232,0.314358532429,0.199381157756,-0.365154713392
1778096274.84,0.422052025795,0.19736777246,0.434827208519,0.412712961435,0.187132999301,0.340246319771,0.403575628996,0.185646787286,0.240295022726,0.392326027155,0.184912547469,0.141707986593,0.380820125341,0.185034319758,0.0442954823375,0.369651049376,0.185085505247,-0.0533090978861,0.355042368174,0.18634916842,-0.150430142879,0.342126697302,0.186652094126,-0.250685304403,0.322727918625,0.187846124172,-0.370009541512,0.315862327814,0.202259868383,-0.365154713392
1778096274.85,0.420976132154,0.1995344311,0.434464812279,0.412221044302,0.189093932509,0.339803904295,0.402591437101,0.188708797097,0.24047754705,0.392542570829,0.187846332788,0.1412537992,0.382089167833,0.187363997102,0.0438550487161,0.371159166098,0.188208505511,-0.0539266914129,0.35743829608,0.189077839255,-0.151815056801,0.34445938468,0.189563691616,-0.251185894012,0.326054602861,0.191086128354,-0.371379494667,0.31750819087,0.20513856411,-0.365154713392
1778096274.86,0.419854968786,0.201725527644,0.434088379145,0.411589711905,0.191663756967,0.339468717575,0.402852922678,0.190851405263,0.239745944738,0.392639607191,0.19082775712,0.141182467341,0.382472544909,0.190193608403,0.0434208661318,0.372370749712,0.191210076213,-0.0543634742498,0.359609097242,0.191885441542,-0.152633398771,0.347414940596,0.192777857184,-0.252253741026,0.32896605134,0.194277390838,-0.371796876192,0.319294780493,0.208017274737,-0.365154713392
1778096274.87,0.418692350388,0.203933984041,0.433714777231,0.411216706038,0.194161862135,0.338614493608,0.402374058962,0.193598970771,0.23976804316,0.393261998892,0.192905724049,0.139961138368,0.383509725332,0.193141341209,0.0424925014377,0.374369949102,0.19487786293,-0.0544278770685,0.362141877413,0.194505512714,-0.153694659472,0.35051497817,0.195091873407,-0.252562612295,0.33337661624,0.196398586035,-0.372787028551,0.32122066617,0.210895985365,-0.365154713392
1778096274.88,0.417354524136,0.206364765763,0.433279454708,0.410263985395,0.196455195546,0.337960958481,0.402497142553,0.195584774017,0.238879621029,0.393430322409,0.195778891444,0.139769017696,0.384420484304,0.196211948991,0.0420866459608,0.374078422785,0.19883801043,-0.0584532767534,0.363547712564,0.198022544384,-0.154292166233,0.353344887495,0.198191732168,-0.253180205822,0.336947113276,0.200294300914,-0.373285472393,0.323284178972,0.213774695992,-0.365154713392
1778096274.89,0.416222661734,0.208354637027,0.43291503191,0.409275740385,0.19848869741,0.338257104158,0.402103275061,0.198246538639,0.238395929337,0.394139677286,0.198701485991,0.138923555613,0.385411709547,0.199250668287,0.0414768904448,0.376847654581,0.200114890933,-0.0564841926098,0.365608662367,0.201599612832,-0.1550385952,0.356300741434,0.201675713062,-0.254387974739,0.341785937548,0.202765166759,-0.375351965427,0.325483620167,0.21665340662,-0.365154713392
1778096274.9,0.415192753077,0.210126072168,0.432585656643,0.408549576998,0.201233491302,0.3375172019,0.401695162058,0.201028496027,0.23837210238,0.394194871187,0.20126388967,0.138261452317,0.386043399572,0.202567502856,0.0411343574524,0.378371149302,0.202887386084,-0.0570062696934,0.367822378874,0.204295039177,-0.156075000763,0.359067112207,0.205459117889,-0.254439800978,0.345232337713,0.20640976727,-0.376389175653,0.327817231417,0.219532102346,-0.365154713392
1778096274.91,0.413868695498,0.212311819196,0.432150036097,0.407747238874,0.203353643417,0.337054818869,0.401373594999,0.203408569098,0.237526834011,0.394230693579,0.204135656357,0.138161659241,0.387000054121,0.204941302538,0.0403431355953,0.379832774401,0.206055894494,-0.0575388818979,0.369923502207,0.207595422864,-0.155867964029,0.362733393908,0.2084646523,-0.255498051643,0.349422484636,0.208484947681,-0.376093626022,0.330283015966,0.222410812974,-0.365154713392
1778096274.92,0.41223180294,0.214898109436,0.431626051664,0.406695812941,0.205951526761,0.337409079075,0.400857180357,0.206516295671,0.237472653389,0.394695788622,0.206839382648,0.137642219663,0.387858062983,0.207961395383,0.0400510877371,0.381374686956,0.21042008698,-0.0560619533062,0.372633546591,0.210309669375,-0.157141834497,0.366126745939,0.210469380021,-0.256476849318,0.353840857744,0.211801379919,-0.37680092454,0.332878917456,0.225289523602,-0.365154713392
1778096274.93,0.410991072655,0.216772183776,0.43121394515,0.406277149916,0.207513868809,0.336177557707,0.400737434626,0.20860889554,0.236581087112,0.394279748201,0.210238859057,0.13735063374,0.388305395842,0.211422935128,0.0393561795354,0.383257240057,0.211900323629,-0.0591180622578,0.375246196985,0.215308755636,-0.155738770962,0.369342178106,0.214019134641,-0.257481247187,0.358668118715,0.214652627707,-0.378407239914,0.335602849722,0.228168234229,-0.365154713392
1778096274.94,0.409688562155,0.218654513359,0.430791467428,0.404730767012,0.211016207933,0.336280703545,0.400070339441,0.210916638374,0.2363691926,0.394800633192,0.2124286443,0.136646836996,0.389309197664,0.214129790664,0.0391713455319,0.38519898057,0.215946421027,-0.0580840706825,0.378264397383,0.215909361839,-0.15905508399,0.372620254755,0.217194676399,-0.257720857859,0.36274561286,0.217470139265,-0.378926485777,0.338452488184,0.231046929955,-0.365154713392
1778096274.95,0.407881349325,0.221145778894,0.430214881897,0.404288977385,0.212420642376,0.335492700338,0.399776011705,0.21373090148,0.235644057393,0.395104676485,0.214457720518,0.136176928878,0.390410095453,0.216738715768,0.0381766036153,0.386783510447,0.217754989862,-0.059831187129,0.380012482405,0.21937918663,-0.159487068653,0.376473337412,0.219530060887,-0.258820801973,0.367452830076,0.220188125968,-0.379493862391,0.341425567865,0.233925640583,-0.365154713392
1778096274.96,0.406635642052,0.222784817219,0.429813593626,0.402952760458,0.214628532529,0.335010051727,0.399136692286,0.215793356299,0.234880805016,0.395301669836,0.217492431402,0.13547757268,0.39112713933,0.219597116113,0.037532992661,0.38829138875,0.220641195774,-0.0606772005558,0.383244305849,0.222201094031,-0.160380840302,0.380164712667,0.222721263766,-0.259653389454,0.372245281935,0.223053097725,-0.380414187908,0.344519525766,0.236804351211,-0.365154713392
1778096274.97,0.405039846897,0.224815353751,0.429288506508,0.40190371871,0.21698781848,0.33459341526,0.39849331975,0.218874588609,0.234958171844,0.394993036985,0.22025591135,0.13551171124,0.392238289118,0.221896722913,0.0372244417667,0.390551060438,0.223908647895,-0.0604192614555,0.386563390493,0.224485591054,-0.160693496466,0.383567661047,0.226585149765,-0.260060280561,0.377167373896,0.226539179683,-0.381811499596,0.347731798887,0.239683061838,-0.365154713392
1778096274.98,0.403108209372,0.227164387703,0.428692877293,0.401130527258,0.218929409981,0.333623349667,0.398456305265,0.220416337252,0.233576416969,0.395685881376,0.222239777446,0.134200364351,0.393253177404,0.224458247423,0.0363534837961,0.38994088769,0.22930701077,-0.0667963176966,0.388209074736,0.227544948459,-0.161401867867,0.387290149927,0.22909989953,-0.259575933218,0.382173746824,0.229575783014,-0.382252931595,0.351059824228,0.242561772466,-0.365154713392
1778096274.99,0.401583880186,0.228954806924,0.428246974945,0.399746447802,0.22141598165,0.333669483662,0.397363454103,0.223239704967,0.233800500631,0.395630687475,0.225005418062,0.133814901114,0.394276767969,0.226808339357,0.0355211570859,0.393991082907,0.229207769036,-0.0619637817144,0.392030626535,0.230126485229,-0.162637978792,0.391618937254,0.231371536851,-0.260816127062,0.386719614267,0.232705384493,-0.381475299597,0.354500740767,0.245440468192,-0.365154713392
1778096275,0.399698406458,0.231072857976,0.427695721388,0.399039238691,0.222658902407,0.332516282797,0.396810859442,0.225439459085,0.233518511057,0.395890325308,0.227441474795,0.133585199714,0.395130604506,0.228951156139,0.0348429754376,0.397004634142,0.231578633189,-0.0644965022802,0.395584434271,0.232670649886,-0.164256006479,0.394659250975,0.234296962619,-0.261446624994,0.391681045294,0.235391572118,-0.382094085217,0.358051747084,0.24831917882,-0.365154713392
1778096275.01,0.397952973843,0.232937499881,0.427186697721,0.397314578295,0.225728571415,0.332566678524,0.396675139666,0.227279514074,0.232094854116,0.396335273981,0.229198157787,0.132084265351,0.396356254816,0.231362491846,0.0344638004899,0.397797197104,0.234391078353,-0.0623265355825,0.396707564592,0.235922202468,-0.163295805454,0.398828357458,0.236785382032,-0.26216968894,0.396773248911,0.238090604544,-0.382783651352,0.361709922552,0.251197904348,-0.365154713392
1778096275.02,0.396176308393,0.234759926796,0.426693558693,0.396137088537,0.227080881596,0.331396043301,0.395754605532,0.229758396745,0.231897830963,0.396336823702,0.231483995914,0.131709143519,0.397293120623,0.233777239919,0.0338053330779,0.399460047483,0.236055359244,-0.0640556663275,0.398897141218,0.238386154175,-0.163204818964,0.402132183313,0.239929690957,-0.262445509434,0.401376515627,0.241730466485,-0.384975075722,0.36547216773,0.254076600075,-0.365154713392
1778096275.03,0.394544690847,0.236356928945,0.426261156797,0.394680649042,0.229640364647,0.331517845392,0.395571023226,0.231457561255,0.230949699879,0.396600037813,0.233424708247,0.13130299747,0.398500531912,0.2361638695,0.0335929319263,0.401236742735,0.239404067397,-0.0627774000168,0.401906698942,0.240802660584,-0.163759082556,0.406233340502,0.241715952754,-0.262794852257,0.406291931868,0.244286924601,-0.383722662926,0.369335383177,0.256955295801,-0.365154713392
1778096275.04,0.39252948761,0.23823826015,0.425746768713,0.393384128809,0.231608912349,0.330544710159,0.394745975733,0.233981013298,0.23088157177,0.396766930819,0.235923036933,0.130924224854,0.399406045675,0.238635227084,0.0334493666887,0.403072029352,0.240476116538,-0.0648677349091,0.406335920095,0.242626264691,-0.165221869946,0.409481793642,0.244576588273,-0.262687027454,0.411381214857,0.246956199408,-0.384072542191,0.373296409845,0.25983402133,-0.365154713392
1778096275.05,0.390681862831,0.239922314882,0.425329893827,0.392348557711,0.233184680343,0.330307245255,0.394147366285,0.235773056746,0.230656027794,0.397052437067,0.237889572978,0.130404055119,0.40024086833,0.240285858512,0.0331487059593,0.404999822378,0.24272313714,-0.0655246675014,0.408362358809,0.244768872857,-0.165041953325,0.413427561522,0.246918171644,-0.263538002968,0.416005462408,0.249804317951,-0.384304046631,0.377351969481,0.262712717056,-0.365154713392
1778096275.06,0.389219373465,0.241191774607,0.425032258034,0.391254633665,0.234855443239,0.329682081938,0.393840521574,0.237468674779,0.229954794049,0.396968513727,0.239750772715,0.130538716912,0.401861101389,0.241835847497,0.0323409885168,0.407066553831,0.245079532266,-0.0656051337719,0.410883516073,0.247706145048,-0.165220975876,0.417226821184,0.249675214291,-0.263699740171,0.420856386423,0.252701640129,-0.384205639362,0.381498664618,0.265591412783,-0.365154713392
1778096275.07,0.387045025826,0.242929250002,0.424591809511,0.389944344759,0.23653781414,0.329140603542,0.393320292234,0.239157348871,0.229563236237,0.397298246622,0.241995424032,0.13012163341,0.402947574854,0.244075000286,0.0317213982344,0.409221976995,0.247661828995,-0.065307199955,0.413558930159,0.249364942312,-0.165600121021,0.42104908824,0.252409428358,-0.263896942139,0.425916045904,0.255380600691,-0.384911298752,0.385733038187,0.268470138311,-0.365154713392
1778096275.08,0.38557907939,0.244057819247,0.42433065176,0.388502985239,0.238370805979,0.328992217779,0.392703145742,0.240867286921,0.229351192713,0.398088425398,0.243715569377,0.128734499216,0.403641194105,0.246541321278,0.0321463122964,0.410813719034,0.249468952417,-0.0656198561192,0.416653960943,0.25199881196,-0.165606111288,0.424415618181,0.254597634077,-0.264054387808,0.430172473192,0.258152127266,-0.38472622633,0.39005163312,0.271348834038,-0.365154713392
1778096275.09,0.383370280266,0.245692417026,0.423961848021,0.387307077646,0.239926725626,0.328670859337,0.392111510038,0.242825910449,0.228849589825,0.398162096739,0.245302140713,0.128998994827,0.404652506113,0.24875408411,0.0317125618458,0.413576334715,0.251703351736,-0.0669839978218,0.419516116381,0.254160940647,-0.165865153074,0.42885145545,0.257806688547,-0.264566451311,0.434828728437,0.261210292578,-0.384551167488,0.394450813532,0.274227559566,-0.365154713392
1778096275.1,0.381568163633,0.246971234679,0.423702925444,0.386158198118,0.241195037961,0.328146010637,0.391662091017,0.244298905134,0.228677988052,0.398237794638,0.24692595005,0.128991782665,0.405609577894,0.250627994537,0.0315104201436,0.414688318968,0.254554927349,-0.0651306211948,0.422669023275,0.256598085165,-0.166178524494,0.431655317545,0.260350078344,-0.263996720314,0.439136236906,0.264117956161,-0.384333193302,0.398927003145,0.277106255293,-0.365154713392
1778096275.11,0.380155771971,0.247926279902,0.423556238413,0.384869784117,0.242742300034,0.328014135361,0.391116112471,0.245797544718,0.228289499879,0.398474425077,0.249073505402,0.128202706575,0.40701058507,0.251687735319,0.0309941396117,0.417223423719,0.255288898945,-0.0658423900604,0.424796134233,0.259311884642,-0.166748732328,0.434409290552,0.262583762407,-0.263107270002,0.443697482347,0.266387999058,-0.384061932564,0.403476446867,0.279984951019,-0.365154713392
1778096275.12,0.377825707197,0.2494315207,0.423364073038,0.38387003541,0.243763446808,0.3274974823,0.391198545694,0.247004419565,0.22725071013,0.398674160242,0.250109195709,0.128712430596,0.407656759024,0.253956228495,0.0315458849072,0.418209761381,0.257161229849,-0.0666848272085,0.427140921354,0.261755019426,-0.165394991636,0.437890261412,0.265547275543,-0.263102948666,0.447744816542,0.269520103931,-0.383954107761,0.408095389605,0.282863676548,-0.365154713392
1778096275.13,0.376413434744,0.250309467316,0.423252701759,0.382276624441,0.245228201151,0.327755868435,0.390252143145,0.248615592718,0.227759540081,0.399345487356,0.251776188612,0.128029197454,0.408718973398,0.255858838558,0.0312020853162,0.420606523752,0.259722232819,-0.0658693015575,0.430301934481,0.263758003712,-0.16667330265,0.441798359156,0.267675310373,-0.263785421848,0.451992183924,0.271829307079,-0.383458316326,0.412780016661,0.285742372274,-0.365154713392
1778096275.14,0.374692291021,0.251378744841,0.42315146327,0.381278246641,0.24638107419,0.327392220497,0.390168339014,0.250051140785,0.226899713278,0.39978697896,0.253269582987,0.127721831203,0.409752756357,0.257403373718,0.0314124003053,0.422101765871,0.261754184961,-0.065494582057,0.431841880083,0.266466766596,-0.164716601372,0.444170922041,0.270123839378,-0.262346923351,0.456344872713,0.274472504854,-0.383192002773,0.417526453733,0.288621097803,-0.365154713392
1778096275.15,0.372874826193,0.2525421381,0.423170208931,0.37982365489,0.247597664595,0.327466011047,0.389280647039,0.25135242939,0.227877944708,0.400048345327,0.254472255707,0.127890691161,0.410405606031,0.259195923805,0.0314623862505,0.422908991575,0.26402258873,-0.0650495439768,0.43418559432,0.268119722605,-0.16438177228,0.447337836027,0.272254496813,-0.262403517962,0.46031293273,0.276528865099,-0.38277310133,0.422330707312,0.29149979353,-0.365154713392
1778096275.16,0.371318668127,0.25348469615,0.423273473978,0.378794461489,0.248716205359,0.327255249023,0.388614147902,0.252503752708,0.22798115015,0.39964273572,0.256390601397,0.128570541739,0.411429017782,0.260834127665,0.0319605544209,0.424591571093,0.266159325838,-0.0645950436592,0.436374098063,0.270013540983,-0.164335846901,0.450511068106,0.274234682322,-0.261560946703,0.464614182711,0.27932921052,-0.383526861668,0.427188843489,0.294378489256,-0.365154713392
1778096275.17,0.369827032089,0.254356652498,0.423430651426,0.37775143981,0.250041484833,0.327013492584,0.388034492731,0.25369733572,0.227795362473,0.399802654982,0.25772947073,0.128576666117,0.412032455206,0.262094914913,0.0319851785898,0.426439315081,0.267572879791,-0.0645990371704,0.439261347055,0.271801650524,-0.165099740028,0.453207999468,0.276495695114,-0.261763811111,0.468116611242,0.281714200974,-0.381925016642,0.432096809149,0.297257214785,-0.365154713392
1778096275.18,0.368388354778,0.255219876766,0.423655927181,0.376487404108,0.251200765371,0.327512741089,0.387659996748,0.254919171333,0.228134632111,0.399945050478,0.2590495646,0.128249406815,0.412731081247,0.263880640268,0.0322359800339,0.427416652441,0.27018609643,-0.0635812580585,0.44113728404,0.274376541376,-0.162919938564,0.455695897341,0.279010117054,-0.260540783405,0.471225768328,0.284244328737,-0.380552768707,0.437050551176,0.300135910511,-0.365154713392
