time,rope_p0_x,rope_p0_y,rope_p0_z,rope_p1_x,rope_p1_y,rope_p1_z,rope_p2_x,rope_p2_y,rope_p2_z,rope_p3_x,rope_p3_y,rope_p3_z,rope_p4_x,rope_p4_y,rope_p4_z,rope_p5_x,rope_p5_y,rope_p5_z,rope_p6_x,rope_p6_y,rope_p6_z,rope_p7_x,rope_p7_y,rope_p7_z,rope_p8_x,rope_p8_y,rope_p8_z,goal_traj_x,goal_traj_y,goal_traj_z
1776720939.2,0.479783624411,-0.299579203129,0.448284804821,0.481176316738,-0.300546526909,0.350625514984,0.482002317905,-0.300744712353,0.249943047762,0.483334243298,-0.300915896893,0.150742352009,0.482371687889,-0.301653832197,0.0509923696518,0.483537614346,-0.300762891769,-0.045989304781,0.48268443346,-0.301215946674,-0.148759782314,0.483149409294,-0.299621254206,-0.247017413378,0.484415650368,-0.300291180611,-0.366777420044,0.482073605061,-0.298005312681,-0.367104351521
1776720944.21,0.479673504829,-0.299418389797,0.447855204344,0.481115877628,-0.300212651491,0.350111216307,0.481554865837,-0.300678193569,0.249345317483,0.483241736889,-0.300401240587,0.150349989533,0.48248052597,-0.301017165184,0.0501469299197,0.483535408974,-0.300489604473,-0.0463279932737,0.481494069099,-0.300269544125,-0.149359971285,0.483470797539,-0.299866765738,-0.247543931007,0.484447658062,-0.300021737814,-0.367832988501,0.483148097992,-0.298003047705,-0.367104351521
1776720944.22,0.47967427969,-0.299418926239,0.447858154774,0.481132686138,-0.300413697958,0.350490510464,0.481574237347,-0.300665646791,0.249322742224,0.483248233795,-0.300448179245,0.150210872293,0.48247897625,-0.301018059254,0.050148807466,0.482073247433,-0.301011651754,-0.0483282953501,0.481716930866,-0.300348728895,-0.149133324623,0.483175635338,-0.299253940582,-0.24790802598,0.484451115131,-0.299980729818,-0.367645293474,0.484250128269,-0.297996044159,-0.367104351521
1776720944.24,0.479676038027,-0.299417495728,0.447853833437,0.481107950211,-0.300212711096,0.3501111269,0.481604278088,-0.300624042749,0.249280825257,0.483233332634,-0.300445973873,0.150210127234,0.48238325119,-0.301093012094,0.0500927530229,0.483568847179,-0.300405561924,-0.0463095605373,0.480501234531,-0.299498200417,-0.149957984686,0.483429849148,-0.299367487431,-0.247499912977,0.484291851521,-0.299721032381,-0.367873072624,0.485380351543,-0.297983914614,-0.367104351521
1776720944.25,0.479692339897,-0.299387842417,0.447855681181,0.481126606464,-0.300408840179,0.350481748581,0.48160815239,-0.300627827644,0.249286621809,0.483206093311,-0.300416767597,0.15023753047,0.482293009758,-0.301176190376,0.050336394459,0.483499646187,-0.30042937398,-0.046325430274,0.480941712856,-0.299714922905,-0.149542838335,0.482983469963,-0.299089789391,-0.247980892658,0.484235107899,-0.29950606823,-0.367769271135,0.48653948307,-0.297966301441,-0.367104351521
1776720944.27,0.479761213064,-0.29927957058,0.447851806879,0.481115281582,-0.300217568874,0.350120216608,0.481584072113,-0.300632864237,0.249298766255,0.483175516129,-0.300342977047,0.150397285819,0.482212603092,-0.301173090935,0.0505002252758,0.483458697796,-0.300443440676,-0.0463339537382,0.480501770973,-0.299498081207,-0.149955034256,0.482145369053,-0.29873546958,-0.24825617671,0.484270811081,-0.299533367157,-0.36773905158,0.48772829771,-0.297942727804,-0.367104351521
1776720944.28,0.479894787073,-0.299066931009,0.447833955288,0.481131851673,-0.30040243268,0.350470006466,0.481518447399,-0.300661176443,0.249320402741,0.483176469803,-0.300509691238,0.150523349643,0.482202410698,-0.301196783781,0.0503740496933,0.483250916004,-0.300688862801,-0.0462511628866,0.482371687889,-0.300813645124,-0.14901381731,0.482832789421,-0.298898428679,-0.24773940444,0.484114646912,-0.299571186304,-0.367799222469,0.488947510719,-0.297912836075,-0.367104351521
1776720944.3,0.480120539665,-0.298722982407,0.447840452194,0.481147944927,-0.300408095121,0.350479841232,0.481553375721,-0.300633639097,0.249304071069,0.483099400997,-0.300348103046,0.150441169739,0.481817364693,-0.301268547773,0.0503954179585,0.483272254467,-0.300605207682,-0.0462721139193,0.480507671833,-0.299494802952,-0.149935215712,0.482356846333,-0.299117445946,-0.247789293528,0.484176874161,-0.299530059099,-0.36770427227,0.490197777748,-0.297876119614,-0.367104351521
1776720944.31,0.480451434851,-0.298281878233,0.447853326797,0.481128454208,-0.300398081541,0.350461930037,0.481513679028,-0.300668001175,0.24933218956,0.483081161976,-0.300583958626,0.150685876608,0.481814205647,-0.30127170682,0.050399992615,0.48325997591,-0.300606876612,-0.0462812483311,0.480507612228,-0.29949426651,-0.149936228991,0.482751488686,-0.299057066441,-0.247449576855,0.484180867672,-0.299560070038,-0.367548406124,0.491479992867,-0.297832071781,-0.367104351521
1776720944.33,0.481047689915,-0.297569423914,0.447874814272,0.481126785278,-0.300302356482,0.350431323051,0.481504559517,-0.300631552935,0.249264910817,0.482983231544,-0.300454646349,0.15053729713,0.481789290905,-0.301270067692,0.0505725480616,0.480138838291,-0.299998879433,-0.049484655261,0.48056781292,-0.299510806799,-0.149526655674,0.48238158226,-0.298887878656,-0.247639209032,0.484048545361,-0.299629837275,-0.36750626564,0.49279487133,-0.297780185938,-0.367104351521
1776720944.34,0.481838941574,-0.296682953835,0.447889983654,0.481023609638,-0.299982696772,0.349773943424,0.481891334057,-0.300390422344,0.249806657434,0.482920110226,-0.300454318523,0.150604724884,0.48177832365,-0.301267206669,0.0505697838962,0.480058729649,-0.299934208393,-0.0497937947512,0.480643689632,-0.299556523561,-0.149464130402,0.482623636723,-0.29887676239,-0.247375458479,0.48412501812,-0.299540966749,-0.367288887501,0.494143188,-0.297719925642,-0.367104351521
1776720944.36,0.48296263814,-0.295548647642,0.447855591774,0.481811344624,-0.299107611179,0.349971234798,0.482051730156,-0.29966339469,0.249793916941,0.482003629208,-0.300111889839,0.14906924963,0.481737315655,-0.301205575466,0.0506278201938,0.479907810688,-0.29977747798,-0.049836397171,0.480760753155,-0.299630880356,-0.149361550808,0.482646167278,-0.29890191555,-0.247338831425,0.483983159065,-0.299508035183,-0.367342352867,0.49552577734,-0.297650665045,-0.367104351521
1776720944.37,0.484237223864,-0.294399410486,0.447775870562,0.482232630253,-0.298634320498,0.34988951683,0.482098400593,-0.299404799938,0.249631971121,0.481963455677,-0.299848854542,0.148992910981,0.481731414795,-0.301211357117,0.0506365671754,0.479907810688,-0.29977747798,-0.049836397171,0.48079264164,-0.299656569958,-0.149322986603,0.482652783394,-0.29891949892,-0.247312664986,0.483983159065,-0.299508035183,-0.367342352867,0.496943533421,-0.297571778297,-0.367104351521
1776720944.39,0.485890835524,-0.293082356453,0.447652876377,0.483179569244,-0.297874242067,0.350400686264,0.482643902302,-0.299121528864,0.249369680882,0.481951832771,-0.299401640892,0.148685276508,0.481703937054,-0.300919145346,0.0505863986909,0.479739844799,-0.29990541935,-0.0496834665537,0.480907201767,-0.299733817577,-0.149218738079,0.4826567173,-0.298937380314,-0.247285962105,0.483502149582,-0.299350827932,-0.367328315973,0.498397171497,-0.297482639551,-0.367104351521
1776720944.4,0.487938314676,-0.291641294956,0.44739100337,0.484040677547,-0.29712870717,0.350508928299,0.48319464922,-0.298683732748,0.249488025904,0.483518064022,-0.299370974302,0.150741875172,0.481774270535,-0.300635099411,0.0502677410841,0.479739844799,-0.29990541935,-0.0496834665537,0.480924189091,-0.299911856651,-0.148563593626,0.482564091682,-0.298808902502,-0.247266203165,0.483678221703,-0.299276769161,-0.367030143738,0.499887645245,-0.297382503748,-0.367104351521
1776720944.42,0.489940285683,-0.290455698967,0.447062939405,0.486021339893,-0.295791596174,0.350175321102,0.484903633595,-0.297083467245,0.249423220754,0.484602570534,-0.298731654882,0.150789186358,0.482597351074,-0.299883037806,0.0504901446402,0.479895412922,-0.299205362797,-0.0497779399157,0.479783117771,-0.299280196428,-0.149540394545,0.482316076756,-0.298763215542,-0.247505426407,0.483048975468,-0.298878133297,-0.36739012599,0.501415729523,-0.297270655632,-0.367104351521
1776720944.43,0.492503941059,-0.289204806089,0.446633189917,0.487075150013,-0.295148819685,0.349935650826,0.485542178154,-0.296591818333,0.249087303877,0.484074413776,-0.297773659229,0.148652106524,0.483301103115,-0.299792349339,0.0505324155092,0.48028844595,-0.298834532499,-0.0494712144136,0.479879379272,-0.299035102129,-0.150077611208,0.482323944569,-0.298759669065,-0.247511297464,0.483128070831,-0.299152851105,-0.367485195398,0.502982437611,-0.297146260738,-0.367104351521
1776720944.45,0.494965910912,-0.288263082504,0.446171373129,0.491345107555,-0.292694032192,0.349302232265,0.489014863968,-0.29445964098,0.24836049974,0.486745595932,-0.295785754919,0.148178339005,0.484947085381,-0.297932446003,0.0494860187173,0.481266021729,-0.298290282488,-0.049782410264,0.481267213821,-0.299454957247,-0.148890852928,0.481863975525,-0.29816108942,-0.248195797205,0.482891976833,-0.298888236284,-0.36808809638,0.504588544369,-0.297008514404,-0.367104351521
1776720944.46,0.497986018658,-0.287366211414,0.445568144321,0.490013897419,-0.29380863905,0.34992903471,0.487738251686,-0.295123934746,0.248736351728,0.48591864109,-0.296417713165,0.148247271776,0.484022736549,-0.298261135817,0.0499515645206,0.481021642685,-0.298373758793,-0.0497579574585,0.481201887131,-0.299380421638,-0.148810684681,0.482069730759,-0.298528164625,-0.247857391834,0.483013927937,-0.299035072327,-0.367502897978,0.506235003471,-0.296856492758,-0.367104351521
1776720944.48,0.501024901867,-0.286708027124,0.44477391243,0.494808554649,-0.291499465704,0.348716497421,0.491931080818,-0.293277740479,0.248259961605,0.489235460758,-0.294666677713,0.147628575563,0.486526191235,-0.296281635761,0.0489100962877,0.484153449535,-0.297517031431,-0.0501771718264,0.481199920177,-0.297354698181,-0.15075096488,0.482261955738,-0.298031300306,-0.248625934124,0.482255101204,-0.298638790846,-0.369480311871,0.507922708988,-0.296689271927,-0.367104351521
1776720944.49,0.504672825336,-0.286220163107,0.443906188011,0.500394463539,-0.290370583534,0.347224354744,0.497314453125,-0.291338145733,0.246600389481,0.494900047779,-0.292374014854,0.147713541985,0.490734875202,-0.294153869152,0.0478895679116,0.485890805721,-0.294682115316,-0.0517293512821,0.482998847961,-0.295326709747,-0.152162075043,0.483736753464,-0.296904623508,-0.249553382397,0.482435107231,-0.298786312342,-0.370430678129,0.509652674198,-0.296505779028,-0.367104351521
1776720944.51,0.507546246052,-0.286008775234,0.443290948868,0.498078525066,-0.290802389383,0.347992956638,0.495741903782,-0.291696935892,0.247431650758,0.492001771927,-0.293238818645,0.146602869034,0.488804221153,-0.295119941235,0.0480181723833,0.487661719322,-0.29580271244,-0.048784956336,0.482998669147,-0.297045558691,-0.150137394667,0.483483374119,-0.297314077616,-0.248941898346,0.482460021973,-0.29884776473,-0.370059043169,0.511425733566,-0.296305030584,-0.367104351521
1776720944.52,0.510879397392,-0.285882502794,0.442456007004,0.502337753773,-0.289899349213,0.346800506115,0.499139368534,-0.291114628315,0.246164500713,0.495929718018,-0.291665613651,0.146044299006,0.492037534714,-0.293545991182,0.0472649484873,0.487111866474,-0.293791383505,-0.0521024018526,0.485243797302,-0.296011656523,-0.151257187128,0.48443454504,-0.296633064747,-0.250231713057,0.48185968399,-0.298895061016,-0.371056288481,0.513242840767,-0.296085804701,-0.367104351521
1776720944.54,0.514328300953,-0.285825073719,0.441654056311,0.50649112463,-0.289909034967,0.345460057259,0.503325462341,-0.290026605129,0.244841516018,0.50065100193,-0.291207402945,0.146610617638,0.495464265347,-0.291917055845,0.0462218672037,0.492653369904,-0.293093532324,-0.0509187430143,0.486460506916,-0.293923914433,-0.15288901329,0.485182642937,-0.295544117689,-0.251077085733,0.480600297451,-0.298844277859,-0.372358411551,0.515104949474,-0.295846909285,-0.367104351521
1776720944.55,0.517841041088,-0.285794138908,0.440956324339,0.508965313435,-0.289889544249,0.345236420631,0.505613565445,-0.289856702089,0.244757205248,0.501308202744,-0.289848774672,0.143865048885,0.497596621513,-0.291313648224,0.0458841845393,0.494475841522,-0.291810899973,-0.0513833612204,0.487962782383,-0.293891370296,-0.152771174908,0.485840141773,-0.295306324959,-0.251648753881,0.48011380434,-0.298401117325,-0.373358130455,0.517013013363,-0.295587092638,-0.367104351521
1776720944.57,0.521376550198,-0.285733580589,0.440114080906,0.513651847839,-0.289849817753,0.344144761562,0.509924292564,-0.289949506521,0.243463307619,0.505635380745,-0.28950303793,0.14319896698,0.50108653307,-0.290220826864,0.0446613803506,0.497834563255,-0.290580242872,-0.0527520179749,0.490509867668,-0.292806118727,-0.15380564332,0.487100422382,-0.29473516345,-0.251961797476,0.480084717274,-0.298013597727,-0.373780876398,0.518967926502,-0.295304954052,-0.367104351521
1776720944.58,0.524982452393,-0.285661280155,0.439388126135,0.51627022028,-0.289849668741,0.343982607126,0.512542486191,-0.289552986622,0.242477849126,0.509491145611,-0.289568543434,0.144519925117,0.503298997879,-0.290563523769,0.0442445278168,0.496154785156,-0.290076911449,-0.0554655194283,0.491725027561,-0.292275100946,-0.154386132956,0.487329363823,-0.294069677591,-0.252985030413,0.480354547501,-0.297849059105,-0.37424954772,0.520970642567,-0.294999033213,-0.367104351521
1776720944.6,0.528879106045,-0.285437405109,0.438720792532,0.521274328232,-0.290422022343,0.342604279518,0.517473697662,-0.289912968874,0.241893023252,0.514947116375,-0.288362473249,0.143679916859,0.507703125477,-0.290063977242,0.0431461408734,0.499630868435,-0.289607077837,-0.0569498538971,0.494600594044,-0.292162925005,-0.155505031347,0.489289939404,-0.293899536133,-0.25321161747,0.48024135828,-0.296600520611,-0.375800043344,0.523022115231,-0.294667810202,-0.367104351521
1776720944.61,0.531763851643,-0.285174310207,0.438062548637,0.523579537868,-0.290256768465,0.341799378395,0.519937753677,-0.289954096079,0.241182893515,0.517113685608,-0.289237827063,0.143811121583,0.509879827499,-0.290346086025,0.0425838455558,0.500870168209,-0.289380818605,-0.0579385310411,0.494527697563,-0.291486620903,-0.156152546406,0.489922165871,-0.293053418398,-0.254309892654,0.480893373489,-0.297236770391,-0.375372469425,0.525123178959,-0.294309616089,-0.367104351521
1776720944.63,0.535567998886,-0.284749448299,0.437385261059,0.531344056129,-0.290895611048,0.34093824029,0.526997327805,-0.290937244892,0.240047961473,0.523421823978,-0.290879994631,0.141459792852,0.515443921089,-0.291484475136,0.0412817150354,0.506068766117,-0.290714174509,-0.0586189776659,0.500187754631,-0.292876660824,-0.156245261431,0.492702722549,-0.293066769838,-0.255330473185,0.481982290745,-0.294969767332,-0.376981794834,0.527274787426,-0.293922692537,-0.367104351521
1776720944.64,0.539064884186,-0.284183770418,0.436839014292,0.529094815254,-0.290592163801,0.341138333082,0.524899840355,-0.290824323893,0.240093946457,0.521491467953,-0.289887905121,0.142892017961,0.513639628887,-0.291374534369,0.0416929200292,0.504898786545,-0.290451288223,-0.0582377761602,0.498653888702,-0.292435109615,-0.15682849288,0.49179661274,-0.293457359076,-0.255048424006,0.480776011944,-0.295235186815,-0.376823544502,0.529477715492,-0.293505191803,-0.367104351521
1776720944.66,0.542538642883,-0.283464848995,0.436190038919,0.53632414341,-0.290979832411,0.339421749115,0.531902611256,-0.291615784168,0.238914549351,0.52695274353,-0.291961580515,0.139118686318,0.519842922688,-0.292482048273,0.0402346551418,0.513819277287,-0.291901350021,-0.0556201785803,0.502663552761,-0.29286724329,-0.157895922661,0.494541704655,-0.293471157551,-0.256132543087,0.482970535755,-0.293952614069,-0.377752810717,0.531732797623,-0.293055146933,-0.367104351521
1776720944.67,0.545909166336,-0.282644093037,0.435714274645,0.540974020958,-0.290814518929,0.338996976614,0.536564946175,-0.292460560799,0.2382671386,0.531002640724,-0.292801767588,0.13840611279,0.523130834103,-0.293870687485,0.0393630340695,0.513511657715,-0.294041126966,-0.0592385530472,0.504831731319,-0.293999761343,-0.158764392138,0.498037815094,-0.292686969042,-0.255558311939,0.485234558582,-0.293269842863,-0.378017693758,0.534040808678,-0.292570471764,-0.367104351521
1776720944.69,0.549190342426,-0.281600028276,0.43526661396,0.543333649635,-0.290710330009,0.338398814201,0.538503706455,-0.292766392231,0.238138183951,0.533430278301,-0.293198823929,0.13891504705,0.525135457516,-0.294750154018,0.0389599576592,0.515543222427,-0.293952435255,-0.0599507838488,0.510485112667,-0.294739037752,-0.153547048569,0.497203886509,-0.292337030172,-0.257592141628,0.485778331757,-0.292355835438,-0.378426194191,0.536402523518,-0.292048871517,-0.367104351521
1776720944.7,0.552411139011,-0.280350595713,0.434725165367,0.54546970129,-0.290432065725,0.338495314121,0.540689170361,-0.292654573917,0.237272784114,0.535192012787,-0.293932259083,0.137920498848,0.527073383331,-0.29543197155,0.0387935787439,0.516655504704,-0.294636875391,-0.0607002526522,0.507784366608,-0.29391130805,-0.159716695547,0.499394059181,-0.292880415916,-0.2578561306,0.487355351448,-0.292155921459,-0.378191143274,0.538818538189,-0.29148799181,-0.367104351521
1776720944.72,0.555100977421,-0.279058426619,0.43433496356,0.547779023647,-0.290311962366,0.338263690472,0.542569041252,-0.292643278837,0.237113088369,0.53706485033,-0.294339239597,0.138201162219,0.528317809105,-0.295879453421,0.0382127463818,0.518355429173,-0.295357704163,-0.0605761110783,0.513639390469,-0.294898897409,-0.155087709427,0.501168191433,-0.293190270662,-0.257377058268,0.487523376942,-0.290121167898,-0.37980940938,0.541289329529,-0.290885329247,-0.367104351521
1776720944.73,0.558503210545,-0.27696993947,0.433837532997,0.552089512348,-0.289630919695,0.337077617645,0.546814918518,-0.292682677507,0.236499711871,0.540340721607,-0.294882327318,0.13717110455,0.531930565834,-0.296459615231,0.0383518338203,0.521342337132,-0.295412838459,-0.0614489912987,0.512696921825,-0.295471489429,-0.160329908133,0.503461480141,-0.291884064674,-0.258348673582,0.490690529346,-0.289524823427,-0.379973649979,0.543815553188,-0.290238142014,-0.367104351521
1776720944.75,0.561339855194,-0.274764865637,0.433334201574,0.552089512348,-0.289630919695,0.337077617645,0.546814918518,-0.292682677507,0.236499711871,0.540340721607,-0.294882327318,0.13717110455,0.531930565834,-0.296459615231,0.0383518338203,0.521342337132,-0.295412838459,-0.0614489912987,0.512696921825,-0.295471489429,-0.160329908133,0.503461480141,-0.291884064674,-0.258348673582,0.490690529346,-0.289524823427,-0.379973649979,0.546397387981,-0.28954359889,-0.367104351521
1776720944.76,0.563862502575,-0.272298038006,0.432897418737,0.552089512348,-0.289630919695,0.337077617645,0.546814918518,-0.292682677507,0.236499711871,0.540340721607,-0.294882327318,0.13717110455,0.531930565834,-0.296459615231,0.0383518338203,0.521342337132,-0.295412838459,-0.0614489912987,0.512696921825,-0.295471489429,-0.160329908133,0.503461480141,-0.291884064674,-0.258348673582,0.490690529346,-0.289524823427,-0.379973649979,0.549035191536,-0.288798689842,-0.367104351521
1776720944.78,0.566482722759,-0.269066005945,0.432319313288,0.552089512348,-0.289630919695,0.337077617645,0.546814918518,-0.292682677507,0.236499711871,0.540340721607,-0.294882327318,0.13717110455,0.531930565834,-0.296459615231,0.0383518338203,0.521342337132,-0.295412838459,-0.0614489912987,0.512696921825,-0.295471489429,-0.160329908133,0.503461480141,-0.291884064674,-0.258348673582,0.490690529346,-0.289524823427,-0.379973649979,0.551728963852,-0.288000136614,-0.367104351521
1776720944.79,0.568695962429,-0.265647798777,0.431845635176,0.552089512348,-0.289630919695,0.337077617645,0.546814918518,-0.292682677507,0.236499711871,0.540340721607,-0.294882327318,0.13717110455,0.531930565834,-0.296459615231,0.0383518338203,0.521342337132,-0.295412838459,-0.0614489912987,0.512696921825,-0.295471489429,-0.160329908133,0.503461480141,-0.291884064674,-0.258348673582,0.490690529346,-0.289524823427,-0.379973649979,0.554478645325,-0.28714454174,-0.367104351521
1776720944.81,0.570754230022,-0.261559069157,0.431413173676,0.567022323608,-0.279816478491,0.33420047164,0.56096380949,-0.284466862679,0.2339220047,0.554443597794,-0.287913829088,0.134784564376,0.545070886612,-0.291099339724,0.0357508584857,0.534049808979,-0.290493279696,-0.0650232583284,0.529236018658,-0.290092885494,-0.159531146288,0.517099618912,-0.288439899683,-0.261531233788,0.507377028465,-0.287281572819,-0.381710231304,0.557283878326,-0.286228239536,-0.367104351521
1776720944.82,0.572010934353,-0.258333027363,0.431165516376,0.568492114544,-0.277555406094,0.334235548973,0.562633156776,-0.282182782888,0.233839705586,0.556275069714,-0.285970628262,0.134946912527,0.547386944294,-0.289642035961,0.0356730893254,0.537884652615,-0.289846152067,-0.0626268237829,0.527290940285,-0.289724349976,-0.163538366556,0.519786179066,-0.28824955225,-0.26161390543,0.510131120682,-0.287612080574,-0.382092535496,0.56014418602,-0.285247385502,-0.367104351521
1776720944.84,0.573521673679,-0.25361558795,0.430878967047,0.572694003582,-0.269105821848,0.333375275135,0.567392349243,-0.274193435907,0.232692956924,0.561127960682,-0.278743296862,0.133120656013,0.553427159786,-0.282972961664,0.0342082828283,0.546439230442,-0.284071058035,-0.0615381300449,0.53577631712,-0.28673812747,-0.163604229689,0.527826488018,-0.286096125841,-0.262234479189,0.516462802887,-0.286216825247,-0.384374022484,0.563058674335,-0.284197896719,-0.367104351521
1776720944.85,0.574527263641,-0.249548435211,0.430873125792,0.573801934719,-0.266324341297,0.333182573318,0.568898439407,-0.270890563726,0.233110070229,0.562989652157,-0.275843083858,0.132792010903,0.555290162563,-0.280280977488,0.0338853523135,0.545947909355,-0.283139288425,-0.0643940865993,0.536711752415,-0.284487098455,-0.164877831936,0.53123408556,-0.285205334425,-0.261750221252,0.519155025482,-0.28678047657,-0.384602606297,0.566026210785,-0.283075451851,-0.367104351521
1776720944.87,0.575127840042,-0.245749458671,0.43097704649,0.574582517147,-0.262729853392,0.33250027895,0.569859206676,-0.267742604017,0.23212108016,0.565201580524,-0.272450655699,0.133794277906,0.55679744482,-0.277361631393,0.0340739637613,0.547858655453,-0.28062069416,-0.0657769739628,0.540511906147,-0.283361077309,-0.163744688034,0.533217310905,-0.284861236811,-0.262881696224,0.523165941238,-0.286954373121,-0.383894205093,0.569045424461,-0.281875431538,-0.367104351521
1776720944.88,0.57534044981,-0.24211473763,0.431296318769,0.575351655483,-0.259588569403,0.332730293274,0.571152567863,-0.264312624931,0.232211530209,0.565957903862,-0.269485712051,0.132298141718,0.559181928635,-0.274577826262,0.0341172739863,0.550986945629,-0.278280705214,-0.065095230937,0.543508589268,-0.282264322042,-0.163792103529,0.536006629467,-0.283622890711,-0.263350099325,0.52585119009,-0.286858350039,-0.384247004986,0.572114229202,-0.280593067408,-0.367104351521
1776720944.9,0.575185418129,-0.238548085093,0.431624889374,0.576502323151,-0.253580510616,0.332783401012,0.572768568993,-0.257841616869,0.232086360455,0.568920910358,-0.262657284737,0.132417619228,0.563164651394,-0.268037974834,0.033770956099,0.555765986443,-0.273002713919,-0.0652630627155,0.548902750015,-0.277965784073,-0.163667321205,0.54241257906,-0.281443864107,-0.262945115566,0.531226217747,-0.28606146574,-0.38465732336,0.575230419636,-0.279223173857,-0.367104351521
1776720944.91,0.574650466442,-0.235181048512,0.432019472122,0.576826512814,-0.250619441271,0.332702517509,0.573525071144,-0.254544913769,0.232208222151,0.570322811604,-0.259110540152,0.132711976767,0.564900636673,-0.264960378408,0.0338262245059,0.55838227272,-0.270569950342,-0.0646409541368,0.551607847214,-0.275306731462,-0.164303839207,0.545362532139,-0.280375182629,-0.262626945972,0.534441173077,-0.286118716002,-0.384602457285,0.578391134739,-0.277760446072,-0.367104351521
1776720944.93,0.573768973351,-0.232017636299,0.43269777298,0.577404856682,-0.245009332895,0.333170413971,0.575258493423,-0.248567685485,0.233387693763,0.57236301899,-0.252474486828,0.132734715939,0.568362236023,-0.258337825537,0.0339558795094,0.56215441227,-0.263652771711,-0.0655376911163,0.557244896889,-0.271184116602,-0.163746893406,0.55176371336,-0.27738314867,-0.262152075768,0.541926801205,-0.285685509443,-0.384080767632,0.581592798233,-0.276199191809,-0.367104351521
1776720944.94,0.572379589081,-0.228682354093,0.433521479368,0.577325165272,-0.242427632213,0.333586513996,0.575323045254,-0.2454431355,0.232352674007,0.572570264339,-0.249365508556,0.132011026144,0.569808363914,-0.255394071341,0.0343311131001,0.564473927021,-0.261009395123,-0.0648312866688,0.56008130312,-0.268531024456,-0.163440346718,0.554845571518,-0.275990635157,-0.261962920427,0.545328915119,-0.285528868437,-0.38341525197,0.584831357002,-0.27453354001,-0.367104351521
1776720944.96,0.570786297321,-0.225841403008,0.43424731493,0.576610267162,-0.237109318376,0.334545016289,0.575648069382,-0.240549102426,0.233163997531,0.574510276318,-0.243823289871,0.132758632302,0.572843134403,-0.249780446291,0.0349937081337,0.569495916367,-0.25572758913,-0.0622843950987,0.566044569016,-0.264492243528,-0.160917907953,0.560803055763,-0.27231413126,-0.261327564716,0.554541409016,-0.286462575197,-0.379120767117,0.58810198307,-0.272757291794,-0.367104351521
1776720944.97,0.568706691265,-0.222797676921,0.434963464737,0.575593650341,-0.234132885933,0.334029316902,0.575323164463,-0.23757173121,0.233499154449,0.576279819012,-0.241163820028,0.134909063578,0.574196338654,-0.247491523623,0.0352511554956,0.569689750671,-0.253202646971,-0.06349144876,0.568855166435,-0.262493818998,-0.159757375717,0.563999295235,-0.270820498466,-0.260844856501,0.558186352253,-0.285176217556,-0.378972113132,0.591399013996,-0.270863980055,-0.367104351521
1776720944.99,0.566334009171,-0.219709724188,0.435872256756,0.572740018368,-0.227223694324,0.335641473532,0.573893070221,-0.23022544384,0.234982550144,0.576069056988,-0.234233409166,0.135191679001,0.57638078928,-0.239928737283,0.0369992107153,0.573635518551,-0.246132418513,-0.0627388805151,0.574887573719,-0.256573349237,-0.158907234669,0.573679149151,-0.267161220312,-0.256676405668,0.569903552532,-0.282443791628,-0.376968413591,0.594715893269,-0.268846899271,-0.367104351521
1776720945,0.563890576363,-0.216691717505,0.436592966318,0.574596226215,-0.232406228781,0.334725141525,0.575183570385,-0.235169753432,0.233741641045,0.575749874115,-0.238581046462,0.133914530277,0.574892103672,-0.244673550129,0.0360826775432,0.572486698627,-0.251082658768,-0.0625921338797,0.570718884468,-0.26002907753,-0.15979334712,0.567632555962,-0.269437193871,-0.258795887232,0.562141299248,-0.284465134144,-0.378239482641,0.598044931889,-0.266699165106,-0.367104351521
1776720945.02,0.561102092266,-0.213311642408,0.437302052975,0.569809913635,-0.223054841161,0.33674788475,0.572261214256,-0.225836396217,0.235971093178,0.575573861599,-0.230284869671,0.136605679989,0.577131450176,-0.236211434007,0.0382103845477,0.577555060387,-0.243873804808,-0.0601274073124,0.577783703804,-0.253286272287,-0.15927028656,0.57877022028,-0.263635903597,-0.257360696793,0.578096568584,-0.279624164104,-0.375429719687,0.601377546787,-0.2644135952,-0.367104351521
1776720945.03,0.558076202869,-0.209625065327,0.437999665737,0.567828595638,-0.220633268356,0.33753824234,0.571417987347,-0.224289879203,0.237035006285,0.574819266796,-0.227969869971,0.137141734362,0.577687621117,-0.234917163849,0.0387716293335,0.578539133072,-0.242358088493,-0.0597375035286,0.580050289631,-0.251862794161,-0.158841580153,0.581786930561,-0.262384682894,-0.256945461035,0.582055389881,-0.277522623539,-0.375232100487,0.604703843594,-0.261982887983,-0.367104351521
1776720945.05,0.55463886261,-0.20548593998,0.438570559025,0.564289331436,-0.216455250978,0.338832467794,0.568147182465,-0.220743373036,0.23849965632,0.573067605495,-0.225678727031,0.138512477279,0.578223884106,-0.233026891947,0.0419015735388,0.580275893211,-0.240433380008,-0.0583408772945,0.585055470467,-0.249863386154,-0.155390143394,0.586892902851,-0.259779363871,-0.254686385393,0.590188622475,-0.273543745279,-0.373750954866,0.608012497425,-0.259399592876,-0.367104351521
1776720945.06,0.551231086254,-0.201309472322,0.439013302326,0.562451243401,-0.214319050312,0.339280605316,0.567044436932,-0.218679741025,0.239303663373,0.572276473045,-0.224689200521,0.138949513435,0.577345013618,-0.232556864619,0.0412517562509,0.58177113533,-0.239896148443,-0.0567137300968,0.58666652441,-0.249534130096,-0.153894662857,0.58998799324,-0.258050501347,-0.25478798151,0.594330191612,-0.271450310946,-0.372927904129,0.611290991306,-0.256656169891,-0.367104351521
1776720945.08,0.547454714775,-0.196595877409,0.439261257648,0.558402299881,-0.209735408425,0.340769678354,0.563759326935,-0.216025456786,0.240250214934,0.569965064526,-0.222848147154,0.140437573195,0.576347053051,-0.230645567179,0.0423370227218,0.582709610462,-0.238158375025,-0.0552953928709,0.589709460735,-0.24705606699,-0.153258025646,0.595661759377,-0.254355251789,-0.253060162067,0.602520465851,-0.26680585742,-0.371885150671,0.614525079727,-0.253745079041,-0.367104351521
1776720945.09,0.54392427206,-0.192417249084,0.439317971468,0.556247770786,-0.207425862551,0.340752482414,0.562224805355,-0.214509695768,0.24074485898,0.568666279316,-0.221748590469,0.140839338303,0.576062679291,-0.230111569166,0.0433569848537,0.582984805107,-0.237496629357,-0.0544690042734,0.59000980854,-0.245344296098,-0.153785556555,0.598355770111,-0.253299742937,-0.251410514116,0.606248915195,-0.263987541199,-0.371199399233,0.617698907852,-0.250658810139,-0.367104351521
1776720945.11,0.540042161942,-0.187917023897,0.439179778099,0.553954958916,-0.205132365227,0.341143548489,0.560526132584,-0.212787464261,0.241163000464,0.568300008774,-0.220626026392,0.142124906182,0.576341867447,-0.228911161423,0.0453282818198,0.583093523979,-0.236614927649,-0.0538576096296,0.592175662518,-0.244684323668,-0.152097910643,0.601088762283,-0.251673340797,-0.250712692738,0.610596001148,-0.261550843716,-0.370368182659,0.62079501152,-0.247389942408,-0.367104351521
1776720945.12,0.536036968231,-0.183329463005,0.438940763474,0.549353957176,-0.199983119965,0.341672003269,0.557177722454,-0.208623707294,0.242422476411,0.565237164497,-0.217872709036,0.142214715481,0.575179636478,-0.227264598012,0.0463401526213,0.583732426167,-0.234528318048,-0.0529590249062,0.594329595566,-0.242000803351,-0.150361031294,0.605092585087,-0.24760697782,-0.250214010477,0.618033647537,-0.255849719048,-0.368672996759,0.623793900013,-0.243931397796,-0.367104351521
1776720945.14,0.531916677952,-0.178864151239,0.438459038734,0.542180776596,-0.1912471205,0.341852247715,0.551559090614,-0.201661914587,0.24260468781,0.561754643917,-0.212213143706,0.143164649606,0.57285040617,-0.222237050533,0.0457911640406,0.584106147289,-0.229970470071,-0.0515159517527,0.596964299679,-0.236564949155,-0.14998164773,0.611162245274,-0.241072848439,-0.248057097197,0.627686738968,-0.247038677335,-0.367170214653,0.626674294472,-0.240276396275,-0.367104351521
1776720945.15,0.527746915817,-0.17442548275,0.437891364098,0.544675350189,-0.194293469191,0.34187155962,0.5534709692,-0.204256460071,0.242346137762,0.563399732113,-0.214100733399,0.143575400114,0.573932409286,-0.224426925182,0.0468489229679,0.584007203579,-0.231619134545,-0.0519875735044,0.596536517143,-0.238773971796,-0.149107128382,0.609232366085,-0.243301004171,-0.248473703861,0.624054551125,-0.250115394592,-0.368447989225,0.62941300869,-0.236418604851,-0.367104351521
1776720945.17,0.523466825485,-0.170170307159,0.437283784151,0.537073671818,-0.184836551547,0.341433107853,0.547678887844,-0.195763394237,0.242234662175,0.55967259407,-0.206759989262,0.144300475717,0.571439862251,-0.217461958528,0.0461026728153,0.584777712822,-0.225646853447,-0.0505075007677,0.599825680256,-0.231828093529,-0.14846777916,0.615475475788,-0.236183226109,-0.246747195721,0.634649753571,-0.241556107998,-0.366066724062,0.631984829903,-0.232352346182,-0.367104351521
1776720945.18,0.519119501114,-0.166089609265,0.436439663172,0.534350752831,-0.181343972683,0.341136872768,0.545350074768,-0.192638471723,0.24174618721,0.557794988155,-0.203657031059,0.143403336406,0.570652902126,-0.214248791337,0.0461622178555,0.585475802422,-0.222460493445,-0.0496119558811,0.600450217724,-0.229169636965,-0.148828834295,0.617614805698,-0.233339443803,-0.245972514153,0.637431800365,-0.239035829902,-0.364542335272,0.634362578392,-0.228072673082,-0.367104351521
1776720945.2,0.514679968357,-0.162291780114,0.435615152121,0.531780004501,-0.178270787001,0.34075731039,0.543717801571,-0.189402222633,0.242203310132,0.556945025921,-0.200269311666,0.143610477448,0.57106256485,-0.211217343807,0.0474670305848,0.585470616817,-0.219268798828,-0.050601631403,0.602441489697,-0.226362749934,-0.147859841585,0.619223535061,-0.230271860957,-0.24590241909,0.639743030071,-0.235646724701,-0.364635050297,0.636517226696,-0.223575592041,-0.367104351521
1776720945.21,0.509995162487,-0.158506214619,0.434705764055,0.526269555092,-0.171415224671,0.340003162622,0.539062619209,-0.181857734919,0.240877538919,0.554020643234,-0.192590162158,0.143115535378,0.569449186325,-0.20312602818,0.0460125878453,0.585977971554,-0.212021961808,-0.0504057109356,0.603861629963,-0.218849658966,-0.148793280125,0.623037695885,-0.224000707269,-0.245249807835,0.6445530653,-0.229706272483,-0.364590257406,0.638417899609,-0.218858167529,-0.367104351521
1776720945.23,0.505898356438,-0.155428156257,0.433985263109,0.518249034882,-0.161848664284,0.338297665119,0.533094286919,-0.170670509338,0.239485934377,0.549739837646,-0.179762542248,0.14121170342,0.568096876144,-0.189674273133,0.0460326373577,0.586390256882,-0.198170796037,-0.0510232895613,0.605756998062,-0.206252649426,-0.148378461599,0.626338481903,-0.212634205818,-0.24560084939,0.650614321232,-0.221739754081,-0.363176584244,0.640031993389,-0.213918685913,-0.367104351521
1776720945.24,0.501523792744,-0.152347266674,0.433131545782,0.520807385445,-0.165229097009,0.338768452406,0.534914255142,-0.17450492084,0.239847406745,0.551002502441,-0.184284701943,0.141777455807,0.568094670773,-0.194143012166,0.0450251996517,0.58611279726,-0.203369811177,-0.0506199747324,0.605872571468,-0.210798844695,-0.147841334343,0.625820934772,-0.217171952128,-0.244528025389,0.648620188236,-0.224753573537,-0.362822026014,0.641325592995,-0.208756893873,-0.367104351521
1776720945.26,0.49721634388,-0.149488449097,0.432510405779,0.513181388378,-0.156297415495,0.337743520737,0.529227018356,-0.163316145539,0.238695219159,0.547132432461,-0.170614689589,0.140816956758,0.566184222698,-0.179628461599,0.0448102653027,0.585680186749,-0.188050314784,-0.0514735579491,0.606406331062,-0.196406394243,-0.148873120546,0.628043830395,-0.204157546163,-0.245213627815,0.652770519257,-0.215497851372,-0.362595289946,0.642263531685,-0.203373998404,-0.367104351521
1776720945.27,0.492976814508,-0.146877005696,0.431839168072,0.510581076145,-0.153111159801,0.337355852127,0.527495145798,-0.159615904093,0.238395050168,0.546351075172,-0.166217729449,0.140641465783,0.565676271915,-0.174513071775,0.0446994826198,0.585318028927,-0.182673543692,-0.051568120718,0.607148528099,-0.191620141268,-0.148176789284,0.62824088335,-0.20036444068,-0.244606971741,0.6542532444,-0.213246583939,-0.361368507147,0.64280974865,-0.197772964835,-0.367104351521
1776720945.29,0.488841116428,-0.144506648183,0.431370079517,0.505711019039,-0.147551476955,0.336536407471,0.523465454578,-0.152245312929,0.23750667274,0.54297286272,-0.157325044274,0.139374285936,0.56275343895,-0.164900407195,0.0434881895781,0.584059774876,-0.172382548451,-0.0518677681684,0.606719970703,-0.181598186493,-0.147752910852,0.628853499889,-0.191805109382,-0.244097530842,0.655623555183,-0.206509813666,-0.360914796591,0.642927706242,-0.191958457232,-0.367104351521
1776720945.3,0.485390305519,-0.142592668533,0.431034266949,0.500487625599,-0.142194747925,0.335674881935,0.519135296345,-0.145006477833,0.23666292429,0.5398209095,-0.148922398686,0.139140203595,0.560474157333,-0.155079498887,0.0429227203131,0.582269310951,-0.162708207965,-0.052205234766,0.604523181915,-0.171793803573,-0.149583131075,0.628341913223,-0.18263939023,-0.2445551157,0.656110525131,-0.199668064713,-0.360169708729,0.642580807209,-0.185937017202,-0.367104351521
1776720945.32,0.481137514114,-0.140357464552,0.430811554193,0.497890412807,-0.139692440629,0.335045516491,0.517036795616,-0.142147228122,0.236484721303,0.537964403629,-0.145123228431,0.13897831738,0.558791816235,-0.15108576417,0.0427601635456,0.581202447414,-0.157678931952,-0.0526230037212,0.60369437933,-0.167401924729,-0.149501919746,0.628192663193,-0.179340183735,-0.243571043015,0.656166017056,-0.195403844118,-0.359821915627,0.641733050346,-0.179716989398,-0.367104351521
1776720945.33,0.478336453438,-0.138912424445,0.43079996109,0.492616951466,-0.135477110744,0.334599375725,0.512178778648,-0.136134818196,0.236289024353,0.533667743206,-0.137960329652,0.138607114553,0.555365025997,-0.143172070384,0.0426029190421,0.578466713428,-0.149977117777,-0.0522933751345,0.601358830929,-0.159131243825,-0.149092435837,0.626393616199,-0.170878916979,-0.243446797132,0.654736638069,-0.186647057533,-0.359787285328,0.640349388123,-0.173308551311,-0.367104351521
1776720945.35,0.474158465862,-0.136785462499,0.430993497372,0.490365684032,-0.133548796177,0.334776520729,0.509701311588,-0.133559495211,0.235978573561,0.531594157219,-0.134741395712,0.138626098633,0.553751587868,-0.1400359869,0.0430905371904,0.576720952988,-0.146135658026,-0.0522750616074,0.600774466991,-0.155581876636,-0.148492455482,0.625437796116,-0.166314527392,-0.243919193745,0.653840065002,-0.183291852474,-0.359180897474,0.638396322727,-0.166723594069,-0.367104351521
1776720945.36,0.471360594034,-0.135279506445,0.431283891201,0.487754225731,-0.131700575352,0.334653019905,0.507407128811,-0.131373167038,0.236049920321,0.529347360134,-0.13214816153,0.138220518827,0.551411628723,-0.136753752828,0.0429548844695,0.575021386147,-0.142690107226,-0.0521000176668,0.59838527441,-0.151687756181,-0.149438291788,0.623817265034,-0.161950796843,-0.244357407093,0.652960479259,-0.17778262496,-0.359631001949,0.635842561722,-0.159975513816,-0.367104351521
1776720945.38,0.468427062035,-0.133567169309,0.431902825832,0.483400702477,-0.129122436047,0.334653168917,0.502832055092,-0.12797485292,0.236319184303,0.524059176445,-0.128197222948,0.1384485811,0.546543359756,-0.131751701236,0.0424541905522,0.570629179478,-0.137445300817,-0.0519440472126,0.594715714455,-0.14492072165,-0.148994088173,0.620301008224,-0.15430739522,-0.243083924055,0.650146365166,-0.168390154839,-0.359205037355,0.632659554482,-0.153079017997,-0.367104351521
1776720945.39,0.465599566698,-0.131637513638,0.432652175426,0.479186236858,-0.127254143357,0.33511275053,0.498365104198,-0.12599170208,0.236306399107,0.519432544708,-0.125864058733,0.138943836093,0.54208111763,-0.12852948904,0.0434927344322,0.56538939476,-0.132679924369,-0.0522365272045,0.589912235737,-0.138710275292,-0.148837536573,0.615978896618,-0.146496430039,-0.243292093277,0.646018385887,-0.157795712352,-0.359572201967,0.628924846649,-0.146224856377,-0.367104351521
1776720945.41,0.463899374008,-0.130149006844,0.433431953192,0.477224946022,-0.126343488693,0.335585087538,0.496287047863,-0.125411957502,0.2367195189,0.516857206821,-0.124977745116,0.138830408454,0.538980185986,-0.127469316125,0.0428389459848,0.562729299068,-0.130569040775,-0.0518253445625,0.586830496788,-0.135667011142,-0.149131774902,0.613215684891,-0.142229363322,-0.243663221598,0.643929421902,-0.152613803744,-0.359310746193,0.624660849571,-0.139428570867,-0.367104351521
1776720945.42,0.461903899908,-0.127908840775,0.434611320496,0.475533366203,-0.125723093748,0.335785329342,0.49428743124,-0.125246793032,0.237178608775,0.514924108982,-0.124754711986,0.139193385839,0.5368013978,-0.126528188586,0.0437399148941,0.559883654118,-0.129196107388,-0.0517577379942,0.584189534187,-0.132773548365,-0.148883610964,0.610356390476,-0.138013079762,-0.243663877249,0.641495525837,-0.146458595991,-0.36087796092,0.61989235878,-0.132703587413,-0.367104351521
1776720945.44,0.460389524698,-0.125485166907,0.435799628496,0.470616817474,-0.123061165214,0.337529659271,0.488583087921,-0.123950242996,0.238256767392,0.507969677448,-0.124028146267,0.14031881094,0.528620958328,-0.125045239925,0.0446887165308,0.550685226917,-0.125611692667,-0.051377505064,0.574761331081,-0.125958263874,-0.14837577939,0.600503861904,-0.127012088895,-0.243227154016,0.631795823574,-0.129384294152,-0.360814988613,0.614646136761,-0.126061156392,-0.367104351521
1776720945.45,0.459185987711,-0.12277559936,0.437049537897,0.469639778137,-0.122306890786,0.338429987431,0.486872255802,-0.123406946659,0.239412367344,0.505574941635,-0.123842313886,0.140936255455,0.525764346123,-0.124995693564,0.0447412580252,0.547407627106,-0.124504871666,-0.0511266291142,0.571223676205,-0.12361202389,-0.14810860157,0.596976041794,-0.122871667147,-0.244300782681,0.627937197685,-0.123313315213,-0.360651999712,0.608950376511,-0.119510225952,-0.367104351521
1776720945.47,0.458326369524,-0.119743347168,0.438470035791,0.467368602753,-0.119544930756,0.339879781008,0.483484447002,-0.121647506952,0.240380123258,0.501271724701,-0.122752770782,0.142191588879,0.520560383797,-0.123670749366,0.0461560487747,0.541327238083,-0.122290737927,-0.0502229630947,0.564290642738,-0.119794398546,-0.147865563631,0.588810622692,-0.115724273026,-0.243926048279,0.619284033775,-0.111708410084,-0.360750168562,0.60283446312,-0.113057538867,-0.367104351521
1776720945.48,0.45781698823,-0.116607181728,0.439937978983,0.468460917473,-0.121014595032,0.33930337429,0.485063791275,-0.122742116451,0.239734619856,0.503323197365,-0.123544171453,0.141486033797,0.523337721825,-0.124239355326,0.0453933477402,0.544497907162,-0.123443625867,-0.0509753227234,0.567592561245,-0.121771015227,-0.148148477077,0.593062520027,-0.119276657701,-0.243829518557,0.624056279659,-0.117665186524,-0.3605273664,0.596328318119,-0.106707647443,-0.367104351521
1776720945.5,0.457562953234,-0.112922586501,0.441445380449,0.465968430042,-0.11654304713,0.341531395912,0.481046557426,-0.119014576077,0.242285847664,0.497369408607,-0.120676465333,0.143315821886,0.515899062157,-0.121689498425,0.0471681207418,0.535549044609,-0.119923189282,-0.0494508296251,0.557547330856,-0.115269854665,-0.146734327078,0.580925345421,-0.108627051115,-0.242649197578,0.609427690506,-0.100452177227,-0.360843777657,0.589462161064,-0.100462980568,-0.367104351521
1776720945.51,0.457548171282,-0.108811356127,0.443062782288,0.465336799622,-0.114612981677,0.342372983694,0.479667901993,-0.117458246648,0.243063002825,0.495704054832,-0.119077898562,0.144253104925,0.513506114483,-0.120422616601,0.0479204580188,0.532627224922,-0.117949217558,-0.0483088195324,0.553883373737,-0.112771347165,-0.14624324441,0.576417505741,-0.104679949582,-0.242800474167,0.604239284992,-0.0946731641889,-0.36013507843,0.5822660923,-0.0943239927292,-0.367104351521
1776720945.53,0.457782775164,-0.104933820665,0.444473206997,0.464602351189,-0.110297232866,0.34463056922,0.477906227112,-0.11368471384,0.245161443949,0.492518603802,-0.115652807057,0.145710930228,0.509082257748,-0.116229206324,0.0492745786905,0.526605427265,-0.113290838897,-0.0479788780212,0.545862138271,-0.106427580118,-0.145821541548,0.56742811203,-0.0966643467546,-0.241853296757,0.59281617403,-0.0839234292507,-0.359924435616,0.574769973755,-0.0882892683148,-0.367104351521
1776720945.54,0.458282262087,-0.100511573255,0.445878714323,0.464210569859,-0.105643026531,0.346118211746,0.477046191692,-0.108772359788,0.247117042542,0.490178823471,-0.110418982804,0.147330984473,0.505193471909,-0.110666692257,0.0506542548537,0.520953476429,-0.106609083712,-0.0465929061174,0.538236021996,-0.0990100651979,-0.145464301109,0.557173073292,-0.0877733305097,-0.241655021906,0.580053150654,-0.0741371661425,-0.360062599182,0.567003130913,-0.0823556780815,-0.367104351521
1776720945.56,0.459002971649,-0.0956574380398,0.447176933289,0.464252829552,-0.102944433689,0.347579807043,0.476428806782,-0.106226280332,0.247839659452,0.489200115204,-0.107045054436,0.148242518306,0.502961575985,-0.107313171029,0.0505039654672,0.518069505692,-0.102842107415,-0.0460024476051,0.534496486187,-0.0946806594729,-0.144654482603,0.552467226982,-0.0835127830505,-0.241740524769,0.574076533318,-0.0696533173323,-0.359589397907,0.558994054794,-0.0765185281634,-0.367104351521
1776720945.57,0.459860950708,-0.0904412344098,0.448255836964,0.464555501938,-0.100408188999,0.348222672939,0.476249814034,-0.103110715747,0.248549640179,0.488239705563,-0.103805556893,0.148929014802,0.50150424242,-0.103088632226,0.0515703223646,0.515305757523,-0.0984608083963,-0.0451774150133,0.531247615814,-0.090103417635,-0.143589764833,0.54717451334,-0.0789845511317,-0.241907179356,0.566756248474,-0.065025895834,-0.360146522522,0.550770759583,-0.0707717239857,-0.367104351521
1776720945.59,0.460812181234,-0.0850149318576,0.449087798595,0.465941786766,-0.0905926823616,0.350899875164,0.475799739361,-0.0918029993773,0.250857621431,0.485879957676,-0.0913352817297,0.151048108935,0.496046900749,-0.089320152998,0.053186815232,0.506786525249,-0.0835503563285,-0.044292896986,0.518459916115,-0.0754854008555,-0.143300265074,0.531346619129,-0.0652131289244,-0.240921020508,0.546254992485,-0.0527795292437,-0.360968708992,0.542360067368,-0.0651079341769,-0.367104351521
1776720945.6,0.461888939142,-0.0791900083423,0.449740797281,0.465279042721,-0.0940254703164,0.35014295578,0.47601801157,-0.0958563312888,0.250394135714,0.486744582653,-0.0956712216139,0.150297552347,0.497955083847,-0.0943767800927,0.0530672855675,0.509598016739,-0.0892775729299,-0.0444072782993,0.521991968155,-0.0807165130973,-0.143847614527,0.536606311798,-0.0697751715779,-0.241066038609,0.553832232952,-0.0565326139331,-0.36008605361,0.533788263798,-0.0595187284052,-0.367104351521
1776720945.62,0.463070809841,-0.0731006413698,0.45022135973,0.466390371323,-0.0826537534595,0.351830095053,0.475447177887,-0.082473218441,0.251811265945,0.483903467655,-0.0810330286622,0.152067869902,0.492573142052,-0.0787330940366,0.0543595254421,0.501086056232,-0.0725509822369,-0.0434584468603,0.510649621487,-0.0651917159557,-0.142635375261,0.520753383636,-0.0558505095541,-0.24087369442,0.531613111496,-0.0446080602705,-0.36144143343,0.525080680847,-0.0539947710931,-0.367104351521
1776720945.63,0.464364111423,-0.0665375590324,0.450605630875,0.466845870018,-0.0784131586552,0.352424561977,0.475084841251,-0.0776863917708,0.252280920744,0.483101427555,-0.0756157413125,0.15245205164,0.490710437298,-0.0729937031865,0.0539962686598,0.49875587225,-0.0666824430227,-0.0430771559477,0.506227850914,-0.0597239360213,-0.143083065748,0.515506207943,-0.0510467588902,-0.241085737944,0.524677336216,-0.0412393659353,-0.361703127623,0.516261875629,-0.0485259369016,-0.367104351521
1776720945.65,0.465693056583,-0.0598375760019,0.45079216361,0.467211306095,-0.0694057792425,0.353367805481,0.47428548336,-0.0670737996697,0.252549052238,0.481029689312,-0.0639577656984,0.152690514922,0.487128317356,-0.0607898123562,0.0545483008027,0.49302136898,-0.0547199621797,-0.0430782437325,0.4977632761,-0.0492345541716,-0.142830729485,0.503823876381,-0.0421413853765,-0.241413086653,0.50908434391,-0.033768568188,-0.362582683563,0.507355809212,-0.0431014671922,-0.367104351521
1776720945.66,0.46713322401,-0.0525841526687,0.450839370489,0.46754348278,-0.0643194913864,0.353346586227,0.47401881218,-0.0614037252963,0.253179520369,0.479837536812,-0.0581006444991,0.152823746204,0.485271513462,-0.0547451749444,0.0547699406743,0.490233778954,-0.0487817898393,-0.0423511862755,0.494264543056,-0.0440171025693,-0.142635464668,0.49822217226,-0.0377650409937,-0.241602092981,0.50155377388,-0.0303823053837,-0.363350063562,0.498385906219,-0.0377101078629,-0.367104351521
1776720945.68,0.468624323606,-0.0452941469848,0.450738161802,0.468341767788,-0.0546024739742,0.353626430035,0.472966909409,-0.0505336374044,0.25329554081,0.477188527584,-0.0458875596523,0.153279185295,0.480521142483,-0.0425382740796,0.054909043014,0.483932375908,-0.0375308170915,-0.0425512641668,0.484348595142,-0.0340022481978,-0.14377579093,0.486331164837,-0.0289875436574,-0.241856366396,0.486458182335,-0.0235601644963,-0.363460749388,0.489374995232,-0.032340247184,-0.367104351521
1776720945.69,0.470263600349,-0.0374544896185,0.450493574142,0.468401670456,-0.0495462827384,0.353813588619,0.472462773323,-0.0447350814939,0.253419220448,0.475471198559,-0.0398854389787,0.152999937534,0.478308677673,-0.0367468930781,0.0549227446318,0.479297339916,-0.0324712768197,-0.0436691939831,0.47963809967,-0.0288424473256,-0.143393188715,0.480232954025,-0.0243455953896,-0.242396324873,0.479186713696,-0.0204725693911,-0.36365032196,0.480345904827,-0.0269800443202,-0.367104351521
1776720945.71,0.472107261419,-0.0287738274783,0.450127035379,0.469216227531,-0.0390763506293,0.353696227074,0.471396148205,-0.0340374968946,0.253538221121,0.472511529922,-0.0286476593465,0.153088271618,0.47290199995,-0.0254810005426,0.0547288432717,0.472547471523,-0.0219832286239,-0.0434525161982,0.46959143877,-0.0191851165146,-0.14399471879,0.468068420887,-0.0158786233515,-0.242653250694,0.463183403015,-0.0136795453727,-0.364731788635,0.471321105957,-0.0216175559908,-0.367104351521
1776720945.72,0.473353117704,-0.0228266175836,0.449765890837,0.469632267952,-0.0341374874115,0.353597700596,0.4707223773,-0.0287703182548,0.253357410431,0.470529973507,-0.0237887948751,0.152803853154,0.470012307167,-0.020106209442,0.054458450526,0.467831194401,-0.0167744681239,-0.044278010726,0.464616596699,-0.0142891202122,-0.143548250198,0.462042689323,-0.0122752599418,-0.242523699999,0.455730736256,-0.0101660965011,-0.364897280931,0.462323188782,-0.0162408575416,-0.367104351521
1776720945.74,0.475350856781,-0.0135731324553,0.449078649282,0.469853878021,-0.0289114527404,0.353461265564,0.470007479191,-0.0236729737371,0.252441704273,0.469050526619,-0.0184447299689,0.152808785439,0.467308461666,-0.0152272498235,0.0544705949724,0.463873624802,-0.0118591282517,-0.0438873916864,0.459132313728,-0.00991790555418,-0.143479347229,0.455779850483,-0.0079003777355,-0.242437332869,0.449175596237,-0.00784242153168,-0.364678502083,0.453374922276,-0.0108381845057,-0.367104351521
1776720945.75,0.477435112,-0.00431116018444,0.448151707649,0.470655918121,-0.0184432584792,0.352924108505,0.468457579613,-0.0136352200061,0.252296626568,0.465438902378,-0.00881411414593,0.152401864529,0.460994243622,-0.00563216023147,0.0538870841265,0.455150783062,-0.00285636237822,-0.0444350540638,0.44896453619,-0.00116415298544,-0.144080609083,0.443381667137,-0.000372528913431,-0.242820829153,0.433294355869,-2.47176503763e-05,-0.365146100521,0.444499492645,-0.00539804343134,-0.367104351521
1776720945.77,0.478914737701,0.00225841882639,0.447373718023,0.470972836018,-0.00822717417032,0.351961970329,0.466764628887,-0.003945607692,0.251799315214,0.461066424847,8.26427713037e-05,0.15187433362,0.454732894897,0.00231829844415,0.0532657839358,0.446680486202,0.00532208569348,-0.0450358241796,0.438450992107,0.00613264739513,-0.144559055567,0.430283546448,0.00752668920904,-0.243498504162,0.419381916523,0.00688037183136,-0.365575313568,0.435720384121,9.0642599389e-05,-0.367104351521
1776720945.78,0.480983525515,0.0114085329697,0.445992171764,0.471036493778,-0.00290118344128,0.351743638515,0.465885460377,0.000674513168633,0.251086860895,0.459283530712,0.00433177640662,0.151666820049,0.451294183731,0.00617552734911,0.0532233640552,0.442961275578,0.00869773793966,-0.0448801666498,0.433410406113,0.00971007440239,-0.144201606512,0.424862146378,0.0105454921722,-0.243432372808,0.412387490273,0.0103270597756,-0.365247040987,0.427061796188,0.00563840661198,-0.367104351521
1776720945.8,0.48279222846,0.0191822834313,0.444639831781,0.471036493778,-0.00290118344128,0.351743638515,0.465885460377,0.000674513168633,0.251086860895,0.459283530712,0.00433177640662,0.151666820049,0.451294183731,0.00617552734911,0.0532233640552,0.442961275578,0.00869773793966,-0.0448801666498,0.433410406113,0.00971007440239,-0.144201606512,0.424862146378,0.0105454921722,-0.243432372808,0.412387490273,0.0103270597756,-0.365247040987,0.418548643589,0.0112550919876,-0.367104351521
1776720945.81,0.48459649086,0.0269330721349,0.443088412285,0.471036493778,-0.00290118344128,0.351743638515,0.465885460377,0.000674513168633,0.251086860895,0.459283530712,0.00433177640662,0.151666820049,0.451294183731,0.00617552734911,0.0532233640552,0.442961275578,0.00869773793966,-0.0448801666498,0.433410406113,0.00971007440239,-0.144201606512,0.424862146378,0.0105454921722,-0.243432372808,0.412387490273,0.0103270597756,-0.365247040987,0.410206496716,0.0169497095048,-0.367104351521
1776720945.83,0.486270397902,0.0345535054803,0.441366314888,0.480933964252,0.0197419505566,0.446222454309,0.471993923187,0.0218390449882,0.347953885794,0.460553109646,0.0231542568654,0.248432829976,0.448520421982,0.0244205445051,0.149318888783,0.43559217453,0.0239709261805,0.0508841052651,0.42342787981,0.0238679628819,-0.0468845814466,0.408403396606,0.0252788830549,-0.145360559225,0.396302163601,0.0269982367754,-0.244603335857,0.40206193924,0.0227302778512,-0.367104351521
1776720945.84,0.487796992064,0.0419973246753,0.439583331347,0.480933964252,0.0197419505566,0.446222454309,0.471993923187,0.0218390449882,0.347953885794,0.460553109646,0.0231542568654,0.248432829976,0.448520421982,0.0244205445051,0.149318888783,0.43559217453,0.0239709261805,0.0508841052651,0.42342787981,0.0238679628819,-0.0468845814466,0.408403396606,0.0252788830549,-0.145360559225,0.396302163601,0.0269982367754,-0.244603335857,0.394142210484,0.0286036822945,-0.367104351521
1776720945.86,0.489195019007,0.0491206645966,0.437592983246,0.473348021507,0.0397183969617,0.344439566135,0.458129942417,0.0390034578741,0.244762927294,0.442259073257,0.0383843332529,0.146416038275,0.425635159016,0.0370221361518,0.0487423315644,0.409445285797,0.0367123745382,-0.0486160665751,0.391594648361,0.03831025213,-0.147055119276,0.375787675381,0.0404792129993,-0.245135128498,0.354905426502,0.0442592613399,-0.3673607409,0.386475503445,0.0345754958689,-0.367104351521
1776720945.87,0.490463137627,0.0557408966124,0.435563087463,0.473348021507,0.0397183969617,0.344439566135,0.458129942417,0.0390034578741,0.244762927294,0.442259073257,0.0383843332529,0.146416038275,0.425635159016,0.0370221361518,0.0487423315644,0.409445285797,0.0367123745382,-0.0486160665751,0.391594648361,0.03831025213,-0.147055119276,0.375787675381,0.0404792129993,-0.245135128498,0.354905426502,0.0442592613399,-0.3673607409,0.379090666771,0.040649831295,-0.367104351521
1776720945.89,0.491609454155,0.0620406866074,0.433494031429,0.474260926247,0.0484619699419,0.341571122408,0.457849860191,0.0466661192477,0.242455780506,0.440620481968,0.0455854162574,0.144429177046,0.421708643436,0.0439392924309,0.0471647530794,0.403457760811,0.0446023903787,-0.049074575305,0.38501894474,0.0452798977494,-0.147388339043,0.366215825081,0.0475226193666,-0.245989173651,0.344087541103,0.0495830588043,-0.366123914719,0.372017323971,0.0468291863799,-0.367104351521
1776720945.9,0.492663621902,0.0680447891355,0.43142837286,0.474965274334,0.0569138266146,0.338967949152,0.457344949245,0.0549532882869,0.240174844861,0.439196765423,0.0535172186792,0.142659395933,0.418921768665,0.051253631711,0.0455507561564,0.398588836193,0.0516938269138,-0.0507379472256,0.378097653389,0.0517298951745,-0.149156838655,0.357460081577,0.0547132752836,-0.246884822845,0.333719193935,0.056477997452,-0.367051422596,0.365285336971,0.0531142726541,-0.367104351521
1776720945.92,0.493610471487,0.0736295804381,0.429410785437,0.475311756134,0.0613223016262,0.337674230337,0.457310974598,0.0589848272502,0.238868281245,0.438176572323,0.0576160103083,0.141089767218,0.417429208755,0.0553711950779,0.0445596948266,0.397557675838,0.0553078092635,-0.0515710860491,0.375525295734,0.0560803189874,-0.14958062768,0.354161679745,0.0586165934801,-0.247686833143,0.329115867615,0.0591849796474,-0.367069751024,0.358924925327,0.0595038980246,-0.367104351521
1776720945.93,0.49447837472,0.0790170580149,0.427317619324,0.475429534912,0.0655118301511,0.336585640907,0.457084953785,0.0635217875242,0.237472891808,0.437611818314,0.0618435144424,0.139494404197,0.416485309601,0.0592431500554,0.0430496409535,0.395452857018,0.0590440072119,-0.0530715584755,0.372622311115,0.0601517260075,-0.150157421827,0.350958406925,0.0614827498794,-0.247520655394,0.323130995035,0.0646416321397,-0.368099212646,0.352966308594,0.0659948289394,-0.367104351521
1776720945.95,0.495120853186,0.0833217948675,0.425588548183,0.47603648901,0.0735120475292,0.333995819092,0.457487285137,0.0725966021419,0.235122531652,0.436841607094,0.0709877237678,0.137966692448,0.414872944355,0.0685223788023,0.0412794277072,0.392464578152,0.0674948766828,-0.0550408512354,0.368163108826,0.067707426846,-0.152326792479,0.34443128109,0.0694040805101,-0.249108731747,0.313927054405,0.0704319402575,-0.368217140436,0.347439110279,0.0725816860795,-0.367104351521
1776720945.96,0.495677411556,0.0876138284802,0.423763990402,0.47603648901,0.0735120475292,0.333995819092,0.457487285137,0.0725966021419,0.235122531652,0.436841607094,0.0709877237678,0.137966692448,0.414872944355,0.0685223788023,0.0412794277072,0.392464578152,0.0674948766828,-0.0550408512354,0.368163108826,0.067707426846,-0.152326792479,0.34443128109,0.0694040805101,-0.249108731747,0.313927054405,0.0704319402575,-0.368217140436,0.34237241745,0.0792568847537,-0.367104351521
1776720945.98,0.496105313301,0.0915524587035,0.422055095434,0.477003574371,0.0843454673886,0.329873353243,0.457150220871,0.0845786258578,0.231124490499,0.436338424683,0.0841455608606,0.136966794729,0.41312289238,0.0820997878909,0.0376840159297,0.390075802803,0.0807555243373,-0.057860866189,0.362654924393,0.0800549462438,-0.154660105705,0.336914777756,0.0802835524082,-0.250992298126,0.302396297455,0.0807973369956,-0.370305389166,0.337793886662,0.0860105901957,-0.367104351521
1776720945.99,0.496418565512,0.0954842194915,0.420371621847,0.477003574371,0.0843454673886,0.329873353243,0.457150220871,0.0845786258578,0.231124490499,0.436338424683,0.0841455608606,0.136966794729,0.41312289238,0.0820997878909,0.0376840159297,0.390075802803,0.0807555243373,-0.057860866189,0.362654924393,0.0800549462438,-0.154660105705,0.336914777756,0.0802835524082,-0.250992298126,0.302396297455,0.0807973369956,-0.370305389166,0.333729565144,0.0928307324648,-0.367104351521
1776720946.01,0.496556401253,0.0986071079969,0.419004619122,0.476973056793,0.0965414941311,0.32520866394,0.457622945309,0.0985919833183,0.227099269629,0.43602001667,0.0999627560377,0.128670960665,0.412303328514,0.0996144637465,0.0334144309163,0.387338101864,0.0995977818966,-0.0608937442303,0.357871174812,0.0982316210866,-0.157023519278,0.329300522804,0.0962301790714,-0.253540664911,0.292278468609,0.0927817746997,-0.370417237282,0.330203533173,0.0997030436993,-0.367104351521
1776720946.02,0.496590912342,0.101609528065,0.417714059353,0.476819932461,0.0878031626344,0.328356564045,0.457235574722,0.0881215259433,0.229931652546,0.43625921011,0.0883725509048,0.13198029995,0.413054525852,0.0868954136968,0.0368241593242,0.38929861784,0.0856008306146,-0.0591149479151,0.361617267132,0.0840546488762,-0.155464679003,0.334150195122,0.0846605971456,-0.251639187336,0.299673825502,0.0832938104868,-0.369422137737,0.327236890793,0.106611177325,-0.367104351521
1776720946.04,0.496538192034,0.104280427098,0.416566461325,0.476869761944,0.103899344802,0.322239756584,0.457309424877,0.106996819377,0.223513036966,0.435676634312,0.109496660531,0.125964492559,0.411221623421,0.110998034477,0.0308265537024,0.3853058815,0.112027980387,-0.0633871555328,0.35517680645,0.110613256693,-0.159437537193,0.325193315744,0.108223706484,-0.254953742027,0.286355018616,0.103819690645,-0.372165322304,0.324847817421,0.11353687942,-0.367104351521
1776720946.05,0.496480762959,0.106592953205,0.415551543236,0.476869761944,0.103899344802,0.322239756584,0.457309424877,0.106996819377,0.223513036966,0.435676634312,0.109496660531,0.125964492559,0.411221623421,0.110998034477,0.0308265537024,0.3853058815,0.112027980387,-0.0633871555328,0.35517680645,0.110613256693,-0.159437537193,0.325193315744,0.108223706484,-0.254953742027,0.286355018616,0.103819690645,-0.372165322304,0.32305085659,0.120460167527,-0.367104351521
1776720946.07,0.496432781219,0.108574852347,0.414735019207,0.47646522522,0.108457066119,0.320662856102,0.45644235611,0.112019054592,0.222181424499,0.434172987938,0.115645542741,0.124208934605,0.409576714039,0.117304392159,0.0290083512664,0.384338378906,0.118500314653,-0.0645405501127,0.358013570309,0.115227140486,-0.158178150654,0.324223965406,0.115963570774,-0.256241351366,0.286793678999,0.110835015774,-0.37223303318,0.321856528521,0.127359643579,-0.367104351521
1776720946.08,0.496341586113,0.110274896026,0.414057850838,0.476009190083,0.112077020109,0.319277465343,0.455870687962,0.1171361655,0.221776276827,0.433757960796,0.120480373502,0.123184934258,0.409273803234,0.122537076473,0.0282397195697,0.383597612381,0.123348459601,-0.0667966157198,0.358139574528,0.120562024415,-0.159246861935,0.323782861233,0.121572785079,-0.25770971179,0.28572049737,0.118856079876,-0.374698102474,0.321271061897,0.134212762117,-0.367104351521
1776720946.1,0.49615329504,0.111829012632,0.413540750742,0.475535035133,0.11413346976,0.318881988525,0.45487600565,0.118791259825,0.220613867044,0.432433187962,0.122897408903,0.122933708131,0.40838187933,0.124478697777,0.027330711484,0.382834613323,0.125910609961,-0.0668347924948,0.352191984653,0.125303968787,-0.1638007164,0.323666661978,0.124356850982,-0.258837819099,0.285818874836,0.122945278883,-0.375171124935,0.321296036243,0.140996232629,-0.367104351521
1776720946.11,0.495882749557,0.11324365437,0.413190424442,0.475535035133,0.11413346976,0.318881988525,0.45487600565,0.118791259825,0.220613867044,0.432433187962,0.122897408903,0.122933708131,0.40838187933,0.124478697777,0.027330711484,0.382834613323,0.125910609961,-0.0668347924948,0.352191984653,0.125303968787,-0.1638007164,0.323666661978,0.124356850982,-0.258837819099,0.285818874836,0.122945278883,-0.375171124935,0.32192838192,0.147686392069,-0.367104351521
1776720946.13,0.495547503233,0.114603757858,0.413009643555,0.474740505219,0.116395510733,0.318188816309,0.454269468784,0.121791355312,0.219997406006,0.431434631348,0.126475721598,0.122497357428,0.407076299191,0.128275677562,0.0272482037544,0.38213121891,0.1298943609,-0.0674947202206,0.352736592293,0.131482973695,-0.164237320423,0.324826896191,0.131590649486,-0.259331464767,0.287708520889,0.130976766348,-0.377094447613,0.323160171509,0.154259577394,-0.367104351521
1776720946.14,0.495133012533,0.116023488343,0.412944734097,0.474740505219,0.116395510733,0.318188816309,0.454269468784,0.121791355312,0.219997406006,0.431434631348,0.126475721598,0.122497357428,0.407076299191,0.128275677562,0.0272482037544,0.38213121891,0.1298943609,-0.0674947202206,0.352736592293,0.131482973695,-0.164237320423,0.324826896191,0.131590649486,-0.259331464767,0.287708520889,0.130976766348,-0.377094447613,0.324978858232,0.160692557693,-0.367104351521
1776720946.16,0.494655370712,0.117446340621,0.412922114134,0.474740505219,0.116395510733,0.318188816309,0.454269468784,0.121791355312,0.219997406006,0.431434631348,0.126475721598,0.122497357428,0.407076299191,0.128275677562,0.0272482037544,0.38213121891,0.1298943609,-0.0674947202206,0.352736592293,0.131482973695,-0.164237320423,0.324826896191,0.131590649486,-0.259331464767,0.287708520889,0.130976766348,-0.377094447613,0.327367335558,0.166962981224,-0.367104351521
1776720946.17,0.494002968073,0.119170188904,0.413013160229,0.473695337772,0.119407586753,0.317141473293,0.452776551247,0.124281972647,0.219404190779,0.430141687393,0.128440514207,0.121353857219,0.40602761507,0.132401570678,0.0261552035809,0.381901860237,0.136274650693,-0.0684918016195,0.353754580021,0.1405274719,-0.165977656841,0.327719449997,0.144285202026,-0.26213145256,0.295216470957,0.147721767426,-0.380722820759,0.330304384232,0.173049658537,-0.367104351521
1776720946.19,0.493267834187,0.120903640985,0.413195937872,0.472778320312,0.122162409127,0.316995441914,0.452232599258,0.126034662127,0.218905806541,0.429964840412,0.13022492826,0.121018193662,0.407053768635,0.134755864739,0.0258000195026,0.384598314762,0.140755176544,-0.0697550326586,0.361683547497,0.147309586406,-0.165460586548,0.333903253078,0.156367152929,-0.265804320574,0.306818306446,0.164367973804,-0.384539067745,0.333764910698,0.178932949901,-0.367104351521
1776720946.2,0.492525011301,0.122571028769,0.413434922695,0.473001182079,0.121729001403,0.317208707333,0.451873660088,0.12551560998,0.219370275736,0.429691493511,0.13020914793,0.120999924839,0.406789422035,0.133835539222,0.0258034989238,0.383685410023,0.139825180173,-0.0689671784639,0.361905634403,0.144551262259,-0.16323184967,0.331423401833,0.154268071055,-0.26490855217,0.305325716734,0.159375727177,-0.382206112146,0.337720751762,0.18459507823,-0.367104351521
1776720946.22,0.491633653641,0.124500930309,0.41385152936,0.472071766853,0.125526487827,0.317899048328,0.452162384987,0.128648340702,0.219418898225,0.431279242039,0.132734775543,0.120758369565,0.410296738148,0.136594548821,0.0247384086251,0.389316856861,0.143798530102,-0.0706355720758,0.368308186531,0.15235234797,-0.168072223663,0.345652163029,0.164197936654,-0.264976918697,0.318523228168,0.176205962896,-0.386864602566,0.34214091301,0.190020292997,-0.367104351521
1776720946.23,0.490777701139,0.126301139593,0.41438049078,0.471366465092,0.126285865903,0.317501187325,0.452111184597,0.129833072424,0.219640791416,0.431973457336,0.13336032629,0.12083915621,0.410996377468,0.137591734529,0.0243236422539,0.391782999039,0.145087882876,-0.0707509368658,0.370839476585,0.154289737344,-0.168631076813,0.348712623119,0.166222646832,-0.266234695911,0.322646737099,0.180230662227,-0.387575387955,0.346992492676,0.195195123553,-0.367104351521
1776720946.25,0.490092039108,0.12786270678,0.414947539568,0.472631692886,0.122992165387,0.31751704216,0.452136814594,0.126633048058,0.218995317817,0.430235683918,0.130607277155,0.120829239488,0.407176494598,0.134866684675,0.0250847563148,0.385731339455,0.141746595502,-0.0702337324619,0.36369228363,0.148799523711,-0.166286170483,0.337341427803,0.159207418561,-0.266071736813,0.311557233334,0.167944520712,-0.384401023388,0.352241039276,0.200108349323,-0.367104351521
1776720946.26,0.489237129688,0.130041256547,0.415854930878,0.471415638924,0.129002347589,0.317800551653,0.45253431797,0.132231116295,0.219293355942,0.433444738388,0.135856851935,0.120589055121,0.414583206177,0.140580743551,0.0240721479058,0.396886110306,0.148151516914,-0.071707829833,0.377609074116,0.15801858902,-0.169855713844,0.354526817799,0.172308340669,-0.269489556551,0.33226776123,0.18628038466,-0.387937188148,0.357851445675,0.20475114882,-0.367104351521
1776720946.28,0.488448470831,0.131995067,0.416718453169,0.47090023756,0.13057936728,0.318736970425,0.453300833702,0.133959040046,0.219295799732,0.435536801815,0.137933880091,0.120896793902,0.417116165161,0.141877666116,0.0236861780286,0.399462997913,0.150349915028,-0.0718195736408,0.381057202816,0.160307839513,-0.169379770756,0.359100341797,0.173840135336,-0.269278794527,0.339759171009,0.187462195754,-0.385745197535,0.363788604736,0.209116995335,-0.367104351521
1776720946.29,0.487578958273,0.134005308151,0.417593598366,0.47090023756,0.13057936728,0.318736970425,0.453300833702,0.133959040046,0.219295799732,0.435536801815,0.137933880091,0.120896793902,0.417116165161,0.141877666116,0.0236861780286,0.399462997913,0.150349915028,-0.0718195736408,0.381057202816,0.160307839513,-0.169379770756,0.359100341797,0.173840135336,-0.269278794527,0.339759171009,0.187462195754,-0.385745197535,0.370017766953,0.213201537728,-0.367104351521
1776720946.31,0.486616849899,0.13606274128,0.418443053961,0.471567213535,0.13435049355,0.319355130196,0.455860495567,0.138124108315,0.220250397921,0.441028594971,0.143322214484,0.121348440647,0.425033569336,0.148567661643,0.0238274782896,0.409516990185,0.157620310783,-0.072095900774,0.392873108387,0.168253257871,-0.170074522495,0.374705553055,0.180663257837,-0.268503248692,0.353805720806,0.196535810828,-0.387995988131,0.376505315304,0.217002496123,-0.367104351521
1776720946.32,0.485539585352,0.138193145394,0.419284433126,0.472052335739,0.137037143111,0.320613086224,0.458544254303,0.141794189811,0.220841497183,0.444697141647,0.147589564323,0.121441930532,0.43011713028,0.154220312834,0.024204723537,0.41668599844,0.163547620177,-0.0716531723738,0.401321232319,0.174027085304,-0.170307815075,0.382545232773,0.188081264496,-0.270604670048,0.366775095463,0.200622245669,-0.388408392668,0.383218944073,0.220519438386,-0.367104351521
1776720946.34,0.484391242266,0.140290379524,0.420119196177,0.473123788834,0.14210292697,0.322238266468,0.462263464928,0.148116394877,0.22233530879,0.451271295547,0.155320614576,0.12297654897,0.440189063549,0.162913426757,0.0250698775053,0.428365051746,0.172950193286,-0.0707770735025,0.414833784103,0.182456418872,-0.170406013727,0.401012897491,0.195346459746,-0.267987370491,0.383195757866,0.207550123334,-0.390608102083,0.390128493309,0.223753541708,-0.367104351521
1776720946.35,0.483172148466,0.142450809479,0.420911997557,0.473306417465,0.14384496212,0.322600722313,0.463510096073,0.150407001376,0.22282537818,0.453223347664,0.158242657781,0.122840888798,0.44270825386,0.165959537029,0.025760397315,0.431878387928,0.175711035728,-0.0718700289726,0.419529139996,0.185530751944,-0.170794516802,0.403858959675,0.197518408298,-0.270100712776,0.390785157681,0.208340123296,-0.389558643103,0.397205710411,0.226707339287,-0.367104351521
1776720946.37,0.481928408146,0.144499033689,0.421606242657,0.473447084427,0.147930860519,0.3239595294,0.465709984303,0.155675709248,0.223580136895,0.459056258202,0.164880096912,0.125872254372,0.448781788349,0.17230476439,0.0259057581425,0.44007062912,0.181376993656,-0.0709706395864,0.428521811962,0.190534308553,-0.170226573944,0.41915923357,0.199710443616,-0.270296484232,0.402943789959,0.21312199533,-0.391069859266,0.404424905777,0.229384452105,-0.367104351521
1776720946.38,0.480682522058,0.146439954638,0.422254145145,0.47335755825,0.149962812662,0.324224531651,0.466830253601,0.158454805613,0.223851665854,0.459998011589,0.167401969433,0.124901562929,0.451957464218,0.174952432513,0.026684500277,0.443684697151,0.184260487556,-0.0705087482929,0.434351623058,0.192520052195,-0.170237094164,0.422718644142,0.203357040882,-0.269882380962,0.411873400211,0.212420508265,-0.389637857676,0.411762773991,0.231789305806,-0.367104351521
1776720946.4,0.479505687952,0.148103863001,0.422728091478,0.472751200199,0.140218794346,0.321421682835,0.461034178734,0.145848810673,0.22167173028,0.449227273464,0.152436330914,0.122345134616,0.437033474445,0.159457817674,0.0248862057924,0.42460334301,0.169815704226,-0.0715187340975,0.409902334213,0.179897129536,-0.1707290411,0.395995557308,0.191758677363,-0.270067155361,0.379009068012,0.204413101077,-0.388641923666,0.41919863224,0.233926892281,-0.367104351521
1776720946.41,0.478417545557,0.149395704269,0.42308613658,0.473347008228,0.154105857015,0.325124502182,0.468272984028,0.163460880518,0.225012898445,0.464073002338,0.173046052456,0.126456350088,0.457580089569,0.180627986789,0.0269948765635,0.452132821083,0.188955575228,-0.0705562233925,0.443168997765,0.197188273072,-0.169959187508,0.434563398361,0.207050174475,-0.269128143787,0.42520326376,0.216346338391,-0.39012119174,0.426714301109,0.235802441835,-0.367104351521
1776720946.43,0.477462053299,0.150161102414,0.423296689987,0.472928464413,0.158821105957,0.3264144063,0.470721960068,0.168940708041,0.226677909493,0.468694090843,0.179444253445,0.127010941505,0.465849518776,0.18719547987,0.0280908793211,0.463083028793,0.195278421044,-0.0692287832499,0.458784282207,0.203130558133,-0.169559121132,0.457281053066,0.209011599422,-0.265630364418,0.446365773678,0.21988658607,-0.389959901571,0.434293866158,0.237421214581,-0.367104351521
1776720946.44,0.476603031158,0.15028770268,0.423383027315,0.472618937492,0.160413652658,0.326821386814,0.471687495708,0.171352311969,0.226067855954,0.471666693687,0.182030245662,0.127466291189,0.471041679382,0.190379232168,0.0286476910114,0.470031797886,0.198572635651,-0.0692211389542,0.467005074024,0.206260293722,-0.169149845839,0.466025114059,0.213852256536,-0.26765909791,0.463141262531,0.220856532454,-0.389562755823,0.441923856735,0.238788321614,-0.367104351521
1776720946.46,0.475997835398,0.149859532714,0.423373788595,0.472691655159,0.159754112363,0.32656660676,0.47137606144,0.170404598117,0.22682711482,0.4702937603,0.180770263076,0.127366662025,0.468581080437,0.188635230064,0.0281368866563,0.466150999069,0.197123244405,-0.0694763809443,0.462715864182,0.204712852836,-0.169561266899,0.460128128529,0.212415903807,-0.268486529589,0.45568138361,0.22003787756,-0.390764087439,0.449592709541,0.239908412099,-0.367104351521
1776720946.47,0.475554823875,0.14877794683,0.423285514116,0.472492456436,0.160898864269,0.32691514492,0.472165286541,0.172105297446,0.226134940982,0.473127841949,0.18288987875,0.127349555492,0.4740062356,0.191380873322,0.0290887281299,0.473546266556,0.200013399124,-0.0689599961042,0.472549378872,0.207047447562,-0.168830186129,0.471791386604,0.214845180511,-0.267400830984,0.469426631927,0.222615987062,-0.389417856932,0.457290589809,0.240785628557,-0.367104351521
1776720946.49,0.475368052721,0.147125661373,0.423175573349,0.472445785999,0.160801291466,0.326742887497,0.473506033421,0.17257514596,0.226565182209,0.475906550884,0.183688431978,0.127554669976,0.47759437561,0.192987620831,0.0291520133615,0.479604303837,0.201788082719,-0.0682434588671,0.481572449207,0.209456503391,-0.168585240841,0.483396530151,0.216905876994,-0.266830265522,0.484868347645,0.224451676011,-0.388701587915,0.465009152889,0.241423353553,-0.367104351521
1776720946.5,0.475450068712,0.144967347383,0.423103064299,0.472536683083,0.160599306226,0.327151596546,0.474580466747,0.172588706017,0.227167725563,0.477189540863,0.183487221599,0.127822548151,0.479812383652,0.193270966411,0.0292250961065,0.482457995415,0.202524662018,-0.0686356276274,0.485083580017,0.210727900267,-0.167960613966,0.489410340786,0.217684611678,-0.266673207283,0.492403149605,0.225288048387,-0.388002902269,0.472741305828,0.241824164987,-0.367104351521
1776720946.52,0.475786149502,0.142410829663,0.423044830561,0.473046302795,0.157623648643,0.326911896467,0.47640556097,0.17044994235,0.227121084929,0.48087733984,0.182390540838,0.128055378795,0.486049830914,0.192557528615,0.0295228213072,0.492539942265,0.20188473165,-0.0678682178259,0.498348474503,0.210881516337,-0.167397320271,0.506384670734,0.218863680959,-0.265368759632,0.515311837196,0.227579891682,-0.387024402618,0.48048055172,0.241989716887,-0.367104351521
1776720946.53,0.476364225149,0.139528721571,0.423003792763,0.472740054131,0.159997373819,0.326962888241,0.475497364998,0.17192260921,0.227365463972,0.478261888027,0.183809325099,0.127932980657,0.48140335083,0.193020433187,0.0290446802974,0.485137820244,0.202863335609,-0.068378418684,0.489864766598,0.210512310266,-0.167926162481,0.494961202145,0.218174114823,-0.266177982092,0.500492095947,0.226186931133,-0.388855904341,0.488221049309,0.241920724511,-0.367104351521
1776720946.55,0.477146625519,0.13641910255,0.422972679138,0.474450409412,0.152610585093,0.32681030035,0.478943407536,0.165289133787,0.227343827486,0.485239207745,0.178151160479,0.128186509013,0.492592990398,0.188325554132,0.0305484682322,0.501722753048,0.199345558882,-0.0671784281731,0.511757731438,0.208875209093,-0.166247546673,0.52290725708,0.218890145421,-0.263735443354,0.536619126797,0.229602977633,-0.384553700686,0.495956838131,0.241616889834,-0.367104351521
1776720946.56,0.478087097406,0.13320659101,0.42299592495,0.473921954632,0.154552921653,0.326796114445,0.478055298328,0.167342245579,0.226749420166,0.483693301678,0.179936483502,0.128369480371,0.490317046642,0.190466582775,0.0296440422535,0.498497247696,0.200392022729,-0.0675082057714,0.507286727428,0.209958553314,-0.166714251041,0.517575919628,0.219313442707,-0.264778971672,0.529641330242,0.229311972857,-0.385567367077,0.503681838512,0.241076931357,-0.367104351521
1776720946.58,0.47910246253,0.129935920238,0.423044592142,0.475213289261,0.15025819838,0.326607525349,0.480044841766,0.163364559412,0.226910799742,0.487124621868,0.175904691219,0.128332912922,0.495295286179,0.186717480421,0.0305817276239,0.504432022572,0.197705000639,-0.0671429336071,0.515954256058,0.208166137338,-0.16613048315,0.528725206852,0.21897162497,-0.263702839613,0.543956100941,0.229891046882,-0.383457303047,0.511389195919,0.240298658609,-0.367104351521
1776720946.59,0.480059146881,0.127028778195,0.423065423965,0.476932108402,0.145688131452,0.326672196388,0.482982754707,0.158229961991,0.227185815573,0.491171121597,0.170981198549,0.127999827266,0.500665783882,0.182308673859,0.0307013690472,0.511368334293,0.193784996867,-0.066591784358,0.525122284889,0.205855980515,-0.165268450975,0.5393217206,0.218278199434,-0.262507468462,0.556858062744,0.231479078531,-0.381931036711,0.519071042538,0.23927898705,-0.367104351521
1776720946.61,0.481206953526,0.123928442597,0.423025429249,0.479413747787,0.140804693103,0.326838135719,0.486303448677,0.152484059334,0.227090522647,0.495570540428,0.165030434728,0.128029361367,0.506294369698,0.177048951387,0.0308981761336,0.519437491894,0.190113157034,-0.0663204938173,0.533128261566,0.2034586519,-0.164505451918,0.549390375614,0.216724291444,-0.261358499527,0.569257378578,0.231343120337,-0.379890322685,0.526718318462,0.238014101982,-0.367104351521
1776720946.62,0.48233884573,0.121280938387,0.422982186079,0.480753898621,0.138029113412,0.326870471239,0.488424658775,0.149972170591,0.227178186178,0.498304843903,0.162189140916,0.128270104527,0.509267151356,0.174050569534,0.0314329564571,0.522942006588,0.187663152814,-0.0653635859489,0.537080287933,0.201316684484,-0.163609415293,0.554479181767,0.215645834804,-0.259916126728,0.57492595911,0.231326505542,-0.379221081734,0.534320175648,0.236499503255,-0.367104351521
1776720946.64,0.483481317759,0.119001075625,0.422915190458,0.483619689941,0.133401528001,0.326573312283,0.492691874504,0.144143536687,0.227240726352,0.503918230534,0.156146883965,0.128102749586,0.515928030014,0.16816072166,0.03099180758,0.530857503414,0.182044535875,-0.0646623820066,0.547265648842,0.197269082069,-0.162869274616,0.564614892006,0.213314056396,-0.258925497532,0.586620390415,0.230970308185,-0.377046465874,0.541863918304,0.234730273485,-0.367104351521
1776720946.65,0.484575837851,0.117101766169,0.422811686993,0.485058009624,0.131423041224,0.326437056065,0.494671940804,0.14157487452,0.227148532867,0.506416857243,0.153403460979,0.128743112087,0.520299255848,0.164954021573,0.0316168814898,0.535296022892,0.17933614552,-0.0649965405464,0.551277160645,0.195225507021,-0.162738204002,0.569295942783,0.211777955294,-0.258582949638,0.591845810413,0.230864271522,-0.376335501671,0.549334704876,0.232701182365,-0.367104351521
1776720946.67,0.485606908798,0.115513391793,0.422698289156,0.4898878932,0.126110583544,0.326691150665,0.501913309097,0.135180562735,0.227455347776,0.516131281853,0.145723640919,0.12860186398,0.530785858631,0.157048463821,0.0320101305842,0.546686351299,0.171499922872,-0.0647111088037,0.56522834301,0.187983438373,-0.160885632038,0.583864271641,0.206914559007,-0.257079839706,0.607033491135,0.229351446033,-0.373981744051,0.556715250015,0.230406954885,-0.367104351521
1776720946.68,0.486590027809,0.11416387558,0.422538071871,0.486666202545,0.129191249609,0.326742470264,0.497209370136,0.139387711883,0.227060168982,0.509643733501,0.150402501225,0.128560170531,0.523239374161,0.162332236767,0.0314088463783,0.538294494152,0.177179247141,-0.0648124068975,0.55580997467,0.192950814962,-0.161547988653,0.574288249016,0.21051260829,-0.258013248444,0.59762775898,0.230809897184,-0.375203937292,0.563986003399,0.227842465043,-0.367104351521
1776720946.7,0.487484902143,0.112938933074,0.422300219536,0.494193732738,0.122352443635,0.32628133893,0.508734166622,0.130216941237,0.227372333407,0.525031208992,0.139399334788,0.129473999143,0.541405677795,0.150347664952,0.0321463271976,0.558950781822,0.164452597499,-0.0636015385389,0.577470541,0.181776329875,-0.160288870335,0.597061276436,0.201406612992,-0.255134820938,0.62004506588,0.225098893046,-0.372505366802,0.571124613285,0.225003048778,-0.367104351521
1776720946.71,0.488233149052,0.1118651703,0.421997308731,0.495659172535,0.121207401156,0.326515734196,0.5113671422,0.129036977887,0.227202236652,0.528219044209,0.138189658523,0.12924811244,0.545552492142,0.148714095354,0.0327085182071,0.563478887081,0.162846699357,-0.0635851621628,0.581701338291,0.179801777005,-0.160598397255,0.60090970993,0.199229806662,-0.255437880754,0.623292684555,0.223980680108,-0.372456133366,0.578106462955,0.221884682775,-0.367104351521
1776720946.73,0.488971680403,0.110591739416,0.421583503485,0.491200983524,0.124422460794,0.326440781355,0.504211246967,0.133536562324,0.227396398783,0.519173562527,0.143490582705,0.12865921855,0.534175872803,0.154499709606,0.0319313630462,0.551762640476,0.168942779303,-0.0639199018478,0.568996310234,0.186026573181,-0.161390215158,0.588783740997,0.20496276021,-0.25598603487,0.611435770988,0.227759554982,-0.373492747545,0.584904253483,0.218484386802,-0.367104351521
1776720946.74,0.489422917366,0.109581001103,0.421210646629,0.499520242214,0.118818230927,0.326045393944,0.517224788666,0.126124680042,0.227299064398,0.536445975304,0.135053604841,0.129584461451,0.555306136608,0.144765213132,0.0333494767547,0.574386835098,0.158258587122,-0.0628665536642,0.592895448208,0.174841046333,-0.159717381001,0.612107932568,0.193526089191,-0.255299687386,0.634244978428,0.216411456466,-0.372306227684,0.591488659382,0.214800357819,-0.367104351521
1776720946.76,0.489930301905,0.107924669981,0.420571893454,0.500450134277,0.118224136531,0.32579934597,0.518733859062,0.125640839338,0.22755266726,0.538933038712,0.134352847934,0.129627481103,0.558684229851,0.143753170967,0.0340057164431,0.576940119267,0.157439216971,-0.0629802644253,0.596726417542,0.172825604677,-0.158911168575,0.615935981274,0.191468596458,-0.254605859518,0.63799649477,0.213888972998,-0.372197300196,0.597828149796,0.210832372308,-0.367104351521
1776720946.77,0.490242272615,0.106370791793,0.420055299997,0.502254784107,0.116958320141,0.325304448605,0.521885931492,0.124866753817,0.227131903172,0.542904675007,0.133736342192,0.129504233599,0.562991976738,0.143199443817,0.0342046022415,0.582625150681,0.155613437295,-0.0627024322748,0.601930737495,0.170454517007,-0.159176558256,0.622022807598,0.187522277236,-0.254779428244,0.643815696239,0.207589432597,-0.372901290655,0.603889644146,0.206581905484,-0.367104351521
1776720946.79,0.490457415581,0.104632124305,0.419614344835,0.503919541836,0.11566092819,0.324855595827,0.524231553078,0.1243827492,0.226809024811,0.5458958745,0.133911505342,0.129363656044,0.567012012005,0.142992332578,0.0343107059598,0.586728096008,0.155256539583,-0.0625167638063,0.607414782047,0.168230324984,-0.159025102854,0.626785874367,0.183342367411,-0.255102008581,0.649257540703,0.200658664107,-0.373457312584,0.609638810158,0.20205244422,-0.367104351521
1776720946.8,0.490606606007,0.102499246597,0.419177800417,0.503951013088,0.115090548992,0.324584424496,0.524993300438,0.124172836542,0.226530641317,0.547091543674,0.133911401033,0.129759430885,0.568226218224,0.143097147346,0.0343338921666,0.588780760765,0.154831752181,-0.0620933175087,0.608661293983,0.167408674955,-0.159474730492,0.628974378109,0.181070894003,-0.255041688681,0.652122020721,0.197641640902,-0.373498976231,0.6150406003,0.197249576449,-0.367104351521
1776720946.82,0.490693360567,0.100459270179,0.418815553188,0.504595458508,0.113272316754,0.324084371328,0.526006102562,0.123929083347,0.225948363543,0.547976732254,0.134291350842,0.129080966115,0.569878399372,0.14364862442,0.0339244306087,0.59044200182,0.154067605734,-0.0620171576738,0.611409962177,0.165057271719,-0.159684956074,0.632402658463,0.176585748792,-0.255301058292,0.656010389328,0.189261645079,-0.374073237181,0.620059728622,0.192181199789,-0.367104351521
1776720946.83,0.490747123957,0.0979516878724,0.418482780457,0.504301130772,0.11450971663,0.324298202991,0.525602519512,0.123899653554,0.226439625025,0.547658503056,0.13404597342,0.129546001554,0.569316506386,0.143447905779,0.0340350940824,0.589743316174,0.154628276825,-0.0622397214174,0.610141456127,0.166049718857,-0.15964075923,0.63084256649,0.179221376777,-0.25529140234,0.65397799015,0.193122714758,-0.373670309782,0.624661564827,0.186857536435,-0.367104351521
1776720946.85,0.49078759551,0.0961442217231,0.418317496777,0.504615724087,0.112749896944,0.323957234621,0.526006519794,0.123542621732,0.226186215878,0.548374533653,0.134411230683,0.129327908158,0.570221483707,0.143462285399,0.0340210273862,0.591239571571,0.153637871146,-0.0618497878313,0.612039089203,0.163836747408,-0.159267425537,0.633641302586,0.174384966493,-0.255696237087,0.65822583437,0.184812575579,-0.373109906912,0.628812372684,0.181291133165,-0.367104351521
1776720946.86,0.490862607956,0.0931660085917,0.418140560389,0.504332363605,0.110337525606,0.323628127575,0.525309085846,0.122038975358,0.226038217545,0.5478926301,0.133487746119,0.12908539176,0.569844961166,0.142906621099,0.0340944156051,0.591740310192,0.152314305305,-0.0615192204714,0.61324930191,0.160767912865,-0.159723669291,0.635655343533,0.16892555356,-0.255678892136,0.661502838135,0.176848292351,-0.373836517334,0.632480382919,0.175496831536,-0.367104351521
1776720946.88,0.490920782089,0.0907846540213,0.418064534664,0.5039691329,0.109245449305,0.323438227177,0.525072872639,0.120957203209,0.225781589746,0.54731208086,0.13278657198,0.12896437943,0.5692101717,0.142371848226,0.0339732244611,0.590880095959,0.151218011975,-0.0624039918184,0.612962961197,0.159067511559,-0.159463942051,0.636180460453,0.16635209322,-0.25595754385,0.662792682648,0.172033116221,-0.373759239912,0.635636091232,0.169491589069,-0.367104351521
1776720946.89,0.490960419178,0.0885265171528,0.418056637049,0.503449738026,0.106164842844,0.322918564081,0.52381837368,0.118683889508,0.224893853068,0.545665919781,0.130336791277,0.128233402967,0.567360758781,0.139619126916,0.0335785970092,0.589717209339,0.147983402014,-0.0624763816595,0.612761497498,0.154459401965,-0.159827917814,0.636955022812,0.159830927849,-0.255682080984,0.664686143398,0.163788497448,-0.373305678368,0.63825315237,0.163294315338,-0.367104351521
1776720946.91,0.490930825472,0.0865410789847,0.418094366789,0.502470731735,0.100770130754,0.322814613581,0.521570682526,0.112489297986,0.224558129907,0.542312920094,0.123860895634,0.127447128296,0.563644468784,0.1325725317,0.0322312265635,0.586322844028,0.1402220577,-0.0638784021139,0.610219836235,0.14587366581,-0.161119192839,0.635791599751,0.149419665337,-0.256087273359,0.665874838829,0.150838121772,-0.372882932425,0.64030867815,0.156925588846,-0.367104351521
1776720946.92,0.490845620632,0.0848542749882,0.418153703213,0.503224730492,0.104220762849,0.323137462139,0.522924423218,0.11645668745,0.225058376789,0.544424295425,0.128575742245,0.128124862909,0.566249787807,0.137541040778,0.0328523367643,0.588854730129,0.145965069532,-0.0629281997681,0.612038075924,0.151743665338,-0.15984377265,0.636863946915,0.156626492739,-0.255676090717,0.665397763252,0.160098746419,-0.373570710421,0.641783833504,0.150407329202,-0.367104351521
1776720946.94,0.490695983171,0.0835356265306,0.4182330966,0.502056539059,0.0970604047179,0.322407573462,0.520237803459,0.107530094683,0.22421322763,0.540084064007,0.117897033691,0.126783460379,0.560819745064,0.12580409646,0.031086049974,0.583207070827,0.132716313004,-0.0649058818817,0.607987940311,0.13784109056,-0.161726057529,0.633851528168,0.141357243061,-0.257136404514,0.665544569492,0.143023595214,-0.373730689287,0.642664074898,0.143762469292,-0.367104351521
1776720946.95,0.490463882685,0.082562096417,0.418336391449,0.501334190369,0.0937467217445,0.322512596846,0.518450379372,0.102232903242,0.223712801933,0.538055241108,0.110819578171,0.125942647457,0.558139145374,0.117434740067,0.0302612707019,0.58027356863,0.124411836267,-0.0661889761686,0.604798614979,0.128829702735,-0.163024872541,0.631386697292,0.132856607437,-0.257892161608,0.664301455021,0.13481515646,-0.374454319477,0.64293974638,0.137014523149,-0.367104351521
1776720946.97,0.490179806948,0.0819165408611,0.418465167284,0.500842869282,0.091795399785,0.322621047497,0.517951965332,0.0992097333074,0.22352167964,0.537062585354,0.106870986521,0.125829458237,0.556902289391,0.112819761038,0.0297048762441,0.578653693199,0.119280733168,-0.0669360309839,0.603371441364,0.123659417033,-0.163506656885,0.630091011524,0.127810314298,-0.258378177881,0.662853658199,0.131005331874,-0.374965578318,0.642605543137,0.130187228322,-0.367104351521
1776720946.98,0.489805221558,0.0814900994301,0.418662250042,0.500159442425,0.0884995684028,0.32211124897,0.517096400261,0.0938030704856,0.223326444626,0.535482287407,0.0989693328738,0.124966658652,0.55500972271,0.103050194681,0.0291993245482,0.576069533825,0.108172535896,-0.0677590221167,0.600175142288,0.113066598773,-0.163763105869,0.626864075661,0.118018463254,-0.259323000908,0.659287452698,0.12275698036,-0.375870168209,0.641661345959,0.12330403924,-0.367104351521
1776720947,0.489440023899,0.0812229439616,0.418900668621,0.49951249361,0.085548967123,0.322195112705,0.515800595284,0.088209502399,0.223205879331,0.533979475498,0.0911474078894,0.124942302704,0.552954852581,0.093377135694,0.028345964849,0.574752151966,0.097300581634,-0.0671363472939,0.597502350807,0.101912371814,-0.164589375257,0.623199403286,0.108110964298,-0.260415703058,0.654514372349,0.11479305476,-0.377179205418,0.640111386776,0.11638789624,-0.367104351521
1776720947.01,0.489011675119,0.0808935984969,0.41925111413,0.499104499817,0.0844146832824,0.322409808636,0.515530884266,0.0857482254505,0.223220676184,0.53326612711,0.0873101577163,0.124443903565,0.55233168602,0.0885679423809,0.0285479128361,0.572937726974,0.0923863053322,-0.0680076926947,0.596214771271,0.0966580659151,-0.164655148983,0.621085464954,0.103232361376,-0.260660111904,0.651182413101,0.11032474041,-0.378126829863,0.637964487076,0.109460681677,-0.367104351521
1776720947.03,0.488614648581,0.0804809480906,0.419668823481,0.498487114906,0.0819031894207,0.32306855917,0.514578282833,0.0806728601456,0.223687753081,0.532323896885,0.0799020081758,0.125400140882,0.551125526428,0.079460427165,0.0289851948619,0.57104498148,0.082051359117,-0.0674607753754,0.592867493629,0.0864743664861,-0.16526478529,0.616723716259,0.093427464366,-0.261249542236,0.644920229912,0.101482853293,-0.378807961941,0.635233581066,0.102543003857,-0.367104351521
1776720947.04,0.488300651312,0.0799250453711,0.420130223036,0.497972428799,0.0805530846119,0.322776198387,0.514313876629,0.0783728063107,0.223511278629,0.531610667706,0.0767759159207,0.125613346696,0.550606548786,0.0756884068251,0.0289831310511,0.569963276386,0.0778501480818,-0.0680919140577,0.591673254967,0.0818943530321,-0.164815783501,0.613985776901,0.0885796174407,-0.261197477579,0.64135414362,0.0976001694798,-0.379570841789,0.631935358047,0.0956538543105,-0.367104351521
1776720947.06,0.488045841455,0.0790139958262,0.42073994875,0.497889697552,0.079516120255,0.323000431061,0.513882339001,0.0763382464647,0.224203810096,0.531835079193,0.0738011524081,0.125921398401,0.549729704857,0.0716423764825,0.0293999016285,0.569340288639,0.073288500309,-0.067456305027,0.589469611645,0.0776418745518,-0.165265470743,0.611915528774,0.0841407030821,-0.261553943157,0.637220442295,0.0923862084746,-0.380076676607,0.628089845181,0.0888103917241,-0.367104351521
1776720947.07,0.487893372774,0.0778180956841,0.421402186155,0.497705578804,0.0773878246546,0.323947638273,0.513860166073,0.0728714168072,0.224865928292,0.531119644642,0.0690316930413,0.126156046987,0.548577189445,0.0653683245182,0.0298987552524,0.566862165928,0.0662845522165,-0.0670771747828,0.585736274719,0.0696614980698,-0.165013462305,0.605596363544,0.0753543525934,-0.261631965637,0.628510534763,0.0827543139458,-0.381570786238,0.623719930649,0.0820277556777,-0.367104351521
1776720947.09,0.487828880548,0.0761991068721,0.422133296728,0.49742269516,0.0765421688557,0.324464440346,0.513715624809,0.0715075880289,0.225052833557,0.530681312084,0.0668104439974,0.127240389585,0.548140645027,0.0629289448261,0.0300218462944,0.5653834939,0.0636291503906,-0.0671358108521,0.58341383934,0.066081866622,-0.165002405643,0.602526307106,0.0710085183382,-0.26147300005,0.62410569191,0.0782276988029,-0.381915330887,0.618850827217,0.0753189176321,-0.367104351521
1776720947.1,0.487867712975,0.0742916092277,0.422911256552,0.497669458389,0.0757833570242,0.324582695961,0.513662338257,0.0700259134173,0.225431919098,0.530257344246,0.0653475001454,0.126927405596,0.547163486481,0.0613677054644,0.0303303152323,0.563939273357,0.0610636025667,-0.0665509849787,0.580971300602,0.0627382844687,-0.16467654705,0.598983168602,0.0669023245573,-0.262074172497,0.619371652603,0.0727775841951,-0.382233709097,0.613509714603,0.0686946585774,-0.367104351521
1776720947.12,0.488014787436,0.0717669501901,0.423809945583,0.497654378414,0.0745514109731,0.325400948524,0.513185322285,0.0694305449724,0.225906059146,0.529595792294,0.0643569454551,0.127473413944,0.546275556087,0.0596078708768,0.0310601219535,0.562024772167,0.0588952712715,-0.0664562880993,0.578248739243,0.0598073378205,-0.165211170912,0.595511317253,0.0630441009998,-0.26220279932,0.613959848881,0.0670153945684,-0.382001698017,0.607725143433,0.0621634721756,-0.367104351521
1776720947.13,0.488244861364,0.0684824883938,0.42483407259,0.497522950172,0.0730103328824,0.326068758965,0.512522816658,0.0681485533714,0.226821601391,0.528077960014,0.0635113716125,0.127684265375,0.543369829655,0.0577090680599,0.0314711853862,0.557682394981,0.0553737767041,-0.066110894084,0.572463333607,0.0542228333652,-0.164889544249,0.587436914444,0.0555370524526,-0.262506872416,0.604120254517,0.0569468662143,-0.382732361555,0.60152643919,0.055731639266,-0.367104351521
1776720947.15,0.488488167524,0.0650747194886,0.425733864307,0.49713820219,0.0696671158075,0.327877134085,0.510798990726,0.0664408877492,0.22804364562,0.52498883009,0.0627779737115,0.129535466433,0.538004159927,0.0573178455234,0.0319742262363,0.550022602081,0.0528218261898,-0.0655128806829,0.562140583992,0.0487335547805,-0.164515852928,0.574530541897,0.044885803014,-0.262238264084,0.587530314922,0.0404003299773,-0.38358810544,0.594943761826,0.0494032651186,-0.367104351521
1776720947.16,0.488806962967,0.0608282871544,0.426678717136,0.496780872345,0.06820615381,0.328097969294,0.510008990765,0.0659382492304,0.228788405657,0.523352742195,0.0623813569546,0.129616230726,0.535511434078,0.0571432895958,0.03225928545,0.547227740288,0.0524604022503,-0.0655712485313,0.558318912983,0.0466069839895,-0.164564758539,0.570195674896,0.0416972562671,-0.262470036745,0.581307709217,0.0346830151975,-0.382935732603,0.588007211685,0.0431803762913,-0.367104351521
1776720947.18,0.489169836044,0.0557564347982,0.427627176046,0.496802151203,0.0662352740765,0.328907847404,0.508988678455,0.0646522641182,0.229047000408,0.521361887455,0.0619628801942,0.129928261042,0.533015072346,0.0568405501544,0.0326582044363,0.544084787369,0.0515348054469,-0.0654425472021,0.553929269314,0.0451939031482,-0.164606064558,0.565089821815,0.0384726040065,-0.26218137145,0.575572490692,0.0295772589743,-0.382655113935,0.580747008324,0.0370630212128,-0.367104351521
1776720947.19,0.489502280951,0.0501426830888,0.428555876017,0.496024608612,0.061827942729,0.329878181219,0.506780326366,0.0619516670704,0.230093732476,0.517392754555,0.0606162883341,0.130978479981,0.527488708496,0.0561140850186,0.0330786332488,0.536560297012,0.0502749867737,-0.0653914809227,0.545451939106,0.0419470816851,-0.164087116718,0.554780244827,0.03253178671,-0.262218177319,0.564873814583,0.0183890033513,-0.38062775135,0.573192775249,0.0310494191945,-0.367104351521
1776720947.21,0.489806324244,0.0440017990768,0.42939594388,0.495012938976,0.0562522783875,0.33102273941,0.504246890545,0.0577066242695,0.231150776148,0.513168752193,0.0576969049871,0.131428062916,0.521464526653,0.0536320619285,0.0336979851127,0.528532207012,0.0475625731051,-0.0647518187761,0.535484194756,0.0380109474063,-0.1639739573,0.544495165348,0.0265236590058,-0.261221438646,0.552923977375,0.00881410576403,-0.379683554173,0.565373778343,0.0251361057162,-0.367104351521
1776720947.22,0.490058749914,0.0376616306603,0.430221199989,0.494814753532,0.0525924153626,0.331914842129,0.502734184265,0.0549096092582,0.231416463852,0.510806918144,0.0555110089481,0.131714180112,0.518157422543,0.0519395694137,0.0339234694839,0.524717509747,0.0459715016186,-0.0642774254084,0.53098487854,0.0358264967799,-0.163191825151,0.538584649563,0.0230545345694,-0.261033028364,0.545737802982,0.00501805823296,-0.380111187696,0.557318389416,0.0193180888891,-0.367104351521
1776720947.24,0.49025323987,0.0307469777763,0.430976808071,0.493230760098,0.0454015433788,0.332719624043,0.499905049801,0.0488861426711,0.232461109757,0.505816102028,0.0499562881887,0.132555037737,0.511150300503,0.0471976213157,0.0345354378223,0.516327440739,0.0408752039075,-0.0634893774986,0.521648943424,0.030035879463,-0.162887662649,0.527646481991,0.0159166250378,-0.260219395161,0.533087968826,-0.00290750805289,-0.380424320698,0.549054324627,0.013589004986,-0.367104351521
1776720947.25,0.49036154151,0.0229413304478,0.431702524424,0.492810070515,0.0412502959371,0.333308696747,0.498038589954,0.0445133820176,0.232688426971,0.503216981888,0.0465493910015,0.132763952017,0.507871389389,0.0441260747612,0.0345168188214,0.511891067028,0.0378065519035,-0.0633851736784,0.516487956047,0.0265647303313,-0.162581294775,0.522103965282,0.0127003416419,-0.260125815868,0.526604235172,-0.00732239335775,-0.379348099232,0.540608406067,0.0079412823543,-0.367104351521
1776720947.27,0.490353018045,0.016057824716,0.432258486748,0.495653033257,0.0592745728791,0.33086335659,0.50550276041,0.0599862039089,0.23060746491,0.515406727791,0.0592411607504,0.131227210164,0.524380207062,0.0549728833139,0.0335584282875,0.532730460167,0.0493025816977,-0.0647712647915,0.540979802608,0.0402490273118,-0.164144337177,0.549670875072,0.0291396770626,-0.261692732573,0.558969318867,0.0131576247513,-0.379463493824,0.532006621361,0.00236629927531,-0.367104351521
1776720947.28,0.490245401859,0.00824206601828,0.432778179646,0.490746736526,0.027265233919,0.334618419409,0.493133485317,0.030958224088,0.234050408006,0.495520830154,0.0328556634486,0.134078651667,0.497100353241,0.0302795134485,0.0354844406247,0.499209105968,0.0246465113014,-0.0629661977291,0.501466810703,0.014154041186,-0.162359982729,0.505202412605,0.00153839495033,-0.259102314711,0.508079111576,-0.0172145888209,-0.378578186035,0.523274123669,-0.00314546329901,-0.367104351521
1776720947.3,0.490029454231,0.000892220239621,0.433167099953,0.489104747772,0.0165726467967,0.335200965405,0.489854693413,0.0197434909642,0.234607070684,0.490317046642,0.0213430020958,0.134660735726,0.490478277206,0.0185316149145,0.0361131057143,0.490870594978,0.0137814246118,-0.0619874596596,0.491747558117,0.00446837861091,-0.161495894194,0.493873715401,-0.00654625613242,-0.259653419256,0.494485914707,-0.0221677217633,-0.380208134651,0.514435470104,-0.00860427133739,-0.367104351521
1776720947.31,0.489654481411,-0.00730715086684,0.433456391096,0.489577531815,0.0219483710825,0.334682762623,0.491433918476,0.0255537237972,0.234355047345,0.492821037769,0.0272796731442,0.1346206218,0.494036257267,0.0250350125134,0.0359570607543,0.49526911974,0.0189917776734,-0.0623959451914,0.496437072754,0.00978895649314,-0.161326944828,0.499446511269,-0.00244021811523,-0.25971648097,0.501409053802,-0.0202942881733,-0.379150629044,0.505514323711,-0.0140209952369,-0.367104351521
1776720947.33,0.489296287298,-0.0132449651137,0.433594703674,0.487453520298,0.00522030051798,0.335662722588,0.486713826656,0.00715349707752,0.235058099031,0.485488533974,0.00768900569528,0.135206803679,0.484069168568,0.00531536061317,0.0364616140723,0.482726156712,0.00128218135796,-0.0616761744022,0.482362151146,-0.00675786612555,-0.161337941885,0.482617914677,-0.0148723600432,-0.260013341904,0.481551766396,-0.0270775649697,-0.38031706214,0.496534109116,-0.0194069705904,-0.367104351521
1776720947.34,0.488871872425,-0.0195459276438,0.43366715312,0.48635661602,-0.000517161097378,0.336090445518,0.485177695751,0.000441037816927,0.234998419881,0.483361423016,0.000446594087407,0.135300606489,0.481093943119,-0.00215635355562,0.036544509232,0.47893255949,-0.00582043128088,-0.061469823122,0.477444410324,-0.0119472546503,-0.161018401384,0.477308392525,-0.0190280135721,-0.25983530283,0.474691987038,-0.0286545604467,-0.381590783596,0.487517595291,-0.0247738715261,-0.367104351521
1776720947.36,0.48850607872,-0.0246993899345,0.433691352606,0.483864188194,-0.0173457209021,0.336239308119,0.480584025383,-0.0197431519628,0.235725268722,0.476341485977,-0.0218688435853,0.135377749801,0.472634255886,-0.0249760951847,0.0375349745154,0.467991948128,-0.0272693634033,-0.0609450191259,0.463715791702,-0.0294741652906,-0.16097933054,0.460770487785,-0.0318942442536,-0.259795874357,0.455414175987,-0.0349959284067,-0.381938755512,0.478487551212,-0.0301335677505,-0.367104351521
1776720947.37,0.487928539515,-0.032359585166,0.433642685413,0.485837221146,-0.00587032036856,0.336038887501,0.483691513538,-0.00638023065403,0.235909193754,0.481112837791,-0.0068675740622,0.135283842683,0.478249251842,-0.00943222083151,0.0369505509734,0.475201070309,-0.0130349462852,-0.0612354278564,0.472624719143,-0.0175933092833,-0.161464124918,0.471426308155,-0.0229646600783,-0.260113477707,0.469402730465,-0.0316860750318,-0.380751878023,0.46946644783,-0.035498008132,-0.367104351521
1776720947.39,0.487401247025,-0.0388226173818,0.433490991592,0.480732083321,-0.0334904454648,0.336400985718,0.476066887379,-0.0384593307972,0.236530870199,0.470507919788,-0.0436685942113,0.135909512639,0.464678287506,-0.0473620630801,0.0376278981566,0.457869052887,-0.0487638898194,-0.060593277216,0.451183259487,-0.0472278632224,-0.159707129002,0.444594025612,-0.0434269793332,-0.2590931952,0.434733569622,-0.0393067412078,-0.382413297892,0.460476875305,-0.0408790968359,-0.367104351521
1776720947.4,0.486849695444,-0.0452002882957,0.433308154345,0.482820808887,-0.0227761585265,0.336414337158,0.478934705257,-0.0262752398849,0.236006379128,0.474788606167,-0.0298326984048,0.135322600603,0.469805002213,-0.032760322094,0.0375720635056,0.464236497879,-0.0348312482238,-0.0607102364302,0.459227144718,-0.0358318053186,-0.160460054874,0.455706954002,-0.0360634103417,-0.259433180094,0.448370873928,-0.0366090089083,-0.381506085396,0.451541721821,-0.0462885536253,-0.367104351521
1776720947.42,0.486236989498,-0.05182377249,0.433075219393,0.479990780354,-0.0382569506764,0.33666613698,0.474587082863,-0.0444183126092,0.236291095614,0.468589484692,-0.0501712970436,0.136013194919,0.462088286877,-0.0542865805328,0.0383895039558,0.455300748348,-0.0552436113358,-0.0596227496862,0.446791350842,-0.0532640591264,-0.159948199987,0.444163620472,-0.0496432967484,-0.253446519375,0.430209219456,-0.042456317693,-0.380637645721,0.442684113979,-0.0517377965152,-0.367104351521
1776720947.43,0.485620051622,-0.0585582368076,0.432804822922,0.479990780354,-0.0382569506764,0.33666613698,0.474587082863,-0.0444183126092,0.236291095614,0.468589484692,-0.0501712970436,0.136013194919,0.462088286877,-0.0542865805328,0.0383895039558,0.455300748348,-0.0552436113358,-0.0596227496862,0.446791350842,-0.0532640591264,-0.159948199987,0.444163620472,-0.0496432967484,-0.253446519375,0.430209219456,-0.042456317693,-0.380637645721,0.433927834034,-0.0572378002107,-0.367104351521
1776720947.45,0.48499211669,-0.0651210471988,0.432524681091,0.479990780354,-0.0382569506764,0.33666613698,0.474587082863,-0.0444183126092,0.236291095614,0.468589484692,-0.0501712970436,0.136013194919,0.462088286877,-0.0542865805328,0.0383895039558,0.455300748348,-0.0552436113358,-0.0596227496862,0.446791350842,-0.0532640591264,-0.159948199987,0.444163620472,-0.0496432967484,-0.253446519375,0.430209219456,-0.042456317693,-0.380637645721,0.425297141075,-0.0627989694476,-0.367104351521
1776720947.46,0.484144091606,-0.0738635212183,0.432146728039,0.479990780354,-0.0382569506764,0.33666613698,0.474587082863,-0.0444183126092,0.236291095614,0.468589484692,-0.0501712970436,0.136013194919,0.462088286877,-0.0542865805328,0.0383895039558,0.455300748348,-0.0552436113358,-0.0596227496862,0.446791350842,-0.0532640591264,-0.159948199987,0.444163620472,-0.0496432967484,-0.253446519375,0.430209219456,-0.042456317693,-0.380637645721,0.416817009449,-0.0684309825301,-0.367104351521
1776720947.48,0.483263939619,-0.0820019170642,0.431705027819,0.479990780354,-0.0382569506764,0.33666613698,0.474587082863,-0.0444183126092,0.236291095614,0.468589484692,-0.0501712970436,0.136013194919,0.462088286877,-0.0542865805328,0.0383895039558,0.455300748348,-0.0552436113358,-0.0596227496862,0.446791350842,-0.0532640591264,-0.159948199987,0.444163620472,-0.0496432967484,-0.253446519375,0.430209219456,-0.042456317693,-0.380637645721,0.408513367176,-0.0741426721215,-0.367104351521
1776720947.49,0.482192724943,-0.0906580984592,0.431200891733,0.479990780354,-0.0382569506764,0.33666613698,0.474587082863,-0.0444183126092,0.236291095614,0.468589484692,-0.0501712970436,0.136013194919,0.462088286877,-0.0542865805328,0.0383895039558,0.455300748348,-0.0552436113358,-0.0596227496862,0.446791350842,-0.0532640591264,-0.159948199987,0.444163620472,-0.0496432967484,-0.253446519375,0.430209219456,-0.042456317693,-0.380637645721,0.400412797928,-0.0799418240786,-0.367104351521
1776720947.51,0.480639636517,-0.102050632238,0.430454999208,0.472378313541,-0.0830709114671,0.334385365248,0.462278306484,-0.0865319520235,0.234800219536,0.45053589344,-0.0898810476065,0.134888127446,0.437273144722,-0.0917148292065,0.0372084230185,0.423662781715,-0.0916646420956,-0.0598202943802,0.408256530762,-0.0876789689064,-0.158720165491,0.389752686024,-0.0777002200484,-0.259729087353,0.373797476292,-0.0703563243151,-0.376972705126,0.39254283905,-0.085835069418,-0.367104351521
1776720947.52,0.479706257582,-0.10854036361,0.42999997735,0.469923019409,-0.0924501270056,0.333952993155,0.45925194025,-0.0930486023426,0.233838438988,0.446947515011,-0.093812070787,0.134403631091,0.432454586029,-0.0941511020064,0.0364093706012,0.418002068996,-0.0927379205823,-0.0600710809231,0.400721609592,-0.0888352096081,-0.159066140652,0.38216561079,-0.0823924317956,-0.258547753096,0.363203525543,-0.0773010924459,-0.377732276917,0.384931743145,-0.0918276980519,-0.367104351521
1776720947.54,0.478323191404,-0.117509283125,0.429375380278,0.468771457672,-0.0972754955292,0.333467960358,0.457611501217,-0.0965091958642,0.233525723219,0.445295631886,-0.0953633412719,0.134728461504,0.430408716202,-0.0950659662485,0.036334708333,0.414604127407,-0.0930535122752,-0.0608760416508,0.397717773914,-0.0897094532847,-0.159194946289,0.379623889923,-0.0852717608213,-0.258270323277,0.358659386635,-0.0811368003488,-0.377871096134,0.377608597279,-0.0979234948754,-0.367104351521
1776720947.55,0.476924180984,-0.126265928149,0.428716629744,0.46721124649,-0.101902477443,0.333107769489,0.455657601357,-0.099858045578,0.233227729797,0.442682206631,-0.0971123129129,0.1338301301,0.427994906902,-0.095305941999,0.0365202948451,0.411910176277,-0.0930409133434,-0.0607891976833,0.395003557205,-0.0910708382726,-0.15891546011,0.376329004765,-0.0872494131327,-0.25692242384,0.35441827774,-0.0856880396605,-0.376997917891,0.37060302496,-0.104124613106,-0.367104351521
1776720947.57,0.475540012121,-0.134544193745,0.428098618984,0.462824046612,-0.116231381893,0.332031965256,0.450274288654,-0.109461560845,0.233380094171,0.43549913168,-0.102590084076,0.133163079619,0.420920073986,-0.0979729890823,0.0361379384995,0.405002951622,-0.0952282696962,-0.0606664568186,0.386356770992,-0.0940921753645,-0.159087836742,0.366699814796,-0.0934192463756,-0.256696105003,0.34312325716,-0.0963107943535,-0.376710444689,0.363945066929,-0.110431373119,-0.367104351521
1776720947.58,0.474259346724,-0.141797840595,0.427531987429,0.461471378803,-0.120795048773,0.332126021385,0.448078632355,-0.113183625042,0.232380598783,0.432338774204,-0.105483807623,0.13227185607,0.417277276516,-0.0997617468238,0.0354270115495,0.402006626129,-0.0963791385293,-0.0603210479021,0.382999658585,-0.0957216545939,-0.158403962851,0.363871395588,-0.0956567004323,-0.256293803453,0.338320910931,-0.0989287719131,-0.377670794725,0.357664883137,-0.11684218049,-0.367104351521
1776720947.6,0.472832500935,-0.149546697736,0.426863819361,0.458934426308,-0.130283921957,0.331357896328,0.444883108139,-0.120272427797,0.232308477163,0.428019106388,-0.110830135643,0.132300078869,0.412817001343,-0.104902267456,0.0361980050802,0.397061526775,-0.100783206522,-0.0605776757002,0.377757668495,-0.100345946848,-0.158992499113,0.358232200146,-0.101918905973,-0.25634470582,0.331979453564,-0.106041431427,-0.376261651516,0.351792633533,-0.123353362083,-0.367104351521
1776720947.61,0.471604764462,-0.156226485968,0.426330327988,0.457719624043,-0.134568631649,0.330912321806,0.443275928497,-0.124253988266,0.232332825661,0.426850736141,-0.11443477869,0.133032187819,0.409499585629,-0.107371680439,0.0355260744691,0.394638180733,-0.103394567966,-0.0597817748785,0.374562621117,-0.103312835097,-0.158657521009,0.355267643929,-0.105013549328,-0.256103843451,0.329426944256,-0.109617143869,-0.375838309526,0.346357882023,-0.129959091544,-0.367104351521
1776720947.63,0.470683991909,-0.161388292909,0.425909459591,0.45527100563,-0.143396750093,0.33043295145,0.440190792084,-0.1325109303,0.232265293598,0.42243039608,-0.122997559607,0.131648272276,0.406122863293,-0.115080140531,0.0359012708068,0.389513611794,-0.111299432814,-0.0599911510944,0.369912803173,-0.11015933007,-0.158073872328,0.349595546722,-0.112001597881,-0.256620764732,0.324957251549,-0.11606669426,-0.376552462578,0.341389358044,-0.136651322246,-0.367104351521
1776720947.64,0.469642937183,-0.167199015617,0.425423324108,0.454129338264,-0.14783757925,0.3299048841,0.438966810703,-0.137514054775,0.231376409531,0.421313881874,-0.127112597227,0.132171183825,0.404017031193,-0.121129669249,0.0350179448724,0.38695114851,-0.115734957159,-0.0605061948299,0.366578280926,-0.115249589086,-0.158995449543,0.346723079681,-0.115116886795,-0.256959080696,0.322731643915,-0.11916321516,-0.376377820969,0.336914598942,-0.143419757485,-0.367104351521
1776720947.66,0.468869417906,-0.171354860067,0.425040841103,0.452614068985,-0.156428366899,0.329324901104,0.436942100525,-0.146972045302,0.230362921953,0.418366134167,-0.137853771448,0.131697297096,0.400289714336,-0.131723955274,0.0350767746568,0.382785618305,-0.126977831125,-0.0607576668262,0.358751893044,-0.122315935791,-0.162316739559,0.341410338879,-0.122765406966,-0.25781545043,0.320160329342,-0.125081211329,-0.37674176693,0.332959234715,-0.150251880288,-0.367104351521
1776720947.67,0.468184798956,-0.174600496888,0.424644738436,0.451805174351,-0.160390228033,0.328701794147,0.435788929462,-0.15205194056,0.230558723211,0.416527688503,-0.146015897393,0.131283029914,0.397924602032,-0.138481169939,0.0342297852039,0.380648255348,-0.132936403155,-0.0607935935259,0.357655465603,-0.127441346645,-0.161937266588,0.339392006397,-0.126240029931,-0.259651571512,0.31669986248,-0.126984044909,-0.378068566322,0.329546630383,-0.157132968307,-0.367104351521
1776720947.69,0.467452079058,-0.177554249763,0.42417922616,0.460132420063,-0.125480234623,0.331916511059,0.44640403986,-0.116501353681,0.23312664032,0.430807948112,-0.108404114842,0.132618129253,0.415235877037,-0.102100506425,0.0364169552922,0.399415254593,-0.0985066145658,-0.060506567359,0.380245923996,-0.0976900681853,-0.158457100391,0.361032187939,-0.0984880104661,-0.256702721119,0.335133492947,-0.102730073035,-0.376640945673,0.32669749856,-0.164046272635,-0.367104351521
1776720947.7,0.466813266277,-0.179517120123,0.423771262169,0.460132420063,-0.125480234623,0.331916511059,0.44640403986,-0.116501353681,0.23312664032,0.430807948112,-0.108404114842,0.132618129253,0.415235877037,-0.102100506425,0.0364169552922,0.399415254593,-0.0985066145658,-0.060506567359,0.380245923996,-0.0976900681853,-0.158457100391,0.361032187939,-0.0984880104661,-0.256702721119,0.335133492947,-0.102730073035,-0.376640945673,0.324429214001,-0.170973151922,-0.367104351521
1776720947.72,0.466197699308,-0.180913895369,0.423364251852,0.447732508183,-0.177780553699,0.32746553421,0.43032181263,-0.176228612661,0.228547155857,0.41130810976,-0.174100220203,0.129355758429,0.39227694273,-0.172244027257,0.0325996875763,0.375445783138,-0.164904013276,-0.0613184869289,0.353332579136,-0.158224150538,-0.161476910114,0.335587918758,-0.149867787957,-0.258862614632,0.313753038645,-0.14095941186,-0.377810508013,0.322755545378,-0.177893325686,-0.367104351521
1776720947.73,0.465633004904,-0.181804552674,0.423027008772,0.447732508183,-0.177780553699,0.32746553421,0.43032181263,-0.176228612661,0.228547155857,0.41130810976,-0.174100220203,0.129355758429,0.39227694273,-0.172244027257,0.0325996875763,0.375445783138,-0.164904013276,-0.0613184869289,0.353332579136,-0.158224150538,-0.161476910114,0.335587918758,-0.149867787957,-0.258862614632,0.313753038645,-0.14095941186,-0.377810508013,0.321686178446,-0.184785142541,-0.367104351521
1776720947.75,0.465102791786,-0.182349264622,0.422731131315,0.446463525295,-0.184111401439,0.327079832554,0.428269803524,-0.18814343214,0.227386832237,0.409333229065,-0.190449714661,0.128321260214,0.390637159348,-0.190201610327,0.0314680412412,0.374907851219,-0.183928370476,-0.0623643249273,0.356232106686,-0.176063612103,-0.16049054265,0.336664915085,-0.164477050304,-0.258428186178,0.313181877136,-0.149292439222,-0.376905888319,0.321226358414,-0.191625848413,-0.367104351521
1776720947.76,0.464519202709,-0.182687476277,0.422485768795,0.446222066879,-0.185485064983,0.326830387115,0.42833429575,-0.190895348787,0.227616071701,0.40973174572,-0.194581136107,0.12841385603,0.391389369965,-0.194760814309,0.0320926383138,0.37520813942,-0.190036892891,-0.0625040829182,0.356409192085,-0.180502071977,-0.160672545433,0.336999297142,-0.168580681086,-0.258216351271,0.312114477158,-0.153216853738,-0.378032922745,0.321376740932,-0.198392063379,-0.367104351521
1776720947.78,0.463801801205,-0.182905375957,0.422265172005,0.44595271349,-0.187902420759,0.326187878847,0.428366780281,-0.194612458348,0.227321147919,0.410423457623,-0.199828997254,0.128378614783,0.391812622547,-0.203652054071,0.0311261191964,0.376066684723,-0.199327275157,-0.0631561726332,0.357344806194,-0.190215036273,-0.161433756351,0.337653040886,-0.177113682032,-0.25833889842,0.313695997,-0.160984873772,-0.377321392298,0.322133243084,-0.205060064793,-0.367104351521
1776720947.79,0.462853044271,-0.183178827167,0.422101140022,0.445798397064,-0.188215017319,0.326353311539,0.428336620331,-0.196660995483,0.226845636964,0.410557627678,-0.203163176775,0.128005295992,0.393036723137,-0.206825181842,0.0313646644354,0.376673281193,-0.203011095524,-0.0629909336567,0.35796046257,-0.194052115083,-0.160529375076,0.338091731071,-0.181863754988,-0.258765131235,0.313448637724,-0.165300235152,-0.378318816423,0.323486983776,-0.211606279016,-0.367104351521
1776720947.81,0.461635380983,-0.183627262712,0.421953350306,0.445638656616,-0.189131602645,0.326278746128,0.429110825062,-0.197962865233,0.226454138756,0.412057042122,-0.205912768841,0.127521246672,0.394682347775,-0.211230516434,0.0310505256057,0.378422915936,-0.207523152232,-0.0637670010328,0.359067857265,-0.200424015522,-0.161165952682,0.339867651463,-0.188860088587,-0.259384781122,0.316351503134,-0.173997625709,-0.378924489021,0.325424462557,-0.218007609248,-0.367104351521
1776720947.82,0.46014007926,-0.184338524938,0.42192068696,0.445638656616,-0.189131602645,0.326278746128,0.429110825062,-0.197962865233,0.226454138756,0.412057042122,-0.205912768841,0.127521246672,0.394682347775,-0.211230516434,0.0310505256057,0.378422915936,-0.207523152232,-0.0637670010328,0.359067857265,-0.200424015522,-0.161165952682,0.339867651463,-0.188860088587,-0.259384781122,0.316351503134,-0.173997625709,-0.378924489021,0.327927708626,-0.224241897464,-0.367104351521
1776720947.84,0.458429455757,-0.185306802392,0.421968907118,0.445459961891,-0.188755884767,0.32589957118,0.428682029247,-0.197318091989,0.226786032319,0.411495923996,-0.204170554876,0.127590492368,0.393911719322,-0.209007680416,0.0312272235751,0.377453863621,-0.205403521657,-0.0633433908224,0.358173072338,-0.198203086853,-0.159525215626,0.338847637177,-0.185341596603,-0.25892791152,0.314606815577,-0.169925108552,-0.378387480974,0.330974638462,-0.230288252234,-0.367104351521
1776720947.85,0.456680119038,-0.186483666301,0.422160625458,0.444114029408,-0.189324080944,0.325565487146,0.429835736752,-0.197314396501,0.225636824965,0.415236771107,-0.204206109047,0.126292750239,0.399080991745,-0.210418269038,0.0297573432326,0.38322776556,-0.210345387459,-0.0653381198645,0.364822685719,-0.208352476358,-0.162534087896,0.343570291996,-0.20136539638,-0.262826859951,0.32136169076,-0.193896919489,-0.38234898448,0.334539532661,-0.23612742126,-0.367104351521
1776720947.87,0.454413294792,-0.188234984875,0.422522187233,0.442558825016,-0.189155593514,0.325946390629,0.428999304771,-0.194861263037,0.224726766348,0.415743350983,-0.201054722071,0.125357717276,0.400809466839,-0.206855997443,0.028659671545,0.386518001556,-0.208014056087,-0.0670115798712,0.369801223278,-0.209252178669,-0.163415402174,0.345646560192,-0.205642804503,-0.2667786479,0.323532372713,-0.202524855733,-0.386030852795,0.338593542576,-0.241742014885,-0.367104351521
1776720947.88,0.452270954847,-0.189998179674,0.422978281975,0.445238471031,-0.189166009426,0.325909554958,0.42972356081,-0.198011681437,0.226029247046,0.413822770119,-0.20619097352,0.126715660095,0.396690487862,-0.212002903223,0.0299641788006,0.380375444889,-0.210614323616,-0.0644491016865,0.362022578716,-0.205073609948,-0.163099676371,0.340567588806,-0.19556684792,-0.261804938316,0.318198680878,-0.184397026896,-0.380324602127,0.343105196953,-0.247116729617,-0.367104351521
1776720947.9,0.449634373188,-0.19224794209,0.423699826002,0.439735710621,-0.188752561808,0.325068354607,0.427911162376,-0.192639887333,0.225024074316,0.415678322315,-0.196813061833,0.125051394105,0.402736902237,-0.201418861747,0.0285240635276,0.384747684002,-0.204301074147,-0.0713631957769,0.370313405991,-0.209602251649,-0.168134242296,0.35262799263,-0.211620613933,-0.26507177949,0.329262435436,-0.215230986476,-0.385601311922,0.348041296005,-0.252238571644,-0.367104351521
1776720947.91,0.447014421225,-0.194431439042,0.424510717392,0.43879365921,-0.188999027014,0.325454324484,0.427322566509,-0.191465258598,0.225132733583,0.415975809097,-0.193943858147,0.125843957067,0.403174757957,-0.199437916279,0.0278818830848,0.390669882298,-0.202393367887,-0.067081168294,0.371089816093,-0.208172619343,-0.168788164854,0.355579793453,-0.213611885905,-0.26528403163,0.331943333149,-0.22048997879,-0.386044383049,0.353367209435,-0.257096767426,-0.367104351521
1776720947.93,0.444312632084,-0.19657318294,0.425386339426,0.437456548214,-0.189252197742,0.325721889734,0.425953686237,-0.190640389919,0.225015684962,0.415257513523,-0.192762449384,0.125711113214,0.403100013733,-0.196351036429,0.0275490507483,0.38825827837,-0.200767233968,-0.0710309892893,0.3739990592,-0.208021566272,-0.168470352888,0.358177125454,-0.21612483263,-0.265390694141,0.335052549839,-0.226109862328,-0.385749846697,0.359047710896,-0.261683046818,-0.367104351521
1776720947.94,0.441604107618,-0.198572665453,0.426365911961,0.43470788002,-0.189859718084,0.326334774494,0.424685895443,-0.188982218504,0.225379526615,0.414626955986,-0.189750418067,0.125877797604,0.40413492918,-0.192990034819,0.0285189077258,0.390158891678,-0.197473302484,-0.0707305818796,0.377817451954,-0.207797750831,-0.166750669479,0.363674461842,-0.218833371997,-0.264266073704,0.34263086319,-0.236302182078,-0.384382605553,0.365047812462,-0.265991270542,-0.367104351521
1776720947.96,0.43894559145,-0.200324758887,0.427473366261,0.430818378925,-0.192288130522,0.327854424715,0.423154115677,-0.189153715968,0.22873622179,0.413806378841,-0.187892615795,0.127685010433,0.404715418816,-0.19066503644,0.0297239422798,0.392030060291,-0.197514757514,-0.0687364190817,0.383745312691,-0.210895702243,-0.16347014904,0.371416449547,-0.227258324623,-0.262592285872,0.355131626129,-0.250116527081,-0.381773650646,0.37133282423,-0.270017594099,-0.367104351521
1776720947.97,0.436238229275,-0.201796472073,0.428651213646,0.433898806572,-0.190386593342,0.326984167099,0.424172520638,-0.188752889633,0.226052850485,0.414536774158,-0.188631355762,0.12652669847,0.404474020004,-0.191903352737,0.0287523940206,0.392044186592,-0.197675526142,-0.0691448301077,0.378300428391,-0.208945944905,-0.167415052652,0.3659953475,-0.222224220634,-0.26411023736,0.346566855907,-0.240748122334,-0.383657813072,0.377869486809,-0.273760080338,-0.367104351521
1776720947.99,0.433573752642,-0.202901288867,0.429716229439,0.429505228996,-0.193119868636,0.328741788864,0.422768652439,-0.189330950379,0.229772284627,0.413520276546,-0.18827880919,0.128044232726,0.404839932919,-0.191484078765,0.0304451212287,0.392972171307,-0.198001459241,-0.068353921175,0.382716655731,-0.212124466896,-0.166097670794,0.374292135239,-0.229971036315,-0.261974066496,0.360808551311,-0.254463046789,-0.379752576351,0.384625852108,-0.277218669653,-0.367104351521
1776720948,0.431160032749,-0.203672856092,0.430701732635,0.426639199257,-0.195192679763,0.330477416515,0.420104563236,-0.192245781422,0.230790674686,0.412086904049,-0.191463619471,0.129589602351,0.404724836349,-0.194947302341,0.0319797247648,0.39560097456,-0.202150076628,-0.066463932395,0.38934481144,-0.2183765769,-0.161540389061,0.379281759262,-0.235607460141,-0.26115489006,0.369231939316,-0.261450737715,-0.379117012024,0.391572117805,-0.280394852161,-0.367104351521
1776720948.02,0.428500711918,-0.204203978181,0.431854307652,0.421587407589,-0.198899909854,0.332366466522,0.41665571928,-0.198792472482,0.233621105552,0.409662544727,-0.19959937036,0.131384417415,0.404522240162,-0.204542994499,0.0335704311728,0.398959457874,-0.213971719146,-0.0641143769026,0.393485963345,-0.227662906051,-0.162992209196,0.390210270882,-0.245207875967,-0.260014802217,0.383299827576,-0.26989915967,-0.378582030535,0.398680567741,-0.283291369677,-0.367104351521
1776720948.03,0.426215022802,-0.204434022307,0.432821542025,0.420228421688,-0.200105473399,0.333439797163,0.41543340683,-0.200329691172,0.234101682901,0.409105539322,-0.203495293856,0.132028102875,0.404679059982,-0.20962074399,0.0344752445817,0.39892077446,-0.217400178313,-0.0648854076862,0.396475732327,-0.23190946877,-0.162153810263,0.393574178219,-0.249140918255,-0.259619951248,0.387777447701,-0.27193403244,-0.378366470337,0.405925989151,-0.285912066698,-0.367104351521
1776720948.05,0.423666477203,-0.204565092921,0.433848321438,0.417533636093,-0.202737301588,0.33506077528,0.41265809536,-0.206595689058,0.235042244196,0.407844901085,-0.211556956172,0.133860319853,0.405150294304,-0.219330132008,0.0358123853803,0.40391266346,-0.229544699192,-0.0597985684872,0.402814328671,-0.243022501469,-0.157593905926,0.400524497032,-0.256354123354,-0.258380025625,0.39879655838,-0.27637270093,-0.376984208822,0.413285672665,-0.288261502981,-0.367104351521
1776720948.06,0.42127174139,-0.204630747437,0.434714138508,0.416249454021,-0.204214379191,0.335724771023,0.412609219551,-0.210050523281,0.23666203022,0.40885335207,-0.216854721308,0.136279970407,0.406912922859,-0.225003302097,0.0385164320469,0.403564274311,-0.234547063708,-0.0615814328194,0.405203282833,-0.247650116682,-0.157682567835,0.404138505459,-0.259696424007,-0.258018374443,0.403534352779,-0.277657806873,-0.376889646053,0.420739352703,-0.290344744921,-0.367104351521
1776720948.08,0.418861865997,-0.204829514027,0.435488820076,0.418909132481,-0.201229140162,0.334063529968,0.414377331734,-0.202911555767,0.234605655074,0.408368885517,-0.207395270467,0.133266627789,0.405032813549,-0.214548692107,0.0355708748102,0.400645852089,-0.223449349403,-0.0625994354486,0.400427162647,-0.237550288439,-0.158994942904,0.397122085094,-0.252826660872,-0.258794754744,0.39333575964,-0.274438917637,-0.377924472094,0.428269386292,-0.292167007923,-0.367104351521
1776720948.09,0.416523575783,-0.205253615975,0.436060965061,0.414824724197,-0.207281008363,0.336877882481,0.411868810654,-0.216115415096,0.238072380424,0.409153342247,-0.225813955069,0.137954711914,0.40757972002,-0.236648112535,0.0392232835293,0.408312797546,-0.246427342296,-0.0572710186243,0.410153448582,-0.258362561464,-0.155272990465,0.411228597164,-0.267231166363,-0.256101369858,0.412896931171,-0.279515743256,-0.376543462276,0.435860395432,-0.293733596802,-0.367104351521
1776720948.11,0.414215624332,-0.206059530377,0.436524301767,0.412363767624,-0.211605295539,0.338853955269,0.411969304085,-0.225112095475,0.240128517151,0.412066817284,-0.238567486405,0.141154095531,0.41322606802,-0.253053039312,0.0448560863733,0.413068413734,-0.262700349092,-0.0549028068781,0.416162729263,-0.270932942629,-0.154451936483,0.42157304287,-0.276510447264,-0.253466963768,0.427601695061,-0.282916307449,-0.373760044575,0.443499267101,-0.295049488544,-0.367104351521
1776720948.12,0.41204020381,-0.207178846002,0.436957597733,0.412250876427,-0.212810307741,0.340101957321,0.412049174309,-0.227820068598,0.24003906548,0.413318097591,-0.242429479957,0.141931056976,0.413236498833,-0.256443619728,0.0432251244783,0.414032161236,-0.266279101372,-0.0552316308022,0.417858481407,-0.274810492992,-0.154629468918,0.424703478813,-0.278903692961,-0.253197550774,0.432239413261,-0.284107089043,-0.372954785824,0.451174795628,-0.296119272709,-0.367104351521
1776720948.14,0.409874230623,-0.208719342947,0.437252104282,0.410689592361,-0.215984553099,0.340645909309,0.412484228611,-0.232579499483,0.241217255592,0.415356457233,-0.248737841845,0.143395066261,0.41742837429,-0.263576239347,0.0450975075364,0.420508742332,-0.274499893188,-0.0524348169565,0.424491524696,-0.280515134335,-0.153146743774,0.432642102242,-0.283553570509,-0.250904798508,0.440957665443,-0.285821050406,-0.371644765139,0.458877563477,-0.296946972609,-0.367104351521
1776720948.15,0.407785087824,-0.210695028305,0.43739053607,0.410332858562,-0.217135041952,0.341240286827,0.412555575371,-0.234262466431,0.241642922163,0.416795909405,-0.251305937767,0.14427870512,0.420687615871,-0.267296880484,0.0483803600073,0.423245429993,-0.277015119791,-0.0520596951246,0.427585601807,-0.283021003008,-0.152219176292,0.436604559422,-0.285237431526,-0.250000298023,0.445401728153,-0.286680340767,-0.371020466089,0.466599524021,-0.29753574729,-0.367104351521
1776720948.17,0.405803352594,-0.213262856007,0.437452316284,0.408903956413,-0.219713672996,0.341463238001,0.413158416748,-0.237561583519,0.243028745055,0.417736053467,-0.254263371229,0.143619120121,0.424798190594,-0.270125478506,0.0486559942365,0.429002940655,-0.280382186174,-0.0512645542622,0.436947822571,-0.286497592926,-0.149452000856,0.4445515275,-0.287967979908,-0.249328523874,0.453941702843,-0.288912266493,-0.369810283184,0.474333584309,-0.297888040543,-0.367104351521
1776720948.23,0.403982520103,-0.216367766261,0.437479555607,0.407891571522,-0.221681311727,0.342059373856,0.412878334522,-0.238763898611,0.243171483278,0.419693768024,-0.255108505487,0.144757598639,0.426343679428,-0.270464748144,0.0481460541487,0.432534337044,-0.280967414379,-0.0507391989231,0.438557446003,-0.286708056927,-0.150550633669,0.448621869087,-0.289086580276,-0.248807102442,0.457890748978,-0.290635406971,-0.369691193104,0.482073605061,-0.298005312681,-0.367104351521
