time,rope_p0_x,rope_p0_y,rope_p0_z,rope_p1_x,rope_p1_y,rope_p1_z,rope_p2_x,rope_p2_y,rope_p2_z,rope_p3_x,rope_p3_y,rope_p3_z,rope_p4_x,rope_p4_y,rope_p4_z,rope_p5_x,rope_p5_y,rope_p5_z,rope_p6_x,rope_p6_y,rope_p6_z,rope_p7_x,rope_p7_y,rope_p7_z,rope_p8_x,rope_p8_y,rope_p8_z,goal_traj_x,goal_traj_y,goal_traj_z,obs_x,obs_y,obs_z
1776811096.52,0.480181455612,-0.299252986908,0.448131382465,0.480220407248,-0.299203783274,0.350196361542,0.480615645647,-0.299773365259,0.249021574855,0.481632262468,-0.299844413996,0.150289297104,0.481163412333,-0.300334095955,0.0501315630972,0.479980438948,-0.298708587885,-0.0505908578634,0.480640977621,-0.302299648523,-0.142067581415,0.482112079859,-0.299191772938,-0.247500211,0.483958393335,-0.299461454153,-0.368159890175,0.480715185404,-0.29721313715,-0.367703795433,0.616436362267,-0.235358059406,-0.367703795433
1776811101.52,0.480295330286,-0.298932135105,0.447371304035,0.479863911867,-0.298892140388,0.348481684923,0.480334252119,-0.299030005932,0.248586580157,0.479720562696,-0.298297166824,0.147629991174,0.479364663363,-0.298032075167,0.0480361059308,0.479199498892,-0.296576499939,-0.0519354194403,0.481838732958,-0.297871559858,-0.147686302662,0.48013702035,-0.297200024128,-0.248885542154,0.481165617704,-0.297796070576,-0.368643671274,0.480717033148,-0.29721313715,-0.367703795433,0.596225380898,-0.260089457035,-0.367703795433
1776811101.54,0.480297595263,-0.29893040657,0.447373718023,0.479929357767,-0.298877745867,0.34847933054,0.480291873217,-0.299015820026,0.248547315598,0.479422777891,-0.298470765352,0.14751419425,0.479299515486,-0.298309803009,0.0482354238629,0.478449195623,-0.29618242383,-0.0520997643471,0.478238254786,-0.297479629517,-0.150950551033,0.479227691889,-0.296215027571,-0.249713122845,0.48114451766,-0.297659337521,-0.368551284075,0.480724364519,-0.29721313715,-0.367703795433,0.59622168541,-0.259770452976,-0.367703795433
1776811101.55,0.480297714472,-0.298930376768,0.447374016047,0.479854792356,-0.298906743526,0.34853798151,0.480322688818,-0.29902073741,0.248568341136,0.479123443365,-0.297988206148,0.147367462516,0.480342715979,-0.300098747015,0.0502143912017,0.478449195623,-0.29618242383,-0.0520997643471,0.478092104197,-0.297202318907,-0.150896042585,0.478816300631,-0.296213418245,-0.249871939421,0.481160730124,-0.297353088856,-0.368428230286,0.480740815401,-0.29721313715,-0.367703795433,0.596754908562,-0.259683161974,-0.367703795433
1776811101.57,0.480297625065,-0.298930466175,0.447371423244,0.479851037264,-0.298914343119,0.348548233509,0.480044573545,-0.298989623785,0.248490482569,0.478876322508,-0.297832667828,0.147084563971,0.480251163244,-0.299627155066,0.0508926548064,0.47982981801,-0.299186944962,-0.0488552600145,0.479665964842,-0.298720836639,-0.150056988001,0.4791059196,-0.296353489161,-0.249048918486,0.481092721224,-0.297288656235,-0.368346691132,0.480770081282,-0.29721313715,-0.367703795433,0.595874905586,-0.259454071522,-0.367703795433
1776811101.58,0.480306893587,-0.298936873674,0.447358131409,0.479871720076,-0.298824727535,0.348477244377,0.480032294989,-0.298949867487,0.24848228693,0.478839963675,-0.297985970974,0.147098317742,0.479986041784,-0.300258994102,0.0505049712956,0.477502256632,-0.295976281166,-0.0523348897696,0.481093734503,-0.297705113888,-0.147563934326,0.47900518775,-0.296630203724,-0.249083906412,0.480980247259,-0.296972900629,-0.368272811174,0.480815798044,-0.297213107347,-0.367703795433,0.596423745155,-0.259982407093,-0.367703795433
1776811101.6,0.480321526527,-0.298942148685,0.447322458029,0.479776471853,-0.298911839724,0.348527908325,0.480023175478,-0.298948705196,0.248479396105,0.478944689035,-0.297919601202,0.14719042182,0.479362756014,-0.298900276423,0.0490474179387,0.477430135012,-0.29595464468,-0.052147641778,0.477859526873,-0.297253280878,-0.15122666955,0.479056209326,-0.296538978815,-0.248667150736,0.480972677469,-0.296943813562,-0.368320852518,0.480881482363,-0.297213077545,-0.367703795433,0.596272230148,-0.259718865156,-0.367703795433
1776811101.61,0.48042935133,-0.298927396536,0.447216391563,0.479776352644,-0.298914223909,0.348531186581,0.480006068945,-0.298956990242,0.248492211103,0.478875249624,-0.298026829958,0.147146299481,0.479524642229,-0.299276828766,0.0495577529073,0.477430135012,-0.29595464468,-0.052147641778,0.477244585752,-0.297088384628,-0.151500314474,0.47837588191,-0.296356320381,-0.249251067638,0.480798155069,-0.296614855528,-0.368162930012,0.480970829725,-0.297213017941,-0.367703795433,0.596243143082,-0.259382247925,-0.367703795433
1776811101.63,0.480579137802,-0.298881649971,0.447065591812,0.479878097773,-0.298574119806,0.348784834146,0.480000704527,-0.299068033695,0.248459547758,0.478818923235,-0.298081159592,0.147068798542,0.479395776987,-0.299135476351,0.0495335236192,0.47731128335,-0.296165138483,-0.052221044898,0.479085534811,-0.298646271229,-0.150271594524,0.479503601789,-0.297805160284,-0.246560126543,0.48039868474,-0.296214401722,-0.368459373713,0.481087356806,-0.297212868929,-0.367703795433,0.596692085266,-0.260158628225,-0.367703795433
1776811101.64,0.480852276087,-0.298801124096,0.446844011545,0.479893416166,-0.298694938421,0.348705053329,0.479977220297,-0.299060642719,0.248446717858,0.478450626135,-0.298163115978,0.146718934178,0.480164974928,-0.298625409603,0.0506295189261,0.480778962374,-0.297269225121,-0.0475351959467,0.476965874434,-0.296863108873,-0.151690006256,0.478905886412,-0.297611117363,-0.247545003891,0.479456931353,-0.29588830471,-0.369029790163,0.481234520674,-0.297212600708,-0.367703795433,0.596821308136,-0.259703367949,-0.367703795433
1776811101.66,0.481291532516,-0.298666626215,0.446627616882,0.479893416166,-0.298694938421,0.348705053329,0.479977220297,-0.299060642719,0.248446717858,0.478450626135,-0.298163115978,0.146718934178,0.480164974928,-0.298625409603,0.0506295189261,0.480778962374,-0.297269225121,-0.0475351959467,0.476965874434,-0.296863108873,-0.151690006256,0.478905886412,-0.297611117363,-0.247545003891,0.479456931353,-0.29588830471,-0.369029790163,0.481415897608,-0.297212183475,-0.367703795433,0.64143204689,-0.268917769194,-0.367703795433
1776811101.67,0.482108652592,-0.298416346312,0.446327358484,0.480187684298,-0.298571556807,0.348442673683,0.47989025712,-0.2991720438,0.247931912541,0.478596836329,-0.298351794481,0.146475970745,0.479106873274,-0.300274282694,0.0501907467842,0.477058261633,-0.295911699533,-0.0527777224779,0.480371743441,-0.297216832638,-0.147977411747,0.477412253618,-0.295757830143,-0.250215411186,0.479823440313,-0.295890152454,-0.36874333024,0.481634944677,-0.29721146822,-0.367703795433,0.6086114645,-0.272192507982,-0.367703795433
1776811101.69,0.48312920332,-0.298072844744,0.446049392223,0.480239540339,-0.298570424318,0.348431229591,0.480092853308,-0.299203068018,0.247840583324,0.47834327817,-0.298189550638,0.146318539977,0.479297727346,-0.300271272659,0.0501448623836,0.477058261633,-0.295911699533,-0.0527777224779,0.476818531752,-0.296675145626,-0.151756286621,0.477303892374,-0.295594334602,-0.250265657902,0.479823440313,-0.295890152454,-0.36874333024,0.481894940138,-0.297210425138,-0.367703795433,0.59618473053,-0.259751439095,-0.367703795433
1776811101.7,0.484405308962,-0.297647804022,0.445785075426,0.48117223382,-0.29869312048,0.34802031517,0.480556279421,-0.298058956861,0.24969124794,0.478253871202,-0.29767203331,0.145266741514,0.479386299849,-0.300151109695,0.0497741028666,0.479273170233,-0.298962831497,-0.0487905442715,0.476660400629,-0.296665996313,-0.152041643858,0.477039307356,-0.295531004667,-0.250713258982,0.478991240263,-0.295340627432,-0.369905799627,0.482199341059,-0.297208815813,-0.367703795433,0.596666574478,-0.260146796703,-0.367703795433
1776811101.72,0.485888630152,-0.297152251005,0.445466160774,0.481917589903,-0.298804908991,0.347881674767,0.480736464262,-0.299107551575,0.248865187168,0.47805121541,-0.297512829304,0.144600838423,0.479406028986,-0.300231724977,0.049641944468,0.479225903749,-0.298924863338,-0.0488575696945,0.476734787226,-0.296687632799,-0.152232348919,0.47703525424,-0.295523673296,-0.250722795725,0.478709071875,-0.295661151409,-0.370041370392,0.482551366091,-0.297206550837,-0.367703795433,0.595799684525,-0.259523838758,-0.367703795433
1776811101.73,0.487579584122,-0.29664131999,0.445118069649,0.483253031969,-0.298616319895,0.347296327353,0.481922775507,-0.298813700676,0.246972277761,0.478875309229,-0.297740727663,0.145094901323,0.479682058096,-0.299767464399,0.048750936985,0.477241843939,-0.295809566975,-0.0534575283527,0.476734787226,-0.296687632799,-0.152232348919,0.477040678263,-0.295637637377,-0.250837594271,0.478838175535,-0.294954031706,-0.371054679155,0.482954293489,-0.297203332186,-0.367703795433,0.596718430519,-0.26017037034,-0.367703795433
1776811101.75,0.489448666573,-0.296155929565,0.444752514362,0.484136968851,-0.298318237066,0.348118841648,0.482819586992,-0.29871237278,0.246552810073,0.480568498373,-0.300107002258,0.147125884891,0.480388075113,-0.29790648818,0.0484991893172,0.480014950037,-0.296805530787,-0.0488260686398,0.476011842489,-0.296383142471,-0.152836054564,0.477034419775,-0.295627653599,-0.250849992037,0.478983670473,-0.294756233692,-0.370934695005,0.483411282301,-0.297198921442,-0.367703795433,0.595765590668,-0.259525805712,-0.367703795433
1776811101.76,0.491467356682,-0.295760273933,0.444369286299,0.485160142183,-0.29813182354,0.347272634506,0.483447521925,-0.298429131508,0.246377319098,0.482357233763,-0.297888100147,0.147926837206,0.478981286287,-0.297763139009,0.0465505644679,0.479981094599,-0.296734511852,-0.0490835756063,0.476238459349,-0.296584963799,-0.152709186077,0.476958423853,-0.295558452606,-0.250883460045,0.478834658861,-0.29484051466,-0.371214985847,0.483925431967,-0.297192960978,-0.367703795433,0.59679877758,-0.259724199772,-0.367703795433
1776811101.78,0.493184894323,-0.295502215624,0.44398739934,0.487764507532,-0.297675102949,0.347028285265,0.485608249903,-0.298122942448,0.245905801654,0.482374578714,-0.297793626785,0.144808858633,0.480670005083,-0.298323094845,0.0466805696487,0.477189511061,-0.296130925417,-0.0538319647312,0.476238459349,-0.296584963799,-0.152709186077,0.476282209158,-0.29518944025,-0.251666277647,0.478555768728,-0.294904261827,-0.371602326632,0.484499782324,-0.297185122967,-0.367703795433,0.596612215042,-0.260099887848,-0.367703795433
1776811101.79,0.496181547642,-0.295206457376,0.443244457245,0.491011589766,-0.297296792269,0.346268802881,0.487933009863,-0.297718644142,0.246919736266,0.485564500093,-0.297346204519,0.145872950554,0.482034832239,-0.298262238503,0.0462059229612,0.480667620897,-0.297774970531,-0.051568210125,0.476663261652,-0.296460688114,-0.152859121561,0.476809471846,-0.294992893934,-0.252255499363,0.477984875441,-0.295174747705,-0.371598690748,0.485137254,-0.297174870968,-0.367703795433,0.595551729202,-0.259110242128,-0.367703795433
1776811101.81,0.498434871435,-0.295089572668,0.442797392607,0.492039531469,-0.297205358744,0.345686852932,0.489467650652,-0.297674953938,0.246455416083,0.486908107996,-0.297110587358,0.1461160779,0.483435839415,-0.299077033997,0.0471332594752,0.479750782251,-0.296027004719,-0.0538077503443,0.478879660368,-0.298627227545,-0.151704311371,0.476743191481,-0.295103728771,-0.252780199051,0.47789272666,-0.295073866844,-0.371753960848,0.485840827227,-0.297161728144,-0.367703795433,0.596017122269,-0.259474933147,-0.367703795433
1776811101.82,0.501330375671,-0.295133650303,0.442207098007,0.495318859816,-0.297009855509,0.345964491367,0.492140263319,-0.297494024038,0.244137451053,0.487736552954,-0.296760588884,0.143291965127,0.484230667353,-0.296835035086,0.044257722795,0.480571061373,-0.295164167881,-0.0558192878962,0.48219576478,-0.296637833118,-0.151519954205,0.477756112814,-0.295127511024,-0.252537846565,0.477401345968,-0.295003592968,-0.372481614351,0.486613184214,-0.297145068645,-0.367703795433,0.596033334732,-0.259460419416,-0.367703795433
1776811101.84,0.504202365875,-0.295377761126,0.441691994667,0.495318859816,-0.297009855509,0.345964491367,0.492140263319,-0.297494024038,0.244137451053,0.487736552954,-0.296760588884,0.143291965127,0.484230667353,-0.296835035086,0.044257722795,0.480571061373,-0.295164167881,-0.0558192878962,0.48219576478,-0.296637833118,-0.151519954205,0.477756112814,-0.295127511024,-0.252537846565,0.477401345968,-0.295003592968,-0.372481614351,0.487457066774,-0.297124177217,-0.367703795433,0.596042156219,-0.259450674057,-0.367703795433
1776811101.85,0.506773114204,-0.295843154192,0.441142588854,0.500714540482,-0.297652631998,0.343933403492,0.4972409904,-0.297301799059,0.244911029935,0.492005437613,-0.296474277973,0.141980111599,0.4896466434,-0.297959268093,0.0452412590384,0.486225157976,-0.296846956015,-0.0539900064468,0.48049941659,-0.295339375734,-0.155657380819,0.481034845114,-0.294933706522,-0.251027017832,0.476483792067,-0.294971585274,-0.37406373024,0.488375097513,-0.297098278999,-0.367703795433,0.595504045486,-0.259108275175,-0.367703795433
1776811101.87,0.510174572468,-0.296771377325,0.440607428551,0.502864003181,-0.297680199146,0.343727588654,0.499017268419,-0.297654867172,0.244578897953,0.493548184633,-0.296179175377,0.140922859311,0.491130560637,-0.297014534473,0.0440180450678,0.489836782217,-0.294400781393,-0.0524003356695,0.481609910727,-0.294682860374,-0.156859755516,0.481166630983,-0.294918328524,-0.252086430788,0.476494044065,-0.295529782772,-0.3739567101,0.489369779825,-0.297066509724,-0.367703795433,0.59570145607,-0.259120106697,-0.367703795433
1776811101.88,0.513128221035,-0.29787042737,0.440121859312,0.506811380386,-0.298826277256,0.343503832817,0.503312706947,-0.298458456993,0.242731168866,0.49878141284,-0.297087609768,0.142493158579,0.494250446558,-0.297164857388,0.0436949580908,0.488101392984,-0.294641792774,-0.0569840818644,0.48320004344,-0.294304549694,-0.157642364502,0.479765385389,-0.293845146894,-0.255282133818,0.47565087676,-0.29448056221,-0.375891983509,0.490443557501,-0.297027826309,-0.367703795433,0.595486760139,-0.259134590626,-0.367703795433
1776811101.9,0.516084969044,-0.299145042896,0.43954411149,0.509388446808,-0.299466997385,0.342815995216,0.505588650703,-0.298597127199,0.243367061019,0.502238869667,-0.295621991158,0.14580899477,0.496381014585,-0.297810673714,0.0443860515952,0.489672094584,-0.294026613235,-0.0578779727221,0.488835841417,-0.294483840466,-0.152846336365,0.480396836996,-0.293957740068,-0.255004793406,0.475643366575,-0.294472754002,-0.376247823238,0.491598695517,-0.29698112607,-0.367703795433,0.596041440964,-0.259445726871,-0.367703795433
1776811101.91,0.519034802914,-0.300443261862,0.439041763544,0.509388446808,-0.299466997385,0.342815995216,0.505588650703,-0.298597127199,0.243367061019,0.502238869667,-0.295621991158,0.14580899477,0.496381014585,-0.297810673714,0.0443860515952,0.489672094584,-0.294026613235,-0.0578779727221,0.488835841417,-0.294483840466,-0.152846336365,0.480396836996,-0.293957740068,-0.255004793406,0.475643366575,-0.294472754002,-0.376247823238,0.492837399244,-0.296925246716,-0.367703795433,0.596168160439,-0.259716629982,-0.367703795433
1776811101.93,0.521952033043,-0.301644653082,0.438386410475,0.509388446808,-0.299466997385,0.342815995216,0.505588650703,-0.298597127199,0.243367061019,0.502238869667,-0.295621991158,0.14580899477,0.496381014585,-0.297810673714,0.0443860515952,0.489672094584,-0.294026613235,-0.0578779727221,0.488835841417,-0.294483840466,-0.152846336365,0.480396836996,-0.293957740068,-0.255004793406,0.475643366575,-0.294472754002,-0.376247823238,0.494161754847,-0.296858787537,-0.367703795433,0.595694899559,-0.259575694799,-0.367703795433
1776811101.94,0.524878144264,-0.302750915289,0.437771081924,0.509388446808,-0.299466997385,0.342815995216,0.505588650703,-0.298597127199,0.243367061019,0.502238869667,-0.295621991158,0.14580899477,0.496381014585,-0.297810673714,0.0443860515952,0.489672094584,-0.294026613235,-0.0578779727221,0.488835841417,-0.294483840466,-0.152846336365,0.480396836996,-0.293957740068,-0.255004793406,0.475643366575,-0.294472754002,-0.376247823238,0.495573729277,-0.296780258417,-0.367703795433,0.5962651968,-0.25972571969,-0.367703795433
1776811101.96,0.527810871601,-0.303621411324,0.437213689089,0.509388446808,-0.299466997385,0.342815995216,0.505588650703,-0.298597127199,0.243367061019,0.502238869667,-0.295621991158,0.14580899477,0.496381014585,-0.297810673714,0.0443860515952,0.489672094584,-0.294026613235,-0.0578779727221,0.488835841417,-0.294483840466,-0.152846336365,0.480396836996,-0.293957740068,-0.255004793406,0.475643366575,-0.294472754002,-0.376247823238,0.497075170279,-0.296688109636,-0.367703795433,0.596223831177,-0.25969299674,-0.367703795433
1776811101.97,0.530826091766,-0.304203152657,0.436567306519,0.509388446808,-0.299466997385,0.342815995216,0.505588650703,-0.298597127199,0.243367061019,0.502238869667,-0.295621991158,0.14580899477,0.496381014585,-0.297810673714,0.0443860515952,0.489672094584,-0.294026613235,-0.0578779727221,0.488835841417,-0.294483840466,-0.152846336365,0.480396836996,-0.293957740068,-0.255004793406,0.475643366575,-0.294472754002,-0.376247823238,0.498667746782,-0.296580582857,-0.367703795433,0.596234679222,-0.259697556496,-0.367703795433
1776811101.99,0.533848285675,-0.304606735706,0.436023503542,0.509388446808,-0.299466997385,0.342815995216,0.505588650703,-0.298597127199,0.243367061019,0.502238869667,-0.295621991158,0.14580899477,0.496381014585,-0.297810673714,0.0443860515952,0.489672094584,-0.294026613235,-0.0578779727221,0.488835841417,-0.294483840466,-0.152846336365,0.480396836996,-0.293957740068,-0.255004793406,0.475643366575,-0.294472754002,-0.376247823238,0.500352978706,-0.296455740929,-0.367703795433,0.596613049507,-0.260096073151,-0.367703795433
1776811102,0.536505758762,-0.304773330688,0.435676425695,0.531644463539,-0.310318619013,0.338017880917,0.527406334877,-0.309345960617,0.238026589155,0.520077228546,-0.305683255196,0.13555419445,0.514129400253,-0.303441554308,0.0376006513834,0.505807757378,-0.29960423708,-0.062321215868,0.50216114521,-0.297926187515,-0.156750142574,0.489046901464,-0.29464250803,-0.259615361691,0.480383247137,-0.293913781643,-0.37870746851,0.502132415771,-0.296311616898,-0.367703795433,0.60710978508,-0.223597243428,-0.367703795433
1776811102.02,0.539845228195,-0.304838716984,0.435219228268,0.531644463539,-0.310318619013,0.338017880917,0.527406334877,-0.309345960617,0.238026589155,0.520077228546,-0.305683255196,0.13555419445,0.514129400253,-0.303441554308,0.0376006513834,0.505807757378,-0.29960423708,-0.062321215868,0.50216114521,-0.297926187515,-0.156750142574,0.489046901464,-0.29464250803,-0.259615361691,0.480383247137,-0.293913781643,-0.37870746851,0.504007101059,-0.29614597559,-0.367703795433,0.597123503685,-0.249599486589,-0.367703795433
1776811102.03,0.543366670609,-0.30485534668,0.434959173203,0.535844326019,-0.311215639114,0.337899416685,0.530977249146,-0.311262995005,0.237217783928,0.525674343109,-0.308571308851,0.138681486249,0.517653942108,-0.307145476341,0.0379452332854,0.508749365807,-0.302155137062,-0.0628386288881,0.504826664925,-0.300104081631,-0.157243490219,0.491793066263,-0.295964062214,-0.259588092566,0.482283681631,-0.293239116669,-0.379257321358,0.505978345871,-0.295956462622,-0.367703795433,0.606544137001,-0.223429486156,-0.367703795433
1776811102.05,0.545806467533,-0.304884433746,0.434878945351,0.539830565453,-0.312180757523,0.336983442307,0.535288572311,-0.311258256435,0.238123118877,0.529394388199,-0.308835327625,0.140738293529,0.521320939064,-0.310451745987,0.0389063432813,0.515917658806,-0.304749548435,-0.0581078380346,0.502055764198,-0.301691561937,-0.16250616312,0.497613877058,-0.297836691141,-0.256313771009,0.485210746527,-0.293470054865,-0.379650503397,0.508046984673,-0.295740604401,-0.367703795433,0.607127308846,-0.224139943719,-0.367703795433
1776811102.06,0.5490000844,-0.305046319962,0.434848576784,0.539830565453,-0.312180757523,0.336983442307,0.535288572311,-0.311258256435,0.238123118877,0.529394388199,-0.308835327625,0.140738293529,0.521320939064,-0.310451745987,0.0389063432813,0.515917658806,-0.304749548435,-0.0581078380346,0.502055764198,-0.301691561937,-0.16250616312,0.497613877058,-0.297836691141,-0.256313771009,0.485210746527,-0.293470054865,-0.379650503397,0.51021361351,-0.295495688915,-0.367703795433,0.63895380497,-0.253758579493,-0.367703795433
1776811102.08,0.551474809647,-0.305258065462,0.434861928225,0.539830565453,-0.312180757523,0.336983442307,0.535288572311,-0.311258256435,0.238123118877,0.529394388199,-0.308835327625,0.140738293529,0.521320939064,-0.310451745987,0.0389063432813,0.515917658806,-0.304749548435,-0.0581078380346,0.502055764198,-0.301691561937,-0.16250616312,0.497613877058,-0.297836691141,-0.256313771009,0.485210746527,-0.293470054865,-0.379650503397,0.512479066849,-0.295218914747,-0.367703795433,0.595751404762,-0.259380370378,-0.367703795433
1776811102.09,0.554735660553,-0.305632650852,0.434943497181,0.550758242607,-0.312688827515,0.337006807327,0.544472455978,-0.313944011927,0.236582845449,0.537666916847,-0.312114626169,0.140795826912,0.527710080147,-0.312768697739,0.0374449044466,0.517650485039,-0.308847308159,-0.0631163567305,0.51040494442,-0.30740493536,-0.159539282322,0.500560164452,-0.299684524536,-0.260859638453,0.493319243193,-0.292818635702,-0.379387378693,0.514843463898,-0.29490724206,-0.367703795433,0.595737814903,-0.259019166231,-0.367703795433
1776811102.11,0.556963860989,-0.30593764782,0.435027509928,0.550758242607,-0.312688827515,0.337006807327,0.544472455978,-0.313944011927,0.236582845449,0.537666916847,-0.312114626169,0.140795826912,0.527710080147,-0.312768697739,0.0374449044466,0.517650485039,-0.308847308159,-0.0631163567305,0.51040494442,-0.30740493536,-0.159539282322,0.500560164452,-0.299684524536,-0.260859638453,0.493319243193,-0.292818635702,-0.379387378693,0.517307043076,-0.294557482004,-0.367703795433,0.596012353897,-0.259454488754,-0.367703795433
1776811102.12,0.559721469879,-0.306281387806,0.434962749481,0.556260108948,-0.314135313034,0.336349666119,0.55004966259,-0.313728779554,0.238394588232,0.542214512825,-0.313120096922,0.139689937234,0.538551926613,-0.314978033304,0.0410585105419,0.52247440815,-0.3085257411,-0.0635582357645,0.513342499733,-0.30559822917,-0.162183940411,0.508327126503,-0.301564067602,-0.258875280619,0.499275118113,-0.29515683651,-0.378996282816,0.519869685173,-0.294166296721,-0.367703795433,0.595782518387,-0.259403526783,-0.367703795433
1776811102.14,0.562075197697,-0.306434124708,0.435013324022,0.558649539948,-0.31388220191,0.337305784225,0.551352262497,-0.314920216799,0.236690819263,0.54429256916,-0.312804877758,0.140436530113,0.535285353661,-0.312757492065,0.0388988479972,0.52411711216,-0.308080732822,-0.062397390604,0.515639662743,-0.304763674736,-0.16257917881,0.508663415909,-0.300953686237,-0.259057253599,0.50116288662,-0.295455753803,-0.379300385714,0.522531032562,-0.29373010993,-0.367703795433,0.595999717712,-0.259439200163,-0.367703795433
1776811102.15,0.564212918282,-0.306398659945,0.435090184212,0.561481237411,-0.315194994211,0.337441384792,0.555051445961,-0.314162194729,0.238532021642,0.548026204109,-0.313096046448,0.137635052204,0.539868474007,-0.313424140215,0.0403421893716,0.528813123703,-0.307478010654,-0.0627564489841,0.519939541817,-0.304670184851,-0.162237048149,0.514642477036,-0.300801306963,-0.25738799572,0.505281567574,-0.297208636999,-0.379465937614,0.525290369987,-0.293245196342,-0.367703795433,0.59569644928,-0.258860498667,-0.367703795433
1776811102.17,0.566444933414,-0.306085735559,0.435208022594,0.561481237411,-0.315194994211,0.337441384792,0.555051445961,-0.314162194729,0.238532021642,0.548026204109,-0.313096046448,0.137635052204,0.539868474007,-0.313424140215,0.0403421893716,0.528813123703,-0.307478010654,-0.0627564489841,0.519939541817,-0.304670184851,-0.162237048149,0.514642477036,-0.300801306963,-0.25738799572,0.505281567574,-0.297208636999,-0.379465937614,0.528146982193,-0.292707651854,-0.367703795433,0.595941066742,-0.259289652109,-0.367703795433
1776811102.18,0.568791389465,-0.305322289467,0.435222238302,0.565134763718,-0.315052658319,0.337291926146,0.558616757393,-0.315310537815,0.236993521452,0.552200198174,-0.312619179487,0.137657210231,0.544426083565,-0.311202943325,0.0395832285285,0.53380048275,-0.306476533413,-0.0627540647984,0.524933934212,-0.304031729698,-0.162183940411,0.517694234848,-0.301040112972,-0.259593546391,0.510005354881,-0.298734784126,-0.378859609365,0.531099438667,-0.292113363743,-0.367703795433,0.595953464508,-0.259319454432,-0.367703795433
1776811102.2,0.57087880373,-0.304208099842,0.435414016247,0.56833255291,-0.314726382494,0.338274717331,0.562494158745,-0.314490795135,0.23681332171,0.556659698486,-0.310584694147,0.140467211604,0.548196911812,-0.310491591692,0.0381275415421,0.538328170776,-0.305529922247,-0.0630710422993,0.530070781708,-0.303816020489,-0.162612020969,0.52214205265,-0.301329791546,-0.260342627764,0.515293002129,-0.300773650408,-0.379400670528,0.534146308899,-0.291458070278,-0.367703795433,0.596000671387,-0.259398758411,-0.367703795433
1776811102.21,0.573229074478,-0.302374631166,0.435677796602,0.570099949837,-0.314839482307,0.336903452873,0.5644967556,-0.313845276833,0.23670373857,0.558330178261,-0.311142295599,0.137997448444,0.550386786461,-0.310104548931,0.0382508486509,0.544365763664,-0.306365430355,-0.0584443062544,0.532786607742,-0.304166734219,-0.162520259619,0.524772286415,-0.301753342152,-0.260498672724,0.517589569092,-0.301549047232,-0.379480630159,0.537285447121,-0.290737301111,-0.367703795433,0.595796704292,-0.259311795235,-0.367703795433
1776811102.23,0.575150370598,-0.300422787666,0.435961872339,0.570099949837,-0.314839482307,0.336903452873,0.5644967556,-0.313845276833,0.23670373857,0.558330178261,-0.311142295599,0.137997448444,0.550386786461,-0.310104548931,0.0382508486509,0.544365763664,-0.306365430355,-0.0584443062544,0.532786607742,-0.304166734219,-0.162520259619,0.524772286415,-0.301753342152,-0.260498672724,0.517589569092,-0.301549047232,-0.379480630159,0.540514707565,-0.28994640708,-0.367703795433,0.595789909363,-0.259124159813,-0.367703795433
1776811102.24,0.577577769756,-0.297194927931,0.436328530312,0.577228784561,-0.311242192984,0.337348163128,0.573159456253,-0.310653209686,0.238046556711,0.567546725273,-0.309361755848,0.138716354966,0.560680031776,-0.31027585268,0.0396508201957,0.551948308945,-0.305912077427,-0.0623035132885,0.545814633369,-0.306807100773,-0.160065442324,0.536463141441,-0.30391779542,-0.260017454624,0.528915286064,-0.304377675056,-0.379563182592,0.543831110001,-0.289080560207,-0.367703795433,0.595801115036,-0.259414345026,-0.367703795433
1776811102.26,0.579581677914,-0.293724536896,0.436666429043,0.579155087471,-0.309822589159,0.337366759777,0.574786543846,-0.31023979187,0.237682566047,0.569770932198,-0.308601468801,0.14034473896,0.562779664993,-0.308849334717,0.0383457094431,0.554105162621,-0.305802643299,-0.0624210089445,0.546881079674,-0.305400729179,-0.161511480808,0.539593458176,-0.304829627275,-0.259670436382,0.53151345253,-0.304766088724,-0.379464387894,0.547231554985,-0.288134783506,-0.367703795433,0.595836520195,-0.259440422058,-0.367703795433
1776811102.27,0.581439077854,-0.289768576622,0.436986535788,0.582904219627,-0.306136786938,0.338640570641,0.578711509705,-0.307498723269,0.239319011569,0.574303746223,-0.308171838522,0.138742238283,0.56825876236,-0.310333520174,0.0401382818818,0.559232354164,-0.306886613369,-0.0619327872992,0.552050828934,-0.306428313255,-0.16238963604,0.545219540596,-0.305748343468,-0.260499536991,0.539047837257,-0.307917833328,-0.378761261702,0.550712108612,-0.287103950977,-0.367703795433,0.595985651016,-0.259467422962,-0.367703795433
1776811102.29,0.58317387104,-0.285406947136,0.437307178974,0.582904219627,-0.306136786938,0.338640570641,0.578711509705,-0.307498723269,0.239319011569,0.574303746223,-0.308171838522,0.138742238283,0.56825876236,-0.310333520174,0.0401382818818,0.559232354164,-0.306886613369,-0.0619327872992,0.552050828934,-0.306428313255,-0.16238963604,0.545219540596,-0.305748343468,-0.260499536991,0.539047837257,-0.307917833328,-0.378761261702,0.554268240929,-0.285982757807,-0.367703795433,0.595971226692,-0.259452879429,-0.367703795433
1776811102.3,0.584605336189,-0.281074851751,0.437642037868,0.585583686829,-0.302235454321,0.33972132206,0.582505702972,-0.305213958025,0.238425806165,0.578824162483,-0.306037336588,0.140946358442,0.572546958923,-0.309191912413,0.0392169058323,0.569001078606,-0.307790637016,-0.0564565956593,0.561295151711,-0.308894723654,-0.157129883766,0.552203655243,-0.308125495911,-0.258112370968,0.54467689991,-0.308403849602,-0.378755003214,0.557895183563,-0.284765779972,-0.367703795433,0.596025824547,-0.25949794054,-0.367703795433
1776811102.32,0.585854649544,-0.276186674833,0.437953650951,0.585583686829,-0.302235454321,0.33972132206,0.582505702972,-0.305213958025,0.238425806165,0.578824162483,-0.306037336588,0.140946358442,0.572546958923,-0.309191912413,0.0392169058323,0.569001078606,-0.307790637016,-0.0564565956593,0.561295151711,-0.308894723654,-0.157129883766,0.552203655243,-0.308125495911,-0.258112370968,0.54467689991,-0.308403849602,-0.378755003214,0.561586976051,-0.283447474241,-0.367703795433,0.595592260361,-0.259115636349,-0.367703795433
1776811102.33,0.586653888226,-0.271479159594,0.438259273767,0.589315533638,-0.293858587742,0.34008949995,0.587047100067,-0.298999637365,0.240147635341,0.584187507629,-0.30338165164,0.139979064465,0.579431414604,-0.308605819941,0.0394873097539,0.575683236122,-0.309429258108,-0.0566764175892,0.56876206398,-0.311954677105,-0.15887221694,0.562441706657,-0.311211049557,-0.257535040379,0.555189728737,-0.310371428728,-0.378356069326,0.565337300301,-0.282022297382,-0.367703795433,0.596069931984,-0.259378433228,-0.367703795433
1776811102.35,0.587174117565,-0.265872329473,0.438600301743,0.591446280479,-0.287670552731,0.340027868748,0.589713573456,-0.294300884008,0.239803358912,0.587343335152,-0.300426036119,0.139932051301,0.583328962326,-0.305762141943,0.0404372066259,0.5798381567,-0.310444355011,-0.0569649040699,0.576911211014,-0.310573637486,-0.155756950378,0.56923854351,-0.312334001064,-0.257247447968,0.56202185154,-0.310802876949,-0.379168778658,0.569139003754,-0.280484527349,-0.367703795433,0.596482038498,-0.259308844805,-0.367703795433
1776811102.36,0.587375164032,-0.260354340076,0.438890218735,0.592741370201,-0.281061798334,0.340131551027,0.591741800308,-0.288846105337,0.239485815167,0.590175390244,-0.296024948359,0.14019754529,0.587484836578,-0.303694605827,0.0424817949533,0.582510709763,-0.306016802788,-0.0591360032558,0.578764200211,-0.310756653547,-0.157989680767,0.576165318489,-0.312743008137,-0.256180047989,0.570456147194,-0.312984496355,-0.377929210663,0.572983980179,-0.278828531504,-0.367703795433,0.596063733101,-0.259446829557,-0.367703795433
1776811102.38,0.587053775787,-0.254522323608,0.439131945372,0.592741370201,-0.281061798334,0.340131551027,0.591741800308,-0.288846105337,0.239485815167,0.590175390244,-0.296024948359,0.14019754529,0.587484836578,-0.303694605827,0.0424817949533,0.582510709763,-0.306016802788,-0.0591360032558,0.578764200211,-0.310756653547,-0.157989680767,0.576165318489,-0.312743008137,-0.256180047989,0.570456147194,-0.312984496355,-0.377929210663,0.57686316967,-0.277048647404,-0.367703795433,0.595395326614,-0.258379042149,-0.367703795433
1776811102.39,0.586353302002,-0.249441280961,0.439451426268,0.593277454376,-0.273835927248,0.340700000525,0.593596339226,-0.281544655561,0.243204727769,0.592944025993,-0.289912492037,0.143191725016,0.59127831459,-0.299388587475,0.0428905636072,0.588565707207,-0.304192960262,-0.0569773465395,0.58487868309,-0.308855563402,-0.157726466656,0.582586407661,-0.312664628029,-0.25540304184,0.557218790054,-0.295495450497,-0.417540758848,0.580766797066,-0.275139331818,-0.367703795433,0.59617638588,-0.259303420782,-0.367703795433
1776811102.41,0.585186839104,-0.243486121297,0.439876884222,0.59304702282,-0.26658308506,0.340434551239,0.594208955765,-0.275911748409,0.240668490529,0.595669865608,-0.284452021122,0.142700597644,0.594226956367,-0.293515115976,0.0426522195339,0.592186570168,-0.299325317144,-0.0572528094053,0.591304659843,-0.307309120893,-0.155729085207,0.592406868935,-0.311423748732,-0.250509649515,0.587708115578,-0.321175396442,-0.373159080744,0.584683895111,-0.273095101118,-0.367703795433,0.596996545792,-0.259646058083,-0.367703795433
1776811102.42,0.5837444067,-0.23771494627,0.440071344376,0.592909216881,-0.262400835752,0.341426372528,0.594438791275,-0.272109359503,0.240782544017,0.596646428108,-0.280530482531,0.143446773291,0.595853805542,-0.290724188089,0.0432573407888,0.594439029694,-0.297105610371,-0.0566803067923,0.592777252197,-0.304388433695,-0.156621813774,0.595405697823,-0.310719132423,-0.250519305468,0.618972063065,-0.260021418333,-0.305642217398,0.588602662086,-0.270910739899,-0.367703795433,0.596883416176,-0.261380344629,-0.367703795433
1776811102.44,0.582166850567,-0.232032239437,0.440462261438,0.59156191349,-0.254218399525,0.341431647539,0.594715356827,-0.264039874077,0.242753759027,0.597856640816,-0.273095846176,0.143988654017,0.597967505455,-0.283522993326,0.0436162725091,0.597949981689,-0.291320949793,-0.0563553422689,0.598450303078,-0.300896823406,-0.156075716019,0.60185790062,-0.308860480785,-0.249562650919,0.601587295532,-0.323273301125,-0.370075106621,0.59250998497,-0.268581300974,-0.367703795433,0.596412181854,-0.259598225355,-0.367703795433
1776811102.45,0.580225288868,-0.226378798485,0.440847337246,0.59156191349,-0.254218399525,0.341431647539,0.594715356827,-0.264039874077,0.242753759027,0.597856640816,-0.273095846176,0.143988654017,0.597967505455,-0.283522993326,0.0436162725091,0.597949981689,-0.291320949793,-0.0563553422689,0.598450303078,-0.300896823406,-0.156075716019,0.60185790062,-0.308860480785,-0.249562650919,0.601587295532,-0.323273301125,-0.370075106621,0.596392154694,-0.266102135181,-0.367703795433,0.595534443855,-0.258997112513,-0.367703795433
1776811102.47,0.577489614487,-0.219716534019,0.441365242004,0.588278055191,-0.241512805223,0.341714560986,0.593055605888,-0.25053268671,0.244854956865,0.59787273407,-0.261111289263,0.144230306149,0.60021674633,-0.271940588951,0.0439166128635,0.605041861534,-0.283549845219,-0.0523544698954,0.605864882469,-0.29457950592,-0.153497815132,0.61157310009,-0.305845797062,-0.246732145548,0.610863447189,-0.321249395609,-0.371744424105,0.600234031677,-0.263469070196,-0.367703795433,0.59589266777,-0.259564042091,-0.367703795433
1776811102.48,0.57469946146,-0.213641315699,0.441878080368,0.585414886475,-0.232465863228,0.342738717794,0.590883493423,-0.242186248302,0.242664039135,0.597487926483,-0.252510458231,0.144952327013,0.601494431496,-0.26500159502,0.0448696985841,0.606203198433,-0.275916516781,-0.0532581359148,0.610882043839,-0.290515780449,-0.151485711336,0.617443561554,-0.303658485413,-0.246591150761,0.619443655014,-0.321792423725,-0.368583619595,0.604019522667,-0.260678380728,-0.367703795433,0.596196532249,-0.259350121021,-0.367703795433
1776811102.5,0.571698307991,-0.207509502769,0.442431300879,0.58382332325,-0.227991580963,0.343366593122,0.590066552162,-0.237847059965,0.243707954884,0.596798658371,-0.249003902078,0.144913315773,0.601665258408,-0.260979890823,0.0458068028092,0.607236742973,-0.273344695568,-0.0527804195881,0.612107157707,-0.288299590349,-0.150617539883,0.619214892387,-0.259020298719,-0.301056534052,0.623797535896,-0.322468876839,-0.363994270563,0.607731699944,-0.257726997137,-0.367703795433,0.596109271049,-0.259310990572,-0.367703795433
1776811102.51,0.568467020988,-0.201586708426,0.443016439676,0.58382332325,-0.227991580963,0.343366593122,0.590066552162,-0.237847059965,0.243707954884,0.596798658371,-0.249003902078,0.144913315773,0.601665258408,-0.260979890823,0.0458068028092,0.607236742973,-0.273344695568,-0.0527804195881,0.612107157707,-0.288299590349,-0.150617539883,0.619214892387,-0.259020298719,-0.301056534052,0.623797535896,-0.322468876839,-0.363994270563,0.611352682114,-0.254612565041,-0.367703795433,0.595924735069,-0.259085923433,-0.367703795433
1776811102.53,0.566028058529,-0.197393625975,0.443470954895,0.578293800354,-0.214531645179,0.344453454018,0.586205601692,-0.225079134107,0.245178356767,0.595020771027,-0.235863953829,0.147033125162,0.601566195488,-0.25022315979,0.047343634069,0.612167358398,-0.265214622021,-0.0471958816051,0.620151996613,-0.282244294882,-0.144567102194,0.629162073135,-0.298237413168,-0.240986287594,0.636331558228,-0.320762932301,-0.361400723457,0.614863634109,-0.251333415508,-0.367703795433,0.596521258354,-0.259638100863,-0.367703795433
1776811102.54,0.561553537846,-0.190739825368,0.444096595049,0.578293800354,-0.214531645179,0.344453454018,0.586205601692,-0.225079134107,0.245178356767,0.595020771027,-0.235863953829,0.147033125162,0.601566195488,-0.25022315979,0.047343634069,0.612167358398,-0.265214622021,-0.0471958816051,0.620151996613,-0.282244294882,-0.144567102194,0.629162073135,-0.298237413168,-0.240986287594,0.636331558228,-0.320762932301,-0.361400723457,0.618245124817,-0.247888848186,-0.367703795433,0.596094965935,-0.259602338076,-0.367703795433
1776811102.56,0.558677494526,-0.186740189791,0.444449067116,0.578293800354,-0.214531645179,0.344453454018,0.586205601692,-0.225079134107,0.245178356767,0.595020771027,-0.235863953829,0.147033125162,0.601566195488,-0.25022315979,0.047343634069,0.612167358398,-0.265214622021,-0.0471958816051,0.620151996613,-0.282244294882,-0.144567102194,0.629162073135,-0.298237413168,-0.240986287594,0.636331558228,-0.320762932301,-0.361400723457,0.621477365494,-0.24427908659,-0.367703795433,0.596103668213,-0.259573429823,-0.367703795433
1776811102.57,0.554514884949,-0.181641027331,0.444829344749,0.566717863083,-0.194340914488,0.345683634281,0.577585458755,-0.205778717995,0.248250752687,0.589663505554,-0.218777418137,0.150072693825,0.601008892059,-0.234872147441,0.0524727106094,0.614481091499,-0.2511100173,-0.0428884923458,0.627141833305,-0.270098239183,-0.139049381018,0.639713525772,-0.289229899645,-0.234409093857,0.655106186867,-0.313859224319,-0.352780938148,0.624539852142,-0.24050539732,-0.367703795433,0.595915198326,-0.2593562603,-0.367703795433
1776811102.59,0.550733923912,-0.177894741297,0.445041388273,0.566717863083,-0.194340914488,0.345683634281,0.577585458755,-0.205778717995,0.248250752687,0.589663505554,-0.218777418137,0.150072693825,0.601008892059,-0.234872147441,0.0524727106094,0.614481091499,-0.2511100173,-0.0428884923458,0.627141833305,-0.270098239183,-0.139049381018,0.639713525772,-0.289229899645,-0.234409093857,0.655106186867,-0.313859224319,-0.352780938148,0.627412199974,-0.236570090055,-0.367703795433,0.595765113831,-0.259126126766,-0.367703795433
1776811102.6,0.54663169384,-0.174620077014,0.445012241602,0.562230825424,-0.188001915812,0.346953570843,0.573973178864,-0.199397772551,0.249142423272,0.586404919624,-0.213017687201,0.150059297681,0.598527669907,-0.228335484862,0.0532901026309,0.614560604095,-0.24564409256,-0.0407437384129,0.629234433174,-0.265310913324,-0.137211471796,0.643822550774,-0.284392416477,-0.231933236122,0.660822749138,-0.310161530972,-0.348396062851,0.6300740242,-0.23247666657,-0.367703795433,0.595842123032,-0.25953450799,-0.367703795433
1776811102.62,0.543555259705,-0.172707602382,0.445039182901,0.562230825424,-0.188001915812,0.346953570843,0.573973178864,-0.199397772551,0.249142423272,0.586404919624,-0.213017687201,0.150059297681,0.598527669907,-0.228335484862,0.0532901026309,0.614560604095,-0.24564409256,-0.0407437384129,0.629234433174,-0.265310913324,-0.137211471796,0.643822550774,-0.284392416477,-0.231933236122,0.660822749138,-0.310161530972,-0.348396062851,0.632504940033,-0.228229776025,-0.367703795433,0.595831274986,-0.259346544743,-0.367703795433
1776811102.63,0.539058804512,-0.1706186831,0.444685041904,0.552434682846,-0.177263528109,0.348091959953,0.565818667412,-0.188555702567,0.249002337456,0.581031918526,-0.20176383853,0.152365446091,0.597125768661,-0.218586191535,0.0569452084601,0.613068938255,-0.23399476707,-0.0412916988134,0.632057070732,-0.254955142736,-0.134738370776,0.650271058083,-0.273655205965,-0.228963822126,0.671803474426,-0.298808723688,-0.345373213291,0.634685516357,-0.223835229874,-0.367703795433,0.595801830292,-0.259215384722,-0.367703795433
1776811102.65,0.535575628281,-0.169527769089,0.444458097219,0.550079226494,-0.175140321255,0.348121970892,0.563941001892,-0.186303570867,0.249990746379,0.579110264778,-0.199753880501,0.151403009892,0.595893502235,-0.215982586145,0.0558528937399,0.612668156624,-0.231844872236,-0.0403652489185,0.632942914963,-0.252102971077,-0.13398206234,0.651911854744,-0.271316021681,-0.227587372065,0.675145626068,-0.294423431158,-0.345756918192,0.636596798897,-0.219300016761,-0.367703795433,0.596094727516,-0.259178161621,-0.367703795433
1776811102.66,0.532402455807,-0.168875232339,0.443987905979,0.545082330704,-0.172678917646,0.34753715992,0.559990406036,-0.182762384415,0.250074207783,0.576104879379,-0.195332795382,0.150963902473,0.593928575516,-0.211219549179,0.05601349473,0.613969445229,-0.227238208055,-0.0381081998348,0.633785367012,-0.245953425765,-0.133760809898,0.652781128883,-0.264151245356,-0.229577302933,0.679358243942,-0.287001788616,-0.345722794533,0.638221263885,-0.21463227272,-0.367703795433,0.59635746479,-0.259369164705,-0.367703795433
1776811102.68,0.529628694057,-0.168495446444,0.443465024233,0.542916536331,-0.171378061175,0.34752291441,0.557648181915,-0.181363210082,0.248910188675,0.574685454369,-0.193292364478,0.151624336839,0.593028664589,-0.208670273423,0.0557788014412,0.612131953239,-0.223865360022,-0.040289118886,0.633845925331,-0.243099659681,-0.133731290698,0.654932498932,-0.260835140944,-0.227963984013,0.680387854576,-0.283198058605,-0.345724463463,0.639542341232,-0.209841176867,-0.367703795433,0.596612453461,-0.259557932615,-0.367703795433
1776811102.69,0.527243435383,-0.1682985425,0.442877233028,0.538671851158,-0.170079901814,0.347239136696,0.553820371628,-0.179584801197,0.248805433512,0.571743607521,-0.190661624074,0.151010587811,0.591086745262,-0.204633563757,0.0552161186934,0.611112594604,-0.218088194728,-0.0404805094004,0.634160161018,-0.236090824008,-0.134830504656,0.656203985214,-0.253228634596,-0.229050666094,0.683082580566,-0.276214629412,-0.345056951046,0.640545368195,-0.204936906695,-0.367703795433,0.59577703476,-0.259178608656,-0.367703795433
1776811102.71,0.525385439396,-0.168177425861,0.442221343517,0.536670923233,-0.169980660081,0.346815675497,0.552249550819,-0.178874894977,0.248447045684,0.570311784744,-0.189167201519,0.151270017028,0.589880466461,-0.202681392431,0.0548977293074,0.610554099083,-0.21619425714,-0.0403633266687,0.634092211723,-0.233162596822,-0.134273678064,0.656090855598,-0.249169722199,-0.230473071337,0.683457136154,-0.271907538176,-0.345497339964,0.641217470169,-0.199930533767,-0.367703795433,0.595823645592,-0.259124279022,-0.367703795433
1776811102.72,0.524110496044,-0.168002009392,0.441461026669,0.533441781998,-0.169877767563,0.345734536648,0.549076199532,-0.178127318621,0.247664481401,0.56737613678,-0.187802135944,0.149732619524,0.587652087212,-0.199316635728,0.0537380985916,0.610441446304,-0.211302787066,-0.040051728487,0.632968664169,-0.226411044598,-0.136601343751,0.657348513603,-0.241329982877,-0.230760633945,0.685409903526,-0.262164264917,-0.345956325531,0.641547441483,-0.1948338449,-0.367703795433,0.596013188362,-0.259481728077,-0.367703795433
1776811102.74,0.523206293583,-0.167754068971,0.440480291843,0.533441781998,-0.169877767563,0.345734536648,0.549076199532,-0.178127318621,0.247664481401,0.56737613678,-0.187802135944,0.149732619524,0.587652087212,-0.199316635728,0.0537380985916,0.610441446304,-0.211302787066,-0.040051728487,0.632968664169,-0.226411044598,-0.136601343751,0.657348513603,-0.241329982877,-0.230760633945,0.685409903526,-0.262164264917,-0.345956325531,0.641526699066,-0.189659297466,-0.367703795433,0.59621155262,-0.259751617908,-0.367703795433
1776811102.75,0.522820770741,-0.167543932796,0.439540326595,0.530483961105,-0.169193640351,0.344319820404,0.545991897583,-0.177010595798,0.246519967914,0.56422328949,-0.184882819653,0.148743286729,0.585119724274,-0.194513604045,0.053655538708,0.607447266579,-0.204648777843,-0.0424502491951,0.631258368492,-0.217055588961,-0.138960838318,0.655761241913,-0.229161202908,-0.233461350203,0.686318635941,-0.246707350016,-0.348310381174,0.641148924828,-0.184419751167,-0.367703795433,0.59576010704,-0.259143739939,-0.367703795433
1776811102.77,0.522720575333,-0.167276233435,0.438524007797,0.529932975769,-0.16901487112,0.343899279833,0.54511320591,-0.176632136106,0.244889780879,0.563005685806,-0.184672906995,0.147238999605,0.583241224289,-0.193476080894,0.0514158010483,0.606222271919,-0.202583223581,-0.0434917807579,0.63021171093,-0.213919058442,-0.139775425196,0.655116319656,-0.225338220596,-0.23422935605,0.685921907425,-0.2408875525,-0.349410116673,0.64041018486,-0.17912837863,-0.367703795433,0.595525622368,-0.259054899216,-0.367703795433
1776811102.79,0.522873103619,-0.166903316975,0.437343478203,0.529715418816,-0.168837696314,0.343511343002,0.544443130493,-0.175940260291,0.244130596519,0.562376737595,-0.183306440711,0.147306531668,0.582588553429,-0.192490130663,0.0510718673468,0.605237603188,-0.201133042574,-0.0444539636374,0.628458619118,-0.211012765765,-0.1411857903,0.654420375824,-0.220823273063,-0.235978245735,0.685636639595,-0.235633894801,-0.350737661123,0.639308810234,-0.173798471689,-0.367703795433,0.595998644829,-0.259470909834,-0.367703795433
1776811102.8,0.523239195347,-0.166546672583,0.436205238104,0.529559254646,-0.168173596263,0.341864675283,0.544193267822,-0.175050184131,0.243182986975,0.561228990555,-0.181905776262,0.14521767199,0.580778241158,-0.190128311515,0.048753939569,0.603244900703,-0.197066918015,-0.0465482026339,0.626818537712,-0.205502763391,-0.143475174904,0.652091860771,-0.212832540274,-0.238572925329,0.68348634243,-0.222995311022,-0.355175256729,0.637845993042,-0.168443277478,-0.367703795433,0.595984101295,-0.259452879429,-0.367703795433
1776811102.81,0.523669719696,-0.166170150042,0.435134530067,0.530159592628,-0.167467460036,0.340317368507,0.544562935829,-0.173804357648,0.241530284286,0.561010241508,-0.180217415094,0.143433228135,0.580051660538,-0.18772007525,0.047293536365,0.601277112961,-0.193228006363,-0.0488627403975,0.625027656555,-0.200063675642,-0.145452678204,0.649572372437,-0.204507872462,-0.241589009762,0.679565787315,-0.211101800203,-0.359147727489,0.636025190353,-0.163075774908,-0.367703795433,0.595414400101,-0.258763074875,-0.367703795433
1776811102.83,0.524215102196,-0.165671676397,0.433887332678,0.530575752258,-0.166976422071,0.339769661427,0.544748067856,-0.173396945,0.240572497249,0.561179637909,-0.179481163621,0.142152532935,0.580243349075,-0.185939505696,0.0463628917933,0.600415229797,-0.191311076283,-0.0502337515354,0.623752236366,-0.19676053524,-0.146770268679,0.647644042969,-0.200327888131,-0.243117421865,0.678257226944,-0.205184653401,-0.360065430403,0.633852005005,-0.157708600163,-0.367703795433,0.595894694328,-0.259417623281,-0.367703795433
1776811102.84,0.524665474892,-0.165243953466,0.432884067297,0.531249761581,-0.166740238667,0.338863015175,0.545271158218,-0.172890648246,0.239453583956,0.561381578445,-0.178635582328,0.141184791923,0.579545974731,-0.184582129121,0.044698998332,0.600126504898,-0.188835009933,-0.0512134730816,0.622047662735,-0.193525210023,-0.14848741889,0.645881175995,-0.195870652795,-0.244409382343,0.676179766655,-0.199327498674,-0.362358093262,0.631334781647,-0.152353852987,-0.367703795433,0.596324920654,-0.259678274393,-0.367703795433
1776811102.86,0.525232434273,-0.164435833693,0.431541830301,0.531552910805,-0.166302457452,0.337579190731,0.545398950577,-0.172189593315,0.238735541701,0.561574935913,-0.177501648664,0.140663638711,0.579596042633,-0.183077126741,0.0439345613122,0.599429130554,-0.186539381742,-0.0524138510227,0.620757222176,-0.190072908998,-0.15010279417,0.644283771515,-0.191124916077,-0.246007829905,0.673522949219,-0.193070560694,-0.364198535681,0.628483653069,-0.14702296257,-0.367703795433,0.596021294594,-0.259422332048,-0.367703795433
1776811102.87,0.525582551956,-0.163654059172,0.43057307601,0.532875657082,-0.164834156632,0.33520501852,0.547035694122,-0.169604420662,0.236322492361,0.562772274017,-0.173721283674,0.137363657355,0.579701423645,-0.176884457469,0.0405639559031,0.598013758659,-0.177911445498,-0.0562630593777,0.617568135262,-0.178668990731,-0.154101282358,0.638806939125,-0.177141517401,-0.249604225159,0.664377212524,-0.174418106675,-0.369218289852,0.625309467316,-0.141724988818,-0.367703795433,0.595736265182,-0.259224176407,-0.367703795433
1776811102.89,0.525802254677,-0.162664040923,0.429609686136,0.532875657082,-0.164834156632,0.33520501852,0.547035694122,-0.169604420662,0.236322492361,0.562772274017,-0.173721283674,0.137363657355,0.579701423645,-0.176884457469,0.0405639559031,0.598013758659,-0.177911445498,-0.0562630593777,0.617568135262,-0.178668990731,-0.154101282358,0.638806939125,-0.177141517401,-0.249604225159,0.664377212524,-0.174418106675,-0.369218289852,0.621823549271,-0.13646659255,-0.367703795433,0.594724059105,-0.258884102106,-0.367703795433
1776811102.9,0.525839805603,-0.161560967565,0.428786575794,0.532875657082,-0.164834156632,0.33520501852,0.547035694122,-0.169604420662,0.236322492361,0.562772274017,-0.173721283674,0.137363657355,0.579701423645,-0.176884457469,0.0405639559031,0.598013758659,-0.177911445498,-0.0562630593777,0.617568135262,-0.178668990731,-0.154101282358,0.638806939125,-0.177141517401,-0.249604225159,0.664377212524,-0.174418106675,-0.369218289852,0.61803817749,-0.131253615022,-0.367703795433,0.596946120262,-0.25899091363,-0.367703795433
1776811102.92,0.5257152915,-0.160375341773,0.428068250418,0.532875657082,-0.164834156632,0.33520501852,0.547035694122,-0.169604420662,0.236322492361,0.562772274017,-0.173721283674,0.137363657355,0.579701423645,-0.176884457469,0.0405639559031,0.598013758659,-0.177911445498,-0.0562630593777,0.617568135262,-0.178668990731,-0.154101282358,0.638806939125,-0.177141517401,-0.249604225159,0.664377212524,-0.174418106675,-0.369218289852,0.61396586895,-0.126091122627,-0.367703795433,0.605679512024,-0.269150227308,-0.367703795433
1776811102.93,0.525463581085,-0.159131452441,0.427553534508,0.532875657082,-0.164834156632,0.33520501852,0.547035694122,-0.169604420662,0.236322492361,0.562772274017,-0.173721283674,0.137363657355,0.579701423645,-0.176884457469,0.0405639559031,0.598013758659,-0.177911445498,-0.0562630593777,0.617568135262,-0.178668990731,-0.154101282358,0.638806939125,-0.177141517401,-0.249604225159,0.664377212524,-0.174418106675,-0.369218289852,0.609620094299,-0.120983324945,-0.367703795433,0.59662425518,-0.260261654854,-0.367703795433
1776811102.95,0.525067508221,-0.157840490341,0.427214980125,0.532875657082,-0.164834156632,0.33520501852,0.547035694122,-0.169604420662,0.236322492361,0.562772274017,-0.173721283674,0.137363657355,0.579701423645,-0.176884457469,0.0405639559031,0.598013758659,-0.177911445498,-0.0562630593777,0.617568135262,-0.178668990731,-0.154101282358,0.638806939125,-0.177141517401,-0.249604225159,0.664377212524,-0.174418106675,-0.369218289852,0.605014324188,-0.11593362689,-0.367703795433,0.596304774284,-0.258891791105,-0.367703795433
1776811102.96,0.524380922318,-0.156259790063,0.427035182714,0.533598542213,-0.153628498316,0.330023348331,0.54782807827,-0.152648553252,0.231024652719,0.562837123871,-0.150096327066,0.132263153791,0.576859235764,-0.148107677698,0.0341574624181,0.590222239494,-0.142638295889,-0.0623565912247,0.602168440819,-0.137825161219,-0.161855697632,0.61242723465,-0.131576627493,-0.259720534086,0.625285506248,-0.123856246471,-0.380440890789,0.600162506104,-0.110944636166,-0.367703795433,0.59572327137,-0.259142667055,-0.367703795433
1776811102.98,0.523751854897,-0.154961049557,0.427015453577,0.533020496368,-0.151916712523,0.32965618372,0.547147154808,-0.149835512042,0.230723664165,0.561769485474,-0.146611407399,0.132232815027,0.575288891792,-0.143790200353,0.0341197624803,0.587735533714,-0.138337820768,-0.0632203370333,0.599135875702,-0.133438631892,-0.162609547377,0.609022736549,-0.126917749643,-0.259859055281,0.619951605797,-0.118481785059,-0.380764067173,0.59507894516,-0.106018148363,-0.367703795433,0.595564723015,-0.259148448706,-0.367703795433
1776811102.99,0.522602081299,-0.152773872018,0.427126765251,0.531863212585,-0.148613452911,0.32966196537,0.545186877251,-0.144301638007,0.230289384723,0.558839917183,-0.139942765236,0.131679460406,0.571160078049,-0.13538838923,0.0337910652161,0.582168936729,-0.129218831658,-0.0638852268457,0.592057466507,-0.124135449529,-0.163135260344,0.598052740097,-0.115135647357,-0.263608157635,0.60962677002,-0.108216717839,-0.382169991732,0.589777708054,-0.101155236363,-0.367703795433,0.595780611038,-0.25966745615,-0.367703795433
1776811103.01,0.521687924862,-0.150934711099,0.427468925714,0.530847430229,-0.146504104137,0.329609870911,0.543915748596,-0.141835823655,0.230273127556,0.55682349205,-0.136350244284,0.131702363491,0.56859266758,-0.131331980228,0.0337810516357,0.579281210899,-0.124665945768,-0.0640809834003,0.588423609734,-0.118038654327,-0.162642657757,0.595699548721,-0.111871898174,-0.261422276497,0.605053186417,-0.103202112019,-0.382489979267,0.584272861481,-0.0963562056422,-0.367703795433,0.595978736877,-0.259687870741,-0.367703795433
1776811103.02,0.520492315292,-0.148436397314,0.427984476089,0.528681874275,-0.142983883619,0.329645872116,0.540591597557,-0.136646181345,0.230842083693,0.551867961884,-0.129564270377,0.132431447506,0.562052369118,-0.123494111001,0.0332983061671,0.57217001915,-0.115784883499,-0.0634878277779,0.579517602921,-0.109789520502,-0.164028644562,0.585944652557,-0.102140106261,-0.260907620192,0.59419298172,-0.0931160077453,-0.382649600506,0.578578591347,-0.0916206911206,-0.367703795433,0.5959379673,-0.259463191032,-0.367703795433
1776811103.04,0.519199252129,-0.145450130105,0.428657442331,0.527511954308,-0.1414103508,0.329818308353,0.53838968277,-0.134594485164,0.230447918177,0.548969507217,-0.126920610666,0.131960839033,0.55849635601,-0.119886048138,0.0335087925196,0.568050026894,-0.111396737397,-0.0634633302689,0.574927687645,-0.104471445084,-0.163666009903,0.580865502357,-0.0973304659128,-0.26051351428,0.589113116264,-0.0888497307897,-0.383401781321,0.572708725929,-0.0869476869702,-0.367703795433,0.595920324326,-0.259517014027,-0.367703795433
1776811103.05,0.517846465111,-0.141904637218,0.429449975491,0.525775790215,-0.139218360186,0.330086618662,0.53587782383,-0.132001161575,0.230530917645,0.545490980148,-0.123928800225,0.131198346615,0.55492579937,-0.116665124893,0.0330823585391,0.563713550568,-0.107603438199,-0.0635102987289,0.570306301117,-0.100236453116,-0.163282513618,0.575940966606,-0.0926327928901,-0.260425180197,0.583338737488,-0.0832862481475,-0.382947444916,0.566676974297,-0.0823355466127,-0.367703795433,0.596054673195,-0.259469270706,-0.367703795433
1776811103.07,0.516093552113,-0.136848896742,0.430669397116,0.522457122803,-0.1348400563,0.330983996391,0.530753016472,-0.127578020096,0.230873942375,0.538903236389,-0.118125423789,0.132261916995,0.546607732773,-0.109214544296,0.034996367991,0.554403543472,-0.0996434092522,-0.0631254911423,0.560414075851,-0.0912108868361,-0.161821216345,0.566037535667,-0.083422139287,-0.260573297739,0.572495222092,-0.0744526460767,-0.382512032986,0.560496807098,-0.077782087028,-0.367703795433,0.595647573471,-0.259103417397,-0.367703795433
1776811103.08,0.515111505985,-0.134014368057,0.431349396706,0.519236326218,-0.129932105541,0.331926167011,0.52531349659,-0.122257493436,0.231812894344,0.531318187714,-0.11246240139,0.133374989033,0.537736535072,-0.104278996587,0.0347685664892,0.544197440147,-0.0931326076388,-0.0620537698269,0.54999256134,-0.0843600481749,-0.161850363016,0.555615782738,-0.0749313086271,-0.259635329247,0.56125664711,-0.0646570622921,-0.381236612797,0.554181456566,-0.0732846036553,-0.367703795433,0.595543026924,-0.259088635445,-0.367703795433
1776811103.1,0.512994647026,-0.127653747797,0.432601064444,0.517496824265,-0.127065941691,0.332619637251,0.522621273994,-0.119727015495,0.232438251376,0.527562856674,-0.111025892198,0.13270367682,0.533263325691,-0.101827852428,0.0350483283401,0.539432883263,-0.0904045775533,-0.0617496222258,0.544789910316,-0.0808643102646,-0.160956710577,0.549438595772,-0.071468912065,-0.259428679943,0.555568695068,-0.0601425692439,-0.381281465292,0.547743558884,-0.0688399076462,-0.367703795433,0.595776677132,-0.259038060904,-0.367703795433
1776811103.11,0.511077225208,-0.121987529099,0.433694273233,0.513726592064,-0.121149048209,0.333923876286,0.51685321331,-0.11409932375,0.233534008265,0.520634293556,-0.103792048991,0.135996103287,0.524294376373,-0.0962925106287,0.0364818871021,0.529090762138,-0.0855010077357,-0.0613959729671,0.533600449562,-0.0761241316795,-0.161301583052,0.537142038345,-0.0645066201687,-0.259652674198,0.544545412064,-0.0509341582656,-0.379625320435,0.541195869446,-0.064444385469,-0.367703795433,0.595898151398,-0.259426116943,-0.367703795433
1776811103.13,0.508953869343,-0.115431748331,0.435002088547,0.511623382568,-0.117459110916,0.33465307951,0.514314770699,-0.1107955724,0.23457685113,0.516542553902,-0.101402558386,0.136644154787,0.520056724548,-0.0930467545986,0.038060426712,0.524335861206,-0.083572126925,-0.0608062595129,0.527795553207,-0.0729171484709,-0.160508424044,0.532304048538,-0.0612227171659,-0.258604228497,0.538788199425,-0.0474057011306,-0.379131108522,0.534550428391,-0.0600940398872,-0.367703795433,0.595853090286,-0.259432643652,-0.367703795433
1776811103.14,0.507149994373,-0.109764792025,0.43594238162,0.509725928307,-0.11389451474,0.335610032082,0.511448740959,-0.107259333134,0.235069230199,0.513932943344,-0.0988783687353,0.136305510998,0.515201091766,-0.0917927101254,0.0371710956097,0.518654704094,-0.0808440744877,-0.0604359209538,0.522704958916,-0.0704057440162,-0.160050332546,0.526062726974,-0.0581640899181,-0.258221507072,0.532784342766,-0.0433851964772,-0.378087490797,0.527819395065,-0.0557845421135,-0.367703795433,0.596139550209,-0.259153008461,-0.367703795433
1776811103.16,0.504643321037,-0.101426795125,0.43742159009,0.505809903145,-0.106326445937,0.337131381035,0.506408929825,-0.099947065115,0.237593173981,0.506753802299,-0.0931794419885,0.138289511204,0.507328152657,-0.0863735303283,0.0387481153011,0.510524868965,-0.0756359770894,-0.0582703799009,0.512219429016,-0.0650509148836,-0.158413201571,0.515076875687,-0.0517920777202,-0.25656992197,0.521263122559,-0.0354836434126,-0.375959128141,0.521014332771,-0.0515112616122,-0.367703795433,0.595789551735,-0.259415388107,-0.367703795433
1776811103.17,0.502759635448,-0.0953507870436,0.438389927149,0.501939058304,-0.0980133041739,0.339014977217,0.501129746437,-0.093481130898,0.2380194664,0.500096082687,-0.0866466462612,0.140300020576,0.500366091728,-0.0800458937883,0.04094620049,0.502131819725,-0.0700951218605,-0.0564266741276,0.502551078796,-0.0594743005931,-0.156997948885,0.505086421967,-0.0454051047564,-0.254395127296,0.508647322655,-0.0284120962024,-0.374726057053,0.514146566391,-0.0472693070769,-0.367703795433,0.595470905304,-0.259123206139,-0.367703795433
1776811103.19,0.500500798225,-0.0882197543979,0.439433425665,0.499851614237,-0.0937414094806,0.339174211025,0.498861759901,-0.0897084549069,0.23895843327,0.497205764055,-0.0833869799972,0.140936985612,0.496893078089,-0.0776333734393,0.0411739721894,0.498075395823,-0.0677700564265,-0.0565988868475,0.498430460691,-0.0562394075096,-0.156099617481,0.499998182058,-0.0422469414771,-0.253697693348,0.502341985703,-0.024650586769,-0.374343752861,0.507227420807,-0.0430535823107,-0.367703795433,0.595695257187,-0.259148716927,-0.367703795433
1776811103.2,0.49834766984,-0.0814470425248,0.44034332037,0.499851614237,-0.0937414094806,0.339174211025,0.498861759901,-0.0897084549069,0.23895843327,0.497205764055,-0.0833869799972,0.140936985612,0.496893078089,-0.0776333734393,0.0411739721894,0.498075395823,-0.0677700564265,-0.0565988868475,0.498430460691,-0.0562394075096,-0.156099617481,0.499998182058,-0.0422469414771,-0.253697693348,0.502341985703,-0.024650586769,-0.374343752861,0.500267624855,-0.0388588048518,-0.367703795433,0.595994710922,-0.259470999241,-0.367703795433
1776811103.22,0.49583286047,-0.0735145583749,0.441197127104,0.494571715593,-0.0806568413973,0.34155857563,0.492074638605,-0.0769445076585,0.242219746113,0.489565581083,-0.0720134004951,0.143004953861,0.487923115492,-0.0657292827964,0.0450687929988,0.485537022352,-0.0577391348779,-0.0550442934036,0.484747856855,-0.046676274389,-0.154530972242,0.484991163015,-0.0326512791216,-0.251214027405,0.483185857534,-0.0156155237928,-0.372613042593,0.493278294802,-0.0346795655787,-0.367703795433,0.595825076103,-0.259386986494,-0.367703795433
1776811103.23,0.493394553661,-0.0659220591187,0.441865354776,0.492612749338,-0.0757214128971,0.343125879765,0.49025401473,-0.0724164098501,0.24245287478,0.486965626478,-0.0676807761192,0.144255146384,0.484659582376,-0.0618654713035,0.0458536297083,0.483224779367,-0.0534042567015,-0.0534911155701,0.480698496103,-0.0430390164256,-0.153875619173,0.479918688536,-0.0298018287867,-0.250668764114,0.476197451353,-0.0124156130478,-0.373491436243,0.486269921064,-0.0305103454739,-0.367703795433,0.596034765244,-0.259450525045,-0.367703795433
1776811103.25,0.491019248962,-0.0580616258085,0.442453473806,0.489469796419,-0.0659228935838,0.343855023384,0.486404150724,-0.0625559687614,0.244408428669,0.482413977385,-0.0585249066353,0.145569294691,0.479585975409,-0.052336551249,0.0475663691759,0.476644009352,-0.0456311106682,-0.052964836359,0.471655100584,-0.0359350778162,-0.152623444796,0.468754500151,-0.0237814243883,-0.249946594238,0.462848395109,-0.00741872470826,-0.373082309961,0.479253202677,-0.0263455640525,-0.367703795433,0.595740199089,-0.259172767401,-0.367703795433
1776811103.26,0.48857203126,-0.0502165406942,0.442837446928,0.486071020365,-0.0561087466776,0.34493303299,0.482908397913,-0.0529573522508,0.244981378317,0.478611677885,-0.0481221452355,0.146613821387,0.474862962961,-0.0436977483332,0.0473889783025,0.470818847418,-0.0364765785635,-0.0505605041981,0.463382571936,-0.0282791014761,-0.151845127344,0.459148317575,-0.0174032915384,-0.248985886574,0.449711471796,-0.00310145062394,-0.372500479221,0.472238630056,-0.0221796147525,-0.367703795433,0.595516562462,-0.259104371071,-0.367703795433
1776811103.28,0.485981196165,-0.0416480302811,0.443061470985,0.484425991774,-0.0508138239384,0.345065712929,0.481007248163,-0.0475386418402,0.244781538844,0.476507991552,-0.0429451726377,0.14703387022,0.471994131804,-0.0382632538676,0.0474085584283,0.467402905226,-0.0314170494676,-0.0500602126122,0.460166662931,-0.0244590975344,-0.150993824005,0.454502135515,-0.0142728975043,-0.24811655283,0.443427830935,-0.00111835089047,-0.372723907232,0.465236932039,-0.0180068928748,-0.367703795433,0.596039772034,-0.259115964174,-0.367703795433
1776811103.29,0.483801662922,-0.0338943339884,0.44319203496,0.481032401323,-0.0405096746981,0.345560848713,0.477695316076,-0.0369497872889,0.24530275166,0.47282114625,-0.0321831218898,0.147064864635,0.466971963644,-0.0281995404512,0.0483997091651,0.461189240217,-0.0217248685658,-0.0496805161238,0.452559143305,-0.0159065648913,-0.150306850672,0.439765781164,-0.00629401719198,-0.251796483994,0.432114511728,0.00153920357116,-0.370814710855,0.458258599043,-0.0138218458742,-0.367703795433,0.596019983292,-0.259448379278,-0.367703795433
1776811103.31,0.480940759182,-0.024009976536,0.44313287735,0.47937437892,-0.0349747538567,0.345784902573,0.475419431925,-0.0313975214958,0.245418071747,0.469962626696,-0.0267269965261,0.148084133863,0.46470734477,-0.0227357596159,0.0486708134413,0.457821339369,-0.0167134180665,-0.0496628880501,0.448882073164,-0.0119178211316,-0.149973630905,0.436128765345,-0.00340237654746,-0.250549226999,0.426004320383,0.00348033825867,-0.371393680573,0.451314419508,-0.00961899198592,-0.367703795433,0.595829248428,-0.259424060583,-0.367703795433
1776811103.32,0.478882968426,-0.017011795193,0.4429448843,0.475547581911,-0.0239468105137,0.346001923084,0.471408039331,-0.020192604512,0.245787248015,0.46568980813,-0.015933079645,0.147843062878,0.45888659358,-0.0122703425586,0.0491001680493,0.45129647851,-0.00680702133104,-0.0482039451599,0.440242916346,-0.00439878227189,-0.149962693453,0.434447020292,-0.000485218130052,-0.24296194315,0.41483053565,0.00611141882837,-0.370020419359,0.444415360689,-0.00539297005162,-0.367703795433,0.595510840416,-0.25900760293,-0.367703795433
1776811103.34,0.476675748825,-0.0097354631871,0.442733347416,0.47385391593,-0.0189999416471,0.346038043499,0.469326883554,-0.0148611888289,0.245711609721,0.463025420904,-0.0103446440771,0.147063091397,0.455913573503,-0.0071876058355,0.048810094595,0.44788607955,-0.00228376081213,-0.0481226295233,0.435979872942,-0.000254901766311,-0.149993807077,0.423742383718,0.00415047630668,-0.248035609722,0.409311324358,0.00754802161828,-0.369188845158,0.437572330236,-0.00113857188262,-0.367703795433,0.595854282379,-0.259392917156,-0.367703795433
1776811103.35,0.474249094725,-0.00220715650357,0.44238743186,0.470126956701,-0.00793721992522,0.345834195614,0.464849501848,-0.00388665427454,0.245772510767,0.457840055227,0.000203412258998,0.147186622024,0.449413508177,0.00325167365372,0.0499046221375,0.440845817327,0.00665375310928,-0.0483102202415,0.429124683142,0.0074641504325,-0.148963809013,0.413602799177,0.0108343027532,-0.249633014202,0.398674815893,0.0104356817901,-0.368997454643,0.430796653032,0.00314921955578,-0.367703795433,0.595665812492,-0.259126991034,-0.367703795433
1776811103.37,0.471757113934,0.00525143370032,0.441970646381,0.470126956701,-0.00793721992522,0.345834195614,0.464849501848,-0.00388665427454,0.245772510767,0.457840055227,0.000203412258998,0.147186622024,0.449413508177,0.00325167365372,0.0499046221375,0.440845817327,0.00665375310928,-0.0483102202415,0.429124683142,0.0074641504325,-0.148963809013,0.413602799177,0.0108343027532,-0.249633014202,0.398674815893,0.0104356817901,-0.368997454643,0.424099892378,0.00747518893331,-0.367703795433,0.595743060112,-0.259184241295,-0.367703795433
1776811103.38,0.469296962023,0.0121733695269,0.441527187824,0.464175909758,0.00748380506411,0.345108956099,0.45750066638,0.0112113133073,0.245556235313,0.448922723532,0.015185364522,0.14770154655,0.439324229956,0.0171185806394,0.0496789515018,0.429737061262,0.0186372101307,-0.0486851632595,0.414819866419,0.0171771217138,-0.14995354414,0.401105970144,0.0170100107789,-0.247325211763,0.384068161249,0.0151458354667,-0.368636608124,0.417493730783,0.0118438489735,-0.367703795433,0.595750570297,-0.259414702654,-0.367703795433
1776811103.4,0.466787993908,0.0186578352004,0.44100728631,0.462061196566,0.0121585065499,0.344949007034,0.454825371504,0.0167418178171,0.246917873621,0.445964723825,0.0199496373534,0.147906035185,0.436329752207,0.0209764707834,0.0491877943277,0.425961464643,0.0220633149147,-0.0487412065268,0.412425071001,0.0213599298149,-0.146643579006,0.396554082632,0.0189351979643,-0.247880131006,0.378183931112,0.0179830864072,-0.370190799236,0.410990267992,0.0162593964487,-0.367703795433,0.596004486084,-0.259447723627,-0.367703795433
1776811103.41,0.464251965284,0.0247724819928,0.440434038639,0.457864493132,0.0207750275731,0.344159275293,0.449980586767,0.0250088945031,0.245002195239,0.440179616213,0.0280060637742,0.14796847105,0.428584486246,0.0282206460834,0.0494500994682,0.41759327054,0.0281468797475,-0.0495596528053,0.404424875975,0.0255001112819,-0.149215459824,0.387684553862,0.0243166573346,-0.24821177125,0.369924396276,0.0215069912374,-0.369766592979,0.40460190177,0.0207256749272,-0.367703795433,0.595825314522,-0.2594217062,-0.367703795433
1776811103.43,0.461669564247,0.0305617917329,0.439908444881,0.455577522516,0.0244847610593,0.343882620335,0.447512835264,0.0288111306727,0.244703993201,0.437133640051,0.0313660390675,0.145994454622,0.42563983798,0.03181521222,0.0483827665448,0.414162188768,0.0317661054432,-0.0491973608732,0.399378627539,0.0295332148671,-0.146444171667,0.383901387453,0.0270083770156,-0.24830403924,0.366264313459,0.022438634187,-0.368740200996,0.398341268301,0.0252461209893,-0.367703795433,0.595889568329,-0.259399503469,-0.367703795433
1776811103.44,0.459072560072,0.0360475219786,0.439291834831,0.451321393251,0.0322114154696,0.343883812428,0.441563993692,0.0358680561185,0.245066344738,0.429875165224,0.0378636568785,0.147070497274,0.418362408876,0.0365256518126,0.0464790910482,0.406304866076,0.0372213572264,-0.049175336957,0.391909450293,0.0337908305228,-0.148958325386,0.375877350569,0.0309789068997,-0.248388648033,0.357614964247,0.0268927384168,-0.370438337326,0.392221361399,0.0298237260431,-0.367703795433,0.595740675926,-0.259387969971,-0.367703795433
1776811103.46,0.456943720579,0.0405275672674,0.438801854849,0.451321393251,0.0322114154696,0.343883812428,0.441563993692,0.0358680561185,0.245066344738,0.429875165224,0.0378636568785,0.147070497274,0.418362408876,0.0365256518126,0.0464790910482,0.406304866076,0.0372213572264,-0.049175336957,0.391909450293,0.0337908305228,-0.148958325386,0.375877350569,0.0309789068997,-0.248388648033,0.357614964247,0.0268927384168,-0.370438337326,0.386255413294,0.034460991621,-0.367703795433,0.595549941063,-0.259082883596,-0.367703795433
1776811103.47,0.453777521849,0.0468721613288,0.437982678413,0.444504588842,0.0419107973576,0.343071937561,0.433277696371,0.0444995798171,0.24471180141,0.420366555452,0.0455521792173,0.147602364421,0.40813472867,0.0447451509535,0.0479631125927,0.395653933287,0.043309558183,-0.0507088005543,0.380016416311,0.0399572476745,-0.150614470243,0.365109473467,0.0373438261449,-0.249071717262,0.347485274076,0.033236771822,-0.370317995548,0.38045707345,0.0391598790884,-0.367703795433,0.595717668533,-0.259354531765,-0.367703795433
1776811103.49,0.451217442751,0.0521880574524,0.437407821417,0.442129939795,0.0446167439222,0.341911196709,0.430601209402,0.0466299057007,0.24452920258,0.417775303125,0.0474784485996,0.145879819989,0.404603809118,0.0468615777791,0.0475914850831,0.390969127417,0.0452796854079,-0.0515989214182,0.376743108034,0.0423712767661,-0.150191247463,0.361497312784,0.0402411743999,-0.249133825302,0.344633728266,0.0346303321421,-0.369827836752,0.374840050936,0.0439217686653,-0.367703795433,0.595589637756,-0.258959084749,-0.367703795433
1776811103.5,0.448687285185,0.0576799996197,0.436809271574,0.442129939795,0.0446167439222,0.341911196709,0.430601209402,0.0466299057007,0.24452920258,0.417775303125,0.0474784485996,0.145879819989,0.404603809118,0.0468615777791,0.0475914850831,0.390969127417,0.0452796854079,-0.0515989214182,0.376743108034,0.0423712767661,-0.150191247463,0.361497312784,0.0402411743999,-0.249133825302,0.344633728266,0.0346303321421,-0.369827836752,0.369418293238,0.0487474128604,-0.367703795433,0.595992088318,-0.259445041418,-0.367703795433
1776811103.52,0.446307718754,0.0630855038762,0.43613088131,0.442129939795,0.0446167439222,0.341911196709,0.430601209402,0.0466299057007,0.24452920258,0.417775303125,0.0474784485996,0.145879819989,0.404603809118,0.0468615777791,0.0475914850831,0.390969127417,0.0452796854079,-0.0515989214182,0.376743108034,0.0423712767661,-0.150191247463,0.361497312784,0.0402411743999,-0.249133825302,0.344633728266,0.0346303321421,-0.369827836752,0.364205986261,0.0536368973553,-0.367703795433,0.594758152962,-0.258865863085,-0.367703795433
1776811103.53,0.444016367197,0.0687033906579,0.43547129631,0.431873589754,0.0590458028018,0.340717077255,0.418454140425,0.0579536519945,0.24317163229,0.404838591814,0.055307328701,0.141617760062,0.391085118055,0.0540636852384,0.0457316637039,0.377338498831,0.0529180206358,-0.0522947013378,0.362752228975,0.0506017170846,-0.150505691767,0.347798198462,0.0497801043093,-0.249796003103,0.330277532339,0.0471470244229,-0.371444553137,0.359217256308,0.0585895963013,-0.367703795433,0.595836758614,-0.259375751019,-0.367703795433
1776811103.55,0.441806286573,0.0743985548615,0.434863567352,0.429928094149,0.0620340555906,0.34051027894,0.417272478342,0.0600223280489,0.24173168838,0.402881413698,0.0577572621405,0.141973733902,0.388648241758,0.0549103468657,0.0446694493294,0.375640124083,0.0537240058184,-0.0525145232677,0.359956175089,0.0521957576275,-0.150806963444,0.344814568758,0.050800293684,-0.250948280096,0.326681256294,0.0506044365466,-0.372887402773,0.354466289282,0.0636041462421,-0.367703795433,0.595995426178,-0.259436935186,-0.367703795433
1776811103.56,0.439678162336,0.0802125111222,0.434337794781,0.426772385836,0.068316757679,0.339533984661,0.413164049387,0.0647987648845,0.239968687296,0.399046629667,0.0609855875373,0.141506493092,0.38420638442,0.0578518994153,0.0450312197208,0.37181738019,0.0566485896707,-0.0525365620852,0.355454474688,0.0546894259751,-0.152466982603,0.338283509016,0.0562888681889,-0.253178060055,0.322242498398,0.0559519268572,-0.373603492975,0.34996715188,0.0686784163117,-0.367703795433,0.595838904381,-0.259578764439,-0.367703795433
1776811103.58,0.437643378973,0.0857416689396,0.433807909489,0.425315469503,0.0715807825327,0.339561969042,0.411843389273,0.0672162249684,0.239764884114,0.397448688745,0.0633259192109,0.140718534589,0.382583349943,0.059688296169,0.0436757653952,0.368865042925,0.0581022612751,-0.0531170368195,0.354020267725,0.0561996884644,-0.151848942041,0.337702304125,0.0573349818587,-0.252028673887,0.320304989815,0.0589200556278,-0.373847872019,0.34573367238,0.0738094672561,-0.367703795433,0.595478415489,-0.259071618319,-0.367703795433
1776811103.59,0.435614258051,0.0913545191288,0.433350771666,0.422451525927,0.0780209377408,0.338177829981,0.40883025527,0.0729563906789,0.239267200232,0.39434877038,0.0674885585904,0.139964982867,0.379540234804,0.0634794384241,0.0438148081303,0.366491347551,0.0618939809501,-0.0539606511593,0.352407127619,0.0605902932584,-0.150522619486,0.333886176348,0.0623196288943,-0.252610951662,0.317088067532,0.0635684728622,-0.37327170372,0.341779321432,0.0789935514331,-0.367703795433,0.595675587654,-0.259146988392,-0.367703795433
1776811103.61,0.433543592691,0.0969938412309,0.432878166437,0.420996874571,0.0811827108264,0.337527692318,0.407760351896,0.0756465122104,0.238878682256,0.393017500639,0.0704152062535,0.139859557152,0.37907537818,0.0655067190528,0.0426521748304,0.364857286215,0.0641884580255,-0.0540964305401,0.351920932531,0.0610279403627,-0.151878118515,0.333647400141,0.063265748322,-0.252110600471,0.315050154924,0.0659408122301,-0.374658972025,0.338117212057,0.084226116538,-0.367703795433,0.595584630966,-0.259060978889,-0.367703795433
1776811103.62,0.431683391333,0.102300487459,0.432484388351,0.418563991785,0.0880274921656,0.336944043636,0.405490666628,0.0824862793088,0.238365486264,0.391115814447,0.0763521268964,0.139020487666,0.377571851015,0.0721095129848,0.0423606708646,0.363664239645,0.0694651454687,-0.0550071001053,0.351012974977,0.066033616662,-0.151479750872,0.33091416955,0.0688807740808,-0.253479093313,0.312923789024,0.0701081752777,-0.373973339796,0.334759801626,0.0895017609,-0.367703795433,0.595978975296,-0.259553134441,-0.367703795433
1776811103.64,0.429997444153,0.10718382895,0.432121992111,0.416488975286,0.095095641911,0.33654153347,0.403784662485,0.0891202613711,0.237412810326,0.39056006074,0.0834840610623,0.138511404395,0.375579923391,0.0784924328327,0.0412350296974,0.361602395773,0.0752645134926,-0.0566650480032,0.342860907316,0.074870750308,-0.157359153032,0.327710032463,0.0752740427852,-0.254792749882,0.309799343348,0.0749021619558,-0.374992579222,0.331718891859,0.0948143005371,-0.367703795433,0.595421671867,-0.259129017591,-0.367703795433
1776811103.65,0.428226709366,0.112274155021,0.431780338287,0.415137439966,0.0987620651722,0.336619794369,0.40344825387,0.0928495079279,0.238027483225,0.38970258832,0.087560147047,0.138521566987,0.37521597743,0.0816112309694,0.0404917821288,0.361835032701,0.0794459059834,-0.0558868050575,0.343872755766,0.0767584368587,-0.15724465251,0.326285481453,0.0786067917943,-0.256521463394,0.308537662029,0.0781961530447,-0.376777052879,0.329005360603,0.100156761706,-0.367703795433,0.595279932022,-0.25878277421,-0.367703795433
1776811103.67,0.426555395126,0.117076739669,0.431437075138,0.414170652628,0.102101005614,0.336664050817,0.402191251516,0.097361497581,0.238058745861,0.389037400484,0.0914447829127,0.137831047177,0.374961584806,0.0859659835696,0.0403022170067,0.360778063536,0.0830409899354,-0.0561948567629,0.341151803732,0.0820316374302,-0.158676922321,0.326623797417,0.0811780914664,-0.255427986383,0.30934497714,0.0787431672215,-0.374439835548,0.326629072428,0.105521395802,-0.367703795433,0.59547495842,-0.259041190147,-0.367703795433
1776811103.68,0.42519557476,0.121018119156,0.431171387434,0.413126379251,0.105800963938,0.336183667183,0.401071220636,0.100574828684,0.237713396549,0.388279944658,0.0949941426516,0.137451469898,0.374699085951,0.0896634086967,0.0400908738375,0.36149635911,0.0876891314983,-0.0558418482542,0.341823488474,0.0852751359344,-0.158513277769,0.327746897936,0.0829774513841,-0.254712969065,0.307420045137,0.0826461315155,-0.376341640949,0.324598819017,0.110899783671,-0.367703795433,0.595720529556,-0.259173333645,-0.367703795433
1776811103.7,0.423584908247,0.125749647617,0.430892378092,0.411321908236,0.112468026578,0.335469067097,0.399956613779,0.108968183398,0.238366752863,0.387044936419,0.103547379375,0.136490389705,0.374187856913,0.0986363887787,0.0394129604101,0.361167401075,0.0964116454124,-0.0565664321184,0.341091006994,0.0936452448368,-0.159494876862,0.328011959791,0.0887365490198,-0.254750549793,0.307448893785,0.0858618542552,-0.375668466091,0.322922110558,0.116282835603,-0.367703795433,0.595863223076,-0.259410828352,-0.367703795433
1776811103.71,0.422459512949,0.12908783555,0.43071231246,0.410302788019,0.115730307996,0.33499366045,0.399282187223,0.112478516996,0.236203014851,0.387216299772,0.108458429575,0.136735185981,0.373897463083,0.103140085936,0.039167881012,0.360258430243,0.101367205381,-0.0554321110249,0.341192930937,0.0975102260709,-0.159492462873,0.327873080969,0.0919860377908,-0.255002737045,0.306943714619,0.0888060554862,-0.376174122095,0.321605026722,0.121660895646,-0.367703795433,0.595894694328,-0.259405076504,-0.367703795433
1776811103.73,0.421380668879,0.132403761148,0.430587828159,0.408802658319,0.122109659016,0.335163295269,0.397454172373,0.120192356408,0.237167805433,0.386139303446,0.117062479258,0.13664624095,0.373378187418,0.112446047366,0.038576900959,0.360163837671,0.109705090523,-0.0573875904083,0.341652065516,0.105102337897,-0.160138070583,0.327601402998,0.0990019068122,-0.255646020174,0.307864308357,0.0935283824801,-0.376808643341,0.320652216673,0.127023801208,-0.367703795433,0.595827817917,-0.259443223476,-0.367703795433
1776811103.74,0.420603454113,0.134883344173,0.430517405272,0.407387644053,0.127785906196,0.334576189518,0.39637157321,0.127347186208,0.236992672086,0.385100573301,0.125108465552,0.135747909546,0.37258669734,0.121446847916,0.0377592071891,0.361029356718,0.117582209408,-0.0588907301426,0.342130452394,0.112753905356,-0.159879088402,0.329163044691,0.10545053333,-0.255925685167,0.30858373642,0.0987860560417,-0.37716960907,0.320066690445,0.132361024618,-0.367703795433,0.595586299896,-0.259097456932,-0.367703795433
1776811103.76,0.419950395823,0.137010723352,0.430438816547,0.407387644053,0.127785906196,0.334576189518,0.39637157321,0.127347186208,0.236992672086,0.385100573301,0.125108465552,0.135747909546,0.37258669734,0.121446847916,0.0377592071891,0.361029356718,0.117582209408,-0.0588907301426,0.342130452394,0.112753905356,-0.159879088402,0.329163044691,0.10545053333,-0.255925685167,0.30858373642,0.0987860560417,-0.37716960907,0.319849818945,0.137661665678,-0.367703795433,0.595707178116,-0.259153991938,-0.367703795433
1776811103.77,0.419456273317,0.138540059328,0.430353701115,0.406801313162,0.130260944366,0.334564089775,0.395975917578,0.130466356874,0.236830919981,0.384287387133,0.128815308213,0.135555014014,0.372315615416,0.125185444951,0.03783005476,0.360143393278,0.121402956545,-0.059781447053,0.343481808901,0.115565389395,-0.158901125193,0.329147130251,0.109157696366,-0.256533652544,0.308979570866,0.101876817644,-0.377798259258,0.320001274347,0.142914712429,-0.367703795433,0.596076488495,-0.259077459574,-0.367703795433
1776811103.79,0.419134378433,0.139481604099,0.430236786604,0.405481249094,0.136659502983,0.334281623363,0.395078331232,0.137736439705,0.235528469086,0.383672505617,0.138429239392,0.135607883334,0.371524721384,0.135455012321,0.0375961959362,0.359951764345,0.132024541497,-0.0603641569614,0.342782586813,0.127461493015,-0.161001622677,0.329921454191,0.120304889977,-0.258289754391,0.312660455704,0.109982736409,-0.378185212612,0.320518910885,0.148108989,-0.367703795433,0.595812439919,-0.259429514408,-0.367703795433
1776811103.8,0.418973952532,0.139906555414,0.430158942938,0.405333906412,0.138023525476,0.334401994944,0.394746094942,0.139769136906,0.234799802303,0.383388310671,0.140825852752,0.135643392801,0.371433287859,0.138523817062,0.037686906755,0.358811110258,0.135396301746,-0.0599430948496,0.343329280615,0.13037507236,-0.161111027002,0.331868618727,0.122572809458,-0.257311880589,0.314756691456,0.112812645733,-0.377846628428,0.321398943663,0.15323343873,-0.367703795433,0.596056222916,-0.259480774403,-0.367703795433
1776811103.82,0.418920397758,0.139944881201,0.430097311735,0.404853314161,0.139718428254,0.334135204554,0.394360095263,0.142766833305,0.235352754593,0.383090347052,0.144525200129,0.13567571342,0.371269732714,0.143035173416,0.0373977869749,0.360899657011,0.141216948628,-0.0596583038568,0.34582349658,0.136053070426,-0.159352898598,0.334164172411,0.12873364985,-0.2574878335,0.318501472473,0.120116688311,-0.378832757473,0.322635859251,0.158277094364,-0.367703795433,0.595974445343,-0.259428948164,-0.367703795433
1776811103.83,0.419000595808,0.139677330852,0.430107116699,0.404853314161,0.139718428254,0.334135204554,0.394360095263,0.142766833305,0.235352754593,0.383090347052,0.144525200129,0.13567571342,0.371269732714,0.143035173416,0.0373977869749,0.360899657011,0.141216948628,-0.0596583038568,0.34582349658,0.136053070426,-0.159352898598,0.334164172411,0.12873364985,-0.2574878335,0.318501472473,0.120116688311,-0.378832757473,0.324222385883,0.163229256868,-0.367703795433,0.596047520638,-0.259436964989,-0.367703795433
1776811103.85,0.419228106737,0.139029100537,0.430210202932,0.404644936323,0.140751644969,0.334187567234,0.394222468138,0.144535809755,0.234926909208,0.383137017488,0.14720864594,0.1353443712,0.371765583754,0.146883130074,0.0374750047922,0.362044006586,0.146485954523,-0.0602942556143,0.346468478441,0.143947482109,-0.161579281092,0.336497038603,0.139003425837,-0.259423017502,0.323846489191,0.131352320313,-0.380306482315,0.326149731874,0.16807962954,-0.367703795433,0.595759391785,-0.259397476912,-0.367703795433
1776811103.86,0.419512927532,0.138363718987,0.43038675189,0.404582470655,0.1407238096,0.334641635418,0.394176989794,0.144422739744,0.234819829464,0.383335262537,0.147428318858,0.135370910168,0.372647672892,0.148355126381,0.0376364812255,0.361085385084,0.147638827562,-0.0609159171581,0.349233478308,0.143988892436,-0.16150072217,0.339804977179,0.140625908971,-0.258254319429,0.325844764709,0.135028526187,-0.380547225475,0.328407645226,0.172818362713,-0.367703795433,0.595987558365,-0.25943082571,-0.367703795433
1776811103.88,0.419895112514,0.137708887458,0.430658310652,0.404761940241,0.139590010047,0.333939880133,0.394659787416,0.143504187465,0.235073640943,0.384088426828,0.146415457129,0.135043829679,0.373556703329,0.14770822227,0.0369753614068,0.364995211363,0.149530217052,-0.0600204020739,0.350084632635,0.149521574378,-0.162971198559,0.34279230237,0.14637953043,-0.25906547904,0.330724388361,0.143086344004,-0.381022840738,0.330984503031,0.177436232567,-0.367703795433,0.595404863358,-0.258830159903,-0.367703795433
1776811103.89,0.420376718044,0.137175828218,0.431132316589,0.405460864305,0.138497829437,0.334483027458,0.395864754915,0.14198833704,0.235671460629,0.385463744402,0.144721746445,0.13561065495,0.375952631235,0.14745862782,0.0376699268818,0.367141038179,0.149187490344,-0.0605270564556,0.359825104475,0.149057865143,-0.157686978579,0.347547441721,0.151721805334,-0.258682370186,0.336411207914,0.151643842459,-0.381230771542,0.33386734128,0.181924581528,-0.367703795433,0.595470309258,-0.25913849473,-0.367703795433
1776811103.91,0.420772105455,0.136952236295,0.43157428503,0.405909329653,0.137666285038,0.334384679794,0.396048992872,0.14031855762,0.235016286373,0.386022001505,0.143588349223,0.13505230844,0.377214163542,0.146643474698,0.0374538749456,0.368803530931,0.149057164788,-0.0602439492941,0.359278410673,0.150589004159,-0.160244375467,0.348158329725,0.154222503304,-0.260140091181,0.33887425065,0.155921757221,-0.38136190176,0.337042301893,0.186275556684,-0.367703795433,0.595872044563,-0.259401589632,-0.367703795433
1776811103.92,0.421237260103,0.136925056577,0.432125240564,0.406476169825,0.136852577329,0.334602415562,0.397078543901,0.139276340604,0.235103964806,0.387735277414,0.142586618662,0.135817363858,0.378896802664,0.145385310054,0.0380632728338,0.370642989874,0.148673206568,-0.0603582561016,0.361343473196,0.151301845908,-0.160253673792,0.349853903055,0.156876459718,-0.260573893785,0.342911094427,0.159169271588,-0.380858659744,0.340494543314,0.19048205018,-0.367703795433,0.596012115479,-0.259429752827,-0.367703795433
1776811103.94,0.421832442284,0.13719381392,0.432859867811,0.407953888178,0.136130154133,0.335800409317,0.399130731821,0.137528628111,0.235772192478,0.389949649572,0.140202954412,0.135753810406,0.381763786077,0.143277138472,0.0377447903156,0.374561399221,0.148658245802,-0.0596712082624,0.365892857313,0.153294786811,-0.159862488508,0.354336887598,0.161769777536,-0.260687381029,0.346347719431,0.169177561998,-0.381505787373,0.34420850873,0.194537758827,-0.367703795433,0.595689177513,-0.2591150105,-0.367703795433
1776811103.95,0.422481656075,0.137699902058,0.433628886938,0.407953888178,0.136130154133,0.335800409317,0.399130731821,0.137528628111,0.235772192478,0.389949649572,0.140202954412,0.135753810406,0.381763786077,0.143277138472,0.0377447903156,0.374561399221,0.148658245802,-0.0596712082624,0.365892857313,0.153294786811,-0.159862488508,0.354336887598,0.161769777536,-0.260687381029,0.346347719431,0.169177561998,-0.381505787373,0.348168224096,0.198437258601,-0.367703795433,0.595473885536,-0.25913003087,-0.367703795433
1776811103.97,0.423261940479,0.138578668237,0.434547364712,0.410347312689,0.135370403528,0.336786717176,0.402912467718,0.136865049601,0.237819552422,0.395210176706,0.138037085533,0.136426225305,0.387685924768,0.141732677817,0.0385812968016,0.382172137499,0.148686662316,-0.0591765493155,0.374541252851,0.156032219529,-0.158370047808,0.362467378378,0.168442994356,-0.259951591492,0.357509225607,0.17913672328,-0.378048062325,0.352357238531,0.202175945044,-0.367703795433,0.595639705658,-0.259135484695,-0.367703795433
1776811103.98,0.424076408148,0.139620169997,0.435407102108,0.411244004965,0.135618418455,0.337111413479,0.40454313159,0.136749505997,0.238127827644,0.397679716349,0.138096451759,0.137567728758,0.390426069498,0.141537174582,0.0389787480235,0.384876638651,0.149132460356,-0.0585391372442,0.377337902784,0.157627075911,-0.158078342676,0.364713937044,0.170999422669,-0.259592592716,0.360792666674,0.183242097497,-0.377472877502,0.356759041548,0.205750122666,-0.367703795433,0.595803022385,-0.25942504406,-0.367703795433
1776811104,0.42485204339,0.140678077936,0.436167180538,0.413267701864,0.13679972291,0.338344097137,0.407416492701,0.137395858765,0.239120319486,0.401478022337,0.138626873493,0.138350129128,0.395693093538,0.141453742981,0.0397403538227,0.389782458544,0.150123775005,-0.0579556673765,0.381828814745,0.160283893347,-0.157159864902,0.37477722764,0.174011558294,-0.255549103022,0.365745097399,0.191589161754,-0.377227187157,0.361357182264,0.209156870842,-0.367703795433,0.596025109291,-0.259458780289,-0.367703795433
1776811104.01,0.425858408213,0.142080545425,0.437100768089,0.414241105318,0.136937439442,0.338505864143,0.408730477095,0.137405231595,0.238470926881,0.402984529734,0.139057278633,0.138299316168,0.397434562445,0.143278449774,0.0402784049511,0.392634779215,0.15140388906,-0.0573922842741,0.386292427778,0.161802068353,-0.15648162365,0.375315338373,0.178310364485,-0.258460909128,0.370216578245,0.193433657289,-0.375539541245,0.366135209799,0.212394103408,-0.367703795433,0.595847010612,-0.259384900331,-0.367703795433
1776811104.03,0.426967948675,0.143612802029,0.437981128693,0.416499525309,0.139093309641,0.339626669884,0.412085920572,0.140314310789,0.24067543447,0.406756192446,0.141718640924,0.139512494206,0.402878850698,0.145766481757,0.0408863797784,0.398523360491,0.155291244388,-0.0562737584114,0.392065733671,0.165574401617,-0.155721157789,0.381084233522,0.182982221246,-0.256652504206,0.377026647329,0.200109928846,-0.374118328094,0.37107732892,0.215460464358,-0.367703795433,0.596055626869,-0.2594602108,-0.367703795433
1776811104.04,0.428386539221,0.1455155164,0.438918203115,0.418719321489,0.141642168164,0.340880960226,0.414825886488,0.143159464002,0.240773394704,0.41147723794,0.146111741662,0.141344517469,0.40790912509,0.150301679969,0.0420576483011,0.404035538435,0.160482600331,-0.0548159778118,0.39859727025,0.170905262232,-0.154311299324,0.388785213232,0.187530741096,-0.25433743,0.383516222239,0.205449089408,-0.373636007309,0.376167923212,0.218355357647,-0.367703795433,0.596096634865,-0.259414553642,-0.367703795433
1776811104.06,0.429597109556,0.147043436766,0.439595222473,0.418719321489,0.141642168164,0.340880960226,0.414825886488,0.143159464002,0.240773394704,0.41147723794,0.146111741662,0.141344517469,0.40790912509,0.150301679969,0.0420576483011,0.404035538435,0.160482600331,-0.0548159778118,0.39859727025,0.170905262232,-0.154311299324,0.388785213232,0.187530741096,-0.25433743,0.383516222239,0.205449089408,-0.373636007309,0.381392091513,0.221078768373,-0.367703795433,0.595465660095,-0.259106874466,-0.367703795433
1776811104.07,0.431186378002,0.148866951466,0.440354555845,0.421212166548,0.144766300917,0.342238217592,0.418272465467,0.147207662463,0.241775467992,0.414633780718,0.150829643011,0.141864776611,0.411483794451,0.156701803207,0.043282456696,0.409186333418,0.166026607156,-0.054039850831,0.403991669416,0.176822289824,-0.152945429087,0.394934743643,0.193449825048,-0.255421429873,0.390893310308,0.209402546287,-0.373189359903,0.386735707521,0.223631292582,-0.367703795433,0.595777153969,-0.259369432926,-0.367703795433
1776811104.09,0.433016449213,0.150710299611,0.441073298454,0.423650473356,0.148374557495,0.343523204327,0.421430796385,0.152386233211,0.243638023734,0.418584853411,0.156867474318,0.142781257629,0.416080266237,0.163265749812,0.0450494661927,0.414663165808,0.173136517406,-0.0525159090757,0.408884376287,0.183408200741,-0.152320802212,0.401604622602,0.197824880481,-0.253390669823,0.397692769766,0.214192837477,-0.37314298749,0.392185419798,0.226014018059,-0.367703795433,0.595808744431,-0.259419798851,-0.367703795433
1776811104.1,0.434993684292,0.15244884789,0.441683083773,0.425203591585,0.150090366602,0.343511760235,0.423019379377,0.154934048653,0.244101256132,0.420438677073,0.160162553191,0.143667399883,0.4189927876,0.166778355837,0.0450547263026,0.417021840811,0.176894187927,-0.0522205382586,0.412880390882,0.186203926802,-0.151873975992,0.405305176973,0.200407847762,-0.252227127552,0.401656419039,0.214598953724,-0.372688382864,0.397728532553,0.228228479624,-0.367703795433,0.595852255821,-0.259441316128,-0.367703795433
1776811104.12,0.437367022038,0.15414018929,0.442176699638,0.428141266108,0.154017686844,0.344360411167,0.426525443792,0.160352215171,0.244924739003,0.4253077209,0.16718532145,0.145061671734,0.422237545252,0.174470901489,0.0463472977281,0.421387165785,0.183823630214,-0.0511783361435,0.418723136187,0.193117186427,-0.150624066591,0.41214928031,0.206206694245,-0.252131491899,0.411537379026,0.216457173228,-0.370633661747,0.403353542089,0.230276510119,-0.367703795433,0.596585035324,-0.259656637907,-0.367703795433
1776811104.13,0.439738690853,0.155560240149,0.442717403173,0.428141266108,0.154017686844,0.344360411167,0.426525443792,0.160352215171,0.244924739003,0.4253077209,0.16718532145,0.145061671734,0.422237545252,0.174470901489,0.0463472977281,0.421387165785,0.183823630214,-0.0511783361435,0.418723136187,0.193117186427,-0.150624066591,0.41214928031,0.206206694245,-0.252131491899,0.411537379026,0.216457173228,-0.370633661747,0.409049600363,0.232160270214,-0.367703795433,0.595697641373,-0.259129047394,-0.367703795433
1776811104.15,0.442688256502,0.157084584236,0.443147599697,0.428141266108,0.154017686844,0.344360411167,0.426525443792,0.160352215171,0.244924739003,0.4253077209,0.16718532145,0.145061671734,0.422237545252,0.174470901489,0.0463472977281,0.421387165785,0.183823630214,-0.0511783361435,0.418723136187,0.193117186427,-0.150624066591,0.41214928031,0.206206694245,-0.252131491899,0.411537379026,0.216457173228,-0.370633661747,0.414806991816,0.233882054687,-0.367703795433,0.596098542213,-0.259418219328,-0.367703795433
1776811104.16,0.44586712122,0.158544883132,0.443450510502,0.436674445868,0.164072722197,0.346753895283,0.434646815062,0.173144727945,0.246130660176,0.433305948973,0.183846130967,0.148612678051,0.433263152838,0.191404476762,0.0488985031843,0.433178275824,0.20043066144,-0.0492917299271,0.432952791452,0.207840546966,-0.147999703884,0.430201739073,0.21548807621,-0.248403817415,0.431517452002,0.222473412752,-0.368911892176,0.420616775751,0.23544433713,-0.367703795433,0.595458984375,-0.259127706289,-0.367703795433
1776811104.18,0.448698759079,0.159797772765,0.443844527006,0.438782542944,0.165445461869,0.346627950668,0.436615616083,0.175362795591,0.246630519629,0.435683935881,0.186190024018,0.148579984903,0.435567170382,0.193964019418,0.0491508841515,0.435785740614,0.20327027142,-0.048297509551,0.4356790483,0.209013298154,-0.148181498051,0.434674710035,0.216428980231,-0.247083097696,0.434781938791,0.224254876375,-0.369827210903,0.426470965147,0.236849576235,-0.367703795433,0.59572660923,-0.25920060277,-0.367703795433
1776811104.19,0.452542901039,0.161457121372,0.444066464901,0.443033009768,0.16817265749,0.347276389599,0.4409956038,0.17896528542,0.247252747416,0.440145045519,0.190112441778,0.14871583879,0.440181940794,0.19841106236,0.0499842502177,0.44075986743,0.207556083798,-0.0476876497269,0.441855102777,0.213639169931,-0.14725959301,0.439411610365,0.221172660589,-0.248357325792,0.443818122149,0.225067004561,-0.367875277996,0.432362407446,0.238100245595,-0.367703795433,0.596011638641,-0.259465783834,-0.367703795433
1776811104.21,0.456176400185,0.163055077195,0.444378376007,0.445445388556,0.169584110379,0.347293823957,0.443130105734,0.180264011025,0.247006818652,0.442355662584,0.191878154874,0.149680450559,0.441797882318,0.200686991215,0.0502092801034,0.442060023546,0.209096968174,-0.048184543848,0.443205326796,0.214854210615,-0.147236138582,0.445033580065,0.220606401563,-0.245876282454,0.448655694723,0.225439205766,-0.367081433535,0.43828484416,0.239198729396,-0.367703795433,0.595790028572,-0.259438604116,-0.367703795433
1776811104.22,0.457950741053,0.163864850998,0.444523155689,0.447972327471,0.170712843537,0.347894310951,0.445945113897,0.181525290012,0.247239261866,0.445118457079,0.192822158337,0.148739755154,0.444532901049,0.201727464795,0.0506954342127,0.446123987436,0.210565373302,-0.0474988073111,0.446329325438,0.21574267745,-0.147290557623,0.448896616697,0.221431359649,-0.245787769556,0.4513233006,0.227380543947,-0.368592590094,0.444232672453,0.240147277713,-0.367703795433,0.595873832703,-0.259451448917,-0.367703795433
1776811104.24,0.463386982679,0.166294455528,0.444825768471,0.45303991437,0.173165127635,0.348317831755,0.451118856668,0.183265656233,0.24753947556,0.450351506472,0.194443881512,0.149627238512,0.450268834829,0.202960625291,0.0507377386093,0.45246103406,0.211743041873,-0.0472442656755,0.453992336988,0.217648282647,-0.146591454744,0.455584436655,0.223399952054,-0.245739489794,0.460049957037,0.228495568037,-0.367377430201,0.450200945139,0.240947946906,-0.367703795433,0.595887541771,-0.259360820055,-0.367703795433
1776811104.25,0.467610269785,0.168170720339,0.44500207901,0.45303991437,0.173165127635,0.348317831755,0.451118856668,0.183265656233,0.24753947556,0.450351506472,0.194443881512,0.149627238512,0.450268834829,0.202960625291,0.0507377386093,0.45246103406,0.211743041873,-0.0472442656755,0.453992336988,0.217648282647,-0.146591454744,0.455584436655,0.223399952054,-0.245739489794,0.460049957037,0.228495568037,-0.367377430201,0.456185370684,0.241602525115,-0.367703795433,0.595518827438,-0.259068667889,-0.367703795433
1776811104.27,0.471614152193,0.169805571437,0.445029735565,0.461544901133,0.176632881165,0.34852039814,0.460135191679,0.184715524316,0.247697532177,0.459939032793,0.194156527519,0.149043828249,0.460665494204,0.201998844743,0.0506957359612,0.46192535758,0.211294382811,-0.0474024415016,0.463890224695,0.21774739027,-0.146874606609,0.467819482088,0.224340558052,-0.245387792587,0.470030754805,0.232708349824,-0.367786973715,0.46218213439,0.242112591863,-0.367703795433,0.595807552338,-0.259407073259,-0.367703795433
1776811104.28,0.475756943226,0.171336174011,0.444982141256,0.46444311738,0.177505359054,0.348900914192,0.463310152292,0.185259133577,0.247594177723,0.463296324015,0.194193601608,0.149669915438,0.463414758444,0.201348051429,0.0503578707576,0.465976804495,0.210012003779,-0.0477109402418,0.466772049665,0.217750623822,-0.147106140852,0.470342367887,0.224741950631,-0.245299577713,0.473462074995,0.233742192388,-0.367938905954,0.468187838793,0.242479369044,-0.367703795433,0.596010088921,-0.259475767612,-0.367703795433
1776811104.3,0.47991412878,0.172692254186,0.444815456867,0.470466405153,0.179632127285,0.348580181599,0.470191568136,0.186033412814,0.247670859098,0.470210939646,0.193068757653,0.14847445488,0.471020251513,0.200203239918,0.0500139594078,0.473494499922,0.208101704717,-0.0479878634214,0.475745648146,0.215578690171,-0.147752642632,0.477707058191,0.224495574832,-0.245753377676,0.480890661478,0.235392391682,-0.367985129356,0.474199384451,0.242703765631,-0.367703795433,0.596177458763,-0.259143441916,-0.367703795433
1776811104.31,0.48353049159,0.173705533147,0.444560885429,0.470466405153,0.179632127285,0.348580181599,0.470191568136,0.186033412814,0.247670859098,0.470210939646,0.193068757653,0.14847445488,0.471020251513,0.200203239918,0.0500139594078,0.473494499922,0.208101704717,-0.0479878634214,0.475745648146,0.215578690171,-0.147752642632,0.477707058191,0.224495574832,-0.245753377676,0.480890661478,0.235392391682,-0.367985129356,0.480213910341,0.242786377668,-0.367703795433,0.596026778221,-0.259450465441,-0.367703795433
1776811104.33,0.488164156675,0.174736246467,0.443975031376,0.476753085852,0.181440353394,0.348440468311,0.476971000433,0.186725899577,0.247638687491,0.477379351854,0.192637756467,0.147806033492,0.478886932135,0.198257192969,0.0497483834624,0.480668634176,0.206410646439,-0.0483928322792,0.483362346888,0.213835567236,-0.147743731737,0.485941022635,0.223214179277,-0.246032059193,0.487444072962,0.237187072635,-0.367862313986,0.48622867465,0.24272736907,-0.367703795433,0.595707535744,-0.259154051542,-0.367703795433
1776811104.34,0.492300033569,0.175314426422,0.443395972252,0.486323207617,0.183385446668,0.347206056118,0.48728081584,0.187656983733,0.246674284339,0.489013344049,0.191844269633,0.147188574076,0.491049677134,0.196603760123,0.0489847585559,0.493874043226,0.203538328409,-0.0495447218418,0.495118886232,0.211794942617,-0.148436754942,0.497956186533,0.223444029689,-0.246066272259,0.497115105391,0.239361390471,-0.369770646095,0.492240935564,0.242526635528,-0.367703795433,0.595498919487,-0.259108066559,-0.367703795433
1776811104.36,0.496331483126,0.175431028008,0.442613959312,0.489216059446,0.183749586344,0.346974313259,0.491216570139,0.18767657876,0.246263116598,0.49282631278,0.192189350724,0.147049367428,0.494872778654,0.196291059256,0.0483612269163,0.497943252325,0.203564539552,-0.0496705323458,0.499283641577,0.211333468556,-0.14931178093,0.501792788506,0.222887173295,-0.246352821589,0.500835895538,0.238912761211,-0.369852274656,0.49824783206,0.242183640599,-0.367703795433,0.595475554466,-0.259104132652,-0.367703795433
1776811104.37,0.500310003757,0.175185769796,0.441828042269,0.495581299067,0.184427782893,0.345871090889,0.497982829809,0.187779605389,0.245414286852,0.500562667847,0.191316351295,0.145711153746,0.503189921379,0.196100145578,0.0476647093892,0.506030917168,0.203565657139,-0.0508337020874,0.507128477097,0.211657807231,-0.149980694056,0.507217288017,0.223191678524,-0.248266041279,0.507625699043,0.238078534603,-0.370190411806,0.504246234894,0.241697534919,-0.367703795433,0.595717430115,-0.259207367897,-0.367703795433
1776811104.39,0.504102945328,0.174498513341,0.440802305937,0.495581299067,0.184427782893,0.345871090889,0.497982829809,0.187779605389,0.245414286852,0.500562667847,0.191316351295,0.145711153746,0.503189921379,0.196100145578,0.0476647093892,0.506030917168,0.203565657139,-0.0508337020874,0.507128477097,0.211657807231,-0.149980694056,0.507217288017,0.223191678524,-0.248266041279,0.507625699043,0.238078534603,-0.370190411806,0.510233044624,0.241067141294,-0.367703795433,0.596052289009,-0.259472727776,-0.367703795433
1776811104.4,0.507735490799,0.173501640558,0.43986093998,0.504118680954,0.184409305453,0.344376146793,0.507621645927,0.188413143158,0.243894651532,0.511078834534,0.192741960287,0.144023388624,0.514093160629,0.19804187119,0.0462459027767,0.51753616333,0.205457225442,-0.052056774497,0.518018603325,0.212736308575,-0.152011394501,0.515528440475,0.225343197584,-0.25210955739,0.518198370934,0.236559316516,-0.371232569218,0.516204237938,0.240290939808,-0.367703795433,0.595838665962,-0.259173065424,-0.367703795433
1776811104.42,0.511129915714,0.172072142363,0.438726335764,0.506929993629,0.184314250946,0.343236446381,0.510727286339,0.188449680805,0.242967352271,0.51422226429,0.193574398756,0.143641337752,0.517411351204,0.198684349656,0.0456294864416,0.520458102226,0.206177130342,-0.0524930506945,0.521454930305,0.213726297021,-0.152405679226,0.522750616074,0.223459377885,-0.250629633665,0.51967549324,0.237421527505,-0.373879134655,0.522155761719,0.239367187023,-0.367703795433,0.595986127853,-0.259455114603,-0.367703795433
1776811104.43,0.51420122385,0.170323312283,0.437502592802,0.509694099426,0.184344738722,0.343232989311,0.513612747192,0.189292266965,0.243004992604,0.517624855042,0.194766163826,0.143405735493,0.520658016205,0.199827179313,0.044869363308,0.524159789085,0.207321196795,-0.0534416735172,0.524851083755,0.214158400893,-0.152684986591,0.525308251381,0.223225221038,-0.250929355621,0.523758649826,0.236300960183,-0.374388635159,0.528082847595,0.23829382658,-0.367703795433,0.59597325325,-0.259404063225,-0.367703795433
1776811104.45,0.516862809658,0.168416813016,0.436348080635,0.514482855797,0.183724328876,0.341597318649,0.518623948097,0.189876049757,0.241006314754,0.522926807404,0.196089118719,0.142166525126,0.526446819305,0.202236175537,0.0436829850078,0.530213356018,0.209496542811,-0.0548359155655,0.531646966934,0.215671956539,-0.154029905796,0.531676530838,0.223485261202,-0.252536028624,0.531040549278,0.233941674232,-0.375404566526,0.533979892731,0.237068682909,-0.367703795433,0.595793843269,-0.259404122829,-0.367703795433
1776811104.46,0.519107758999,0.166530519724,0.435262680054,0.516569137573,0.183096125722,0.340330421925,0.520980238914,0.189801752567,0.240464523435,0.525483369827,0.196964800358,0.140877887607,0.529989242554,0.202555879951,0.0424463972449,0.532957911491,0.210178017616,-0.0552489310503,0.534102320671,0.216139093041,-0.154955387115,0.534757733345,0.223845914006,-0.253471076488,0.534934043884,0.232781663537,-0.375470519066,0.539840817451,0.235689371824,-0.367703795433,0.595956325531,-0.259433835745,-0.367703795433
1776811104.48,0.522008121014,0.163604870439,0.433917731047,0.520420670509,0.181198790669,0.338603377342,0.525235414505,0.189506828785,0.238644629717,0.530391454697,0.198488458991,0.140664637089,0.534217834473,0.204704582691,0.0415720641613,0.538272380829,0.211823359132,-0.0567371696234,0.539836168289,0.217076584697,-0.156182289124,0.540687084198,0.223368525505,-0.254935562611,0.54246366024,0.229635939002,-0.376869350672,0.5456584692,0.234153449535,-0.367703795433,0.59580218792,-0.259403586388,-0.367703795433
1776811104.49,0.524264752865,0.16118517518,0.4330034554,0.523833394051,0.178957492113,0.337803274393,0.529016375542,0.188438042998,0.237652048469,0.53376698494,0.197613984346,0.137934356928,0.538145542145,0.205066010356,0.0401392802596,0.543099045753,0.212643697858,-0.0575734078884,0.544476985931,0.217265322804,-0.157309681177,0.546995401382,0.222360596061,-0.256349176168,0.548150420189,0.228351145983,-0.378692597151,0.551425218582,0.232458412647,-0.367703795433,0.595496892929,-0.259136259556,-0.367703795433
1776811104.51,0.526136696339,0.159042283893,0.432320684195,0.525599956512,0.177689015865,0.337007641792,0.530376911163,0.187370508909,0.237058520317,0.534946799278,0.197064518929,0.137377291918,0.53980588913,0.204981908202,0.0395414382219,0.544741988182,0.212361738086,-0.0582388341427,0.546629190445,0.21731968224,-0.158749014139,0.549589157104,0.222297549248,-0.256575375795,0.551862120628,0.226996809244,-0.378851681948,0.557132124901,0.230601817369,-0.367703795433,0.595821022987,-0.259422957897,-0.367703795433
1776811104.53,0.528981745243,0.155726000667,0.431514471769,0.528057575226,0.174579232931,0.335642576218,0.533070683479,0.184490397573,0.235823601484,0.538668632507,0.194286823273,0.136093199253,0.542751669884,0.203699827194,0.0386653542519,0.548388242722,0.211241111159,-0.0591875463724,0.552254676819,0.215946152806,-0.159396380186,0.555165529251,0.220826506615,-0.257751375437,0.559803843498,0.22330185771,-0.379092365503,0.562769651413,0.228581309319,-0.367703795433,0.59550011158,-0.259090930223,-0.367703795433
1776811104.54,0.530623197556,0.153812140226,0.431330114603,0.529287934303,0.17268268764,0.335147827864,0.534089326859,0.182976871729,0.235852092505,0.539239764214,0.193521812558,0.13692393899,0.545085906982,0.201565474272,0.0379472002387,0.550179600716,0.210076734424,-0.059629291296,0.553113341331,0.215290188789,-0.159662306309,0.557393789291,0.219382941723,-0.258240759373,0.562592506409,0.222354024649,-0.37905189395,0.568327307701,0.226394742727,-0.367703795433,0.59538435936,-0.259118109941,-0.367703795433
1776811104.55,0.532129108906,0.152015000582,0.431232601404,0.530459880829,0.170686066151,0.334177583456,0.535270452499,0.181744381785,0.235791563988,0.540623784065,0.191459268332,0.136384233832,0.545435070992,0.20016272366,0.0376423597336,0.551684260368,0.208506479859,-0.0604170113802,0.556354165077,0.213361188769,-0.160159558058,0.560068488121,0.218469008803,-0.25826638937,0.565764069557,0.221594929695,-0.379997462034,0.573793411255,0.224040165544,-0.367703795433,0.595690250397,-0.259144455194,-0.367703795433
1776811104.57,0.533772528172,0.14990657568,0.43117916584,0.533027410507,0.167062655091,0.334433734417,0.537410974503,0.177302449942,0.235450357199,0.542419791222,0.186717957258,0.135551661253,0.547613739967,0.195255994797,0.0370673239231,0.553845047951,0.203606173396,-0.0609071403742,0.560505032539,0.209183111787,-0.160307317972,0.564521431923,0.215432718396,-0.25932943821,0.572445511818,0.219545677304,-0.379933387041,0.579155564308,0.221516028047,-0.367703795433,0.595943570137,-0.259427517653,-0.367703795433
1776811104.58,0.535264849663,0.147857889533,0.431232571602,0.535405755043,0.163663879037,0.333951622248,0.539827346802,0.172781124711,0.234822914004,0.545011520386,0.181848034263,0.136273115873,0.550271272659,0.189581364393,0.0376771762967,0.557187438011,0.197485923767,-0.0611608475447,0.564032912254,0.203931763768,-0.16043189168,0.570199728012,0.210649475455,-0.259023487568,0.578766107559,0.216872811317,-0.380142688751,0.584400653839,0.218821153045,-0.367703795433,0.596179842949,-0.259147495031,-0.367703795433
1776811104.6,0.536597371101,0.145853504539,0.431292742491,0.536523342133,0.161542668939,0.333920121193,0.540945291519,0.169516935945,0.23390224576,0.546001315117,0.178433835506,0.135875090957,0.551226139069,0.185520127416,0.0364784374833,0.558972597122,0.194024160504,-0.0609662383795,0.564247727394,0.201250299811,-0.160906404257,0.572011351585,0.208636060357,-0.259259909391,0.581431031227,0.216399312019,-0.379605382681,0.589514493942,0.215954869986,-0.367703795433,0.595691084862,-0.259130299091,-0.367703795433
1776811104.61,0.537711501122,0.14393144846,0.43134483695,0.537582993507,0.159945696592,0.333979964256,0.542064666748,0.167288228869,0.234414041042,0.547202825546,0.175153076649,0.135027840734,0.552930831909,0.181854873896,0.0361113622785,0.560032486916,0.190402150154,-0.0615871697664,0.568133473396,0.197262957692,-0.160719096661,0.574700474739,0.206340789795,-0.258455723524,0.584639191628,0.215276375413,-0.379704445601,0.594482421875,0.212917044759,-0.367703795433,0.596026659012,-0.259448587894,-0.367703795433
1776811104.63,0.538670063019,0.142059504986,0.431336164474,0.539711356163,0.156171485782,0.333622992039,0.544499874115,0.16203764081,0.233863294125,0.549752354622,0.169082447886,0.135624825954,0.555728197098,0.174544140697,0.0362688004971,0.563317656517,0.182777166367,-0.0615934282541,0.571761131287,0.190670922399,-0.161557227373,0.578904747963,0.201287016273,-0.258303612471,0.589803934097,0.213087379932,-0.379314869642,0.59928894043,0.209708228707,-0.367703795433,0.595697283745,-0.259171724319,-0.367703795433
1776811104.64,0.539485514164,0.140240654349,0.431272029877,0.540611982346,0.1543636024,0.333950251341,0.545629382133,0.160191684961,0.234779253602,0.550849080086,0.165932893753,0.135645210743,0.558200716972,0.171917974949,0.0378366857767,0.564048647881,0.17941300571,-0.0621083080769,0.573560237885,0.187436655164,-0.162133306265,0.581698179245,0.198783293366,-0.258338987827,0.592867016792,0.211471363902,-0.378568917513,0.603918194771,0.206329613924,-0.367703795433,0.595628976822,-0.259126096964,-0.367703795433
1776811104.66,0.540177583694,0.138346970081,0.431083500385,0.542456507683,0.150901302695,0.333801746368,0.547939896584,0.154887750745,0.234232664108,0.553844809532,0.159250423312,0.134600162506,0.560670375824,0.164913222194,0.0372609272599,0.567830562592,0.172673746943,-0.0617035627365,0.576922893524,0.181566610932,-0.162581145763,0.585093140602,0.193937003613,-0.259308427572,0.597050309181,0.208751127124,-0.378444224596,0.608353853226,0.202783167362,-0.367703795433,0.595987558365,-0.259412109852,-0.367703795433
1776811104.67,0.540641963482,0.136665567756,0.430898219347,0.544150829315,0.147350415587,0.333668887615,0.549850463867,0.150367811322,0.23391148448,0.556574702263,0.154229179025,0.135341286659,0.563930273056,0.158568590879,0.0358972251415,0.572601437569,0.166784912348,-0.061749368906,0.580556631088,0.176126658916,-0.161129415035,0.590567350388,0.188997611403,-0.258424818516,0.601163744926,0.204975187778,-0.377992093563,0.612579464912,0.199071645737,-0.367703795433,0.59598493576,-0.259442150593,-0.367703795433
1776811104.69,0.540994226933,0.134953215718,0.430698424578,0.544644594193,0.145137131214,0.333205610514,0.550968408585,0.147830501199,0.233521670103,0.55806684494,0.151671722531,0.134429574013,0.565877914429,0.156490325928,0.0374825596809,0.574097156525,0.16463522613,-0.0618130117655,0.583028078079,0.173526227474,-0.161332249641,0.59270298481,0.186545103788,-0.258202850819,0.60332942009,0.202942237258,-0.378331035376,0.616578578949,0.195198655128,-0.367703795433,0.595783948898,-0.259414106607,-0.367703795433
1776811104.7,0.541286230087,0.132982268929,0.430395632982,0.545194149017,0.144612058997,0.333806931973,0.551800966263,0.145686134696,0.233217984438,0.559247255325,0.149544775486,0.134389713407,0.567538380623,0.153579831123,0.0357453599572,0.576550722122,0.162329211831,-0.0619455426931,0.584164977074,0.172004759312,-0.161709278822,0.592990159988,0.184761360288,-0.259712457657,0.604951620102,0.200598627329,-0.378167212009,0.620334625244,0.191168621182,-0.367703795433,0.596003293991,-0.259476512671,-0.367703795433
1776811104.72,0.541418492794,0.131212115288,0.430028051138,0.545194149017,0.144612058997,0.333806931973,0.551800966263,0.145686134696,0.233217984438,0.559247255325,0.149544775486,0.134389713407,0.567538380623,0.153579831123,0.0357453599572,0.576550722122,0.162329211831,-0.0619455426931,0.584164977074,0.172004759312,-0.161709278822,0.592990159988,0.184761360288,-0.259712457657,0.604951620102,0.200598627329,-0.378167212009,0.623831510544,0.186986848712,-0.367703795433,0.596009135246,-0.259448111057,-0.367703795433
1776811104.73,0.5414108634,0.129514873028,0.429610997438,0.545194149017,0.144612058997,0.333806931973,0.551800966263,0.145686134696,0.233217984438,0.559247255325,0.149544775486,0.134389713407,0.567538380623,0.153579831123,0.0357453599572,0.576550722122,0.162329211831,-0.0619455426931,0.584164977074,0.172004759312,-0.161709278822,0.592990159988,0.184761360288,-0.259712457657,0.604951620102,0.200598627329,-0.378167212009,0.62705373764,0.182659491897,-0.367703795433,0.595675230026,-0.259156435728,-0.367703795433
1776811104.75,0.54128909111,0.127766743302,0.429151654243,0.547664284706,0.13742685318,0.332270681858,0.556559085846,0.139749884605,0.232910647988,0.566162467003,0.143577873707,0.13461175561,0.575481772423,0.146907940507,0.035706974566,0.58588051796,0.153994038701,-0.0620558857918,0.593518137932,0.162241309881,-0.161838114262,0.603230237961,0.173043221235,-0.259107530117,0.612963914871,0.186235383153,-0.379361569881,0.629986286163,0.178193494678,-0.367703795433,0.595864534378,-0.259240359068,-0.367703795433
1776811104.76,0.541037380695,0.126001745462,0.428676575422,0.548046827316,0.135214447975,0.331999242306,0.55818104744,0.139043554664,0.233119517565,0.568087697029,0.142347872257,0.133496239781,0.578058838844,0.146246701479,0.0362475737929,0.588363409042,0.152660354972,-0.0622396767139,0.595736503601,0.159854471684,-0.162087649107,0.605431675911,0.168800801039,-0.259724259377,0.615495085716,0.179464831948,-0.380206018686,0.632615089417,0.173596650362,-0.367703795433,0.595818519592,-0.259618252516,-0.367703795433
1776811104.78,0.540656149387,0.12424775213,0.428205311298,0.548017501831,0.134729221463,0.332170367241,0.558426380157,0.13848952949,0.232984304428,0.568775177002,0.14237524569,0.133757889271,0.579044342041,0.14555926621,0.0353562235832,0.588688850403,0.152516946197,-0.0625764727592,0.597126603127,0.158629447222,-0.162508904934,0.605902671814,0.1664942801,-0.260824322701,0.61684691906,0.176518589258,-0.380512058735,0.634926915169,0.16887742281,-0.367703795433,0.596426963806,-0.259901165962,-0.367703795433
1776811104.79,0.540114343166,0.122370392084,0.427748739719,0.547931909561,0.133079767227,0.33150100708,0.558446407318,0.137042790651,0.231674000621,0.569759488106,0.142288222909,0.133504316211,0.58011329174,0.145533233881,0.0349571406841,0.590361595154,0.151337608695,-0.0630693733692,0.599881052971,0.155430659652,-0.162808477879,0.608749270439,0.162026926875,-0.260301023722,0.618633747101,0.168782800436,-0.380757391453,0.636910200119,0.164044991136,-0.367703795433,0.596184253693,-0.259804338217,-0.367703795433
1776811104.81,0.53935533762,0.120340436697,0.427342921495,0.547677636147,0.132059007883,0.33108663559,0.558508396149,0.136702239513,0.231730550528,0.569630861282,0.141621917486,0.132104158401,0.580421209335,0.145534664392,0.0351713076234,0.590713143349,0.150868222117,-0.0629156380892,0.599795222282,0.154771372676,-0.163108974695,0.609321951866,0.159978374839,-0.261690407991,0.61971282959,0.165444403887,-0.381451964378,0.638554215431,0.159109085798,-0.367703795433,0.595948219299,-0.259677350521,-0.367703795433
1776811104.82,0.538559854031,0.118339695036,0.426983267069,0.546873688698,0.130064874887,0.330434501171,0.557944178581,0.135568618774,0.231098771095,0.569204449654,0.140817269683,0.132310703397,0.580416321754,0.144936859608,0.0348686128855,0.592053771019,0.149303436279,-0.0630310177803,0.600519418716,0.151922851801,-0.163146853447,0.610532402992,0.155230209231,-0.261041492224,0.621537446976,0.157510757446,-0.382050484419,0.639849901199,0.154079943895,-0.367703795433,0.595850586891,-0.25918468833,-0.367703795433
1776811104.84,0.537368953228,0.115595348179,0.426703482866,0.546404480934,0.128792747855,0.330244481564,0.557251214981,0.134194508195,0.230825483799,0.568578004837,0.139662742615,0.131493479013,0.579829216003,0.144030570984,0.0339694991708,0.591704726219,0.148293569684,-0.0639885514975,0.600754857063,0.150122746825,-0.163390576839,0.611009716988,0.15267843008,-0.261309981346,0.622549772263,0.154065877199,-0.381871253252,0.640789866447,0.148968219757,-0.367703795433,0.596084237099,-0.259648233652,-0.367703795433
1776811104.85,0.536099612713,0.11272713542,0.426478505135,0.544613361359,0.126280903816,0.330023765564,0.555782675743,0.132151022553,0.230425238609,0.567451953888,0.138147160411,0.131683260202,0.578917264938,0.141995027661,0.034372381866,0.590414404869,0.145648702979,-0.0641275495291,0.600349187851,0.146657273173,-0.163338571787,0.611360430717,0.147337198257,-0.261105149984,0.623164176941,0.14706979692,-0.382479608059,0.641368150711,0.143784806132,-0.367703795433,0.596147418022,-0.259693920612,-0.367703795433
1776811104.87,0.534655332565,0.109847635031,0.426292032003,0.544010519981,0.124693244696,0.32964348793,0.554860234261,0.131198972464,0.230192750692,0.567047953606,0.137246727943,0.131941765547,0.57795715332,0.140250340104,0.0334231257439,0.589265584946,0.144044980407,-0.0642385929823,0.599850058556,0.144827321172,-0.163620352745,0.611157059669,0.144753560424,-0.261425614357,0.623962759972,0.14309835434,-0.381916075945,0.641580820084,0.138540774584,-0.367703795433,0.596126675606,-0.259781002998,-0.367703795433
1776811104.88,0.532813429832,0.106215894222,0.426092207432,0.54157269001,0.120967209339,0.328710854053,0.552432894707,0.127220511436,0.229254543781,0.564216732979,0.13335712254,0.131788238883,0.575675487518,0.136757597327,0.0331206098199,0.587559938431,0.139403656125,-0.0645426958799,0.598699688911,0.139571011066,-0.163488745689,0.610647678375,0.13879430294,-0.261659413576,0.624076604843,0.136273011565,-0.381659120321,0.64142537117,0.133247300982,-0.367703795433,0.596239686012,-0.259537041187,-0.367703795433
1776811104.9,0.531027138233,0.102679021657,0.426093548536,0.540331959724,0.118982464075,0.329264700413,0.551268577576,0.125235527754,0.229748040438,0.562692403793,0.131259664893,0.131380498409,0.574315667152,0.134329661727,0.0336980074644,0.586320519447,0.136840775609,-0.0646010488272,0.597877621651,0.136836051941,-0.163838386536,0.610372543335,0.135479703546,-0.261188983917,0.624576687813,0.132629290223,-0.382301479578,0.640901327133,0.127915412188,-0.367703795433,0.595987200737,-0.259535312653,-0.367703795433
1776811104.91,0.529366135597,0.0994205251336,0.426175177097,0.538834691048,0.116360723972,0.328835368156,0.549633026123,0.122640222311,0.229234218597,0.561012983322,0.127989456058,0.13017642498,0.572875618935,0.13102324307,0.0334566086531,0.584719657898,0.134025797248,-0.0643757879734,0.596479892731,0.133439436555,-0.163584113121,0.609897255898,0.132258042693,-0.261591494083,0.624542355537,0.129462063313,-0.382366240025,0.640009522438,0.122556045651,-0.367703795433,0.595972299576,-0.259510487318,-0.367703795433
1776811104.93,0.527121603489,0.0952463746071,0.426392048597,0.535656690598,0.110989682376,0.329391181469,0.546500086784,0.116728954017,0.229615882039,0.557716488838,0.12190695107,0.130649223924,0.5699198246,0.124180801213,0.0333587452769,0.582254767418,0.126558944583,-0.0651828795671,0.59482383728,0.126039326191,-0.163959950209,0.608223557472,0.125223428011,-0.261495560408,0.624229550362,0.122777447104,-0.381874263287,0.638752937317,0.1171797961,-0.367703795433,0.59568977356,-0.259178698063,-0.367703795433
1776811104.94,0.525209248066,0.0916405543685,0.426673352718,0.535656690598,0.110989682376,0.329391181469,0.546500086784,0.116728954017,0.229615882039,0.557716488838,0.12190695107,0.130649223924,0.5699198246,0.124180801213,0.0333587452769,0.582254767418,0.126558944583,-0.0651828795671,0.59482383728,0.126039326191,-0.163959950209,0.608223557472,0.125223428011,-0.261495560408,0.624229550362,0.122777447104,-0.381874263287,0.637135744095,0.111796893179,-0.367703795433,0.595648646355,-0.259150207043,-0.367703795433
1776811104.96,0.523219406605,0.0883195176721,0.427066296339,0.529383301735,0.0989973992109,0.329625844955,0.539295077324,0.102101229131,0.22994145751,0.550363302231,0.105497501791,0.130584612489,0.562796473503,0.107370465994,0.0331497490406,0.576009869576,0.109864898026,-0.0639832168818,0.5892329216,0.110556647182,-0.163395345211,0.604246616364,0.11093839258,-0.260393500328,0.621883869171,0.110230587423,-0.38159301877,0.635163903236,0.10641708225,-0.367703795433,0.596025943756,-0.259417772293,-0.367703795433
1776811104.97,0.52116727829,0.0852814242244,0.427532881498,0.529383301735,0.0989973992109,0.329625844955,0.539295077324,0.102101229131,0.22994145751,0.550363302231,0.105497501791,0.130584612489,0.562796473503,0.107370465994,0.0331497490406,0.576009869576,0.109864898026,-0.0639832168818,0.5892329216,0.110556647182,-0.163395345211,0.604246616364,0.11093839258,-0.260393500328,0.621883869171,0.110230587423,-0.38159301877,0.632844686508,0.101049542427,-0.367703795433,0.596046924591,-0.259447693825,-0.367703795433
1776811104.99,0.519237875938,0.0827376022935,0.427855372429,0.526269078255,0.092169970274,0.329756319523,0.535974264145,0.0939457640052,0.229796394706,0.547133564949,0.096465356648,0.131764873862,0.559497117996,0.0977840870619,0.0339058861136,0.572903871536,0.100558921695,-0.0632753074169,0.586290001869,0.10110475868,-0.162321060896,0.601254463196,0.103443406522,-0.259981483221,0.619600296021,0.104383826256,-0.380443125963,0.630186796188,0.0957028344274,-0.367703795433,0.59604716301,-0.259453177452,-0.367703795433
1776811105,0.517347276211,0.0804176852107,0.428255826235,0.523555040359,0.0867603197694,0.331084221601,0.533136725426,0.0864881500602,0.231283426285,0.54373884201,0.0872274339199,0.131475821137,0.555998921394,0.087868489325,0.034579500556,0.569526195526,0.0906156599522,-0.0628727227449,0.582943201065,0.0922208279371,-0.161926418543,0.59780395031,0.0957693085074,-0.259484022856,0.616141200066,0.0987378284335,-0.380507946014,0.627199649811,0.0903848037124,-0.367703795433,0.595701336861,-0.259138047695,-0.367703795433
1776811105.02,0.515011429787,0.0778910964727,0.428757607937,0.523555040359,0.0867603197694,0.331084221601,0.533136725426,0.0864881500602,0.231283426285,0.54373884201,0.0872274339199,0.131475821137,0.555998921394,0.087868489325,0.034579500556,0.569526195526,0.0906156599522,-0.0628727227449,0.582943201065,0.0922208279371,-0.161926418543,0.59780395031,0.0957693085074,-0.259484022856,0.616141200066,0.0987378284335,-0.380507946014,0.62389421463,0.0851025506854,-0.367703795433,0.595870494843,-0.259700089693,-0.367703795433
1776811105.03,0.512960255146,0.0756466761231,0.429112672806,0.519414424896,0.07943610847,0.33155798912,0.528980016708,0.0767407119274,0.231614768505,0.539562344551,0.0749132186174,0.132583111525,0.551364660263,0.0741804391146,0.0352220982313,0.564338803291,0.0763230994344,-0.0618765205145,0.577256321907,0.0789801478386,-0.161674052477,0.592542171478,0.0833630561829,-0.258336424828,0.611104249954,0.0897886380553,-0.379397988319,0.620282053947,0.0798624157906,-0.367703795433,0.595929741859,-0.259999811649,-0.367703795433
1776811105.05,0.510951161385,0.0734884887934,0.42950424552,0.519414424896,0.07943610847,0.33155798912,0.528980016708,0.0767407119274,0.231614768505,0.539562344551,0.0749132186174,0.132583111525,0.551364660263,0.0741804391146,0.0352220982313,0.564338803291,0.0763230994344,-0.0618765205145,0.577256321907,0.0789801478386,-0.161674052477,0.592542171478,0.0833630561829,-0.258336424828,0.611104249954,0.0897886380553,-0.379397988319,0.616375565529,0.0746699050069,-0.367703795433,0.596095919609,-0.259557008743,-0.367703795433
1776811105.06,0.509503543377,0.0718292742968,0.429730385542,0.519414424896,0.07943610847,0.33155798912,0.528980016708,0.0767407119274,0.231614768505,0.539562344551,0.0749132186174,0.132583111525,0.551364660263,0.0741804391146,0.0352220982313,0.564338803291,0.0763230994344,-0.0618765205145,0.577256321907,0.0789801478386,-0.161674052477,0.592542171478,0.0833630561829,-0.258336424828,0.611104249954,0.0897886380553,-0.379397988319,0.612187623978,0.0695297345519,-0.367703795433,0.596191525459,-0.259271770716,-0.367703795433
1776811105.08,0.507049024105,0.0687586739659,0.43011406064,0.514048814774,0.0713575929403,0.332280665636,0.523834824562,0.0668550059199,0.232837826014,0.534317731857,0.0625430718064,0.133890673518,0.545630335808,0.0598557665944,0.0368093326688,0.558135986328,0.0608420558274,-0.0607579797506,0.570133328438,0.0631791129708,-0.160334974527,0.583658576012,0.069020666182,-0.258421123028,0.600653648376,0.0764339342713,-0.378793865442,0.607731819153,0.0644457787275,-0.367703795433,0.59625184536,-0.259743869305,-0.367703795433
1776811105.09,0.505069673061,0.0658112391829,0.430315315723,0.511399030685,0.0681326389313,0.332756519318,0.521045923233,0.0633112713695,0.233595609665,0.531681656837,0.0585357174277,0.134793370962,0.542972564697,0.0547693483531,0.0369898676872,0.55495929718,0.0550581924617,-0.0606743842363,0.566453576088,0.0573551207781,-0.160466402769,0.578022241592,0.0630832090974,-0.260161548853,0.594942927361,0.0689421072602,-0.378570437431,0.603021860123,0.059421107173,-0.367703795433,0.596251487732,-0.259891331196,-0.367703795433
1776811105.11,0.503422498703,0.063055537641,0.430510550737,0.511399030685,0.0681326389313,0.332756519318,0.521045923233,0.0633112713695,0.233595609665,0.531681656837,0.0585357174277,0.134793370962,0.542972564697,0.0547693483531,0.0369898676872,0.55495929718,0.0550581924617,-0.0606743842363,0.566453576088,0.0573551207781,-0.160466402769,0.578022241592,0.0630832090974,-0.260161548853,0.594942927361,0.0689421072602,-0.378570437431,0.598071694374,0.0544579848647,-0.367703795433,0.595702052116,-0.259251952171,-0.367703795433
1776811105.12,0.501661241055,0.0598324798048,0.430582910776,0.507719516754,0.0632998645306,0.333433866501,0.517089009285,0.0589057691395,0.233872592449,0.52731180191,0.0543516613543,0.134518459439,0.538357496262,0.0505539625883,0.0369749516249,0.549617648125,0.0495738312602,-0.0606438368559,0.560698390007,0.0495894365013,-0.159704267979,0.570600748062,0.0537428557873,-0.259573698044,0.584943175316,0.057150810957,-0.379054963589,0.592895746231,0.0495579019189,-0.367703795433,0.595711350441,-0.259386837482,-0.367703795433
1776811105.14,0.499978393316,0.0566581338644,0.430617570877,0.506285071373,0.061780795455,0.333249390125,0.515840411186,0.0574175715446,0.234030768275,0.52598285675,0.0537480376661,0.13517716527,0.536785960197,0.0493865124881,0.0374871566892,0.547596693039,0.0486639365554,-0.0604930371046,0.558657884598,0.0479331202805,-0.159768402576,0.569699764252,0.0492210872471,-0.25776001811,0.581839442253,0.0531953498721,-0.379492729902,0.587507963181,0.0447216071188,-0.367703795433,0.595937252045,-0.25938731432,-0.367703795433
1776811105.15,0.49826169014,0.0532087795436,0.430526942015,0.504966378212,0.0600606091321,0.333501815796,0.514431357384,0.0562913268805,0.234088778496,0.524591207504,0.0528911352158,0.134733393788,0.534920811653,0.0491168648005,0.0368032082915,0.545776724815,0.0477921105921,-0.0600750893354,0.555558204651,0.0466152131557,-0.160613209009,0.567459106445,0.0464585907757,-0.258093565702,0.577907562256,0.0491877309978,-0.380090802908,0.581922411919,0.0399491265416,-0.367703795433,0.595443487167,-0.259091198444,-0.367703795433
1776811105.17,0.49715796113,0.0509113892913,0.430530548096,0.503947257996,0.0584124699235,0.333970010281,0.512992143631,0.0553938038647,0.233745723963,0.523098826408,0.0521697439253,0.134725555778,0.533250212669,0.0487038381398,0.0375311672688,0.543466806412,0.0471181422472,-0.0604313015938,0.553294062614,0.0450837500393,-0.16048642993,0.563373088837,0.0445218868554,-0.258428364992,0.57386803627,0.0452949553728,-0.380490541458,0.576153278351,0.035239815712,-0.367703795433,0.596015810966,-0.259416490793,-0.367703795433
1776811105.18,0.494243383408,0.0447625443339,0.430378824472,0.499535053968,0.0525275357068,0.333787381649,0.508662223816,0.0513474047184,0.234095603228,0.517938971519,0.0501216575503,0.134559944272,0.526974201202,0.0479973554611,0.0368263199925,0.536393880844,0.0455997884274,-0.0611027032137,0.543770670891,0.0418706871569,-0.160521805286,0.552967071533,0.0376044362783,-0.258909165859,0.562522411346,0.0322570838034,-0.380033105612,0.570214390755,0.0305924005806,-0.367703795433,0.595815896988,-0.259444266558,-0.367703795433
1776811105.2,0.492270201445,0.0404448732734,0.430291116238,0.498367577791,0.0499338470399,0.333667874336,0.506788730621,0.049782667309,0.233599692583,0.515843987465,0.0492920838296,0.134409248829,0.524686217308,0.0470863841474,0.0365618765354,0.533326029778,0.0454366989434,-0.0613877922297,0.540983319283,0.0403022058308,-0.160933494568,0.549531698227,0.0353234931827,-0.25921240449,0.558864712715,0.028619851917,-0.380427271128,0.56411921978,0.0260050110519,-0.367703795433,0.596038818359,-0.25946611166,-0.367703795433
1776811105.21,0.490243911743,0.0358320139349,0.430218398571,0.493355244398,0.0431973449886,0.333556413651,0.501312851906,0.0448119826615,0.233806312084,0.509265899658,0.0457323715091,0.134407401085,0.516930937767,0.0440034270287,0.0360206142068,0.524404644966,0.0418656989932,-0.0619537085295,0.530776023865,0.0354677923024,-0.161356955767,0.53847515583,0.0278632678092,-0.25973045826,0.545946717262,0.0173038840294,-0.380551606417,0.557881116867,0.0214752350003,-0.367703795433,0.595794916153,-0.259429097176,-0.367703795433
1776811105.23,0.488110363483,0.0310486666858,0.430152088404,0.493355244398,0.0431973449886,0.333556413651,0.501312851906,0.0448119826615,0.233806312084,0.509265899658,0.0457323715091,0.134407401085,0.516930937767,0.0440034270287,0.0360206142068,0.524404644966,0.0418656989932,-0.0619537085295,0.530776023865,0.0354677923024,-0.161356955767,0.53847515583,0.0278632678092,-0.25973045826,0.545946717262,0.0173038840294,-0.380551606417,0.551513195038,0.0170001555234,-0.367703795433,0.596019029617,-0.259457975626,-0.367703795433
1776811105.24,0.486043214798,0.0264688767493,0.430057108402,0.493355244398,0.0431973449886,0.333556413651,0.501312851906,0.0448119826615,0.233806312084,0.509265899658,0.0457323715091,0.134407401085,0.516930937767,0.0440034270287,0.0360206142068,0.524404644966,0.0418656989932,-0.0619537085295,0.530776023865,0.0354677923024,-0.161356955767,0.53847515583,0.0278632678092,-0.25973045826,0.545946717262,0.0173038840294,-0.380551606417,0.545027971268,0.0125764086843,-0.367703795433,0.595670342445,-0.259120076895,-0.367703795433
1776811105.26,0.483630180359,0.0209070313722,0.430073857307,0.493355244398,0.0431973449886,0.333556413651,0.501312851906,0.0448119826615,0.233806312084,0.509265899658,0.0457323715091,0.134407401085,0.516930937767,0.0440034270287,0.0360206142068,0.524404644966,0.0418656989932,-0.0619537085295,0.530776023865,0.0354677923024,-0.161356955767,0.53847515583,0.0278632678092,-0.25973045826,0.545946717262,0.0173038840294,-0.380551606417,0.538438081741,0.00820021703839,-0.367703795433,0.595673799515,-0.259104788303,-0.367703795433
1776811105.27,0.481075197458,0.0148656573147,0.430229693651,0.486209362745,0.0316456072032,0.333325624466,0.49224588275,0.0343878827989,0.232921510935,0.498425275087,0.0362356975675,0.134188011289,0.504780292511,0.0350774340332,0.0356025397778,0.511363267899,0.0323560163379,-0.0627207756042,0.516452074051,0.0255138408393,-0.162283301353,0.523109555244,0.0159737095237,-0.260212391615,0.528592705727,0.00384228676558,-0.38121882081,0.531755566597,0.00386743759736,-0.367703795433,0.595879197121,-0.259415596724,-0.367703795433
1776811105.29,0.479282289743,0.0105073479936,0.430341660976,0.486209362745,0.0316456072032,0.333325624466,0.49224588275,0.0343878827989,0.232921510935,0.498425275087,0.0362356975675,0.134188011289,0.504780292511,0.0350774340332,0.0356025397778,0.511363267899,0.0323560163379,-0.0627207756042,0.516452074051,0.0255138408393,-0.162283301353,0.523109555244,0.0159737095237,-0.260212391615,0.528592705727,0.00384228676558,-0.38121882081,0.524992346764,-0.000426391197834,-0.367703795433,0.596155762672,-0.259123176336,-0.367703795433
1776811105.3,0.476946920156,0.00467703025788,0.430627524853,0.486209362745,0.0316456072032,0.333325624466,0.49224588275,0.0343878827989,0.232921510935,0.498425275087,0.0362356975675,0.134188011289,0.504780292511,0.0350774340332,0.0356025397778,0.511363267899,0.0323560163379,-0.0627207756042,0.516452074051,0.0255138408393,-0.162283301353,0.523109555244,0.0159737095237,-0.260212391615,0.528592705727,0.00384228676558,-0.38121882081,0.518159747124,-0.00468601239845,-0.367703795433,0.595669865608,-0.259139806032,-0.367703795433
1776811105.32,0.475157976151,0.000141350086778,0.431061327457,0.478379756212,0.0167309027165,0.333427429199,0.483032017946,0.0188625212759,0.233059316874,0.487293213606,0.0201614033431,0.133325248957,0.491939991713,0.0191395599395,0.0353875905275,0.496358186007,0.0166536998004,-0.0634979754686,0.500862836838,0.0104159498587,-0.163259088993,0.505414009094,0.00350715452805,-0.261106222868,0.5103276968,-0.00566403707489,-0.382426440716,0.511269211769,-0.00891640689224,-0.367703795433,0.595735192299,-0.259189456701,-0.367703795433
1776811105.33,0.472996473312,-0.00583579903468,0.431759864092,0.478379756212,0.0167309027165,0.333427429199,0.483032017946,0.0188625212759,0.233059316874,0.487293213606,0.0201614033431,0.133325248957,0.491939991713,0.0191395599395,0.0353875905275,0.496358186007,0.0166536998004,-0.0634979754686,0.500862836838,0.0104159498587,-0.163259088993,0.505414009094,0.00350715452805,-0.261106222868,0.5103276968,-0.00566403707489,-0.382426440716,0.504331827164,-0.0131227532402,-0.367703795433,0.595770955086,-0.259399265051,-0.367703795433
1776811105.35,0.471119046211,-0.0111777605489,0.432598531246,0.471145659685,0.000220051093493,0.333661913872,0.473722487688,-0.000216881671804,0.234695017338,0.476051717997,-0.000900015060324,0.134035810828,0.478653043509,-0.00254356348887,0.0358057394624,0.481123656034,-0.00382002047263,-0.0628143548965,0.484809964895,-0.00741129182279,-0.163480639458,0.487715929747,-0.00970429554582,-0.261197805405,0.490519791842,-0.0137921199203,-0.383379817009,0.497358411551,-0.0173103902489,-0.367703795433,0.596123576164,-0.259447783232,-0.367703795433
1776811105.36,0.46952649951,-0.0163889341056,0.433545619249,0.467634826899,-0.00801581982523,0.334601998329,0.469168156385,-0.0104400366545,0.234837710857,0.470266133547,-0.0117629459128,0.13656976819,0.471989125013,-0.0142883993685,0.0367720648646,0.474996000528,-0.0146154211834,-0.0614698678255,0.476573616266,-0.0167165696621,-0.162081450224,0.478367894888,-0.0168135743588,-0.260247439146,0.481321781874,-0.0178994182497,-0.382651120424,0.49035987258,-0.0214847810566,-0.367703795433,0.595905423164,-0.259006410837,-0.367703795433
1776811105.38,0.468096226454,-0.0215623490512,0.434539824724,0.465947002172,-0.0121783968061,0.335358917713,0.466968506575,-0.015009239316,0.235205799341,0.467624872923,-0.01732160151,0.135805755854,0.468924373388,-0.0200470145792,0.0374037176371,0.470824927092,-0.0199577361345,-0.0609080195427,0.471749156713,-0.0210669320077,-0.16153305769,0.474275976419,-0.020447794348,-0.260127097368,0.476675242186,-0.0191907789558,-0.382366746664,0.483346730471,-0.0256514716893,-0.367703795433,0.595693469048,-0.259415715933,-0.367703795433
1776811105.39,0.466889202595,-0.0267108641565,0.435488730669,0.462834447622,-0.0201077256352,0.336729288101,0.462896972895,-0.0240189973265,0.237159222364,0.462376743555,-0.0272533148527,0.138263955712,0.462713211775,-0.0308092068881,0.0385707616806,0.463642269373,-0.0309063587338,-0.059999987483,0.463895946741,-0.030303305015,-0.160689562559,0.465204745531,-0.0274087470025,-0.258825987577,0.466866821051,-0.0238010287285,-0.380496144295,0.476329594851,-0.0298160593957,-0.367703795433,0.59582722187,-0.259379118681,-0.367703795433
1776811105.41,0.465669959784,-0.0323814973235,0.436622917652,0.46172490716,-0.0242228824645,0.337625622749,0.460804849863,-0.0288734138012,0.237350210547,0.460084706545,-0.0317701473832,0.138807684183,0.459707945585,-0.0355249010026,0.0392436683178,0.460799783468,-0.0358546189964,-0.0596899539232,0.4596978724,-0.0344849415123,-0.159307897091,0.460559159517,-0.0307551976293,-0.258380293846,0.461031407118,-0.0249928534031,-0.380615383387,0.469319075346,-0.0339841507375,-0.367703795433,0.59571158886,-0.259164661169,-0.367703795433
1776811105.42,0.464637905359,-0.0381025336683,0.437661081553,0.459210306406,-0.0314501523972,0.339074164629,0.457116156816,-0.0359861627221,0.240581139922,0.456670314074,-0.0403488688171,0.140888780355,0.454283684492,-0.0441180802882,0.040883988142,0.453533738852,-0.0443207584321,-0.0579069405794,0.452042073011,-0.0421375595033,-0.158462375402,0.451787263155,-0.037216860801,-0.256663918495,0.45193913579,-0.0297327712178,-0.377819359303,0.462325841188,-0.0381613373756,-0.367703795433,0.596111655235,-0.259152919054,-0.367703795433
1776811105.44,0.464372217655,-0.0395953431726,0.437927097082,0.459210306406,-0.0314501523972,0.339074164629,0.457116156816,-0.0359861627221,0.240581139922,0.456670314074,-0.0403488688171,0.140888780355,0.454283684492,-0.0441180802882,0.040883988142,0.453533738852,-0.0443207584321,-0.0579069405794,0.452042073011,-0.0421375595033,-0.158462375402,0.451787263155,-0.037216860801,-0.256663918495,0.45193913579,-0.0297327712178,-0.377819359303,0.4553604424,-0.0423531420529,-0.367703795433,0.596111655235,-0.259152919054,-0.367703795433
1776811105.45,0.463010936975,-0.0480068102479,0.439241051674,0.45723465085,-0.0381742119789,0.341762185097,0.454830914736,-0.0437071658671,0.240295410156,0.452028125525,-0.047856785357,0.142641693354,0.449297398329,-0.051410485059,0.0425420403481,0.447955697775,-0.0514328591526,-0.0562796145678,0.445745795965,-0.0486639142036,-0.156839609146,0.443265765905,-0.043211016804,-0.255676627159,0.440903455019,-0.0334469638765,-0.377454280853,0.448433727026,-0.0465650074184,-0.367703795433,0.595970749855,-0.25940823555,-0.367703795433
1776811105.47,0.461862713099,-0.0555367022753,0.440116226673,0.456234902143,-0.0456391349435,0.342188298702,0.452439576387,-0.0505313910544,0.242248594761,0.448637634516,-0.0542057678103,0.141943499446,0.444703370333,-0.0567752756178,0.0446481928229,0.440979331732,-0.0566134415567,-0.0552638471127,0.437760025263,-0.0541344061494,-0.155294716358,0.431604653597,-0.0456092841923,-0.256894946098,0.431206673384,-0.0390984006226,-0.375581145287,0.441556602716,-0.0508022271097,-0.367703795433,0.595640659332,-0.259138017893,-0.367703795433
1776811105.48,0.46092119813,-0.0616580545902,0.440722614527,0.45467248559,-0.0531641244888,0.342835992575,0.451076835394,-0.0567643642426,0.243742033839,0.445776313543,-0.0590125434101,0.144371598959,0.440717846155,-0.0616430975497,0.0442158207297,0.4373267591,-0.059988796711,-0.0533739626408,0.4307038486,-0.0579456463456,-0.154322713614,0.424200505018,-0.050643902272,-0.254961818457,0.421161979437,-0.0448744297028,-0.374580025673,0.434740275145,-0.0550699420273,-0.367703795433,0.596057534218,-0.259472072124,-0.367703795433
1776811105.5,0.459888637066,-0.0682657882571,0.44122877717,0.454142600298,-0.0563670732081,0.342900037766,0.449549287558,-0.059564743191,0.244200080633,0.443991869688,-0.0609463490546,0.14551487565,0.438379436731,-0.0636358857155,0.0455529764295,0.432963818312,-0.0615986138582,-0.0535894930363,0.427145391703,-0.059536524117,-0.153258830309,0.419029861689,-0.0524266064167,-0.254694581032,0.416782289743,-0.0478903874755,-0.373564690351,0.427996069193,-0.0593730770051,-0.367703795433,0.595795273781,-0.259422957897,-0.367703795433
1776811105.51,0.458870023489,-0.0745525658131,0.441550046206,0.452659934759,-0.0634106397629,0.344448506832,0.447803586721,-0.0648717582226,0.244023814797,0.441945821047,-0.0647139623761,0.145217984915,0.43528047204,-0.0656054392457,0.0456867739558,0.429296284914,-0.0640649273992,-0.0522063374519,0.421124428511,-0.0620974078774,-0.152288049459,0.411701351404,-0.0564540959895,-0.252911031246,0.405908972025,-0.0537158288062,-0.373244315386,0.421335607767,-0.0637162998319,-0.367703795433,0.595926880836,-0.259615272284,-0.367703795433
1776811105.53,0.457804203033,-0.0807803720236,0.441835790873,0.451708942652,-0.0666758567095,0.344513893127,0.446629911661,-0.0674147605896,0.243967562914,0.440495818853,-0.0666674375534,0.145244926214,0.43350353837,-0.0666714757681,0.0457559451461,0.426209241152,-0.0648562312126,-0.0522679239511,0.418338567019,-0.0634669587016,-0.152200162411,0.408315211535,-0.0586449354887,-0.252804666758,0.401337534189,-0.056687798351,-0.372444540262,0.414770752192,-0.06810400635,-0.367703795433,0.595945358276,-0.259749948978,-0.367703795433
1776811105.54,0.456596463919,-0.0875819325447,0.44204968214,0.449714630842,-0.0734117180109,0.345803081989,0.444239526987,-0.0716986209154,0.245766863227,0.438007742167,-0.0695042014122,0.146216094494,0.430662125349,-0.0685063824058,0.0472405925393,0.422928065062,-0.0678068175912,-0.0506231635809,0.412977665663,-0.0658183023334,-0.151134312153,0.401173502207,-0.0622990243137,-0.251960992813,0.390417188406,-0.062173165381,-0.372992694378,0.408313721418,-0.0725402459502,-0.367703795433,0.595500826836,-0.259105414152,-0.367703795433
1776811105.56,0.455471307039,-0.0935130342841,0.442146390676,0.448711782694,-0.077294588089,0.344583541155,0.442981272936,-0.0741546973586,0.245832815766,0.436234503984,-0.0716302394867,0.146172448993,0.428737014532,-0.0701970756054,0.0465161278844,0.421252816916,-0.0681556090713,-0.0511277914047,0.41143861413,-0.0674142614007,-0.15057104826,0.398373156786,-0.0651898980141,-0.251029372215,0.387741416693,-0.0664314329624,-0.37100070715,0.401977032423,-0.0770286992192,-0.367703795433,0.596037387848,-0.259432017803,-0.367703795433
1776811105.57,0.45375713706,-0.10195761919,0.442212641239,0.446745246649,-0.0844797343016,0.345310658216,0.440670341253,-0.0794271603227,0.246027573943,0.433182090521,-0.0747380703688,0.147405311465,0.424904674292,-0.0727722197771,0.046913087368,0.415946751833,-0.0707419961691,-0.0509061813354,0.406434506178,-0.0705927312374,-0.149497807026,0.391940504313,-0.0699306800961,-0.249392420053,0.377430647612,-0.0717752426863,-0.370530158281,0.395773440599,-0.0815726295114,-0.367703795433,0.595858931541,-0.259178251028,-0.367703795433
1776811105.59,0.45229652524,-0.108785480261,0.442215323448,0.445312589407,-0.0882268548012,0.344827950001,0.439036875963,-0.0823703333735,0.246434211731,0.432089775801,-0.0771120563149,0.14705914259,0.421556383371,-0.0737917348742,0.0459364131093,0.413511306047,-0.0729732736945,-0.0497396737337,0.398074179888,-0.0701315999031,-0.154287964106,0.388665765524,-0.0728136301041,-0.248967885971,0.373443454504,-0.0745492130518,-0.37030044198,0.389716058969,-0.0861748158932,-0.367703795433,0.596039652824,-0.259457409382,-0.367703795433
1776811105.6,0.450926661491,-0.114920772612,0.442200779915,0.443123072386,-0.0958066061139,0.346309363842,0.436311036348,-0.0887358486652,0.247579291463,0.428371757269,-0.082695633173,0.148694574833,0.418640464544,-0.0802704915404,0.0481457337737,0.40902748704,-0.0768271386623,-0.0498488992453,0.397442609072,-0.0772719606757,-0.14888343215,0.382433205843,-0.0774252340198,-0.248168319464,0.365368634462,-0.0803032740951,-0.369208604097,0.383818298578,-0.0908375531435,-0.367703795433,0.59566283226,-0.259170383215,-0.367703795433
1776811105.62,0.449420422316,-0.121321976185,0.442175209522,0.441952437162,-0.100258432329,0.346176207066,0.435263842344,-0.093322314322,0.245974689722,0.427526682615,-0.0858846083283,0.150004252791,0.416400879622,-0.0826615467668,0.0469758436084,0.407854527235,-0.0796977728605,-0.0490824878216,0.395285874605,-0.0797018185258,-0.148243933916,0.37883529067,-0.0795847550035,-0.248490273952,0.361617177725,-0.0832608863711,-0.369091331959,0.378093808889,-0.0955625623465,-0.367703795433,0.595478892326,-0.259100437164,-0.367703795433
1776811105.63,0.447995573282,-0.127053543925,0.442122161388,0.439738720655,-0.10913656652,0.345364034176,0.431841701269,-0.101110517979,0.247521981597,0.424109250307,-0.092783652246,0.148833662271,0.412683278322,-0.0900626033545,0.0476585030556,0.403266400099,-0.0855728164315,-0.0483040511608,0.387369841337,-0.0856953784823,-0.150074362755,0.373188048601,-0.0863587856293,-0.246567040682,0.353969722986,-0.0881038829684,-0.368612587452,0.37255641818,-0.100350961089,-0.367703795433,0.595732569695,-0.259158283472,-0.367703795433
1776811105.65,0.446402966976,-0.133097469807,0.442024201155,0.439738720655,-0.10913656652,0.345364034176,0.431841701269,-0.101110517979,0.247521981597,0.424109250307,-0.092783652246,0.148833662271,0.412683278322,-0.0900626033545,0.0476585030556,0.403266400099,-0.0855728164315,-0.0483040511608,0.387369841337,-0.0856953784823,-0.150074362755,0.373188048601,-0.0863587856293,-0.246567040682,0.353969722986,-0.0881038829684,-0.368612587452,0.367220252752,-0.105203233659,-0.367703795433,0.595556855202,-0.259120136499,-0.367703795433
1776811105.66,0.444966316223,-0.138255670667,0.441958904266,0.437024265528,-0.117910683155,0.346042275429,0.429278165102,-0.110614925623,0.246589511633,0.420248299837,-0.103141181171,0.146297305822,0.407791882753,-0.0986378639936,0.0471424236894,0.397482544184,-0.0940034836531,-0.0480500161648,0.377806693316,-0.0903996825218,-0.153647452593,0.364432841539,-0.0906553193927,-0.24920719862,0.349420338869,-0.094141960144,-0.36703184247,0.362099379301,-0.110119171441,-0.367703795433,0.595892906189,-0.259111344814,-0.367703795433
1776811105.68,0.4435364604,-0.143046617508,0.441810786724,0.437024265528,-0.117910683155,0.346042275429,0.429278165102,-0.110614925623,0.246589511633,0.420248299837,-0.103141181171,0.146297305822,0.407791882753,-0.0986378639936,0.0471424236894,0.397482544184,-0.0940034836531,-0.0480500161648,0.377806693316,-0.0903996825218,-0.153647452593,0.364432841539,-0.0906553193927,-0.24920719862,0.349420338869,-0.094141960144,-0.36703184247,0.357207983732,-0.115097850561,-0.367703795433,0.596043229103,-0.259453952312,-0.367703795433
1776811105.69,0.442180216312,-0.147363841534,0.441646695137,0.437024265528,-0.117910683155,0.346042275429,0.429278165102,-0.110614925623,0.246589511633,0.420248299837,-0.103141181171,0.146297305822,0.407791882753,-0.0986378639936,0.0471424236894,0.397482544184,-0.0940034836531,-0.0480500161648,0.377806693316,-0.0903996825218,-0.153647452593,0.364432841539,-0.0906553193927,-0.24920719862,0.349420338869,-0.094141960144,-0.36703184247,0.352560251951,-0.12013759464,-0.367703795433,0.596118688583,-0.259088069201,-0.367703795433
1776811105.71,0.440909534693,-0.151286065578,0.441432625055,0.437024265528,-0.117910683155,0.346042275429,0.429278165102,-0.110614925623,0.246589511633,0.420248299837,-0.103141181171,0.146297305822,0.407791882753,-0.0986378639936,0.0471424236894,0.397482544184,-0.0940034836531,-0.0480500161648,0.377806693316,-0.0903996825218,-0.153647452593,0.364432841539,-0.0906553193927,-0.24920719862,0.349420338869,-0.094141960144,-0.36703184247,0.348170131445,-0.125235915184,-0.367703795433,0.596284866333,-0.259492218494,-0.367703795433
1776811105.72,0.439749985933,-0.15473331511,0.441167891026,0.429165154696,-0.141212418675,0.344861745834,0.418686658144,-0.1384306252,0.245865643024,0.407673031092,-0.133223384619,0.149229556322,0.392827838659,-0.131506174803,0.0463915914297,0.377984553576,-0.124461732805,-0.0530842989683,0.368249505758,-0.121534913778,-0.147412836552,0.348974376917,-0.11308748275,-0.248580038548,0.334188848734,-0.107375383377,-0.367018043995,0.344051331282,-0.13038957119,-0.367703795433,0.596165537834,-0.259606599808,-0.367703795433
1776811105.74,0.438623547554,-0.157763540745,0.440758377314,0.429165154696,-0.141212418675,0.344861745834,0.418686658144,-0.1384306252,0.245865643024,0.407673031092,-0.133223384619,0.149229556322,0.392827838659,-0.131506174803,0.0463915914297,0.377984553576,-0.124461732805,-0.0530842989683,0.368249505758,-0.121534913778,-0.147412836552,0.348974376917,-0.11308748275,-0.248580038548,0.334188848734,-0.107375383377,-0.367018043995,0.340217202902,-0.135594457388,-0.367703795433,0.5957903862,-0.259394168854,-0.367703795433
1776811105.75,0.437607258558,-0.160295277834,0.440212488174,0.429165154696,-0.141212418675,0.344861745834,0.418686658144,-0.1384306252,0.245865643024,0.407673031092,-0.133223384619,0.149229556322,0.392827838659,-0.131506174803,0.0463915914297,0.377984553576,-0.124461732805,-0.0530842989683,0.368249505758,-0.121534913778,-0.147412836552,0.348974376917,-0.11308748275,-0.248580038548,0.334188848734,-0.107375383377,-0.367018043995,0.336680561304,-0.140845671296,-0.367703795433,0.595507025719,-0.259134888649,-0.367703795433
1776811105.77,0.436649590731,-0.162568062544,0.439565092325,0.429165154696,-0.141212418675,0.344861745834,0.418686658144,-0.1384306252,0.245865643024,0.407673031092,-0.133223384619,0.149229556322,0.392827838659,-0.131506174803,0.0463915914297,0.377984553576,-0.124461732805,-0.0530842989683,0.368249505758,-0.121534913778,-0.147412836552,0.348974376917,-0.11308748275,-0.248580038548,0.334188848734,-0.107375383377,-0.367018043995,0.333453685045,-0.146137490869,-0.367703795433,0.596039414406,-0.259467691183,-0.367703795433
1776811105.78,0.435997962952,-0.164164796472,0.438972860575,0.429165154696,-0.141212418675,0.344861745834,0.418686658144,-0.1384306252,0.245865643024,0.407673031092,-0.133223384619,0.149229556322,0.392827838659,-0.131506174803,0.0463915914297,0.377984553576,-0.124461732805,-0.0530842989683,0.368249505758,-0.121534913778,-0.147412836552,0.348974376917,-0.11308748275,-0.248580038548,0.334188848734,-0.107375383377,-0.367018043995,0.330547899008,-0.151463389397,-0.367703795433,0.595749139786,-0.259181410074,-0.367703795433
1776811105.8,0.435181617737,-0.166491836309,0.438040584326,0.429165154696,-0.141212418675,0.344861745834,0.418686658144,-0.1384306252,0.245865643024,0.407673031092,-0.133223384619,0.149229556322,0.392827838659,-0.131506174803,0.0463915914297,0.377984553576,-0.124461732805,-0.0530842989683,0.368249505758,-0.121534913778,-0.147412836552,0.348974376917,-0.11308748275,-0.248580038548,0.334188848734,-0.107375383377,-0.367018043995,0.327973723412,-0.156816080213,-0.367703795433,0.595824122429,-0.259440213442,-0.367703795433
1776811105.81,0.434697777033,-0.168170586228,0.437311410904,0.429165154696,-0.141212418675,0.344861745834,0.418686658144,-0.1384306252,0.245865643024,0.407673031092,-0.133223384619,0.149229556322,0.392827838659,-0.131506174803,0.0463915914297,0.377984553576,-0.124461732805,-0.0530842989683,0.368249505758,-0.121534913778,-0.147412836552,0.348974376917,-0.11308748275,-0.248580038548,0.334188848734,-0.107375383377,-0.367018043995,0.325740605593,-0.162187501788,-0.367703795433,0.595732092857,-0.259223461151,-0.367703795433
1776811105.83,0.434285581112,-0.170065715909,0.436435043812,0.429165154696,-0.141212418675,0.344861745834,0.418686658144,-0.1384306252,0.245865643024,0.407673031092,-0.133223384619,0.149229556322,0.392827838659,-0.131506174803,0.0463915914297,0.377984553576,-0.124461732805,-0.0530842989683,0.368249505758,-0.121534913778,-0.147412836552,0.348974376917,-0.11308748275,-0.248580038548,0.334188848734,-0.107375383377,-0.367018043995,0.323856830597,-0.167568966746,-0.367703795433,0.595444440842,-0.258721321821,-0.367703795433
1776811105.84,0.43404391408,-0.171919584274,0.435660690069,0.429165154696,-0.141212418675,0.344861745834,0.418686658144,-0.1384306252,0.245865643024,0.407673031092,-0.133223384619,0.149229556322,0.392827838659,-0.131506174803,0.0463915914297,0.377984553576,-0.124461732805,-0.0530842989683,0.368249505758,-0.121534913778,-0.147412836552,0.348974376917,-0.11308748275,-0.248580038548,0.334188848734,-0.107375383377,-0.367018043995,0.322329312563,-0.17295114696,-0.367703795433,0.596159815788,-0.259133130312,-0.367703795433
1776811105.86,0.43396115303,-0.173832401633,0.434894472361,0.429165154696,-0.141212418675,0.344861745834,0.418686658144,-0.1384306252,0.245865643024,0.407673031092,-0.133223384619,0.149229556322,0.392827838659,-0.131506174803,0.0463915914297,0.377984553576,-0.124461732805,-0.0530842989683,0.368249505758,-0.121534913778,-0.147412836552,0.348974376917,-0.11308748275,-0.248580038548,0.334188848734,-0.107375383377,-0.367018043995,0.32116356492,-0.178324148059,-0.367703795433,0.595850348473,-0.259380340576,-0.367703795433
1776811105.87,0.43400940299,-0.17608551681,0.433984398842,0.417118400335,-0.171203806996,0.339694112539,0.403224796057,-0.175069451332,0.238972261548,0.388227850199,-0.177689522505,0.139866799116,0.374738007784,-0.179405853152,0.0428929254413,0.358731359243,-0.175726801157,-0.0576056540012,0.346745163202,-0.173096984625,-0.153086334467,0.331524044275,-0.164316922426,-0.253547340631,0.318460255861,-0.158607453108,-0.371567100286,0.320363491774,-0.183677658439,-0.367703795433,0.596062541008,-0.259465694427,-0.367703795433
1776811105.89,0.434082865715,-0.177865430713,0.433277070522,0.417118400335,-0.171203806996,0.339694112539,0.403224796057,-0.175069451332,0.238972261548,0.388227850199,-0.177689522505,0.139866799116,0.374738007784,-0.179405853152,0.0428929254413,0.358731359243,-0.175726801157,-0.0576056540012,0.346745163202,-0.173096984625,-0.153086334467,0.331524044275,-0.164316922426,-0.253547340631,0.318460255861,-0.158607453108,-0.371567100286,0.319931507111,-0.189000964165,-0.367703795433,0.595997810364,-0.259433329105,-0.367703795433
1776811105.9,0.434238880873,-0.180004045367,0.432508409023,0.417118400335,-0.171203806996,0.339694112539,0.403224796057,-0.175069451332,0.238972261548,0.388227850199,-0.177689522505,0.139866799116,0.374738007784,-0.179405853152,0.0428929254413,0.358731359243,-0.175726801157,-0.0576056540012,0.346745163202,-0.173096984625,-0.153086334467,0.331524044275,-0.164316922426,-0.253547340631,0.318460255861,-0.158607453108,-0.371567100286,0.31986823678,-0.194283127785,-0.367703795433,0.595826029778,-0.259437978268,-0.367703795433
1776811105.92,0.434479653835,-0.182222545147,0.431825906038,0.417922407389,-0.174576282501,0.33819180727,0.404295653105,-0.174228623509,0.235108226538,0.391898602247,-0.174451500177,0.137533649802,0.376742333174,-0.175800994039,0.0388451963663,0.362143725157,-0.175232991576,-0.0601019412279,0.34659293294,-0.177117317915,-0.160723716021,0.334926098585,-0.179261416197,-0.25525161624,0.31709420681,-0.181067571044,-0.376297652721,0.320172637701,-0.199513047934,-0.367703795433,0.59571325779,-0.259150862694,-0.367703795433
1776811105.94,0.434734344482,-0.183898419142,0.431389093399,0.41850605607,-0.175935700536,0.336873233318,0.404617458582,-0.174333512783,0.234186172485,0.393800705671,-0.174574479461,0.138126090169,0.378957539797,-0.175892785192,0.0392776578665,0.363123625517,-0.174742728472,-0.0606661140919,0.34853169322,-0.177846267819,-0.159668684006,0.335726171732,-0.181424841285,-0.255912393332,0.317820370197,-0.185945883393,-0.376511275768,0.32084184885,-0.204679578543,-0.367703795433,0.595578432083,-0.259078651667,-0.367703795433
1776811105.95,0.435326457024,-0.186843931675,0.430748939514,0.41850605607,-0.175935700536,0.336873233318,0.404617458582,-0.174333512783,0.234186172485,0.393800705671,-0.174574479461,0.138126090169,0.378957539797,-0.175892785192,0.0392776578665,0.363123625517,-0.174742728472,-0.0606661140919,0.34853169322,-0.177846267819,-0.159668684006,0.335726171732,-0.181424841285,-0.255912393332,0.317820370197,-0.185945883393,-0.376511275768,0.321871340275,-0.209771677852,-0.367703795433,0.595815896988,-0.259423106909,-0.367703795433
1776811105.96,0.435851722956,-0.189224496484,0.430392891169,0.420136660337,-0.178442835808,0.335166573524,0.406718164682,-0.176269859076,0.232858076692,0.393980115652,-0.174133330584,0.133016481996,0.382030576468,-0.175650373101,0.0370895788074,0.367142766714,-0.17515347898,-0.0620620548725,0.352398246527,-0.18111923337,-0.160437643528,0.339407294989,-0.188766330481,-0.25656619668,0.320754319429,-0.199767500162,-0.376599133015,0.323254883289,-0.214778482914,-0.367703795433,0.596150517464,-0.259117156267,-0.367703795433
1776811105.98,0.436470001936,-0.191538438201,0.430243432522,0.420136660337,-0.178442835808,0.335166573524,0.406718164682,-0.176269859076,0.232858076692,0.393980115652,-0.174133330584,0.133016481996,0.382030576468,-0.175650373101,0.0370895788074,0.367142766714,-0.17515347898,-0.0620620548725,0.352398246527,-0.18111923337,-0.160437643528,0.339407294989,-0.188766330481,-0.25656619668,0.320754319429,-0.199767500162,-0.376599133015,0.324984580278,-0.219689458609,-0.367703795433,0.596141695976,-0.259121417999,-0.367703795433
1776811105.99,0.437099605799,-0.193790763617,0.43022018671,0.422464042902,-0.182761639357,0.334280967712,0.410502046347,-0.181658893824,0.233226418495,0.399132698774,-0.179526358843,0.134442150593,0.387064427137,-0.178902044892,0.036152690649,0.371473997831,-0.179183751345,-0.0640624016523,0.357351154089,-0.187299758196,-0.162072598934,0.344456285238,-0.198593258858,-0.256590306759,0.324308395386,-0.211824253201,-0.377624809742,0.327051013708,-0.224494487047,-0.367703795433,0.596047520638,-0.259463846684,-0.367703795433
1776811106.01,0.437777489424,-0.195841193199,0.430343925953,0.422464042902,-0.182761639357,0.334280967712,0.410502046347,-0.181658893824,0.233226418495,0.399132698774,-0.179526358843,0.134442150593,0.387064427137,-0.178902044892,0.036152690649,0.371473997831,-0.179183751345,-0.0640624016523,0.357351154089,-0.187299758196,-0.162072598934,0.344456285238,-0.198593258858,-0.256590306759,0.324308395386,-0.211824253201,-0.377624809742,0.329443305731,-0.229183956981,-0.367703795433,0.596019506454,-0.259431183338,-0.367703795433
1776811106.02,0.438545882702,-0.197743371129,0.430597066879,0.425242573023,-0.189874112606,0.333216369152,0.414183467627,-0.188327938318,0.231484010816,0.405589073896,-0.185925275087,0.137525990605,0.392395943403,-0.190218612552,0.0354465097189,0.377779573202,-0.192353159189,-0.0651384145021,0.36380019784,-0.201233953238,-0.162617743015,0.352201133966,-0.211848393083,-0.257866740227,0.332508295774,-0.225514784455,-0.378266692162,0.332149237394,-0.233748853207,-0.367703795433,0.595984220505,-0.259428709745,-0.367703795433
1776811106.04,0.439270049334,-0.199239492416,0.430892854929,0.425805836916,-0.191821873188,0.333030074835,0.415079623461,-0.191222757101,0.231515005231,0.405390828848,-0.190734967589,0.133544117212,0.393439680338,-0.193848893046,0.0349907055497,0.379563182592,-0.196311935782,-0.0646683126688,0.365576118231,-0.204896405339,-0.162813425064,0.353441387415,-0.215385258198,-0.258054852486,0.334994584322,-0.22824446857,-0.378530651331,0.335155576468,-0.238180890679,-0.367703795433,0.595476865768,-0.259097248316,-0.367703795433
1776811106.05,0.439915418625,-0.200313493609,0.431230336428,0.426132827997,-0.193621605635,0.334212422371,0.41496732831,-0.192924186587,0.230731770396,0.406466573477,-0.19474221766,0.133429244161,0.394690901041,-0.198452115059,0.0348892733455,0.383563131094,-0.202219650149,-0.0618603378534,0.367046803236,-0.209422856569,-0.163552433252,0.356041103601,-0.219282209873,-0.258214324713,0.338018447161,-0.231532290578,-0.378432512283,0.338447898626,-0.242472469807,-0.367703795433,0.595451951027,-0.259097933769,-0.367703795433
1776811106.07,0.440696388483,-0.201408311725,0.431752800941,0.426132827997,-0.193621605635,0.334212422371,0.41496732831,-0.192924186587,0.230731770396,0.406466573477,-0.19474221766,0.133429244161,0.394690901041,-0.198452115059,0.0348892733455,0.383563131094,-0.202219650149,-0.0618603378534,0.367046803236,-0.209422856569,-0.163552433252,0.356041103601,-0.219282209873,-0.258214324713,0.338018447161,-0.231532290578,-0.378432512283,0.342011123896,-0.246616855264,-0.367703795433,0.595738530159,-0.259386122227,-0.367703795433
1776811106.08,0.44130551815,-0.202264547348,0.432279348373,0.428954869509,-0.202307701111,0.334123373032,0.419747322798,-0.208236545324,0.234077602625,0.41042932868,-0.212131842971,0.134436756372,0.40012165904,-0.218534380198,0.0364492535591,0.387019306421,-0.221277341247,-0.0632669776678,0.37482175231,-0.227092310786,-0.162671923637,0.364856630564,-0.233010113239,-0.258844792843,0.349950045347,-0.240498870611,-0.379014253616,0.345829457045,-0.250608086586,-0.367703795433,0.59547162056,-0.259155243635,-0.367703795433
1776811106.1,0.44174104929,-0.202990069985,0.432774752378,0.42937079072,-0.204315885901,0.33386105299,0.420314341784,-0.210692375898,0.233449876308,0.409929305315,-0.216139093041,0.13310649991,0.401158839464,-0.22266715765,0.0366429314017,0.388212829828,-0.226337820292,-0.0655095875263,0.378398686647,-0.231910571456,-0.16081738472,0.367468744516,-0.236880347133,-0.258819282055,0.352485567331,-0.242676898837,-0.380059480667,0.34988668561,-0.254441082478,-0.367703795433,0.596010327339,-0.259447872639,-0.367703795433
1776811106.11,0.44202491641,-0.203698962927,0.433185577393,0.430841952562,-0.207898646593,0.335194081068,0.423093110323,-0.216093659401,0.238850489259,0.412797182798,-0.225548043847,0.134675174952,0.404093652964,-0.2330596596,0.0388938561082,0.391925483942,-0.235816165805,-0.0622196495533,0.382131487131,-0.24053247273,-0.160861611366,0.372210174799,-0.244006842375,-0.25799331069,0.360479921103,-0.247148990631,-0.378627866507,0.354166418314,-0.258111655712,-0.367703795433,0.59571993351,-0.259156167507,-0.367703795433
1776811106.13,0.442170977592,-0.204474151134,0.433543384075,0.430841952562,-0.207898646593,0.335194081068,0.423093110323,-0.216093659401,0.238850489259,0.412797182798,-0.225548043847,0.134675174952,0.404093652964,-0.2330596596,0.0388938561082,0.391925483942,-0.235816165805,-0.0622196495533,0.382131487131,-0.24053247273,-0.160861611366,0.372210174799,-0.244006842375,-0.25799331069,0.360479921103,-0.247148990631,-0.378627866507,0.358652025461,-0.26161634922,-0.367703795433,0.595559477806,-0.259067624807,-0.367703795433
1776811106.14,0.442186444998,-0.20496879518,0.433731049299,0.430841952562,-0.207898646593,0.335194081068,0.423093110323,-0.216093659401,0.238850489259,0.412797182798,-0.225548043847,0.134675174952,0.404093652964,-0.2330596596,0.0388938561082,0.391925483942,-0.235816165805,-0.0622196495533,0.382131487131,-0.24053247273,-0.160861611366,0.372210174799,-0.244006842375,-0.25799331069,0.360479921103,-0.247148990631,-0.378627866507,0.36332705617,-0.264952689409,-0.367703795433,0.595939397812,-0.259426623583,-0.367703795433
1776811106.16,0.442065179348,-0.206004157662,0.433923691511,0.432980626822,-0.212328478694,0.336431443691,0.427015274763,-0.224710896611,0.23928116262,0.417357176542,-0.236003249884,0.137125864625,0.409650892019,-0.245890215039,0.0394719317555,0.40321418643,-0.252109438181,-0.0561635494232,0.393417686224,-0.256782054901,-0.158220946789,0.382466048002,-0.254914790392,-0.258893013,0.375507861376,-0.255285173655,-0.378162771463,0.368175417185,-0.268118828535,-0.367703795433,0.595757246017,-0.25899875164,-0.367703795433
1776811106.17,0.441833615303,-0.206840574741,0.433933824301,0.43340113759,-0.213076680899,0.336887091398,0.427291244268,-0.225591301918,0.241012707353,0.419585734606,-0.238202914596,0.138402730227,0.411590665579,-0.248894363642,0.0403451994061,0.401823669672,-0.25351908803,-0.0601575821638,0.396337598562,-0.25961047411,-0.158108711243,0.386496573687,-0.25790682435,-0.258153617382,0.380031198263,-0.257935643196,-0.377356469631,0.373181194067,-0.271113783121,-0.367703795433,0.596030235291,-0.259449541569,-0.367703795433
1776811106.19,0.44149440527,-0.207768514752,0.433833450079,0.43340113759,-0.213076680899,0.336887091398,0.427291244268,-0.225591301918,0.241012707353,0.419585734606,-0.238202914596,0.138402730227,0.411590665579,-0.248894363642,0.0403451994061,0.401823669672,-0.25351908803,-0.0601575821638,0.396337598562,-0.25961047411,-0.158108711243,0.386496573687,-0.25790682435,-0.258153617382,0.380031198263,-0.257935643196,-0.377356469631,0.378329247236,-0.273937195539,-0.367703795433,0.595842599869,-0.259448766708,-0.367703795433
1776811106.2,0.441096186638,-0.208750084043,0.433674931526,0.433925122023,-0.215908661485,0.33752989769,0.429810255766,-0.228209391236,0.240861952305,0.423736661673,-0.241804346442,0.137704148889,0.419154793024,-0.253054320812,0.0413341671228,0.411530345678,-0.258678048849,-0.0597357302904,0.405344158411,-0.264001339674,-0.159881263971,0.4031714499,-0.26635491848,-0.255372345448,0.397142320871,-0.267899215221,-0.377096384764,0.38360491395,-0.276589304209,-0.367703795433,0.595481395721,-0.25911256671,-0.367703795433
1776811106.22,0.440578430891,-0.210075676441,0.433484792709,0.433735996485,-0.216518104076,0.337714076042,0.429747313261,-0.229100838304,0.237022340298,0.424397975206,-0.240836441517,0.137193322182,0.419950455427,-0.251877754927,0.0391462594271,0.416664928198,-0.259487956762,-0.0560941398144,0.408665806055,-0.265087306499,-0.159331858158,0.40579482913,-0.268375396729,-0.256842166185,0.40118971467,-0.270788133144,-0.377785891294,0.388994306326,-0.279070913792,-0.367703795433,0.595744013786,-0.259187072515,-0.367703795433
1776811106.23,0.439992785454,-0.211712375283,0.433303058147,0.434239119291,-0.217080011964,0.3362018466,0.431882113218,-0.228300914168,0.238154873252,0.426984876394,-0.239317595959,0.136305853724,0.424931675196,-0.250535011292,0.0394904837012,0.419221788645,-0.25687879324,-0.0614012777805,0.415760308504,-0.265075266361,-0.159974217415,0.413701862097,-0.270320802927,-0.25734180212,0.40905585885,-0.275998026133,-0.378625184298,0.394484370947,-0.28138333559,-0.367703795433,0.595720529556,-0.2591612041,-0.367703795433
1776811106.25,0.439435094595,-0.21340161562,0.433185517788,0.434239119291,-0.217080011964,0.3362018466,0.431882113218,-0.228300914168,0.238154873252,0.426984876394,-0.239317595959,0.136305853724,0.424931675196,-0.250535011292,0.0394904837012,0.419221788645,-0.25687879324,-0.0614012777805,0.415760308504,-0.265075266361,-0.159974217415,0.413701862097,-0.270320802927,-0.25734180212,0.40905585885,-0.275998026133,-0.378625184298,0.40006300807,-0.283528208733,-0.367703795433,0.596009492874,-0.259431898594,-0.367703795433
1776811106.26,0.438790142536,-0.215436413884,0.433095246553,0.434468179941,-0.21757543087,0.336418867111,0.432754009962,-0.226721391082,0.237402275205,0.431175380945,-0.235928446054,0.135780215263,0.430558651686,-0.2456779778,0.0381765440106,0.42757615447,-0.253236532211,-0.0617198050022,0.426157325506,-0.263165920973,-0.160326629877,0.425588399172,-0.272722691298,-0.257221758366,0.422353833914,-0.284025400877,-0.378468573093,0.405718833208,-0.285507529974,-0.367703795433,0.595484018326,-0.25911039114,-0.367703795433
1776811106.28,0.438097596169,-0.217674538493,0.433000445366,0.434374779463,-0.217994064093,0.336009770632,0.433199197054,-0.226021483541,0.235930740833,0.432322233915,-0.233805716038,0.135015025735,0.432190269232,-0.243433997035,0.0376434922218,0.432150691748,-0.252638548613,-0.0595699101686,0.429226130247,-0.262663602829,-0.160688638687,0.428886562586,-0.272949159145,-0.257822483778,0.425983637571,-0.285206586123,-0.379461914301,0.411441594362,-0.287323504686,-0.367703795433,0.595730662346,-0.25919893384,-0.367703795433
1776811106.29,0.437406033278,-0.22001311183,0.432876944542,0.434824794531,-0.218744084239,0.335065901279,0.434952765703,-0.224895492196,0.235107123852,0.434914439917,-0.231289237738,0.134868100286,0.435077816248,-0.239541813731,0.0365848615766,0.434966415167,-0.247640356421,-0.0632488578558,0.435162633657,-0.260289609432,-0.16142347455,0.43642988801,-0.273581236601,-0.257689774036,0.435977071524,-0.290651798248,-0.378121048212,0.417221814394,-0.288978517056,-0.367703795433,0.596169948578,-0.259128451347,-0.367703795433
1776811106.31,0.436697036028,-0.222467601299,0.432691156864,0.434979110956,-0.219451844692,0.334923624992,0.435812979937,-0.224498525262,0.234982132912,0.435266643763,-0.229211300611,0.133744046092,0.437972873449,-0.238521516323,0.0370625779033,0.43814727664,-0.246869698167,-0.0625876635313,0.438641101122,-0.260445863008,-0.160925894976,0.440757483244,-0.274356067181,-0.257286578417,0.441221147776,-0.293003857136,-0.376834511757,0.423051029444,-0.290475070477,-0.367703795433,0.595735549927,-0.25914978981,-0.367703795433
1776811106.32,0.436008840799,-0.224978268147,0.432455092669,0.435267955065,-0.219688773155,0.335149109364,0.436515361071,-0.224302887917,0.234692186117,0.437671989202,-0.229342445731,0.134750127792,0.439524441957,-0.237353160977,0.0370547920465,0.440718501806,-0.245448574424,-0.062570258975,0.443626195192,-0.260094255209,-0.158346325159,0.444325715303,-0.274937272072,-0.256998091936,0.445675343275,-0.294832378626,-0.375853210688,0.428921610117,-0.29181560874,-0.367703795433,0.596007347107,-0.259439080954,-0.367703795433
1776811106.34,0.435342609882,-0.22753688693,0.432164490223,0.435278683901,-0.222039878368,0.335413694382,0.437873870134,-0.224424615502,0.235253378749,0.439830154181,-0.228456407785,0.13375839591,0.443248599768,-0.236259624362,0.036543622613,0.444868117571,-0.244084194303,-0.0627212077379,0.446847468615,-0.25875082612,-0.161137938499,0.450510472059,-0.274613678455,-0.257872253656,0.45467671752,-0.297074526548,-0.375852495432,0.43482670188,-0.293002575636,-0.367703795433,0.595957636833,-0.259439468384,-0.367703795433
1776811106.35,0.434770315886,-0.229983612895,0.431854665279,0.435152679682,-0.224812492728,0.334687948227,0.438820213079,-0.22596514225,0.234867751598,0.441729933023,-0.229127258062,0.133689120412,0.446212202311,-0.235849037766,0.0362358018756,0.449074357748,-0.244184166193,-0.0633984953165,0.45276376605,-0.259515672922,-0.160919219255,0.458620995283,-0.276726305485,-0.25704061985,0.463711112738,-0.298708617687,-0.37524035573,0.440760344267,-0.294038325548,-0.367703795433,0.596013307571,-0.259412765503,-0.367703795433
1776811106.37,0.434313803911,-0.23217767477,0.431510061026,0.434781998396,-0.225820988417,0.335436373949,0.439180403948,-0.227564573288,0.23485159874,0.444225102663,-0.230761542916,0.135567218065,0.447943121195,-0.237748533487,0.0374658480287,0.451488167048,-0.244658514857,-0.0627328008413,0.458362549543,-0.260742515326,-0.158218741417,0.463395804167,-0.276430636644,-0.255872070789,0.468004852533,-0.299247026443,-0.375357747078,0.446717232466,-0.294925034046,-0.367703795433,0.595493912697,-0.259123504162,-0.367703795433
1776811106.38,0.433908700943,-0.234460800886,0.431104898453,0.434531480074,-0.229482278228,0.33428555727,0.439082890749,-0.23106841743,0.233902007341,0.444175511599,-0.233914062381,0.133408412337,0.45069155097,-0.240136370063,0.0360942780972,0.455969780684,-0.247965231538,-0.062639862299,0.461785644293,-0.262373685837,-0.160778015852,0.470329135656,-0.278621137142,-0.255131155252,0.477064877748,-0.299723505974,-0.375302195549,0.452692717314,-0.295664608479,-0.367703795433,0.595485329628,-0.259111106396,-0.367703795433
1776811106.4,0.433638006449,-0.236340537667,0.430728882551,0.434417337179,-0.231036856771,0.334082603455,0.439196616411,-0.23366907239,0.2330545187,0.444534033537,-0.235770121217,0.132922291756,0.451728671789,-0.242311686277,0.0358498692513,0.459533721209,-0.250774651766,-0.0611923784018,0.464864104986,-0.263709574938,-0.16078555584,0.472773939371,-0.279123783112,-0.257458209991,0.480207771063,-0.298953384161,-0.377618610859,0.458682745695,-0.296258807182,-0.367703795433,0.595995545387,-0.25942248106,-0.367703795433
1776811106.41,0.433446705341,-0.238012686372,0.430347800255,0.434236437082,-0.235249012709,0.333523750305,0.440483242273,-0.237597122788,0.234685271978,0.44643971324,-0.241995632648,0.133014589548,0.454594403505,-0.248188614845,0.035926669836,0.463395267725,-0.25567778945,-0.0612923055887,0.469627529383,-0.266812264919,-0.162202775478,0.479748517275,-0.280806064606,-0.256173729897,0.489362984896,-0.298430770636,-0.376489847898,0.464683622122,-0.296709030867,-0.367703795433,0.596000313759,-0.259438127279,-0.367703795433
1776811106.43,0.433320939541,-0.239403799176,0.429947674274,0.434236437082,-0.235249012709,0.333523750305,0.440483242273,-0.237597122788,0.234685271978,0.44643971324,-0.241995632648,0.133014589548,0.454594403505,-0.248188614845,0.035926669836,0.463395267725,-0.25567778945,-0.0612923055887,0.469627529383,-0.266812264919,-0.162202775478,0.479748517275,-0.280806064606,-0.256173729897,0.489362984896,-0.298430770636,-0.376489847898,0.470692127943,-0.29701641202,-0.367703795433,0.596300840378,-0.26001688838,-0.367703795433
1776811106.44,0.433192044497,-0.240535438061,0.429503083229,0.434764295816,-0.240887656808,0.333768785,0.441519826651,-0.246393442154,0.233466997743,0.449899166822,-0.25232848525,0.134670972824,0.459123879671,-0.258878707886,0.0370164141059,0.467150837183,-0.264652937651,-0.0631152689457,0.477171093225,-0.273585498333,-0.162396103144,0.488711565733,-0.282626122236,-0.258233219385,0.501398444176,-0.294632077217,-0.377760142088,0.476705223322,-0.297181665897,-0.367703795433,0.595862388611,-0.25944045186,-0.367703795433
1776811106.46,0.433080881834,-0.241349667311,0.429057538509,0.43501701951,-0.242785289884,0.333073198795,0.442167550325,-0.249384522438,0.233486026525,0.450598627329,-0.255025327206,0.134102702141,0.459419578314,-0.262374639511,0.0357410609722,0.470215350389,-0.268844008446,-0.0615332722664,0.48047247529,-0.276659756899,-0.160547405481,0.491549998522,-0.283657938242,-0.258073538542,0.505020499229,-0.293497115374,-0.377578824759,0.482720226049,-0.297205269337,-0.367703795433,0.595779657364,-0.259169608355,-0.367703795433
1776811106.47,0.433031320572,-0.241725102067,0.42855399847,0.435511797667,-0.245665863156,0.332435667515,0.443509668112,-0.254357635975,0.233654126525,0.451280504465,-0.26192227006,0.13242995739,0.461565047503,-0.269675850868,0.0352509766817,0.473073333502,-0.275368779898,-0.0616561770439,0.484408646822,-0.281266689301,-0.160812169313,0.496555119753,-0.285404622555,-0.258386790752,0.512116789818,-0.28983092308,-0.378896504641,0.488734275103,-0.29708725214,-0.367703795433,0.596669197083,-0.260136842728,-0.367703795433
1776811106.49,0.433076500893,-0.241672202945,0.428128957748,0.43577465415,-0.247617632151,0.331799954176,0.4441408813,-0.256709575653,0.232406869531,0.452461749315,-0.264535695314,0.132405951619,0.46288099885,-0.272928774357,0.0353820547462,0.474608927965,-0.278064757586,-0.0614535212517,0.484801799059,-0.282559305429,-0.162675112486,0.498263269663,-0.285741239786,-0.259800761938,0.515305399895,-0.288410782814,-0.378250449896,0.494744628668,-0.296827316284,-0.367703795433,0.596237778664,-0.259754508734,-0.367703795433
1776811106.51,0.433273971081,-0.241084814072,0.427667021751,0.436749964952,-0.249935016036,0.331265151501,0.446420222521,-0.261542111635,0.232852071524,0.455888181925,-0.271752327681,0.132479652762,0.468262702227,-0.280664891005,0.0370786488056,0.479349642992,-0.284999281168,-0.061277076602,0.492021411657,-0.288187772036,-0.160286694765,0.506120562553,-0.28652086854,-0.25849840045,0.524473428726,-0.283984303474,-0.377914875746,0.50074839592,-0.29642483592,-0.367703795433,0.596807837486,-0.25966706872,-0.367703795433
1776811106.52,0.433382987976,-0.240699395537,0.427498430014,0.436749964952,-0.249935016036,0.331265151501,0.446420222521,-0.261542111635,0.232852071524,0.455888181925,-0.271752327681,0.132479652762,0.468262702227,-0.280664891005,0.0370786488056,0.479349642992,-0.284999281168,-0.061277076602,0.492021411657,-0.288187772036,-0.160286694765,0.506120562553,-0.28652086854,-0.25849840045,0.524473428726,-0.283984303474,-0.377914875746,0.506742358208,-0.295878767967,-0.367703795433,0.596807837486,-0.25966706872,-0.367703795433
1776811106.53,0.43386015296,-0.239150092006,0.427098482847,0.437092572451,-0.250330328941,0.331007599831,0.447264939547,-0.263190865517,0.231828808784,0.458865076303,-0.274452537298,0.134168952703,0.469566613436,-0.283580452204,0.035753980279,0.483120590448,-0.287035703659,-0.0610732883215,0.496316283941,-0.288773566484,-0.160326898098,0.510816931725,-0.285975188017,-0.257748454809,0.529217004776,-0.281489104033,-0.377421945333,0.512723207474,-0.295187801123,-0.367703795433,0.596011400223,-0.259418457747,-0.367703795433
1776811106.55,0.434240728617,-0.238017931581,0.426940321922,0.437375038862,-0.250099301338,0.330874025822,0.447687059641,-0.263177335262,0.231744855642,0.459722012281,-0.274657100439,0.134139582515,0.470974177122,-0.283879071474,0.0356800183654,0.484590679407,-0.287009388208,-0.061145812273,0.496445685625,-0.287098228931,-0.162426888943,0.511607170105,-0.284671604633,-0.259128212929,0.531805992126,-0.28062453866,-0.377473384142,0.518686771393,-0.294350355864,-0.367703795433,0.596235156059,-0.259960591793,-0.367703795433
1776811106.56,0.435003757477,-0.235769748688,0.4267796278,0.43819347024,-0.248894065619,0.330857127905,0.449165314436,-0.261823534966,0.232775226235,0.461207300425,-0.273480832577,0.133961826563,0.473382145166,-0.282445311546,0.0359572470188,0.488037437201,-0.286144226789,-0.060930415988,0.502221345901,-0.286978125572,-0.159824103117,0.51626265049,-0.283044338226,-0.258690416813,0.535759925842,-0.2786860466,-0.377294689417,0.524628639221,-0.293364524841,-0.367703795433,0.59666955471,-0.260143041611,-0.367703795433
1776811106.58,0.435723513365,-0.233796432614,0.426774501801,0.438563019037,-0.247505918145,0.330396533012,0.449378579855,-0.260563492775,0.231661200523,0.461291104555,-0.272377192974,0.132995024323,0.474968284369,-0.280552059412,0.0359591394663,0.489298313856,-0.28445070982,-0.0610955357552,0.502383708954,-0.284528136253,-0.161871045828,0.518853068352,-0.282422691584,-0.25750374794,0.537406086922,-0.277645975351,-0.37738314271,0.530543923378,-0.292228221893,-0.367703795433,0.609158396721,-0.272848635912,-0.367703795433
1776811106.59,0.436769872904,-0.231193631887,0.426883399487,0.479861289263,-0.298981428146,0.348641812801,0.480440944433,-0.29937851429,0.248709946871,0.48015448451,-0.299358695745,0.147919565439,0.480637043715,-0.298842102289,0.0485851764679,0.479906946421,-0.297736078501,-0.0511768609285,0.481507271528,-0.299685060978,-0.14990824461,0.482582300901,-0.299018234015,-0.246946841478,0.48379406333,-0.298989474773,-0.368642151356,0.536426782608,-0.290939122438,-0.367703795433,0.597145557404,-0.249827161431,-0.367703795433
1776811106.61,0.437722355127,-0.229055628181,0.427031457424,0.440292865038,-0.24246840179,0.330275177956,0.451533347368,-0.253748953342,0.232301324606,0.465038269758,-0.26405698061,0.133423611522,0.478048473597,-0.272674798965,0.0352023020387,0.493221133947,-0.276898115873,-0.0613461881876,0.507603049278,-0.279494076967,-0.160512149334,0.523093104362,-0.278360337019,-0.257791697979,0.542112469673,-0.27622449398,-0.377176105976,0.542270541191,-0.289494842291,-0.367703795433,0.59586751461,-0.25950434804,-0.367703795433
1776811106.62,0.439320772886,-0.225809335709,0.427400976419,0.442088335752,-0.237806484103,0.330453932285,0.453743249178,-0.247843772173,0.231718361378,0.465260595083,-0.256881445646,0.13168618083,0.479677528143,-0.264675587416,0.0349185615778,0.493430346251,-0.26823836565,-0.0633213073015,0.508048057556,-0.272451907396,-0.162279725075,0.524998664856,-0.274133890867,-0.258327007294,0.543971061707,-0.276113241911,-0.376818299294,0.548067927361,-0.28789293766,-0.367703795433,0.595819354057,-0.259411484003,-0.367703795433
1776811106.64,0.440934658051,-0.222795069218,0.427826732397,0.443420022726,-0.235175982118,0.330600082874,0.454747468233,-0.244201466441,0.231428563595,0.466567486525,-0.252738952637,0.131627604365,0.481909781694,-0.260272860527,0.0363633036613,0.494529753923,-0.263663172722,-0.0636503696442,0.508616566658,-0.269264906645,-0.161824196577,0.525919914246,-0.272259533405,-0.258164197206,0.545339107513,-0.275941997766,-0.376227974892,0.553810954094,-0.286130875349,-0.367703795433,0.637143611908,-0.285204410553,-0.367703795433
1776811106.65,0.442980349064,-0.21927267313,0.428452014923,0.44542452693,-0.229933336377,0.330661416054,0.45682451129,-0.237096205354,0.231514066458,0.469933480024,-0.243999347091,0.13317668438,0.482105523348,-0.250442951918,0.0346684530377,0.49572840333,-0.255279004574,-0.0633214861155,0.511515021324,-0.26232033968,-0.160394757986,0.527220606804,-0.267244547606,-0.257986396551,0.546981811523,-0.275836139917,-0.374590933323,0.559490203857,-0.284206271172,-0.367703795433,0.637316703796,-0.284721553326,-0.367703795433
1776811106.67,0.444679260254,-0.216506659985,0.429041385651,0.44542452693,-0.229933336377,0.330661416054,0.45682451129,-0.237096205354,0.231514066458,0.469933480024,-0.243999347091,0.13317668438,0.482105523348,-0.250442951918,0.0346684530377,0.49572840333,-0.255279004574,-0.0633214861155,0.511515021324,-0.26232033968,-0.160394757986,0.527220606804,-0.267244547606,-0.257986396551,0.546981811523,-0.275836139917,-0.374590933323,0.565095663071,-0.282116800547,-0.367703795433,0.596654176712,-0.260128289461,-0.367703795433
1776811106.68,0.446759313345,-0.213330551982,0.429808080196,0.449274212122,-0.2215282619,0.331760287285,0.460147768259,-0.22606985271,0.232255339622,0.471496015787,-0.230676144361,0.132542595267,0.484525710344,-0.236397325993,0.0356699153781,0.497708231211,-0.241588845849,-0.0625918954611,0.513384580612,-0.251038968563,-0.159344643354,0.528264164925,-0.259594500065,-0.256799459457,0.546944260597,-0.273766458035,-0.373289644718,0.570616602898,-0.279860466719,-0.367703795433,0.609715938568,-0.279572784901,-0.367703795433
1776811106.7,0.449193567038,-0.209784135222,0.430671542883,0.450701326132,-0.218631327152,0.332309067249,0.460863679647,-0.222634240985,0.231978923082,0.473197191954,-0.226909413934,0.134061858058,0.4852437675,-0.23162843287,0.0357701852918,0.498232215643,-0.23701274395,-0.0626675486565,0.512102365494,-0.247032091022,-0.160682916641,0.528185606003,-0.25718703866,-0.256731688976,0.546584486961,-0.27286580205,-0.372545599937,0.5760409832,-0.277435392141,-0.367703795433,0.638484835625,-0.282805085182,-0.367703795433
1776811106.71,0.451446115971,-0.20676445961,0.431484609842,0.453088015318,-0.213330611587,0.332979083061,0.463235229254,-0.215618163347,0.233341962099,0.474637180567,-0.218863174319,0.134577780962,0.486000567675,-0.223735332489,0.0360732376575,0.498357325792,-0.229085102677,-0.0626335293055,0.512351989746,-0.240667462349,-0.159398704767,0.528076052666,-0.252252072096,-0.255292415619,0.546392679214,-0.270205765963,-0.372258335352,0.581356048584,-0.27484023571,-0.367703795433,0.595830440521,-0.259322226048,-0.367703795433
1776811106.73,0.454172343016,-0.203388303518,0.432486027479,0.454341977835,-0.210932135582,0.333729743958,0.464615851641,-0.212343454361,0.233772814274,0.474393993616,-0.215192899108,0.133498981595,0.486312538385,-0.219727620482,0.0359499901533,0.498810321093,-0.225780844688,-0.0617764592171,0.514424800873,-0.23821310699,-0.157605141401,0.527748465538,-0.250180542469,-0.255633413792,0.545549631119,-0.268694877625,-0.371323049068,0.58654820919,-0.272073984146,-0.367703795433,0.64153778553,-0.269158154726,-0.367703795433
1776811106.74,0.456671267748,-0.200489476323,0.433431684971,0.457913428545,-0.205618694425,0.334796130657,0.4669290483,-0.206821978092,0.234752580523,0.476658791304,-0.209289461374,0.134911879897,0.487558215857,-0.213984712958,0.0371064990759,0.499432176352,-0.220372825861,-0.0605152696371,0.512185335159,-0.23204985261,-0.159383803606,0.526674628258,-0.245648264885,-0.255529284477,0.543365597725,-0.265484213829,-0.371425449848,0.591603040695,-0.269136220217,-0.367703795433,0.641475200653,-0.268798917532,-0.367703795433
1776811106.76,0.4594643116,-0.197446927428,0.434392690659,0.45950075984,-0.203577175736,0.335028886795,0.46830740571,-0.204549729824,0.23453399539,0.476705163717,-0.206239953637,0.134109020233,0.48851314187,-0.212073281407,0.0375793650746,0.499559372663,-0.217688843608,-0.06089001894,0.512033700943,-0.230213969946,-0.158208191395,0.52626490593,-0.243121117353,-0.254583358765,0.541794538498,-0.262281686068,-0.372187405825,0.596505641937,-0.266027033329,-0.367703795433,0.596266627312,-0.259336054325,-0.367703795433
1776811106.77,0.462433159351,-0.194492563605,0.435382843018,0.462910622358,-0.199695900083,0.336380064487,0.471379309893,-0.20084169507,0.236468479037,0.478998035192,-0.202999040484,0.135732084513,0.489520996809,-0.208570569754,0.0389400273561,0.499630779028,-0.214613944292,-0.0594638735056,0.512211799622,-0.226964578032,-0.157010942698,0.524449944496,-0.239337593317,-0.254212170839,0.538650035858,-0.254648983479,-0.37335062027,0.60124027729,-0.26274728775,-0.367703795433,0.596214413643,-0.259755790234,-0.367703795433
1776811106.79,0.465149581432,-0.191995382309,0.436234086752,0.465084344149,-0.19799593091,0.337189376354,0.472796350718,-0.199517786503,0.236568897963,0.480641692877,-0.2017390728,0.136768087745,0.490471929312,-0.207562461495,0.0394364371896,0.499631971121,-0.213232502341,-0.0597641766071,0.512961387634,-0.225605115294,-0.155012518167,0.523457527161,-0.237195044756,-0.254065960646,0.537170529366,-0.252979695797,-0.372516036034,0.6057908535,-0.259298443794,-0.367703795433,0.641142129898,-0.269803524017,-0.367703795433
1776811106.8,0.469215363264,-0.18861117959,0.437344491482,0.469429582357,-0.19522741437,0.338647723198,0.476565569639,-0.197548389435,0.238807335496,0.483647912741,-0.201207190752,0.138206869364,0.491889446974,-0.206005856395,0.0401297062635,0.500819563866,-0.211950540543,-0.0578837692738,0.510353684425,-0.222644329071,-0.156408429146,0.521810173988,-0.233104944229,-0.253158956766,0.534333467484,-0.248721033335,-0.371662259102,0.610141038895,-0.255682855844,-0.367703795433,0.639311790466,-0.280221581459,-0.367703795433
1776811106.82,0.472061038017,-0.186484500766,0.437983393669,0.469429582357,-0.19522741437,0.338647723198,0.476565569639,-0.197548389435,0.238807335496,0.483647912741,-0.201207190752,0.138206869364,0.491889446974,-0.206005856395,0.0401297062635,0.500819563866,-0.211950540543,-0.0578837692738,0.510353684425,-0.222644329071,-0.156408429146,0.521810173988,-0.233104944229,-0.253158956766,0.534333467484,-0.248721033335,-0.371662259102,0.614274263382,-0.251903563738,-0.367703795433,0.596164703369,-0.25945726037,-0.367703795433
1776811106.83,0.475000053644,-0.184518009424,0.438623338938,0.469429582357,-0.19522741437,0.338647723198,0.476565569639,-0.197548389435,0.238807335496,0.483647912741,-0.201207190752,0.138206869364,0.491889446974,-0.206005856395,0.0401297062635,0.500819563866,-0.211950540543,-0.0578837692738,0.510353684425,-0.222644329071,-0.156408429146,0.521810173988,-0.233104944229,-0.253158956766,0.534333467484,-0.248721033335,-0.371662259102,0.61817407608,-0.247964546084,-0.367703795433,0.594067811966,-0.304258525372,-0.367703795433
1776811106.85,0.478950291872,-0.18225826323,0.439481854439,0.477766424417,-0.190851375461,0.341064155102,0.483694046736,-0.196122989058,0.240997374058,0.487616330385,-0.200035095215,0.139038413763,0.494815558195,-0.206546023488,0.0422122627497,0.50225687027,-0.212048098445,-0.0545430183411,0.508060574532,-0.218786284328,-0.155357837677,0.516634702682,-0.225055664778,-0.253005474806,0.526255130768,-0.244339734316,-0.364319354296,0.621824026108,-0.243870601058,-0.367703795433,0.596889257431,-0.260126590729,-0.367703795433
1776811106.86,0.482516348362,-0.180528044701,0.440060377121,0.482079476118,-0.189152166247,0.341899067163,0.487620085478,-0.195100322366,0.242645591497,0.491126984358,-0.201130151749,0.140919104218,0.496698707342,-0.207102313638,0.0433017089963,0.502984285355,-0.211659058928,-0.0540016889572,0.508527159691,-0.217532202601,-0.153633385897,0.513674736023,-0.220775663853,-0.252983599901,0.521827340126,-0.226922661066,-0.371019035578,0.625208377838,-0.239627376199,-0.367703795433,0.596505880356,-0.260043919086,-0.367703795433
1776811106.88,0.486143112183,-0.179078921676,0.440650373697,0.482079476118,-0.189152166247,0.341899067163,0.487620085478,-0.195100322366,0.242645591497,0.491126984358,-0.201130151749,0.140919104218,0.496698707342,-0.207102313638,0.0433017089963,0.502984285355,-0.211659058928,-0.0540016889572,0.508527159691,-0.217532202601,-0.153633385897,0.513674736023,-0.220775663853,-0.252983599901,0.521827340126,-0.226922661066,-0.371019035578,0.628311753273,-0.235241353512,-0.367703795433,0.596301913261,-0.259899199009,-0.367703795433
1776811106.89,0.489853829145,-0.177806258202,0.441159754992,0.488589733839,-0.186730891466,0.343486040831,0.492689162493,-0.193896993995,0.243259236217,0.495403856039,-0.200221180916,0.142223238945,0.499657303095,-0.206665366888,0.0448389425874,0.503895640373,-0.210602521896,-0.0528414696455,0.504934310913,-0.212684288621,-0.155227482319,0.510004878044,-0.214386537671,-0.252520292997,0.515087604523,-0.214579477906,-0.372472316027,0.631119251251,-0.230719849467,-0.367703795433,0.595900654793,-0.259367078543,-0.367703795433
1776811106.91,0.493849426508,-0.176573559642,0.441397041082,0.488589733839,-0.186730891466,0.343486040831,0.492689162493,-0.193896993995,0.243259236217,0.495403856039,-0.200221180916,0.142223238945,0.499657303095,-0.206665366888,0.0448389425874,0.503895640373,-0.210602521896,-0.0528414696455,0.504934310913,-0.212684288621,-0.155227482319,0.510004878044,-0.214386537671,-0.252520292997,0.515087604523,-0.214579477906,-0.372472316027,0.633617520332,-0.226070940495,-0.367703795433,0.596353650093,-0.260106891394,-0.367703795433
1776811106.92,0.497642666101,-0.175505369902,0.441667199135,0.493325144053,-0.185410529375,0.343968510628,0.496662646532,-0.192823439837,0.243769288063,0.498377889395,-0.198991432786,0.143266201019,0.501153945923,-0.205165550113,0.0452346652746,0.502407431602,-0.206789091229,-0.0546876937151,0.505566358566,-0.210804730654,-0.153793245554,0.506658792496,-0.209080994129,-0.252556443214,0.509976267815,-0.207499071956,-0.371662199497,0.635793924332,-0.221303388476,-0.367703795433,0.595167279243,-0.259305238724,-0.367703795433
1776811106.94,0.501602292061,-0.174347743392,0.441675037146,0.493325144053,-0.185410529375,0.343968510628,0.496662646532,-0.192823439837,0.243769288063,0.498377889395,-0.198991432786,0.143266201019,0.501153945923,-0.205165550113,0.0452346652746,0.502407431602,-0.206789091229,-0.0546876937151,0.505566358566,-0.210804730654,-0.153793245554,0.506658792496,-0.209080994129,-0.252556443214,0.509976267815,-0.207499071956,-0.371662199497,0.637636899948,-0.216426625848,-0.367703795433,0.595957517624,-0.258804231882,-0.367703795433
1776811106.95,0.504729688168,-0.173355653882,0.441470980644,0.493325144053,-0.185410529375,0.343968510628,0.496662646532,-0.192823439837,0.243769288063,0.498377889395,-0.198991432786,0.143266201019,0.501153945923,-0.205165550113,0.0452346652746,0.502407431602,-0.206789091229,-0.0546876937151,0.505566358566,-0.210804730654,-0.153793245554,0.506658792496,-0.209080994129,-0.252556443214,0.509976267815,-0.207499071956,-0.371662199497,0.639136791229,-0.211450621486,-0.367703795433,0.596349954605,-0.258994728327,-0.367703795433
1776811106.97,0.508556723595,-0.172027990222,0.441030979156,0.493325144053,-0.185410529375,0.343968510628,0.496662646532,-0.192823439837,0.243769288063,0.498377889395,-0.198991432786,0.143266201019,0.501153945923,-0.205165550113,0.0452346652746,0.502407431602,-0.206789091229,-0.0546876937151,0.505566358566,-0.210804730654,-0.153793245554,0.506658792496,-0.209080994129,-0.252556443214,0.509976267815,-0.207499071956,-0.371662199497,0.640285134315,-0.206385746598,-0.367703795433,0.596411585808,-0.26168385148,-0.367703795433
1776811106.98,0.511422097683,-0.170832917094,0.440474539995,0.509259939194,-0.180120170116,0.344093263149,0.509549975395,-0.184641465545,0.243776857853,0.50818836689,-0.187979787588,0.143587931991,0.505048632622,-0.189965873957,0.0446289107203,0.500881433487,-0.188123434782,-0.0557712614536,0.501036763191,-0.188709035516,-0.151572793722,0.496053904295,-0.186701446772,-0.252266138792,0.491979390383,-0.183339372277,-0.372957140207,0.641075015068,-0.201242819428,-0.367703795433,0.596195101738,-0.259131759405,-0.367703795433
1776811107,0.514246165752,-0.169411078095,0.439618349075,0.509259939194,-0.180120170116,0.344093263149,0.509549975395,-0.184641465545,0.243776857853,0.50818836689,-0.187979787588,0.143587931991,0.505048632622,-0.189965873957,0.0446289107203,0.500881433487,-0.188123434782,-0.0557712614536,0.501036763191,-0.188709035516,-0.151572793722,0.496053904295,-0.186701446772,-0.252266138792,0.491979390383,-0.183339372277,-0.372957140207,0.641501426697,-0.19603279233,-0.367703795433,0.596024632454,-0.259336143732,-0.367703795433
1776811107.01,0.516763210297,-0.167865499854,0.438764691353,0.514819264412,-0.175743684173,0.342947542667,0.513926506042,-0.178427264094,0.242418929935,0.510836720467,-0.179699361324,0.142186909914,0.506654977798,-0.179948940873,0.0437956824899,0.500195860863,-0.176426365972,-0.0576448887587,0.498486489058,-0.178421705961,-0.153433740139,0.49204441905,-0.176283255219,-0.252591580153,0.484788805246,-0.174385786057,-0.375064849854,0.641560912132,-0.190766811371,-0.367703795433,0.596023201942,-0.259450107813,-0.367703795433
1776811107.03,0.518924474716,-0.165986508131,0.437777072191,0.514819264412,-0.175743684173,0.342947542667,0.513926506042,-0.178427264094,0.242418929935,0.510836720467,-0.179699361324,0.142186909914,0.506654977798,-0.179948940873,0.0437956824899,0.500195860863,-0.176426365972,-0.0576448887587,0.498486489058,-0.178421705961,-0.153433740139,0.49204441905,-0.176283255219,-0.252591580153,0.484788805246,-0.174385786057,-0.375064849854,0.641251802444,-0.185455992818,-0.367703795433,0.595680117607,-0.259100049734,-0.367703795433
1776811107.04,0.520712852478,-0.163784950972,0.436716735363,0.517624974251,-0.17218850553,0.341752707958,0.516089558601,-0.172771245241,0.242217689753,0.512519717216,-0.173606038094,0.140914648771,0.50696015358,-0.173044100404,0.0423200577497,0.499559789896,-0.170026734471,-0.0582744628191,0.496071368456,-0.171152040362,-0.154984682798,0.488993495703,-0.169434145093,-0.253453671932,0.480450898409,-0.168029084802,-0.375271528959,0.640574336052,-0.180111348629,-0.367703795433,0.595810413361,-0.259431481361,-0.367703795433
1776811107.06,0.52203720808,-0.161467194557,0.435658425093,0.51992726326,-0.168706580997,0.339861452579,0.517574191093,-0.168188631535,0.239847570658,0.513026237488,-0.167134255171,0.139740169048,0.506175279617,-0.164926618338,0.0397344082594,0.499056130648,-0.16241659224,-0.0599160790443,0.493629544973,-0.164022505283,-0.15603724122,0.485837310553,-0.162773892283,-0.254764616489,0.475787967443,-0.161581099033,-0.376363098621,0.639530062675,-0.174743667245,-0.367703795433,0.595725059509,-0.259175807238,-0.367703795433
1776811107.07,0.523113429546,-0.158430442214,0.434473931789,0.521336555481,-0.164185881615,0.339216291904,0.518362760544,-0.162521645427,0.239190608263,0.513896226883,-0.16046859324,0.138626739383,0.507436275482,-0.158763617277,0.040119536221,0.500297307968,-0.158362656832,-0.0585621297359,0.49372574687,-0.156763628125,-0.156729280949,0.483496159315,-0.15611794591,-0.255034983158,0.472595244646,-0.155107855797,-0.377908974886,0.638122558594,-0.169363424182,-0.367703795433,0.596061229706,-0.259469300508,-0.367703795433
1776811107.09,0.523698449135,-0.155303701758,0.4334230721,0.521336555481,-0.164185881615,0.339216291904,0.518362760544,-0.162521645427,0.239190608263,0.513896226883,-0.16046859324,0.138626739383,0.507436275482,-0.158763617277,0.040119536221,0.500297307968,-0.158362656832,-0.0585621297359,0.49372574687,-0.156763628125,-0.156729280949,0.483496159315,-0.15611794591,-0.255034983158,0.472595244646,-0.155107855797,-0.377908974886,0.636356830597,-0.163980662823,-0.367703795433,0.595721483231,-0.259174227715,-0.367703795433
1776811107.1,0.523893296719,-0.151925131679,0.432469934225,0.52193403244,-0.159670099616,0.338264524937,0.518784046173,-0.157824337482,0.23672606051,0.513599991798,-0.155626401305,0.136903852224,0.505682945251,-0.152692168951,0.0372323915362,0.497336477041,-0.149021953344,-0.0623694956303,0.491422504187,-0.150480657816,-0.158288121223,0.480879813433,-0.149921312928,-0.256530761719,0.467597156763,-0.147564470768,-0.380431950092,0.634239315987,-0.158604890108,-0.367703795433,0.595759749413,-0.259512424469,-0.367703795433
1776811107.12,0.523723423481,-0.148304328322,0.431679159403,0.52193403244,-0.159670099616,0.338264524937,0.518784046173,-0.157824337482,0.23672606051,0.513599991798,-0.155626401305,0.136903852224,0.505682945251,-0.152692168951,0.0372323915362,0.497336477041,-0.149021953344,-0.0623694956303,0.491422504187,-0.150480657816,-0.158288121223,0.480879813433,-0.149921312928,-0.256530761719,0.467597156763,-0.147564470768,-0.380431950092,0.631777882576,-0.153245031834,-0.367703795433,0.595726490021,-0.259252130985,-0.367703795433
1776811107.13,0.523122310638,-0.144565269351,0.431031197309,0.52225291729,-0.151008784771,0.333995819092,0.518136739731,-0.148697406054,0.233797848225,0.512581825256,-0.14618703723,0.133855432272,0.504614710808,-0.143609344959,0.0354014784098,0.494563311338,-0.138391777873,-0.0649615228176,0.488839536905,-0.138688251376,-0.161157250404,0.476502269506,-0.135643169284,-0.259968996048,0.463398307562,-0.134691238403,-0.381957381964,0.628981471062,-0.147909358144,-0.367703795433,0.59574174881,-0.258979409933,-0.367703795433
1776811107.15,0.522083044052,-0.140727877617,0.430450230837,0.521634817123,-0.148478925228,0.333691716194,0.517457723618,-0.14620038867,0.234561830759,0.511644601822,-0.143892481923,0.133351385593,0.503958106041,-0.141217723489,0.0338668227196,0.493735104799,-0.135676786304,-0.0654444545507,0.488097399473,-0.136178463697,-0.161606758833,0.473693042994,-0.132242739201,-0.262405723333,0.462220102549,-0.131774306297,-0.382616639137,0.625860452652,-0.142605409026,-0.367703795433,0.595556855202,-0.259040653706,-0.367703795433
1776811107.16,0.521105229855,-0.137845218182,0.43015986681,0.520449638367,-0.146038264036,0.334080457687,0.516827344894,-0.143939957023,0.233927816153,0.511276960373,-0.141213804483,0.133869469166,0.503129839897,-0.139871254563,0.0352030918002,0.492054432631,-0.133261069655,-0.0670408159494,0.486313432455,-0.13373439014,-0.161985218525,0.475701123476,-0.130528375506,-0.259541004896,0.460908263922,-0.127682730556,-0.383944511414,0.622425675392,-0.13733997941,-0.367703795433,0.59612262249,-0.259102463722,-0.367703795433
1776811107.18,0.518898785114,-0.132681339979,0.429642230272,0.520449638367,-0.146038264036,0.334080457687,0.516827344894,-0.143939957023,0.233927816153,0.511276960373,-0.141213804483,0.133869469166,0.503129839897,-0.139871254563,0.0352030918002,0.492054432631,-0.133261069655,-0.0670408159494,0.486313432455,-0.13373439014,-0.161985218525,0.475701123476,-0.130528375506,-0.259541004896,0.460908263922,-0.127682730556,-0.383944511414,0.618689417839,-0.132119074464,-0.367703795433,0.59602022171,-0.259444564581,-0.367703795433
1776811107.19,0.516660273075,-0.128435969353,0.429428577423,0.516123652458,-0.135178938508,0.332190752029,0.511376738548,-0.133561983705,0.233684271574,0.505954861641,-0.132669448853,0.131631478667,0.498763948679,-0.131957575679,0.0338552072644,0.492927879095,-0.127872645855,-0.0641345977783,0.48307415843,-0.125224322081,-0.164170742035,0.474205940962,-0.11967497319,-0.260543942451,0.459395080805,-0.114087805152,-0.385808199644,0.614663958549,-0.126947849989,-0.367703795433,0.595453739166,-0.259103745222,-0.367703795433
1776811107.21,0.514127314091,-0.123982623219,0.429292947054,0.514251470566,-0.132477909327,0.332647979259,0.510187387466,-0.131822824478,0.231511771679,0.5043861866,-0.130745843053,0.1314368397,0.4959641397,-0.127870813012,0.0309691429138,0.490404874086,-0.1254966259,-0.0645682960749,0.481994062662,-0.123689092696,-0.163723766804,0.473675400019,-0.116977639496,-0.261067062616,0.459183782339,-0.110781945288,-0.385170996189,0.610362768173,-0.121830672026,-0.367703795433,0.596024751663,-0.259449243546,-0.367703795433
1776811107.22,0.511232376099,-0.119381509721,0.429230540991,0.510764598846,-0.127146050334,0.331148743629,0.506376266479,-0.126598402858,0.230958476663,0.501272439957,-0.125897735357,0.131037816405,0.494546085596,-0.125088363886,0.0314072445035,0.489237040281,-0.122707694769,-0.0646646916866,0.480316907167,-0.117629356682,-0.164071649313,0.468751758337,-0.110621020198,-0.265400350094,0.459803074598,-0.1050074175,-0.385340511799,0.605799436569,-0.11677108705,-0.367703795433,0.59556388855,-0.259099811316,-0.367703795433
1776811107.24,0.507994234562,-0.114647403359,0.429356485605,0.508666157722,-0.123927876353,0.331649899483,0.504121422768,-0.123291544616,0.232901036739,0.499487429857,-0.123281098902,0.130985125899,0.492718964815,-0.121710635722,0.0318210721016,0.48815074563,-0.118917830288,-0.0650399923325,0.478663116693,-0.115292258561,-0.165169596672,0.471221297979,-0.109050415456,-0.262635350227,0.459976583719,-0.102120600641,-0.385230928659,0.600987672806,-0.111771829426,-0.367703795433,0.595693945885,-0.259153008461,-0.367703795433
1776811107.25,0.504572272301,-0.1098594293,0.429616868496,0.508666157722,-0.123927876353,0.331649899483,0.504121422768,-0.123291544616,0.232901036739,0.499487429857,-0.123281098902,0.130985125899,0.492718964815,-0.121710635722,0.0318210721016,0.48815074563,-0.118917830288,-0.0650399923325,0.478663116693,-0.115292258561,-0.165169596672,0.471221297979,-0.109050415456,-0.262635350227,0.459976583719,-0.102120600641,-0.385230928659,0.595941662788,-0.106834836304,-0.367703795433,0.596042871475,-0.259462535381,-0.367703795433
1776811107.27,0.500737011433,-0.105182155967,0.429958194494,0.501857876778,-0.114539533854,0.331671774387,0.49809345603,-0.114977523685,0.232520893216,0.4938775599,-0.115031585097,0.131710231304,0.487363129854,-0.113794781268,0.0317434594035,0.483940809965,-0.1108193174,-0.0647168010473,0.476422935724,-0.107055999339,-0.165076673031,0.470735639334,-0.100401602685,-0.26293644309,0.461140722036,-0.09307808429,-0.385351717472,0.590675711632,-0.101961284876,-0.367703795433,0.595794677734,-0.2594409585,-0.367703795433
1776811107.28,0.49666377902,-0.100586108863,0.430438786745,0.496823221445,-0.108088374138,0.332095682621,0.493351012468,-0.108290292323,0.233290314674,0.489558070898,-0.109248526394,0.13133597374,0.484584659338,-0.108692198992,0.033803217113,0.480287462473,-0.10421320796,-0.0650034248829,0.475619107485,-0.1009150967,-0.164678096771,0.469554930925,-0.0945914760232,-0.262357771397,0.462546795607,-0.0880981385708,-0.385708510876,0.585203886032,-0.0971516147256,-0.367703795433,0.595853805542,-0.259066343307,-0.367703795433
1776811107.3,0.492058396339,-0.0958910807967,0.431085109711,0.494180589914,-0.104899443686,0.332232862711,0.491196781397,-0.104963846505,0.232964068651,0.487099796534,-0.105380482972,0.131523475051,0.481645613909,-0.103596657515,0.0317460596561,0.479141563177,-0.101115457714,-0.064946860075,0.475332647562,-0.097925260663,-0.164685130119,0.467159956694,-0.0905272215605,-0.265325188637,0.463140338659,-0.0855157449841,-0.384807229042,0.579540133476,-0.0924055725336,-0.367703795433,0.596058964729,-0.259463876486,-0.367703795433
1776811107.31,0.487915337086,-0.0919851735234,0.431782007217,0.488468557596,-0.0980852693319,0.333017110825,0.486000865698,-0.0979824438691,0.232471331954,0.48312702775,-0.0967238619924,0.134164571762,0.478590935469,-0.0959062948823,0.032597631216,0.477659076452,-0.0936422869563,-0.0633723139763,0.472911208868,-0.0911730229855,-0.164190232754,0.468489259481,-0.0858688428998,-0.263737738132,0.464474886656,-0.0797028765082,-0.385741323233,0.57369863987,-0.0877222418785,-0.367703795433,0.595989227295,-0.259403973818,-0.367703795433
1776811107.33,0.483289629221,-0.0880091562867,0.4325735569,0.485188513994,-0.094240501523,0.333397984505,0.483468085527,-0.0938212871552,0.233316212893,0.480999559164,-0.0926644653082,0.134369105101,0.477829009295,-0.0925856381655,0.034184128046,0.475554555655,-0.0901767686009,-0.0638503283262,0.472138613462,-0.0881224572659,-0.163562715054,0.469976395369,-0.083145596087,-0.261601835489,0.465359777212,-0.0776157751679,-0.384998887777,0.567692995071,-0.0831000953913,-0.367703795433,0.595343470573,-0.259122639894,-0.367703795433
1776811107.34,0.47853949666,-0.084127523005,0.433485805988,0.479469686747,-0.0881008505821,0.334171593189,0.477659791708,-0.0868331342936,0.233822494745,0.476021617651,-0.084752291441,0.135061085224,0.474552303553,-0.0844179913402,0.0355640500784,0.474294751883,-0.0826963707805,-0.0629249811172,0.470993608236,-0.0813733935356,-0.163003891706,0.470540195704,-0.0780396237969,-0.261403828859,0.467269510031,-0.0737137794495,-0.383434742689,0.561536669731,-0.0785370320082,-0.367703795433,0.595366120338,-0.258680254221,-0.367703795433
1776811107.36,0.473722040653,-0.0802873075008,0.434454917908,0.479469686747,-0.0881008505821,0.334171593189,0.477659791708,-0.0868331342936,0.233822494745,0.476021617651,-0.084752291441,0.135061085224,0.474552303553,-0.0844179913402,0.0355640500784,0.474294751883,-0.0826963707805,-0.0629249811172,0.470993608236,-0.0813733935356,-0.163003891706,0.470540195704,-0.0780396237969,-0.261403828859,0.467269510031,-0.0737137794495,-0.383434742689,0.55524289608,-0.0740304291248,-0.367703795433,0.595670580864,-0.259175598621,-0.367703795433
1776811107.37,0.468769311905,-0.0764563605189,0.435381889343,0.469769209623,-0.0790830031037,0.336933970451,0.469388574362,-0.0764212682843,0.235879480839,0.469161599874,-0.0735199972987,0.136803597212,0.469172745943,-0.0725040286779,0.0378865078092,0.470699816942,-0.0706927850842,-0.0606160014868,0.47001388669,-0.0698806345463,-0.160753816366,0.469982594252,-0.0685128644109,-0.259206563234,0.469657212496,-0.0667913854122,-0.381643176079,0.548824548721,-0.0695771723986,-0.367703795433,0.595970511436,-0.259579777718,-0.367703795433
1776811107.39,0.465222775936,-0.073485635221,0.436251312494,0.467139333487,-0.0764155015349,0.337009102106,0.466789036989,-0.0735731646419,0.236448645592,0.466461032629,-0.0697141066194,0.138690784574,0.467498928308,-0.0687216371298,0.0383684784174,0.46851375699,-0.0664144605398,-0.0606205910444,0.469268590212,-0.0659383013844,-0.159919828176,0.470063775778,-0.0653313696384,-0.258510679007,0.471235662699,-0.0650948286057,-0.380730718374,0.54229426384,-0.0651737228036,-0.367703795433,0.595884561539,-0.259325891733,-0.367703795433
1776811107.4,0.459385573864,-0.0685151740909,0.437418371439,0.460879176855,-0.070725530386,0.338351070881,0.461315125227,-0.0673558712006,0.2378064394,0.462735980749,-0.0635447576642,0.138120010495,0.464058190584,-0.0618325471878,0.0397746041417,0.466986566782,-0.05955773592,-0.0582131445408,0.468165248632,-0.0593282952905,-0.158671230078,0.470159679651,-0.0593302287161,-0.256904125214,0.472684174776,-0.0603496469557,-0.37926197052,0.535664319992,-0.0608161389828,-0.367703795433,0.596192002296,-0.259484171867,-0.367703795433
1776811107.42,0.455204725266,-0.064713716507,0.438372135162,0.45772472024,-0.0682476609945,0.33893045783,0.458734184504,-0.0648414716125,0.238813534379,0.460600584745,-0.0611612312496,0.138918116689,0.462579280138,-0.0582516267896,0.0405730158091,0.465096324682,-0.0562663152814,-0.0575028657913,0.467237144709,-0.0562304668128,-0.157897800207,0.470307737589,-0.0563914328814,-0.256182730198,0.473268181086,-0.0577223487198,-0.378454864025,0.528946757317,-0.0565001480281,-0.367703795433,0.595968365669,-0.259424030781,-0.367703795433
1776811107.43,0.449614644051,-0.0594420284033,0.439454495907,0.451660245657,-0.0625817999244,0.340627610683,0.453572720289,-0.0592772737145,0.240367427468,0.456193000078,-0.0554390363395,0.140524253249,0.459429830313,-0.0526252277195,0.0423830747604,0.463894635439,-0.0506147406995,-0.0557530373335,0.466165572405,-0.0503849089146,-0.156324386597,0.470111340284,-0.0511142164469,-0.25457495451,0.474378079176,-0.0531455874443,-0.37654364109,0.522153139114,-0.0522211641073,-0.367703795433,0.595571041107,-0.259104341269,-0.367703795433
1776811107.45,0.444434523582,-0.0539537593722,0.440414249897,0.44899019599,-0.0603769272566,0.3408665061,0.451103359461,-0.0567432940006,0.240878209472,0.454413503408,-0.0522880591452,0.14235752821,0.457762986422,-0.050271064043,0.043237067759,0.461751133204,-0.0478531122208,-0.0554310530424,0.465440541506,-0.0483136028051,-0.155417561531,0.470167845488,-0.0484234690666,-0.253327727318,0.475376456976,-0.050315529108,-0.375484615564,0.515295028687,-0.0479743406177,-0.367703795433,0.595761418343,-0.25916659832,-0.367703795433
1776811107.46,0.439625889063,-0.0484764277935,0.441232353449,0.442797869444,-0.0542762540281,0.342382460833,0.445952504873,-0.0515300557017,0.242197260261,0.449709504843,-0.0479688085616,0.142501920462,0.454476743937,-0.046024363488,0.0448560491204,0.459198445082,-0.0439944602549,-0.0538449138403,0.4648014009,-0.0439398922026,-0.153840363026,0.470069557428,-0.0441639311612,-0.251906365156,0.476385444403,-0.0449537858367,-0.374498099089,0.508383631706,-0.0437546037138,-0.367703795433,0.59612929821,-0.25948548317,-0.367703795433
1776811107.48,0.435170650482,-0.0428922586143,0.441880226135,0.439928621054,-0.0512588582933,0.343034595251,0.443555086851,-0.0486737899482,0.242930695415,0.447913020849,-0.0454434193671,0.144434809685,0.452778846025,-0.0442591309547,0.0454640090466,0.458193033934,-0.0423014387488,-0.0535264909267,0.463627427816,-0.0425378233194,-0.153210163116,0.470200270414,-0.0419778265059,-0.251243025064,0.477781325579,-0.0428243912756,-0.373077332973,0.501430034637,-0.0395567081869,-0.367703795433,0.595951676369,-0.259455323219,-0.367703795433
1776811107.49,0.430394023657,-0.0366222001612,0.442340135574,0.434022516012,-0.0447031706572,0.344554901123,0.438364952803,-0.0435891076922,0.244114667177,0.443435460329,-0.0419471785426,0.144485801458,0.449544042349,-0.0411393903196,0.0464526936412,0.455872744322,-0.0400021858513,-0.05189435184,0.462735623121,-0.039519008249,-0.151904970407,0.469784587622,-0.038082189858,-0.249863415956,0.478753775358,-0.0375201627612,-0.371250480413,0.494444817305,-0.0353752598166,-0.367703795433,0.595929265022,-0.259364277124,-0.367703795433
1776811107.51,0.425602406263,-0.0298771895468,0.442599266768,0.431089013815,-0.0414385460317,0.344629257917,0.435643881559,-0.0411646850407,0.244600757957,0.441404491663,-0.0401341244578,0.145094975829,0.448132902384,-0.0397764742374,0.0472366735339,0.454677253962,-0.0381261259317,-0.0512961000204,0.461709946394,-0.037853628397,-0.151185899973,0.469702869654,-0.0364194363356,-0.249150425196,0.479307383299,-0.0345980636775,-0.370408445597,0.487438887358,-0.0312047563493,-0.367703795433,0.596147298813,-0.2594653368,-0.367703795433
1776811107.52,0.420525401831,-0.0226029213518,0.442810595036,0.425383776426,-0.034060716629,0.345853716135,0.430993646383,-0.0352184474468,0.246119096875,0.437209516764,-0.0360589176416,0.146234482527,0.444573789835,-0.0367728546262,0.0477790907025,0.452385514975,-0.0357354544103,-0.0502505451441,0.46029779315,-0.0350608341396,-0.150130838156,0.469085425138,-0.0326136611402,-0.247853070498,0.47933998704,-0.0286914166063,-0.369701266289,0.480422765017,-0.0270396247506,-0.367703795433,0.595798492432,-0.259143590927,-0.367703795433
1776811107.54,0.416663229465,-0.0171272624284,0.44261738658,0.422729164362,-0.03029692173,0.345511674881,0.428451746702,-0.032626811415,0.245821774006,0.435199230909,-0.0342505574226,0.146327316761,0.442931622267,-0.0353460125625,0.0486609637737,0.450919896364,-0.0343721136451,-0.0501578003168,0.459721714258,-0.0334323495626,-0.149761974812,0.468666940928,-0.0304070021957,-0.247397959232,0.479766279459,-0.0261729359627,-0.369248867035,0.473407119513,-0.0228742584586,-0.367703795433,0.59606730938,-0.259376347065,-0.367703795433
1776811107.55,0.411305874586,-0.00898734666407,0.44241335988,0.417290478945,-0.0227518957108,0.346387892962,0.4238897264,-0.0265652164817,0.246827125549,0.431442826986,-0.0292830597609,0.146882534027,0.439809888601,-0.0316495336592,0.0492322295904,0.448436051607,-0.0310144294053,-0.0496962666512,0.458246201277,-0.0301816444844,-0.148898988962,0.467122346163,-0.0259866006672,-0.247062265873,0.479909390211,-0.0211356207728,-0.367779403925,0.466402500868,-0.0187030546367,-0.367703795433,0.595736145973,-0.259182423353,-0.367703795433
1776811107.57,0.406533688307,-0.00170811533462,0.441876173019,0.414414554834,-0.0187471378595,0.346293628216,0.421561688185,-0.0233913585544,0.246448233724,0.429562419653,-0.0264871697873,0.14726510644,0.438163727522,-0.0294571742415,0.0491687133908,0.447220653296,-0.0290902145207,-0.0494560301304,0.456355601549,-0.0274867396802,-0.148723781109,0.466664463282,-0.0240312796086,-0.246558427811,0.478976219893,-0.0183619000018,-0.367615908384,0.459419578314,-0.0145204439759,-0.367703795433,0.595830798149,-0.259431570768,-0.367703795433
1776811107.58,0.401827961206,0.00571456504986,0.441285818815,0.411473304033,-0.0147244092077,0.346255898476,0.419200450182,-0.0197743028402,0.246096313,0.427608042955,-0.0241687018424,0.14715924859,0.436488479376,-0.0269547961652,0.0493002086878,0.44596901536,-0.0266265552491,-0.049113124609,0.455590337515,-0.0255858693272,-0.148831129074,0.465820103884,-0.0217333715409,-0.246401935816,0.478874474764,-0.0164267178625,-0.367163538933,0.452468961477,-0.0103209335357,-0.367703795433,0.595757842064,-0.259185194969,-0.367703795433
1776811107.6,0.396765738726,0.0134363994002,0.440432846546,0.406205564737,-0.00607845047489,0.346267342567,0.414352208376,-0.0120282722637,0.246199935675,0.423370212317,-0.0168753620237,0.147269040346,0.43308582902,-0.0209359154105,0.0495587512851,0.443359345198,-0.0209537949413,-0.0487431138754,0.453899174929,-0.020774282515,-0.148721396923,0.464397281408,-0.0167110245675,-0.246321707964,0.477512866259,-0.0111919268966,-0.367575347424,0.445561617613,-0.00609913934022,-0.367703795433,0.596047759056,-0.259463518858,-0.367703795433
1776811107.61,0.392448425293,0.0201491340995,0.439634680748,0.400586515665,0.0034047618974,0.345245599747,0.409615963697,-0.0034666522406,0.245310530066,0.419329375029,-0.00881261564791,0.146741524339,0.429575413465,-0.0136255761608,0.0488409027457,0.44041004777,-0.0141403637826,-0.0489439964294,0.450850695372,-0.0144461318851,-0.148994237185,0.462653249502,-0.0117936842144,-0.246789485216,0.476235538721,-0.00686876289546,-0.367615818977,0.43870845437,-0.00184982432984,-0.367703795433,0.596000432968,-0.259408801794,-0.367703795433
1776811107.63,0.387502253056,0.0277079567313,0.438524395227,0.400586515665,0.0034047618974,0.345245599747,0.409615963697,-0.0034666522406,0.245310530066,0.419329375029,-0.00881261564791,0.146741524339,0.429575413465,-0.0136255761608,0.0488409027457,0.44041004777,-0.0141403637826,-0.0489439964294,0.450850695372,-0.0144461318851,-0.148994237185,0.462653249502,-0.0117936842144,-0.246789485216,0.476235538721,-0.00686876289546,-0.367615818977,0.431920796633,0.00243206252344,-0.367703795433,0.595968842506,-0.258617967367,-0.367703795433
1776811107.64,0.382968604565,0.0345770940185,0.437500834465,0.394482582808,0.0127621283755,0.344360411167,0.404037803411,0.0061142584309,0.244540825486,0.41458144784,0.000158041279064,0.145635783672,0.425661414862,-0.00455635180697,0.0483849495649,0.437134355307,-0.00616786535829,-0.04981097579,0.448777109385,-0.00776225188747,-0.149430543184,0.460256963968,-0.005882430356,-0.24739202857,0.474156171083,-0.00281038181856,-0.368649184704,0.425210028887,0.00675134779885,-0.367703795433,0.595347881317,-0.259321719408,-0.367703795433
1776811107.66,0.379104346037,0.0401762835681,0.436516851187,0.389008671045,0.0224071741104,0.342938601971,0.398697882891,0.0163315087557,0.243317991495,0.409786075354,0.0104508912191,0.144210517406,0.421755701303,0.00570924440399,0.0475358217955,0.433943778276,0.00286612124182,-0.0505935698748,0.44550511241,0.000375200994313,-0.150220543146,0.457535713911,0.000125751510495,-0.247930079699,0.472296029329,0.000702494580764,-0.368284553289,0.418587952852,0.0111125921831,-0.367703795433,0.595792293549,-0.259380877018,-0.367703795433
1776811107.67,0.374537616968,0.0465766265988,0.435394495726,0.383051663637,0.0321009904146,0.341412007809,0.393445402384,0.0267185363919,0.242143854499,0.405657023191,0.0222515296191,0.14427241683,0.417062550783,0.0163559075445,0.0459263175726,0.429868608713,0.0127402981743,-0.0516738295555,0.441590100527,0.00905915070325,-0.151454359293,0.454543858767,0.00678246188909,-0.249007463455,0.469689577818,0.00414964836091,-0.369537293911,0.412066549063,0.0155200492591,-0.367703795433,0.596032857895,-0.259437352419,-0.367703795433
1776811107.69,0.369567722082,0.0533274561167,0.434032559395,0.383051663637,0.0321009904146,0.341412007809,0.393445402384,0.0267185363919,0.242143854499,0.405657023191,0.0222515296191,0.14427241683,0.417062550783,0.0163559075445,0.0459263175726,0.429868608713,0.0127402981743,-0.0516738295555,0.441590100527,0.00905915070325,-0.151454359293,0.454543858767,0.00678246188909,-0.249007463455,0.469689577818,0.00414964836091,-0.369537293911,0.405658096075,0.0199776217341,-0.367703795433,0.596047282219,-0.259459882975,-0.367703795433
1776811107.7,0.36644744873,0.0573482178152,0.433296829462,0.374935120344,0.0451204031706,0.339216172695,0.385522156954,0.0420316830277,0.239436119795,0.397040814161,0.0383582673967,0.140769422054,0.409661799669,0.0337338484824,0.0436211749911,0.422607749701,0.0289518516511,-0.0537650734186,0.435115069151,0.0228332169354,-0.153194487095,0.448721796274,0.0170466899872,-0.250603020191,0.463970810175,0.0103304311633,-0.370754748583,0.399375289679,0.0244888179004,-0.367703795433,0.595526814461,-0.259136915207,-0.367703795433
1776811107.72,0.362668067217,0.0621274448931,0.432293862104,0.372482270002,0.0494505316019,0.338747143745,0.382991343737,0.0464511439204,0.239190578461,0.394537657499,0.0435940474272,0.139713913202,0.407252639532,0.0390665270388,0.0427782312036,0.419929176569,0.0344895981252,-0.054714769125,0.433043450117,0.0278352778405,-0.153337419033,0.446909219027,0.0205522254109,-0.250959306955,0.462572544813,0.0119843669236,-0.371261239052,0.393231004477,0.0290567092597,-0.367703795433,0.596011281013,-0.2593934834,-0.367703795433
1776811107.73,0.35914054513,0.0661253482103,0.43130120635,0.367553919554,0.0566924437881,0.337030589581,0.378125816584,0.0555712208152,0.237550258636,0.389308005571,0.0536652691662,0.138195946813,0.401936858892,0.0496588498354,0.0414093583822,0.414577752352,0.0447548180819,-0.0561691820621,0.427846699953,0.0369022451341,-0.154828190804,0.442001253366,0.0279943998903,-0.251950711012,0.457563251257,0.0171227846295,-0.372349023819,0.3872384727,0.0336838811636,-0.367703795433,0.596088528633,-0.259075641632,-0.367703795433
1776811107.75,0.356126844883,0.0696334019303,0.430622279644,0.364990085363,0.060591891408,0.336693823338,0.37551727891,0.0601612590253,0.237591147423,0.386388093233,0.0585879012942,0.137196987867,0.39904949069,0.0546161010861,0.0407260432839,0.412010937929,0.0497904457152,-0.0567657649517,0.424854964018,0.0415699072182,-0.155245095491,0.438854962587,0.0320912450552,-0.253145694733,0.45561632514,0.0186968687922,-0.372154593468,0.381411224604,0.0383723862469,-0.367703795433,0.59578204155,-0.259177923203,-0.367703795433
1776811107.76,0.353116810322,0.0728886574507,0.429931521416,0.36272034049,0.0636085420847,0.336366891861,0.372891575098,0.0638421401381,0.236671745777,0.383855015039,0.0626791268587,0.136855661869,0.395995587111,0.058719214052,0.0397992804646,0.409030586481,0.0543047823012,-0.0572596788406,0.422075659037,0.0454560033977,-0.15598782897,0.436163514853,0.0355729088187,-0.253455758095,0.453514009714,0.0213726814836,-0.372455745935,0.37576302886,0.0431237071753,-0.367703795433,0.595703959465,-0.259200692177,-0.367703795433
1776811107.78,0.350565433502,0.0759871825576,0.429482966661,0.35832747817,0.0692333430052,0.335015416145,0.367964476347,0.0701872333884,0.235108360648,0.378396242857,0.0698972940445,0.135621845722,0.390225082636,0.0668203309178,0.0382811203599,0.403042882681,0.0623564869165,-0.0590690374374,0.416594177485,0.0532379671931,-0.157208502293,0.430704027414,0.0422903299332,-0.254664778709,0.44713267684,0.0271447431296,-0.373795390129,0.370307773352,0.0479387007654,-0.367703795433,0.595861792564,-0.259375393391,-0.367703795433
1776811107.79,0.348836481571,0.0781889483333,0.429333776236,0.354144304991,0.0736960470676,0.334251672029,0.363297313452,0.0750541985035,0.234351456165,0.372996121645,0.0755843669176,0.134721666574,0.384748548269,0.0728223323822,0.0373713448644,0.397624820471,0.0687875598669,-0.0596434772015,0.410518556833,0.0597378537059,-0.158394217491,0.424419730902,0.0486445948482,-0.255583018064,0.441020399332,0.0338785536587,-0.374913275242,0.365059584379,0.0528175681829,-0.367703795433,0.596044898033,-0.259448260069,-0.367703795433
1776811107.81,0.347459584475,0.0804835632443,0.429429411888,0.354144304991,0.0736960470676,0.334251672029,0.363297313452,0.0750541985035,0.234351456165,0.372996121645,0.0755843669176,0.134721666574,0.384748548269,0.0728223323822,0.0373713448644,0.397624820471,0.0687875598669,-0.0596434772015,0.410518556833,0.0597378537059,-0.158394217491,0.424419730902,0.0486445948482,-0.255583018064,0.441020399332,0.0338785536587,-0.374913275242,0.360032588243,0.0577598027885,-0.367703795433,0.595695376396,-0.259144961834,-0.367703795433
1776811107.82,0.346661984921,0.0825437754393,0.429796218872,0.350651293993,0.0770249217749,0.333899021149,0.358638375998,0.0786092504859,0.233636111021,0.367967635393,0.0798176750541,0.134030848742,0.379185348749,0.0778202489018,0.0363665223122,0.391492515802,0.0734939202666,-0.0602977722883,0.404246896505,0.0649814754725,-0.159138053656,0.417956501245,0.0551318265498,-0.25637280941,0.434606403112,0.0407761149108,-0.375636518002,0.355241030455,0.0627641752362,-0.367703795433,0.5963357687,-0.259024053812,-0.367703795433
1776811107.84,0.346325188875,0.0846275836229,0.430320411921,0.348369926214,0.0796288102865,0.333688259125,0.355419188738,0.0811089351773,0.233523279428,0.363505572081,0.0815586969256,0.13389763236,0.37371763587,0.079952634871,0.0362504199147,0.385900527239,0.076765537262,-0.0607165247202,0.398038178682,0.0694617182016,-0.159861117601,0.411277204752,0.0610245093703,-0.257686406374,0.427657335997,0.0489122867584,-0.376821696758,0.350698918104,0.0678286701441,-0.367703795433,0.595454573631,-0.259122759104,-0.367703795433
1776811107.85,0.346429288387,0.086481615901,0.430949658155,0.348369926214,0.0796288102865,0.333688259125,0.355419188738,0.0811089351773,0.233523279428,0.363505572081,0.0815586969256,0.13389763236,0.37371763587,0.079952634871,0.0362504199147,0.385900527239,0.076765537262,-0.0607165247202,0.398038178682,0.0694617182016,-0.159861117601,0.411277204752,0.0610245093703,-0.257686406374,0.427657335997,0.0489122867584,-0.376821696758,0.346420198679,0.0729504972696,-0.367703795433,0.595367670059,-0.259316205978,-0.367703795433
1776811107.87,0.346982121468,0.0885776132345,0.431779414415,0.347116857767,0.0821239054203,0.334994852543,0.352258652449,0.0820282772183,0.234330624342,0.358758121729,0.0817860662937,0.134486109018,0.367036670446,0.0805642902851,0.0365597829223,0.376635760069,0.0788320675492,-0.0606028586626,0.387623161077,0.0741689130664,-0.159805864096,0.400012999773,0.0691169127822,-0.257909476757,0.415301293135,0.0621185675263,-0.378197640181,0.342418402433,0.0781260356307,-0.367703795433,0.600831270218,-0.256638497114,-0.367703795433
1776811107.88,0.347946643829,0.0905505344272,0.43263104558,0.347114294767,0.0834039375186,0.33588719368,0.351549297571,0.0820408090949,0.235306501389,0.356480151415,0.0814350321889,0.135513618588,0.363317102194,0.0794852077961,0.0375477522612,0.371610492468,0.0790559872985,-0.0600287020206,0.38131198287,0.076484888792,-0.15980938077,0.391780525446,0.0746944770217,-0.258455455303,0.40640476346,0.0717280730605,-0.378617584705,0.338706761599,0.0833508744836,-0.367703795433,0.594848632812,-0.258603006601,-0.367703795433
1776811107.9,0.348990291357,0.092186935246,0.433328390121,0.347367495298,0.084261007607,0.336422860622,0.351498752832,0.0822322294116,0.235859379172,0.355532974005,0.0809783935547,0.135926693678,0.361462622881,0.0791806280613,0.0377681329846,0.36920145154,0.0787158086896,-0.060546875,0.378565758467,0.0772532522678,-0.159828603268,0.387954980135,0.0772781223059,-0.258053272963,0.401731401682,0.0764608979225,-0.378547668457,0.335297733545,0.0886197462678,-0.367703795433,0.612075567245,-0.238999053836,-0.367703795433
1776811107.91,0.351003617048,0.0948595106602,0.434407025576,0.347984939814,0.0849940478802,0.336377859116,0.351767629385,0.0829985961318,0.236741214991,0.355078488588,0.080353692174,0.136131554842,0.360589534044,0.0790343210101,0.0384680405259,0.366640120745,0.0788353234529,-0.0602212697268,0.375496596098,0.0786237046123,-0.159484624863,0.383673578501,0.0799111053348,-0.258109807968,0.397054702044,0.0812154635787,-0.379069715738,0.332203298807,0.0939266011119,-0.367703795433,0.636374115944,-0.295592576265,-0.367703795433
1776811107.93,0.353245973587,0.097503118217,0.435284823179,0.347984939814,0.0849940478802,0.336377859116,0.351767629385,0.0829985961318,0.236741214991,0.355078488588,0.080353692174,0.136131554842,0.360589534044,0.0790343210101,0.0384680405259,0.366640120745,0.0788353234529,-0.0602212697268,0.375496596098,0.0786237046123,-0.159484624863,0.383673578501,0.0799111053348,-0.258109807968,0.397054702044,0.0812154635787,-0.379069715738,0.329434424639,0.0992645919323,-0.367703795433,0.612608671188,-0.288823455572,-0.367703795433
1776811107.94,0.355571419001,0.100047178566,0.436143815517,0.351479560137,0.0885391384363,0.338705122471,0.352734416723,0.0842679366469,0.238758504391,0.354345947504,0.0811317563057,0.138679653406,0.356585472822,0.0795495733619,0.0405729040504,0.359730809927,0.0813276395202,-0.057862251997,0.365417152643,0.0847331956029,-0.156834900379,0.366895228624,0.0923805236816,-0.258708387613,0.375066488981,0.0993582233787,-0.377924084663,0.327001303434,0.104626104236,-0.367703795433,0.59529709816,-0.25883936882,-0.367703795433
1776811107.96,0.358344763517,0.102949850261,0.43695050478,0.352376788855,0.0900985375047,0.339776277542,0.353894263506,0.0855518132448,0.239464238286,0.354067414999,0.0819849297404,0.138970986009,0.356056600809,0.0803211033344,0.0411645919085,0.358304232359,0.0824970901012,-0.0573604851961,0.362499862909,0.086752191186,-0.156532585621,0.363504976034,0.0948999598622,-0.257748365402,0.369549363852,0.104214787483,-0.37730422616,0.324912816286,0.110002808273,-0.367703795433,0.59544968605,-0.25879830122,-0.367703795433
1776811107.97,0.36135584116,0.106033876538,0.437560647726,0.355409055948,0.0931489616632,0.340652227402,0.355152636766,0.0882110893726,0.240549311042,0.354798227549,0.0848354697227,0.140464991331,0.355545848608,0.0832663625479,0.0421179905534,0.357317298651,0.0871458426118,-0.0548444539309,0.358641654253,0.0923460572958,-0.15474742651,0.354417294264,0.102114230394,-0.25740647316,0.358178049326,0.112653627992,-0.376879513264,0.3231767416,0.115385740995,-0.367703795433,0.595588207245,-0.259072631598,-0.367703795433
1776811107.99,0.364710986614,0.109335832298,0.438221186399,0.355409055948,0.0931489616632,0.340652227402,0.355152636766,0.0882110893726,0.240549311042,0.354798227549,0.0848354697227,0.140464991331,0.355545848608,0.0832663625479,0.0421179905534,0.357317298651,0.0871458426118,-0.0548444539309,0.358641654253,0.0923460572958,-0.15474742651,0.354417294264,0.102114230394,-0.25740647316,0.358178049326,0.112653627992,-0.376879513264,0.321799367666,0.120765328407,-0.367703795433,0.595754742622,-0.259233355522,-0.367703795433
1776811108,0.368504881859,0.112997964025,0.438615143299,0.361108511686,0.0996001586318,0.341910600662,0.359467953444,0.0949462652206,0.241841509938,0.356851607561,0.0922173112631,0.141939893365,0.354677885771,0.0915306806564,0.0435220897198,0.353802591562,0.0953607857227,-0.0548719465733,0.345685809851,0.104261517525,-0.158372879028,0.343064874411,0.113177709281,-0.255941271782,0.342006295919,0.123294338584,-0.374569386244,0.320785582066,0.126131489873,-0.367703795433,0.595827937126,-0.259294271469,-0.367703795433
1776811108.02,0.371814072132,0.116074420512,0.438881754875,0.363123685122,0.102351866663,0.342268943787,0.360761553049,0.0980879813433,0.24245159328,0.357756644487,0.095390804112,0.142006054521,0.354356139898,0.0950809121132,0.0437317043543,0.351739495993,0.100528992712,-0.0517414808273,0.343392282724,0.10760550946,-0.157781898975,0.339402288198,0.11646258831,-0.255149126053,0.3353767097,0.127956643701,-0.375111311674,0.320138692856,0.131473720074,-0.367703795433,0.596168398857,-0.258953243494,-0.367703795433
1776811108.03,0.376037091017,0.119849011302,0.438899546862,0.367440253496,0.107993111014,0.342618972063,0.364558011293,0.105606488883,0.243728503585,0.359425514936,0.103365175426,0.142771422863,0.354521423578,0.103464066982,0.0443087667227,0.349954813719,0.108589440584,-0.0529421418905,0.338208645582,0.115147002041,-0.156259000301,0.331441968679,0.123963154852,-0.253961086273,0.325130134821,0.133332118392,-0.373636126518,0.319860368967,0.136781230569,-0.367703795433,0.595381617546,-0.257136791945,-0.367703795433
1776811108.05,0.379674226046,0.122974202037,0.43885704875,0.367440253496,0.107993111014,0.342618972063,0.364558011293,0.105606488883,0.243728503585,0.359425514936,0.103365175426,0.142771422863,0.354521423578,0.103464066982,0.0443087667227,0.349954813719,0.108589440584,-0.0529421418905,0.338208645582,0.115147002041,-0.156259000301,0.331441968679,0.123963154852,-0.253961086273,0.325130134821,0.133332118392,-0.373636126518,0.319950520992,0.142042979598,-0.367703795433,0.594652175903,-0.256450861692,-0.367703795433
1776811108.06,0.384001433849,0.126447826624,0.438522934914,0.374078541994,0.117644637823,0.342726588249,0.368966192007,0.117297559977,0.242856755853,0.362401992083,0.117510765791,0.143556460738,0.353702872992,0.118397392333,0.0450289621949,0.346377819777,0.1230821684,-0.0521325618029,0.330708235502,0.128960028291,-0.15480196476,0.319954305887,0.135674774647,-0.252766728401,0.310239851475,0.141628280282,-0.372824370861,0.320407360792,0.147247835994,-0.367703795433,0.5912514925,-0.252157777548,-0.367703795433
1776811108.08,0.388800740242,0.130173370242,0.438056826591,0.376314848661,0.121167995036,0.342900276184,0.370598822832,0.121450871229,0.243020579219,0.363837748766,0.122193716466,0.142990395427,0.353212922812,0.123937882483,0.0448204800487,0.344451874495,0.128067702055,-0.052067771554,0.327637702227,0.133904740214,-0.154786497355,0.317884862423,0.138464927673,-0.250941485167,0.30586618185,0.14408801496,-0.371894031763,0.32122734189,0.15238468349,-0.367703795433,0.588652849197,-0.249476894736,-0.367703795433
1776811108.09,0.394091010094,0.133877679706,0.437170028687,0.380288392305,0.127980053425,0.342373013496,0.372757047415,0.130832135677,0.244099020958,0.363664776087,0.132997393608,0.1430773139,0.352410107851,0.135266914964,0.0448935702443,0.341561168432,0.138864561915,-0.052464440465,0.323107898235,0.144234091043,-0.154799461365,0.31136739254,0.146605700254,-0.250837594271,0.296034395695,0.14925326407,-0.371281862259,0.322405189276,0.157442554832,-0.367703795433,0.582772493362,-0.244005903602,-0.367703795433
1776811108.11,0.398966670036,0.136833399534,0.436388462782,0.380288392305,0.127980053425,0.342373013496,0.372757047415,0.130832135677,0.244099020958,0.363664776087,0.132997393608,0.1430773139,0.352410107851,0.135266914964,0.0448935702443,0.341561168432,0.138864561915,-0.052464440465,0.323107898235,0.144234091043,-0.154799461365,0.31136739254,0.146605700254,-0.250837594271,0.296034395695,0.14925326407,-0.371281862259,0.323934018612,0.162410691381,-0.367703795433,0.578005552292,-0.240657970309,-0.367703795433
1776811108.12,0.403823018074,0.139417245984,0.435340076685,0.386589318514,0.138035207987,0.341009676456,0.375860661268,0.143447294831,0.242567688227,0.363862961531,0.147727817297,0.142966717482,0.350170105696,0.151064604521,0.0466369464993,0.33754119277,0.154193863273,-0.0521925538778,0.316950708628,0.157752797008,-0.153400152922,0.300581276417,0.159451887012,-0.251258850098,0.281091839075,0.159023046494,-0.37089908123,0.325805276632,0.167278721929,-0.367703795433,0.566952347755,-0.233703896403,-0.367703795433
1776811108.14,0.408866018057,0.141566902399,0.434239178896,0.388641566038,0.141279116273,0.340867459774,0.376970022917,0.147705882788,0.243469536304,0.364462703466,0.152028992772,0.142578467727,0.350597470999,0.155938670039,0.0454006865621,0.336629360914,0.159502640367,-0.0514843314886,0.314934909344,0.161905303597,-0.153193712234,0.29929921031,0.161057040095,-0.249068289995,0.277658730745,0.160758346319,-0.369122624397,0.32800886035,0.172036737204,-0.367703795433,0.560098648071,-0.230597704649,-0.367703795433
1776811108.15,0.41390734911,0.143434628844,0.432877391577,0.388641566038,0.141279116273,0.340867459774,0.376970022917,0.147705882788,0.243469536304,0.364462703466,0.152028992772,0.142578467727,0.350597470999,0.155938670039,0.0454006865621,0.336629360914,0.159502640367,-0.0514843314886,0.314934909344,0.161905303597,-0.153193712234,0.29929921031,0.161057040095,-0.249068289995,0.277658730745,0.160758346319,-0.369122624397,0.330533415079,0.176675349474,-0.367703795433,0.546253561974,-0.225232765079,-0.367703795433
1776811108.17,0.419682592154,0.145185083151,0.431279629469,0.395787268877,0.149888068438,0.340253293514,0.380667001009,0.156932368875,0.239316567779,0.364708811045,0.1635633111,0.141696944833,0.349156528711,0.168651595712,0.0453576520085,0.332159072161,0.172557875514,-0.0515868067741,0.307967782021,0.174443975091,-0.153173327446,0.287077814341,0.173739939928,-0.252433925867,0.267855763435,0.168875172734,-0.36682677269,0.333366185427,0.181185856462,-0.367703795433,0.536802530289,-0.220484539866,-0.367703795433
1776811108.18,0.424050241709,0.146330863237,0.429908692837,0.400788396597,0.153019711375,0.33740478754,0.384321898222,0.162228435278,0.238855704665,0.366517335176,0.170210763812,0.141269728541,0.348080664873,0.175208345056,0.0450332835317,0.329883307219,0.178911581635,-0.0511854887009,0.304794847965,0.180139258504,-0.15208402276,0.286935687065,0.177434951067,-0.246615827084,0.261959552765,0.174636691809,-0.366790056229,0.336493462324,0.185560256243,-0.367703795433,0.51916718483,-0.214048564434,-0.367703795433
1776811108.2,0.42913299799,0.147613197565,0.428306877613,0.400788396597,0.153019711375,0.33740478754,0.384321898222,0.162228435278,0.238855704665,0.366517335176,0.170210763812,0.141269728541,0.348080664873,0.175208345056,0.0450332835317,0.329883307219,0.178911581635,-0.0511854887009,0.304794847965,0.180139258504,-0.15208402276,0.286935687065,0.177434951067,-0.246615827084,0.261959552765,0.174636691809,-0.366790056229,0.339900523424,0.189791277051,-0.367703795433,0.510422229767,-0.210965454578,-0.367703795433
1776811108.21,0.43346247077,0.148725539446,0.426723927259,0.40563878417,0.156647533178,0.337498039007,0.388291746378,0.165792092681,0.237262487411,0.367217034101,0.174427255988,0.141120105982,0.347755581141,0.180241808295,0.0445742979646,0.328138232231,0.184071034193,-0.0519605129957,0.302795827389,0.184868380427,-0.149452239275,0.282303065062,0.183488339186,-0.246022373438,0.255960226059,0.181373894215,-0.366245895624,0.343571990728,0.193872511387,-0.367703795433,0.491653650999,-0.200647711754,-0.367703795433
1776811108.23,0.439120799303,0.150252506137,0.424695670605,0.411374539137,0.158830821514,0.334733277559,0.391135662794,0.167596489191,0.234980776906,0.369447499514,0.176700919867,0.139963179827,0.349032133818,0.182675197721,0.0431757718325,0.326613724232,0.188129141927,-0.0523598790169,0.298419952393,0.190896525979,-0.15278545022,0.278291016817,0.190050974488,-0.24690708518,0.251634806395,0.187600940466,-0.367850929499,0.347491890192,0.197798386216,-0.367703795433,0.483477085829,-0.195885002613,-0.367703795433
1776811108.25,0.443973898888,0.151650622487,0.42285862565,0.416506916285,0.160756424069,0.333116412163,0.395861715078,0.169263079762,0.233608961105,0.373909205198,0.176956400275,0.136820465326,0.348359078169,0.184023454785,0.0430440157652,0.326979637146,0.190161600709,-0.0536159425974,0.299742817879,0.192960754037,-0.150567114353,0.275591492653,0.195049881935,-0.24810218811,0.245797753334,0.196244329214,-0.368005901575,0.351643830538,0.20156416297,-0.367703795433,0.467082172632,-0.187925338745,-0.367703795433
1776811108.26,0.44873046875,0.153075665236,0.420913785696,0.419491440058,0.160997822881,0.330556690693,0.397836059332,0.169086709619,0.232708692551,0.374402135611,0.177531257272,0.136384397745,0.349605828524,0.18380908668,0.0405256450176,0.327775776386,0.190462082624,-0.0545056760311,0.299689769745,0.19484756887,-0.151496648788,0.274298936129,0.197598055005,-0.249417364597,0.244704067707,0.199992224574,-0.368992239237,0.356011360884,0.205165982246,-0.367703795433,0.460487276316,-0.183198571205,-0.367703795433
1776811108.27,0.453333735466,0.154528558254,0.418942630291,0.424162954092,0.162681356072,0.329705178738,0.402150481939,0.169570550323,0.230280786753,0.376901775599,0.176797315478,0.134993493557,0.353699058294,0.183128923178,0.0393982976675,0.329462736845,0.190399691463,-0.0556026548147,0.30015206337,0.195909887552,-0.152973890305,0.272256731987,0.202541604638,-0.251568675041,0.244033783674,0.205176562071,-0.367477238178,0.360577851534,0.20860080421,-0.367703795433,0.446425110102,-0.174520015717,-0.367703795433
1776811108.29,0.45794069767,0.156030550599,0.417145043612,0.427255660295,0.16342946887,0.327587276697,0.404480367899,0.16928127408,0.229061365128,0.379939824343,0.1763869524,0.133204966784,0.35311922431,0.18183927238,0.0357797145844,0.330454260111,0.190046235919,-0.0566836297512,0.301557809114,0.196416944265,-0.153834939003,0.272791981697,0.203436508775,-0.25101724267,0.241326153278,0.210988894105,-0.369514763355,0.365327090025,0.211866393685,-0.367703795433,0.440455585718,-0.170666605234,-0.367703795433
1776811108.3,0.462046444416,0.157395809889,0.415351867676,0.432845920324,0.164947196841,0.324842512608,0.409532278776,0.169817864895,0.226290643215,0.384499877691,0.175422593951,0.130135118961,0.359925597906,0.180667683482,0.0350772440434,0.333906620741,0.189236789942,-0.0587709993124,0.303449511528,0.197219699621,-0.155823767185,0.276145994663,0.205069512129,-0.248807519674,0.240043073893,0.217980891466,-0.370494842529,0.370242923498,0.214961305261,-0.367703795433,0.428623765707,-0.164259269834,-0.367703795433
1776811108.32,0.466507554054,0.158983632922,0.413445115089,0.435511797667,0.164758682251,0.322627276182,0.412006407976,0.169989988208,0.22522573173,0.38589283824,0.175233736634,0.130202412605,0.360014826059,0.180668786168,0.0354623869061,0.336416095495,0.188598290086,-0.0608255565166,0.301837056875,0.200223535299,-0.160413891077,0.277265697718,0.207371249795,-0.251517057419,0.240215837955,0.220652356744,-0.37041413784,0.375309795141,0.217884793878,-0.367703795433,0.42385789752,-0.160908862948,-0.367703795433
1776811108.33,0.470090508461,0.16040481627,0.411710321903,0.435511797667,0.164758682251,0.322627276182,0.412006407976,0.169989988208,0.22522573173,0.38589283824,0.175233736634,0.130202412605,0.360014826059,0.180668786168,0.0354623869061,0.336416095495,0.188598290086,-0.0608255565166,0.301837056875,0.200223535299,-0.160413891077,0.277265697718,0.207371249795,-0.251517057419,0.240215837955,0.220652356744,-0.37041413784,0.380512744188,0.220636755228,-0.367703795433,0.418979376554,-0.157085970044,-0.367703795433
1776811108.35,0.473527103662,0.161764293909,0.410131692886,0.435511797667,0.164758682251,0.322627276182,0.412006407976,0.169989988208,0.22522573173,0.38589283824,0.175233736634,0.130202412605,0.360014826059,0.180668786168,0.0354623869061,0.336416095495,0.188598290086,-0.0608255565166,0.301837056875,0.200223535299,-0.160413891077,0.277265697718,0.207371249795,-0.251517057419,0.240215837955,0.220652356744,-0.37041413784,0.38583740592,0.223217695951,-0.367703795433,0.411918073893,-0.149968534708,-0.367703795433
1776811108.36,0.477198988199,0.163316443563,0.408459067345,0.435511797667,0.164758682251,0.322627276182,0.412006407976,0.169989988208,0.22522573173,0.38589283824,0.175233736634,0.130202412605,0.360014826059,0.180668786168,0.0354623869061,0.336416095495,0.188598290086,-0.0608255565166,0.301837056875,0.200223535299,-0.160413891077,0.277265697718,0.207371249795,-0.251517057419,0.240215837955,0.220652356744,-0.37041413784,0.391270309687,0.225628629327,-0.367703795433,0.407583922148,-0.1432159096,-0.367703795433
1776811108.38,0.480276286602,0.164679944515,0.406995028257,0.435511797667,0.164758682251,0.322627276182,0.412006407976,0.169989988208,0.22522573173,0.38589283824,0.175233736634,0.130202412605,0.360014826059,0.180668786168,0.0354623869061,0.336416095495,0.188598290086,-0.0608255565166,0.301837056875,0.200223535299,-0.160413891077,0.277265697718,0.207371249795,-0.251517057419,0.240215837955,0.220652356744,-0.37041413784,0.396798700094,0.227871015668,-0.367703795433,0.404313057661,-0.138173654675,-0.367703795433
1776811108.39,0.482686847448,0.165797710419,0.40593034029,0.435511797667,0.164758682251,0.322627276182,0.412006407976,0.169989988208,0.22522573173,0.38589283824,0.175233736634,0.130202412605,0.360014826059,0.180668786168,0.0354623869061,0.336416095495,0.188598290086,-0.0608255565166,0.301837056875,0.200223535299,-0.160413891077,0.277265697718,0.207371249795,-0.251517057419,0.240215837955,0.220652356744,-0.37041413784,0.402410835028,0.229946643114,-0.367703795433,0.402529269457,-0.134067475796,-0.367703795433
1776811108.41,0.485376805067,0.167035013437,0.404827445745,0.435511797667,0.164758682251,0.322627276182,0.412006407976,0.169989988208,0.22522573173,0.38589283824,0.175233736634,0.130202412605,0.360014826059,0.180668786168,0.0354623869061,0.336416095495,0.188598290086,-0.0608255565166,0.301837056875,0.200223535299,-0.160413891077,0.277265697718,0.207371249795,-0.251517057419,0.240215837955,0.220652356744,-0.37041413784,0.408095747232,0.231857612729,-0.367703795433,0.400317281485,-0.127465590835,-0.367703795433
1776811108.42,0.487265467644,0.167948335409,0.40393024683,0.435511797667,0.164758682251,0.322627276182,0.412006407976,0.169989988208,0.22522573173,0.38589283824,0.175233736634,0.130202412605,0.360014826059,0.180668786168,0.0354623869061,0.336416095495,0.188598290086,-0.0608255565166,0.301837056875,0.200223535299,-0.160413891077,0.277265697718,0.207371249795,-0.251517057419,0.240215837955,0.220652356744,-0.37041413784,0.413843542337,0.233606234193,-0.367703795433,0.399819761515,-0.121044568717,-0.367703795433
1776811108.44,0.488605469465,0.168584913015,0.40335726738,0.435511797667,0.164758682251,0.322627276182,0.412006407976,0.169989988208,0.22522573173,0.38589283824,0.175233736634,0.130202412605,0.360014826059,0.180668786168,0.0354623869061,0.336416095495,0.188598290086,-0.0608255565166,0.301837056875,0.200223535299,-0.160413891077,0.277265697718,0.207371249795,-0.251517057419,0.240215837955,0.220652356744,-0.37041413784,0.419645160437,0.235194921494,-0.367703795433,0.400473624468,-0.117522649467,-0.367703795433
1776811108.45,0.489611387253,0.169052004814,0.402930259705,0.435511797667,0.164758682251,0.322627276182,0.412006407976,0.169989988208,0.22522573173,0.38589283824,0.175233736634,0.130202412605,0.360014826059,0.180668786168,0.0354623869061,0.336416095495,0.188598290086,-0.0608255565166,0.301837056875,0.200223535299,-0.160413891077,0.277265697718,0.207371249795,-0.251517057419,0.240215837955,0.220652356744,-0.37041413784,0.425492495298,0.236626163125,-0.367703795433,0.402337342501,-0.111533932388,-0.367703795433
1776811108.47,0.490032434464,0.169179365039,0.402770370245,0.435511797667,0.164758682251,0.322627276182,0.412006407976,0.169989988208,0.22522573173,0.38589283824,0.175233736634,0.130202412605,0.360014826059,0.180668786168,0.0354623869061,0.336416095495,0.188598290086,-0.0608255565166,0.301837056875,0.200223535299,-0.160413891077,0.277265697718,0.207371249795,-0.251517057419,0.240215837955,0.220652356744,-0.37041413784,0.431378215551,0.23790243268,-0.367703795433,0.403690427542,-0.109384246171,-0.367703795433
1776811108.48,0.49000403285,0.168927103281,0.40285935998,0.435511797667,0.164758682251,0.322627276182,0.412006407976,0.169989988208,0.22522573173,0.38589283824,0.175233736634,0.130202412605,0.360014826059,0.180668786168,0.0354623869061,0.336416095495,0.188598290086,-0.0608255565166,0.301837056875,0.200223535299,-0.160413891077,0.277265697718,0.207371249795,-0.251517057419,0.240215837955,0.220652356744,-0.37041413784,0.437295883894,0.239026129246,-0.367703795433,0.405786663294,-0.105386562645,-0.367703795433
1776811108.5,0.489696860313,0.168402761221,0.40319648385,0.435511797667,0.164758682251,0.322627276182,0.412006407976,0.169989988208,0.22522573173,0.38589283824,0.175233736634,0.130202412605,0.360014826059,0.180668786168,0.0354623869061,0.336416095495,0.188598290086,-0.0608255565166,0.301837056875,0.200223535299,-0.160413891077,0.277265697718,0.207371249795,-0.251517057419,0.240215837955,0.220652356744,-0.37041413784,0.443239837885,0.239999517798,-0.367703795433,0.406957298517,-0.104821749032,-0.367703795433
1776811108.51,0.489170879126,0.167534038424,0.403890818357,0.435511797667,0.164758682251,0.322627276182,0.412006407976,0.169989988208,0.22522573173,0.38589283824,0.175233736634,0.130202412605,0.360014826059,0.180668786168,0.0354623869061,0.336416095495,0.188598290086,-0.0608255565166,0.301837056875,0.200223535299,-0.160413891077,0.277265697718,0.207371249795,-0.251517057419,0.240215837955,0.220652356744,-0.37041413784,0.449205011129,0.240824684501,-0.367703795433,0.408373266459,-0.102229245007,-0.367703795433
1776811108.53,0.488586992025,0.166574031115,0.40472176671,0.435511797667,0.164758682251,0.322627276182,0.412006407976,0.169989988208,0.22522573173,0.38589283824,0.175233736634,0.130202412605,0.360014826059,0.180668786168,0.0354623869061,0.336416095495,0.188598290086,-0.0608255565166,0.301837056875,0.200223535299,-0.160413891077,0.277265697718,0.207371249795,-0.251517057419,0.240215837955,0.220652356744,-0.37041413784,0.455187052488,0.241503506899,-0.367703795433,0.40875467658,-0.102020248771,-0.367703795433
1776811108.55,0.487192213535,0.164242431521,0.406790882349,0.435511797667,0.164758682251,0.322627276182,0.412006407976,0.169989988208,0.22522573173,0.38589283824,0.175233736634,0.130202412605,0.360014826059,0.180668786168,0.0354623869061,0.336416095495,0.188598290086,-0.0608255565166,0.301837056875,0.200223535299,-0.160413891077,0.277265697718,0.207371249795,-0.251517057419,0.240215837955,0.220652356744,-0.37041413784,0.461181968451,0.242037564516,-0.367703795433,0.408619731665,-0.102234758437,-0.367703795433
1776811108.56,0.486397892237,0.162872627378,0.408052563667,0.435511797667,0.164758682251,0.322627276182,0.412006407976,0.169989988208,0.22522573173,0.38589283824,0.175233736634,0.130202412605,0.360014826059,0.180668786168,0.0354623869061,0.336416095495,0.188598290086,-0.0608255565166,0.301837056875,0.200223535299,-0.160413891077,0.277265697718,0.207371249795,-0.251517057419,0.240215837955,0.220652356744,-0.37041413784,0.467186421156,0.242428138852,-0.367703795433,0.408386617899,-0.102224029601,-0.367703795433
1776811108.57,0.485299319029,0.160772964358,0.410086333752,0.435511797667,0.164758682251,0.322627276182,0.412006407976,0.169989988208,0.22522573173,0.38589283824,0.175233736634,0.130202412605,0.360014826059,0.180668786168,0.0354623869061,0.336416095495,0.188598290086,-0.0608255565166,0.301837056875,0.200223535299,-0.160413891077,0.277265697718,0.207371249795,-0.251517057419,0.240215837955,0.220652356744,-0.37041413784,0.473197191954,0.242676228285,-0.367703795433,0.4077462852,-0.102031588554,-0.367703795433
1776811108.59,0.484218329191,0.158560946584,0.412488877773,0.46966996789,0.180705562234,0.310972094536,0.458208888769,0.195752426982,0.213317841291,0.444579869509,0.209475845098,0.115249015391,0.430904000998,0.221950605512,0.0189635232091,0.41532638669,0.231976464391,-0.0781251490116,0.402115553617,0.239574953914,-0.176642507315,0.38333389163,0.247061908245,-0.276029855013,0.366847723722,0.249879181385,-0.39524319768,0.479211419821,0.242782443762,-0.367703795433,0.407613128424,-0.101943209767,-0.367703795433
1776811108.6,0.483071684837,0.156314298511,0.415130198002,0.469300895929,0.179281488061,0.312220782042,0.457857400179,0.194864735007,0.215337842703,0.445209950209,0.208767443895,0.120151676238,0.432938367128,0.220280185342,0.0203397572041,0.420177191496,0.231343880296,-0.0765863507986,0.407019585371,0.238677054644,-0.175459712744,0.392270177603,0.239225521684,-0.273486882448,0.375326901674,0.250277817249,-0.395584434271,0.485226303339,0.242747038603,-0.367703795433,0.408316642046,-0.102115638554,-0.367703795433
1776811108.62,0.482056617737,0.154360070825,0.417476892471,0.469744950533,0.176246210933,0.316378414631,0.457184761763,0.189169853926,0.216321498156,0.447918146849,0.202955022454,0.118857488036,0.436861306429,0.214526548982,0.021089553833,0.426952630281,0.226048156619,-0.0752183794975,0.416050046682,0.234829097986,-0.174112379551,0.402837246656,0.244799152017,-0.274574160576,0.393461197615,0.251725882292,-0.39471539855,0.491239160299,0.242569953203,-0.367703795433,0.408401399851,-0.102128483355,-0.367703795433
1776811108.63,0.480819612741,0.151895210147,0.420813083649,0.469123095274,0.171522557735,0.319499611855,0.458488732576,0.183308377862,0.219119668007,0.449051171541,0.195527523756,0.122240915895,0.441941291094,0.207673072815,0.0237319990993,0.433793097734,0.220071971416,-0.0728729814291,0.426930338144,0.22985522449,-0.172573357821,0.416142851114,0.242977559566,-0.273221582174,0.410857826471,0.253598809242,-0.393328458071,0.497247189283,0.242250725627,-0.367703795433,0.408478468657,-0.102265372872,-0.367703795433
1776811108.65,0.479939192533,0.150019079447,0.423734158278,0.469010382891,0.168411925435,0.321026563644,0.45915338397,0.180655017495,0.222273975611,0.452332109213,0.193461120129,0.123882614076,0.444756835699,0.203465804458,0.0251449123025,0.438774853945,0.216733843088,-0.0715521723032,0.43297329545,0.227244958282,-0.17085531354,0.424188762903,0.240800991654,-0.271712452173,0.422063499689,0.252293080091,-0.39059767127,0.503247261047,0.24178853631,-0.367703795433,0.408312946558,-0.102089554071,-0.367703795433
1776811108.66,0.479160279036,0.1480512321,0.42706567049,0.469457119703,0.164294317365,0.325171589851,0.46226426959,0.174537166953,0.226082623005,0.456115216017,0.185416311026,0.127744674683,0.451226443052,0.195434272289,0.0279905572534,0.447586148977,0.208623126149,-0.0685451775789,0.44796910882,0.22075971961,-0.164552301168,0.43893674016,0.237446352839,-0.269293546677,0.43965575099,0.253369629383,-0.388606697321,0.509236216545,0.241182282567,-0.367703795433,0.407990187407,-0.101959735155,-0.367703795433
1776811108.68,0.478598803282,0.146419748664,0.430229693651,0.46983024478,0.161688685417,0.326595008373,0.463249713182,0.170812681317,0.226435348392,0.458805352449,0.181086421013,0.128073319793,0.455788940191,0.191828578711,0.0302537754178,0.452861756086,0.205571383238,-0.0663557201624,0.4463314116,0.220337048173,-0.169100791216,0.453527122736,0.233082979918,-0.262021303177,0.449152618647,0.252073079348,-0.385712742805,0.515210270882,0.240430504084,-0.367703795433,0.40904250741,-0.102823548019,-0.367703795433
1776811108.69,0.478204965591,0.145172953606,0.433153241873,0.471027046442,0.157084226608,0.330584228039,0.467068344355,0.164701536298,0.230833917856,0.463617354631,0.174271821976,0.133521661162,0.463330954313,0.183404222131,0.0331292375922,0.463352411985,0.197369813919,-0.0641219615936,0.459516853094,0.214086681604,-0.16646951437,0.462107270956,0.230847209692,-0.262778818607,0.468120723963,0.250922262669,-0.380908727646,0.52116549015,0.239531472325,-0.367703795433,0.40889659524,-0.102742210031,-0.367703795433
1776811108.71,0.477907061577,0.144102439284,0.436304420233,0.471674948931,0.155407071114,0.332939684391,0.469131499529,0.161969378591,0.232927635312,0.46656486392,0.170951738954,0.135327890515,0.467500299215,0.179411903024,0.0348487570882,0.468587964773,0.193760946393,-0.0618420094252,0.466370791197,0.210454419255,-0.16376888752,0.474920958281,0.226715818048,-0.257041275501,0.478233367205,0.249197214842,-0.377286851406,0.527096986771,0.238483205438,-0.367703795433,0.408756822348,-0.102633520961,-0.367703795433
1776811108.73,0.477775663137,0.143464133143,0.438958972692,0.474017113447,0.152211621404,0.336922228336,0.47330185771,0.157246723771,0.23657463491,0.473815172911,0.164603382349,0.138904765248,0.47661665082,0.173038765788,0.0390925332904,0.480600446463,0.187030211091,-0.058058783412,0.480634957552,0.205085799098,-0.159752070904,0.486239522696,0.224526003003,-0.25657120347,0.496661812067,0.246383011341,-0.372194081545,0.532999396324,0.23728351295,-0.367703795433,0.408236056566,-0.102079704404,-0.367703795433
1776811108.74,0.477738887072,0.143235698342,0.441231608391,0.475108474493,0.150573611259,0.338749527931,0.475765377283,0.155313268304,0.238605901599,0.477791279554,0.161844134331,0.139291569591,0.481467217207,0.170321330428,0.040978319943,0.486417859793,0.184391304851,-0.0565862804651,0.491383582354,0.200159281492,-0.154490351677,0.498707979918,0.220096439123,-0.249997437,0.505413413048,0.244934692979,-0.370122879744,0.538866758347,0.235930070281,-0.367703795433,0.408385425806,-0.102194026113,-0.367703795433
1776811108.75,0.477737486362,0.143405750394,0.443088918924,0.477542549372,0.149047702551,0.342334955931,0.480909198523,0.152214884758,0.242759048939,0.486057668924,0.157793104649,0.143114119768,0.491060882807,0.165935531259,0.044948771596,0.498380452394,0.179669946432,-0.0526319742203,0.505748271942,0.19519585371,-0.1509950459,0.510332107544,0.217098295689,-0.250167071819,0.522860765457,0.241239592433,-0.366056323051,0.544692158699,0.234420418739,-0.367703795433,0.408323913813,-0.102148301899,-0.367703795433
1776811108.77,0.477784216404,0.143925905228,0.4444411695,0.479217857122,0.148190423846,0.344228476286,0.483828634024,0.151234120131,0.244479462504,0.48930862546,0.157087519765,0.145605102181,0.496521741152,0.164409562945,0.0467219725251,0.504771232605,0.177844405174,-0.0499611794949,0.513073205948,0.193511933088,-0.14848062396,0.519259691238,0.214654937387,-0.249475717545,0.531291604042,0.238858103752,-0.364564538002,0.550467967987,0.232752069831,-0.367703795433,0.409040898085,-0.1028220281,-0.367703795433
1776811108.78,0.477865189314,0.144895747304,0.445386707783,0.481973141432,0.147954002023,0.347020536661,0.489107698202,0.150293961167,0.247103318572,0.497357755899,0.15550455451,0.148379415274,0.506172895432,0.162532553077,0.0501380898058,0.516109704971,0.175152286887,-0.0477150678635,0.5266020298,0.190252885222,-0.144815832376,0.536326408386,0.208964988589,-0.242002248764,0.549284815788,0.232383221388,-0.360167622566,0.556185603142,0.230922564864,-0.367703795433,0.408338934183,-0.102169461548,-0.367703795433
1776811108.8,0.477838814259,0.146110996604,0.445682406425,0.483178526163,0.147940084338,0.348092973232,0.491851776838,0.150271043181,0.248518198729,0.50107562542,0.154844895005,0.149527579546,0.511079192162,0.161842569709,0.0510188527405,0.522355914116,0.17376986146,-0.0457147359848,0.533486247063,0.188689410686,-0.143556803465,0.54435300827,0.206483885646,-0.240257412195,0.557621955872,0.229705035686,-0.359439194202,0.561835408211,0.228929549456,-0.367703795433,0.408351331949,-0.102207235992,-0.367703795433
1776811108.81,0.47771731019,0.1477098912,0.445273041725,0.486037939787,0.149296611547,0.349467724562,0.497101813555,0.151176199317,0.249742999673,0.509128451347,0.155594721437,0.151008844376,0.521353602409,0.161925554276,0.053095843643,0.533563613892,0.173496648669,-0.0439680665731,0.546733856201,0.185890123248,-0.141805708408,0.558690905571,0.202670931816,-0.238505989313,0.574173688889,0.222796082497,-0.35711145401,0.567407011986,0.226770788431,-0.367703795433,0.409017175436,-0.102793246508,-0.367703795433
1776811108.83,0.477512151003,0.149100676179,0.444456338882,0.487125962973,0.149974808097,0.349653840065,0.499804288149,0.15251454711,0.250885128975,0.512866735458,0.156158536673,0.151824533939,0.525804519653,0.162394732237,0.0538516901433,0.540503025055,0.172933652997,-0.0424721986055,0.552811145782,0.185153976083,-0.141518890858,0.566768288612,0.200672566891,-0.236936539412,0.582625865936,0.219254106283,-0.356329500675,0.572889208794,0.224444329739,-0.367703795433,0.408051043749,-0.10211519897,-0.367703795433
1776811108.84,0.477260321379,0.150598451495,0.443152308464,0.489315778017,0.15250992775,0.34961104393,0.504286170006,0.154728278518,0.250507771969,0.519991397858,0.159106209874,0.152761250734,0.535165309906,0.164462476969,0.0551322922111,0.550250411034,0.173368647695,-0.0420541763306,0.56593310833,0.183462664485,-0.14012029767,0.580513715744,0.196381792426,-0.236083626747,0.598168969154,0.211854383349,-0.355616599321,0.578269600868,0.221948549151,-0.367703795433,0.408346444368,-0.102202199399,-0.367703795433
1776811108.86,0.476951539516,0.152260199189,0.441322684288,0.490000396967,0.153831645846,0.349126517773,0.506343841553,0.156450256705,0.25024664402,0.52306842804,0.160666808486,0.15271705389,0.539438724518,0.165721088648,0.0549143142998,0.556581258774,0.17410607636,-0.0410664230585,0.571811199188,0.182719364762,-0.139746814966,0.587697863579,0.194576129317,-0.236087888479,0.606050729752,0.207788184285,-0.355710715055,0.583535194397,0.219282194972,-0.367703795433,0.409024387598,-0.10280803591,-0.367703795433
1776811108.87,0.476597100496,0.153905332088,0.439088612795,0.491338998079,0.156883999705,0.347408801317,0.51001739502,0.160209313035,0.249476149678,0.528800725937,0.163789108396,0.151105448604,0.547396540642,0.168411746621,0.0555397570133,0.565673708916,0.175074547529,-0.0415451824665,0.583447337151,0.181247740984,-0.14026209712,0.600924015045,0.190053775907,-0.235773593187,0.621070027351,0.199658423662,-0.356087744236,0.588671922684,0.21644449234,-0.367703795433,0.408300489187,-0.102150604129,-0.367703795433
1776811108.89,0.476220488548,0.155417308211,0.436511993408,0.492049604654,0.157910466194,0.346681714058,0.511219739914,0.161778792739,0.248382851481,0.53128015995,0.166134253144,0.15066742897,0.55116045475,0.170390427113,0.0553564764559,0.570315361023,0.176027715206,-0.0417508035898,0.58882856369,0.180502906442,-0.140171557665,0.607308983803,0.18757969141,-0.23669564724,0.628903150558,0.195026263595,-0.355770379305,0.593665242195,0.21343524754,-0.367703795433,0.408316582441,-0.102185823023,-0.367703795433
1776811108.9,0.475896596909,0.156740799546,0.433690428734,0.492496937513,0.160836264491,0.343910217285,0.513887166977,0.165679812431,0.246243551373,0.535925984383,0.169823795557,0.148976877332,0.557319641113,0.172994047403,0.0534617416561,0.578530907631,0.176919311285,-0.0427155941725,0.598840117455,0.179622814059,-0.141390621662,0.619468092918,0.182735964656,-0.236924260855,0.642825245857,0.186196237803,-0.356404900551,0.598499774933,0.210254862905,-0.367703795433,0.408995479345,-0.102778427303,-0.367703795433
1776811108.92,0.475631535053,0.157840192318,0.430637955666,0.492337673903,0.162457942963,0.342156648636,0.514695048332,0.16717004776,0.244825348258,0.53781414032,0.171714112163,0.148088797927,0.560143470764,0.173814430833,0.0521968156099,0.582114934921,0.17727895081,-0.043957233429,0.604055762291,0.178333029151,-0.14140355587,0.625115036964,0.180350512266,-0.237437218428,0.649466872215,0.181915432215,-0.356358110905,0.603159666061,0.206904426217,-0.367703795433,0.408292740583,-0.102138586342,-0.367703795433
1776811108.93,0.475413888693,0.158617556095,0.427468746901,0.492378503084,0.164435490966,0.338140726089,0.515699863434,0.169553682208,0.24135966599,0.540174126625,0.173912644386,0.145125254989,0.564602375031,0.176210671663,0.049823589623,0.588747382164,0.177935734391,-0.0455557256937,0.612396478653,0.176601335406,-0.142973899841,0.63603925705,0.175699770451,-0.237892627716,0.662392735481,0.172634765506,-0.356317400932,0.607628703117,0.203385785222,-0.367703795433,0.409041315317,-0.102826446295,-0.367703795433
1776811108.95,0.475288003683,0.15896615386,0.424838334322,0.492388814688,0.164999336004,0.336637735367,0.516092896461,0.170319274068,0.239520177245,0.541148900986,0.174899667501,0.143699914217,0.566442370415,0.176321417093,0.0484807416797,0.591388225555,0.177775889635,-0.046481654048,0.615932703018,0.175806030631,-0.143723100424,0.640295267105,0.173545762897,-0.239542901516,0.668968200684,0.168976053596,-0.357190579176,0.611890435219,0.199701547623,-0.367703795433,0.40831938386,-0.102148771286,-0.367703795433
1776811108.96,0.475288778543,0.159118011594,0.420847207308,0.491704195738,0.166293442249,0.332141548395,0.516418933868,0.171477004886,0.23573897779,0.542441010475,0.17535187304,0.139780297875,0.569214463234,0.176756173372,0.0451215654612,0.595965266228,0.176664754748,-0.0498095154762,0.622364521027,0.17342056334,-0.146298736334,0.649178624153,0.168001681566,-0.240626692772,0.681063890457,0.15981066227,-0.357078284025,0.615928411484,0.19585518539,-0.367703795433,0.408998221159,-0.10278686136,-0.367703795433
1776811108.98,0.47551253438,0.158959984779,0.417579293251,0.491752713919,0.166526675224,0.330000758171,0.516407608986,0.171533033252,0.233238697052,0.543194174767,0.175686538219,0.137811899185,0.570094347,0.176048457623,0.043048478663,0.597749590874,0.175704389811,-0.0518634319305,0.625373482704,0.171286657453,-0.147479981184,0.653431653976,0.166208520532,-0.2411660254,0.686209082603,0.15628349781,-0.357800513506,0.61972618103,0.191850990057,-0.367703795433,0.408338457346,-0.102168485522,-0.367703795433
1776811108.99,0.475947648287,0.15860234201,0.414486289024,0.490977853537,0.166388034821,0.325506269932,0.515942692757,0.170645102859,0.228746786714,0.543670415878,0.174044653773,0.133787617087,0.571656942368,0.173659041524,0.0395088866353,0.600797772408,0.172110527754,-0.0552004128695,0.630349159241,0.166318461299,-0.149713218212,0.660509586334,0.159797772765,-0.243485629559,0.696800708771,0.148454770446,-0.358497738838,0.623267412186,0.187694102526,-0.367703795433,0.409021764994,-0.102809980512,-0.367703795433
1776811109.01,0.476605415344,0.158066079021,0.411563485861,0.490874439478,0.166022256017,0.323082864285,0.515666604042,0.169935315847,0.226053670049,0.543506860733,0.172762647271,0.131682142615,0.571742415428,0.171778917313,0.0371649488807,0.601936459541,0.169881358743,-0.0563979148865,0.632713079453,0.163662046194,-0.150989115238,0.663759350777,0.156241998076,-0.244508624077,0.701722025871,0.144673585892,-0.358548045158,0.626536488533,0.183390542865,-0.367703795433,0.409021705389,-0.102805897593,-0.367703795433
1776811109.03,0.477515339851,0.157404690981,0.409127384424,0.491173952818,0.164500489831,0.319033384323,0.515694975853,0.167375206947,0.222385257483,0.543329358101,0.169228166342,0.1268851161,0.572455406189,0.167139589787,0.0332656800747,0.603317737579,0.16438318789,-0.0602382272482,0.636279225349,0.157041683793,-0.154106110334,0.668611168861,0.150282338262,-0.247040510178,0.709802269936,0.138322547078,-0.360126316547,0.629518270493,0.178947135806,-0.367703795433,0.408294528723,-0.102140821517,-0.367703795433
1776811109.04,0.478923887014,0.156408384442,0.406720906496,0.491207450628,0.163767397404,0.31697461009,0.515316963196,0.166157349944,0.220232889056,0.543094038963,0.166270181537,0.124627955258,0.572590827942,0.163998886943,0.0313080176711,0.604223966599,0.161144912243,-0.0623577386141,0.637300252914,0.153674319386,-0.155711859465,0.671503424644,0.1465318501,-0.247899472713,0.713915109634,0.134790971875,-0.360229372978,0.632198572159,0.174371525645,-0.367703795433,0.408341258764,-0.102149926126,-0.367703795433
1776811109.05,0.480479240417,0.155157208443,0.404756546021,0.491512864828,0.16295529902,0.315228819847,0.515767335892,0.16380918026,0.218447864056,0.542841315269,0.163781285286,0.122474506497,0.572693347931,0.160708129406,0.0294081270695,0.604714512825,0.157433718443,-0.0642378628254,0.638576626778,0.150657832623,-0.157331526279,0.673158407211,0.143267065287,-0.250135987997,0.71691930294,0.132972344756,-0.362056046724,0.634564161301,0.169672071934,-0.367703795433,0.408319562674,-0.10213791579,-0.367703795433
1776811109.07,0.482281446457,0.153513535857,0.403196185827,0.49262675643,0.160360977054,0.311920046806,0.516417264938,0.159436658025,0.214617341757,0.543048381805,0.1575910151,0.119068033993,0.573210716248,0.154036298394,0.0263191908598,0.605245232582,0.149830967188,-0.0677779912949,0.640338182449,0.14307077229,-0.160359710455,0.676793813705,0.136181980371,-0.252109378576,0.722852349281,0.126709744334,-0.363230735064,0.636602878571,0.164857849479,-0.367703795433,0.409025579691,-0.102811977267,-0.367703795433
1776811109.08,0.484411180019,0.151422694325,0.402027219534,0.494941145182,0.156977266073,0.309461772442,0.518074631691,0.154271513224,0.211971580982,0.54409122467,0.150855988264,0.11623698473,0.574068427086,0.146183818579,0.0234137549996,0.605959773064,0.141055360436,-0.0703040659428,0.641876578331,0.134878367186,-0.162537038326,0.678823113441,0.12904727459,-0.25447010994,0.726310133934,0.121292673051,-0.364822745323,0.638304114342,0.15993848443,-0.367703795433,0.409004420042,-0.102787479758,-0.367703795433
1776811109.1,0.486960291862,0.148645922542,0.401192098856,0.496032446623,0.155165195465,0.308233976364,0.519045472145,0.151759758592,0.211005151272,0.544943094254,0.147303953767,0.115213222802,0.57462823391,0.142318159342,0.0221256688237,0.606396436691,0.136944487691,-0.0714699774981,0.642490625381,0.131543383002,-0.164090037346,0.679461121559,0.125978752971,-0.25575247407,0.727757334709,0.118729159236,-0.365878969431,0.63965845108,0.154924169183,-0.367703795433,0.409037381411,-0.102845348418,-0.367703795433
1776811109.11,0.489428460598,0.14567938447,0.400803625584,0.499123185873,0.151060253382,0.306731492281,0.521783828735,0.145993947983,0.209151551127,0.547047972679,0.140557393432,0.113264963031,0.575868368149,0.134007051587,0.0197080001235,0.607599973679,0.129217654467,-0.0734094828367,0.643158316612,0.123972892761,-0.166833430529,0.679874897003,0.119858428836,-0.258029520512,0.728366136551,0.114175930619,-0.368269860744,0.640658140182,0.149825453758,-0.367703795433,0.40903583169,-0.102808758616,-0.367703795433
1776811109.13,0.492333203554,0.141922101378,0.400739252567,0.500908374786,0.148763671517,0.306096494198,0.523312091827,0.143214419484,0.208501815796,0.548735499382,0.137698724866,0.112830109894,0.576959729195,0.130395248532,0.0193891823292,0.608628153801,0.125496715307,-0.074442833662,0.644077777863,0.120732322335,-0.167290657759,0.679923295975,0.116820625961,-0.259417831898,0.728164434433,0.112027384341,-0.370138645172,0.641297101974,0.144653216004,-0.367703795433,0.409025281668,-0.102813541889,-0.367703795433
1776811109.14,0.495514720678,0.137354329228,0.401028901339,0.504798650742,0.143951773643,0.305231660604,0.527141332626,0.137343972921,0.207641020417,0.552023530006,0.131097659469,0.11192112416,0.579785346985,0.123859405518,0.0180164650083,0.610220074654,0.11872266978,-0.0755391269922,0.644130349159,0.114060208201,-0.168987095356,0.679645776749,0.110938474536,-0.261466085911,0.7258040905,0.107885979116,-0.373233377934,0.641570925713,0.139418527484,-0.367703795433,0.409023076296,-0.102797783911,-0.367703795433
1776811109.16,0.498919039965,0.132120773196,0.40164077282,0.506827950478,0.141540497541,0.304995954037,0.529122948647,0.134835287929,0.208049595356,0.553627490997,0.128063648939,0.111278936267,0.581340670586,0.120776437223,0.0179159864783,0.611427426338,0.11571739614,-0.0758995562792,0.644388914108,0.111439615488,-0.169906973839,0.679266810417,0.108554281294,-0.262597799301,0.724491238594,0.105258874595,-0.374129652977,0.641476988792,0.134132504463,-0.367703795433,0.408319801092,-0.102150909603,-0.367703795433
1776811109.17,0.502513408661,0.126377746463,0.402675867081,0.511888742447,0.135438293219,0.305766373873,0.533709049225,0.129184707999,0.208512425423,0.557951927185,0.122634135187,0.111356064677,0.584760069847,0.115709289908,0.017962038517,0.614105939865,0.111159652472,-0.0759946554899,0.645262479782,0.106548503041,-0.170713871717,0.678083539009,0.103610143065,-0.264099270105,0.720099449158,0.10002566129,-0.376108109951,0.64101421833,0.128806263208,-0.367703795433,0.40835788846,-0.102199494839,-0.367703795433
1776811109.19,0.506255805492,0.12004083395,0.404052406549,0.514072775841,0.132024601102,0.306110620499,0.536423206329,0.126575410366,0.209458097816,0.560376048088,0.120374046266,0.112064816058,0.586624264717,0.113593429327,0.0180915519595,0.615338921547,0.108916454017,-0.0760182589293,0.645506978035,0.104303583503,-0.171661764383,0.676758170128,0.101265579462,-0.264741718769,0.717394709587,0.0978241339326,-0.378062576056,0.640183568001,0.123450733721,-0.367703795433,0.409001857042,-0.102787584066,-0.367703795433
1776811109.2,0.510136067867,0.113038882613,0.405629962683,0.519518852234,0.124983623624,0.307317912579,0.541505098343,0.120501331985,0.209746956825,0.565478444099,0.115901246667,0.113630160689,0.590370178223,0.109892584383,0.0187150761485,0.617619156837,0.105676472187,-0.0755306780338,0.645453929901,0.100837342441,-0.170903891325,0.673979043961,0.0979848057032,-0.26581043005,0.709805011749,0.0932213664055,-0.381472975016,0.638987541199,0.118076570332,-0.367703795433,0.409005135298,-0.102788828313,-0.367703795433
1776811109.22,0.514082252979,0.10567060858,0.407397061586,0.52244579792,0.120854325593,0.308293521404,0.544392466545,0.117363043129,0.210627511144,0.567833185196,0.113480038941,0.114033915102,0.592478394508,0.108160331845,0.0191662982106,0.618377327919,0.104189611971,-0.0755266547203,0.645056128502,0.0994299948215,-0.171782076359,0.672313213348,0.0959428176284,-0.266594946384,0.704879522324,0.0911267846823,-0.382877647877,0.637430071831,0.112694084644,-0.367703795433,0.408327907324,-0.102160170674,-0.367703795433
1776811109.23,0.518047809601,0.0977634862065,0.409265607595,0.528247714043,0.112704955041,0.310346961021,0.550278663635,0.111066646874,0.212961882353,0.572621464729,0.108824856579,0.116273857653,0.595863103867,0.104967415333,0.0207389518619,0.619605541229,0.101788297296,-0.0746146738529,0.643874049187,0.0973077192903,-0.171757668257,0.667019248009,0.0929738655686,-0.267570734024,0.696247577667,0.0868132039905,-0.385429114103,0.635516881943,0.107313103974,-0.367703795433,0.4083352983,-0.102160304785,-0.367703795433
1776811109.25,0.521932005882,0.0898296535015,0.411264210939,0.531240463257,0.108525529504,0.311718583107,0.552843213081,0.107157893479,0.21350762248,0.57484292984,0.106239408255,0.116797097027,0.597456336021,0.103366211057,0.0212450921535,0.619791388512,0.100687600672,-0.0742962658405,0.642612218857,0.0963224545121,-0.171351641417,0.66518843174,0.0911991894245,-0.267231374979,0.691494703293,0.0844268798828,-0.386204868555,0.633255004883,0.101942911744,-0.367703795433,0.408327072859,-0.102154769003,-0.367703795433
1776811109.26,0.525799095631,0.0819926336408,0.413331449032,0.537043094635,0.099192738533,0.314050883055,0.557811975479,0.100264579058,0.216228321195,0.578799366951,0.100637272,0.118938632309,0.59919500351,0.0991386920214,0.0230866670609,0.619568824768,0.0979003980756,-0.0732241719961,0.63887822628,0.0930484458804,-0.171144157648,0.658047795296,0.0880176499486,-0.267903357744,0.680294036865,0.0801341086626,-0.387007236481,0.63065290451,0.0965921655297,-0.367703795433,0.409050136805,-0.10281778127,-0.367703795433
1776811109.28,0.529866278172,0.0737636014819,0.415655821562,0.539624214172,0.0942948162556,0.315548837185,0.560027956963,0.0961989313364,0.217168182135,0.580219745636,0.0975089296699,0.120078824461,0.599470973015,0.0965508297086,0.0235457345843,0.618914484978,0.0957140922546,-0.0726725310087,0.636815786362,0.0914304852486,-0.171263039112,0.654188394547,0.0868218392134,-0.268380075693,0.675110697746,0.0786141380668,-0.388019412756,0.62771987915,0.0912688374519,-0.367703795433,0.408997803926,-0.102779261768,-0.367703795433
1776811109.29,0.533579349518,0.066331461072,0.417754620314,0.544606924057,0.0846038758755,0.318276941776,0.563958644867,0.0877421349287,0.219923824072,0.582489132881,0.0905130133033,0.121843852103,0.599854230881,0.0911921411753,0.0253942161798,0.616849660873,0.0910868570209,-0.071402952075,0.631680369377,0.0871930718422,-0.170363306999,0.646609783173,0.0829779654741,-0.267820626497,0.663074493408,0.0748330205679,-0.388081401587,0.624466776848,0.0859801620245,-0.367703795433,0.40906009078,-0.102841824293,-0.367703795433
1776811109.31,0.536303222179,0.0612244904041,0.419349253178,0.546939015388,0.0797648280859,0.319323480129,0.565448880196,0.083349943161,0.220992326736,0.583405971527,0.0870616137981,0.123532637954,0.599507451057,0.0879679322243,0.0266378745437,0.615142345428,0.0882031470537,-0.0703582316637,0.628866195679,0.0846819058061,-0.17021766305,0.642716884613,0.0807674750686,-0.267112165689,0.657222151756,0.0739599689841,-0.388538390398,0.620904803276,0.0807325989008,-0.367703795433,0.408323138952,-0.102147676051,-0.367703795433
1776811109.32,0.54081338644,0.0531492903829,0.421968400478,0.551109433174,0.0700103268027,0.321797251701,0.567592382431,0.0740406066179,0.223269939423,0.583374857903,0.0782613232732,0.125320136547,0.597523570061,0.0796659365296,0.027513846755,0.611319422722,0.0820191651583,-0.0686396211386,0.622356772423,0.0790607854724,-0.16936430335,0.633381962776,0.0764860734344,-0.266624450684,0.644929885864,0.0716541036963,-0.388313800097,0.61704647541,0.0755318105221,-0.367703795433,0.408287733793,-0.102127619088,-0.367703795433
1776811109.34,0.544244349003,0.0477294847369,0.42394477129,0.553110122681,0.0654720291495,0.323434948921,0.568359971046,0.0692347213626,0.224054485559,0.582873225212,0.0736042708158,0.126530796289,0.59620153904,0.0751944035292,0.0286776795983,0.608202576637,0.0774561613798,-0.068670630455,0.618676662445,0.075836867094,-0.168816179037,0.628525018692,0.0738521814346,-0.26633888483,0.638489723206,0.0701427012682,-0.388217002153,0.612904548645,0.0703826248646,-0.367703795433,0.40833196044,-0.102162010968,-0.367703795433
1776811109.35,0.546693086624,0.044165879488,0.425376296043,0.554905176163,0.0609149634838,0.324277818203,0.56905400753,0.0650436356664,0.22617661953,0.582185149193,0.0681735277176,0.126562207937,0.594338536263,0.0705141201615,0.0299020633101,0.605937957764,0.0733435153961,-0.0677837580442,0.614283680916,0.0722039192915,-0.16778215766,0.623264670372,0.0716644749045,-0.266359388828,0.632480740547,0.0689502507448,-0.387898296118,0.608492493629,0.0652890652418,-0.367703795433,0.408328086138,-0.102190651,-0.367703795433
1776811109.37,0.550448417664,0.039227090776,0.42746797204,0.557950854301,0.0523962937295,0.326880037785,0.569649815559,0.0549939088523,0.227517679334,0.579932928085,0.0577894039452,0.128080606461,0.589868545532,0.0602310374379,0.0306124463677,0.598626613617,0.0639499649405,-0.0670738220215,0.605684041977,0.064597427845,-0.166869670153,0.612270593643,0.0661722943187,-0.264611303806,0.620017766953,0.0664695054293,-0.388060599566,0.603823900223,0.0602543279529,-0.367703795433,0.408329516649,-0.102194741368,-0.367703795433
1776811109.38,0.55340886116,0.0357814282179,0.42903444171,0.560331821442,0.0447145774961,0.32919806242,0.569323778152,0.0457779169083,0.229771703482,0.577467679977,0.0473967939615,0.130022108555,0.584447145462,0.0502466410398,0.0333057790995,0.591805100441,0.0543359704316,-0.0651488304138,0.595902442932,0.0565148182213,-0.166405200958,0.600901722908,0.0606285594404,-0.264221817255,0.606515049934,0.0652120932937,-0.385951817036,0.598912835121,0.0552808232605,-0.367703795433,0.409006267786,-0.102802619338,-0.367703795433
1776811109.4,0.556065738201,0.0330489985645,0.430365949869,0.561532616615,0.0410537980497,0.329846024513,0.569041728973,0.0411450788379,0.229826718569,0.575729608536,0.0423569977283,0.130400389433,0.581447720528,0.0445579849184,0.0324563682079,0.587522506714,0.0492232516408,-0.0648254305124,0.591546654701,0.0521134473383,-0.165054440498,0.594948768616,0.0580316781998,-0.264148652554,0.600244283676,0.0645037591457,-0.385382473469,0.59377348423,0.0503701642156,-0.367703795433,0.409000068903,-0.102799586952,-0.367703795433
1776811109.41,0.558543920517,0.0309945028275,0.431474864483,0.561532616615,0.0410537980497,0.329846024513,0.569041728973,0.0411450788379,0.229826718569,0.575729608536,0.0423569977283,0.130400389433,0.581447720528,0.0445579849184,0.0324563682079,0.587522506714,0.0492232516408,-0.0648254305124,0.591546654701,0.0521134473383,-0.165054440498,0.594948768616,0.0580316781998,-0.264148652554,0.600244283676,0.0645037591457,-0.385382473469,0.588420033455,0.0455232150853,-0.367703795433,0.408345073462,-0.102155044675,-0.367703795433
1776811109.43,0.560822665691,0.0296211317182,0.432420104742,0.564331412315,0.0321423411369,0.332841575146,0.567576050758,0.0298646893352,0.232660233974,0.569994091988,0.0289263483137,0.133104965091,0.57207596302,0.0297497212887,0.034683316946,0.574724674225,0.0352605693042,-0.0627341717482,0.576629638672,0.0406723469496,-0.162996351719,0.578662395477,0.0488442182541,-0.261682242155,0.580504179001,0.060324691236,-0.382897853851,0.582866430283,0.0407401248813,-0.367703795433,0.409025102854,-0.102804169059,-0.367703795433
1776811109.44,0.562835454941,0.0288539901376,0.432928711176,0.565400719643,0.0282170288265,0.334096431732,0.565862178802,0.0236388146877,0.23406688869,0.566399693489,0.0227127391845,0.136662304401,0.565642237663,0.0224111936986,0.0373149737716,0.566500425339,0.0260534919798,-0.0624416917562,0.565138339996,0.0332112684846,-0.162246406078,0.566572546959,0.0440043136477,-0.260279119015,0.567281961441,0.0578016899526,-0.380879938602,0.577126979828,0.0360203608871,-0.367703795433,0.409057587385,-0.102833539248,-0.367703795433
1776811109.46,0.564648449421,0.0285444576293,0.433239340782,0.565650343895,0.026559414342,0.33489716053,0.565226793289,0.0214400961995,0.23463961482,0.564115762711,0.0190795380622,0.135725036263,0.56276679039,0.0184667669237,0.0366256535053,0.562612175941,0.0227068755776,-0.0617059618235,0.561318993568,0.0304158888757,-0.160825967789,0.561311602592,0.0415572077036,-0.258740663528,0.560298681259,0.0557573102415,-0.379866272211,0.571215391159,0.0313627459109,-0.367703795433,0.408336371183,-0.102157130837,-0.367703795433
1776811109.47,0.566341936588,0.0286737475544,0.433249086142,0.566386818886,0.0243055894971,0.335485726595,0.563693642616,0.0178108680993,0.235483825207,0.561056017876,0.0143405450508,0.136503607035,0.55675303936,0.0138281453401,0.0394197702408,0.554458737373,0.0187753774226,-0.0590199381113,0.551909685135,0.025231666863,-0.159342139959,0.549610495567,0.0368071198463,-0.257337480783,0.545100808144,0.0535299107432,-0.381258815527,0.565145373344,0.0267655029893,-0.367703795433,0.409010380507,-0.102797850966,-0.367703795433
1776811109.49,0.567426264286,0.028952697292,0.433019250631,0.566727876663,0.0238121505827,0.335691392422,0.562972307205,0.0172714907676,0.235977753997,0.558363318443,0.01304785721,0.136884883046,0.553745388985,0.0117047987878,0.0393373221159,0.550900101662,0.0161135718226,-0.0586870610714,0.54720044136,0.0235124994069,-0.158409625292,0.543477535248,0.034276869148,-0.25813627243,0.538579940796,0.0508748404682,-0.380016773939,0.558930158615,0.0222263131291,-0.367703795433,0.408306628466,-0.102132484317,-0.367703795433
1776811109.5,0.568422555923,0.0293650776148,0.432505607605,0.56732571125,0.0237715225667,0.33588463068,0.561177611351,0.0164534952492,0.236681595445,0.555970072746,0.0117366807535,0.137622341514,0.549261212349,0.00999189633876,0.0393048748374,0.543422937393,0.0133374771103,-0.0586034655571,0.537539839745,0.0201238505542,-0.157613277435,0.532594203949,0.0298776775599,-0.257303237915,0.52516913414,0.0462430454791,-0.380103677511,0.552582979202,0.0177423413843,-0.367703795433,0.408279925585,-0.102107644081,-0.367703795433
1776811109.52,0.569187283516,0.0297929625958,0.431766659021,0.567482590675,0.0239758398384,0.335810720921,0.560895204544,0.0166878253222,0.236067891121,0.554599285126,0.0118969697505,0.137990906835,0.547025322914,0.00975291337818,0.04008153826,0.540207982063,0.0131228500977,-0.0579173862934,0.53346323967,0.0179885718971,-0.158583194017,0.528008103371,0.028680279851,-0.256617069244,0.519398093224,0.0419223792851,-0.378741562366,0.546116471291,0.0133102908731,-0.367703795433,0.408329635859,-0.102159164846,-0.367703795433
1776811109.53,0.569773674011,0.030122872442,0.430747121572,0.567623376846,0.0256893150508,0.335178017616,0.559765815735,0.0185806434602,0.236126631498,0.551135778427,0.0134467324242,0.137060910463,0.542214751244,0.0106567097828,0.0390065088868,0.534119606018,0.0132049871609,-0.0581874400377,0.525789141655,0.0169488210231,-0.159051299095,0.517481088638,0.0251126606017,-0.256863594055,0.504543781281,0.0378168523312,-0.380798101425,0.539543151855,0.00892645120621,-0.367703795433,0.408320337534,-0.10218000412,-0.367703795433
1776811109.55,0.570161283016,0.0304090455174,0.429569035769,0.567539572716,0.02653391473,0.335107445717,0.55938231945,0.0199283063412,0.234626695514,0.550061941147,0.015233063139,0.136390581727,0.540065526962,0.0126593187451,0.0397508218884,0.531277418137,0.0139544028789,-0.0587074458599,0.521218895912,0.0159601923078,-0.159331649542,0.512482881546,0.0233584139496,-0.257031083107,0.498545020819,0.0343666672707,-0.381148815155,0.532875299454,0.00458673853427,-0.367703795433,0.408327370882,-0.102165013552,-0.367703795433
1776811109.56,0.570345342159,0.0305484291166,0.428213775158,0.567382216454,0.0280569139868,0.332955002785,0.558384537697,0.0236766394228,0.234510630369,0.547936201096,0.0196142494678,0.136333465576,0.537605762482,0.0161775480956,0.0383573845029,0.526007890701,0.0166525803506,-0.0593539625406,0.514383673668,0.016765171662,-0.160043269396,0.500984787941,0.0209730435163,-0.258355557919,0.485943228006,0.0268672518432,-0.381885737181,0.526124596596,0.000286740192678,-0.367703795433,0.408327966928,-0.102160781622,-0.367703795433
1776811109.58,0.570365786552,0.0305119287223,0.426800757647,0.566979646683,0.028791250661,0.332222998142,0.557662844658,0.0254558864981,0.23372900486,0.547679305077,0.0216502156109,0.134738355875,0.534764766693,0.018763711676,0.0375857800245,0.523132562637,0.0181911159307,-0.0607330203056,0.510097146034,0.0169690568,-0.160502940416,0.495647102594,0.0197576619685,-0.259326994419,0.480077713728,0.0227512978017,-0.380516201258,0.519302845001,-0.00397824216634,-0.367703795433,0.409023553133,-0.10280778259,-0.367703795433
1776811109.59,0.57021099329,0.0302874408662,0.425308525562,0.566109657288,0.0307342913002,0.330267727375,0.556079149246,0.0286728553474,0.23157890141,0.544757723808,0.0262862704694,0.132659435272,0.53166782856,0.0239011514932,0.0365593135357,0.518837451935,0.0220869425684,-0.0622850507498,0.502287745476,0.0191072225571,-0.162593096495,0.487879782915,0.0180241558701,-0.259033858776,0.467768520117,0.0156082194299,-0.380936294794,0.512421131134,-0.00821315310895,-0.367703795433,0.408972591162,-0.102740652859,-0.367703795433
1776811109.61,0.569880902767,0.0298009198159,0.423787266016,0.565603256226,0.032188821584,0.330323338509,0.555361032486,0.0304620210081,0.230669260025,0.543586492538,0.0287151243538,0.13134765625,0.530482411385,0.0265183635056,0.0341972410679,0.517142415047,0.0245199836791,-0.0625685155392,0.499057143927,0.0200478639454,-0.163068056107,0.483761578798,0.0174905788153,-0.259368032217,0.461319059134,0.0131236836314,-0.382233291864,0.505490779877,-0.0124231409281,-0.367703795433,0.408311873674,-0.102164447308,-0.367703795433
1776811109.62,0.569315552711,0.0290519800037,0.422164559364,0.564168691635,0.0333538874984,0.327954441309,0.55352628231,0.0332577675581,0.228416055441,0.541784644127,0.0331087857485,0.129193812609,0.527331352234,0.0310429148376,0.0333479046822,0.511888384819,0.0282534081489,-0.0644395053387,0.493803113699,0.0218272767961,-0.163310736418,0.475186556578,0.0150086218491,-0.260445863008,0.451198548079,0.0052820565179,-0.381324887276,0.498522669077,-0.0166135206819,-0.367703795433,0.408340841532,-0.102162912488,-0.367703795433
1776811109.64,0.568809747696,0.0284246280789,0.421063810587,0.563088536263,0.0334893576801,0.326720297337,0.551694869995,0.0350355990231,0.228760391474,0.540227293968,0.0346860699356,0.128407627344,0.525817036629,0.0329293124378,0.032489053905,0.509729027748,0.0295975394547,-0.0652683377266,0.490521520376,0.0205039940774,-0.164306551218,0.471479505301,0.0139592019841,-0.258724868298,0.446424692869,0.00245952559635,-0.381395161152,0.491527587175,-0.0207897350192,-0.367703795433,0.408975213766,-0.102728396654,-0.367703795433
1776811109.65,0.567850410938,0.0272853039205,0.419318318367,0.561478018761,0.0332824550569,0.324232876301,0.550508260727,0.0363139621913,0.225782975554,0.535982966423,0.0373565293849,0.127766311169,0.521042943001,0.0357505530119,0.0313335359097,0.504653215408,0.031464766711,-0.0666959583759,0.48358938098,0.0225514601916,-0.163989901543,0.464183479548,0.0105921542272,-0.260928571224,0.43524941802,-0.00322166085243,-0.382511883974,0.484516113997,-0.0249573215842,-0.367703795433,0.408978968859,-0.102656744421,-0.367703795433
1776811109.67,0.566754639149,0.0262151714414,0.417900085449,0.560393691063,0.0337055511773,0.324107527733,0.549287080765,0.0364981256425,0.224929094315,0.535353779793,0.0380663461983,0.126023828983,0.519533753395,0.036653149873,0.0299434661865,0.501906871796,0.0319731533527,-0.0672623515129,0.481358915567,0.0208570919931,-0.165946036577,0.462660163641,0.00904809962958,-0.261801987886,0.43206563592,-0.00681167840958,-0.381568819284,0.477498918772,-0.0291218683124,-0.367703795433,0.40899631381,-0.102676436305,-0.367703795433
1776811109.68,0.565577685833,0.0251969471574,0.416730344296,0.558354496956,0.0321250706911,0.321524322033,0.545189857483,0.0360081791878,0.224161565304,0.530715107918,0.0378315113485,0.12611939013,0.514264822006,0.036476649344,0.0292079150677,0.496519476175,0.0308935120702,-0.0684256851673,0.474743753672,0.0195146948099,-0.166758924723,0.453874260187,0.00656612263992,-0.258124262094,0.423221081495,-0.011751611717,-0.382990717888,0.470486611128,-0.0332889892161,-0.367703795433,0.408244937658,-0.101949729025,-0.367703795433
1776811109.7,0.564453840256,0.0243122503161,0.415887713432,0.557122945786,0.0319087319076,0.321282714605,0.543700098991,0.0354259349406,0.223369702697,0.52852678299,0.0371334142983,0.125273704529,0.512630343437,0.0348341353238,0.026967830956,0.493665784597,0.0298373475671,-0.0685189515352,0.471429139376,0.0181155111641,-0.167111992836,0.453693956137,0.00423133885488,-0.259348392487,0.422160118818,-0.0145539902151,-0.381718546152,0.463489741087,-0.0374642722309,-0.367703795433,0.408246427774,-0.101970538497,-0.367703795433
1776811109.71,0.56225502491,0.0228734444827,0.414554148912,0.554342627525,0.0296261943877,0.319435119629,0.541220784187,0.0327534675598,0.221118018031,0.524423360825,0.0334288328886,0.123130068183,0.506999731064,0.0310701839626,0.0267257466912,0.488246113062,0.0259419828653,-0.0701679587364,0.465877860785,0.0140848299488,-0.168687552214,0.448884695768,0.000937634147704,-0.258602559566,0.415024727583,-0.0171809494495,-0.382311493158,0.456518918276,-0.0416532605886,-0.367703795433,0.408799022436,-0.102648578584,-0.367703795433
1776811109.73,0.560646831989,0.0219697318971,0.413791716099,0.554342627525,0.0296261943877,0.319435119629,0.541220784187,0.0327534675598,0.221118018031,0.524423360825,0.0334288328886,0.123130068183,0.506999731064,0.0310701839626,0.0267257466912,0.488246113062,0.0259419828653,-0.0701679587364,0.465877860785,0.0140848299488,-0.168687552214,0.448884695768,0.000937634147704,-0.258602559566,0.415024727583,-0.0171809494495,-0.382311493158,0.44958499074,-0.0458614081144,-0.367703795433,0.408239811659,-0.101946786046,-0.367703795433
1776811109.74,0.558997809887,0.0212127529085,0.413213074207,0.554342627525,0.0296261943877,0.319435119629,0.541220784187,0.0327534675598,0.221118018031,0.524423360825,0.0334288328886,0.123130068183,0.506999731064,0.0310701839626,0.0267257466912,0.488246113062,0.0259419828653,-0.0701679587364,0.465877860785,0.0140848299488,-0.168687552214,0.448884695768,0.000937634147704,-0.258602559566,0.415024727583,-0.0171809494495,-0.382311493158,0.442698866129,-0.0500940419734,-0.367703795433,0.408029824495,-0.101952336729,-0.367703795433
1776811109.76,0.556119322777,0.0201979298145,0.41258084774,0.554342627525,0.0296261943877,0.319435119629,0.541220784187,0.0327534675598,0.221118018031,0.524423360825,0.0334288328886,0.123130068183,0.506999731064,0.0310701839626,0.0267257466912,0.488246113062,0.0259419828653,-0.0701679587364,0.465877860785,0.0140848299488,-0.168687552214,0.448884695768,0.000937634147704,-0.258602559566,0.415024727583,-0.0171809494495,-0.382311493158,0.435871630907,-0.054356329143,-0.367703795433,0.408775836229,-0.102614209056,-0.367703795433
1776811109.77,0.553722143173,0.0195777118206,0.412264347076,0.554342627525,0.0296261943877,0.319435119629,0.541220784187,0.0327534675598,0.221118018031,0.524423360825,0.0334288328886,0.123130068183,0.506999731064,0.0310701839626,0.0267257466912,0.488246113062,0.0259419828653,-0.0701679587364,0.465877860785,0.0140848299488,-0.168687552214,0.448884695768,0.000937634147704,-0.258602559566,0.415024727583,-0.0171809494495,-0.382311493158,0.429114609957,-0.0586532242596,-0.367703795433,0.408816248178,-0.102743431926,-0.367703795433
1776811109.79,0.550915539265,0.0189497936517,0.412149399519,0.554342627525,0.0296261943877,0.319435119629,0.541220784187,0.0327534675598,0.221118018031,0.524423360825,0.0334288328886,0.123130068183,0.506999731064,0.0310701839626,0.0267257466912,0.488246113062,0.0259419828653,-0.0701679587364,0.465877860785,0.0140848299488,-0.168687552214,0.448884695768,0.000937634147704,-0.258602559566,0.415024727583,-0.0171809494495,-0.382311493158,0.422439366579,-0.0629894584417,-0.367703795433,0.408123701811,-0.10206900537,-0.367703795433
1776811109.8,0.547965943813,0.0182358771563,0.41225206852,0.536707162857,0.0165161937475,0.316882163286,0.521223664284,0.00961262453347,0.217276901007,0.503545999527,0.00291870604269,0.120627865195,0.486310452223,-0.0037900917232,0.0244190394878,0.46584752202,-0.00953991059214,-0.0742284804583,0.444552868605,-0.0143356239423,-0.171070992947,0.427899450064,-0.0997336804867,-0.309106647968,0.397790402174,-0.0231245663017,-0.388496726751,0.415857762098,-0.0673694610596,-0.367703795433,0.409144729376,-0.102695845068,-0.367703795433
1776811109.82,0.54476493597,0.0173718128353,0.412554323673,0.536707162857,0.0165161937475,0.316882163286,0.521223664284,0.00961262453347,0.217276901007,0.503545999527,0.00291870604269,0.120627865195,0.486310452223,-0.0037900917232,0.0244190394878,0.46584752202,-0.00953991059214,-0.0742284804583,0.444552868605,-0.0143356239423,-0.171070992947,0.427899450064,-0.0997336804867,-0.309106647968,0.397790402174,-0.0231245663017,-0.388496726751,0.409381896257,-0.0717973411083,-0.367703795433,0.409180253744,-0.10291005671,-0.367703795433
1776811109.83,0.541362226009,0.0163009613752,0.413178354502,0.530179381371,0.0123653979972,0.316618651152,0.51383125782,0.00252775824629,0.219459742308,0.49675783515,-0.00639934977517,0.122450739145,0.478906661272,-0.0150722479448,0.0243517458439,0.460561901331,-0.0199018530548,-0.0732240378857,0.44197973609,-0.0238641444594,-0.17132204771,0.418876498938,-0.0225413311273,-0.270445644855,0.396355718374,-0.0240838676691,-0.38873192668,0.403024286032,-0.0762768536806,-0.367703795433,0.408145040274,-0.102025114,-0.367703795433
1776811109.85,0.537793815136,0.014873652719,0.414015233517,0.530179381371,0.0123653979972,0.316618651152,0.51383125782,0.00252775824629,0.219459742308,0.49675783515,-0.00639934977517,0.122450739145,0.478906661272,-0.0150722479448,0.0243517458439,0.460561901331,-0.0199018530548,-0.0732240378857,0.44197973609,-0.0238641444594,-0.17132204771,0.418876498938,-0.0225413311273,-0.270445644855,0.396355718374,-0.0240838676691,-0.38873192668,0.396797567606,-0.080811329186,-0.367703795433,0.409077852964,-0.102939046919,-0.367703795433
1776811109.86,0.534023404121,0.0130675574765,0.415125399828,0.523253083229,0.00876568537205,0.317937165499,0.508662223816,-0.0025216373615,0.219619527459,0.492132455111,-0.0131504908204,0.122048452497,0.473927289248,-0.0221112389117,0.0252963379025,0.456056624651,-0.0271441340446,-0.0731439292431,0.439088732004,-0.0290329903364,-0.170403450727,0.417031258345,-0.0258830171078,-0.27040579915,0.397425323725,-0.0252750013024,-0.388236016035,0.390714913607,-0.0854036360979,-0.367703795433,0.409109681845,-0.102960467339,-0.367703795433
1776811109.88,0.530180633068,0.0107080722228,0.416492015123,0.520904541016,0.00709798559546,0.317244708538,0.505607962608,-0.00322035234421,0.221629172564,0.490193039179,-0.0143227912486,0.12241307646,0.472138732672,-0.0227647796273,0.0264282375574,0.455780535936,-0.0276481211185,-0.0718623250723,0.438476771116,-0.0301565378904,-0.170466899872,0.417265802622,-0.0265660975128,-0.27043223381,0.398008733988,-0.0255122017115,-0.388998836279,0.38478961587,-0.0900561437011,-0.367703795433,0.409082978964,-0.102943532169,-0.367703795433
1776811109.89,0.526206016541,0.00765577424318,0.418097555637,0.516105890274,0.00517220934853,0.318802952766,0.501531243324,-0.00511762406677,0.220433652401,0.486456006765,-0.0145795717835,0.123776480556,0.469990164042,-0.0244117863476,0.0266172215343,0.453917592764,-0.0286685507745,-0.0721376240253,0.437172144651,-0.0303637068719,-0.170049935579,0.417184919119,-0.0271636676043,-0.270668268204,0.399553149939,-0.0269982293248,-0.3892570436,0.379035264254,-0.0947706773877,-0.367703795433,0.409072846174,-0.102915249765,-0.367703795433
1776811109.91,0.522095322609,0.00377392093651,0.419840484858,0.513601183891,0.00401089387015,0.319471418858,0.499711245298,-0.00538681680337,0.222317546606,0.48502472043,-0.0145480399951,0.124640733004,0.469424456358,-0.0228193346411,0.0270955264568,0.453833311796,-0.0279989782721,-0.0715595334768,0.436773329973,-0.0302347242832,-0.170388609171,0.418255597353,-0.0275559481233,-0.269912064075,0.401357978582,-0.0277446564287,-0.388260453939,0.373465746641,-0.0995484665036,-0.367703795433,0.408136337996,-0.10200406611,-0.367703795433
1776811109.92,0.517839312553,-0.000943339895457,0.421851277351,0.510957717896,0.00257905805483,0.320660859346,0.497085303068,-0.00592931872234,0.22252291441,0.481901377439,-0.0142784900963,0.12699072063,0.468581467867,-0.0217889416963,0.027389138937,0.454212158918,-0.0265063326806,-0.0702598839998,0.436455339193,-0.0296679902822,-0.169885843992,0.419170171022,-0.0277008991688,-0.269072920084,0.402607113123,-0.0283587425947,-0.38792976737,0.368095010519,-0.104390084743,-0.367703795433,0.408489435911,-0.102246128023,-0.367703795433
1776811109.94,0.513413310051,-0.00652122544125,0.423835247755,0.510957717896,0.00257905805483,0.320660859346,0.497085303068,-0.00592931872234,0.22252291441,0.481901377439,-0.0142784900963,0.12699072063,0.468581467867,-0.0217889416963,0.027389138937,0.454212158918,-0.0265063326806,-0.0702598839998,0.436455339193,-0.0296679902822,-0.169885843992,0.419170171022,-0.0277008991688,-0.269072920084,0.402607113123,-0.0283587425947,-0.38792976737,0.362937301397,-0.109295457602,-0.367703795433,0.40921625495,-0.102985046804,-0.367703795433
1776811109.95,0.5090072155,-0.012799561955,0.426081418991,0.510957717896,0.00257905805483,0.320660859346,0.497085303068,-0.00592931872234,0.22252291441,0.481901377439,-0.0142784900963,0.12699072063,0.468581467867,-0.0217889416963,0.027389138937,0.454212158918,-0.0265063326806,-0.0702598839998,0.436455339193,-0.0296679902822,-0.169885843992,0.419170171022,-0.0277008991688,-0.269072920084,0.402607113123,-0.0283587425947,-0.38792976737,0.358006685972,-0.114263780415,-0.367703795433,0.408341377974,-0.102166831493,-0.367703795433
1776811109.97,0.504479110241,-0.0198297295719,0.428215444088,0.510957717896,0.00257905805483,0.320660859346,0.497085303068,-0.00592931872234,0.22252291441,0.481901377439,-0.0142784900963,0.12699072063,0.468581467867,-0.0217889416963,0.027389138937,0.454212158918,-0.0265063326806,-0.0702598839998,0.436455339193,-0.0296679902822,-0.169885843992,0.419170171022,-0.0277008991688,-0.269072920084,0.402607113123,-0.0283587425947,-0.38792976737,0.353317350149,-0.119293488562,-0.367703795433,0.408287495375,-0.102195054293,-0.367703795433
1776811109.98,0.499853014946,-0.0276710297912,0.430334717035,0.510957717896,0.00257905805483,0.320660859346,0.497085303068,-0.00592931872234,0.22252291441,0.481901377439,-0.0142784900963,0.12699072063,0.468581467867,-0.0217889416963,0.027389138937,0.454212158918,-0.0265063326806,-0.0702598839998,0.436455339193,-0.0296679902822,-0.169885843992,0.419170171022,-0.0277008991688,-0.269072920084,0.402607113123,-0.0283587425947,-0.38792976737,0.348883360624,-0.124382257462,-0.367703795433,0.409096688032,-0.102891050279,-0.367703795433
1776811110,0.494770824909,-0.0368169657886,0.432392120361,0.510957717896,0.00257905805483,0.320660859346,0.497085303068,-0.00592931872234,0.22252291441,0.481901377439,-0.0142784900963,0.12699072063,0.468581467867,-0.0217889416963,0.027389138937,0.454212158918,-0.0265063326806,-0.0702598839998,0.436455339193,-0.0296679902822,-0.169885843992,0.419170171022,-0.0277008991688,-0.269072920084,0.402607113123,-0.0283587425947,-0.38792976737,0.344718366861,-0.12952695787,-0.367703795433,0.409152776003,-0.102887973189,-0.367703795433
1776811110.01,0.489546984434,-0.0465967655182,0.434261739254,0.510957717896,0.00257905805483,0.320660859346,0.497085303068,-0.00592931872234,0.22252291441,0.481901377439,-0.0142784900963,0.12699072063,0.468581467867,-0.0217889416963,0.027389138937,0.454212158918,-0.0265063326806,-0.0702598839998,0.436455339193,-0.0296679902822,-0.169885843992,0.419170171022,-0.0277008991688,-0.269072920084,0.402607113123,-0.0283587425947,-0.38792976737,0.340835899115,-0.134723618627,-0.367703795433,0.408947080374,-0.102804630995,-0.367703795433
1776811110.03,0.485246837139,-0.0548108331859,0.435723006725,0.510957717896,0.00257905805483,0.320660859346,0.497085303068,-0.00592931872234,0.22252291441,0.481901377439,-0.0142784900963,0.12699072063,0.468581467867,-0.0217889416963,0.027389138937,0.454212158918,-0.0265063326806,-0.0702598839998,0.436455339193,-0.0296679902822,-0.169885843992,0.419170171022,-0.0277008991688,-0.269072920084,0.402607113123,-0.0283587425947,-0.38792976737,0.337248831987,-0.139967486262,-0.367703795433,0.408258408308,-0.102130062878,-0.367703795433
1776811110.04,0.480123519897,-0.0647872686386,0.43707755208,0.478709727526,-0.0363906659186,0.338106453419,0.474720925093,-0.0241371784359,0.238860145211,0.469711512327,-0.0138441966847,0.141252279282,0.463812857866,-0.00929077155888,0.0427614748478,0.458439677954,-0.00803861580789,-0.0553231537342,0.449800282717,-0.0143661368638,-0.156474351883,0.441377431154,-0.022135399282,-0.255250513554,0.44080594182,-0.0609765611589,-0.424141854048,0.333969503641,-0.145252972841,-0.367703795433,0.410316199064,-0.102883681655,-0.367703795433
1776811110.06,0.475030750036,-0.0749143585563,0.438418388367,0.478709727526,-0.0363906659186,0.338106453419,0.474720925093,-0.0241371784359,0.238860145211,0.469711512327,-0.0138441966847,0.141252279282,0.463812857866,-0.00929077155888,0.0427614748478,0.458439677954,-0.00803861580789,-0.0553231537342,0.449800282717,-0.0143661368638,-0.156474351883,0.441377431154,-0.022135399282,-0.255250513554,0.44080594182,-0.0609765611589,-0.424141854048,0.331009417772,-0.150573670864,-0.367703795433,0.409198492765,-0.102856107056,-0.367703795433
1776811110.07,0.469484806061,-0.0859983414412,0.439508795738,0.478709727526,-0.0363906659186,0.338106453419,0.474720925093,-0.0241371784359,0.238860145211,0.469711512327,-0.0138441966847,0.141252279282,0.463812857866,-0.00929077155888,0.0427614748478,0.458439677954,-0.00803861580789,-0.0553231537342,0.449800282717,-0.0143661368638,-0.156474351883,0.441377431154,-0.022135399282,-0.255250513554,0.44080594182,-0.0609765611589,-0.424141854048,0.328379303217,-0.155922427773,-0.367703795433,0.408737868071,-0.102503158152,-0.367703795433
1776811110.09,0.464478254318,-0.0960777029395,0.440297007561,0.478709727526,-0.0363906659186,0.338106453419,0.474720925093,-0.0241371784359,0.238860145211,0.469711512327,-0.0138441966847,0.141252279282,0.463812857866,-0.00929077155888,0.0427614748478,0.458439677954,-0.00803861580789,-0.0553231537342,0.449800282717,-0.0143661368638,-0.156474351883,0.441377431154,-0.022135399282,-0.255250513554,0.44080594182,-0.0609765611589,-0.424141854048,0.326088756323,-0.161291331053,-0.367703795433,0.408629447222,-0.102405406535,-0.367703795433
1776811110.1,0.459153056145,-0.106750927866,0.44105130434,0.461494475603,-0.0740177631378,0.343787908554,0.46146145463,-0.0596247315407,0.244309484959,0.46200081706,-0.0447493419051,0.147010698915,0.461472958326,-0.0351860001683,0.0488050356507,0.461066991091,-0.0279977936298,-0.0493418872356,0.459140151739,-0.0263818558306,-0.150332152843,0.454886287451,-0.0251327380538,-0.251329094172,0.45332083106,-0.0295068826526,-0.371398746967,0.32414624095,-0.16667175293,-0.367703795433,0.407854288816,-0.101719938219,-0.367703795433
1776811110.12,0.45364177227,-0.117974534631,0.441550463438,0.458527177572,-0.0814154967666,0.344385832548,0.458856076002,-0.0670450553298,0.245506197214,0.460778921843,-0.0536152645946,0.145900338888,0.461751013994,-0.0416996963322,0.049292229116,0.461982995272,-0.0340175069869,-0.0493289381266,0.460854202509,-0.0307730101049,-0.149569988251,0.458479374647,-0.0275905001909,-0.248894631863,0.457107156515,-0.0279670469463,-0.370279222727,0.322558909655,-0.172054484487,-0.367703795433,0.408495098352,-0.102241024375,-0.367703795433
1776811110.13,0.448123782873,-0.129137188196,0.441938787699,0.452243894339,-0.0963070988655,0.345426380634,0.454265803099,-0.08292170614,0.245983824134,0.457152158022,-0.0688083022833,0.148377776146,0.459920912981,-0.0573392622173,0.0501166768372,0.461206167936,-0.046878810972,-0.0485990345478,0.463811963797,-0.0391155742109,-0.147920012474,0.463096052408,-0.0317105315626,-0.247350037098,0.463669210672,-0.0241812933236,-0.369460642338,0.321332544088,-0.177429720759,-0.367703795433,0.408434361219,-0.102224394679,-0.367703795433
1776811110.15,0.44289702177,-0.139818832278,0.442066937685,0.449240297079,-0.104422964156,0.344889044762,0.451759785414,-0.0914649441838,0.245628386736,0.455520659685,-0.0771868675947,0.148637518287,0.45810970664,-0.0662334561348,0.0490305200219,0.461246520281,-0.0538200363517,-0.0485166758299,0.464142173529,-0.0444034077227,-0.147630602121,0.465315371752,-0.0342698916793,-0.246318340302,0.467820435762,-0.0233503431082,-0.367638766766,0.320471316576,-0.182787209749,-0.367703795433,0.408395200968,-0.102210186422,-0.367703795433
1776811110.16,0.436953037977,-0.15187188983,0.441990107298,0.442745298147,-0.119999416173,0.346001654863,0.446822196245,-0.108042418957,0.246740430593,0.451691359282,-0.094696238637,0.148528411984,0.453960627317,-0.0813627615571,0.0467429831624,0.462118297815,-0.0689937844872,-0.0471777319908,0.466155797243,-0.0550952777267,-0.145917832851,0.470762521029,-0.0397677347064,-0.243132889271,0.47542193532,-0.0210824441165,-0.363685846329,0.319977909327,-0.188116312027,-0.367703795433,0.408365935087,-0.102194756269,-0.367703795433
1776811110.18,0.431404471397,-0.163016304374,0.44156101346,0.439681142569,-0.127836406231,0.345673084259,0.444298118353,-0.116667374969,0.245998650789,0.44980815053,-0.103771686554,0.147972494364,0.452575773001,-0.0896929204464,0.0466170012951,0.460770636797,-0.0762887448072,-0.047448605299,0.467231541872,-0.0598219782114,-0.144916176796,0.472980350256,-0.0420196391642,-0.241600096226,0.478346794844,-0.019940873608,-0.362498164177,0.31985321641,-0.193406105042,-0.367703795433,0.4083571136,-0.102179326117,-0.367703795433
1776811110.19,0.425845623016,-0.174068927765,0.440797150135,0.433104902506,-0.14416384697,0.345885694027,0.439337044954,-0.133172348142,0.246220171452,0.44614520669,-0.121487498283,0.14746569097,0.450178533792,-0.106309592724,0.046632103622,0.46140602231,-0.0903200134635,-0.0461847186089,0.468832105398,-0.0707042440772,-0.143200099468,0.476758092642,-0.0475168116391,-0.239041864872,0.485519617796,-0.0190435424447,-0.357269197702,0.320096462965,-0.198645502329,-0.367703795433,0.408356517553,-0.102196969092,-0.367703795433
1776811110.21,0.421200096607,-0.183097273111,0.439911097288,0.4301032722,-0.15179617703,0.345412880182,0.436503916979,-0.141567215323,0.246051639318,0.443716615438,-0.129634574056,0.146243274212,0.448444217443,-0.113588325679,0.0463106185198,0.461651235819,-0.0967412814498,-0.0450648665428,0.469366937876,-0.0759092643857,-0.143555670977,0.478957742453,-0.0505843870342,-0.237542390823,0.488595038652,-0.0182669311762,-0.35564866662,0.320705145597,-0.203823357821,-0.367703795433,0.408288449049,-0.102117806673,-0.367703795433
1776811110.22,0.415170103312,-0.194588705897,0.43829613924,0.42320856452,-0.167135626078,0.344479888678,0.431152373552,-0.157216861844,0.245212197304,0.437896937132,-0.144402563572,0.14360716939,0.446375995874,-0.128920868039,0.0459605529904,0.461113899946,-0.108958907425,-0.0452346354723,0.470927089453,-0.0849114954472,-0.141574025154,0.482017189264,-0.0555508621037,-0.235235929489,0.494511991739,-0.0192240327597,-0.3513661623,0.321674972773,-0.208928629756,-0.367703795433,0.409024566412,-0.102797545493,-0.367703795433
1776811110.24,0.410013586283,-0.203998491168,0.436578184366,0.419973522425,-0.174443051219,0.343696802855,0.428142815828,-0.164807498455,0.244358941913,0.43751296401,-0.152771323919,0.145048201084,0.445182293653,-0.135283783078,0.0454857572913,0.460583478212,-0.11550912261,-0.0457926988602,0.471568614244,-0.0888396576047,-0.140901684761,0.483735531569,-0.0582834333181,-0.234233140945,0.497459739447,-0.0200341623276,-0.349975287914,0.323000013828,-0.213950395584,-0.367703795433,0.408329695463,-0.102161549032,-0.367703795433
1776811110.25,0.405000180006,-0.212871581316,0.434472352266,0.416703373194,-0.181314155459,0.342863053083,0.425485402346,-0.171855583787,0.243515685201,0.433366507292,-0.157942920923,0.141740366817,0.443880170584,-0.141530349851,0.0449783802032,0.460245579481,-0.12082464993,-0.0458233356476,0.472600549459,-0.0930623337626,-0.141196012497,0.485082954168,-0.060833003372,-0.232975780964,0.500502824783,-0.0215744432062,-0.348226755857,0.32467263937,-0.218878060579,-0.367703795433,0.408332973719,-0.102157637477,-0.367703795433
1776811110.27,0.400285959244,-0.220957279205,0.432195425034,0.410209804773,-0.193815499544,0.340184211731,0.419352322817,-0.184894561768,0.240241289139,0.431918591261,-0.172569409013,0.142629235983,0.44106349349,-0.152372553945,0.0429936945438,0.459237962961,-0.129613697529,-0.0463743209839,0.473579615355,-0.10021866858,-0.140988379717,0.488234013319,-0.0663822963834,-0.231964021921,0.505702972412,-0.024762077257,-0.345628768206,0.326683670282,-0.223701417446,-0.367703795433,0.408325642347,-0.102156020701,-0.367703795433
1776811110.28,0.395345002413,-0.229010567069,0.429512411356,0.40378293395,-0.205399870872,0.337758600712,0.414206296206,-0.196266904473,0.237554013729,0.426544398069,-0.182786330581,0.140139639378,0.43810531497,-0.16223949194,0.041583403945,0.458313852549,-0.138011217117,-0.0473090708256,0.474849194288,-0.107106596231,-0.141626477242,0.490813344717,-0.0719372108579,-0.232052922249,0.510457277298,-0.0293863005936,-0.344405382872,0.329022437334,-0.228410795331,-0.367703795433,0.409005910158,-0.102807916701,-0.367703795433
1776811110.3,0.391591310501,-0.234863877296,0.427114963531,0.401095539331,-0.210442230105,0.336262881756,0.410965889692,-0.200944632292,0.23573076725,0.424599021673,-0.187271088362,0.138652518392,0.438080877066,-0.167071655393,0.0413015037775,0.457652300596,-0.141459554434,-0.0487807691097,0.474622219801,-0.109920501709,-0.141442656517,0.491998583078,-0.074730373919,-0.231978178024,0.512451887131,-0.0321013741195,-0.344665914774,0.331677049398,-0.232997044921,-0.367703795433,0.408979266882,-0.10277788341,-0.367703795433
1776811110.31,0.387867718935,-0.240527793765,0.424565166235,0.395082503557,-0.219451636076,0.332802653313,0.406244724989,-0.208845555782,0.232881128788,0.420711487532,-0.194627329707,0.135608866811,0.434247344732,-0.173129066825,0.0383688285947,0.456010431051,-0.147707074881,-0.050999045372,0.474990874529,-0.115974538028,-0.143651545048,0.49389693141,-0.0811653733253,-0.233776569366,0.516764760017,-0.0381111316383,-0.345683932304,0.334634274244,-0.237451776862,-0.367703795433,0.409005373716,-0.10279302299,-0.367703795433
1776811110.33,0.38467130065,-0.245145067573,0.421975165606,0.392557710409,-0.223044082522,0.331156820059,0.403862982988,-0.212777629495,0.231224268675,0.418805748224,-0.197245389223,0.134345978498,0.435049086809,-0.178725227714,0.0394312590361,0.455489009619,-0.149925291538,-0.0514845252037,0.474620193243,-0.11915114522,-0.144663244486,0.494422644377,-0.0844754874706,-0.23474997282,0.517889738083,-0.0421213582158,-0.34669932723,0.337879925966,-0.241767257452,-0.367703795433,0.40901491046,-0.102808788419,-0.367703795433
1776811110.34,0.382107913494,-0.248762562871,0.419531673193,0.387582153082,-0.229692369699,0.327567905188,0.398723691702,-0.217048108578,0.22718578577,0.413106590509,-0.200243711472,0.129039734602,0.431335777044,-0.180160194635,0.0339791700244,0.453640073538,-0.154782369733,-0.0544985830784,0.474154919386,-0.125693053007,-0.148161351681,0.495868176222,-0.0918803140521,-0.237890601158,0.521042585373,-0.0504504293203,-0.349956065416,0.341399103403,-0.245936602354,-0.367703795433,0.408325642347,-0.102155707777,-0.367703795433
1776811110.36,0.380366563797,-0.251328587532,0.417304635048,0.385373800993,-0.231812447309,0.325962245464,0.397808164358,-0.219473004341,0.226608753204,0.41174903512,-0.202118754387,0.127695083618,0.428998738527,-0.181728869677,0.0326751172543,0.452949613333,-0.156552836299,-0.0557902902365,0.473532050848,-0.128375425935,-0.149697095156,0.495937734842,-0.0952871143818,-0.239822655916,0.52240729332,-0.0554526597261,-0.351669728756,0.345176011324,-0.249953746796,-0.367703795433,0.408316999674,-0.102155841887,-0.367703795433
1776811110.37,0.379281640053,-0.252962559462,0.414984762669,0.382315665483,-0.235603988171,0.322725117207,0.394775003195,-0.222169965506,0.223224580288,0.408733159304,-0.204354971647,0.124670751393,0.426648646593,-0.184203878045,0.0297948494554,0.451076358557,-0.160963907838,-0.0593918263912,0.473088115454,-0.133171707392,-0.152639210224,0.49604639411,-0.102507680655,-0.243665754795,0.52411198616,-0.0655945837498,-0.356074512005,0.349194616079,-0.253813445568,-0.367703795433,0.409017711878,-0.102798484266,-0.367703795433
1776811110.39,0.379208475351,-0.253210574389,0.413538843393,0.381049960852,-0.237006112933,0.321451544762,0.393351107836,-0.223225235939,0.222138553858,0.407294422388,-0.205607578158,0.123384073377,0.425424605608,-0.185361564159,0.0288997814059,0.449778527021,-0.162828683853,-0.0610738396645,0.472345203161,-0.136142507195,-0.154763251543,0.495828360319,-0.107677489519,-0.245905548334,0.524633169174,-0.0717601105571,-0.358246028423,0.353438407183,-0.25751131773,-0.367703795433,0.408998161554,-0.102804481983,-0.367703795433
1776811110.4,0.379898548126,-0.252575099468,0.412063419819,0.380064338446,-0.238338306546,0.318458974361,0.391786545515,-0.224333062768,0.219551414251,0.40542075038,-0.206075683236,0.120695956051,0.423428624868,-0.186711981893,0.0254231020808,0.44831469655,-0.165275231004,-0.0641909092665,0.470691353083,-0.141396179795,-0.158566474915,0.494765490294,-0.115564249456,-0.250260025263,0.525114059448,-0.0834921374917,-0.363560914993,0.357890814543,-0.26104387641,-0.367703795433,0.408953934908,-0.102829575539,-0.367703795433
1776811110.42,0.381318062544,-0.250817775726,0.410796284676,0.379729658365,-0.238577827811,0.317332416773,0.391307741404,-0.224641010165,0.218455016613,0.40443316102,-0.206388518214,0.119092136621,0.422856539488,-0.187737762928,0.0244498625398,0.447216659784,-0.166725933552,-0.0659600347281,0.469929367304,-0.14453792572,-0.160703122616,0.494528919458,-0.120321929455,-0.252635627985,0.524279117584,-0.0907174646854,-0.366304218769,0.362535446882,-0.264408409595,-0.367703795433,0.408992379904,-0.102829158306,-0.367703795433
1776811110.43,0.383318960667,-0.248042210937,0.409755051136,0.380518704653,-0.237836509943,0.315490305424,0.391547292471,-0.224069267511,0.216044574976,0.404451936483,-0.207049354911,0.11706982553,0.421817749739,-0.189295843244,0.0219648480415,0.445772975683,-0.169808134437,-0.0690034478903,0.468102365732,-0.14997728169,-0.16424292326,0.492190152407,-0.129368066788,-0.257231026888,0.523154139519,-0.103451631963,-0.372009783983,0.367355972528,-0.267603009939,-0.367703795433,0.408349364996,-0.101956859231,-0.367703795433
1776811110.45,0.386007994413,-0.244185164571,0.40882652998,0.380518704653,-0.237836509943,0.315490305424,0.391547292471,-0.224069267511,0.216044574976,0.404451936483,-0.207049354911,0.11706982553,0.421817749739,-0.189295843244,0.0219648480415,0.445772975683,-0.169808134437,-0.0690034478903,0.468102365732,-0.14997728169,-0.16424292326,0.492190152407,-0.129368066788,-0.257231026888,0.523154139519,-0.103451631963,-0.372009783983,0.372336655855,-0.270626544952,-0.367703795433,0.408193737268,-0.101939678192,-0.367703795433
1776811110.46,0.389478981495,-0.239074036479,0.408025115728,0.384422272444,-0.233990058303,0.312968552113,0.394662886858,-0.222162798047,0.213365793228,0.405687123537,-0.206993758678,0.11352840066,0.422111183405,-0.191723704338,0.017912261188,0.441358953714,-0.174616441131,-0.0774119198322,0.465876489878,-0.160538747907,-0.170467942953,0.489525169134,-0.143842741847,-0.264247953892,0.519263744354,-0.125703915954,-0.380559712648,0.377461999655,-0.273478537798,-0.367703795433,0.408373683691,-0.101837664843,-0.367703795433
1776811110.48,0.393910169601,-0.232248857617,0.407342225313,0.385962933302,-0.231888309121,0.312414944172,0.396366685629,-0.2210893929,0.212760195136,0.407418102026,-0.207269221544,0.112232707441,0.422907739878,-0.193246141076,0.016646951437,0.441702216864,-0.176976710558,-0.0789243280888,0.464290171862,-0.164543122053,-0.17274788022,0.488489896059,-0.149581834674,-0.26682010293,0.51656126976,-0.133705943823,-0.383410692215,0.382717341185,-0.27615916729,-0.367703795433,0.409081965685,-0.102541178465,-0.367703795433
1776811110.49,0.397689551115,-0.226094052196,0.406876087189,0.390911191702,-0.226509124041,0.311089754105,0.399315804243,-0.217910021544,0.210270285606,0.410314053297,-0.206665784121,0.110564604402,0.42466494441,-0.196442231536,0.0147171765566,0.441976040602,-0.183258965611,-0.081631064415,0.463835567236,-0.173908799887,-0.176817536354,0.485169440508,-0.161406517029,-0.271870493889,0.511566877365,-0.149278745055,-0.389664202929,0.388088732958,-0.278669118881,-0.367703795433,0.408833891153,-0.102718241513,-0.367703795433
1776811110.51,0.401621431112,-0.219395726919,0.40648022294,0.39369353652,-0.223459124565,0.31093493104,0.402089506388,-0.216070383787,0.209775388241,0.413942843676,-0.207648351789,0.112006723881,0.426316827536,-0.197676464915,0.0128173902631,0.442555934191,-0.186720371246,-0.0832628011703,0.462573319674,-0.178443625569,-0.178838044405,0.482484072447,-0.168177455664,-0.274552553892,0.509004235268,-0.157059520483,-0.392354816198,0.393562883139,-0.281009614468,-0.367703795433,0.408294886351,-0.101883813739,-0.367703795433
1776811110.52,0.407016187906,-0.209714487195,0.40603557229,0.399472504854,-0.216373667121,0.309904128313,0.407683819532,-0.211812540889,0.208687543869,0.418828874826,-0.207391396165,0.110615447164,0.431010514498,-0.202277824283,0.0135676115751,0.44379273057,-0.19339248538,-0.0858058035374,0.459228664637,-0.187590673566,-0.183827549219,0.47907397151,-0.181025490165,-0.278177529573,0.501720905304,-0.172366335988,-0.397604972124,0.399127572775,-0.283182293177,-0.367703795433,0.408273428679,-0.102276302874,-0.367703795433
1776811110.54,0.411569148302,-0.201061308384,0.40569704771,0.403124123812,-0.212468057871,0.309469819069,0.410782188177,-0.20994451642,0.208336338401,0.421887606382,-0.207270950079,0.110712565482,0.433060020208,-0.203950107098,0.0127662047744,0.444246023893,-0.197092905641,-0.0873329788446,0.459168165922,-0.193158745766,-0.185283720493,0.476658910513,-0.187896251678,-0.281285047531,0.498157948256,-0.180959478021,-0.399466663599,0.40477129817,-0.285189032555,-0.367703795433,0.408676058054,-0.10265994072,-0.367703795433
1776811110.55,0.416763275862,-0.190652549267,0.405382156372,0.40967002511,-0.203866913915,0.30883154273,0.417254239321,-0.205876469612,0.207824259996,0.426978379488,-0.206657364964,0.109308645129,0.436644285917,-0.206629514694,0.0108549371362,0.448672264814,-0.20552136004,-0.0861653238535,0.461958557367,-0.20352473855,-0.183997780085,0.473040372133,-0.201126277447,-0.283293128014,0.48991432786,-0.197643175721,-0.403200060129,0.410483568907,-0.287032067776,-0.367703795433,0.408371180296,-0.102086998522,-0.367703795433
1776811110.57,0.421564012766,-0.180541902781,0.405101418495,0.413027912378,-0.199838623405,0.308642506599,0.420451253653,-0.203676298261,0.207572311163,0.428512126207,-0.20539277792,0.107645682991,0.438734978437,-0.208120137453,0.0104388818145,0.450668245554,-0.208575233817,-0.0857981741428,0.461604744196,-0.208453387022,-0.184928655624,0.470566064119,-0.207584246993,-0.283918648958,0.484829753637,-0.205592900515,-0.404015749693,0.416254848242,-0.288713753223,-0.367703795433,0.408414870501,-0.102136343718,-0.367703795433
1776811110.58,0.426283478737,-0.170151814818,0.404881000519,0.419883161783,-0.190518260002,0.307992219925,0.427215129137,-0.198007792234,0.207280546427,0.435169428587,-0.205021619797,0.108387559652,0.443292051554,-0.211128041148,0.0108901932836,0.449666768312,-0.213172882795,-0.0886254757643,0.459730356932,-0.218703955412,-0.186148285866,0.466752260923,-0.220424026251,-0.28468722105,0.475741773844,-0.222933828831,-0.405060976744,0.422076433897,-0.290236532688,-0.367703795433,0.409557729959,-0.102885261178,-0.367703795433
1776811110.6,0.429810136557,-0.16215890646,0.404765993357,0.423339277506,-0.18583355844,0.308383226395,0.430291503668,-0.195434808731,0.207767888904,0.439190477133,-0.204381152987,0.110330842435,0.445245474577,-0.211858317256,0.011323094368,0.450871437788,-0.215863704681,-0.0885066688061,0.458777576685,-0.222671583295,-0.185703217983,0.463591784239,-0.226283341646,-0.28572717309,0.470674604177,-0.231263443828,-0.405495136976,0.427940577269,-0.291602909565,-0.367703795433,0.409540146589,-0.102859824896,-0.367703795433
1776811110.61,0.434991717339,-0.150119647384,0.404681801796,0.429586201906,-0.175549596548,0.308809697628,0.436137109995,-0.188655495644,0.208418801427,0.442620366812,-0.200941577554,0.109371699393,0.44866374135,-0.212362930179,0.0122849568725,0.452425986528,-0.220970585942,-0.0866527110338,0.455890983343,-0.231324583292,-0.18545165658,0.458132296801,-0.23831820488,-0.283337831497,0.459873050451,-0.247605219483,-0.404717713594,0.433840364218,-0.292815327644,-0.367703795433,0.409405976534,-0.102918952703,-0.367703795433
1776811110.63,0.438969194889,-0.140869766474,0.404693841934,0.429586201906,-0.175549596548,0.308809697628,0.436137109995,-0.188655495644,0.208418801427,0.442620366812,-0.200941577554,0.109371699393,0.44866374135,-0.212362930179,0.0122849568725,0.452425986528,-0.220970585942,-0.0866527110338,0.455890983343,-0.231324583292,-0.18545165658,0.458132296801,-0.23831820488,-0.283337831497,0.459873050451,-0.247605219483,-0.404717713594,0.439769655466,-0.293876111507,-0.367703795433,0.408914238214,-0.102783091366,-0.367703795433
1776811110.64,0.442722260952,-0.132432982326,0.404768258333,0.43773445487,-0.158443853259,0.308450460434,0.443423420191,-0.176578253508,0.209765255451,0.447997778654,-0.193443030119,0.11122174561,0.450609177351,-0.210658058524,0.014127291739,0.451446264982,-0.224772945046,-0.0837392956018,0.4535189569,-0.242874279618,-0.180184364319,0.44935503602,-0.254998236895,-0.279266744852,0.44472309947,-0.271319776773,-0.400208801031,0.445723026991,-0.294787526131,-0.367703795433,0.408356875181,-0.102167658508,-0.367703795433
1776811110.66,0.445874810219,-0.12572312355,0.40492528677,0.43773445487,-0.158443853259,0.308450460434,0.443423420191,-0.176578253508,0.209765255451,0.447997778654,-0.193443030119,0.11122174561,0.450609177351,-0.210658058524,0.014127291739,0.451446264982,-0.224772945046,-0.0837392956018,0.4535189569,-0.242874279618,-0.180184364319,0.44935503602,-0.254998236895,-0.279266744852,0.44472309947,-0.271319776773,-0.400208801031,0.451695710421,-0.295551478863,-0.367703795433,0.408315986395,-0.102201752365,-0.367703795433
1776811110.67,0.449692904949,-0.118255153298,0.405183494091,0.444111317396,-0.142094880342,0.308650195599,0.447920411825,-0.16237090528,0.210479676723,0.449888020754,-0.183338314295,0.112504385412,0.451854914427,-0.207196787,0.0195196345448,0.447768002748,-0.226842612028,-0.080424323678,0.446636468172,-0.248225837946,-0.170795410872,0.439240068197,-0.26926535368,-0.273068606853,0.431166321039,-0.293924629688,-0.391929537058,0.45768353343,-0.296169817448,-0.367703795433,0.408351808786,-0.102224491537,-0.367703795433
1776811110.69,0.452921867371,-0.112923949957,0.405389904976,0.445983499289,-0.137085288763,0.308734595776,0.448698729277,-0.157733470201,0.210468783975,0.448581069708,-0.179401859641,0.112310394645,0.44872495532,-0.203349977732,0.017097748816,0.446453005075,-0.226126030087,-0.0783639848232,0.444778054953,-0.251492351294,-0.17083722353,0.43553814292,-0.274111449718,-0.270831733942,0.426749974489,-0.30128544569,-0.388581186533,0.463682860136,-0.296643942595,-0.367703795433,0.408364087343,-0.10222004354,-0.367703795433
1776811110.7,0.456012368202,-0.108874998987,0.405644208193,0.449701875448,-0.128667905927,0.309498548508,0.450255900621,-0.14993840456,0.210748225451,0.448238700628,-0.172317534685,0.11271455884,0.446096092463,-0.199214786291,0.0189722776413,0.441509217024,-0.224723383784,-0.0769331753254,0.43731328845,-0.255187034607,-0.170419275761,0.428152531385,-0.280415803194,-0.266203552485,0.418507546186,-0.31420981884,-0.382356643677,0.469690293074,-0.296975076199,-0.367703795433,0.408853858709,-0.102798052132,-0.367703795433
1776811110.72,0.459073990583,-0.106081776321,0.405947864056,0.450924485922,-0.125211104751,0.309458494186,0.450606614351,-0.146416306496,0.210861235857,0.44844570756,-0.16971424222,0.113489441574,0.446431964636,-0.198601335287,0.0224140956998,0.439163118601,-0.223647907376,-0.076008528471,0.433625608683,-0.255768716335,-0.168809711933,0.424756139517,-0.284187555313,-0.263185322285,0.414339631796,-0.32053142786,-0.378814846277,0.475702852011,-0.297163963318,-0.367703795433,0.408286601305,-0.102198503911,-0.367703795433
1776811110.73,0.462194234133,-0.104413673282,0.406308919191,0.453055351973,-0.120274022222,0.309474527836,0.451003998518,-0.140703886747,0.211433649063,0.447980314493,-0.16411164403,0.115702137351,0.440291553736,-0.191566258669,0.0195451751351,0.433563560247,-0.221272319555,-0.0741795450449,0.427506357431,-0.257277071476,-0.166108429432,0.417632073164,-0.289896667004,-0.258693009615,0.407153099775,-0.332270771265,-0.371767997742,0.481717675924,-0.297211170197,-0.367703795433,0.408275216818,-0.102192245424,-0.367703795433
1776811110.75,0.465277135372,-0.103835992515,0.406611770391,0.454481810331,-0.118222929537,0.310206443071,0.45100274682,-0.137734338641,0.213734418154,0.445372313261,-0.161839857697,0.114175885916,0.440836638212,-0.191851943731,0.0229618102312,0.431415587664,-0.220170840621,-0.073230728507,0.424138873816,-0.256767660379,-0.164723604918,0.413835555315,-0.291518986225,-0.2574608922,0.403470426798,-0.337099552155,-0.368551671505,0.487732082605,-0.297116756439,-0.367703795433,0.408214658499,-0.102231368423,-0.367703795433
1776811110.76,0.468382030725,-0.104236096144,0.406840890646,0.456335097551,-0.115892365575,0.310349225998,0.451012760401,-0.134692952037,0.213787257671,0.441781312227,-0.15778131783,0.11429490149,0.433800905943,-0.186423376203,0.0211317837238,0.425567120314,-0.218099504709,-0.0722453445196,0.418119877577,-0.25769007206,-0.162122160196,0.407239407301,-0.296169668436,-0.252196848392,0.396640986204,-0.346247017384,-0.361941039562,0.493743270636,-0.29688051343,-0.367703795433,0.408244341612,-0.10226790607,-0.367703795433
1776811110.78,0.471559554338,-0.105512589216,0.407050102949,0.457379668951,-0.11553800106,0.310453027487,0.450613111258,-0.133922532201,0.213816061616,0.441868931055,-0.157160565257,0.116171933711,0.43224260211,-0.185371860862,0.0213496163487,0.422317117453,-0.217180877924,-0.0718826800585,0.415227562189,-0.258495122194,-0.161033898592,0.40161266923,-0.296951532364,-0.253892183304,0.392732828856,-0.350027471781,-0.359471231699,0.499748319387,-0.296501845121,-0.367703795433,0.408978015184,-0.103295303881,-0.367703795433
1776811110.79,0.474534451962,-0.107361868024,0.407064080238,0.459384709597,-0.115644283593,0.311874955893,0.449928373098,-0.133045226336,0.21473915875,0.439815610647,-0.157610729337,0.11758839339,0.427878350019,-0.184135302901,0.0216153040528,0.419845372438,-0.2182187289,-0.0672242790461,0.404374092817,-0.256573975086,-0.162753224373,0.39788672328,-0.300856053829,-0.247963905334,0.386463373899,-0.356180667877,-0.354658633471,0.505744218826,-0.29597979784,-0.367703795433,0.408952742815,-0.103260427713,-0.367703795433
1776811110.81,0.477845668793,-0.110020272434,0.407065480947,0.46099331975,-0.116541050375,0.311474144459,0.450225383043,-0.134094446898,0.214824348688,0.437882512808,-0.156167820096,0.115489698946,0.426942914724,-0.184296831489,0.0229080319405,0.417617827654,-0.218090042472,-0.0672413408756,0.403438180685,-0.257556349039,-0.161179065704,0.395111352205,-0.302036076784,-0.246797204018,0.382726579905,-0.358494788408,-0.353507518768,0.511727452278,-0.295313090086,-0.367703795433,0.408217340708,-0.102561943233,-0.367703795433
1776811110.82,0.481449365616,-0.113509587944,0.40693578124,0.463142126799,-0.11899574846,0.311320483685,0.45087197423,-0.135514169931,0.2159897089,0.436688154936,-0.156885102391,0.116155795753,0.423497587442,-0.185365721583,0.0228033810854,0.410684496164,-0.217981919646,-0.0697698742151,0.402673095465,-0.262867808342,-0.156641662121,0.389832109213,-0.305630743504,-0.245713949203,0.376968055964,-0.362098008394,-0.351156771183,0.517694234848,-0.294500201941,-0.367703795433,0.408969789743,-0.103288911283,-0.367703795433
1776811110.84,0.484199792147,-0.116548642516,0.406837284565,0.464567214251,-0.120856031775,0.31181460619,0.451255053282,-0.137811586261,0.215880006552,0.436478585005,-0.159446954727,0.116468980908,0.422203272581,-0.186681896448,0.0236139968038,0.409386605024,-0.219698026776,-0.0687884390354,0.401256412268,-0.263951987028,-0.155575275421,0.387209564447,-0.306911021471,-0.244640260935,0.373919934034,-0.363544881344,-0.349947929382,0.523640036583,-0.293539226055,-0.367703795433,0.408251494169,-0.102580457926,-0.367703795433
1776811110.85,0.488408207893,-0.121618188918,0.406506329775,0.46648439765,-0.122794397175,0.311449080706,0.451829463243,-0.139241755009,0.216085374355,0.435536116362,-0.161489769816,0.115139089525,0.421393364668,-0.188784584403,0.0236960500479,0.407330423594,-0.220989972353,-0.0686161667109,0.397136718035,-0.264339774847,-0.156440973282,0.38533231616,-0.308306246996,-0.24364772439,0.370387405157,-0.364232838154,-0.350523501635,0.529560208321,-0.292428135872,-0.367703795433,0.408262163401,-0.10258358717,-0.367703795433
1776811110.87,0.491716384888,-0.125942915678,0.406214267015,0.46648439765,-0.122794397175,0.311449080706,0.451829463243,-0.139241755009,0.216085374355,0.435536116362,-0.161489769816,0.115139089525,0.421393364668,-0.188784584403,0.0236960500479,0.407330423594,-0.220989972353,-0.0686161667109,0.397136718035,-0.264339774847,-0.156440973282,0.38533231616,-0.308306246996,-0.24364772439,0.370387405157,-0.364232838154,-0.350523501635,0.535448789597,-0.291164666414,-0.367703795433,0.408899158239,-0.102874904871,-0.367703795433
1776811110.88,0.495570212603,-0.13122908771,0.405795156956,0.474009901285,-0.134773433208,0.312042444944,0.457472473383,-0.151360914111,0.217017441988,0.438060969114,-0.173309668899,0.115609750152,0.42215976119,-0.200619623065,0.0250125154853,0.406971603632,-0.232196927071,-0.0642674267292,0.390167146921,-0.27066758275,-0.156882166862,0.374891966581,-0.31022721529,-0.245867729187,0.35922691226,-0.363155126572,-0.35343208909,0.541299581528,-0.289746433496,-0.367703795433,0.408243209124,-0.102281190455,-0.367703795433
1776811110.9,0.499295473099,-0.136292457581,0.405481904745,0.476263850927,-0.138024941087,0.312056809664,0.459373265505,-0.155658885837,0.21654753387,0.44116088748,-0.178935602307,0.120178863406,0.421902984381,-0.203735381365,0.0244685709476,0.404524832964,-0.234120875597,-0.0669996738434,0.389813989401,-0.272931307554,-0.156999588013,0.373580425978,-0.311315923929,-0.246661186218,0.356578916311,-0.362083613873,-0.355228960514,0.547105312347,-0.288170963526,-0.367703795433,0.408913463354,-0.10288131237,-0.367703795433
1776811110.91,0.502302289009,-0.140339046717,0.40511739254,0.481011539698,-0.146770268679,0.310570895672,0.462912470102,-0.165631204844,0.215404421091,0.444182544947,-0.188705950975,0.120107889175,0.423346728086,-0.212153986096,0.0248614326119,0.407113164663,-0.242994993925,-0.0646382123232,0.385818868876,-0.275091081858,-0.161261230707,0.371124535799,-0.311917871237,-0.248349189758,0.351286679506,-0.357408195734,-0.359890341759,0.552857875824,-0.286435782909,-0.367703795433,0.408175140619,-0.102250449359,-0.367703795433
1776811110.93,0.506354808807,-0.145804986358,0.404700905085,0.483244508505,-0.150356650352,0.311263501644,0.46455129981,-0.170225992799,0.215014457703,0.444410055876,-0.193071275949,0.116574257612,0.427433699369,-0.217796519399,0.027442663908,0.405443400145,-0.243899732828,-0.0681548863649,0.386588603258,-0.278113275766,-0.16133120656,0.369797080755,-0.311567187309,-0.250451117754,0.348841458559,-0.355083614588,-0.361969530582,0.55854845047,-0.284538418055,-0.367703795433,0.408250659704,-0.102284453809,-0.367703795433
1776811110.94,0.510367155075,-0.151310428977,0.404299914837,0.485420912504,-0.154649198055,0.311564147472,0.466911226511,-0.17563650012,0.215104728937,0.448150485754,-0.19915536046,0.120686374605,0.42922398448,-0.222653374076,0.0273378789425,0.407106906176,-0.248396903276,-0.0683445185423,0.390414685011,-0.282207101583,-0.159164369106,0.368727356195,-0.311583220959,-0.251639246941,0.347165495157,-0.352322012186,-0.363589197397,0.564167022705,-0.282476603985,-0.367703795433,0.408194810152,-0.102223627269,-0.367703795433
1776811110.96,0.514210522175,-0.156385421753,0.4041210711,0.490322321653,-0.164231330156,0.310277402401,0.472148567438,-0.184908255935,0.217094674706,0.451848238707,-0.209803327918,0.117905065417,0.429723054171,-0.232111513615,0.0231694877148,0.410189718008,-0.256359696388,-0.0690503269434,0.387590676546,-0.2836804986,-0.164008885622,0.368276208639,-0.31062105298,-0.254573464394,0.34292075038,-0.345152139664,-0.367536365986,0.569702863693,-0.280248194933,-0.367703795433,0.408223599195,-0.102237835526,-0.367703795433
1776811110.97,0.517410695553,-0.16083997488,0.403925418854,0.490322321653,-0.164231330156,0.310277402401,0.472148567438,-0.184908255935,0.217094674706,0.451848238707,-0.209803327918,0.117905065417,0.429723054171,-0.232111513615,0.0231694877148,0.410189718008,-0.256359696388,-0.0690503269434,0.387590676546,-0.2836804986,-0.164008885622,0.368276208639,-0.31062105298,-0.254573464394,0.34292075038,-0.345152139664,-0.367536365986,0.575144171715,-0.277851343155,-0.367703795433,0.409078329802,-0.103001207113,-0.367703795433
1776811110.99,0.521797895432,-0.166916772723,0.403893470764,0.490322321653,-0.164231330156,0.310277402401,0.472148567438,-0.184908255935,0.217094674706,0.451848238707,-0.209803327918,0.117905065417,0.429723054171,-0.232111513615,0.0231694877148,0.410189718008,-0.256359696388,-0.0690503269434,0.387590676546,-0.2836804986,-0.164008885622,0.368276208639,-0.31062105298,-0.254573464394,0.34292075038,-0.345152139664,-0.367536365986,0.580478429794,-0.275284618139,-0.367703795433,0.40831592679,-0.102154172957,-0.367703795433
1776811111,0.525137603283,-0.171464920044,0.404150158167,0.490322321653,-0.164231330156,0.310277402401,0.472148567438,-0.184908255935,0.217094674706,0.451848238707,-0.209803327918,0.117905065417,0.429723054171,-0.232111513615,0.0231694877148,0.410189718008,-0.256359696388,-0.0690503269434,0.387590676546,-0.2836804986,-0.164008885622,0.368276208639,-0.31062105298,-0.254573464394,0.34292075038,-0.345152139664,-0.367536365986,0.585692048073,-0.272546947002,-0.367703795433,0.409068614244,-0.102825567126,-0.367703795433
1776811111.02,0.528504729271,-0.176115632057,0.40428301692,0.490322321653,-0.164231330156,0.310277402401,0.472148567438,-0.184908255935,0.217094674706,0.451848238707,-0.209803327918,0.117905065417,0.429723054171,-0.232111513615,0.0231694877148,0.410189718008,-0.256359696388,-0.0690503269434,0.387590676546,-0.2836804986,-0.164008885622,0.368276208639,-0.31062105298,-0.254573464394,0.34292075038,-0.345152139664,-0.367536365986,0.590770721436,-0.2696377635,-0.367703795433,0.409067958593,-0.10281971097,-0.367703795433
1776811111.03,0.531656682491,-0.180554941297,0.404669344425,0.490322321653,-0.164231330156,0.310277402401,0.472148567438,-0.184908255935,0.217094674706,0.451848238707,-0.209803327918,0.117905065417,0.429723054171,-0.232111513615,0.0231694877148,0.410189718008,-0.256359696388,-0.0690503269434,0.387590676546,-0.2836804986,-0.164008885622,0.368276208639,-0.31062105298,-0.254573464394,0.34292075038,-0.345152139664,-0.367536365986,0.59569978714,-0.266557127237,-0.367703795433,0.408132523298,-0.102084100246,-0.367703795433
1776811111.05,0.534442305565,-0.18467694521,0.404990673065,0.490322321653,-0.164231330156,0.310277402401,0.472148567438,-0.184908255935,0.217094674706,0.451848238707,-0.209803327918,0.117905065417,0.429723054171,-0.232111513615,0.0231694877148,0.410189718008,-0.256359696388,-0.0690503269434,0.387590676546,-0.2836804986,-0.164008885622,0.368276208639,-0.31062105298,-0.254573464394,0.34292075038,-0.345152139664,-0.367536365986,0.60046350956,-0.263305693865,-0.367703795433,0.408108502626,-0.10226791352,-0.367703795433
1776811111.06,0.536851465702,-0.188653677702,0.4054261446,0.490322321653,-0.164231330156,0.310277402401,0.472148567438,-0.184908255935,0.217094674706,0.451848238707,-0.209803327918,0.117905065417,0.429723054171,-0.232111513615,0.0231694877148,0.410189718008,-0.256359696388,-0.0690503269434,0.387590676546,-0.2836804986,-0.164008885622,0.368276208639,-0.31062105298,-0.254573464394,0.34292075038,-0.345152139664,-0.367536365986,0.60504591465,-0.259884923697,-0.367703795433,0.408221334219,-0.102266989648,-0.367703795433
1776811111.08,0.538716256618,-0.192088037729,0.405935496092,0.522054195404,-0.206162840128,0.31109559536,0.50498342514,-0.225314438343,0.214258641005,0.483586400747,-0.244355365634,0.114924572408,0.463416188955,-0.260128796101,0.0242673456669,0.434906214476,-0.268803030252,-0.0755123049021,0.411619156599,-0.276261419058,-0.163482248783,0.381863504648,-0.280971169472,-0.262489795685,0.347038716078,-0.285401940346,-0.381291747093,0.609430551529,-0.256296902895,-0.367703795433,0.408975869417,-0.102942734957,-0.367703795433
1776811111.09,0.540518224239,-0.196192145348,0.406605601311,0.522054195404,-0.206162840128,0.31109559536,0.50498342514,-0.225314438343,0.214258641005,0.483586400747,-0.244355365634,0.114924572408,0.463416188955,-0.260128796101,0.0242673456669,0.434906214476,-0.268803030252,-0.0755123049021,0.411619156599,-0.276261419058,-0.163482248783,0.381863504648,-0.280971169472,-0.262489795685,0.347038716078,-0.285401940346,-0.381291747093,0.613601088524,-0.252544641495,-0.367703795433,0.408983439207,-0.102923639119,-0.367703795433
1776811111.11,0.541376411915,-0.198954090476,0.407141268253,0.522054195404,-0.206162840128,0.31109559536,0.50498342514,-0.225314438343,0.214258641005,0.483586400747,-0.244355365634,0.114924572408,0.463416188955,-0.260128796101,0.0242673456669,0.434906214476,-0.268803030252,-0.0755123049021,0.411619156599,-0.276261419058,-0.163482248783,0.381863504648,-0.280971169472,-0.262489795685,0.347038716078,-0.285401940346,-0.381291747093,0.617540955544,-0.248631954193,-0.367703795433,0.408306330442,-0.102252870798,-0.367703795433
1776811111.12,0.541846871376,-0.200980484486,0.407706946135,0.522054195404,-0.206162840128,0.31109559536,0.50498342514,-0.225314438343,0.214258641005,0.483586400747,-0.244355365634,0.114924572408,0.463416188955,-0.260128796101,0.0242673456669,0.434906214476,-0.268803030252,-0.0755123049021,0.411619156599,-0.276261419058,-0.163482248783,0.381863504648,-0.280971169472,-0.262489795685,0.347038716078,-0.285401940346,-0.381291747093,0.621233701706,-0.24456346035,-0.367703795433,0.408223420382,-0.102100744843,-0.367703795433
1776811111.14,0.541987478733,-0.203363776207,0.408566832542,0.522054195404,-0.206162840128,0.31109559536,0.50498342514,-0.225314438343,0.214258641005,0.483586400747,-0.244355365634,0.114924572408,0.463416188955,-0.260128796101,0.0242673456669,0.434906214476,-0.268803030252,-0.0755123049021,0.411619156599,-0.276261419058,-0.163482248783,0.381863504648,-0.280971169472,-0.262489795685,0.347038716078,-0.285401940346,-0.381291747093,0.624663472176,-0.240344673395,-0.367703795433,0.408304721117,-0.102457173169,-0.367703795433
1776811111.15,0.54155510664,-0.204666346312,0.409340679646,0.522054195404,-0.206162840128,0.31109559536,0.50498342514,-0.225314438343,0.214258641005,0.483586400747,-0.244355365634,0.114924572408,0.463416188955,-0.260128796101,0.0242673456669,0.434906214476,-0.268803030252,-0.0755123049021,0.411619156599,-0.276261419058,-0.163482248783,0.381863504648,-0.280971169472,-0.262489795685,0.347038716078,-0.285401940346,-0.381291747093,0.627814650536,-0.235981971025,-0.367703795433,0.408263653517,-0.102184258401,-0.367703795433
1776811111.17,0.540909409523,-0.20513664186,0.410028070211,0.522054195404,-0.206162840128,0.31109559536,0.50498342514,-0.225314438343,0.214258641005,0.483586400747,-0.244355365634,0.114924572408,0.463416188955,-0.260128796101,0.0242673456669,0.434906214476,-0.268803030252,-0.0755123049021,0.411619156599,-0.276261419058,-0.163482248783,0.381863504648,-0.280971169472,-0.262489795685,0.347038716078,-0.285401940346,-0.381291747093,0.630672454834,-0.231482505798,-0.367703795433,0.408260256052,-0.102183960378,-0.367703795433
1776811111.18,0.53998786211,-0.204981863499,0.410908013582,0.522054195404,-0.206162840128,0.31109559536,0.50498342514,-0.225314438343,0.214258641005,0.483586400747,-0.244355365634,0.114924572408,0.463416188955,-0.260128796101,0.0242673456669,0.434906214476,-0.268803030252,-0.0755123049021,0.411619156599,-0.276261419058,-0.163482248783,0.381863504648,-0.280971169472,-0.262489795685,0.347038716078,-0.285401940346,-0.381291747093,0.633223176003,-0.226854234934,-0.367703795433,0.408938139677,-0.102822817862,-0.367703795433
1776811111.2,0.538854956627,-0.204133689404,0.411966979504,0.522054195404,-0.206162840128,0.31109559536,0.50498342514,-0.225314438343,0.214258641005,0.483586400747,-0.244355365634,0.114924572408,0.463416188955,-0.260128796101,0.0242673456669,0.434906214476,-0.268803030252,-0.0755123049021,0.411619156599,-0.276261419058,-0.163482248783,0.381863504648,-0.280971169472,-0.262489795685,0.347038716078,-0.285401940346,-0.381291747093,0.635454058647,-0.222105830908,-0.367703795433,0.4089435637,-0.102802954614,-0.367703795433
1776811111.21,0.53758430481,-0.202618137002,0.413085967302,0.522054195404,-0.206162840128,0.31109559536,0.50498342514,-0.225314438343,0.214258641005,0.483586400747,-0.244355365634,0.114924572408,0.463416188955,-0.260128796101,0.0242673456669,0.434906214476,-0.268803030252,-0.0755123049021,0.411619156599,-0.276261419058,-0.163482248783,0.381863504648,-0.280971169472,-0.262489795685,0.347038716078,-0.285401940346,-0.381291747093,0.637353301048,-0.217246592045,-0.367703795433,0.408913403749,-0.102805562317,-0.367703795433
1776811111.23,0.535942018032,-0.200312450528,0.414304226637,0.522054195404,-0.206162840128,0.31109559536,0.50498342514,-0.225314438343,0.214258641005,0.483586400747,-0.244355365634,0.114924572408,0.463416188955,-0.260128796101,0.0242673456669,0.434906214476,-0.268803030252,-0.0755123049021,0.411619156599,-0.276261419058,-0.163482248783,0.381863504648,-0.280971169472,-0.262489795685,0.347038716078,-0.285401940346,-0.381291747093,0.638911008835,-0.212286412716,-0.367703795433,0.408952921629,-0.102775007486,-0.367703795433
1776811111.24,0.534171700478,-0.197419852018,0.415652394295,0.522054195404,-0.206162840128,0.31109559536,0.50498342514,-0.225314438343,0.214258641005,0.483586400747,-0.244355365634,0.114924572408,0.463416188955,-0.260128796101,0.0242673456669,0.434906214476,-0.268803030252,-0.0755123049021,0.411619156599,-0.276261419058,-0.163482248783,0.381863504648,-0.280971169472,-0.262489795685,0.347038716078,-0.285401940346,-0.381291747093,0.640118479729,-0.207235619426,-0.367703795433,0.408292621374,-0.102172471583,-0.367703795433
1776811111.26,0.532155275345,-0.194031685591,0.417084574699,0.522054195404,-0.206162840128,0.31109559536,0.50498342514,-0.225314438343,0.214258641005,0.483586400747,-0.244355365634,0.114924572408,0.463416188955,-0.260128796101,0.0242673456669,0.434906214476,-0.268803030252,-0.0755123049021,0.411619156599,-0.276261419058,-0.163482248783,0.381863504648,-0.280971169472,-0.262489795685,0.347038716078,-0.285401940346,-0.381291747093,0.640968561172,-0.202104926109,-0.367703795433,0.408432096243,-0.102026350796,-0.367703795433
1776811111.27,0.529791593552,-0.190142527223,0.418461978436,0.522054195404,-0.206162840128,0.31109559536,0.50498342514,-0.225314438343,0.214258641005,0.483586400747,-0.244355365634,0.114924572408,0.463416188955,-0.260128796101,0.0242673456669,0.434906214476,-0.268803030252,-0.0755123049021,0.411619156599,-0.276261419058,-0.163482248783,0.381863504648,-0.280971169472,-0.262489795685,0.347038716078,-0.285401940346,-0.381291747093,0.641455769539,-0.196905314922,-0.367703795433,0.408189088106,-0.102368108928,-0.367703795433
1776811111.29,0.527175486088,-0.185974135995,0.419847398996,0.522054195404,-0.206162840128,0.31109559536,0.50498342514,-0.225314438343,0.214258641005,0.483586400747,-0.244355365634,0.114924572408,0.463416188955,-0.260128796101,0.0242673456669,0.434906214476,-0.268803030252,-0.0755123049021,0.411619156599,-0.276261419058,-0.163482248783,0.381863504648,-0.280971169472,-0.262489795685,0.347038716078,-0.285401940346,-0.381291747093,0.641576528549,-0.19164788723,-0.367703795433,0.408211916685,-0.102368444204,-0.367703795433
1776811111.3,0.524309158325,-0.181469455361,0.421262443066,0.522054195404,-0.206162840128,0.31109559536,0.50498342514,-0.225314438343,0.214258641005,0.483586400747,-0.244355365634,0.114924572408,0.463416188955,-0.260128796101,0.0242673456669,0.434906214476,-0.268803030252,-0.0755123049021,0.411619156599,-0.276261419058,-0.163482248783,0.381863504648,-0.280971169472,-0.262489795685,0.347038716078,-0.285401940346,-0.381291747093,0.641328930855,-0.186343774199,-0.367703795433,0.408669441938,-0.102674916387,-0.367703795433
1776811111.32,0.521780908108,-0.177697435021,0.422287017107,0.518491148949,-0.186463057995,0.322277784348,0.512006998062,-0.184689253569,0.221858799458,0.504689335823,-0.181588158011,0.120444945991,0.49978145957,-0.180184319615,0.0245664641261,0.492765754461,-0.170799642801,-0.0773936361074,0.491403669119,-0.167504861951,-0.173563182354,0.486688643694,-0.160144612193,-0.270951658487,0.480899244547,-0.15134999156,-0.391999989748,0.640712738037,-0.18100400269,-0.367703795433,0.408221751451,-0.102330587804,-0.367703795433
1776811111.33,0.517800271511,-0.171933695674,0.424015253782,0.515845537186,-0.180058062077,0.324113786221,0.511481285095,-0.178545996547,0.225289911032,0.507893562317,-0.176423728466,0.125200003386,0.5026293993,-0.173345655203,0.023206397891,0.49822935462,-0.166220918298,-0.0759909003973,0.499754816294,-0.162022709846,-0.17261582613,0.498410373926,-0.151872962713,-0.26951622963,0.496056526899,-0.141716957092,-0.39145103097,0.639729499817,-0.175639435649,-0.367703795433,0.408771723509,-0.102768823504,-0.367703795433
1776811111.35,0.514696955681,-0.167860016227,0.425142198801,0.51477086544,-0.176541522145,0.325496762991,0.511655449867,-0.175691306591,0.225377619267,0.508541822433,-0.17468097806,0.124171465635,0.505305528641,-0.171109706163,0.0245916396379,0.502611517906,-0.164322167635,-0.0755002051592,0.504945039749,-0.158429771662,-0.170605331659,0.503968954086,-0.148091331124,-0.268641352654,0.504165887833,-0.135108977556,-0.390361636877,0.638382196426,-0.170260578394,-0.367703795433,0.408314198256,-0.102148361504,-0.367703795433
1776811111.36,0.510398626328,-0.162483766675,0.426737368107,0.511697888374,-0.170522868633,0.326329261065,0.511165142059,-0.169266805053,0.227325409651,0.511014699936,-0.168794557452,0.125750422478,0.511417150497,-0.165479183197,0.0283294320107,0.513064026833,-0.158815637231,-0.0693394094706,0.514427781105,-0.150802776217,-0.168835788965,0.516590833664,-0.139986544847,-0.266802370548,0.518730044365,-0.124039851129,-0.388438135386,0.636675834656,-0.164877548814,-0.367703795433,0.408999413252,-0.102795094252,-0.367703795433
1776811111.38,0.50630146265,-0.157822072506,0.42800283432,0.510176420212,-0.166684836149,0.327319264412,0.511205673218,-0.16575178504,0.22825974226,0.512499928474,-0.165345326066,0.126631423831,0.512833237648,-0.162526011467,0.0278829038143,0.517306923866,-0.154454365373,-0.0679913312197,0.519212126732,-0.147509351373,-0.168111294508,0.522560358047,-0.135526075959,-0.266073077917,0.526772856712,-0.119593754411,-0.387165546417,0.634616374969,-0.159499973059,-0.367703795433,0.408313661814,-0.102019615471,-0.367703795433
1776811111.39,0.502140820026,-0.153270840645,0.429391950369,0.507294416428,-0.159788191319,0.329321146011,0.510898709297,-0.158942118287,0.229714483023,0.514395475388,-0.157775461674,0.128761574626,0.518330216408,-0.154428586364,0.0300331935287,0.520361661911,-0.145743772388,-0.0708781927824,0.529259443283,-0.137967467308,-0.165017157793,0.535099387169,-0.125244498253,-0.262604594231,0.541347146034,-0.109850861132,-0.383988589048,0.632211685181,-0.154136866331,-0.367703795433,0.408965915442,-0.102733440697,-0.367703795433
1776811111.41,0.497791081667,-0.148751050234,0.430730938911,0.505795121193,-0.156311556697,0.330252707005,0.510815382004,-0.155739381909,0.230191260576,0.515719771385,-0.153779149055,0.129949450493,0.519843220711,-0.149621963501,0.0304672643542,0.524923443794,-0.141170874238,-0.0689370930195,0.534299731255,-0.133348152041,-0.163963675499,0.541096925735,-0.120929539204,-0.260979086161,0.549113631248,-0.105440549552,-0.38253980875,0.629470467567,-0.148796617985,-0.367703795433,0.408368200064,-0.102233573794,-0.367703795433
1776811111.42,0.493284642696,-0.144282415509,0.432002037764,0.502418756485,-0.14904384315,0.331920087337,0.510266304016,-0.147480458021,0.232220560312,0.51819050312,-0.144742563367,0.133239582181,0.525168418884,-0.139130607247,0.03280210495,0.534530162811,-0.132056117058,-0.0629571378231,0.544372916222,-0.123241521418,-0.161310434341,0.552863836288,-0.112545400858,-0.25954914093,0.563196539879,-0.0976137518883,-0.379207521677,0.62640273571,-0.143486902118,-0.367703795433,0.408313244581,-0.102175563574,-0.367703795433
1776811111.44,0.48863479495,-0.139885336161,0.433135509491,0.500653505325,-0.145421043038,0.333074688911,0.509746789932,-0.143064677715,0.233458131552,0.519281148911,-0.139812588692,0.13356731832,0.528823971748,-0.13435138762,0.0361212044954,0.539405107498,-0.126632973552,-0.060731112957,0.549068927765,-0.118682250381,-0.160436630249,0.558069467545,-0.106997147202,-0.257184326649,0.570110678673,-0.0939681753516,-0.377722978592,0.623019456863,-0.138214617968,-0.367703795433,0.409103542566,-0.102581992745,-0.367703795433
1776811111.45,0.48392161727,-0.135539755225,0.434092462063,0.496700674295,-0.137472271919,0.335195481777,0.508538484573,-0.133825957775,0.236148580909,0.520836234093,-0.128753870726,0.136645808816,0.533752918243,-0.123703487217,0.0392314344645,0.54673075676,-0.115545593202,-0.0570063889027,0.558395266533,-0.107497520745,-0.156078517437,0.569788813591,-0.0978368595243,-0.254027932882,0.583523750305,-0.0869066640735,-0.374483555555,0.619332551956,-0.132985904813,-0.367703795433,0.409005016088,-0.102790817618,-0.367703795433
1776811111.47,0.479175925255,-0.131237879395,0.434974193573,0.494629234076,-0.133376434445,0.336236834526,0.507971286774,-0.128718048334,0.237029507756,0.521657586098,-0.123784847558,0.137925103307,0.535341978073,-0.118027918041,0.040738619864,0.549878001213,-0.109271138906,-0.0553864687681,0.562227010727,-0.102315172553,-0.154838293791,0.575456738472,-0.0935029536486,-0.251681923866,0.590685963631,-0.0829099789262,-0.371781527996,0.615354418755,-0.127806067467,-0.367703795433,0.408965140581,-0.102771565318,-0.367703795433
1776811111.48,0.474306970835,-0.126905947924,0.435448110104,0.490223616362,-0.125573128462,0.337914407253,0.506078362465,-0.119020320475,0.238879129291,0.522522330284,-0.111907877028,0.141076266766,0.539087295532,-0.105742864311,0.0444839671254,0.55456161499,-0.0984762236476,-0.0519997030497,0.57102060318,-0.092202924192,-0.150558680296,0.585652470589,-0.084294654429,-0.247487097979,0.603436350822,-0.0764462277293,-0.3675968647,0.61109828949,-0.122679620981,-0.367703795433,0.408998221159,-0.102783925831,-0.367703795433
1776811111.5,0.470429748297,-0.123515054584,0.43570831418,0.48799470067,-0.121594183147,0.338822364807,0.505102872849,-0.114120401442,0.240306928754,0.522997021675,-0.105920508504,0.143047779799,0.54015481472,-0.100722000003,0.0456118062139,0.557423233986,-0.0929443240166,-0.0503929555416,0.574172854424,-0.0871484652162,-0.148483633995,0.590191960335,-0.0805521383882,-0.245897591114,0.610121369362,-0.0729316845536,-0.36517688632,0.606577634811,-0.117610223591,-0.367703795433,0.408337444067,-0.102164514363,-0.367703795433
1776811111.51,0.464530050755,-0.118649974465,0.435726702213,0.483353823423,-0.113950707018,0.340202629566,0.502507925034,-0.104893043637,0.242132470012,0.52221095562,-0.0958457291126,0.145012080669,0.542360544205,-0.0893117263913,0.0489817038178,0.561794519424,-0.0821985080838,-0.0477003157139,0.580864667892,-0.0776008069515,-0.144920170307,0.599739313126,-0.0718809962273,-0.241274893284,0.622117519379,-0.0667857304215,-0.361004650593,0.601806282997,-0.112600758672,-0.367703795433,0.408323079348,-0.102148994803,-0.367703795433
1776811111.53,0.458910048008,-0.114259898663,0.435254395008,0.480643481016,-0.110365740955,0.340453326702,0.500815629959,-0.100590482354,0.242974981666,0.522086858749,-0.0913734510541,0.146199956536,0.542956709862,-0.0845505222678,0.0504017397761,0.563262581825,-0.0770379006863,-0.0461490303278,0.583765983582,-0.0727878734469,-0.143091678619,0.603830575943,-0.0675911605358,-0.239401578903,0.627996087074,-0.0632990375161,-0.358854115009,0.596798419952,-0.107653282583,-0.367703795433,0.409016698599,-0.102801270783,-0.367703795433
1776811111.54,0.45466068387,-0.111069224775,0.434641093016,0.475017756224,-0.103834055364,0.341066360474,0.497308701277,-0.0927301347256,0.243838265538,0.520255208015,-0.082661896944,0.147513091564,0.543316602707,-0.0754260346293,0.0518169030547,0.56651699543,-0.0684540346265,-0.0432641506195,0.589085817337,-0.0639378651977,-0.140268146992,0.611726999283,-0.0598532371223,-0.235787808895,0.638873696327,-0.0568374805152,-0.354149580002,0.591568112373,-0.102769106627,-0.367703795433,0.409006148577,-0.102793216705,-0.367703795433
1776811111.56,0.449758917093,-0.107596360147,0.433615773916,0.472402840853,-0.100745350122,0.340807586908,0.495439141989,-0.0894619673491,0.244187608361,0.519273042679,-0.0790246725082,0.14817327261,0.543506383896,-0.0714930817485,0.0530856922269,0.567222714424,-0.0638387128711,-0.0427648872137,0.591366767883,-0.0599458888173,-0.138731241226,0.615367412567,-0.0561354979873,-0.234114557505,0.644330859184,-0.0541247688234,-0.352232694626,0.586129546165,-0.0979487895966,-0.367703795433,0.408294469118,-0.102150671184,-0.367703795433
1776811111.57,0.444817572832,-0.104203127325,0.432208895683,0.466381341219,-0.0948914811015,0.340398967266,0.490814238787,-0.0836268141866,0.243854299188,0.516540527344,-0.072546094656,0.148296892643,0.542558312416,-0.064133182168,0.05398523435,0.568297147751,-0.0565308183432,-0.0411350131035,0.594753146172,-0.0525810159743,-0.137246221304,0.622093200684,-0.0492736920714,-0.231142789125,0.654065132141,-0.0475231595337,-0.348027855158,0.580496788025,-0.0931921899319,-0.367703795433,0.408995777369,-0.102783948183,-0.367703795433
1776811111.59,0.43995937705,-0.100786119699,0.430519104004,0.463449686766,-0.0924770012498,0.339656472206,0.488484531641,-0.0807944312692,0.243527665734,0.514660358429,-0.0698731541634,0.148141041398,0.541895627975,-0.0616440474987,0.0543107241392,0.568594932556,-0.0536119528115,-0.040917634964,0.596979141235,-0.0498436577618,-0.135645315051,0.624897837639,-0.046319577843,-0.229998826981,0.658398032188,-0.0443724691868,-0.346535027027,0.574684023857,-0.0884984955192,-0.367703795433,0.408301621675,-0.102138444781,-0.367703795433
1776811111.6,0.435239166021,-0.0972146615386,0.428566724062,0.457122117281,-0.0881494581699,0.337996453047,0.483174473047,-0.0765027850866,0.242211386561,0.510987997055,-0.0656293556094,0.14728230238,0.539462685585,-0.0568044148386,0.0537536852062,0.568368196487,-0.0487979352474,-0.0411591380835,0.599211931229,-0.0443238392472,-0.134984001517,0.629670023918,-0.0404109545052,-0.228080451488,0.666518092155,-0.0374739691615,-0.343766450882,0.568704724312,-0.0838662832975,-0.367703795433,0.408325105906,-0.102148465812,-0.367703795433
1776811111.62,0.430562108755,-0.0935080647469,0.426338344812,0.453987926245,-0.0856608226895,0.337148070335,0.480293542147,-0.0744925141335,0.241226434708,0.508940577507,-0.0636927336454,0.146555989981,0.538465976715,-0.0550822876394,0.053031604737,0.568035006523,-0.0468229725957,-0.0408278405666,0.600044488907,-0.0420147404075,-0.134826555848,0.631257772446,-0.0379234440625,-0.227951705456,0.671039700508,-0.0342044383287,-0.341924935579,0.562572598457,-0.0792935490608,-0.367703795433,0.408327847719,-0.102152831852,-0.367703795433
1776811111.63,0.425999820232,-0.0894335880876,0.423827528954,0.447690337896,-0.081718057394,0.334572285414,0.474911779165,-0.0711865127087,0.238812446594,0.504830479622,-0.0611005499959,0.144277513027,0.535699009895,-0.0529244989157,0.0513933226466,0.566404342651,-0.0431161671877,-0.0428096503019,0.601207733154,-0.0382794328034,-0.135117322206,0.635252714157,-0.032995402813,-0.227376013994,0.677325487137,-0.0276676882058,-0.340468227863,0.556300759315,-0.0747777372599,-0.367703795433,0.409002393484,-0.102789260447,-0.367703795433
1776811111.65,0.421942472458,-0.0852325037122,0.421482533216,0.444291979074,-0.079822294414,0.333241403103,0.471985906363,-0.0699096024036,0.237559884787,0.502227544785,-0.0600298717618,0.143260061741,0.534147977829,-0.0517174750566,0.0505025796592,0.566410899162,-0.0431505069137,-0.0425706654787,0.601384878159,-0.0368767157197,-0.135403633118,0.636065125465,-0.0305282715708,-0.227396965027,0.679882526398,-0.0237328018993,-0.339854866266,0.549902319908,-0.0703158229589,-0.367703795433,0.409029215574,-0.102814942598,-0.367703795433
1776811111.66,0.417450278997,-0.0798822566867,0.418477028608,0.438211172819,-0.0758885666728,0.329886287451,0.466574579477,-0.0673254802823,0.234390094876,0.497603625059,-0.0586118176579,0.140343427658,0.530406594276,-0.0509330369532,0.0478581935167,0.563947916031,-0.0408016555011,-0.0454426854849,0.601366400719,-0.0345347188413,-0.136256232858,0.638288259506,-0.0264479741454,-0.227503865957,0.685508489609,-0.0175511315465,-0.337367832661,0.54338991642,-0.0659043341875,-0.367703795433,0.409010797739,-0.102796278894,-0.367703795433
1776811111.68,0.413482785225,-0.0741807296872,0.415688037872,0.435482472181,-0.0735422447324,0.328333735466,0.463957101107,-0.0658785477281,0.23239825666,0.495361655951,-0.0581829547882,0.138541817665,0.52871131897,-0.0505848191679,0.0459375977516,0.563226103783,-0.0411104336381,-0.0458074212074,0.601095676422,-0.0329647250473,-0.136986717582,0.638804793358,-0.0242253541946,-0.227505207062,0.686865329742,-0.0139535143971,-0.337766736746,0.536775708199,-0.0615393966436,-0.367703795433,0.408993691206,-0.102777466178,-0.367703795433
1776811111.69,0.41001278162,-0.0684478506446,0.413112699986,0.429926246405,-0.069045856595,0.324478983879,0.45864918828,-0.0634515583515,0.22915405035,0.490461081266,-0.056929718703,0.134748592973,0.524782538414,-0.0499502979219,0.043083421886,0.560240745544,-0.0398590601981,-0.0487708449364,0.599538683891,-0.0309254545718,-0.139385402203,0.638790011406,-0.0202603135258,-0.229512840509,0.689332127571,-0.00724952062592,-0.338167607784,0.530071854591,-0.0572167858481,-0.367703795433,0.409025639296,-0.102808468044,-0.367703795433
1776811111.71,0.406304508448,-0.0614136792719,0.410216569901,0.427091449499,-0.0661479979753,0.322619915009,0.456407219172,-0.0617290996015,0.226986974478,0.488277226686,-0.0558841712773,0.133005768061,0.522830486298,-0.0495958440006,0.0412890315056,0.558834910393,-0.039107631892,-0.0499546378851,0.598791480064,-0.0301891714334,-0.140471428633,0.638645768166,-0.0187860988081,-0.229676067829,0.690012454987,-0.00473587121814,-0.338015496731,0.523290157318,-0.0529319606721,-0.367703795433,0.408318191767,-0.102156117558,-0.367703795433
1776811111.72,0.403820872307,-0.0557037107646,0.408237397671,0.422297030687,-0.0603254698217,0.319143027067,0.451800554991,-0.0577457733452,0.223304718733,0.48378136754,-0.0540472455323,0.129320845008,0.518857359886,-0.0482109114528,0.0375190973282,0.555449485779,-0.0377390086651,-0.053839430213,0.596565961838,-0.0279915183783,-0.143303334713,0.637714266777,-0.0152840064839,-0.231763869524,0.690516114235,0.00047645525774,-0.338829278946,0.516442060471,-0.0486801229417,-0.367703795433,0.408312827349,-0.102141797543,-0.367703795433
1776811111.74,0.400639921427,-0.0466533228755,0.405626624823,0.420242756605,-0.0567006096244,0.317108273506,0.449503988028,-0.0554411672056,0.221632033587,0.4816159904,-0.0524394549429,0.127284139395,0.51676607132,-0.0473093874753,0.0359881594777,0.554583787918,-0.037506211549,-0.0547839105129,0.594980835915,-0.0267420075834,-0.144863665104,0.636241912842,-0.0130886631086,-0.233657538891,0.68819642067,0.00383877009153,-0.341564923525,0.509538769722,-0.0444562323391,-0.367703795433,0.408997505903,-0.102776743472,-0.367703795433
1776811111.75,0.398256599903,-0.0380536019802,0.403577208519,0.416334658861,-0.0486279763281,0.314146488905,0.445485025644,-0.049330946058,0.21840685606,0.477633923292,-0.0477730669081,0.124055832624,0.512962818146,-0.0442063845694,0.0326176509261,0.549375295639,-0.034283220768,-0.0593740940094,0.591347455978,-0.0236207935959,-0.148330837488,0.633057236671,-0.00984311383218,-0.236377716064,0.687272071838,0.00768894702196,-0.341918021441,0.502591371536,-0.0402550697327,-0.367703795433,0.408983618021,-0.102795362473,-0.367703795433
1776811111.77,0.396569401026,-0.0299376938492,0.402269423008,0.41446736455,-0.0441376157105,0.312522768974,0.443734258413,-0.0453948378563,0.216650813818,0.475999325514,-0.0450167842209,0.122851796448,0.511089205742,-0.0420425981283,0.0312919095159,0.547673583031,-0.032705347985,-0.0608761757612,0.58940076828,-0.0222464781255,-0.150248378515,0.631566047668,-0.00831345934421,-0.237821757793,0.68481361866,0.010291300714,-0.344734311104,0.495610743761,-0.0360712595284,-0.367703795433,0.408979207277,-0.102767027915,-0.367703795433
1776811111.78,0.395450055599,-0.0220288597047,0.401282757521,0.411672621965,-0.0348438099027,0.309970796108,0.440522938967,-0.037182033062,0.214696645737,0.472323328257,-0.0379084870219,0.119912736118,0.507081747055,-0.0363532975316,0.0282107964158,0.5444637537,-0.0285673569888,-0.0626821666956,0.585399508476,-0.0182533916086,-0.153462588787,0.626591086388,-0.00428841030225,-0.241674512625,0.680163025856,0.0135439373553,-0.347415566444,0.488607496023,-0.0318993143737,-0.367703795433,0.40832939744,-0.102149516344,-0.367703795433
1776811111.8,0.394740223885,-0.013308826834,0.400700628757,0.410871297121,-0.0297771822661,0.309203743935,0.439255923033,-0.0325148291886,0.213092833757,0.470524460077,-0.0334756374359,0.118846155703,0.505101323128,-0.0323598533869,0.026744864881,0.541710853577,-0.0253979768604,-0.0647808015347,0.582745313644,-0.0160650461912,-0.154541015625,0.623879432678,-0.00268480437808,-0.243306368589,0.676826715469,0.0148911308497,-0.349609106779,0.481592386961,-0.0277336779982,-0.367703795433,0.408999830484,-0.102791063488,-0.367703795433
1776811111.81,0.394502401352,-0.00471241725609,0.400624871254,0.409494549036,-0.018666241318,0.307511270046,0.437304347754,-0.021962121129,0.211685925722,0.467836767435,-0.0237485021353,0.117251574993,0.501325011253,-0.0235528852791,0.0243366882205,0.537364244461,-0.0176690574735,-0.0674796551466,0.57665348053,-0.00981226190925,-0.15841332078,0.61692070961,0.00204786565155,-0.24754178524,0.668937444687,0.017484607175,-0.354900926352,0.474575966597,-0.0235687401146,-0.367703795433,0.409042209387,-0.102827325463,-0.367703795433
1776811111.83,0.394851028919,0.00389905599877,0.40107601881,0.409330755472,-0.0133117223158,0.307236939669,0.436698645353,-0.0163157377392,0.211226850748,0.466748267412,-0.0181130040437,0.116078384221,0.499289900064,-0.0183485597372,0.0234946683049,0.534826517105,-0.0137840416282,-0.0684027671814,0.573554635048,-0.00632524117827,-0.15987315774,0.613416314125,0.0039974511601,-0.249547243118,0.664549350739,0.018519423902,-0.35824739933,0.467568725348,-0.0193988978863,-0.367703795433,0.408320456743,-0.102153517306,-0.367703795433
1776811111.84,0.395652920008,0.0130833452567,0.402041047812,0.409409612417,-0.0015648403205,0.306851267815,0.435723096132,-0.00441309344023,0.21038132906,0.46458247304,-0.00600414536893,0.115292742848,0.496138364077,-0.00654477719218,0.022594422102,0.529332876205,-0.00312081398442,-0.0705626904964,0.566837191582,0.001331058098,-0.162398129702,0.605055332184,0.00927193183452,-0.253077059984,0.654056072235,0.018766252324,-0.362542748451,0.460581451654,-0.0152185717598,-0.367703795433,0.408301383257,-0.102136418223,-0.367703795433
1776811111.86,0.396783590317,0.0212708320469,0.403422653675,0.409795731306,0.00436997367069,0.306965589523,0.435987859964,0.00200108811259,0.210577502847,0.464127570391,0.000488603196573,0.115211158991,0.494451671839,-0.000204569339985,0.0219077691436,0.527029633522,0.00264558405615,-0.0714754164219,0.563233733177,0.00609989324585,-0.164068162441,0.600457906723,0.0118214013055,-0.255348414183,0.6483066082,0.0189641080797,-0.365231007338,0.453624695539,-0.011022255756,-0.367703795433,0.40899220109,-0.102786339819,-0.367703795433
1776811111.87,0.398231834173,0.0291593372822,0.405156821012,0.411399394274,0.0161425881088,0.308188796043,0.436354190111,0.0148595338687,0.211405605078,0.462991207838,0.014039285481,0.115464895964,0.491300135851,0.0130120515823,0.0211947634816,0.521996498108,0.0146167697385,-0.0724399238825,0.555427908897,0.0151985827833,-0.166463136673,0.589966058731,0.0177705101669,-0.258237540722,0.634168386459,0.0194348655641,-0.370622515678,0.446709364653,-0.00680454354733,-0.367703795433,0.408985882998,-0.102770447731,-0.367703795433
1776811111.89,0.399908006191,0.0362330786884,0.407091021538,0.412584096193,0.022206293419,0.309167087078,0.436932951212,0.0214390456676,0.212028115988,0.46290948987,0.0218320395797,0.116263203323,0.490276366472,0.0199668593705,0.021560959518,0.519028782845,0.0210044123232,-0.0734478086233,0.551649570465,0.0199083294719,-0.167124509811,0.583995223045,0.0203676987439,-0.259845495224,0.625805139542,0.0199679769576,-0.373811244965,0.439846426249,-0.00256017153151,-0.367703795433,0.408976525068,-0.102779231966,-0.367703795433
1776811111.9,0.402043282986,0.0435092411935,0.409423083067,0.413716286421,0.0276768300682,0.310009181499,0.437575250864,0.0278007015586,0.21288125217,0.462363690138,0.028042351827,0.116797246039,0.488429814577,0.0269600432366,0.0218472257257,0.517140507698,0.0266766697168,-0.0723982751369,0.546942710876,0.0248931180686,-0.167523175478,0.578572392464,0.0234520304948,-0.261404156685,0.61926484108,0.0196062326431,-0.374330878258,0.433047026396,0.00171594484709,-0.367703795433,0.40833184123,-0.102155856788,-0.367703795433
1776811111.92,0.404822379351,0.0507589802146,0.412376284599,0.416245490313,0.039301443845,0.312345862389,0.43889310956,0.0405127853155,0.215000659227,0.462195426226,0.0414356663823,0.118209034204,0.486066013575,0.0400738120079,0.0228612571955,0.511892557144,0.038604836911,-0.0720219910145,0.538705706596,0.0344013273716,-0.168117582798,0.565958023071,0.0288508944213,-0.262831509113,0.601152658463,0.0196290947497,-0.377787977457,0.426322668791,0.00602867268026,-0.367703795433,0.408321529627,-0.102161809802,-0.367703795433
1776811111.93,0.407100766897,0.055874094367,0.414581298828,0.418927520514,0.0497203804553,0.315168887377,0.440022915602,0.0521813444793,0.217568665743,0.461416572332,0.0536775402725,0.120434567332,0.483600527048,0.0522027388215,0.0247230529785,0.506337046623,0.049223728478,-0.0708231329918,0.529323458672,0.042169008404,-0.167634308338,0.553126215935,0.0334876701236,-0.26313534379,0.582097887993,0.0209741741419,-0.379851013422,0.419684976339,0.0103826196864,-0.367703795433,0.409023672342,-0.102802760899,-0.367703795433
1776811111.95,0.410965710878,0.0630562007427,0.418202251196,0.420315295458,0.0547307468951,0.317037820816,0.440706461668,0.0577408485115,0.21927292645,0.461307317019,0.0590098239481,0.121813438833,0.482329338789,0.0574242323637,0.0256775543094,0.503443598747,0.0533934012055,-0.0699709057808,0.524155497551,0.0456318035722,-0.167466461658,0.546037793159,0.0358773544431,-0.263513475657,0.572239279747,0.0224475488067,-0.38084629178,0.413145929575,0.014782092534,-0.367703795433,0.408275216818,-0.102115251124,-0.367703795433
1776811111.96,0.414169847965,0.0682550370693,0.420938968658,0.423678547144,0.0636729747057,0.32039925456,0.441603988409,0.0667485818267,0.22215397656,0.460057407618,0.0684203654528,0.124520011246,0.47831389308,0.065987534821,0.0278390496969,0.496726244688,0.0615294761956,-0.0684787184,0.5142390728,0.0517617315054,-0.1662106812,0.531431078911,0.0405363999307,-0.262828081846,0.550551056862,0.0251355618238,-0.381677210331,0.406717807055,0.0192310586572,-0.367703795433,0.40898296237,-0.1027700454,-0.367703795433
1776811111.98,0.418143749237,0.0736453607678,0.424113541842,0.425257474184,0.0675436332822,0.322329878807,0.442392498255,0.0710389092565,0.224051743746,0.45922061801,0.0721388235688,0.125841349363,0.476303845644,0.0695851817727,0.029159501195,0.49296399951,0.0644337385893,-0.0676474273205,0.508308649063,0.0544193275273,-0.165487974882,0.523587584496,0.0424644388258,-0.262502253056,0.540399551392,0.0265502948314,-0.381703794003,0.400413125753,0.023733092472,-0.367703795433,0.408990412951,-0.102771699429,-0.367703795433
1776811111.99,0.422085911036,0.0782432854176,0.426955968142,0.428748041391,0.0745020881295,0.326006233692,0.443407863379,0.0772369205952,0.227526471019,0.457607239485,0.0785948857665,0.129184126854,0.471070259809,0.074860163033,0.0307927057147,0.484204679728,0.0693085715175,-0.0655887871981,0.495795279741,0.0584831684828,-0.164108157158,0.507177829742,0.0463518500328,-0.2615236938,0.518462061882,0.0296654645354,-0.380963087082,0.394244879484,0.0282913409173,-0.367703795433,0.408308833838,-0.10216461122,-0.367703795433
1776811112.01,0.425851613283,0.0823591724038,0.429298609495,0.430915743113,0.0775597169995,0.327676743269,0.443872123957,0.0797701925039,0.228939056396,0.456653088331,0.0806719139218,0.130663394928,0.468245655298,0.0764340385795,0.0319144204259,0.479842573404,0.0711299553514,-0.064435005188,0.489318817854,0.0602631494403,-0.163771063089,0.498774260283,0.0482118166983,-0.26093685627,0.507334113121,0.032753713429,-0.381795167923,0.388226121664,0.0329084768891,-0.367703795433,0.409046441317,-0.102826490998,-0.367703795433
1776811112.02,0.430343657732,0.0866146236658,0.431843787432,0.434390872717,0.0825033411384,0.331267178059,0.444640547037,0.0836729332805,0.23213391006,0.453854888678,0.0833835080266,0.133776471019,0.461987763643,0.0785805359483,0.0345334261656,0.469554454088,0.0730948448181,-0.0629222244024,0.475291341543,0.0627573356032,-0.162026762962,0.480900079012,0.0519380681217,-0.259928524494,0.485674589872,0.0370483957231,-0.380682617426,0.382370382547,0.0375866405666,-0.367703795433,0.408992499113,-0.102776661515,-0.367703795433
1776811112.04,0.434293121099,0.0901672393084,0.433671593666,0.436244159937,0.0845952704549,0.333190739155,0.444773346186,0.0849285423756,0.233728200197,0.452225297689,0.0840549394488,0.134455904365,0.458653241396,0.0789586976171,0.0358737781644,0.463761240244,0.0743050128222,-0.061734572053,0.467672497034,0.0644130110741,-0.160993337631,0.47221109271,0.0540943741798,-0.257942467928,0.47484561801,0.0395381934941,-0.379939973354,0.376691371202,0.0423274114728,-0.367703795433,0.408995777369,-0.102770037949,-0.367703795433
1776811112.05,0.438602387905,0.0938150957227,0.435268700123,0.439607828856,0.0880631357431,0.336041152477,0.444657534361,0.0864152759314,0.235796481371,0.448691934347,0.0845440104604,0.137237221003,0.450969904661,0.0792649686337,0.0381056144834,0.452508181334,0.0739706158638,-0.0598587393761,0.45272102952,0.0657191351056,-0.159148842096,0.45384517312,0.0570794865489,-0.256160199642,0.452212423086,0.0462804548442,-0.379489243031,0.371202975512,0.0471317619085,-0.367703795433,0.408982485533,-0.102786786854,-0.367703795433
1776811112.07,0.443292528391,0.0977234318852,0.436596959829,0.441113561392,0.089877076447,0.337359547615,0.444621115923,0.0872223749757,0.236868605018,0.446322649717,0.0841203629971,0.138183638453,0.446882277727,0.0787256583571,0.0390950366855,0.446987241507,0.0743836760521,-0.0586379021406,0.445362955332,0.0663835406303,-0.158082455397,0.44674244523,0.0582391917706,-0.253856658936,0.440262764692,0.0503092519939,-0.379157334566,0.365919262171,0.0519999973476,-0.367703795433,0.40846785903,-0.102115876973,-0.367703795433
1776811112.09,0.447324872017,0.101198248565,0.437187045813,0.442260473967,0.0911760702729,0.338362753391,0.443908542395,0.0874883383512,0.238351404667,0.444054633379,0.0838390961289,0.139199107885,0.442966073751,0.0783564969897,0.0404801592231,0.441007405519,0.0740664824843,-0.0568563491106,0.437475532293,0.0669227167964,-0.156735479832,0.435661762953,0.0580630302429,-0.253475934267,0.429804712534,0.0531149208546,-0.377857744694,0.36085447669,0.0569317415357,-0.367703795433,0.408675342798,-0.102578811347,-0.367703795433
1776811112.1,0.451669931412,0.10495659709,0.437392205,0.44456371665,0.0946131199598,0.340735912323,0.442286401987,0.088706895709,0.240021333098,0.438867300749,0.084101870656,0.14292088151,0.434423774481,0.076848462224,0.0421898588538,0.429583460093,0.073453001678,-0.0542660355568,0.423685640097,0.0681128799915,-0.15402302146,0.415204852819,0.0654442533851,-0.255628407001,0.407673031092,0.0605850629508,-0.376646667719,0.356022685766,0.0619258731604,-0.367703795433,0.408279925585,-0.102055415511,-0.367703795433
1776811112.11,0.45567932725,0.108456723392,0.437191724777,0.446610361338,0.0974229872227,0.340931415558,0.440661758184,0.0901132076979,0.241930499673,0.433213800192,0.0837332457304,0.144541680813,0.425328999758,0.0767847523093,0.0441115051508,0.418028563261,0.0740625038743,-0.0518452823162,0.407968908548,0.069256387651,-0.152959376574,0.397922664881,0.0694674476981,-0.252932786942,0.386111825705,0.0680312216282,-0.374602615833,0.351438015699,0.0669805184007,-0.367703795433,0.408511787653,-0.102299436927,-0.367703795433
1776811112.13,0.460126250982,0.112595781684,0.43631747365,0.448012083769,0.0995524302125,0.341952323914,0.439404755831,0.0911039561033,0.243154317141,0.43036583066,0.0832854434848,0.142603874207,0.421452015638,0.0764321908355,0.0451642721891,0.412444800138,0.0743092820048,-0.0507849156857,0.401919573545,0.0706339552999,-0.150476664305,0.388600200415,0.0707223936915,-0.251428514719,0.375978380442,0.0702757611871,-0.372156888247,0.347114473581,0.0720930173993,-0.367703795433,0.408151239157,-0.101937651634,-0.367703795433
1776811112.14,0.464344501495,0.116500385106,0.435121387243,0.450321227312,0.10312910378,0.342012584209,0.438424021006,0.0935685560107,0.242229163647,0.42603340745,0.0853581130505,0.143969714642,0.413270384073,0.0779903456569,0.0460912287235,0.400602370501,0.0759594887495,-0.0501332134008,0.38664624095,0.0728636905551,-0.150534063578,0.370422810316,0.0765884891152,-0.249883115292,0.355538934469,0.0771590769291,-0.369347304106,0.343065589666,0.0772598907351,-0.367703795433,0.409006685019,-0.102786339819,-0.367703795433
1776811112.16,0.468490064144,0.120287075639,0.433394938707,0.451451033354,0.105163626373,0.340901643038,0.438127726316,0.0952428504825,0.242389470339,0.423633128405,0.0856794342399,0.143189147115,0.409283190966,0.0791605785489,0.0467944517732,0.395199865103,0.0773330181837,-0.048540353775,0.37855014205,0.0756236836314,-0.146097719669,0.362454146147,0.0775717198849,-0.248552262783,0.343524008989,0.081231996417,-0.369479119778,0.33930465579,0.0824768543243,-0.367703795433,0.409017711878,-0.102801211178,-0.367703795433
1776811112.17,0.472700327635,0.123904034495,0.431390315294,0.454304248095,0.110636793077,0.340642511845,0.437089890242,0.0995575860143,0.242514535785,0.419737249613,0.0903623476624,0.144089221954,0.401917129755,0.0834757685661,0.0476223006845,0.384547621012,0.0816092416644,-0.0472810268402,0.365639775991,0.0800634771585,-0.14608886838,0.344257563353,0.0846714302897,-0.248371392488,0.325200587511,0.0869261100888,-0.365863263607,0.335844367743,0.087738789618,-0.367703795433,0.408997446299,-0.10278583318,-0.367703795433
1776811112.19,0.476907134056,0.127094745636,0.428809583187,0.455501765013,0.113347046077,0.339842021465,0.437315791845,0.102645777166,0.240828961134,0.417984932661,0.0924873277545,0.14294628799,0.39827939868,0.085714712739,0.0472875908017,0.379065960646,0.0840590372682,-0.0473573952913,0.359512776136,0.0831377506256,-0.145780354738,0.336743444204,0.0864059329033,-0.245841920376,0.314328342676,0.0916722044349,-0.365945339203,0.332696706057,0.0930397734046,-0.367703795433,0.408992141485,-0.102781780064,-0.367703795433
1776811112.2,0.481210887432,0.129885941744,0.426045745611,0.456744521856,0.115813210607,0.337551832199,0.437221556902,0.105317130685,0.240317314863,0.416667193174,0.0964598953724,0.14299556613,0.395123928785,0.0883802846074,0.0471695363522,0.374701350927,0.0873531699181,-0.0467717349529,0.3529330194,0.0858529731631,-0.142239511013,0.327634006739,0.0899510383606,-0.245840460062,0.304212093353,0.094432502985,-0.364885926247,0.329872876406,0.0983730778098,-0.367703795433,0.409020632505,-0.102811396122,-0.367703795433
1776811112.22,0.485760062933,0.132252082229,0.422522455454,0.456744521856,0.115813210607,0.337551832199,0.437221556902,0.105317130685,0.240317314863,0.416667193174,0.0964598953724,0.14299556613,0.395123928785,0.0883802846074,0.0471695363522,0.374701350927,0.0873531699181,-0.0467717349529,0.3529330194,0.0858529731631,-0.142239511013,0.327634006739,0.0899510383606,-0.245840460062,0.304212093353,0.094432502985,-0.364885926247,0.327383130789,0.103731229901,-0.367703795433,0.408331900835,-0.102160796523,-0.367703795433
1776811112.23,0.489763587713,0.133827760816,0.419153690338,0.462852269411,0.12730358541,0.33111768961,0.438270360231,0.119879044592,0.234457522631,0.411046296358,0.112613409758,0.139877974987,0.384937018156,0.106505423784,0.0448334738612,0.357753664255,0.104335911572,-0.0476075261831,0.328851640224,0.101915054023,-0.146833717823,0.295775443316,0.106159090996,-0.248233944178,0.26706391573,0.106528289616,-0.362566113472,0.325236618519,0.109106011689,-0.367703795433,0.409002393484,-0.102794244885,-0.367703795433
1776811112.25,0.494017988443,0.134983420372,0.415205210447,0.464380115271,0.130005002022,0.329233109951,0.43816486001,0.123996756971,0.233684569597,0.410609871149,0.1173710078,0.138872742653,0.382871896029,0.111602798104,0.0436108633876,0.354764550924,0.109247095883,-0.0483278036118,0.323353230953,0.106504149735,-0.147390514612,0.293542861938,0.107208400965,-0.243319034576,0.257918745279,0.108487337828,-0.361703455448,0.323441326618,0.114488556981,-0.367703795433,0.408323317766,-0.102148942649,-0.367703795433
1776811112.27,0.498071700335,0.135636344552,0.410875022411,0.467017382383,0.13540519774,0.325574934483,0.439199715853,0.131352350116,0.229194819927,0.409821659327,0.127569675446,0.133797749877,0.37939158082,0.122528277338,0.0407651737332,0.350167959929,0.119572408497,-0.0529201775789,0.314801961184,0.116000264883,-0.146891325712,0.283039808273,0.115397624671,-0.242530673742,0.242182224989,0.113639831543,-0.359787374735,0.322003781796,0.119869381189,-0.367703795433,0.409002751112,-0.102794289589,-0.367703795433
1776811112.28,0.502187609673,0.135859936476,0.406000196934,0.469203740358,0.137998446822,0.322731554508,0.439124017954,0.135713577271,0.228847563267,0.409034341574,0.132462188601,0.132424160838,0.377456635237,0.128780707717,0.0400529056787,0.347330719233,0.125150218606,-0.054202735424,0.310709804296,0.122076362371,-0.147762387991,0.2776902318,0.117637179792,-0.241709291935,0.236202955246,0.114218764007,-0.35871592164,0.320929139853,0.125238493085,-0.367703795433,0.40834119916,-0.102148026228,-0.367703795433
1776811112.29,0.505713522434,0.135662257671,0.401209324598,0.472486406565,0.14146374166,0.317208170891,0.441299051046,0.142463982105,0.225912988186,0.408665984869,0.141773059964,0.128368496895,0.375865608454,0.139421924949,0.0360562354326,0.3437730968,0.136742949486,-0.0562903732061,0.303302794695,0.131180152297,-0.150744616985,0.26756888628,0.126145377755,-0.242008119822,0.219361633062,0.121784567833,-0.359651952982,0.320220947266,0.130585461855,-0.367703795433,0.408323913813,-0.102150514722,-0.367703795433
1776811112.31,0.508649110794,0.135290578008,0.396604686975,0.474308758974,0.142968565226,0.314203441143,0.441687196493,0.144918650389,0.222293585539,0.409588187933,0.145701512694,0.124718941748,0.375303655863,0.144605517387,0.0331395938993,0.341180771589,0.141628146172,-0.0592559427023,0.300305455923,0.137343019247,-0.150342077017,0.263268947601,0.129959434271,-0.242313742638,0.21242710948,0.124648213387,-0.360301166773,0.319881141186,0.135899528861,-0.367703795433,0.408313244581,-0.102139718831,-0.367703795433
1776811112.32,0.51153254509,0.134738504887,0.391316592693,0.477123647928,0.144698351622,0.307327926159,0.44531801343,0.150142729282,0.21358191967,0.409744352102,0.153581753373,0.120641440153,0.373846918344,0.154188632965,0.0292320474982,0.337607949972,0.152602866292,-0.0627860873938,0.294714778662,0.146961539984,-0.153258055449,0.254912674427,0.139253258705,-0.243364393711,0.200732141733,0.130397558212,-0.359675675631,0.319909960032,0.141169667244,-0.367703795433,0.408321529627,-0.102156117558,-0.367703795433
1776811112.34,0.513438403606,0.1342548877,0.387057214975,0.477123647928,0.144698351622,0.307327926159,0.44531801343,0.150142729282,0.21358191967,0.409744352102,0.153581753373,0.120641440153,0.373846918344,0.154188632965,0.0292320474982,0.337607949972,0.152602866292,-0.0627860873938,0.294714778662,0.146961539984,-0.153258055449,0.254912674427,0.139253258705,-0.243364393711,0.200732141733,0.130397558212,-0.359675675631,0.320305883884,0.146384775639,-0.367703795433,0.409024447203,-0.102811917663,-0.367703795433
1776811112.35,0.515335023403,0.133772179484,0.381665885448,0.477123647928,0.144698351622,0.307327926159,0.44531801343,0.150142729282,0.21358191967,0.409744352102,0.153581753373,0.120641440153,0.373846918344,0.154188632965,0.0292320474982,0.337607949972,0.152602866292,-0.0627860873938,0.294714778662,0.146961539984,-0.153258055449,0.254912674427,0.139253258705,-0.243364393711,0.200732141733,0.130397558212,-0.359675675631,0.321065664291,0.151533737779,-0.367703795433,0.409028977156,-0.102817200124,-0.367703795433
1776811112.37,0.516381978989,0.133583590388,0.377125144005,0.477123647928,0.144698351622,0.307327926159,0.44531801343,0.150142729282,0.21358191967,0.409744352102,0.153581753373,0.120641440153,0.373846918344,0.154188632965,0.0292320474982,0.337607949972,0.152602866292,-0.0627860873938,0.294714778662,0.146961539984,-0.153258055449,0.254912674427,0.139253258705,-0.243364393711,0.200732141733,0.130397558212,-0.359675675631,0.322184324265,0.156605511904,-0.367703795433,0.40900310874,-0.102788589895,-0.367703795433
1776811112.38,0.516907334328,0.133661404252,0.372985213995,0.482894331217,0.14752548933,0.292929410934,0.449798375368,0.156461149454,0.200131446123,0.412519425154,0.164344400167,0.105885773897,0.373113125563,0.169532909989,0.016611866653,0.332323521376,0.171378031373,-0.0701490342617,0.284008443356,0.166024178267,-0.161248356104,0.238465666771,0.157877653837,-0.248538643122,0.179176956415,0.147028982639,-0.360903412104,0.323655188084,0.161589339375,-0.367703795433,0.409008532763,-0.102796055377,-0.367703795433
1776811112.4,0.516875386238,0.134044706821,0.369245558977,0.482894331217,0.14752548933,0.292929410934,0.449798375368,0.156461149454,0.200131446123,0.412519425154,0.164344400167,0.105885773897,0.373113125563,0.169532909989,0.016611866653,0.332323521376,0.171378031373,-0.0701490342617,0.284008443356,0.166024178267,-0.161248356104,0.238465666771,0.157877653837,-0.248538643122,0.179176956415,0.147028982639,-0.360903412104,0.325470030308,0.166474759579,-0.367703795433,0.408989042044,-0.102775640786,-0.367703795433
1776811112.41,0.516323208809,0.134677737951,0.365858674049,0.482894331217,0.14752548933,0.292929410934,0.449798375368,0.156461149454,0.200131446123,0.412519425154,0.164344400167,0.105885773897,0.373113125563,0.169532909989,0.016611866653,0.332323521376,0.171378031373,-0.0701490342617,0.284008443356,0.166024178267,-0.161248356104,0.238465666771,0.157877653837,-0.248538643122,0.179176956415,0.147028982639,-0.360903412104,0.327618986368,0.171251773834,-0.367703795433,0.408993452787,-0.102780513465,-0.367703795433
1776811112.43,0.515404701233,0.135384589434,0.363486915827,0.482894331217,0.14752548933,0.292929410934,0.449798375368,0.156461149454,0.200131446123,0.412519425154,0.164344400167,0.105885773897,0.373113125563,0.169532909989,0.016611866653,0.332323521376,0.171378031373,-0.0701490342617,0.284008443356,0.166024178267,-0.161248356104,0.238465666771,0.157877653837,-0.248538643122,0.179176956415,0.147028982639,-0.360903412104,0.330090850592,0.175910919905,-0.367703795433,0.409039527178,-0.102828219533,-0.367703795433
1776811112.44,0.514070630074,0.136206969619,0.361616611481,0.482894331217,0.14752548933,0.292929410934,0.449798375368,0.156461149454,0.200131446123,0.412519425154,0.164344400167,0.105885773897,0.373113125563,0.169532909989,0.016611866653,0.332323521376,0.171378031373,-0.0701490342617,0.284008443356,0.166024178267,-0.161248356104,0.238465666771,0.157877653837,-0.248538643122,0.179176956415,0.147028982639,-0.360903412104,0.33287319541,0.180443361402,-0.367703795433,0.409029513597,-0.102809973061,-0.367703795433
1776811112.46,0.512312114239,0.137200936675,0.360116571188,0.482894331217,0.14752548933,0.292929410934,0.449798375368,0.156461149454,0.200131446123,0.412519425154,0.164344400167,0.105885773897,0.373113125563,0.169532909989,0.016611866653,0.332323521376,0.171378031373,-0.0701490342617,0.284008443356,0.166024178267,-0.161248356104,0.238465666771,0.157877653837,-0.248538643122,0.179176956415,0.147028982639,-0.360903412104,0.335952430964,0.18484094739,-0.367703795433,0.408413618803,-0.102582745254,-0.367703795433
1776811112.47,0.510253369808,0.138386413455,0.359323173761,0.482894331217,0.14752548933,0.292929410934,0.449798375368,0.156461149454,0.200131446123,0.412519425154,0.164344400167,0.105885773897,0.373113125563,0.169532909989,0.016611866653,0.332323521376,0.171378031373,-0.0701490342617,0.284008443356,0.166024178267,-0.161248356104,0.238465666771,0.157877653837,-0.248538643122,0.179176956415,0.147028982639,-0.360903412104,0.33931389451,0.189096346498,-0.367703795433,0.408951193094,-0.102747738361,-0.367703795433
1776811112.49,0.507666945457,0.139830514789,0.359145492315,0.482894331217,0.14752548933,0.292929410934,0.449798375368,0.156461149454,0.200131446123,0.412519425154,0.164344400167,0.105885773897,0.373113125563,0.169532909989,0.016611866653,0.332323521376,0.171378031373,-0.0701490342617,0.284008443356,0.166024178267,-0.161248356104,0.238465666771,0.157877653837,-0.248538643122,0.179176956415,0.147028982639,-0.360903412104,0.342942386866,0.193202957511,-0.367703795433,0.408963829279,-0.10275799036,-0.367703795433
1776811112.5,0.505109608173,0.14123390615,0.359507322311,0.482894331217,0.14752548933,0.292929410934,0.449798375368,0.156461149454,0.200131446123,0.412519425154,0.164344400167,0.105885773897,0.373113125563,0.169532909989,0.016611866653,0.332323521376,0.171378031373,-0.0701490342617,0.284008443356,0.166024178267,-0.161248356104,0.238465666771,0.157877653837,-0.248538643122,0.179176956415,0.147028982639,-0.360903412104,0.346821993589,0.197155073285,-0.367703795433,0.408991187811,-0.10277466476,-0.367703795433
1776811112.52,0.502654612064,0.142554059625,0.360168099403,0.482894331217,0.14752548933,0.292929410934,0.449798375368,0.156461149454,0.200131446123,0.412519425154,0.164344400167,0.105885773897,0.373113125563,0.169532909989,0.016611866653,0.332323521376,0.171378031373,-0.0701490342617,0.284008443356,0.166024178267,-0.161248356104,0.238465666771,0.157877653837,-0.248538643122,0.179176956415,0.147028982639,-0.360903412104,0.350936442614,0.200947836041,-0.367703795433,0.409003049135,-0.102787956595,-0.367703795433
1776811112.53,0.498456925154,0.144549459219,0.361986666918,0.482894331217,0.14752548933,0.292929410934,0.449798375368,0.156461149454,0.200131446123,0.412519425154,0.164344400167,0.105885773897,0.373113125563,0.169532909989,0.016611866653,0.332323521376,0.171378031373,-0.0701490342617,0.284008443356,0.166024178267,-0.161248356104,0.238465666771,0.157877653837,-0.248538643122,0.179176956415,0.147028982639,-0.360903412104,0.355269163847,0.204577207565,-0.367703795433,0.409015268087,-0.102816358209,-0.367703795433
1776811112.55,0.494872510433,0.146133363247,0.363949626684,0.482894331217,0.14752548933,0.292929410934,0.449798375368,0.156461149454,0.200131446123,0.412519425154,0.164344400167,0.105885773897,0.373113125563,0.169532909989,0.016611866653,0.332323521376,0.171378031373,-0.0701490342617,0.284008443356,0.166024178267,-0.161248356104,0.238465666771,0.157877653837,-0.248538643122,0.179176956415,0.147028982639,-0.360903412104,0.359803646803,0.208040028811,-0.367703795433,0.408316224813,-0.102147459984,-0.367703795433
1776811112.56,0.491079777479,0.147604763508,0.366446405649,0.482894331217,0.14752548933,0.292929410934,0.449798375368,0.156461149454,0.200131446123,0.412519425154,0.164344400167,0.105885773897,0.373113125563,0.169532909989,0.016611866653,0.332323521376,0.171378031373,-0.0701490342617,0.284008443356,0.166024178267,-0.161248356104,0.238465666771,0.157877653837,-0.248538643122,0.179176956415,0.147028982639,-0.360903412104,0.364523559809,0.211333960295,-0.367703795433,0.408312290907,-0.102136187255,-0.367703795433
1776811112.58,0.487227350473,0.148895576596,0.369040369987,0.482894331217,0.14752548933,0.292929410934,0.449798375368,0.156461149454,0.200131446123,0.412519425154,0.164344400167,0.105885773897,0.373113125563,0.169532909989,0.016611866653,0.332323521376,0.171378031373,-0.0701490342617,0.284008443356,0.166024178267,-0.161248356104,0.238465666771,0.157877653837,-0.248538643122,0.179176956415,0.147028982639,-0.360903412104,0.369412690401,0.214457377791,-0.367703795433,0.409031957388,-0.102810412645,-0.367703795433
1776811112.59,0.482612282038,0.150236859918,0.372488021851,0.482894331217,0.14752548933,0.292929410934,0.449798375368,0.156461149454,0.200131446123,0.412519425154,0.164344400167,0.105885773897,0.373113125563,0.169532909989,0.016611866653,0.332323521376,0.171378031373,-0.0701490342617,0.284008443356,0.166024178267,-0.161248356104,0.238465666771,0.157877653837,-0.248538643122,0.179176956415,0.147028982639,-0.360903412104,0.374455481768,0.217409461737,-0.367703795433,0.409000009298,-0.102782659233,-0.367703795433
1776811112.61,0.477529406548,0.151458829641,0.376526176929,0.482894331217,0.14752548933,0.292929410934,0.449798375368,0.156461149454,0.200131446123,0.412519425154,0.164344400167,0.105885773897,0.373113125563,0.169532909989,0.016611866653,0.332323521376,0.171378031373,-0.0701490342617,0.284008443356,0.166024178267,-0.161248356104,0.238465666771,0.157877653837,-0.248538643122,0.179176956415,0.147028982639,-0.360903412104,0.379636734724,0.220189988613,-0.367703795433,0.408999234438,-0.102783955634,-0.367703795433
1776811112.62,0.473787456751,0.152154743671,0.379567146301,0.482894331217,0.14752548933,0.292929410934,0.449798375368,0.156461149454,0.200131446123,0.412519425154,0.164344400167,0.105885773897,0.373113125563,0.169532909989,0.016611866653,0.332323521376,0.171378031373,-0.0701490342617,0.284008443356,0.166024178267,-0.161248356104,0.238465666771,0.157877653837,-0.248538643122,0.179176956415,0.147028982639,-0.360903412104,0.384942084551,0.222799375653,-0.367703795433,0.409031540155,-0.102815635502,-0.367703795433
1776811112.64,0.469078481197,0.152681425214,0.383606880903,0.482894331217,0.14752548933,0.292929410934,0.449798375368,0.156461149454,0.200131446123,0.412519425154,0.164344400167,0.105885773897,0.373113125563,0.169532909989,0.016611866653,0.332323521376,0.171378031373,-0.0701490342617,0.284008443356,0.166024178267,-0.161248356104,0.238465666771,0.157877653837,-0.248538643122,0.179176956415,0.147028982639,-0.360903412104,0.390357881784,0.22523856163,-0.367703795433,0.408348828554,-0.102197788656,-0.367703795433
1776811112.65,0.463813275099,0.15297344327,0.388434767723,0.482894331217,0.14752548933,0.292929410934,0.449798375368,0.156461149454,0.200131446123,0.412519425154,0.164344400167,0.105885773897,0.373113125563,0.169532909989,0.016611866653,0.332323521376,0.171378031373,-0.0701490342617,0.284008443356,0.166024178267,-0.161248356104,0.238465666771,0.157877653837,-0.248538643122,0.179176956415,0.147028982639,-0.360903412104,0.395871192217,0.227508917451,-0.367703795433,0.408312410116,-0.102152764797,-0.367703795433
1776811112.67,0.459838598967,0.152834817767,0.392205417156,0.482894331217,0.14752548933,0.292929410934,0.449798375368,0.156461149454,0.200131446123,0.412519425154,0.164344400167,0.105885773897,0.373113125563,0.169532909989,0.016611866653,0.332323521376,0.171378031373,-0.0701490342617,0.284008443356,0.166024178267,-0.161248356104,0.238465666771,0.157877653837,-0.248538643122,0.179176956415,0.147028982639,-0.360903412104,0.401470154524,0.229612201452,-0.367703795433,0.40904340148,-0.102822169662,-0.367703795433
1776811112.68,0.455117613077,0.152357459068,0.397028118372,0.482894331217,0.14752548933,0.292929410934,0.449798375368,0.156461149454,0.200131446123,0.412519425154,0.164344400167,0.105885773897,0.373113125563,0.169532909989,0.016611866653,0.332323521376,0.171378031373,-0.0701490342617,0.284008443356,0.166024178267,-0.161248356104,0.238465666771,0.157877653837,-0.248538643122,0.179176956415,0.147028982639,-0.360903412104,0.407143622637,0.231550455093,-0.367703795433,0.408329755068,-0.102154709399,-0.367703795433
1776811112.7,0.450924009085,0.151463970542,0.4015660882,0.482894331217,0.14752548933,0.292929410934,0.449798375368,0.156461149454,0.200131446123,0.412519425154,0.164344400167,0.105885773897,0.373113125563,0.169532909989,0.016611866653,0.332323521376,0.171378031373,-0.0701490342617,0.284008443356,0.166024178267,-0.161248356104,0.238465666771,0.157877653837,-0.248538643122,0.179176956415,0.147028982639,-0.360903412104,0.41288164258,0.233325973153,-0.367703795433,0.409005254507,-0.102790623903,-0.367703795433
1776811112.71,0.446985542774,0.150179058313,0.406024217606,0.482894331217,0.14752548933,0.292929410934,0.449798375368,0.156461149454,0.200131446123,0.412519425154,0.164344400167,0.105885773897,0.373113125563,0.169532909989,0.016611866653,0.332323521376,0.171378031373,-0.0701490342617,0.284008443356,0.166024178267,-0.161248356104,0.238465666771,0.157877653837,-0.248538643122,0.179176956415,0.147028982639,-0.360903412104,0.418674856424,0.234941139817,-0.367703795433,0.409016221762,-0.102803021669,-0.367703795433
1776811112.73,0.442994654179,0.148284763098,0.410995543003,0.482894331217,0.14752548933,0.292929410934,0.449798375368,0.156461149454,0.200131446123,0.412519425154,0.164344400167,0.105885773897,0.373113125563,0.169532909989,0.016611866653,0.332323521376,0.171378031373,-0.0701490342617,0.284008443356,0.166024178267,-0.161248356104,0.238465666771,0.157877653837,-0.248538643122,0.179176956415,0.147028982639,-0.360903412104,0.424515098333,0.236398458481,-0.367703795433,0.408970504999,-0.102764390409,-0.367703795433
1776811112.74,0.440261423588,0.146537765861,0.414689481258,0.434623211622,0.165797516704,0.311001420021,0.430490106344,0.184151619673,0.213735818863,0.425050228834,0.199605241418,0.114347748458,0.418561190367,0.212464362383,0.0168114230037,0.414221912622,0.223465815187,-0.0789792984724,0.405861228704,0.227913156152,-0.179666012526,0.396613448858,0.234269589186,-0.279926717281,0.388848096132,0.234357133508,-0.400222629309,0.430394858122,0.237700372934,-0.367703795433,0.409014195204,-0.102799758315,-0.367703795433
1776811112.76,0.437529563904,0.14425419271,0.418688684702,0.434996277094,0.164424881339,0.314608812332,0.431310921907,0.182791754603,0.216429427266,0.42833712697,0.19861535728,0.11776253581,0.424545913935,0.210971295834,0.0197839289904,0.421146124601,0.222275719047,-0.0768564492464,0.413727968931,0.228580012918,-0.176101386547,0.405692964792,0.234081238508,-0.278303176165,0.399189442396,0.234933823347,-0.398242980242,0.436307638884,0.238849341869,-0.367703795433,0.409294396639,-0.103038087487,-0.367703795433
1776811112.77,0.435273528099,0.141706064343,0.422449350357,0.432815223932,0.16106505692,0.320351958275,0.432376950979,0.17737878859,0.220609679818,0.433909326792,0.194300994277,0.124083682895,0.433889061213,0.207145988941,0.0252963230014,0.433767825365,0.217735007405,-0.0724871307611,0.431744784117,0.225135833025,-0.17102509737,0.426592379808,0.231328204274,-0.270650684834,0.423675209284,0.234763950109,-0.392218321562,0.442247599363,0.239847630262,-0.367703795433,0.408318251371,-0.102108046412,-0.367703795433
1776811112.79,0.433471351862,0.138924717903,0.425782173872,0.432280987501,0.158948466182,0.323338627815,0.434668272734,0.175648927689,0.224494770169,0.436504334211,0.191610127687,0.126714244485,0.438465505838,0.203536346555,0.0276787802577,0.43998298049,0.215348765254,-0.0686584413052,0.442387193441,0.221959814429,-0.166374206543,0.435053616762,0.231593430042,-0.269735604525,0.434228688478,0.236697852612,-0.389678925276,0.448209553957,0.240697368979,-0.367703795433,0.408890813589,-0.102732293308,-0.367703795433
1776811112.8,0.432174474001,0.135980546474,0.428773522377,0.432220727205,0.153813317418,0.328216701746,0.436433881521,0.16870175302,0.228692263365,0.441732198,0.184160619974,0.131224930286,0.446876555681,0.196040794253,0.032515078783,0.451806813478,0.208400651813,-0.0641052722931,0.450804919004,0.220174282789,-0.166934967041,0.458332449198,0.226683080196,-0.26149430871,0.457562834024,0.236928462982,-0.383828043938,0.454189032316,0.241400465369,-0.367703795433,0.408997267485,-0.102817729115,-0.367703795433
1776811112.82,0.431405752897,0.133054926991,0.431302905083,0.432527750731,0.151241376996,0.330332100391,0.437872797251,0.1652469486,0.231793805957,0.444555431604,0.179025396705,0.132717981935,0.450168758631,0.191420286894,0.034823730588,0.457499831915,0.204115957022,-0.0615428388119,0.458817929029,0.216183751822,-0.163851708174,0.465491503477,0.225234895945,-0.259198367596,0.469209641218,0.237829387188,-0.381177097559,0.460182100534,0.241958543658,-0.367703795433,0.408948749304,-0.102758817375,-0.367703795433
1776811112.83,0.431148827076,0.130401343107,0.433194637299,0.433194845915,0.145226180553,0.334372639656,0.440710037947,0.157232657075,0.23514264822,0.449549466372,0.170669019222,0.137969970703,0.458679229021,0.181606188416,0.0389054268599,0.466388255358,0.195319235325,-0.0584506392479,0.475046485662,0.208157554269,-0.157680809498,0.483708947897,0.221433028579,-0.25376778841,0.493001312017,0.237277328968,-0.374015003443,0.466185122728,0.242372959852,-0.367703795433,0.408211618662,-0.102090723813,-0.367703795433
1776811112.85,0.431295365095,0.127767249942,0.434688001871,0.43387696147,0.142216175795,0.335980147123,0.442509680986,0.153266638517,0.237238079309,0.452274113894,0.166039869189,0.139240890741,0.462062686682,0.176816850901,0.041052646935,0.472501188517,0.191128283739,-0.055929467082,0.478785544634,0.20653912425,-0.157476335764,0.493061155081,0.21894954145,-0.250071436167,0.504438757896,0.238090127707,-0.371250241995,0.472195059061,0.242644742131,-0.367703795433,0.408233970404,-0.102103114128,-0.367703795433
1776811112.86,0.431640207767,0.126055434346,0.435406267643,0.434433370829,0.139109045267,0.33773830533,0.444054812193,0.14951300621,0.238398522139,0.454362004995,0.161047816277,0.140122696757,0.465807169676,0.171606451273,0.0425895601511,0.477448135614,0.186450615525,-0.0537862330675,0.489399403334,0.200581088662,-0.152412682772,0.501497864723,0.216671869159,-0.248225748539,0.516690015793,0.237132176757,-0.367147296667,0.4782089293,0.242774575949,-0.367703795433,0.408318847418,-0.102157525718,-0.367703795433
1776811112.88,0.432555049658,0.123861387372,0.435880690813,0.436461001635,0.133810847998,0.34006613493,0.446894317865,0.142095208168,0.240818753839,0.459167510271,0.151882186532,0.142065823078,0.471867471933,0.16269955039,0.0449328869581,0.48716673255,0.177449092269,-0.0509183555841,0.502430796623,0.193249598145,-0.148047596216,0.515227198601,0.214552134275,-0.246266663074,0.539153218269,0.236573591828,-0.360593646765,0.484223932028,0.242762774229,-0.367703795433,0.409001082182,-0.102778226137,-0.367703795433
1776811112.89,0.433992266655,0.122134685516,0.435566663742,0.438350170851,0.129234135151,0.340884715319,0.45039114356,0.135303214192,0.241210147738,0.46412357688,0.143548950553,0.143190771341,0.478991061449,0.154416263103,0.0465965792537,0.496363729239,0.169624641538,-0.0489578843117,0.51515853405,0.187073558569,-0.145407378674,0.535500645638,0.207909494638,-0.239573568106,0.56057870388,0.234275877476,-0.355408370495,0.49023732543,0.242609322071,-0.367703795433,0.409020155668,-0.102801270783,-0.367703795433
1776811112.91,0.435499191284,0.121309526265,0.434714376926,0.439224332571,0.126975789666,0.34098392725,0.452201217413,0.132278636098,0.242007508874,0.46653136611,0.14014954865,0.143704086542,0.482617110014,0.150213226676,0.0468466430902,0.502184033394,0.166255399585,-0.0478693991899,0.522384881973,0.183854609728,-0.143663764,0.543415665627,0.205865740776,-0.237854152918,0.570517897606,0.233470842242,-0.352513939142,0.496246308088,0.242313832045,-0.367703795433,0.409026652575,-0.10281316191,-0.367703795433
1776811112.92,0.437247395515,0.121060863137,0.433329969645,0.442213326693,0.123332209885,0.340654373169,0.455756336451,0.12783280015,0.241458430886,0.472014933825,0.134247511625,0.143822222948,0.490413099527,0.143685221672,0.0472690761089,0.512647151947,0.159863308072,-0.046668484807,0.535200476646,0.178425461054,-0.142408072948,0.559367656708,0.20150244236,-0.235065251589,0.591153979301,0.230244636536,-0.348656982183,0.502247929573,0.24187554419,-0.367703795433,0.408323436975,-0.10214728862,-0.367703795433
1776811112.94,0.439227581024,0.121413826942,0.431331574917,0.443521767855,0.122210137546,0.340078771114,0.457951277494,0.125801518559,0.241123765707,0.474935740232,0.131732851267,0.143491491675,0.494546085596,0.141484558582,0.0474539622664,0.517512321472,0.156951397657,-0.0468203574419,0.54151904583,0.176317229867,-0.141956239939,0.567575335503,0.199577972293,-0.234316915274,0.600838422775,0.228394433856,-0.346851438284,0.508238911629,0.241293385625,-0.367703795433,0.408300668001,-0.102156825364,-0.367703795433
1776811112.95,0.441422224045,0.122363552451,0.428771615028,0.446841627359,0.120808847249,0.338190168142,0.462795346975,0.123594529927,0.24029712379,0.480936735868,0.128262877464,0.142131537199,0.502415418625,0.137482717633,0.0467960610986,0.527344226837,0.153053194284,-0.0475521236658,0.554627656937,0.172129884362,-0.141777604818,0.583676457405,0.19480381906,-0.232864171267,0.619690179825,0.224089294672,-0.344622522593,0.514215826988,0.240565985441,-0.367703795433,0.408978968859,-0.102774135768,-0.367703795433
1776811112.97,0.443601757288,0.123804569244,0.425948679447,0.448872774839,0.120722062886,0.337044656277,0.465124696493,0.122498095036,0.238589808345,0.484500914812,0.127653479576,0.141714736819,0.506782650948,0.135821402073,0.0454548597336,0.533308386803,0.15112785995,-0.0480272173882,0.561397790909,0.169777855277,-0.141797989607,0.591444253922,0.192290589213,-0.232645064592,0.629216313362,0.221555009484,-0.344193160534,0.520174503326,0.239691615105,-0.367703795433,0.408983260393,-0.102774329484,-0.367703795433
1776811112.98,0.446587622166,0.126430347562,0.42157548666,0.452970713377,0.121696546674,0.333750247955,0.470780700445,0.122276075184,0.235269963741,0.491488426924,0.12621936202,0.13838493824,0.515505433083,0.13396987319,0.0429951399565,0.544105172157,0.148609310389,-0.0500755310059,0.575354576111,0.166084215045,-0.142894297838,0.605842828751,0.188119694591,-0.234201669693,0.646535277367,0.215864419937,-0.344680249691,0.526110172272,0.238668367267,-0.367703795433,0.409031540155,-0.102812424302,-0.367703795433
1776811113,0.448729157448,0.128611281514,0.418385446072,0.454892009497,0.122413024306,0.331747800112,0.473830133677,0.123211495578,0.233950853348,0.495435982943,0.126794353127,0.137160256505,0.520432949066,0.134086251259,0.0417412221432,0.549238204956,0.147998720407,-0.0512918233871,0.580952167511,0.164742186666,-0.144201219082,0.613407254219,0.186017647386,-0.234879493713,0.655113577843,0.212750762701,-0.345215260983,0.532017946243,0.237494081259,-0.367703795433,0.408338457346,-0.102181307971,-0.367703795433
1776811113.01,0.451669692993,0.1320297122,0.413683235645,0.459985464811,0.125264272094,0.32713457942,0.480173557997,0.125643253326,0.229387506843,0.503688335419,0.128351002932,0.132743388414,0.530463576317,0.134610950947,0.0385610684752,0.560568094254,0.147183910012,-0.0544564127922,0.593211770058,0.162732839584,-0.147635787725,0.627770900726,0.181557998061,-0.237794429064,0.671197772026,0.206116512418,-0.348685801029,0.537891626358,0.236166417599,-0.367703795433,0.409022539854,-0.102800838649,-0.367703795433
1776811113.03,0.454648137093,0.135784640908,0.409137070179,0.462293595076,0.127330899239,0.324622839689,0.483744174242,0.127203345299,0.226618021727,0.50829398632,0.130626678467,0.131000086665,0.535338521004,0.135890558362,0.036363683641,0.564843297005,0.148727431893,-0.0581837594509,0.599660515785,0.161755532026,-0.149292498827,0.634321689606,0.17955493927,-0.239711970091,0.678957462311,0.201896637678,-0.350545823574,0.543724536896,0.2346829772,-0.367703795433,0.409026473761,-0.102807685733,-0.367703795433
1776811113.04,0.4577870965,0.139898017049,0.40440544486,0.467470437288,0.132364720106,0.318880736828,0.491057604551,0.132493585348,0.221970140934,0.516955375671,0.134463757277,0.126007571816,0.545700073242,0.139014944434,0.0320936590433,0.576792836189,0.14933475852,-0.0617272406816,0.612173914909,0.159944951534,-0.153571605682,0.647634148598,0.175122901797,-0.244376331568,0.693266272545,0.194503724575,-0.355059355497,0.549509167671,0.233041256666,-0.367703795433,0.409021168947,-0.102806821465,-0.367703795433
1776811113.06,0.461062341928,0.14432220161,0.399570196867,0.470871180296,0.134882181883,0.316055774689,0.49509498477,0.135053679347,0.219289988279,0.52138531208,0.137169584632,0.123077400029,0.550800442696,0.14062717557,0.0296438634396,0.582530975342,0.14973077178,-0.0643961429596,0.618162751198,0.15970158577,-0.155736535788,0.653918623924,0.172814160585,-0.246688276529,0.69914329052,0.189684122801,-0.358006924391,0.555237054825,0.231238782406,-0.367703795433,0.408324807882,-0.102155447006,-0.367703795433
1776811113.07,0.464292645454,0.148503452539,0.395097225904,0.476676911116,0.141259431839,0.309885501862,0.502536773682,0.141523480415,0.213427722454,0.530940055847,0.143275603652,0.11843714118,0.561279058456,0.145768001676,0.0248535498977,0.594327688217,0.152711644769,-0.0684098750353,0.630376935005,0.159375905991,-0.160653412342,0.666421175003,0.168683901429,-0.251598387957,0.710913896561,0.180289700627,-0.363510906696,0.560898900032,0.229273170233,-0.367703795433,0.408319085836,-0.102149643004,-0.367703795433
1776811113.09,0.46802726388,0.152977496386,0.390574216843,0.479653924704,0.144816458225,0.307058393955,0.506435990334,0.14495845139,0.210383653641,0.535762906075,0.146936491132,0.115586832166,0.566681742668,0.148751407862,0.022309795022,0.599561572075,0.154613032937,-0.0710884928703,0.635818362236,0.159612372518,-0.162822335958,0.671651244164,0.167169287801,-0.254367172718,0.717310667038,0.175425082445,-0.365545868874,0.566484332085,0.227142170072,-0.367703795433,0.409029096365,-0.102814309299,-0.367703795433
1776811113.1,0.472272753716,0.157470554113,0.385959476233,0.486009091139,0.152046114206,0.300645232201,0.514306426048,0.15254868567,0.204865813255,0.54525744915,0.154331326485,0.110932208598,0.577064156532,0.154674842954,0.0175089612603,0.610803842545,0.157820045948,-0.0756079703569,0.64673936367,0.159449458122,-0.168352723122,0.682267904282,0.16258892417,-0.259690999985,0.725999832153,0.166535288095,-0.372833698988,0.571982264519,0.224843800068,-0.367703795433,0.408979147673,-0.102770887315,-0.367703795433
1776811113.12,0.476196557283,0.161210298538,0.382212847471,0.489281207323,0.155966550112,0.297934949398,0.518619775772,0.156713053584,0.202375918627,0.549591183662,0.157520070672,0.107672356069,0.582573652267,0.157508730888,0.015606790781,0.615782856941,0.159933269024,-0.0783026218414,0.652043819427,0.159577056766,-0.170072972775,0.6868070364,0.161002784967,-0.262861996889,0.730987071991,0.160966202617,-0.374658793211,0.577380537987,0.222376331687,-0.367703795433,0.408981174231,-0.102794967592,-0.367703795433
1776811113.13,0.48068010807,0.164690285921,0.378465473652,0.495665878057,0.163104191422,0.291896700859,0.526175379753,0.163873106241,0.19678863883,0.558546900749,0.164968043566,0.103105939925,0.591727972031,0.162954300642,0.0107971355319,0.625759601593,0.162708491087,-0.0817700326443,0.660429954529,0.159036576748,-0.174815922976,0.6946362257,0.157036066055,-0.267893791199,0.737711191177,0.151349842548,-0.380606323481,0.582666158676,0.219738468528,-0.367703795433,0.408315628767,-0.102176979184,-0.367703795433
1776811113.15,0.485410928726,0.167616724968,0.375160127878,0.499427288771,0.166210368276,0.289263904095,0.529761314392,0.167507275939,0.193918719888,0.5625,0.167865678668,0.100430704653,0.59599339962,0.166096404195,0.00858543813229,0.630343675613,0.163869470358,-0.0844497084618,0.664469480515,0.159705027938,-0.177808523178,0.698146224022,0.154661431909,-0.269896656275,0.740634202957,0.146850988269,-0.383306860924,0.587825417519,0.216929361224,-0.367703795433,0.408316522837,-0.102150291204,-0.367703795433
1776811113.16,0.491120904684,0.170157000422,0.371956497431,0.505921602249,0.172522097826,0.284081339836,0.537170290947,0.173630878329,0.189312934875,0.57000374794,0.173586189747,0.0956899896264,0.604149103165,0.171013176441,0.00406870245934,0.637464880943,0.166097566485,-0.0886693000793,0.670609593391,0.158547431231,-0.182547062635,0.703972697258,0.149895906448,-0.27483227849,0.744870424271,0.137564554811,-0.387471050024,0.592843651772,0.213948696852,-0.367703795433,0.409017831087,-0.102788373828,-0.367703795433
1776811113.18,0.49602496624,0.171566143632,0.369786918163,0.50928914547,0.174920454621,0.282098203897,0.540526986122,0.176212117076,0.187245711684,0.573601722717,0.176023215055,0.0938072651625,0.606744289398,0.172304436564,0.0012618675828,0.640273809433,0.166958600283,-0.0910636782646,0.673315644264,0.157677277923,-0.184478014708,0.706711292267,0.148438423872,-0.276770710945,0.74619269371,0.132953137159,-0.389404863119,0.597705602646,0.210796773434,-0.367703795433,0.408289223909,-0.102165602148,-0.367703795433
1776811113.19,0.501042544842,0.17219555378,0.367868810892,0.515550613403,0.178677231073,0.278070211411,0.546602964401,0.17997135222,0.182539224625,0.579276204109,0.179216921329,0.0889085456729,0.612107038498,0.174185484648,-0.00322744995356,0.645484209061,0.167139962316,-0.0952592939138,0.677883028984,0.155319482088,-0.188869059086,0.709844708443,0.142974987626,-0.281065762043,0.748594522476,0.124632969499,-0.392985373735,0.602395772934,0.207474574447,-0.367703795433,0.408305853605,-0.1021438241,-0.367703795433
1776811113.21,0.506630778313,0.172058343887,0.366466194391,0.51900613308,0.18026702106,0.276157200336,0.549546718597,0.181512996554,0.180906146765,0.581550598145,0.180339425802,0.0870583280921,0.614231824875,0.174437344074,-0.00542209297419,0.647117972374,0.166898369789,-0.0976918935776,0.679337978363,0.15443135798,-0.19080644846,0.710991024971,0.140737682581,-0.282913863659,0.749331831932,0.121497638524,-0.395919829607,0.606897830963,0.203983798623,-0.367703795433,0.409048169851,-0.102817259729,-0.367703795433
1776811113.22,0.512292146683,0.170987248421,0.365463137627,0.525713920593,0.181356415153,0.272969424725,0.554799199104,0.182096719742,0.177385926247,0.58607852459,0.180580824614,0.0835431814194,0.616986989975,0.17340965569,-0.00917088985443,0.649086356163,0.164404913783,-0.101972967386,0.680809855461,0.151201084256,-0.195627629757,0.712055802345,0.136129051447,-0.28768736124,0.748879551888,0.115532904863,-0.400774568319,0.611195325851,0.200326949358,-0.367703795433,0.409035414457,-0.102772086859,-0.367703795433
1776811113.24,0.51844984293,0.168959632516,0.364992558956,0.525713920593,0.181356415153,0.272969424725,0.554799199104,0.182096719742,0.177385926247,0.58607852459,0.180580824614,0.0835431814194,0.616986989975,0.17340965569,-0.00917088985443,0.649086356163,0.164404913783,-0.101972967386,0.680809855461,0.151201084256,-0.195627629757,0.712055802345,0.136129051447,-0.28768736124,0.748879551888,0.115532904863,-0.400774568319,0.615271687508,0.196507334709,-0.367703795433,0.408981591463,-0.102792263031,-0.367703795433
1776811113.25,0.523883521557,0.16644179821,0.36513414979,0.535611271858,0.179822891951,0.270304262638,0.561997652054,0.179442062974,0.173658311367,0.59026324749,0.176246225834,0.0785079821944,0.619880318642,0.169002711773,-0.0134989917278,0.649098157883,0.158869028091,-0.108049035072,0.679762601852,0.144514292479,-0.201474070549,0.709961652756,0.128972500563,-0.293940871954,0.745962738991,0.107635289431,-0.408068627119,0.619110584259,0.192529112101,-0.367703795433,0.409028381109,-0.102812223136,-0.367703795433
1776811113.27,0.529614150524,0.163043737411,0.365622103214,0.539169192314,0.177991241217,0.269939959049,0.564463853836,0.177470222116,0.172828540206,0.591363310814,0.174045532942,0.0772644653916,0.619679093361,0.166468188167,-0.0157470852137,0.648593187332,0.156146109104,-0.109201967716,0.67891907692,0.142116993666,-0.203301668167,0.708944678307,0.125827893615,-0.295840680599,0.746421813965,0.103723920882,-0.407199412584,0.622695684433,0.188397273421,-0.367703795433,0.40901902318,-0.102804474533,-0.367703795433
1776811113.28,0.535634458065,0.158790305257,0.366835325956,0.545749664307,0.173163950443,0.269154429436,0.56893992424,0.171791493893,0.171956256032,0.593672275543,0.167699158192,0.0761289075017,0.619833707809,0.159893900156,-0.0179743915796,0.647512078285,0.149973288178,-0.112175881863,0.675805687904,0.136002868414,-0.206155776978,0.705124020576,0.121444292367,-0.299503266811,0.739923357964,0.101889424026,-0.414712995291,0.626011133194,0.18411770463,-0.367703795433,0.409005433321,-0.102788262069,-0.367703795433
1776811113.3,0.540716171265,0.154520377517,0.36823245883,0.548954963684,0.170584544539,0.269285351038,0.571355223656,0.168490290642,0.17226870358,0.594727158546,0.163542762399,0.075346685946,0.619804859161,0.155949100852,-0.0186061561108,0.646701455116,0.146563500166,-0.112923115492,0.674411773682,0.133322358131,-0.207924485207,0.703696608543,0.11886575073,-0.300433218479,0.738473415375,0.100051783025,-0.415335983038,0.629041910172,0.179697096348,-0.367703795433,0.409011811018,-0.10279674083,-0.367703795433
1776811113.31,0.546119213104,0.149265661836,0.370195955038,0.555583000183,0.163853287697,0.270618796349,0.575653195381,0.159996911883,0.17203399539,0.596549034119,0.155144765973,0.0749808549881,0.619462609291,0.147156968713,-0.0196120887995,0.644243597984,0.138881847262,-0.114578470588,0.670336008072,0.126912593842,-0.210146158934,0.698311209679,0.114219762385,-0.303015619516,0.733435153961,0.0969776138663,-0.416362434626,0.631773352623,0.17514295876,-0.367703795433,0.408311456442,-0.102138184011,-0.367703795433
1776811113.33,0.551605701447,0.143148228526,0.372772842646,0.558650493622,0.159925729036,0.271025300026,0.577829241753,0.156002640724,0.172944247723,0.597927808762,0.150385603309,0.0757721811533,0.619549870491,0.142616912723,-0.0196443498135,0.643690347672,0.134381592274,-0.114408925176,0.66895031929,0.123742997646,-0.210331052542,0.696022510529,0.112345054746,-0.303888052702,0.730154514313,0.0962762013078,-0.417815715075,0.634192347527,0.170463547111,-0.367703795433,0.409028381109,-0.102798037231,-0.367703795433
1776811113.34,0.556518793106,0.136905625463,0.375597268343,0.564955353737,0.1516777426,0.27363717556,0.58200609684,0.146268457174,0.175103068352,0.600829005241,0.140864148736,0.0781286358833,0.620318889618,0.132631286979,-0.0184759944677,0.642509579659,0.126209706068,-0.113359555602,0.664982676506,0.116910636425,-0.210085690022,0.689380168915,0.108389049768,-0.305389076471,0.72033405304,0.0955946594477,-0.421438068151,0.636286258698,0.165667787194,-0.367703795433,0.409026116133,-0.102814003825,-0.367703795433
1776811113.36,0.561106443405,0.130269736052,0.378796845675,0.56769824028,0.147122591734,0.274844557047,0.584345340729,0.141576722264,0.176288992167,0.601571679115,0.135697498918,0.0794306620955,0.620532751083,0.127906635404,-0.01729644835,0.641784310341,0.122132815421,-0.112781777978,0.663418650627,0.113375455141,-0.210476875305,0.686785817146,0.106466390193,-0.305672138929,0.716824173927,0.0952328965068,-0.420938104391,0.638044476509,0.160765260458,-0.367703795433,0.408314794302,-0.102141156793,-0.367703795433
1776811113.37,0.56522321701,0.123805247247,0.382112264633,0.573891282082,0.138160213828,0.278734385967,0.588986158371,0.132256686687,0.179772824049,0.604735016823,0.125903382897,0.081819280982,0.621669769287,0.118118822575,-0.0143782496452,0.640450239182,0.113233312964,-0.110542565584,0.659831285477,0.106719367206,-0.208191156387,0.680090427399,0.102334208786,-0.3048787117,0.70483314991,0.0961606130004,-0.423028558493,0.63945710659,0.155766040087,-0.367703795433,0.409003049135,-0.10278596729,-0.367703795433
1776811113.39,0.569323420525,0.116753093898,0.385800093412,0.5768045187,0.133454456925,0.280494362116,0.591207504272,0.126863986254,0.181682094932,0.60611641407,0.120656825602,0.0831904113293,0.622274637222,0.114195264876,-0.011727206409,0.639765024185,0.109119929373,-0.109260201454,0.657918334007,0.103852599859,-0.208055049181,0.676380157471,0.100366681814,-0.304388999939,0.699412822723,0.0964935943484,-0.423583418131,0.640516400337,0.150680631399,-0.367703795433,0.409000426531,-0.102788209915,-0.367703795433
1776811113.4,0.573189973831,0.109203241765,0.389695137739,0.582718610764,0.123834356666,0.285328328609,0.596297383308,0.118035010993,0.186379939318,0.609692692757,0.111631251872,0.0881541669369,0.623687148094,0.105304099619,-0.00895708054304,0.638811945915,0.102306656539,-0.105811104178,0.653666257858,0.0980949476361,-0.204560399055,0.668595075607,0.0973248407245,-0.302409231663,0.686828970909,0.096133865416,-0.423078745604,0.641215920448,0.145519897342,-0.367703795433,0.408989578485,-0.102776899934,-0.367703795433
1776811113.42,0.576835811138,0.101507559419,0.393659442663,0.58551633358,0.11915114522,0.287648826838,0.598641633987,0.113438419998,0.189281448722,0.611384391785,0.107004620135,0.0902258604765,0.624153733253,0.101533681154,-0.00713254511356,0.638120293617,0.0993478670716,-0.104112103581,0.650543928146,0.0960358679295,-0.203609287739,0.664627075195,0.0960607305169,-0.300495445728,0.680162072182,0.0958708673716,-0.422056287527,0.641550779343,0.140294834971,-0.367703795433,0.408301562071,-0.102143414319,-0.367703795433
1776811113.43,0.580776035786,0.0926383435726,0.398292392492,0.590701580048,0.109076708555,0.292633056641,0.60287463665,0.103845588863,0.193570137024,0.614939570427,0.0997847914696,0.0955553799868,0.625607252121,0.0948794037104,-0.00228045880795,0.63610804081,0.0942690223455,-0.100201010704,0.645523309708,0.0924354568124,-0.19941598177,0.655314922333,0.0938538908958,-0.297862350941,0.666519284248,0.0958418920636,-0.419417709112,0.641518235207,0.135016605258,-0.367703795433,0.408295243979,-0.10213086009,-0.367703795433
1776811113.45,0.583528459072,0.0858349725604,0.401732593775,0.59317946434,0.104632973671,0.295746445656,0.60503077507,0.0996429249644,0.196754857898,0.615987658501,0.0961329638958,0.0981959179044,0.625693202019,0.0923988819122,-0.000281244516373,0.635142564774,0.0919149518013,-0.0975141376257,0.643109321594,0.090924449265,-0.197908252478,0.650548696518,0.0926566794515,-0.296494394541,0.659612298012,0.0954622849822,-0.417804628611,0.641116976738,0.129696294665,-0.367703795433,0.40898129344,-0.102768994868,-0.367703795433
1776811113.46,0.586618006229,0.0781222879887,0.405802547932,0.597335338593,0.0945066362619,0.300687283278,0.608543872833,0.0918066576123,0.202439516783,0.617602229118,0.0892896205187,0.102860145271,0.625517368317,0.0869689509273,0.00455760210752,0.632340908051,0.0884216725826,-0.0932610183954,0.636986374855,0.0886111781001,-0.193216770887,0.641585350037,0.0922596678138,-0.29128909111,0.645556330681,0.0957470759749,-0.414041846991,0.640347480774,0.12434490025,-0.367703795433,0.408996909857,-0.102783665061,-0.367703795433
1776811113.48,0.589527487755,0.0703685581684,0.409675180912,0.599839091301,0.0903173610568,0.304177165031,0.609397649765,0.0874254405499,0.204102128744,0.61813724041,0.0862121880054,0.105367012322,0.624850749969,0.0850385725498,0.00692109763622,0.630911946297,0.087147526443,-0.090589389205,0.634567141533,0.0876993313432,-0.190871566534,0.636840105057,0.0907686054707,-0.290015935898,0.63846385479,0.094626635313,-0.411645740271,0.6392121315,0.118973113596,-0.367703795433,0.408328801394,-0.102158091962,-0.367703795433
1776811113.49,0.592676818371,0.0614841654897,0.413872629404,0.602857351303,0.0809525102377,0.309349894524,0.611071586609,0.0802794620395,0.209113955498,0.618028044701,0.081142231822,0.110874570906,0.622778534889,0.0818185210228,0.0129512101412,0.625957846642,0.0843932554126,-0.0859355479479,0.626621961594,0.0855581536889,-0.186484515667,0.625962138176,0.0901783332229,-0.285146057606,0.624131083488,0.0936650112271,-0.406820863485,0.637714505196,0.113591320813,-0.367703795433,0.408336907625,-0.102141797543,-0.367703795433
1776811113.51,0.5952501297,0.054436314851,0.417197644711,0.603885531425,0.0759439989924,0.311370909214,0.611583352089,0.0766353830695,0.211968660355,0.617314219475,0.0777326673269,0.111780077219,0.621328949928,0.0793212652206,0.013824865222,0.623574495316,0.0840320587158,-0.0826237797737,0.622762680054,0.0854896903038,-0.183310121298,0.62098300457,0.0895631685853,-0.281998932362,0.616623044014,0.0933697745204,-0.404889494181,0.635860204697,0.108209423721,-0.367703795433,0.409039884806,-0.102809995413,-0.367703795433
1776811113.52,0.597712039948,0.0476140417159,0.420202285051,0.60576570034,0.0671906173229,0.316228866577,0.611586689949,0.0695566609502,0.216413646936,0.615506529808,0.0734824240208,0.118088625371,0.617457270622,0.0765530839562,0.0200202614069,0.61757171154,0.081804856658,-0.077275827527,0.615109682083,0.0840341895819,-0.178093194962,0.609490871429,0.0878559723496,-0.277673631907,0.602713108063,0.0924345999956,-0.400049358606,0.633655905724,0.102836817503,-0.367703795433,0.408333092928,-0.102161198854,-0.367703795433
1776811113.54,0.600336790085,0.0400913842022,0.423399418592,0.606910347939,0.0628676563501,0.318612277508,0.611320018768,0.0662956833839,0.218684181571,0.614328980446,0.0715059041977,0.120866678655,0.614656448364,0.0742653533816,0.0209285542369,0.614099979401,0.0802682563663,-0.0752023905516,0.61051928997,0.0830561220646,-0.175704389811,0.604064226151,0.0874356627464,-0.275565028191,0.596987247467,0.0910897478461,-0.397012144327,0.631109833717,0.0974822565913,-0.367703795433,0.408319324255,-0.102149829268,-0.367703795433
1776811113.55,0.602645456791,0.0328459553421,0.426122754812,0.608755588531,0.054242298007,0.323391348124,0.610404968262,0.0597156435251,0.223193258047,0.610458850861,0.0658694133162,0.125201836228,0.60877597332,0.0710100382566,0.0266489684582,0.605969190598,0.0776063799858,-0.0702612549067,0.601283192635,0.0809470266104,-0.17133435607,0.592557311058,0.085859335959,-0.270812124014,0.583491563797,0.0901044234633,-0.391526848078,0.628231287003,0.092153839767,-0.367703795433,0.408317774534,-0.102148771286,-0.367703795433
1776811113.57,0.60448038578,0.0266949422657,0.428193211555,0.609347939491,0.0503630004823,0.325279831886,0.609751582146,0.057083491236,0.226146250963,0.60811817646,0.063423410058,0.127079874277,0.60583627224,0.0689266994596,0.0292778760195,0.602260828018,0.0755785405636,-0.0688105076551,0.595782756805,0.0799897164106,-0.168811649084,0.586917996407,0.0845182314515,-0.268297344446,0.576585769653,0.0898877233267,-0.390162736177,0.625030636787,0.086858920753,-0.367703795433,0.409012228251,-0.102800011635,-0.367703795433
1776811113.58,0.60634547472,0.0198099333793,0.430292487144,0.610428929329,0.0422271154821,0.329368174076,0.608097076416,0.0492397136986,0.228542655706,0.604101777077,0.0570547394454,0.130124956369,0.598829507828,0.0649844557047,0.0338703393936,0.592722177505,0.0723923444748,-0.0639133006334,0.585040211678,0.0769883021712,-0.163957506418,0.576350688934,0.0832705721259,-0.262375235558,0.565506100655,0.0876497551799,-0.384829103947,0.621519446373,0.0816040933132,-0.367703795433,0.409019201994,-0.10278878361,-0.367703795433
1776811113.6,0.607444405556,0.014865054749,0.431470394135,0.610674023628,0.0376763939857,0.33014985919,0.607039570808,0.0456858575344,0.230273485184,0.601238965988,0.0544766932726,0.133329808712,0.595206737518,0.06216372177,0.0357156842947,0.587238788605,0.0695069208741,-0.0628472715616,0.579944372177,0.0747147575021,-0.162913292646,0.570566534996,0.081777267158,-0.260140806437,0.557876944542,0.0876824036241,-0.383657455444,0.617709636688,0.0763951465487,-0.367703795433,0.408313244581,-0.102138876915,-0.367703795433
1776811113.61,0.608406245708,0.00983267836273,0.432422101498,0.61092710495,0.029761089012,0.332754641771,0.604540228844,0.0385093726218,0.234071165323,0.596742153168,0.047264367342,0.134866446257,0.587267518044,0.0563803389668,0.0406769514084,0.578989386559,0.0656103268266,-0.0579484254122,0.569714069366,0.0714290514588,-0.158888399601,0.557749271393,0.0793768763542,-0.255500495434,0.546729922295,0.0863398090005,-0.379271864891,0.613614082336,0.0712370574474,-0.367703795433,0.408351868391,-0.102206394076,-0.367703795433
1776811113.63,0.608982861042,0.00590131757781,0.432973325253,0.610860228539,0.025451598689,0.333655178547,0.603337526321,0.0343354903162,0.233902066946,0.594313621521,0.0436576195061,0.136596053839,0.584740042686,0.052628301084,0.0387614741921,0.575082659721,0.0625511258841,-0.0574238300323,0.56416785717,0.0696728602052,-0.156339973211,0.553957343102,0.0771850720048,-0.255746901035,0.538794517517,0.0876498892903,-0.379318922758,0.609246015549,0.0661339834332,-0.367703795433,0.409007698298,-0.102790638804,-0.367703795433
1776811113.64,0.609285950661,0.00157923728693,0.433348894119,0.610010504723,0.0181687176228,0.335035979748,0.600393176079,0.0269842296839,0.236858054996,0.589570045471,0.0360958613455,0.138143062592,0.577806472778,0.0464707873762,0.0430075898767,0.566675901413,0.056748252362,-0.0546316206455,0.554539442062,0.0644923076034,-0.155282974243,0.543941140175,0.0745389685035,-0.252286374569,0.527406573296,0.0859345495701,-0.376620650291,0.604619145393,0.0610892549157,-0.367703795433,0.408314555883,-0.102140203118,-0.367703795433
1776811113.66,0.609042525291,-0.00162397872191,0.433222383261,0.609351873398,0.0142691368237,0.334658384323,0.598803877831,0.0232643894851,0.23764064908,0.587394714355,0.0333180949092,0.140021175146,0.574988484383,0.0421986468136,0.0416031330824,0.562584280968,0.0537625961006,-0.0535905212164,0.549870252609,0.0625294074416,-0.152909368277,0.538859009743,0.0728458315134,-0.250685960054,0.523332834244,0.0824176669121,-0.373381525278,0.599747538567,0.0561054125428,-0.367703795433,0.408325582743,-0.102144613862,-0.367703795433
1776811113.67,0.608553171158,-0.00425524357706,0.432819277048,0.607909083366,0.00910775829107,0.336738169193,0.596014976501,0.0164987463504,0.237916022539,0.58210170269,0.0258415415883,0.141266942024,0.568342208862,0.0345558002591,0.0434740036726,0.555583357811,0.0470541752875,-0.0522838681936,0.542195320129,0.0570160523057,-0.151962131262,0.529018878937,0.0686893984675,-0.249030321836,0.510366559029,0.0828287303448,-0.373035848141,0.594645261765,0.0511841960251,-0.367703795433,0.40901824832,-0.102804161608,-0.367703795433
1776811113.69,0.607822716236,-0.00638394244015,0.43227493763,0.606561541557,0.00607167650014,0.336753427982,0.594570159912,0.0130402790383,0.237200826406,0.579581737518,0.0215346775949,0.141034379601,0.565232872963,0.0313533879817,0.0460041537881,0.552134633064,0.0437556616962,-0.0516397058964,0.538610219955,0.0536391250789,-0.151981770992,0.523646593094,0.0667203441262,-0.247303873301,0.507418751717,0.0798850059509,-0.370846062899,0.589326500893,0.0463266000152,-0.367703795433,0.408997446299,-0.102788306773,-0.367703795433
1776811113.7,0.606873571873,-0.00819488242269,0.431590169668,0.604100942612,0.00197236915119,0.336916089058,0.59176671505,0.00728083308786,0.237028032541,0.575083613396,0.0143255982548,0.141309127212,0.560983181,0.0231645032763,0.042306534946,0.547050833702,0.0356409586966,-0.05338332057,0.531083106995,0.0475449450314,-0.151512980461,0.516077160835,0.0612429566681,-0.249099522829,0.494700103998,0.0798215344548,-0.371824890375,0.583805322647,0.0415328890085,-0.367703795433,0.408334165812,-0.102160230279,-0.367703795433
1776811113.72,0.605821251869,-0.00964719802141,0.430929630995,0.60317504406,-0.00015482827439,0.336051642895,0.589149713516,0.00523485569283,0.237925350666,0.573726058006,0.0114458855242,0.140738531947,0.558725357056,0.020002907142,0.0424473881721,0.54465842247,0.0320583358407,-0.0538683533669,0.526678204536,0.0445719175041,-0.150432765484,0.512608766556,0.0586970150471,-0.248702436686,0.489705353975,0.0776807367802,-0.370705425739,0.578095912933,0.0368026345968,-0.367703795433,0.409039765596,-0.102819003165,-0.367703795433
1776811113.73,0.604341626167,-0.011172500439,0.430159300566,0.600948929787,-0.00318610621616,0.335156738758,0.586181163788,0.000878604128957,0.236427277327,0.570455431938,0.00581001676619,0.138552337885,0.554223418236,0.0141990361735,0.0445491820574,0.539098501205,0.0257207900286,-0.0537919253111,0.521968841553,0.0378338322043,-0.152538776398,0.504545450211,0.0533181317151,-0.248599112034,0.482138246298,0.0720167905092,-0.369102180004,0.572212100029,0.0321347676218,-0.367703795433,0.408989757299,-0.10277979821,-0.367703795433
1776811113.75,0.603136062622,-0.0122805414721,0.429529130459,0.599598526955,-0.00439313752577,0.334520637989,0.585349202156,-0.00121691939421,0.235449522734,0.569716095924,0.00437718164176,0.139018967748,0.553341388702,0.0117636779323,0.0427422896028,0.536625266075,0.02285659872,-0.05364780128,0.518519163132,0.0355457775295,-0.151450544596,0.501408338547,0.0508400052786,-0.248791456223,0.476356238127,0.0716600194573,-0.369774878025,0.566167473793,0.02752760984,-0.367703795433,0.408333450556,-0.102184966207,-0.367703795433
1776811113.76,0.600882947445,-0.0141537161544,0.428464978933,0.596783876419,-0.00647481624037,0.333792865276,0.582913398743,-0.0041770436801,0.233278736472,0.5671428442,0.00028788211057,0.135982468724,0.550199151039,0.00725202029571,0.0425672754645,0.533004522324,0.0175632704049,-0.0555419027805,0.512763738632,0.0300664361566,-0.152318656445,0.494433373213,0.0458818264306,-0.249503165483,0.467576116323,0.066836796701,-0.369392931461,0.559975624084,0.0229789279401,-0.367703795433,0.408995717764,-0.102767392993,-0.367703795433
1776811113.78,0.598795354366,-0.0158528406173,0.427611917257,0.595431685448,-0.00777219142765,0.332962632179,0.581652402878,-0.00531436828896,0.232569873333,0.564349412918,-0.0013048419496,0.137564450502,0.549010396004,0.00554395327345,0.0425535589457,0.531104564667,0.0153781846166,-0.0563911646605,0.510329842567,0.0277472045273,-0.15255060792,0.491256266832,0.0434180684388,-0.249592781067,0.460499376059,0.0667805895209,-0.372628360987,0.553649425507,0.0184859707952,-0.367703795433,0.408986657858,-0.102748833597,-0.367703795433
1776811113.79,0.596489787102,-0.0177309289575,0.426924228668,0.592167258263,-0.00988122727722,0.331365287304,0.579001307487,-0.00666427798569,0.23255610466,0.562989115715,-0.00243558734655,0.137161910534,0.545131444931,0.0031270282343,0.0393740162253,0.527704715729,0.0124033121392,-0.0576698482037,0.506062269211,0.0238962676376,-0.154402822256,0.485606282949,0.0386401899159,-0.250942051411,0.455141872168,0.0588838793337,-0.372145563364,0.547201991081,0.014045513235,-0.367703795433,0.408341497183,-0.102176234126,-0.367703795433
1776811113.81,0.593900501728,-0.0195945352316,0.426239907742,0.590579748154,-0.010717317462,0.330567359924,0.576680541039,-0.00726192165166,0.232245147228,0.560792803764,-0.00326430588029,0.135332241654,0.544959783554,0.00189417111687,0.0375785753131,0.524904608727,0.0116675691679,-0.0572983473539,0.504441976547,0.0214490685612,-0.156517744064,0.477579802275,0.0369080863893,-0.245513439178,0.450187176466,0.0569299757481,-0.373781263828,0.540645599365,0.00965391192585,-0.367703795433,0.408331423998,-0.102187395096,-0.367703795433
1776811113.82,0.590929448605,-0.0215973742306,0.425451606512,0.588538765907,-0.0123726390302,0.328947901726,0.574526786804,-0.00791500508785,0.232519835234,0.558966517448,-0.00393770262599,0.133741378784,0.54180431366,0.00213219947182,0.0398095846176,0.523420095444,0.0113285025582,-0.0580065697432,0.502068758011,0.0213905703276,-0.155863165855,0.475349396467,0.0340422280133,-0.24661976099,0.448483079672,0.0533135570586,-0.373300939798,0.533992648125,0.00530714308843,-0.367703795433,0.408954530954,-0.102718800306,-0.367703795433
1776811113.84,0.588066875935,-0.0235090050846,0.424956381321,0.588538765907,-0.0123726390302,0.328947901726,0.574526786804,-0.00791500508785,0.232519835234,0.558966517448,-0.00393770262599,0.133741378784,0.54180431366,0.00213219947182,0.0398095846176,0.523420095444,0.0113285025582,-0.0580065697432,0.502068758011,0.0213905703276,-0.155863165855,0.475349396467,0.0340422280133,-0.24661976099,0.448483079672,0.0533135570586,-0.373300939798,0.527254939079,0.00100084475707,-0.367703795433,0.408555299044,-0.102608032525,-0.367703795433
1776811113.85,0.585258722305,-0.0251884236932,0.424677103758,0.588538765907,-0.0123726390302,0.328947901726,0.574526786804,-0.00791500508785,0.232519835234,0.558966517448,-0.00393770262599,0.133741378784,0.54180431366,0.00213219947182,0.0398095846176,0.523420095444,0.0113285025582,-0.0580065697432,0.502068758011,0.0213905703276,-0.155863165855,0.475349396467,0.0340422280133,-0.24661976099,0.448483079672,0.0533135570586,-0.373300939798,0.520444273949,-0.00326963653788,-0.367703795433,0.408999949694,-0.102798603475,-0.367703795433
1776811113.87,0.582150638103,-0.0268585477024,0.424614101648,0.588538765907,-0.0123726390302,0.328947901726,0.574526786804,-0.00791500508785,0.232519835234,0.558966517448,-0.00393770262599,0.133741378784,0.54180431366,0.00213219947182,0.0398095846176,0.523420095444,0.0113285025582,-0.0580065697432,0.502068758011,0.0213905703276,-0.155863165855,0.475349396467,0.0340422280133,-0.24661976099,0.448483079672,0.0533135570586,-0.373300939798,0.513571739197,-0.00750920688733,-0.367703795433,0.408953338861,-0.102769762278,-0.367703795433
1776811113.88,0.578976809978,-0.0283187068999,0.424761325121,0.571472167969,-0.0182946827263,0.328973472118,0.557577252388,-0.0118627585471,0.229904457927,0.543063282967,-0.00412240624428,0.134066477418,0.525686502457,0.00257248035632,0.0379313156009,0.509549856186,0.00949180778116,-0.0614289194345,0.488116890192,0.0134812733158,-0.159283220768,0.467963844538,0.0179988425225,-0.256735563278,0.433934301138,0.0242071822286,-0.377925544977,0.506648778915,-0.0117229828611,-0.367703795433,0.408978313208,-0.102846473455,-0.367703795433
1776811113.9,0.576349139214,-0.0292801503092,0.425084352493,0.571472167969,-0.0182946827263,0.328973472118,0.557577252388,-0.0118627585471,0.229904457927,0.543063282967,-0.00412240624428,0.134066477418,0.525686502457,0.00257248035632,0.0379313156009,0.509549856186,0.00949180778116,-0.0614289194345,0.488116890192,0.0134812733158,-0.159283220768,0.467963844538,0.0179988425225,-0.256735563278,0.433934301138,0.0242071822286,-0.377925544977,0.499686211348,-0.015916256234,-0.367703795433,0.408993273973,-0.102810420096,-0.367703795433
1776811113.92,0.572306036949,-0.0303705390543,0.426078915596,0.571472167969,-0.0182946827263,0.328973472118,0.557577252388,-0.0118627585471,0.229904457927,0.543063282967,-0.00412240624428,0.134066477418,0.525686502457,0.00257248035632,0.0379313156009,0.509549856186,0.00949180778116,-0.0614289194345,0.488116890192,0.0134812733158,-0.159283220768,0.467963844538,0.0179988425225,-0.256735563278,0.433934301138,0.0242071822286,-0.377925544977,0.492694824934,-0.0200944487005,-0.367703795433,0.408968001604,-0.102806732059,-0.367703795433
1776811113.93,0.56861025095,-0.03102597408,0.427209913731,0.571472167969,-0.0182946827263,0.328973472118,0.557577252388,-0.0118627585471,0.229904457927,0.543063282967,-0.00412240624428,0.134066477418,0.525686502457,0.00257248035632,0.0379313156009,0.509549856186,0.00949180778116,-0.0614289194345,0.488116890192,0.0134812733158,-0.159283220768,0.467963844538,0.0179988425225,-0.256735563278,0.433934301138,0.0242071822286,-0.377925544977,0.485685378313,-0.0242630857974,-0.367703795433,0.408983677626,-0.102822467685,-0.367703795433
1776811113.94,0.565088570118,-0.031445864588,0.428778231144,0.559234142303,-0.0223331749439,0.330143928528,0.54553937912,-0.0156488828361,0.230202168226,0.52897131443,-0.00866504944861,0.132139861584,0.512247920036,-0.00335377734154,0.0364354252815,0.496321946383,0.00202945736237,-0.060509338975,0.478323847055,0.00260638655163,-0.160353302956,0.456645935774,0.00439543556422,-0.258527010679,0.435976356268,0.00141288340092,-0.37785243988,0.478668421507,-0.0284277498722,-0.367703795433,0.408985823393,-0.102663718164,-0.367703795433
1776811113.96,0.561530649662,-0.0318058170378,0.430590242147,0.559234142303,-0.0223331749439,0.330143928528,0.54553937912,-0.0156488828361,0.230202168226,0.52897131443,-0.00866504944861,0.132139861584,0.512247920036,-0.00335377734154,0.0364354252815,0.496321946383,0.00202945736237,-0.060509338975,0.478323847055,0.00260638655163,-0.160353302956,0.456645935774,0.00439543556422,-0.258527010679,0.435976356268,0.00141288340092,-0.37785243988,0.471654564142,-0.0325940512121,-0.367703795433,0.40897795558,-0.102656260133,-0.367703795433
1776811113.97,0.558158040047,-0.0321845375001,0.432622075081,0.559234142303,-0.0223331749439,0.330143928528,0.54553937912,-0.0156488828361,0.230202168226,0.52897131443,-0.00866504944861,0.132139861584,0.512247920036,-0.00335377734154,0.0364354252815,0.496321946383,0.00202945736237,-0.060509338975,0.478323847055,0.00260638655163,-0.160353302956,0.456645935774,0.00439543556422,-0.258527010679,0.435976356268,0.00141288340092,-0.37785243988,0.464654356241,-0.0367675870657,-0.367703795433,0.408943682909,-0.102612994611,-0.367703795433
1776811113.99,0.554348826408,-0.0327797085047,0.435280144215,0.546509861946,-0.0260412730277,0.334594964981,0.531512260437,-0.0230160579085,0.23489677906,0.514840722084,-0.0200210250914,0.138739526272,0.50073826313,-0.017306432128,0.0402369499207,0.486076921225,-0.0158588085324,-0.0582951754332,0.47181519866,-0.0158662758768,-0.157549798489,0.456373661757,-0.0150868371129,-0.25384837389,0.43929669261,-0.0175680909306,-0.376783907413,0.457678467035,-0.0409539118409,-0.367703795433,0.40929594636,-0.102830551565,-0.367703795433
1776811114,0.551074326038,-0.0335577093065,0.438005447388,0.541656494141,-0.027729254216,0.337532699108,0.526922345161,-0.0268230717629,0.237460851669,0.511345148087,-0.0253645591438,0.140251606703,0.496612101793,-0.0252012014389,0.0427129790187,0.485199064016,-0.0243728030473,-0.0560360103846,0.471041053534,-0.0246189627796,-0.155568480492,0.454570740461,-0.0224064495414,-0.255788862705,0.44294282794,-0.0247541908175,-0.374650895596,0.45073762536,-0.0451584942639,-0.367703795433,0.408804565668,-0.102506861091,-0.367703795433
1776811114.02,0.548265695572,-0.0344268791378,0.440488636494,0.53975713253,-0.029176928103,0.337947845459,0.524322390556,-0.0283080097288,0.239615365863,0.509506106377,-0.0283003337681,0.141826838255,0.496637552977,-0.0289691090584,0.0438279882073,0.484330564737,-0.0282932072878,-0.0543176829815,0.470536142588,-0.0291536580771,-0.154022842646,0.455934017897,-0.027248006314,-0.253496259451,0.444377630949,-0.0289187785238,-0.373193740845,0.443842798471,-0.0493866838515,-0.367703795433,0.408702343702,-0.102459803224,-0.367703795433
1776811114.03,0.544083595276,-0.0362452715635,0.444534063339,0.535192847252,-0.0316617190838,0.341660410166,0.520969033241,-0.0325399078429,0.244082272053,0.507631778717,-0.0343739576638,0.144294813275,0.495668023825,-0.0361481793225,0.0471251308918,0.484035998583,-0.0375380627811,-0.0519579946995,0.471424788237,-0.0384411774576,-0.151157230139,0.458896487951,-0.0352814868093,-0.250174611807,0.446385473013,-0.0343625545502,-0.372463613749,0.437004953623,-0.0536436736584,-0.367703795433,0.40868267417,-0.10229948163,-0.367703795433
1776811114.05,0.540593922138,-0.0383650995791,0.448169440031,0.53309237957,-0.0327299498022,0.344931900501,0.520062565804,-0.0351211391389,0.244836270809,0.50692152977,-0.0374276526272,0.146061211824,0.494715183973,-0.0400824360549,0.0487530305982,0.483882814646,-0.0407510884106,-0.049440190196,0.472769767046,-0.0425507239997,-0.149255037308,0.46088758111,-0.0401394180954,-0.247584670782,0.447125524282,-0.0378241240978,-0.371375352144,0.430235415697,-0.0579344704747,-0.367703795433,0.408740907907,-0.102591149509,-0.367703795433
1776811114.06,0.537040054798,-0.041058562696,0.451914012432,0.530013799667,-0.0363586805761,0.348518371582,0.518005251884,-0.0399359688163,0.248438924551,0.506327867508,-0.0428149774671,0.151202768087,0.495144277811,-0.0464534014463,0.054162748158,0.484809368849,-0.0486708022654,-0.045929774642,0.47409299016,-0.0496822595596,-0.145528644323,0.464723914862,-0.0482758283615,-0.243268609047,0.453177243471,-0.0456556752324,-0.366045534611,0.423545747995,-0.0622638277709,-0.367703795433,0.408321410418,-0.102143473923,-0.367703795433
1776811114.08,0.53351187706,-0.0443578548729,0.455762445927,0.528855204582,-0.0376734025776,0.350961565971,0.517572522163,-0.0417373180389,0.251868128777,0.506159901619,-0.0454523004591,0.152951881289,0.495537310839,-0.0493873171508,0.0561755336821,0.485814720392,-0.0515111535788,-0.043473854661,0.476937502623,-0.052824318409,-0.142832934856,0.465264230967,-0.0510478951037,-0.242487162352,0.454998224974,-0.0490167923272,-0.364503532648,0.416947692633,-0.0666362419724,-0.367703795433,0.408316642046,-0.102138526738,-0.367703795433
1776811114.09,0.529564499855,-0.0486276820302,0.459885805845,0.525323629379,-0.0421582870185,0.355630785227,0.516448259354,-0.0463139079511,0.256269395351,0.506812691689,-0.0503667406738,0.157395392656,0.497469991446,-0.0540373064578,0.0607772469521,0.489854484797,-0.0572751574218,-0.0395553857088,0.478816658258,-0.0592432692647,-0.13912370801,0.470507830381,-0.0585825741291,-0.236870139837,0.459286719561,-0.0567360632122,-0.360539972782,0.410453349352,-0.0710558742285,-0.367703795433,0.40829589963,-0.102130740881,-0.367703795433
1776811114.11,0.525718152523,-0.0532526597381,0.4636028409,0.524018406868,-0.0442110039294,0.358588576317,0.515278935432,-0.0487101562321,0.258722633123,0.507565975189,-0.0526876859367,0.160012379289,0.498879522085,-0.0567564107478,0.0617446675897,0.490225046873,-0.0595011524856,-0.0369969755411,0.480998843908,-0.0621107593179,-0.136623591185,0.472529858351,-0.0615017190576,-0.234850913286,0.461839944124,-0.0610098689795,-0.3573358953,0.404075115919,-0.0755265429616,-0.367703795433,0.40834107995,-0.10216421634,-0.367703795433
1776811114.12,0.522088706493,-0.0580214634538,0.46703594923,0.52090716362,-0.0496938154101,0.36342099309,0.514199137688,-0.0528820045292,0.26476162672,0.508012890816,-0.0565721094608,0.164318859577,0.501118421555,-0.0612402148545,0.0660242363811,0.493974596262,-0.0635699033737,-0.0327829122543,0.485248893499,-0.0668259263039,-0.131955310702,0.47769126296,-0.0679402723908,-0.230186849833,0.46666482091,-0.0695803835988,-0.352476805449,0.397825688124,-0.080051638186,-0.367703795433,0.409029811621,-0.102814383805,-0.367703795433
1776811114.14,0.518011748791,-0.0636060684919,0.470319837332,0.51925265789,-0.0524547658861,0.365726828575,0.513931035995,-0.055513933301,0.265502423048,0.508138179779,-0.0585704930127,0.166776970029,0.502718567848,-0.0623175241053,0.0688521713018,0.49590036273,-0.0653399154544,-0.030265673995,0.487705618143,-0.0688804388046,-0.129652485251,0.480572193861,-0.071271032095,-0.227770417929,0.469054311514,-0.0728791952133,-0.350742012262,0.391718119383,-0.0846341326833,-0.367703795433,0.408340901136,-0.102200463414,-0.367703795433
1776811114.15,0.514131605625,-0.0692253559828,0.473091632128,0.516000032425,-0.0586905293167,0.370304226875,0.51232945919,-0.0599095523357,0.271103739738,0.508226275444,-0.0619614049792,0.172628253698,0.504585027695,-0.065757073462,0.0741109400988,0.499126642942,-0.0685608610511,-0.0260021686554,0.492315500975,-0.0730344429612,-0.125166594982,0.485394030809,-0.0767815262079,-0.223802804947,0.474946111441,-0.0817358568311,-0.345242142677,0.385765641928,-0.0892764627934,-0.367703795433,0.408989995718,-0.102772310376,-0.367703795433
1776811114.17,0.508818745613,-0.0770395994186,0.476359635592,0.513920545578,-0.0622176155448,0.372443586588,0.511337637901,-0.0633322447538,0.272451996803,0.508385777473,-0.0645462349057,0.173411592841,0.505241274834,-0.067413687706,0.0757657811046,0.500897526741,-0.0706158429384,-0.0237822979689,0.494829744101,-0.0754566043615,-0.123156234622,0.487929135561,-0.0796763077378,-0.221098423004,0.478103667498,-0.0858918949962,-0.342899560928,0.379981845617,-0.0939805582166,-0.367703795433,0.408975630999,-0.102803096175,-0.367703795433
1776811114.18,0.505080640316,-0.0826077610254,0.478196501732,0.509739518166,-0.0690667405725,0.376724988222,0.508856892586,-0.0691572204232,0.276209026575,0.508404612541,-0.0688607990742,0.177799552679,0.507026553154,-0.0714804679155,0.0786591246724,0.504187941551,-0.0742144957185,-0.0199561417103,0.498872607946,-0.0798671469092,-0.119400531054,0.492962926626,-0.0850970223546,-0.217598855495,0.484625846148,-0.0932825952768,-0.339323014021,0.374380558729,-0.0987477377057,-0.367703795433,0.408312410116,-0.102142050862,-0.367703795433
1776811114.2,0.500638604164,-0.089016109705,0.479966253042,0.507227778435,-0.072975255549,0.378272891045,0.50780236721,-0.0715872645378,0.278872013092,0.508146762848,-0.0715817958117,0.179244846106,0.507065176964,-0.0731879323721,0.0820007249713,0.505375385284,-0.0766913592815,-0.0183741152287,0.500615119934,-0.08248513937,-0.117588251829,0.495753973722,-0.0881078317761,-0.215312242508,0.487033456564,-0.0963746905327,-0.336846828461,0.36897572875,-0.103578709066,-0.367703795433,0.409031182528,-0.102816961706,-0.367703795433
1776811114.21,0.496419429779,-0.0953770801425,0.48111730814,0.503042221069,-0.0807765051723,0.38130325079,0.504864692688,-0.0787580013275,0.281168460846,0.506515860558,-0.078033298254,0.181396692991,0.507484197617,-0.078641757369,0.0842559188604,0.50708758831,-0.0816368162632,-0.0150296837091,0.503925561905,-0.0875489637256,-0.114452198148,0.500580191612,-0.0940333604813,-0.212505489588,0.493759125471,-0.103428684175,-0.334311127663,0.363781541586,-0.108473494649,-0.367703795433,0.409032255411,-0.102821357548,-0.367703795433
1776811114.23,0.492224484682,-0.101566016674,0.481848746538,0.500554680824,-0.0849288925529,0.382481575012,0.503296136856,-0.0826242417097,0.282372742891,0.505576729774,-0.0811383798718,0.182676464319,0.507253646851,-0.0811141952872,0.0869291424751,0.507866978645,-0.084568284452,-0.0137560069561,0.50549530983,-0.0903392732143,-0.113555327058,0.502777338028,-0.0968001633883,-0.211479961872,0.496737569571,-0.106454320252,-0.333567023277,0.358812063932,-0.113431409001,-0.367703795433,0.409002691507,-0.102788962424,-0.367703795433
1776811114.24,0.487130433321,-0.108945786953,0.482281655073,0.495453625917,-0.0931682884693,0.3840277493,0.499545842409,-0.0905109941959,0.284354507923,0.503321886063,-0.0883478149772,0.185969203711,0.506213545799,-0.0895175561309,0.0862913131714,0.508232593536,-0.0906277894974,-0.0123020857573,0.507709860802,-0.0965679958463,-0.111789613962,0.507397174835,-0.103372320533,-0.209648758173,0.505570292473,-0.113729380071,-0.328912168741,0.3540815413,-0.118451029062,-0.367703795433,0.408319205046,-0.102181486785,-0.367703795433
1776811114.26,0.482625871897,-0.11527171731,0.482012271881,0.492875486612,-0.0974395275116,0.385245114565,0.497183054686,-0.0947122052312,0.284995794296,0.501840353012,-0.0930523276329,0.185540765524,0.505380272865,-0.0932275950909,0.0871016681194,0.508581280708,-0.0949253439903,-0.0110448971391,0.50905585289,-0.10050188005,-0.110526055098,0.509273409843,-0.106057442725,-0.20931738615,0.507875442505,-0.115568906069,-0.33027869463,0.349604040384,-0.12353014946,-0.367703795433,0.409027308226,-0.102810807526,-0.367703795433
1776811114.27,0.478050321341,-0.121632911265,0.481309533119,0.486942380667,-0.106226190925,0.385797142982,0.492473453283,-0.103820130229,0.285442173481,0.498329311609,-0.101575799286,0.186686873436,0.50363779068,-0.102523081005,0.087669737637,0.507986783981,-0.10295278579,-0.0103333890438,0.509768486023,-0.107232682407,-0.110842943192,0.513686060905,-0.113106444478,-0.207750052214,0.515406727791,-0.122239403427,-0.328967869282,0.345393270254,-0.128665775061,-0.367703795433,0.408331781626,-0.102167211473,-0.367703795433
1776811114.29,0.473539054394,-0.127590611577,0.480119168758,0.483888417482,-0.110348790884,0.385723680258,0.489745289087,-0.108583278954,0.285312831402,0.496107250452,-0.106509894133,0.186073660851,0.501975774765,-0.106943547726,0.0877887308598,0.507256984711,-0.107241302729,-0.0105783566833,0.511879086494,-0.111634276807,-0.108989343047,0.515270352364,-0.116554297507,-0.208400338888,0.519238233566,-0.124492295086,-0.32938310504,0.341462820768,-0.133854091167,-0.367703795433,0.408359616995,-0.102214284241,-0.367703795433
1776811114.3,0.469098389149,-0.13318388164,0.478439867496,0.477862983942,-0.119438372552,0.384817153215,0.48431417346,-0.117950677872,0.284351944923,0.4916190207,-0.116608552635,0.185683250427,0.499055296183,-0.117621071637,0.0871482267976,0.506216645241,-0.117660373449,-0.0107789859176,0.512870192528,-0.12088868767,-0.110145822167,0.519552588463,-0.124073669314,-0.207625001669,0.52605342865,-0.129186883569,-0.330361574888,0.337825626135,-0.139090463519,-0.367703795433,0.40908280015,-0.102915681899,-0.367703795433
1776811114.32,0.464805990458,-0.138579636812,0.47647818923,0.475000053644,-0.123755246401,0.383732557297,0.481517344713,-0.123234651983,0.283720612526,0.488899737597,-0.122139185667,0.18422870338,0.49722674489,-0.123066455126,0.0862023234367,0.505609512329,-0.123034961522,-0.0113690122962,0.513498306274,-0.125745713711,-0.110933452845,0.520921468735,-0.127756908536,-0.208824843168,0.529877662659,-0.131275758147,-0.329819709063,0.334494143724,-0.144369423389,-0.367703795433,0.40837725997,-0.102235391736,-0.367703795433
1776811114.33,0.460516899824,-0.143892765045,0.474160194397,0.465286463499,-0.13629104197,0.380848675966,0.472595721483,-0.137624666095,0.281195282936,0.481806248426,-0.138946846128,0.180702909827,0.491492658854,-0.13997836411,0.0829540640116,0.50271832943,-0.139178052545,-0.0144055038691,0.513910293579,-0.139592692256,-0.113121017814,0.525850653648,-0.138576477766,-0.210218161345,0.54027056694,-0.138229414821,-0.331225335598,0.331480115652,-0.149684742093,-0.367703795433,0.409164577723,-0.102909572423,-0.367703795433
1776811114.35,0.456378877163,-0.148968443274,0.47155341506,0.468570202589,-0.13199198246,0.381678342819,0.47583630681,-0.132797017694,0.28160905838,0.484128981829,-0.133350849152,0.181782692671,0.493272989988,-0.134255155921,0.0845745652914,0.503700494766,-0.133623376489,-0.0135531723499,0.5139939785,-0.134912237525,-0.111927598715,0.52422618866,-0.135293871164,-0.210422903299,0.536744713783,-0.135791674256,-0.331004977226,0.328794300556,-0.15502935648,-0.367703795433,0.40913811326,-0.102905064821,-0.367703795433
1776811114.36,0.452726811171,-0.15342874825,0.468949466944,0.459757775068,-0.144088506699,0.377224296331,0.467545121908,-0.146711200476,0.277547210455,0.476888865232,-0.149487584829,0.177883774042,0.487841933966,-0.150659129024,0.0803009718657,0.501320958138,-0.149796381593,-0.0168227553368,0.514319181442,-0.14907336235,-0.115166395903,0.528475999832,-0.145920887589,-0.212540090084,0.546293139458,-0.142339631915,-0.333039849997,0.326446563005,-0.160395473242,-0.367703795433,0.408346921206,-0.102269552648,-0.367703795433
1776811114.38,0.448760002851,-0.1584456563,0.465782523155,0.45684877038,-0.147670730948,0.375580132008,0.465154796839,-0.151420205832,0.275877147913,0.474443167448,-0.154120191932,0.176023483276,0.485833138227,-0.15555049479,0.0781199485064,0.500051736832,-0.154803663492,-0.0182490497828,0.514330029488,-0.15338653326,-0.116682440042,0.529655575752,-0.149674639106,-0.213426709175,0.548951864243,-0.14452123642,-0.334078609943,0.324445486069,-0.165774598718,-0.367703795433,0.409084528685,-0.102919325233,-0.367703795433
1776811114.39,0.446028620005,-0.162213936448,0.46343973279,0.454379826784,-0.151708096266,0.373796135187,0.462829321623,-0.155662462115,0.274561583996,0.4732632339,-0.158583253622,0.175309956074,0.484317034483,-0.160671651363,0.0766319036484,0.498986810446,-0.159576937556,-0.020025908947,0.514518022537,-0.158040165901,-0.118198364973,0.531177163124,-0.153021886945,-0.215036004782,0.551664113998,-0.146897569299,-0.334929913282,0.322798550129,-0.171157613397,-0.367703795433,0.40900978446,-0.102818980813,-0.367703795433
1776811114.41,0.442160695791,-0.167909011245,0.45981541276,0.449104040861,-0.158423662186,0.369750887156,0.458380490541,-0.163507550955,0.270743966103,0.469279617071,-0.167566776276,0.171138912439,0.481890827417,-0.169684767723,0.0734033435583,0.497745722532,-0.168529391289,-0.0228567868471,0.514726400375,-0.16565798223,-0.121168136597,0.532995581627,-0.159679710865,-0.218729555607,0.556448936462,-0.151441514492,-0.336942225695,0.321511656046,-0.176534801722,-0.367703795433,0.408746689558,-0.102763913572,-0.367703795433
1776811114.42,0.439929395914,-0.171589016914,0.457463294268,0.446897000074,-0.161689981818,0.368297845125,0.456234902143,-0.167138457298,0.268328905106,0.467306703329,-0.171738475561,0.169076189399,0.48087695241,-0.17406514287,0.0719095617533,0.497278541327,-0.172493636608,-0.0244454294443,0.51568198204,-0.169433295727,-0.122624233365,0.533475279808,-0.162915274501,-0.220136135817,0.558556079865,-0.154475554824,-0.337808430195,0.320589363575,-0.181895986199,-0.367703795433,0.40875890851,-0.102758482099,-0.367703795433
1776811114.44,0.437268167734,-0.176677718759,0.454328656197,0.442619234324,-0.167757406831,0.364426016808,0.452145546675,-0.173285827041,0.265530586243,0.4646679461,-0.177681908011,0.16565194726,0.478776723146,-0.180679067969,0.067717179656,0.496261030436,-0.179258137941,-0.0280344933271,0.515110611916,-0.175964355469,-0.126309633255,0.535174489021,-0.169032841921,-0.222995460033,0.561808466911,-0.160669669509,-0.340491145849,0.320034533739,-0.187230557203,-0.367703795433,0.408771663904,-0.102764517069,-0.367703795433
1776811114.45,0.435293585062,-0.181076437235,0.451733410358,0.439282864332,-0.173341944814,0.359966874123,0.449611753225,-0.178660959005,0.261325359344,0.461804836988,-0.183061271906,0.1609056741,0.477233797312,-0.185462862253,0.0639878213406,0.49598261714,-0.184199526906,-0.0317330211401,0.515726327896,-0.181626826525,-0.129176288843,0.536862492561,-0.174624249339,-0.226245552301,0.564139246941,-0.166635811329,-0.343302816153,0.319848388433,-0.192527666688,-0.367703795433,0.408770531416,-0.102757178247,-0.367703795433
1776811114.47,0.43375441432,-0.185679093003,0.449155181646,0.437926858664,-0.17623026669,0.358148336411,0.448513835669,-0.180696606636,0.25879663229,0.460398525,-0.184351027012,0.158573061228,0.477426379919,-0.18759059906,0.0630968958139,0.495865494013,-0.186246216297,-0.0333031117916,0.515865087509,-0.183471888304,-0.131578937173,0.537311553955,-0.177519053221,-0.22794637084,0.565062642097,-0.170278668404,-0.34469217062,0.320030450821,-0.197776228189,-0.367703795433,0.408713012934,-0.102722376585,-0.367703795433
1776811114.48,0.432824134827,-0.189928621054,0.446971446276,0.435812860727,-0.181614488363,0.354807555676,0.446686297655,-0.185276046395,0.255503058434,0.459758251905,-0.187891617417,0.155190944672,0.476583749056,-0.190058514476,0.0589249655604,0.495825380087,-0.18930234015,-0.0367056280375,0.5163834095,-0.187325716019,-0.134780630469,0.538354039192,-0.182252854109,-0.231115221977,0.566161394119,-0.17660561204,-0.348194241524,0.320578485727,-0.202965125442,-0.367703795433,0.40831759572,-0.101996190846,-0.367703795433
1776811114.5,0.432533413172,-0.193614244461,0.445266723633,0.435070842505,-0.183923244476,0.353086292744,0.446609765291,-0.187131375074,0.25376033783,0.459899932146,-0.189551606774,0.153851374984,0.476566702127,-0.191188886762,0.0573807433248,0.496015042067,-0.190115630627,-0.0382166653872,0.516698360443,-0.188796371222,-0.136079370975,0.538207769394,-0.184490025043,-0.232462495565,0.565865397453,-0.180516496301,-0.349802136421,0.321488499641,-0.208083257079,-0.367703795433,0.408969551325,-0.10276658833,-0.367703795433
1776811114.51,0.432642430067,-0.197411686182,0.44358548522,0.434750705957,-0.18893648684,0.350194275379,0.446598261595,-0.190429151058,0.250942081213,0.460004478693,-0.191449895501,0.151025354862,0.476634889841,-0.192056342959,0.053947493434,0.496357828379,-0.19203093648,-0.0408233851194,0.516992926598,-0.191220417619,-0.138640940189,0.538640022278,-0.189167410135,-0.23471519351,0.565443634987,-0.187582477927,-0.353472560644,0.32275480032,-0.21311968565,-0.367703795433,0.408988803625,-0.102823749185,-0.367703795433
1776811114.53,0.433451682329,-0.201038524508,0.442052334547,0.435112148523,-0.191189885139,0.349099934101,0.447271794081,-0.192055284977,0.249836519361,0.460939913988,-0.192746534944,0.150488302112,0.477948218584,-0.193041518331,0.0540457069874,0.496640354395,-0.192335903645,-0.0420619547367,0.516806483269,-0.192869007587,-0.140090197325,0.538145422935,-0.191244646907,-0.236102581024,0.564475297928,-0.191435515881,-0.354714930058,0.324370115995,-0.218063756824,-0.367703795433,0.408301383257,-0.102126479149,-0.367703795433
1776811114.54,0.434716850519,-0.20396129787,0.440809220076,0.436077564955,-0.195477619767,0.346486955881,0.448236078024,-0.195164963603,0.247550845146,0.462302058935,-0.194922208786,0.148570179939,0.478092521429,-0.194825842977,0.051133710891,0.49710676074,-0.193715646863,-0.0448036789894,0.516444921494,-0.194790482521,-0.142581880093,0.537044763565,-0.195881485939,-0.238642454147,0.562198758125,-0.199292004108,-0.356813728809,0.326325416565,-0.222905188799,-0.367703795433,0.409040957689,-0.102821849287,-0.367703795433
1776811114.56,0.436541110277,-0.206520050764,0.439729243517,0.436874300241,-0.197581455112,0.345883846283,0.449386328459,-0.19707390666,0.24650247395,0.463381379843,-0.19588072598,0.147514641285,0.479367703199,-0.195579573512,0.0510495342314,0.497329741716,-0.194473579526,-0.0458385199308,0.516228556633,-0.196354448795,-0.143359720707,0.536598920822,-0.19813516736,-0.239916086197,0.561084151268,-0.202937349677,-0.357701361179,0.328610390425,-0.227634206414,-0.367703795433,0.409002035856,-0.102785475552,-0.367703795433
1776811114.57,0.438877463341,-0.208575740457,0.438858121634,0.439479202032,-0.201335698366,0.344063788652,0.451625913382,-0.199596866965,0.244516074657,0.465089470148,-0.198493987322,0.14581027627,0.480147093534,-0.197437733412,0.0478515252471,0.49770411849,-0.197480872273,-0.0477596819401,0.515445709229,-0.199930533767,-0.145730108023,0.534090638161,-0.203053191304,-0.242880672216,0.557025909424,-0.209531545639,-0.361048400402,0.331213206053,-0.232241585851,-0.367703795433,0.408989101648,-0.102660104632,-0.367703795433
1776811114.59,0.44148299098,-0.21009093523,0.438157647848,0.440909951925,-0.203298568726,0.343570291996,0.452960163355,-0.201564967632,0.243803113699,0.466075390577,-0.199935406446,0.144501522183,0.481238752604,-0.199280545115,0.0480386465788,0.497896164656,-0.199397459626,-0.0488401949406,0.514927268028,-0.202374398708,-0.147037833929,0.532985329628,-0.205682739615,-0.243424475193,0.554970145226,-0.212415754795,-0.362623751163,0.334120959044,-0.236718788743,-0.367703795433,0.409024506807,-0.102730825543,-0.367703795433
1776811114.61,0.445675045252,-0.211676672101,0.437436372042,0.444291502237,-0.206918209791,0.342071413994,0.45607611537,-0.204985976219,0.242529287934,0.468308240175,-0.203811958432,0.143491625786,0.481821328402,-0.203134030104,0.0451880767941,0.498039573431,-0.203563198447,-0.0504420697689,0.51350414753,-0.207375794649,-0.148986965418,0.530085921288,-0.211599603295,-0.246073007584,0.550131440163,-0.218462094665,-0.365335434675,0.337319582701,-0.241057991982,-0.367703795433,0.40834364295,-0.102137975395,-0.367703795433
1776811114.62,0.448806166649,-0.212451696396,0.437024921179,0.446511775255,-0.208501443267,0.341791927814,0.457429260015,-0.207115903497,0.241826653481,0.469351917505,-0.206022158265,0.142787948251,0.483101993799,-0.206181824207,0.0454913675785,0.498098939657,-0.206594079733,-0.0513653755188,0.512821555138,-0.210778146982,-0.150129556656,0.528414607048,-0.214638411999,-0.247230291367,0.547496557236,-0.221795722842,-0.365492790937,0.340794235468,-0.245252132416,-0.367703795433,0.409002989531,-0.10280829668,-0.367703795433
1776811114.63,0.452117800713,-0.21304346621,0.436616718769,0.451124459505,-0.211184591055,0.340474665165,0.46131798625,-0.210860162973,0.241072282195,0.472780317068,-0.210836336017,0.142660319805,0.483686059713,-0.211958378553,0.0434672981501,0.497657626867,-0.213032007217,-0.0525659024715,0.508974313736,-0.216314062476,-0.153117418289,0.52442240715,-0.220280721784,-0.249408990145,0.541540622711,-0.227512270212,-0.368075877428,0.344529300928,-0.249295026064,-0.367703795433,0.408679753542,-0.102713763714,-0.367703795433
1776811114.65,0.456259489059,-0.213595926762,0.436291217804,0.453377872705,-0.212372019887,0.340275704861,0.463099986315,-0.212624296546,0.24079246819,0.472628802061,-0.213575527072,0.1404312253,0.483864396811,-0.215234786272,0.0428420230746,0.497373431921,-0.216700702906,-0.0532247573137,0.511304616928,-0.219317093492,-0.150437474251,0.522158622742,-0.223337799311,-0.250699877739,0.538169980049,-0.229616776109,-0.369824051857,0.348508745432,-0.253181278706,-0.367703795433,0.408744782209,-0.102632030845,-0.367703795433
1776811114.66,0.460589915514,-0.214011415839,0.436020463705,0.458690196276,-0.215114548802,0.339631795883,0.467145889997,-0.216965451837,0.239689573646,0.475707560778,-0.219559848309,0.140017718077,0.485372275114,-0.222463324666,0.0421734005213,0.496687442064,-0.224033176899,-0.0547532439232,0.50732421875,-0.227305218577,-0.153278052807,0.517359852791,-0.229626476765,-0.2530349195,0.531044483185,-0.234043255448,-0.372475862503,0.352716177702,-0.25690639019,-0.367703795433,0.409106761217,-0.102743044496,-0.367703795433
1776811114.68,0.465353548527,-0.214388549328,0.435717374086,0.458690196276,-0.215114548802,0.339631795883,0.467145889997,-0.216965451837,0.239689573646,0.475707560778,-0.219559848309,0.140017718077,0.485372275114,-0.222463324666,0.0421734005213,0.496687442064,-0.224033176899,-0.0547532439232,0.50732421875,-0.227305218577,-0.153278052807,0.517359852791,-0.229626476765,-0.2530349195,0.531044483185,-0.234043255448,-0.372475862503,0.357134968042,-0.260466724634,-0.367703795433,0.408393353224,-0.102083660662,-0.367703795433
1776811114.69,0.470222979784,-0.214695930481,0.43539467454,0.467052072287,-0.218458354473,0.339097052813,0.473518162966,-0.223628222942,0.24025413394,0.480813890696,-0.228576600552,0.140496224165,0.486694067717,-0.232882604003,0.0414274260402,0.494863778353,-0.235415801406,-0.0561587065458,0.503817915916,-0.237799957395,-0.15460652113,0.509480237961,-0.239468365908,-0.25481814146,0.520030498505,-0.24145257473,-0.374243050814,0.361748665571,-0.263859421015,-0.367703795433,0.408388525248,-0.102083839476,-0.367703795433
1776811114.71,0.474550753832,-0.214965000749,0.435125678778,0.467052072287,-0.218458354473,0.339097052813,0.473518162966,-0.223628222942,0.24025413394,0.480813890696,-0.228576600552,0.140496224165,0.486694067717,-0.232882604003,0.0414274260402,0.494863778353,-0.235415801406,-0.0561587065458,0.503817915916,-0.237799957395,-0.15460652113,0.509480237961,-0.239468365908,-0.25481814146,0.520030498505,-0.24145257473,-0.374243050814,0.366541057825,-0.267082452774,-0.367703795433,0.409068375826,-0.10271447897,-0.367703795433
1776811114.72,0.478915452957,-0.215307071805,0.434861153364,0.472728043795,-0.219805255532,0.338848769665,0.47769472003,-0.227327972651,0.238512411714,0.481831878424,-0.233018636703,0.138099357486,0.487531751394,-0.239036351442,0.0405631437898,0.492028146982,-0.240963369608,-0.0593915879726,0.501477599144,-0.245375260711,-0.153726756573,0.505059242249,-0.244999870658,-0.254540473223,0.512184619904,-0.245728164911,-0.376484453678,0.37149605155,-0.270134538412,-0.367703795433,0.409067958593,-0.102715626359,-0.367703795433
1776811114.74,0.483888804913,-0.215854823589,0.434623032808,0.477601438761,-0.222309857607,0.338035166264,0.481797069311,-0.23072437942,0.238275140524,0.48440232873,-0.237598747015,0.137991979718,0.48809376359,-0.244141355157,0.039991594851,0.490169137716,-0.246375575662,-0.0598384588957,0.497275024652,-0.250325471163,-0.155023783445,0.49962374568,-0.250327080488,-0.255738437176,0.504083991051,-0.251243263483,-0.376335054636,0.376598328352,-0.273015111685,-0.367703795433,0.409092575312,-0.102745518088,-0.367703795433
1776811114.75,0.488422483206,-0.216580852866,0.434300154448,0.483096271753,-0.224089711905,0.338104069233,0.485917538404,-0.232219994068,0.23889324069,0.487530916929,-0.240287780762,0.138545483351,0.488628476858,-0.248380661011,0.0399570986629,0.491382747889,-0.252351224422,-0.0579349696636,0.490470439196,-0.254793196917,-0.159924656153,0.493229359388,-0.256155639887,-0.256921797991,0.494666010141,-0.255211234093,-0.378836244345,0.381833046675,-0.275724261999,-0.367703795433,0.40896782279,-0.102807722986,-0.367703795433
1776811114.77,0.492834806442,-0.217488229275,0.434001684189,0.485479623079,-0.224702954292,0.338019222021,0.487315565348,-0.233525246382,0.239224478602,0.489422768354,-0.242034479976,0.139319121838,0.489356011152,-0.249946951866,0.040038973093,0.490587264299,-0.254127115011,-0.0578673183918,0.488695949316,-0.257225424051,-0.159595727921,0.490462332964,-0.258425295353,-0.257153689861,0.491278797388,-0.259130656719,-0.377801716328,0.387186020613,-0.278262585402,-0.367703795433,0.409245878458,-0.102829150856,-0.367703795433
1776811114.78,0.497014969587,-0.218573734164,0.433513522148,0.490600496531,-0.226366817951,0.337402522564,0.490875691175,-0.235168635845,0.238419935107,0.489257544279,-0.24337618053,0.13649789989,0.489507108927,-0.251884311438,0.0400070473552,0.487597674131,-0.254975199699,-0.0604804605246,0.485735863447,-0.259919315577,-0.159335076809,0.485774189234,-0.261395603418,-0.256158351898,0.482502609491,-0.263639003038,-0.378660857677,0.392643898726,-0.280631244183,-0.367703795433,0.409240275621,-0.102829910815,-0.367703795433
1776811114.8,0.500261008739,-0.219604626298,0.433187872171,0.493495672941,-0.226678356528,0.336834073067,0.492882400751,-0.235893860459,0.23708756268,0.490776747465,-0.243879958987,0.136519342661,0.489680320024,-0.252170711756,0.0390852466226,0.486826747656,-0.255541265011,-0.0608959645033,0.485926419497,-0.261562258005,-0.157318234444,0.481539279222,-0.263309121132,-0.25808608532,0.478388518095,-0.266609877348,-0.378769665956,0.398194342852,-0.282831758261,-0.367703795433,0.409012764692,-0.102797277272,-0.367703795433
1776811114.81,0.504946231842,-0.221317082644,0.432619571686,0.498403996229,-0.22800116241,0.336184740067,0.496580392122,-0.236408755183,0.236221730709,0.493277996778,-0.243926361203,0.136055007577,0.489779919386,-0.251567214727,0.0382663086057,0.484689563513,-0.255964040756,-0.0612592250109,0.479702502489,-0.262191355228,-0.160587310791,0.476095288992,-0.266584098339,-0.258205831051,0.469611078501,-0.271438658237,-0.379927515984,0.403825610876,-0.284866005182,-0.367703795433,0.408316046,-0.10214291513,-0.367703795433
1776811114.83,0.508675158024,-0.222938224673,0.43220615387,0.500568270683,-0.228881627321,0.335598707199,0.498186320066,-0.236268237233,0.237416341901,0.493554919958,-0.244405701756,0.134623914957,0.489745467901,-0.250851452351,0.03753913939,0.486466556787,-0.256122171879,-0.058283239603,0.477728337049,-0.262846589088,-0.161225378513,0.473226040602,-0.267730563879,-0.258030414581,0.466235905886,-0.274673700333,-0.379104197025,0.409527152777,-0.286736160517,-0.367703795433,0.408998996019,-0.102782130241,-0.367703795433
1776811114.84,0.512193262577,-0.224714562297,0.431717693806,0.504773616791,-0.230427846313,0.334954738617,0.501227378845,-0.23673582077,0.2349563241,0.496685415506,-0.242533519864,0.136525213718,0.490283817053,-0.250774085522,0.0373290553689,0.482444196939,-0.255665838718,-0.0620154887438,0.474179416895,-0.263659238815,-0.160579949617,0.468878239393,-0.270160645247,-0.256951004267,0.4581810534,-0.279406487942,-0.379302769899,0.415289252996,-0.288444578648,-0.367703795433,0.408106178045,-0.101948946714,-0.367703795433
1776811114.86,0.515536725521,-0.226676642895,0.431412994862,0.504773616791,-0.230427846313,0.334954738617,0.501227378845,-0.23673582077,0.2349563241,0.496685415506,-0.242533519864,0.136525213718,0.490283817053,-0.250774085522,0.0373290553689,0.482444196939,-0.255665838718,-0.0620154887438,0.474179416895,-0.263659238815,-0.160579949617,0.468878239393,-0.270160645247,-0.256951004267,0.4581810534,-0.279406487942,-0.379302769899,0.421103030443,-0.289993673563,-0.367703795433,0.408865958452,-0.102831348777,-0.367703795433
1776811114.87,0.518423736095,-0.228615507483,0.430965721607,0.508748292923,-0.231706306338,0.33501341939,0.503898978233,-0.237256482244,0.235401272774,0.496720761061,-0.242435634136,0.134107321501,0.490000873804,-0.250411391258,0.0376315936446,0.479965895414,-0.254530072212,-0.0632676631212,0.472427755594,-0.264050602913,-0.159583956003,0.462222605944,-0.272362679243,-0.25849160552,0.450488239527,-0.283309400082,-0.379244267941,0.426960557699,-0.291385948658,-0.367703795433,0.409541875124,-0.102755561471,-0.367703795433
1776811114.89,0.521275699139,-0.230712160468,0.430554926395,0.512502908707,-0.233395665884,0.334491789341,0.506348013878,-0.236938655376,0.235860079527,0.49774608016,-0.242547467351,0.13341075182,0.489225953817,-0.249251112342,0.035223454237,0.480003923178,-0.257130622864,-0.0608196556568,0.467334598303,-0.264544010162,-0.161086797714,0.458238691092,-0.275086164474,-0.257502049208,0.443883985281,-0.288371384144,-0.377606540918,0.432854861021,-0.292623847723,-0.367703795433,0.4085457623,-0.102102026343,-0.367703795433
1776811114.9,0.523527026176,-0.232566848397,0.430196434259,0.513542890549,-0.234965935349,0.333433747292,0.507557153702,-0.237725540996,0.236657172441,0.498382180929,-0.242880538106,0.133355632424,0.489280253649,-0.248955741525,0.0360180735588,0.477078467607,-0.253838896751,-0.0640128403902,0.465850502253,-0.264788210392,-0.161564171314,0.455934494734,-0.275568664074,-0.257193893194,0.439967364073,-0.289302557707,-0.378564983606,0.438779622316,-0.293709754944,-0.367703795433,0.408414930105,-0.10228471458,-0.367703795433
1776811114.92,0.526066422462,-0.234975472093,0.429565966129,0.513542890549,-0.234965935349,0.333433747292,0.507557153702,-0.237725540996,0.236657172441,0.498382180929,-0.242880538106,0.133355632424,0.489280253649,-0.248955741525,0.0360180735588,0.477078467607,-0.253838896751,-0.0640128403902,0.465850502253,-0.264788210392,-0.161564171314,0.455934494734,-0.275568664074,-0.257193893194,0.439967364073,-0.289302557707,-0.378564983606,0.444729298353,-0.294645905495,-0.367703795433,0.408301860094,-0.102219589055,-0.367703795433
1776811114.93,0.527962505817,-0.237080141902,0.429182499647,0.51801943779,-0.238582372665,0.333448410034,0.509807944298,-0.240220144391,0.235069513321,0.498224824667,-0.24435916543,0.132371410728,0.488587766886,-0.250715762377,0.0356735512614,0.477862149477,-0.256576895714,-0.0601543486118,0.462806612253,-0.268742471933,-0.16093853116,0.449560731649,-0.280168473721,-0.255750656128,0.431624799967,-0.294513344765,-0.376614153385,0.45069912076,-0.295434325933,-0.367703795433,0.408321410418,-0.102229520679,-0.367703795433
1776811114.95,0.529389441013,-0.23920302093,0.428798049688,0.520348906517,-0.241494506598,0.333318412304,0.510985851288,-0.243696734309,0.234529778361,0.501225709915,-0.245575934649,0.136881947517,0.487734526396,-0.254120588303,0.0345218330622,0.473485797644,-0.258486568928,-0.0640920102596,0.457867532969,-0.269509702921,-0.163323789835,0.445112496614,-0.280552119017,-0.257241755724,0.425641745329,-0.29581707716,-0.377815544605,0.456684678793,-0.296076804399,-0.367703795433,0.408951967955,-0.102823041379,-0.367703795433
1776811114.96,0.530303835869,-0.24139302969,0.428327083588,0.520348906517,-0.241494506598,0.333318412304,0.510985851288,-0.243696734309,0.234529778361,0.501225709915,-0.245575934649,0.136881947517,0.487734526396,-0.254120588303,0.0345218330622,0.473485797644,-0.258486568928,-0.0640920102596,0.457867532969,-0.269509702921,-0.163323789835,0.445112496614,-0.280552119017,-0.257241755724,0.425641745329,-0.29581707716,-0.377815544605,0.462682336569,-0.296574890614,-0.367703795433,0.409129649401,-0.10287322849,-0.367703795433
1776811114.98,0.53067868948,-0.243688493967,0.428007155657,0.520348906517,-0.241494506598,0.333318412304,0.510985851288,-0.243696734309,0.234529778361,0.501225709915,-0.245575934649,0.136881947517,0.487734526396,-0.254120588303,0.0345218330622,0.473485797644,-0.258486568928,-0.0640920102596,0.457867532969,-0.269509702921,-0.163323789835,0.445112496614,-0.280552119017,-0.257241755724,0.425641745329,-0.29581707716,-0.377815544605,0.468688637018,-0.296929776669,-0.367703795433,0.408418506384,-0.102246515453,-0.367703795433
1776811114.99,0.530568122864,-0.246059894562,0.427797466516,0.520348906517,-0.241494506598,0.333318412304,0.510985851288,-0.243696734309,0.234529778361,0.501225709915,-0.245575934649,0.136881947517,0.487734526396,-0.254120588303,0.0345218330622,0.473485797644,-0.258486568928,-0.0640920102596,0.457867532969,-0.269509702921,-0.163323789835,0.445112496614,-0.280552119017,-0.257241755724,0.425641745329,-0.29581707716,-0.377815544605,0.474700540304,-0.297142326832,-0.367703795433,0.408352822065,-0.102197237313,-0.367703795433
1776811115.01,0.529817461967,-0.248660385609,0.427566766739,0.520348906517,-0.241494506598,0.333318412304,0.510985851288,-0.243696734309,0.234529778361,0.501225709915,-0.245575934649,0.136881947517,0.487734526396,-0.254120588303,0.0345218330622,0.473485797644,-0.258486568928,-0.0640920102596,0.457867532969,-0.269509702921,-0.163323789835,0.445112496614,-0.280552119017,-0.257241755724,0.425641745329,-0.29581707716,-0.377815544605,0.480715185404,-0.29721313715,-0.367703795433,0.408313959837,-0.102192848921,-0.367703795433
1776811115.02,0.528693258762,-0.250928103924,0.427396327257,0.524531245232,-0.25548890233,0.331004679203,0.513307571411,-0.261867672205,0.23158660531,0.500618338585,-0.266215145588,0.131442949176,0.485268205404,-0.274045497179,0.0330423340201,0.468241900206,-0.277046591043,-0.0652147382498,0.452320426702,-0.285950273275,-0.161223202944,0.43521669507,-0.290364265442,-0.257326126099,0.412539333105,-0.298133850098,-0.378265053034,0.480715185404,-0.29721313715,-0.367703795433,0.40894177556,-0.102827049792,-0.367703795433
1776811115.04,0.527111113071,-0.253407776356,0.427224159241,0.524531245232,-0.25548890233,0.331004679203,0.513307571411,-0.261867672205,0.23158660531,0.500618338585,-0.266215145588,0.131442949176,0.485268205404,-0.274045497179,0.0330423340201,0.468241900206,-0.277046591043,-0.0652147382498,0.452320426702,-0.285950273275,-0.161223202944,0.43521669507,-0.290364265442,-0.257326126099,0.412539333105,-0.298133850098,-0.378265053034,0.480715185404,-0.29721313715,-0.367703795433,0.408913999796,-0.102820649743,-0.367703795433
1776811115.05,0.525015413761,-0.256138145924,0.427111417055,0.524531245232,-0.25548890233,0.331004679203,0.513307571411,-0.261867672205,0.23158660531,0.500618338585,-0.266215145588,0.131442949176,0.485268205404,-0.274045497179,0.0330423340201,0.468241900206,-0.277046591043,-0.0652147382498,0.452320426702,-0.285950273275,-0.161223202944,0.43521669507,-0.290364265442,-0.257326126099,0.412539333105,-0.298133850098,-0.378265053034,0.480715185404,-0.29721313715,-0.367703795433,0.408420711756,-0.102260030806,-0.367703795433
1776811115.07,0.523025393486,-0.258401572704,0.427099585533,0.520081162453,-0.263811886311,0.329577863216,0.510466575623,-0.269700944424,0.23223502934,0.498259693384,-0.276886045933,0.130979478359,0.484313815832,-0.284447073936,0.03397770226,0.466822057962,-0.28733792901,-0.0659620910883,0.453366011381,-0.291009247303,-0.157268732786,0.433670848608,-0.29475876689,-0.258504748344,0.410040169954,-0.297134876251,-0.379744946957,0.480715185404,-0.29721313715,-0.367703795433,0.409086376429,-0.102859117091,-0.367703795433
1776811115.08,0.520257949829,-0.261237442493,0.427149057388,0.520081162453,-0.263811886311,0.329577863216,0.510466575623,-0.269700944424,0.23223502934,0.498259693384,-0.276886045933,0.130979478359,0.484313815832,-0.284447073936,0.03397770226,0.466822057962,-0.28733792901,-0.0659620910883,0.453366011381,-0.291009247303,-0.157268732786,0.433670848608,-0.29475876689,-0.258504748344,0.410040169954,-0.297134876251,-0.379744946957,0.480715185404,-0.29721313715,-0.367703795433,0.409060508013,-0.102828659117,-0.367703795433
1776811115.1,0.517371296883,-0.263812422752,0.427345275879,0.520081162453,-0.263811886311,0.329577863216,0.510466575623,-0.269700944424,0.23223502934,0.498259693384,-0.276886045933,0.130979478359,0.484313815832,-0.284447073936,0.03397770226,0.466822057962,-0.28733792901,-0.0659620910883,0.453366011381,-0.291009247303,-0.157268732786,0.433670848608,-0.29475876689,-0.258504748344,0.410040169954,-0.297134876251,-0.379744946957,0.480715185404,-0.29721313715,-0.367703795433,0.409096866846,-0.102862916887,-0.367703795433
1776811115.11,0.514200627804,-0.266222208738,0.427529394627,0.520081162453,-0.263811886311,0.329577863216,0.510466575623,-0.269700944424,0.23223502934,0.498259693384,-0.276886045933,0.130979478359,0.484313815832,-0.284447073936,0.03397770226,0.466822057962,-0.28733792901,-0.0659620910883,0.453366011381,-0.291009247303,-0.157268732786,0.433670848608,-0.29475876689,-0.258504748344,0.410040169954,-0.297134876251,-0.379744946957,0.480715185404,-0.29721313715,-0.367703795433,0.408397704363,-0.102211609483,-0.367703795433
1776811115.13,0.510909378529,-0.26826530695,0.427669018507,0.50964653492,-0.274114966393,0.32951271534,0.501425862312,-0.280435562134,0.23210029304,0.490073412657,-0.287931799889,0.130272567272,0.47910913825,-0.29463404417,0.0342663899064,0.466093033552,-0.296564340591,-0.0649516135454,0.452339142561,-0.295922070742,-0.158862262964,0.431544929743,-0.295445472002,-0.263220220804,0.413095861673,-0.296425998211,-0.380614608526,0.480715185404,-0.29721313715,-0.367703795433,0.409059017897,-0.102848023176,-0.367703795433
1776811115.14,0.507431924343,-0.270009338856,0.42771294713,0.505138278008,-0.276690661907,0.329459011555,0.497490912676,-0.282944649458,0.231103658676,0.486864119768,-0.289190173149,0.130083203316,0.476266950369,-0.294159799814,0.0330400764942,0.461715549231,-0.294495105743,-0.0666898787022,0.451868146658,-0.295575410128,-0.158874720335,0.434605270624,-0.296052753925,-0.260915577412,0.414945334196,-0.295634329319,-0.382326036692,0.480715185404,-0.29721313715,-0.367703795433,0.408531934023,-0.102244749665,-0.367703795433
1776811115.16,0.503872513771,-0.271323084831,0.427798062563,0.505138278008,-0.276690661907,0.329459011555,0.497490912676,-0.282944649458,0.231103658676,0.486864119768,-0.289190173149,0.130083203316,0.476266950369,-0.294159799814,0.0330400764942,0.461715549231,-0.294495105743,-0.0666898787022,0.451868146658,-0.295575410128,-0.158874720335,0.434605270624,-0.296052753925,-0.260915577412,0.414945334196,-0.295634329319,-0.382326036692,0.480715185404,-0.29721313715,-0.367703795433,0.408388465643,-0.102257348597,-0.367703795433
1776811115.17,0.499967008829,-0.272267371416,0.428029507399,0.505138278008,-0.276690661907,0.329459011555,0.497490912676,-0.282944649458,0.231103658676,0.486864119768,-0.289190173149,0.130083203316,0.476266950369,-0.294159799814,0.0330400764942,0.461715549231,-0.294495105743,-0.0666898787022,0.451868146658,-0.295575410128,-0.158874720335,0.434605270624,-0.296052753925,-0.260915577412,0.414945334196,-0.295634329319,-0.382326036692,0.480715185404,-0.29721313715,-0.367703795433,0.408447593451,-0.102311275899,-0.367703795433
1776811115.19,0.49673935771,-0.272692978382,0.428089797497,0.505138278008,-0.276690661907,0.329459011555,0.497490912676,-0.282944649458,0.231103658676,0.486864119768,-0.289190173149,0.130083203316,0.476266950369,-0.294159799814,0.0330400764942,0.461715549231,-0.294495105743,-0.0666898787022,0.451868146658,-0.295575410128,-0.158874720335,0.434605270624,-0.296052753925,-0.260915577412,0.414945334196,-0.295634329319,-0.382326036692,0.480715185404,-0.29721313715,-0.367703795433,0.408889085054,-0.102870360017,-0.367703795433
1776811115.2,0.492567330599,-0.272843182087,0.428282052279,0.505138278008,-0.276690661907,0.329459011555,0.497490912676,-0.282944649458,0.231103658676,0.486864119768,-0.289190173149,0.130083203316,0.476266950369,-0.294159799814,0.0330400764942,0.461715549231,-0.294495105743,-0.0666898787022,0.451868146658,-0.295575410128,-0.158874720335,0.434605270624,-0.296052753925,-0.260915577412,0.414945334196,-0.295634329319,-0.382326036692,0.480715185404,-0.29721313715,-0.367703795433,0.408878535032,-0.102840185165,-0.367703795433
1776811115.22,0.48891761899,-0.272646695375,0.428653210402,0.505138278008,-0.276690661907,0.329459011555,0.497490912676,-0.282944649458,0.231103658676,0.486864119768,-0.289190173149,0.130083203316,0.476266950369,-0.294159799814,0.0330400764942,0.461715549231,-0.294495105743,-0.0666898787022,0.451868146658,-0.295575410128,-0.158874720335,0.434605270624,-0.296052753925,-0.260915577412,0.414945334196,-0.295634329319,-0.382326036692,0.480715185404,-0.29721313715,-0.367703795433,0.408039361238,-0.102047257125,-0.367703795433
1776811115.23,0.486007899046,-0.272310227156,0.428892374039,0.505138278008,-0.276690661907,0.329459011555,0.497490912676,-0.282944649458,0.231103658676,0.486864119768,-0.289190173149,0.130083203316,0.476266950369,-0.294159799814,0.0330400764942,0.461715549231,-0.294495105743,-0.0666898787022,0.451868146658,-0.295575410128,-0.158874720335,0.434605270624,-0.296052753925,-0.260915577412,0.414945334196,-0.295634329319,-0.382326036692,0.480715185404,-0.29721313715,-0.367703795433,0.408057659864,-0.102030172944,-0.367703795433
1776811115.25,0.481823056936,-0.271614849567,0.429581135511,0.478779762983,-0.277275025845,0.330639719963,0.47184112668,-0.280153244734,0.230863749981,0.463983207941,-0.281751275063,0.129508957267,0.459399610758,-0.28624856472,0.0335197076201,0.452370613813,-0.285658836365,-0.0677105039358,0.450757414103,-0.288937300444,-0.163145333529,0.444670945406,-0.291454315186,-0.261750847101,0.437221378088,-0.29529350996,-0.384841620922,0.480715185404,-0.29721313715,-0.367703795433,0.408823221922,-0.10277672112,-0.367703795433
1776811115.26,0.478830486536,-0.271051943302,0.430145144463,0.476259559393,-0.276865541935,0.330893218517,0.469802886248,-0.278117716312,0.233377635479,0.462727040052,-0.281118392944,0.130381256342,0.458042532206,-0.284392923117,0.0330791920424,0.45082578063,-0.283951789141,-0.0688470155001,0.446830242872,-0.288396865129,-0.166633695364,0.44605448842,-0.290826588869,-0.262193918228,0.439961344004,-0.294563025236,-0.384951144457,0.480715185404,-0.29721313715,-0.367703795433,0.408332616091,-0.10222826153,-0.367703795433
1776811115.28,0.475033849478,-0.270404219627,0.430961310863,0.471868366003,-0.274650812149,0.331659346819,0.466217011213,-0.27595359087,0.232981979847,0.458855062723,-0.278265357018,0.13038097322,0.456015497446,-0.28260499239,0.0343971922994,0.453888267279,-0.283367007971,-0.0631481707096,0.447045892477,-0.286606788635,-0.166608482599,0.446090966463,-0.28915476799,-0.264847159386,0.445763617754,-0.293883353472,-0.384685188532,0.480715185404,-0.29721313715,-0.367703795433,0.408294051886,-0.102211751044,-0.367703795433
1776811115.29,0.472221255302,-0.270068526268,0.431778937578,0.468031913042,-0.272680044174,0.332794964314,0.462244600058,-0.27490696311,0.231825590134,0.456616610289,-0.275879859924,0.130886986852,0.452832251787,-0.278653800488,0.0324999839067,0.452494353056,-0.282417714596,-0.0625428706408,0.448795169592,-0.285000264645,-0.165555119514,0.450607508421,-0.288984179497,-0.263118565083,0.450631588697,-0.293556004763,-0.384059339762,0.480715185404,-0.29721313715,-0.367703795433,0.408055156469,-0.102193139493,-0.367703795433
1776811115.31,0.468728750944,-0.269866526127,0.432807177305,0.468031913042,-0.272680044174,0.332794964314,0.462244600058,-0.27490696311,0.231825590134,0.456616610289,-0.275879859924,0.130886986852,0.452832251787,-0.278653800488,0.0324999839067,0.452494353056,-0.282417714596,-0.0625428706408,0.448795169592,-0.285000264645,-0.165555119514,0.450607508421,-0.288984179497,-0.263118565083,0.450631588697,-0.293556004763,-0.384059339762,0.480715185404,-0.29721313715,-0.367703795433,0.407964617014,-0.102058455348,-0.367703795433
1776811115.32,0.465822070837,-0.270032703876,0.433737128973,0.462923556566,-0.270148813725,0.33450949192,0.458555310965,-0.272162467241,0.23380279541,0.455642014742,-0.273449629545,0.135266155005,0.45359185338,-0.277879178524,0.0367784276605,0.45438221097,-0.278788983822,-0.0611446946859,0.456756860018,-0.284538239241,-0.159464240074,0.456063836813,-0.286921769381,-0.261243700981,0.459557622671,-0.292323172092,-0.381350159645,0.480715185404,-0.29721313715,-0.367703795433,0.408664792776,-0.10279994458,-0.367703795433
1776811115.34,0.463085144758,-0.270545959473,0.434815347195,0.461325615644,-0.270190924406,0.335364878178,0.458273440599,-0.270661741495,0.235832974315,0.454027146101,-0.272873729467,0.133754789829,0.453436344862,-0.276408821344,0.036003805697,0.452719122171,-0.277279645205,-0.0640572458506,0.458275645971,-0.283184170723,-0.158960998058,0.458514243364,-0.288330405951,-0.259621530771,0.461919933558,-0.292195439339,-0.379912674427,0.480715185404,-0.29721313715,-0.367703795433,0.408689409494,-0.102790050209,-0.367703795433
1776811115.35,0.461188852787,-0.271172642708,0.435532927513,0.459623485804,-0.269900172949,0.335755467415,0.457040220499,-0.270781636238,0.235731691122,0.454323261976,-0.272570431232,0.134601771832,0.453695625067,-0.275558173656,0.0363609716296,0.455309301615,-0.278248637915,-0.0609345287085,0.458521991968,-0.282549351454,-0.159155488014,0.45980361104,-0.286513537169,-0.260188639164,0.464283496141,-0.290954440832,-0.38011777401,0.480715185404,-0.29721313715,-0.367703795433,0.408786743879,-0.102832980454,-0.367703795433
1776811115.37,0.458153426647,-0.272803097963,0.436747431755,0.457235485315,-0.269747674465,0.337807059288,0.455856829882,-0.270199090242,0.237873733044,0.453525692225,-0.271472930908,0.135533630848,0.454930692911,-0.274213910103,0.0378372371197,0.457856208086,-0.276957392693,-0.0596233606339,0.456479221582,-0.279443770647,-0.163894563913,0.464106947184,-0.284670859575,-0.256991297007,0.46893838048,-0.289328068495,-0.378538012505,0.480715185404,-0.29721313715,-0.367703795433,0.409495383501,-0.102905020118,-0.367703795433
1776811115.38,0.45590493083,-0.274594336748,0.437692463398,0.455037862062,-0.270468056202,0.338571131229,0.454898267984,-0.270411759615,0.239254921675,0.453409165144,-0.270561099052,0.136002957821,0.457074850798,-0.274097532034,0.0393274053931,0.460733503103,-0.275872826576,-0.058097794652,0.460143238306,-0.2780803442,-0.162788420916,0.46818754077,-0.28290745616,-0.257295250893,0.473584741354,-0.287509560585,-0.377485483885,0.480715185404,-0.29721313715,-0.367703795433,0.409553736448,-0.102911874652,-0.367703795433
1776811115.4,0.453822493553,-0.276723504066,0.438619822264,0.453839272261,-0.271297603846,0.339869439602,0.454374700785,-0.27131780982,0.238489821553,0.456249684095,-0.271249353886,0.139471083879,0.458337694407,-0.273783922195,0.040041513741,0.460582286119,-0.273889362812,-0.0601932704449,0.464554876089,-0.278493404388,-0.158399224281,0.469211786985,-0.281549245119,-0.256830751896,0.475565999746,-0.286430597305,-0.376710742712,0.480715185404,-0.29721313715,-0.367703795433,0.408965915442,-0.102792195976,-0.367703795433
1776811115.41,0.451874703169,-0.279274344444,0.439466297626,0.452675312757,-0.272802352905,0.340030133724,0.45436963439,-0.272870063782,0.239943921566,0.455537706614,-0.271819263697,0.138034746051,0.460266679525,-0.273604482412,0.0410306230187,0.466524988413,-0.274991869926,-0.0554773062468,0.469192892313,-0.278952479362,-0.155225425959,0.473897486925,-0.280223578215,-0.254972428083,0.479673415422,-0.284646511078,-0.375539273024,0.480715185404,-0.29721313715,-0.367703795433,0.408326774836,-0.102193512022,-0.367703795433
1776811115.43,0.450083762407,-0.28215700388,0.440164804459,0.452276557684,-0.274501621723,0.341201364994,0.454566687346,-0.273661822081,0.241880446672,0.45693859458,-0.273187100887,0.139260083437,0.461300939322,-0.273497492075,0.0414211153984,0.465645045042,-0.274050712585,-0.0573661029339,0.469252437353,-0.277128517628,-0.15687340498,0.476511508226,-0.27940684557,-0.252481579781,0.482101410627,-0.283369719982,-0.374321818352,0.480715185404,-0.29721313715,-0.367703795433,0.409017533064,-0.102821998298,-0.367703795433
1776811115.44,0.448400855064,-0.285303324461,0.440721184015,0.451517790556,-0.277173697948,0.342246949673,0.455124050379,-0.275956094265,0.242630541325,0.458058208227,-0.273993015289,0.140150681138,0.463348001242,-0.274831950665,0.0428645014763,0.469874054193,-0.275233149529,-0.0541722625494,0.471981614828,-0.275644481182,-0.156517893076,0.479146391153,-0.278250277042,-0.2526499331,0.485637456179,-0.280513167381,-0.373479694128,0.480715185404,-0.29721313715,-0.367703795433,0.408987015486,-0.102778494358,-0.367703795433
1776811115.46,0.446893960238,-0.288398772478,0.441082328558,0.450904577971,-0.279038280249,0.342493891716,0.455051451921,-0.27747374773,0.241956055164,0.459592312574,-0.275899380445,0.141473516822,0.465369790792,-0.276238322258,0.0440842583776,0.471620768309,-0.274539679289,-0.0539376288652,0.474169641733,-0.275714069605,-0.155174702406,0.481290429831,-0.277413934469,-0.251669168472,0.487887352705,-0.279218763113,-0.372438192368,0.480715185404,-0.29721313715,-0.367703795433,0.409024804831,-0.10281316936,-0.367703795433
1776811115.47,0.445329427719,-0.291886031628,0.441245675087,0.44961592555,-0.283004760742,0.343639552593,0.455773621798,-0.280697733164,0.243568480015,0.46029111743,-0.278566986322,0.142447322607,0.467615514994,-0.278577297926,0.0464963763952,0.474742442369,-0.275727182627,-0.0519462525845,0.478795081377,-0.277182072401,-0.152065187693,0.484184771776,-0.276352882385,-0.250909388065,0.491641312838,-0.276883780956,-0.371083945036,0.480715185404,-0.29721313715,-0.367703795433,0.409023314714,-0.102804221213,-0.367703795433
1776811115.49,0.444028407335,-0.295078456402,0.441259354353,0.448932617903,-0.285268545151,0.344311237335,0.455396085978,-0.282559782267,0.243771582842,0.460396021605,-0.279025137424,0.141896665096,0.46744504571,-0.278678148985,0.0449745431542,0.4751047194,-0.276885986328,-0.0519266575575,0.478274971247,-0.2759757936,-0.153785794973,0.485815912485,-0.275289356709,-0.250341385603,0.492935687304,-0.275260180235,-0.371062159538,0.480715185404,-0.29721313715,-0.367703795433,0.409015387297,-0.102801211178,-0.367703795433
1776811115.5,0.442388862371,-0.299603968859,0.441152870655,0.447869688272,-0.289688974619,0.343828141689,0.45517590642,-0.286664754152,0.24456743896,0.460468798876,-0.28245896101,0.141846776009,0.468666106462,-0.281016737223,0.0454972609878,0.476649910212,-0.278198838234,-0.0512493252754,0.480923801661,-0.275298118591,-0.15401378274,0.48835465312,-0.274566471577,-0.250548690557,0.496285825968,-0.272212922573,-0.370233863592,0.480715185404,-0.29721313715,-0.367703795433,0.408311456442,-0.102142497897,-0.367703795433
1776811115.52,0.441176772118,-0.303429156542,0.440895229578,0.447245568037,-0.292058378458,0.344190061092,0.454451590776,-0.289091646671,0.243661344051,0.462133258581,-0.28600397706,0.144729882479,0.469456583261,-0.283452928066,0.0465696007013,0.477472215891,-0.278963565826,-0.0513115674257,0.481804341078,-0.275620311499,-0.15366885066,0.490559190512,-0.274170696735,-0.249193847179,0.498236387968,-0.270773082972,-0.370114445686,0.480715185404,-0.29721313715,-0.367703795433,0.408995836973,-0.102792426944,-0.367703795433
1776811115.53,0.440191566944,-0.307196974754,0.440617948771,0.445912331343,-0.297226786613,0.343747913837,0.453668564558,-0.293473631144,0.24402269721,0.461827605963,-0.28977817297,0.144226759672,0.468476980925,-0.28494271636,0.0443273931742,0.47934910655,-0.280888676643,-0.0502773970366,0.483189433813,-0.276747047901,-0.15313705802,0.493065446615,-0.273005366325,-0.248172312975,0.50113928318,-0.267826586962,-0.369662493467,0.480715185404,-0.29721313715,-0.367703795433,0.409233957529,-0.102820903063,-0.367703795433
1776811115.55,0.439488351345,-0.310707032681,0.440301984549,0.445095390081,-0.299620360136,0.343470901251,0.452937394381,-0.296120434999,0.243723362684,0.459823638201,-0.290530890226,0.142149165273,0.468212038279,-0.286638528109,0.0446470603347,0.478948920965,-0.28231164813,-0.0510493516922,0.487370997667,-0.278515994549,-0.150127649307,0.493546634912,-0.272734075785,-0.249080479145,0.502729058266,-0.267107307911,-0.369222074747,0.480715185404,-0.29721313715,-0.367703795433,0.40840986371,-0.102061696351,-0.367703795433
1776811115.56,0.439121186733,-0.313906043768,0.439837634563,0.443804770708,-0.305132180452,0.343508958817,0.451762706041,-0.301008611917,0.243851572275,0.45934215188,-0.295712471008,0.142544493079,0.468980461359,-0.292316138744,0.0469039902091,0.478947848082,-0.284811317921,-0.051034450531,0.487899631262,-0.279353767633,-0.149765461683,0.495251446962,-0.272342085838,-0.248592197895,0.505633234978,-0.264036417007,-0.368903398514,0.480715185404,-0.29721313715,-0.367703795433,0.409210592508,-0.102798879147,-0.367703795433
1776811115.58,0.439128637314,-0.316749632359,0.4392824471,0.443461030722,-0.307716608047,0.343197405338,0.45099619031,-0.303630501032,0.242875859141,0.458623796701,-0.298490196466,0.142962753773,0.467367976904,-0.29217723012,0.0441486388445,0.479206115007,-0.28550952673,-0.0506854355335,0.486540049314,-0.28045347333,-0.151715189219,0.493547171354,-0.27082246542,-0.250930666924,0.506565690041,-0.263168871403,-0.368882328272,0.480715185404,-0.29721313715,-0.367703795433,0.409200936556,-0.102814041078,-0.367703795433
1776811115.59,0.439516335726,-0.319162607193,0.438769310713,0.442733496428,-0.312762528658,0.342645555735,0.449762135744,-0.30832991004,0.243777617812,0.458448022604,-0.302256196737,0.14409545064,0.46569737792,-0.295571684837,0.043538145721,0.475450068712,-0.287391990423,-0.0539714396,0.488064736128,-0.281031280756,-0.150420635939,0.494563192129,-0.270681619644,-0.250877171755,0.509240269661,-0.260599792004,-0.368763059378,0.480715185404,-0.29721313715,-0.367703795433,0.408391803503,-0.10199790448,-0.367703795433
1776811115.61,0.440289676189,-0.321064531803,0.438121646643,0.442447453737,-0.315020114183,0.342209041119,0.449624985456,-0.310298115015,0.242325738072,0.457356601954,-0.305216759443,0.142875030637,0.465246528387,-0.297943383455,0.0434044450521,0.474509209394,-0.288281232119,-0.0548975914717,0.48771366477,-0.281786978245,-0.150415092707,0.494650870562,-0.270039588213,-0.251428842545,0.510235548019,-0.259420871735,-0.369087785482,0.480715185404,-0.29721313715,-0.367703795433,0.40923216939,-0.102822840214,-0.367703795433
1776811115.62,0.441524714231,-0.322382450104,0.437547981739,0.442345887423,-0.318958491087,0.341591775417,0.448796957731,-0.314870625734,0.241912916303,0.456111878157,-0.309456676245,0.142014935613,0.463186353445,-0.300851643085,0.0419125258923,0.47316339612,-0.290961623192,-0.0554924160242,0.483099430799,-0.28180924058,-0.154141962528,0.496822923422,-0.271634578705,-0.250014126301,0.511700987816,-0.257975310087,-0.368858635426,0.480715185404,-0.29721313715,-0.367703795433,0.40840998292,-0.102012917399,-0.367703795433
1776811115.64,0.442901492119,-0.323090344667,0.436971664429,0.442380577326,-0.320814371109,0.341201543808,0.448611229658,-0.316635847092,0.24118886888,0.455650120974,-0.310952454805,0.141312584281,0.463164359331,-0.303354918957,0.0421883240342,0.472692221403,-0.292591780424,-0.055968567729,0.484702855349,-0.284469783306,-0.153186023235,0.496877104044,-0.271935880184,-0.250228464603,0.512898564339,-0.257475078106,-0.368442893028,0.480715185404,-0.29721313715,-0.367703795433,0.409208387136,-0.10279148072,-0.367703795433
1776811115.65,0.445311009884,-0.323403716087,0.436183035374,0.443439394236,-0.323335826397,0.340280085802,0.448311060667,-0.319876730442,0.241084843874,0.455005377531,-0.314239114523,0.140198290348,0.461436599493,-0.305734813213,0.0407774746418,0.47143176198,-0.295091688633,-0.0568905323744,0.480652600527,-0.283532649279,-0.157862812281,0.494992941618,-0.270647585392,-0.252555578947,0.514029383659,-0.256764948368,-0.368993580341,0.480715185404,-0.29721313715,-0.367703795433,0.409199267626,-0.102788627148,-0.367703795433
1776811115.67,0.447605997324,-0.323090791702,0.435670167208,0.443906694651,-0.323794484138,0.339468181133,0.448774963617,-0.320941239595,0.240760207176,0.454628556967,-0.315800517797,0.139991432428,0.461055725813,-0.306659221649,0.0398316606879,0.470981746912,-0.295786291361,-0.0575374662876,0.483837097883,-0.286872118711,-0.15446934104,0.494882673025,-0.271156400442,-0.252521723509,0.514085650444,-0.256725400686,-0.369142770767,0.480715185404,-0.29721313715,-0.367703795433,0.408415287733,-0.102075017989,-0.367703795433
1776811115.68,0.450302153826,-0.322234064341,0.435161352158,0.446522980928,-0.324652642012,0.338830173016,0.450692087412,-0.321241080761,0.239352077246,0.453380018473,-0.315827071667,0.136498138309,0.46102437377,-0.308875054121,0.0390850454569,0.47088816762,-0.298003464937,-0.0586306750774,0.481900721788,-0.286816179752,-0.156287819147,0.494483739138,-0.272588908672,-0.253127336502,0.513770580292,-0.256821066141,-0.369715124369,0.480715185404,-0.29721313715,-0.367703795433,0.40924474597,-0.102824494243,-0.367703795433
1776811115.7,0.453234016895,-0.32078564167,0.434725195169,0.447889357805,-0.324406594038,0.338388413191,0.451192289591,-0.321419537067,0.23962213099,0.454403489828,-0.316335380077,0.136509358883,0.462741941214,-0.311621725559,0.0409576371312,0.470883756876,-0.298613846302,-0.0589985400438,0.483331888914,-0.288788676262,-0.156107246876,0.494253009558,-0.272782295942,-0.254221975803,0.513608336449,-0.256726890802,-0.370103031397,0.480715185404,-0.29721313715,-0.367703795433,0.408400684595,-0.102000698447,-0.367703795433
1776811115.71,0.456437140703,-0.318780779839,0.434245675802,0.451206177473,-0.323901027441,0.33774498105,0.453924208879,-0.321513593197,0.238594383001,0.457915514708,-0.31728130579,0.137552201748,0.463512688875,-0.310739010572,0.0387756898999,0.470888465643,-0.299616992474,-0.0601633042097,0.481559187174,-0.288582146168,-0.158762961626,0.494218617678,-0.2745475173,-0.255093634129,0.513154029846,-0.257402360439,-0.371139973402,0.480715185404,-0.29721313715,-0.367703795433,0.409237056971,-0.102823868394,-0.367703795433
1776811115.73,0.459868967533,-0.316144317389,0.433821618557,0.453233450651,-0.323259562254,0.337485790253,0.456274420023,-0.320824027061,0.23722884059,0.457802087069,-0.316425442696,0.135296672583,0.463695734739,-0.309598714113,0.0369942486286,0.471731573343,-0.299373328686,-0.0610153675079,0.483496040106,-0.29035025835,-0.157678604126,0.493824928999,-0.274418026209,-0.256231337786,0.511786937714,-0.257990449667,-0.372596770525,0.480715185404,-0.29721313715,-0.367703795433,0.408381909132,-0.101999737322,-0.367703795433
1776811115.74,0.463422000408,-0.313078045845,0.433544963598,0.45762065053,-0.320380151272,0.336628913879,0.460146576166,-0.318599820137,0.237358942628,0.464023977518,-0.315581053495,0.137205421925,0.468908399343,-0.309550851583,0.0395226702094,0.473508328199,-0.298939228058,-0.0619157403708,0.484345406294,-0.290641307831,-0.159427762032,0.493257492781,-0.275612622499,-0.257682323456,0.51031768322,-0.259718477726,-0.374612122774,0.480715185404,-0.29721313715,-0.367703795433,0.409228771925,-0.102822653949,-0.367703795433
1776811115.76,0.4671022892,-0.309685468674,0.433410942554,0.460192352533,-0.318641394377,0.336434960365,0.462652772665,-0.317411959171,0.235590338707,0.46528378129,-0.314430147409,0.135181814432,0.470193594694,-0.309292107821,0.0391190946102,0.476763814688,-0.299992352724,-0.0600231736898,0.484980791807,-0.29062628746,-0.159826636314,0.493521362543,-0.276504844427,-0.257582366467,0.508927345276,-0.260968565941,-0.375115573406,0.480715185404,-0.29721313715,-0.367703795433,0.409180790186,-0.102818585932,-0.367703795433
1776811115.77,0.469986617565,-0.306802660227,0.433350980282,0.462424069643,-0.316747009754,0.335411608219,0.465043872595,-0.315877556801,0.235605761409,0.466579347849,-0.311868578196,0.133856326342,0.471571475267,-0.307635724545,0.0365777164698,0.480295032263,-0.298989474773,-0.0584637224674,0.483704954386,-0.289131850004,-0.161719530821,0.492603749037,-0.276289910078,-0.259469419718,0.507574319839,-0.262226313353,-0.376047879457,0.480715185404,-0.29721313715,-0.367703795433,0.409202963114,-0.102789752185,-0.367703795433
1776811115.79,0.474054336548,-0.302355498075,0.433294326067,0.46551784873,-0.314391642809,0.335793673992,0.467882245779,-0.313568890095,0.236170083284,0.469716638327,-0.310230910778,0.134141147137,0.473124116659,-0.306147634983,0.0359074473381,0.478234380484,-0.29700884223,-0.063207373023,0.484514445066,-0.288734078407,-0.161655008793,0.492564827204,-0.276355654001,-0.260542392731,0.506520032883,-0.264172315598,-0.377124786377,0.480715185404,-0.29721313715,-0.367703795433,0.408979743719,-0.102893769741,-0.367703795433
1776811115.8,0.476998835802,-0.298925042152,0.433319449425,0.46551784873,-0.314391642809,0.335793673992,0.467882245779,-0.313568890095,0.236170083284,0.469716638327,-0.310230910778,0.134141147137,0.473124116659,-0.306147634983,0.0359074473381,0.478234380484,-0.29700884223,-0.063207373023,0.484514445066,-0.288734078407,-0.161655008793,0.492564827204,-0.276355654001,-0.260542392731,0.506520032883,-0.264172315598,-0.377124786377,0.480715185404,-0.29721313715,-0.367703795433,0.409274846315,-0.103555992246,-0.367703795433
1776811115.82,0.480153292418,-0.295092374086,0.433407723904,0.47584477067,-0.304408699274,0.336264610291,0.47917124629,-0.303039640188,0.236203253269,0.482282191515,-0.300276428461,0.136058613658,0.48330566287,-0.297611445189,0.035468198359,0.489553123713,-0.292610049248,-0.0601782947779,0.493065804243,-0.286507099867,-0.159294247627,0.496364504099,-0.279537379742,-0.257873594761,0.499419301748,-0.272016078234,-0.379591882229,0.480715185404,-0.29721313715,-0.367703795433,0.409276932478,-0.103533543646,-0.367703795433
1776811115.83,0.482863038778,-0.291634559631,0.433492690325,0.480987757444,-0.298390507698,0.335672438145,0.484446674585,-0.297356933355,0.234694838524,0.486366659403,-0.29452842474,0.133935108781,0.489177316427,-0.292505323887,0.0356744304299,0.490352839231,-0.287904173136,-0.0634622275829,0.491333395243,-0.285913944244,-0.162523627281,0.494772523642,-0.281213372946,-0.258059680462,0.495242983103,-0.276298224926,-0.380478590727,0.480715185404,-0.29721313715,-0.367703795433,0.409276932478,-0.103533253074,-0.367703795433
1776811115.85,0.485318750143,-0.288398653269,0.433618575335,0.480987757444,-0.298390507698,0.335672438145,0.484446674585,-0.297356933355,0.234694838524,0.486366659403,-0.29452842474,0.133935108781,0.489177316427,-0.292505323887,0.0356744304299,0.490352839231,-0.287904173136,-0.0634622275829,0.491333395243,-0.285913944244,-0.162523627281,0.494772523642,-0.281213372946,-0.258059680462,0.495242983103,-0.276298224926,-0.380478590727,0.480715185404,-0.29721313715,-0.367703795433,0.40928658843,-0.103555239737,-0.367703795433
1776811115.87,0.487958967686,-0.28480091691,0.43380984664,0.487462550402,-0.290512353182,0.33560398221,0.491878539324,-0.288573384285,0.23600769043,0.49506136775,-0.286160588264,0.136807575822,0.49624183774,-0.285404443741,0.0366172045469,0.495455354452,-0.28284150362,-0.0634587556124,0.495240777731,-0.284969180822,-0.161939233541,0.493071705103,-0.282872825861,-0.259427964687,0.488843768835,-0.283588767052,-0.381356626749,0.480715185404,-0.29721313715,-0.367703795433,0.409296959639,-0.103562988341,-0.367703795433
1776811115.88,0.489584088326,-0.282445132732,0.433921605349,0.489254683256,-0.288227856159,0.335737109184,0.493329018354,-0.286433637142,0.235094368458,0.497056394815,-0.283454179764,0.136466294527,0.497763544321,-0.283124476671,0.0363773703575,0.496225982904,-0.280592352152,-0.0635871142149,0.493857294321,-0.282158315182,-0.162887454033,0.492740482092,-0.283413857222,-0.259114861488,0.487314015627,-0.286051154137,-0.381213337183,0.480715185404,-0.29721313715,-0.367703795433,0.409252077341,-0.103512607515,-0.367703795433
1776811115.89,0.491311281919,-0.279808133841,0.434063106775,0.490524023771,-0.286641716957,0.336461961269,0.495183557272,-0.284045964479,0.235293149948,0.498607367277,-0.28168797493,0.136360168457,0.49892988801,-0.281058996916,0.0368003919721,0.49760773778,-0.279460042715,-0.0630687922239,0.494219869375,-0.281846374273,-0.162498742342,0.492809087038,-0.283719778061,-0.258244007826,0.485040277243,-0.287789613008,-0.381238996983,0.480715185404,-0.29721313715,-0.367703795433,0.408309847116,-0.102142669261,-0.367703795433
1776811115.91,0.492851108313,-0.277328193188,0.434236258268,0.493702083826,-0.28251439333,0.336446404457,0.49757835269,-0.279997318983,0.237187951803,0.500728487968,-0.277449220419,0.136897206306,0.50005030632,-0.277183681726,0.0361824035645,0.500027179718,-0.279460579157,-0.0604124367237,0.494019001722,-0.281240940094,-0.161981701851,0.490152150393,-0.285415828228,-0.25955504179,0.482336372137,-0.292219430208,-0.380477905273,0.480715185404,-0.29721313715,-0.367703795433,0.408323854208,-0.102144956589,-0.367703795433
1776811115.92,0.494178086519,-0.2751095891,0.434435963631,0.495618075132,-0.278867870569,0.336326926947,0.499410122633,-0.27620947361,0.236718386412,0.502329468727,-0.273975580931,0.139831960201,0.501316666603,-0.275531232357,0.0374291166663,0.497677534819,-0.275283128023,-0.0631085783243,0.492809504271,-0.280984163284,-0.162152320147,0.488932222128,-0.28734138608,-0.25822648406,0.479306548834,-0.296175837517,-0.380101621151,0.480715185404,-0.29721313715,-0.367703795433,0.409013181925,-0.102801203728,-0.367703795433
1776811115.94,0.495226442814,-0.273340731859,0.434631109238,0.496455520391,-0.2776299119,0.336205542088,0.499485582113,-0.275532394648,0.23684066534,0.500378608704,-0.274157851934,0.135113179684,0.500793337822,-0.275022417307,0.037350140512,0.497991532087,-0.275552630424,-0.0624489635229,0.492498606443,-0.28123831749,-0.161817073822,0.488159388304,-0.288222640753,-0.258246004581,0.478496581316,-0.297793775797,-0.37996917963,0.480715185404,-0.29721313715,-0.367703795433,0.408342629671,-0.102190382779,-0.367703795433
1776811115.95,0.496252685785,-0.271615236998,0.434888273478,0.497494906187,-0.275045692921,0.336850643158,0.500019192696,-0.273833364248,0.23662379384,0.500758051872,-0.272693365812,0.136708930135,0.499683648348,-0.274668425322,0.0377204120159,0.498287111521,-0.276579260826,-0.0588092654943,0.491064280272,-0.28322711587,-0.1608684659,0.485972434282,-0.290251284838,-0.258199542761,0.476774185896,-0.301422476768,-0.37873840332,0.480715185404,-0.29721313715,-0.367703795433,0.40899130702,-0.10278827697,-0.367703795433
1776811115.97,0.497163057327,-0.270050764084,0.435220867395,0.498268932104,-0.273950397968,0.336883276701,0.499515920877,-0.273037642241,0.236182183027,0.498469561338,-0.272871226072,0.135030582547,0.497381716967,-0.274299889803,0.0366341769695,0.494196623564,-0.276747137308,-0.0620903372765,0.489013403654,-0.283929228783,-0.161719590425,0.484954506159,-0.291859000921,-0.257626444101,0.476112872362,-0.302397549152,-0.379111111164,0.480715185404,-0.29721313715,-0.367703795433,0.409010261297,-0.102798782289,-0.367703795433
1776811115.98,0.497609853745,-0.269190073013,0.435441672802,0.498624771833,-0.272899955511,0.337295025587,0.499221116304,-0.27285143733,0.236293196678,0.497797876596,-0.273686438799,0.135902225971,0.497563093901,-0.276782304049,0.0375985503197,0.492315977812,-0.277359247208,-0.0625851899385,0.487589925528,-0.285013139248,-0.161507308483,0.483472436666,-0.293178260326,-0.257524460554,0.47531452775,-0.303801864386,-0.37875443697,0.480715185404,-0.29721313715,-0.367703795433,0.408968657255,-0.102757684886,-0.367703795433
1776811116,0.497987478971,-0.268361747265,0.435688138008,0.498997181654,-0.271733254194,0.337418317795,0.497976988554,-0.27272978425,0.23642668128,0.495676130056,-0.274462103844,0.136264905334,0.493665665388,-0.278018772602,0.0385482758284,0.489489644766,-0.281163156033,-0.0611521303654,0.484859317541,-0.288775384426,-0.160027652979,0.481358021498,-0.295754879713,-0.256962776184,0.474135965109,-0.305221229792,-0.379158258438,0.480715185404,-0.29721313715,-0.367703795433,0.409007519484,-0.102793835104,-0.367703795433
1776811116.01,0.498145461082,-0.267920345068,0.435884952545,0.498859316111,-0.270915478468,0.338031083345,0.49715718627,-0.27322280407,0.23761254549,0.491810709238,-0.275053709745,0.134994566441,0.490500003099,-0.280648857355,0.0391517728567,0.487265855074,-0.285785704851,-0.058658644557,0.4805957973,-0.291529089212,-0.160504817963,0.479211658239,-0.299017459154,-0.256694078445,0.473519057035,-0.306606084108,-0.37859326601,0.480715185404,-0.29721313715,-0.367703795433,0.408866018057,-0.102821409702,-0.367703795433
1776811116.03,0.498174071312,-0.267803162336,0.436016082764,0.498210459948,-0.271223127842,0.337657213211,0.495807975531,-0.273868143559,0.237219259143,0.491531401873,-0.277044504881,0.136373028159,0.488636225462,-0.282473385334,0.0394422784448,0.48436447978,-0.286056250334,-0.060240983963,0.48025944829,-0.293901532888,-0.158933132887,0.477488011122,-0.30013731122,-0.257230430841,0.473387509584,-0.307779341936,-0.37803286314,0.480715185404,-0.29721313715,-0.367703795433,0.408846050501,-0.1028220281,-0.367703795433
1776811116.05,0.498138308525,-0.267943799496,0.436131685972,0.49794498086,-0.271109938622,0.338297486305,0.495411485434,-0.273833632469,0.239198759198,0.490204840899,-0.278312534094,0.136485844851,0.487350910902,-0.28436461091,0.0396532937884,0.482710391283,-0.288821846247,-0.0587988197803,0.478051453829,-0.295205891132,-0.159770280123,0.476471751928,-0.301463752985,-0.257230162621,0.473222583532,-0.307918816805,-0.378242850304,0.480715185404,-0.29721313715,-0.367703795433,0.40885296464,-0.10280802846,-0.367703795433
1776811116.06,0.498097598553,-0.268075972795,0.436183005571,0.497011512518,-0.27190759778,0.338316261768,0.493811398745,-0.275850623846,0.239209160209,0.488465517759,-0.282095193863,0.137665778399,0.48463973403,-0.2881757617,0.0408970043063,0.479866117239,-0.29198461771,-0.0589908957481,0.47702357173,-0.299637466669,-0.156610101461,0.47489258647,-0.303656280041,-0.256757557392,0.473043590784,-0.309127777815,-0.377013593912,0.480715185404,-0.29721313715,-0.367703795433,0.408874720335,-0.102817952633,-0.367703795433
1776811116.07,0.497973144054,-0.268452376127,0.436286449432,0.496024996042,-0.273197889328,0.338438987732,0.491349607706,-0.278321683407,0.240458935499,0.486266583204,-0.284977376461,0.13803781569,0.481972664595,-0.291186600924,0.04021294415,0.480064481497,-0.294738680124,-0.056160479784,0.473588854074,-0.299891710281,-0.159375280142,0.475212484598,-0.30470469594,-0.254246145487,0.471443086863,-0.310142159462,-0.377813875675,0.480715185404,-0.29721313715,-0.367703795433,0.408850282431,-0.102799780667,-0.367703795433
1776811116.09,0.497814148664,-0.268862009048,0.436370104551,0.496024996042,-0.273197889328,0.338438987732,0.491349607706,-0.278321683407,0.240458935499,0.486266583204,-0.284977376461,0.13803781569,0.481972664595,-0.291186600924,0.04021294415,0.480064481497,-0.294738680124,-0.056160479784,0.473588854074,-0.299891710281,-0.159375280142,0.475212484598,-0.30470469594,-0.254246145487,0.471443086863,-0.310142159462,-0.377813875675,0.480715185404,-0.29721313715,-0.367703795433,0.409698456526,-0.103747628629,-0.367703795433
1776811116.1,0.497466772795,-0.269637346268,0.43648031354,0.494927614927,-0.275421798229,0.339301228523,0.489604026079,-0.282107204199,0.239836066961,0.483992785215,-0.288151532412,0.138139784336,0.480177372694,-0.295526862144,0.0416336581111,0.47516271472,-0.297102987766,-0.0603074580431,0.4725677073,-0.303211569786,-0.159033328295,0.473808914423,-0.30750259757,-0.25497046113,0.47116753459,-0.311543852091,-0.376627624035,0.480715185404,-0.29721313715,-0.367703795433,0.408142358065,-0.102164044976,-0.367703795433
1776811116.12,0.497066915035,-0.270433574915,0.436544746161,0.494787365198,-0.275850564241,0.339286625385,0.48961558938,-0.282781422138,0.239387989044,0.483955413103,-0.289785772562,0.13866224885,0.479627043009,-0.296032726765,0.0410641059279,0.475430339575,-0.298743784428,-0.0591001063585,0.473890930414,-0.306440383196,-0.151800304651,0.472504347563,-0.307927966118,-0.256023317575,0.470922678709,-0.311841547489,-0.376478284597,0.480715185404,-0.29721313715,-0.367703795433,0.408166438341,-0.102095149457,-0.367703795433
1776811116.13,0.496520131826,-0.271445661783,0.436588555574,0.494787365198,-0.275850564241,0.339286625385,0.48961558938,-0.282781422138,0.239387989044,0.483955413103,-0.289785772562,0.13866224885,0.479627043009,-0.296032726765,0.0410641059279,0.475430339575,-0.298743784428,-0.0591001063585,0.473890930414,-0.306440383196,-0.151800304651,0.472504347563,-0.307927966118,-0.256023317575,0.470922678709,-0.311841547489,-0.376478284597,0.480715185404,-0.29721313715,-0.367703795433,0.408854573965,-0.10281149298,-0.367703795433
1776811116.15,0.49563100934,-0.273041754961,0.436597764492,0.49457398057,-0.277533024549,0.338438272476,0.489748030901,-0.284227490425,0.238776385784,0.484583169222,-0.290993779898,0.138976916671,0.480481773615,-0.298049092293,0.0421868339181,0.475284904242,-0.299816042185,-0.059924274683,0.471868664026,-0.305026680231,-0.158542871475,0.471515506506,-0.308794021606,-0.256324291229,0.469906181097,-0.312472194433,-0.376376211643,0.480715185404,-0.29721313715,-0.367703795433,0.408858031034,-0.102816566825,-0.367703795433
1776811116.16,0.49452355504,-0.275011241436,0.436586052179,0.49457398057,-0.277533024549,0.338438272476,0.489748030901,-0.284227490425,0.238776385784,0.484583169222,-0.290993779898,0.138976916671,0.480481773615,-0.298049092293,0.0421868339181,0.475284904242,-0.299816042185,-0.059924274683,0.471868664026,-0.305026680231,-0.158542871475,0.471515506506,-0.308794021606,-0.256324291229,0.469906181097,-0.312472194433,-0.376376211643,0.480715185404,-0.29721313715,-0.367703795433,0.40965077281,-0.103709764779,-0.367703795433
1776811116.18,0.4932115376,-0.277341246605,0.43656539917,0.494503587484,-0.278670758009,0.339198827744,0.491098076105,-0.284775108099,0.238725110888,0.48656758666,-0.290488809347,0.138456895947,0.482951194048,-0.296989381313,0.0407495051622,0.479295402765,-0.30280855298,-0.0562963038683,0.475994199514,-0.306144177914,-0.155443519354,0.471730679274,-0.309602320194,-0.256292641163,0.468351215124,-0.312879174948,-0.376402199268,0.480715185404,-0.29721313715,-0.367703795433,0.40814229846,-0.102178387344,-0.367703795433
1776811116.19,0.491929501295,-0.279597193003,0.43656155467,0.493476241827,-0.280517548323,0.338314652443,0.491334408522,-0.285010963678,0.239977061749,0.487758368254,-0.291058897972,0.138844549656,0.484180003405,-0.295308887959,0.0395936369896,0.479718357325,-0.299000799656,-0.0591007322073,0.473730772734,-0.304066896439,-0.159730374813,0.472106784582,-0.309294819832,-0.256717979908,0.46751460433,-0.312961012125,-0.377067863941,0.480715185404,-0.29721313715,-0.367703795433,0.408862501383,-0.102811776102,-0.367703795433
1776811116.21,0.490418314934,-0.282235145569,0.436541736126,0.492853075266,-0.281280040741,0.338675111532,0.49104192853,-0.286322623491,0.239051878452,0.488273411989,-0.289755433798,0.137550875545,0.485721617937,-0.295367985964,0.0400550216436,0.480232864618,-0.298108994961,-0.0598832815886,0.476664453745,-0.304764091969,-0.157993137836,0.47224137187,-0.30893009901,-0.256500184536,0.467370718718,-0.313437789679,-0.377160608768,0.480715185404,-0.29721313715,-0.367703795433,0.408847719431,-0.102798856795,-0.367703795433
1776811116.22,0.489016979933,-0.284639894962,0.436537414789,0.492410093546,-0.282272160053,0.338854193687,0.491431564093,-0.28524428606,0.240229055285,0.488527804613,-0.289903342724,0.137691289186,0.486218541861,-0.295504927635,0.0389851853251,0.481673628092,-0.297618210316,-0.0593333542347,0.476156562567,-0.302660822868,-0.15957826376,0.475364536047,-0.306813597679,-0.254020452499,0.466879576445,-0.313732683659,-0.377378255129,0.480715185404,-0.29721313715,-0.367703795433,0.408877700567,-0.10279404372,-0.367703795433
1776811116.24,0.487037032843,-0.28796890378,0.43656951189,0.491603583097,-0.28379535675,0.339314341545,0.491004735231,-0.286886960268,0.238313660026,0.488610714674,-0.289762973785,0.137609764934,0.486822456121,-0.293878465891,0.039602175355,0.482180863619,-0.296204447746,-0.0609662383795,0.477257460356,-0.302182555199,-0.15992885828,0.473595768213,-0.30779376626,-0.256900906563,0.466698914766,-0.313739597797,-0.377326071262,0.480715185404,-0.29721313715,-0.367703795433,0.408853024244,-0.102804496884,-0.367703795433
1776811116.25,0.485779225826,-0.290042251348,0.436624646187,0.490153104067,-0.286706924438,0.338857352734,0.489929646254,-0.288254350424,0.239577651024,0.489608198404,-0.290170937777,0.139248117805,0.487736016512,-0.29336348176,0.0396893322468,0.485211461782,-0.296782851219,-0.0580167621374,0.480110436678,-0.302039921284,-0.157202869654,0.474305301905,-0.306924879551,-0.257243156433,0.466663390398,-0.313717156649,-0.377357602119,0.480715185404,-0.29721313715,-0.367703795433,0.408862322569,-0.102812856436,-0.367703795433
1776811116.27,0.484011888504,-0.292815744877,0.436753511429,0.488326579332,-0.289922684431,0.338400423527,0.488575190306,-0.291004121304,0.238320559263,0.487113684416,-0.290475308895,0.136797308922,0.48754581809,-0.292952865362,0.0393719300628,0.484453886747,-0.293975263834,-0.0598088502884,0.479691773653,-0.299317508936,-0.159447520971,0.475513607264,-0.305152654648,-0.256413519382,0.466084510088,-0.312544643879,-0.378194630146,0.480715185404,-0.29721313715,-0.367703795433,0.408868700266,-0.102816596627,-0.367703795433
1776811116.28,0.482659637928,-0.294827491045,0.436895936728,0.486690849066,-0.291663587093,0.338318943977,0.48807862401,-0.291492700577,0.239041656256,0.486684650183,-0.290579080582,0.136502563953,0.48723462224,-0.293084919453,0.0393860116601,0.48664984107,-0.294025659561,-0.0565531849861,0.480907768011,-0.301009714603,-0.1572689116,0.475286275148,-0.304598689079,-0.257017672062,0.466982811689,-0.312304377556,-0.37786000967,0.480715185404,-0.29721313715,-0.367703795433,0.40887477994,-0.102823808789,-0.367703795433
1776811116.3,0.48095369339,-0.297283679247,0.437151610851,0.48503485322,-0.294720947742,0.339243084192,0.486613959074,-0.294151186943,0.238789007068,0.485790401697,-0.293088167906,0.137640938163,0.486350864172,-0.294047057629,0.0396435260773,0.482520550489,-0.293818742037,-0.060661226511,0.482471972704,-0.298493027687,-0.155878126621,0.474985450506,-0.304062575102,-0.257164627314,0.467955440283,-0.311646103859,-0.377525746822,0.480715185404,-0.29721313715,-0.367703795433,0.408842593431,-0.102791525424,-0.367703795433
1776811116.31,0.479555487633,-0.299280703068,0.437434703112,0.482866853476,-0.297323197126,0.339921653271,0.484144419432,-0.29675924778,0.238583087921,0.482827693224,-0.294562488794,0.136886417866,0.483573168516,-0.295861035585,0.0398179739714,0.48099347949,-0.295395791531,-0.0596154183149,0.477717965841,-0.299194455147,-0.159390389919,0.474910646677,-0.303905010223,-0.257036864758,0.469057887793,-0.310066640377,-0.37773373723,0.480715185404,-0.29721313715,-0.367703795433,0.408843189478,-0.102790221572,-0.367703795433
1776811116.33,0.478302299976,-0.301092624664,0.437760412693,0.482866853476,-0.297323197126,0.339921653271,0.484144419432,-0.29675924778,0.238583087921,0.482827693224,-0.294562488794,0.136886417866,0.483573168516,-0.295861035585,0.0398179739714,0.48099347949,-0.295395791531,-0.0596154183149,0.477717965841,-0.299194455147,-0.159390389919,0.474910646677,-0.303905010223,-0.257036864758,0.469057887793,-0.310066640377,-0.37773373723,0.480715185404,-0.29721313715,-0.367703795433,0.408833175898,-0.102793417871,-0.367703795433
1776811116.34,0.477157920599,-0.302784323692,0.438108623028,0.479200810194,-0.301891863346,0.340736091137,0.479660779238,-0.301537185907,0.239182591438,0.478807300329,-0.300188452005,0.13840521872,0.479095906019,-0.301468104124,0.0407380014658,0.477419227362,-0.299996465445,-0.0589262396097,0.474230200052,-0.30183249712,-0.159980773926,0.474682182074,-0.304382681847,-0.256491184235,0.471982747316,-0.306475520134,-0.377842366695,0.480715185404,-0.29721313715,-0.367703795433,0.408866435289,-0.102815665305,-0.367703795433
1776811116.36,0.47610476613,-0.304327219725,0.438449203968,0.478365987539,-0.303121834993,0.340111881495,0.478550046682,-0.302309811115,0.240507289767,0.476197689772,-0.301764428616,0.137920066714,0.477049142122,-0.302843421698,0.0403669029474,0.474946349859,-0.3011713624,-0.0594640523195,0.473586469889,-0.303019791842,-0.159151703119,0.474667340517,-0.304434627295,-0.25639218092,0.47371956706,-0.305460780859,-0.376822650433,0.480715185404,-0.29721313715,-0.367703795433,0.408862262964,-0.1028181687,-0.367703795433
1776811116.37,0.475330591202,-0.305446326733,0.438664972782,0.476060599089,-0.305975735188,0.340560406446,0.47538241744,-0.306004345417,0.241196542978,0.473049372435,-0.306362092495,0.138831570745,0.472787052393,-0.306690275669,0.0402854755521,0.472247153521,-0.303950577974,-0.059228092432,0.471987336874,-0.305249810219,-0.158346116543,0.474722296,-0.305244743824,-0.25561606884,0.475842148066,-0.303219586611,-0.375832080841,0.480715185404,-0.29721313715,-0.367703795433,0.408851474524,-0.102801568806,-0.367703795433
1776811116.39,0.474652469158,-0.306440860033,0.438803732395,0.475242167711,-0.307323932648,0.34002071619,0.474193900824,-0.307652652264,0.241381585598,0.471028357744,-0.307805746794,0.138475105166,0.470736652613,-0.3082690835,0.040178693831,0.472627311945,-0.307496994734,-0.0560556203127,0.470705360174,-0.305554270744,-0.159166693687,0.474739581347,-0.305352091789,-0.255604863167,0.476647824049,-0.302509188652,-0.375527262688,0.480715185404,-0.29721313715,-0.367703795433,0.408831506968,-0.102796167135,-0.367703795433
1776811116.4,0.474122345448,-0.307232916355,0.438866496086,0.473485916853,-0.309956997633,0.341889321804,0.472048789263,-0.311021357775,0.241673693061,0.470105677843,-0.312256217003,0.141915157437,0.468813806772,-0.314539045095,0.0431313514709,0.46989145875,-0.310772120953,-0.055061802268,0.472695499659,-0.308304578066,-0.154266864061,0.475132495165,-0.304410308599,-0.253408223391,0.478393703699,-0.299800753593,-0.375421047211,0.480715185404,-0.29721313715,-0.367703795433,0.408847659826,-0.102814771235,-0.367703795433
1776811116.42,0.473697721958,-0.307881057262,0.438824504614,0.472775131464,-0.310893267393,0.341201931238,0.47067502141,-0.313414245844,0.240820541978,0.467615753412,-0.314037531614,0.139242589474,0.467599958181,-0.314848423004,0.0419775471091,0.467178970575,-0.310862660408,-0.0579414516687,0.472737878561,-0.308969676495,-0.154372096062,0.474980860949,-0.304226189852,-0.252936393023,0.479364484549,-0.298904418945,-0.374912530184,0.480715185404,-0.29721313715,-0.367703795433,0.408045917749,-0.102117173374,-0.367703795433
1776811116.43,0.473424702883,-0.308285117149,0.438751399517,0.472537249327,-0.31154614687,0.341562151909,0.46982678771,-0.3145006001,0.240944266319,0.468091160059,-0.315361231565,0.141841828823,0.466586321592,-0.316693007946,0.0429164245725,0.46815469861,-0.313681483269,-0.0549929887056,0.472128123045,-0.309630393982,-0.154308915138,0.475083261728,-0.30445215106,-0.252695143223,0.479920595884,-0.297980666161,-0.374462157488,0.480715185404,-0.29721313715,-0.367703795433,0.408038824797,-0.102121971548,-0.367703795433
1776811116.45,0.473135828972,-0.308684021235,0.438636869192,0.471607476473,-0.312991499901,0.341323852539,0.469392567873,-0.315660059452,0.241502702236,0.467420428991,-0.318138957024,0.142190039158,0.465788334608,-0.319222301245,0.0431884154677,0.468555659056,-0.314499855042,-0.0547119528055,0.467501491308,-0.310208052397,-0.157481253147,0.474926799536,-0.304438710213,-0.252695560455,0.481311410666,-0.296006321907,-0.373990505934,0.480715185404,-0.29721313715,-0.367703795433,0.408791571856,-0.102758519351,-0.367703795433
1776811116.46,0.472930192947,-0.308944940567,0.438537329435,0.471315711737,-0.313370287418,0.341217666864,0.469270795584,-0.31601113081,0.24197126925,0.465482622385,-0.318300187588,0.139698505402,0.465825051069,-0.320417046547,0.0428053215146,0.468189030886,-0.31550681591,-0.0543593466282,0.471924930811,-0.311128050089,-0.154197394848,0.475566059351,-0.304340183735,-0.25247502327,0.48249772191,-0.294861674309,-0.373610645533,0.480715185404,-0.29721313715,-0.367703795433,0.408811837435,-0.102784566581,-0.367703795433
1776811116.48,0.472813338041,-0.309098035097,0.438496649265,0.471406728029,-0.312940984964,0.341729044914,0.468943506479,-0.316889435053,0.24059048295,0.465727716684,-0.317592293024,0.139009952545,0.466084688902,-0.319151997566,0.0415885597467,0.467434614897,-0.316549032927,-0.0568945854902,0.47167083621,-0.311712443829,-0.154864698648,0.475823193789,-0.304071843624,-0.253017663956,0.48255982995,-0.294274419546,-0.374351650476,0.480715185404,-0.29721313715,-0.367703795433,0.408802121878,-0.102770753205,-0.367703795433
1776811116.49,0.47267344594,-0.309273660183,0.438438177109,0.471247226,-0.313459962606,0.341078698635,0.469501465559,-0.316122382879,0.240494921803,0.468304663897,-0.317178100348,0.141008377075,0.466371387243,-0.317267864943,0.0406336784363,0.467077940702,-0.314107179642,-0.0586518347263,0.469947487116,-0.310346186161,-0.157460272312,0.477753311396,-0.302520781755,-0.252452135086,0.48283931613,-0.293494164944,-0.374951213598,0.480715185404,-0.29721313715,-0.367703795433,0.408147782087,-0.10208607465,-0.367703795433
1776811116.51,0.472595095634,-0.309349238873,0.438402563334,0.471541076899,-0.312865227461,0.341576635838,0.469700664282,-0.315624326468,0.241711378098,0.467940062284,-0.316590130329,0.139566555619,0.468401640654,-0.317360907793,0.0415637269616,0.470287889242,-0.314183562994,-0.0564033836126,0.46984860301,-0.30827152729,-0.159065783024,0.476192444563,-0.303152859211,-0.255692988634,0.482850641012,-0.293454170227,-0.375010371208,0.480715185404,-0.29721313715,-0.367703795433,0.408851534128,-0.10279610008,-0.367703795433
1776811116.52,0.472516238689,-0.309422701597,0.438354194164,0.471689850092,-0.313075363636,0.340783596039,0.471173793077,-0.314479500055,0.240592971444,0.470336824656,-0.314769744873,0.139948546886,0.471447080374,-0.315760612488,0.0422509089112,0.474925726652,-0.310276150703,-0.0547574907541,0.474858015776,-0.308086454868,-0.157070457935,0.480073302984,-0.300469815731,-0.252994298935,0.482369869947,-0.29393056035,-0.3751693964,0.480715185404,-0.29721313715,-0.367703795433,0.408139795065,-0.102181456983,-0.367703795433
1776811116.54,0.472401976585,-0.309558480978,0.438304364681,0.471682399511,-0.313142329454,0.341414093971,0.471870392561,-0.313441723585,0.24150942266,0.472693353891,-0.313176423311,0.14137044549,0.472631841898,-0.313184350729,0.0417477861047,0.472582608461,-0.307942867279,-0.0586288273335,0.474803119898,-0.305977970362,-0.157717645168,0.480591028929,-0.299555361271,-0.253137350082,0.482376426458,-0.294116705656,-0.37505826354,0.480715185404,-0.29721313715,-0.367703795433,0.408338814974,-0.102167978883,-0.367703795433
1776811116.55,0.472276747227,-0.309728682041,0.438258528709,0.4730207026,-0.312027156353,0.34085085988,0.473866730928,-0.311592131853,0.241453871131,0.47389087081,-0.310108810663,0.138772800565,0.475541979074,-0.30918866396,0.0411831960082,0.47606536746,-0.30439043045,-0.0589037686586,0.4772131145,-0.302140444517,-0.158176064491,0.481498986483,-0.298557132483,-0.253701895475,0.482117444277,-0.294739246368,-0.3750654459,0.480715185404,-0.29721313715,-0.367703795433,0.408306449652,-0.102171450853,-0.367703795433
1776811116.57,0.472093492746,-0.310029864311,0.438210308552,0.47339168191,-0.311668723822,0.340882211924,0.474497705698,-0.310804992914,0.239885181189,0.474731475115,-0.308036029339,0.137845635414,0.477317482233,-0.307353079319,0.0413292646408,0.479541569948,-0.304130911827,-0.0560539364815,0.477633625269,-0.300708591938,-0.15847659111,0.478821545839,-0.297149658203,-0.256651639938,0.481756716967,-0.295130550861,-0.375790029764,0.480715185404,-0.29721313715,-0.367703795433,0.40897783637,-0.102806337178,-0.367703795433
1776811116.58,0.471948325634,-0.310289293528,0.43816998601,0.473707407713,-0.311182826757,0.340739071369,0.47553524375,-0.309549003839,0.241585537791,0.476670473814,-0.307320445776,0.139073610306,0.47937348485,-0.30661046505,0.0428950935602,0.481993108988,-0.30125951767,-0.0541773438454,0.479021757841,-0.299654215574,-0.157947063446,0.479136615992,-0.29648321867,-0.256814241409,0.481422692537,-0.295636624098,-0.375826388597,0.480715185404,-0.29721313715,-0.367703795433,0.408309191465,-0.102152071893,-0.367703795433
1776811116.6,0.471688717604,-0.310772806406,0.438110738993,0.473989397287,-0.310220092535,0.341448694468,0.477097004652,-0.307852745056,0.240335509181,0.478619962931,-0.303557872772,0.138316899538,0.481623381376,-0.301923185587,0.0415461435914,0.484602481127,-0.29890063405,-0.0553900748491,0.480466753244,-0.296617209911,-0.157904982567,0.48070064187,-0.295789271593,-0.255927592516,0.481154769659,-0.296074479818,-0.376070529222,0.480715185404,-0.29721313715,-0.367703795433,0.408983081579,-0.102770410478,-0.367703795433
1776811116.61,0.471516877413,-0.311163127422,0.438049525023,0.474562555552,-0.309490948915,0.340524852276,0.477862805128,-0.306547343731,0.241736859083,0.478887051344,-0.301912873983,0.138429448009,0.481399446726,-0.299435257912,0.0401106402278,0.484128504992,-0.297410517931,-0.0561006218195,0.481533437967,-0.296553611755,-0.157609641552,0.481408566236,-0.29525834322,-0.255922108889,0.481155067682,-0.29674321413,-0.376225203276,0.480715185404,-0.29721313715,-0.367703795433,0.408960729837,-0.10274861753,-0.367703795433
1776811116.63,0.47142547369,-0.311446636915,0.438017338514,0.474907845259,-0.309257060289,0.340499490499,0.478537648916,-0.304814815521,0.241204023361,0.481016546488,-0.300216048956,0.139236718416,0.483888953924,-0.297990918159,0.0418653786182,0.485631257296,-0.294843405485,-0.0555469244719,0.486409217119,-0.294569015503,-0.154607236385,0.482475310564,-0.295438826084,-0.255097985268,0.480426460505,-0.296572566032,-0.376597166061,0.480715185404,-0.29721313715,-0.367703795433,0.408986121416,-0.102814786136,-0.367703795433
1776811116.64,0.47138941288,-0.311635136604,0.437975585461,0.474729388952,-0.309144675732,0.340397536755,0.478907138109,-0.303252547979,0.242041438818,0.482603758574,-0.298940002918,0.141118988395,0.483782440424,-0.29657164216,0.0412943661213,0.486285537481,-0.293846338987,-0.0548310130835,0.48248770833,-0.294071108103,-0.157593756914,0.484112948179,-0.294711589813,-0.253502726555,0.480657011271,-0.2968531847,-0.376612246037,0.480715185404,-0.29721313715,-0.367703795433,0.408971041441,-0.102759927511,-0.367703795433
1776811116.66,0.471422046423,-0.311700284481,0.437974274158,0.474538475275,-0.309148997068,0.340385198593,0.478674858809,-0.30329054594,0.241890087724,0.480954557657,-0.298698544502,0.139424741268,0.483824640512,-0.296259462833,0.041433930397,0.486484438181,-0.293655127287,-0.0546478629112,0.482352465391,-0.294114470482,-0.157650113106,0.484092444181,-0.2947281003,-0.25346583128,0.480982154608,-0.297048330307,-0.376259088516,0.480715185404,-0.29721313715,-0.367703795433,0.408978015184,-0.102763265371,-0.367703795433
1776811116.67,0.471500426531,-0.311613112688,0.437988340855,0.474005073309,-0.30964833498,0.340454697609,0.478002995253,-0.304409652948,0.240966245532,0.478785961866,-0.298678159714,0.138093009591,0.481793552637,-0.295990824699,0.0405693203211,0.485090047121,-0.294550538063,-0.0557600706816,0.482113212347,-0.293970316648,-0.157888531685,0.4825104177,-0.294658362865,-0.25547683239,0.481180399656,-0.296910345554,-0.376548439264,0.480715185404,-0.29721313715,-0.367703795433,0.408334225416,-0.102194145322,-0.367703795433
1776811116.69,0.471647590399,-0.311349630356,0.437987864017,0.473467975855,-0.310514479876,0.341035842896,0.477475911379,-0.304816544056,0.241177365184,0.478811830282,-0.300264775753,0.138853758574,0.480871409178,-0.2965695858,0.0401938036084,0.485550910234,-0.294332444668,-0.0552203059196,0.481535285711,-0.29415088892,-0.158318907022,0.482080370188,-0.294543415308,-0.256374329329,0.480972915888,-0.296494036913,-0.377148330212,0.480715185404,-0.29721313715,-0.367703795433,0.409033149481,-0.102821953595,-0.367703795433
1776811116.7,0.471903681755,-0.310885965824,0.438005000353,0.473456352949,-0.310871005058,0.340504527092,0.476065248251,-0.307222813368,0.240329742432,0.478421360254,-0.30298641324,0.141414731741,0.47954133153,-0.300350904465,0.0409493744373,0.483494311571,-0.296405225992,-0.0556646883488,0.480343908072,-0.296117812395,-0.157673835754,0.481685429811,-0.295070618391,-0.255884379148,0.482377022505,-0.296640664339,-0.376180052757,0.480715185404,-0.29721313715,-0.367703795433,0.408304661512,-0.102130711079,-0.367703795433
1776811116.72,0.472205549479,-0.310329526663,0.438030183315,0.473187237978,-0.311328560114,0.340548634529,0.475307911634,-0.308127611876,0.240411311388,0.476879864931,-0.305168330669,0.140393599868,0.478944808245,-0.301485776901,0.0417913645506,0.481966882944,-0.29872277379,-0.0558115690947,0.481460958719,-0.298155158758,-0.157326042652,0.48310098052,-0.295612901449,-0.253946423531,0.48323354125,-0.296162307262,-0.375713914633,0.480715185404,-0.29721313715,-0.367703795433,0.409003645182,-0.102785520256,-0.367703795433
1776811116.73,0.47282075882,-0.309179514647,0.43805322051,0.472922772169,-0.311641573906,0.340448230505,0.473722070456,-0.309991925955,0.239848941565,0.474240332842,-0.307368397713,0.139172539115,0.474744230509,-0.304490804672,0.039858110249,0.478349119425,-0.302041530609,-0.0559864193201,0.477190345526,-0.298633128405,-0.159396320581,0.479409307241,-0.296696990728,-0.257024616003,0.484350293875,-0.295629620552,-0.376048594713,0.480715185404,-0.29721313715,-0.367703795433,0.408963173628,-0.102759972215,-0.367703795433
1776811116.75,0.473497182131,-0.307976007462,0.438102126122,0.472907930613,-0.311697661877,0.34054595232,0.473366469145,-0.310437351465,0.241089195013,0.47239241004,-0.307961553335,0.137654930353,0.475659579039,-0.306666314602,0.0423101112247,0.478133767843,-0.303269684315,-0.0555524677038,0.476036995649,-0.300920844078,-0.158625036478,0.478960245848,-0.297100067139,-0.257146894932,0.484914451838,-0.295280218124,-0.37620985508,0.480715185404,-0.29721313715,-0.367703795433,0.408926218748,-0.102741472423,-0.367703795433
1776811116.76,0.474342703819,-0.306529909372,0.438189715147,0.472910791636,-0.311159521341,0.340681314468,0.472715109587,-0.311361849308,0.240300565958,0.470890074968,-0.310243070126,0.137890249491,0.472463279963,-0.310602784157,0.0410214737058,0.471698254347,-0.306728959084,-0.059724137187,0.474767059088,-0.304018259048,-0.15845233202,0.480157822371,-0.300514638424,-0.254259049892,0.485530048609,-0.294453889132,-0.37581205368,0.480715185404,-0.29721313715,-0.367703795433,0.409011930227,-0.102802716196,-0.367703795433
1776811116.78,0.475099772215,-0.305249392986,0.438261926174,0.472960263491,-0.310818165541,0.340695649385,0.472237378359,-0.311891078949,0.239768177271,0.472682982683,-0.311306536198,0.142474427819,0.47118589282,-0.311972141266,0.0407485514879,0.47145447135,-0.308175802231,-0.0592175424099,0.472755998373,-0.305440485477,-0.158584266901,0.480840295553,-0.301042109728,-0.254059523344,0.485515505075,-0.294160097837,-0.375735521317,0.480715185404,-0.29721313715,-0.367703795433,0.408325344324,-0.102156415582,-0.367703795433
1776811116.79,0.476061612368,-0.303613245487,0.438354760408,0.473336130381,-0.310034394264,0.34150570631,0.471839278936,-0.312264293432,0.239947751164,0.469296067953,-0.312932372093,0.138356313109,0.470449000597,-0.31496077776,0.0416169762611,0.473567575216,-0.312674790621,-0.0556055903435,0.472712129354,-0.308334201574,-0.158132225275,0.477604717016,-0.302259713411,-0.255549997091,0.48570933938,-0.293775945902,-0.375335156918,0.480715185404,-0.29721313715,-0.367703795433,0.409014135599,-0.102842405438,-0.367703795433
1776811116.81,0.477058321238,-0.301935911179,0.438430309296,0.473466485739,-0.309678524733,0.341326534748,0.471856981516,-0.31219753623,0.240047082305,0.469544917345,-0.313660353422,0.138974398375,0.47009524703,-0.315787762403,0.0415905490518,0.472178548574,-0.313491791487,-0.0555275082588,0.472610503435,-0.309012383223,-0.157999962568,0.478750437498,-0.303508579731,-0.253957986832,0.48570099473,-0.293859899044,-0.375349551439,0.480715185404,-0.29721313715,-0.367703795433,0.408990055323,-0.10278338939,-0.367703795433
1776811116.82,0.477967113256,-0.300465762615,0.43846309185,0.474569290876,-0.307752758265,0.340680301189,0.472549289465,-0.311521083117,0.240226283669,0.469719201326,-0.314002662897,0.139332666993,0.470162123442,-0.31625187397,0.0414086729288,0.471973508596,-0.314567565918,-0.0559937655926,0.475709944963,-0.310178458691,-0.154517531395,0.478306144476,-0.304010510445,-0.254740566015,0.485385328531,-0.29420748353,-0.375193208456,0.480715185404,-0.29721313715,-0.367703795433,0.408978790045,-0.102760232985,-0.367703795433
1776811116.84,0.479049354792,-0.298788815737,0.438476085663,0.475230187178,-0.306995362043,0.340567648411,0.473090976477,-0.311234116554,0.241644963622,0.47031340003,-0.313892155886,0.139387309551,0.471721798182,-0.315498918295,0.0435993373394,0.473732680082,-0.313513070345,-0.0550505369902,0.474244683981,-0.311018496752,-0.157291203737,0.476351350546,-0.302902400494,-0.256517082453,0.48520436883,-0.294638395309,-0.375164359808,0.480715185404,-0.29721313715,-0.367703795433,0.409000128508,-0.102776437998,-0.367703795433
1776811116.85,0.479964792728,-0.2973985672,0.438472121954,0.476709753275,-0.305193036795,0.340843260288,0.474724441767,-0.309685945511,0.240265518427,0.471519082785,-0.311824530363,0.138570427895,0.472465187311,-0.31599521637,0.0427985787392,0.472146123648,-0.312166750431,-0.0576547980309,0.47253498435,-0.308694750071,-0.158752977848,0.47598990798,-0.302854955196,-0.256854176521,0.48468747735,-0.296344697475,-0.375068604946,0.480715185404,-0.29721313715,-0.367703795433,0.408307462931,-0.102143682539,-0.367703795433
1776811116.87,0.480912476778,-0.295989364386,0.438440084457,0.477639049292,-0.304323405027,0.340871393681,0.475941091776,-0.30819696188,0.242085650563,0.474672704935,-0.31144708395,0.141980141401,0.47340169549,-0.314018011093,0.0422187894583,0.471912354231,-0.310052394867,-0.0592101365328,0.476229339838,-0.310135990381,-0.156899183989,0.476719468832,-0.302727371454,-0.255961567163,0.48423191905,-0.297019451857,-0.375445395708,0.480715185404,-0.29721313715,-0.367703795433,0.408984273672,-0.102774016559,-0.367703795433
1776811116.88,0.481823682785,-0.294713824987,0.438388615847,0.479617208242,-0.301454901695,0.340988695621,0.478482753038,-0.305118471384,0.241217985749,0.476319104433,-0.308036059141,0.139181539416,0.475286453962,-0.309224426746,0.0404602661729,0.478575974703,-0.308605134487,-0.05507132411,0.475106805563,-0.306330889463,-0.158831506968,0.478922694921,-0.303792983294,-0.255448251963,0.482543379068,-0.29915368557,-0.375550448895,0.480715185404,-0.29721313715,-0.367703795433,0.409026712179,-0.102820701897,-0.367703795433
1776811116.9,0.482714802027,-0.293584764004,0.438340812922,0.480622500181,-0.300328046083,0.341434031725,0.479629606009,-0.303494334221,0.24020190537,0.479128867388,-0.305683553219,0.141580834985,0.477873176336,-0.308667451143,0.0426098480821,0.476004391909,-0.305573582649,-0.0592510998249,0.478373736143,-0.307278394699,-0.157038033009,0.48067805171,-0.303098618984,-0.253341346979,0.482631236315,-0.300051212311,-0.375354081392,0.480715185404,-0.29721313715,-0.367703795433,0.409019380808,-0.102804087102,-0.367703795433
1776811116.91,0.483415305614,-0.292802393436,0.438297331333,0.482020407915,-0.297855913639,0.340050965548,0.482312291861,-0.299529999495,0.241430103779,0.481084555387,-0.300899922848,0.139163613319,0.481212705374,-0.302865952253,0.0411306172609,0.479458540678,-0.301974087954,-0.0592078864574,0.478263646364,-0.302832752466,-0.159038424492,0.479735225439,-0.303103715181,-0.255002379417,0.480761498213,-0.302561581135,-0.376023650169,0.480715185404,-0.29721313715,-0.367703795433,0.408987373114,-0.102770507336,-0.367703795433
1776811116.93,0.483906209469,-0.292320489883,0.438259989023,0.483454376459,-0.296107620001,0.340327948332,0.483266204596,-0.298184245825,0.24100343883,0.4822704494,-0.297854065895,0.138751044869,0.482272773981,-0.300107240677,0.0405443385243,0.483842462301,-0.300846040249,-0.05486536026,0.479579955339,-0.301755219698,-0.158014148474,0.480038136244,-0.302359461784,-0.255553632975,0.479895681143,-0.303642481565,-0.375905424356,0.480715185404,-0.29721313715,-0.367703795433,0.409017294645,-0.102789632976,-0.367703795433
1776811116.94,0.48437872529,-0.29191827774,0.438179761171,0.484797745943,-0.29396957159,0.340801000595,0.485802620649,-0.293979018927,0.23987275362,0.486639231443,-0.293712109327,0.14144590497,0.486281186342,-0.295914202929,0.0414385870099,0.484306484461,-0.295699238777,-0.0581237226725,0.481346935034,-0.299101769924,-0.158224523067,0.480939358473,-0.30158752203,-0.255855470896,0.478156536818,-0.305733591318,-0.376375794411,0.480715185404,-0.29721313715,-0.367703795433,0.408972710371,-0.102790795267,-0.367703795433
1776811116.96,0.48462754488,-0.291733711958,0.438057541847,0.485564023256,-0.293159127235,0.340650141239,0.487056046724,-0.29212808609,0.240499123931,0.489215403795,-0.29135838151,0.142337560654,0.48679164052,-0.292982250452,0.0408448129892,0.485326915979,-0.292949020863,-0.0590859800577,0.482747703791,-0.297470539808,-0.158657312393,0.48136767745,-0.301586061716,-0.255504071712,0.477017194033,-0.305886179209,-0.376954942942,0.480715185404,-0.29721313715,-0.367703795433,0.408994823694,-0.10278236866,-0.367703795433
1776811116.97,0.48475715518,-0.291690587997,0.437928527594,0.486469835043,-0.291912615299,0.340768396854,0.48853930831,-0.290118694305,0.239918619394,0.488645106554,-0.288628101349,0.139147847891,0.489100307226,-0.289657235146,0.0412393733859,0.487561494112,-0.289404273033,-0.0587263852358,0.483815997839,-0.294726014137,-0.158531099558,0.48173686862,-0.300040841103,-0.255460947752,0.476275652647,-0.30832016468,-0.376157194376,0.480715185404,-0.29721313715,-0.367703795433,0.409010261297,-0.102803260088,-0.367703795433
1776811116.99,0.484800815582,-0.291749984026,0.437825232744,0.486487537622,-0.292034894228,0.34112855792,0.489323884249,-0.288633108139,0.241287022829,0.489345282316,-0.287382125854,0.138986051083,0.49083045125,-0.288537591696,0.0414058640599,0.488100320101,-0.288455665112,-0.0586124956608,0.486091047525,-0.294634073973,-0.156973212957,0.482056707144,-0.299937039614,-0.2549508214,0.476178616285,-0.308615654707,-0.376343727112,0.480715185404,-0.29721313715,-0.367703795433,0.408297270536,-0.10213599354,-0.367703795433
1776811117,0.484823614359,-0.291870623827,0.437728404999,0.487062007189,-0.291303426027,0.340439915657,0.489458352327,-0.288461387157,0.241200044751,0.48964831233,-0.285474836826,0.138182029128,0.490830868483,-0.285675942898,0.0405694171786,0.488823443651,-0.286417007446,-0.0590384751558,0.486141234636,-0.292733430862,-0.157146602869,0.482175439596,-0.299789100885,-0.255133032799,0.475173145533,-0.309854030609,-0.376171410084,0.480715185404,-0.29721313715,-0.367703795433,0.408353120089,-0.102208435535,-0.367703795433
1776811117.02,0.484838843346,-0.29200732708,0.437718182802,0.487452715635,-0.291097551584,0.339952200651,0.489537090063,-0.288471788168,0.241051733494,0.489563494921,-0.285309642553,0.138097524643,0.491356164217,-0.285597890615,0.0405338704586,0.488807290792,-0.286033570766,-0.059213668108,0.486235171556,-0.292781531811,-0.157107383013,0.48311445117,-0.299110412598,-0.253844410181,0.475005954504,-0.309896618128,-0.376075029373,0.480715185404,-0.29721313715,-0.367703795433,0.408995479345,-0.10278505832,-0.367703795433
1776811117.03,0.484818428755,-0.292162179947,0.437744617462,0.487285763025,-0.291191518307,0.339851081371,0.489762932062,-0.287710011005,0.24155831337,0.489561468363,-0.285310775042,0.138099178672,0.491263955832,-0.285901397467,0.0407210066915,0.488876849413,-0.286150217056,-0.0591552853584,0.486290901899,-0.292812138796,-0.157070428133,0.482336252928,-0.299737066031,-0.254706442356,0.475220650434,-0.310010552406,-0.37622371316,0.480715185404,-0.29721313715,-0.367703795433,0.409027308226,-0.102798931301,-0.367703795433
1776811117.05,0.4847471416,-0.292327284813,0.437815487385,0.486866205931,-0.291419446468,0.339837133884,0.488928943872,-0.288762032986,0.240988254547,0.488983184099,-0.28658208251,0.138508573174,0.490328997374,-0.287690788507,0.0410337150097,0.487798660994,-0.286885470152,-0.0593552291393,0.484126120806,-0.292676985264,-0.15848621726,0.481744021177,-0.299897670746,-0.25520503521,0.475091129541,-0.309274792671,-0.377185970545,0.480715185404,-0.29721313715,-0.367703795433,0.408961027861,-0.102748215199,-0.367703795433
1776811117.06,0.484631180763,-0.292532384396,0.437887310982,0.486330538988,-0.292407006025,0.340303361416,0.487321645021,-0.291008979082,0.23928886652,0.488494664431,-0.289078474045,0.140364527702,0.488098233938,-0.289868086576,0.0408718213439,0.485776275396,-0.290295064449,-0.0590930730104,0.486027866602,-0.295441657305,-0.155253440142,0.481221169233,-0.301294177771,-0.25591763854,0.47621306777,-0.309218049049,-0.3766477108,0.480715185404,-0.29721313715,-0.367703795433,0.408315569162,-0.10214523226,-0.367703795433
1776811117.08,0.484471380711,-0.292766481638,0.437949717045,0.486010998487,-0.293077468872,0.340375006199,0.486691623926,-0.29204505682,0.23939627409,0.486374050379,-0.290714800358,0.138479501009,0.486191600561,-0.291702657938,0.0406196787953,0.484535068274,-0.290941685438,-0.0598074495792,0.482649534941,-0.296961158514,-0.158693671227,0.48096755147,-0.301571071148,-0.255725950003,0.476372689009,-0.308789134026,-0.376848518848,0.480715185404,-0.29721313715,-0.367703795433,0.408315032721,-0.102142319083,-0.367703795433
1776811117.09,0.484307229519,-0.293013870716,0.438009738922,0.485319405794,-0.293953686953,0.340458542109,0.484893769026,-0.294346898794,0.239399209619,0.483590811491,-0.294505894184,0.138696655631,0.483933836222,-0.296752780676,0.0413734614849,0.482075721025,-0.296551704407,-0.0587120056152,0.480254918337,-0.299911230803,-0.158470004797,0.479847460985,-0.303274214268,-0.255417913198,0.477485150099,-0.307192146778,-0.377280205488,0.480715185404,-0.29721313715,-0.367703795433,0.409029871225,-0.10282061249,-0.367703795433
1776811117.11,0.484103620052,-0.293345838785,0.438053160906,0.484697788954,-0.294685602188,0.341005027294,0.484715312719,-0.295271515846,0.240201473236,0.483801335096,-0.296337842941,0.140778571367,0.481878548861,-0.298438221216,0.0405711010098,0.479670256376,-0.2980209589,-0.0597146600485,0.480694502592,-0.303056657314,-0.157550513744,0.479102581739,-0.303518205881,-0.2561404109,0.479290693998,-0.306819140911,-0.375844806433,0.480715185404,-0.29721313715,-0.367703795433,0.408994168043,-0.102782353759,-0.367703795433
1776811117.12,0.483924329281,-0.293644368649,0.438079565763,0.484493404627,-0.295488357544,0.340251326561,0.483405977488,-0.297009676695,0.24135273695,0.481572777033,-0.298476099968,0.138425081968,0.481044799089,-0.301225781441,0.0410840064287,0.479023247957,-0.300676345825,-0.0591730624437,0.477774173021,-0.302971094847,-0.158889204264,0.479017168283,-0.304590016603,-0.256609380245,0.479532748461,-0.305756062269,-0.376275539398,0.480715185404,-0.29721313715,-0.367703795433,0.408856421709,-0.102806076407,-0.367703795433
1776811117.14,0.483805119991,-0.293835997581,0.438046455383,0.483840316534,-0.297171264887,0.339748263359,0.482044368982,-0.300043225288,0.241292491555,0.479161769152,-0.302552253008,0.138960510492,0.477202087641,-0.304282069206,0.0401175245643,0.480187684298,-0.305245161057,-0.054658934474,0.475944668055,-0.306559473276,-0.159165531397,0.480356067419,-0.305128186941,-0.253411322832,0.480699688196,-0.304116934538,-0.375521034002,0.480715185404,-0.29721313715,-0.367703795433,0.40884539485,-0.102792285383,-0.367703795433
1776811117.15,0.483642071486,-0.294084727764,0.437982231379,0.483315497637,-0.298484116793,0.340812176466,0.480968028307,-0.301898896694,0.242073535919,0.477766484022,-0.306313425303,0.138857752085,0.476525992155,-0.310092151165,0.0406760200858,0.473957031965,-0.307981193066,-0.0597924739122,0.477225333452,-0.308960139751,-0.15475794673,0.477724045515,-0.306927800179,-0.256095409393,0.48197939992,-0.302662193775,-0.37554076314,0.480715185404,-0.29721313715,-0.367703795433,0.408144146204,-0.102094933391,-0.367703795433
1776811117.17,0.483426868916,-0.29438239336,0.437888205051,0.482286423445,-0.298808574677,0.341027081013,0.480132430792,-0.304159760475,0.239876493812,0.476010650396,-0.30717036128,0.138305962086,0.475154429674,-0.310428231955,0.04062602669,0.473546475172,-0.309705913067,-0.0585298240185,0.473480790854,-0.309270679951,-0.159281611443,0.47757473588,-0.306906729937,-0.256123840809,0.482441693544,-0.302077323198,-0.375605165958,0.480715185404,-0.29721313715,-0.367703795433,0.408862382174,-0.102808110416,-0.367703795433
1776811117.18,0.483217775822,-0.294665902853,0.437818169594,0.482087284327,-0.29972833395,0.341272562742,0.479848474264,-0.304430365562,0.242488101125,0.476738482714,-0.3090493083,0.140266939998,0.475819915533,-0.311803072691,0.0424674451351,0.475152522326,-0.313405185938,-0.0551533848047,0.477940231562,-0.310157179832,-0.155058383942,0.477725237608,-0.307154476643,-0.256037056446,0.482568949461,-0.301220089197,-0.375418663025,0.480715185404,-0.29721313715,-0.367703795433,0.408863276243,-0.102812997997,-0.367703795433
1776811117.2,0.482871204615,-0.295143187046,0.437735706568,0.4817250669,-0.300532788038,0.340609014034,0.478976398706,-0.306059539318,0.241683125496,0.475659638643,-0.310737371445,0.139421880245,0.474715262651,-0.314998686314,0.0428481176496,0.473058849573,-0.312570631504,-0.0581872910261,0.473201185465,-0.310683965683,-0.158744931221,0.480191797018,-0.306110858917,-0.253590643406,0.482836157084,-0.300760596991,-0.375419259071,0.480715185404,-0.29721313715,-0.367703795433,0.408155351877,-0.102104656398,-0.367703795433
1776811117.21,0.482415109873,-0.295805424452,0.437644302845,0.4817250669,-0.300532788038,0.340609014034,0.478976398706,-0.306059539318,0.241683125496,0.475659638643,-0.310737371445,0.139421880245,0.474715262651,-0.314998686314,0.0428481176496,0.473058849573,-0.312570631504,-0.0581872910261,0.473201185465,-0.310683965683,-0.158744931221,0.480191797018,-0.306110858917,-0.253590643406,0.482836157084,-0.300760596991,-0.375419259071,0.480715185404,-0.29721313715,-0.367703795433,0.409862667322,-0.103885114193,-0.367703795433
1776811117.23,0.481772899628,-0.296761989594,0.437576115131,0.481414109468,-0.300499230623,0.339852273464,0.478972047567,-0.306001722813,0.241506934166,0.476998955011,-0.309793621302,0.140268012881,0.475271314383,-0.313007026911,0.0407981798053,0.478039652109,-0.31137740612,-0.055009752512,0.474848717451,-0.309976965189,-0.158777177334,0.480002433062,-0.30574926734,-0.253781050444,0.482990175486,-0.300067871809,-0.376017957926,0.480715185404,-0.29721313715,-0.367703795433,0.408984690905,-0.102767251432,-0.367703795433
1776811117.24,0.481017172337,-0.297926485538,0.437496960163,0.481272250414,-0.300638049841,0.339581489563,0.480600982904,-0.304091274738,0.240744560957,0.477589339018,-0.308412790298,0.138924241066,0.477350085974,-0.31086435914,0.0408650636673,0.479419201612,-0.30970788002,-0.0557443499565,0.474939972162,-0.307445198298,-0.160186946392,0.480637818575,-0.305115312338,-0.254963636398,0.482638686895,-0.299848437309,-0.376363188028,0.480715185404,-0.29721313715,-0.367703795433,0.408294409513,-0.102164104581,-0.367703795433
1776811117.26,0.480179399252,-0.299217492342,0.437437534332,0.481222301722,-0.300748854876,0.339713931084,0.480294972658,-0.304240375757,0.240587621927,0.477582722902,-0.30608445406,0.13764333725,0.477879017591,-0.309149175882,0.0403514653444,0.476622015238,-0.308130323887,-0.0593474954367,0.47657468915,-0.307068645954,-0.159046411514,0.477226704359,-0.303171157837,-0.258057743311,0.482638686895,-0.299848437309,-0.376363188028,0.480715185404,-0.29721313715,-0.367703795433,0.409003049135,-0.102792836726,-0.367703795433
1776811117.27,0.479387700558,-0.300449848175,0.4373909235,0.48120829463,-0.300918787718,0.339711070061,0.480704694986,-0.303395569324,0.2404576689,0.48036763072,-0.305446058512,0.140378683805,0.479370564222,-0.307890146971,0.0407550111413,0.477559953928,-0.30579161644,-0.0596731603146,0.480868130922,-0.305795311928,-0.155960023403,0.479404002428,-0.303663372993,-0.2565561831,0.482205718756,-0.29994353652,-0.376948535442,0.480715185404,-0.29721313715,-0.367703795433,0.408974379301,-0.102768190205,-0.367703795433
1776811117.29,0.478329986334,-0.302112162113,0.437362492085,0.480947703123,-0.301161944866,0.339672863483,0.48178127408,-0.301944226027,0.239841043949,0.480731934309,-0.301785379648,0.137687176466,0.481486588717,-0.303434461355,0.0402523055673,0.483752280474,-0.30232283473,-0.0562961548567,0.479666441679,-0.302742391825,-0.159374564886,0.479706794024,-0.300858914852,-0.257878303528,0.481506735086,-0.301378816366,-0.377134889364,0.480715185404,-0.29721313715,-0.367703795433,0.40898886323,-0.10277210921,-0.367703795433
1776811117.3,0.477423876524,-0.303545832634,0.43739014864,0.480429440737,-0.301812589169,0.339535325766,0.4820356071,-0.301184117794,0.239176958799,0.482253164053,-0.299271225929,0.137900665402,0.4839155972,-0.300934612751,0.0416102036834,0.482462853193,-0.297746658325,-0.0596943795681,0.481196969748,-0.29924929142,-0.159356981516,0.480854064226,-0.299116641283,-0.257629215717,0.481127291918,-0.301762551069,-0.377078473568,0.480715185404,-0.29721313715,-0.367703795433,0.409014731646,-0.102802917361,-0.367703795433
1776811117.32,0.476784199476,-0.304555416107,0.437434583902,0.480429440737,-0.301812589169,0.339535325766,0.4820356071,-0.301184117794,0.239176958799,0.482253164053,-0.299271225929,0.137900665402,0.4839155972,-0.300934612751,0.0416102036834,0.482462853193,-0.297746658325,-0.0596943795681,0.481196969748,-0.29924929142,-0.159356981516,0.480854064226,-0.299116641283,-0.257629215717,0.481127291918,-0.301762551069,-0.377078473568,0.480715185404,-0.29721313715,-0.367703795433,0.408333986998,-0.102199926972,-0.367703795433
1776811117.33,0.476043850183,-0.305726528168,0.437525629997,0.479278951883,-0.303532779217,0.339599609375,0.482060164213,-0.29943472147,0.241228431463,0.483086496592,-0.296236723661,0.137793749571,0.485896617174,-0.295419484377,0.0406547039747,0.484757512808,-0.29207611084,-0.059616163373,0.487602204084,-0.294598907232,-0.155503332615,0.482439786196,-0.296744465828,-0.257326960564,0.480951219797,-0.302166700363,-0.376908123493,0.480715185404,-0.29721313715,-0.367703795433,0.4082942307,-0.102131016552,-0.367703795433
1776811117.35,0.475675433874,-0.306341320276,0.437596797943,0.478754013777,-0.303737640381,0.339762091637,0.481527358294,-0.299334287643,0.24125751853,0.482964545488,-0.295598417521,0.137565255165,0.486060172319,-0.294191300869,0.0410829782486,0.484588235617,-0.290395736694,-0.0601422339678,0.486860305071,-0.295316308737,-0.156845539808,0.484338790178,-0.297745227814,-0.253871202469,0.480473250151,-0.30171713233,-0.3776666224,0.480715185404,-0.29721313715,-0.367703795433,0.408310562372,-0.102143906057,-0.367703795433
1776811117.36,0.475546360016,-0.306574314833,0.437655359507,0.477905482054,-0.304807990789,0.339976370335,0.481004863977,-0.300325036049,0.239775657654,0.483293265104,-0.295958161354,0.139263510704,0.485597163439,-0.29279974103,0.0408068820834,0.488486498594,-0.291373074055,-0.055951192975,0.484668046236,-0.292672097683,-0.158399760723,0.483476787806,-0.295926630497,-0.255862385035,0.480646580458,-0.301754772663,-0.377117067575,0.480715185404,-0.29721313715,-0.367703795433,0.408969074488,-0.1027655527,-0.367703795433
1776811117.38,0.475590825081,-0.306530237198,0.437696665525,0.477576464415,-0.304519534111,0.340604275465,0.48050352931,-0.300687015057,0.240041866899,0.481986194849,-0.295402854681,0.138375863433,0.485251814127,-0.29430103302,0.0419645681977,0.484583109617,-0.289952933788,-0.0593846589327,0.484014779329,-0.292493671179,-0.158561348915,0.48492321372,-0.295373231173,-0.25388866663,0.48075529933,-0.301670670509,-0.377238541842,0.480715185404,-0.29721313715,-0.367703795433,0.408988565207,-0.102768667042,-0.367703795433
1776811117.39,0.47580960393,-0.306219816208,0.437717050314,0.476716607809,-0.305839329958,0.34076577425,0.47948345542,-0.301170736551,0.241459876299,0.482198804617,-0.297567427158,0.140133470297,0.483671694994,-0.294622480869,0.0411791056395,0.4838937819,-0.290913373232,-0.0589389652014,0.482988685369,-0.29239398241,-0.158547610044,0.482719153166,-0.295202106237,-0.255979835987,0.48136177659,-0.301094770432,-0.376731038094,0.480715185404,-0.29721313715,-0.367703795433,0.409010320902,-0.102801024914,-0.367703795433
1776811117.41,0.47615146637,-0.305693328381,0.437720388174,0.476688295603,-0.305972278118,0.340381026268,0.479414016008,-0.301628321409,0.240873754025,0.481382101774,-0.298263669014,0.140573784709,0.48210427165,-0.295776814222,0.0409803166986,0.482399076223,-0.292296677828,-0.0593207776546,0.482363432646,-0.293796509504,-0.15794685483,0.482285410166,-0.295438557863,-0.256718784571,0.481958717108,-0.300205767155,-0.37616288662,0.480715185404,-0.29721313715,-0.367703795433,0.409020215273,-0.102811276913,-0.367703795433
1776811117.42,0.476584464312,-0.305009186268,0.437696039677,0.476498633623,-0.306422054768,0.340053468943,0.478007763624,-0.303677707911,0.24107414484,0.478479117155,-0.301100611687,0.138988628983,0.479942291975,-0.298847645521,0.0406160727143,0.479826301336,-0.295117467642,-0.0598084777594,0.483667939901,-0.296924561262,-0.154796689749,0.482563048601,-0.297070115805,-0.254995435476,0.483420938253,-0.29858392477,-0.376688122749,0.480715185404,-0.29721313715,-0.367703795433,0.409002512693,-0.102786682546,-0.367703795433
1776811117.44,0.477090954781,-0.304217815399,0.437662184238,0.47643199563,-0.306432902813,0.340049892664,0.477621823549,-0.304363697767,0.241008237004,0.477080494165,-0.301790237427,0.138402283192,0.479214996099,-0.301097840071,0.0406021773815,0.478601545095,-0.297358691692,-0.0596855133772,0.483633369207,-0.297492712736,-0.155102610588,0.481610268354,-0.297795504332,-0.255626171827,0.483729988337,-0.29787042737,-0.376984000206,0.480715185404,-0.29721313715,-0.367703795433,0.408313244581,-0.102144740522,-0.367703795433
1776811117.45,0.47760489583,-0.303429543972,0.43763718009,0.476439923048,-0.30648675561,0.339999496937,0.477287858725,-0.305402725935,0.240122944117,0.476031631231,-0.303567707539,0.138097882271,0.477549940348,-0.302957713604,0.0403199493885,0.477511018515,-0.299840986729,-0.0591491758823,0.480074375868,-0.300705373287,-0.157888352871,0.482911914587,-0.297890067101,-0.253845304251,0.484521299601,-0.296791344881,-0.376769483089,0.480715185404,-0.29721313715,-0.367703795433,0.408311635256,-0.102142900229,-0.367703795433
1776811117.47,0.478195101023,-0.302514284849,0.437599390745,0.476480156183,-0.306649893522,0.339575946331,0.476212948561,-0.307239055634,0.241043701768,0.474151283503,-0.306055665016,0.137465596199,0.475688070059,-0.307785630226,0.041648812592,0.477506667376,-0.304958462715,-0.0563880503178,0.475821107626,-0.301998227835,-0.159759730101,0.481885522604,-0.29926225543,-0.253987640142,0.485238164663,-0.295457154512,-0.376466810703,0.480715185404,-0.29721313715,-0.367703795433,0.409000307322,-0.102787740529,-0.367703795433
1776811117.48,0.47886249423,-0.301463007927,0.437546938658,0.476712793112,-0.30659621954,0.339490771294,0.475908905268,-0.30755341053,0.241514191031,0.4735417068,-0.309402316809,0.138360634446,0.473402231932,-0.310442060232,0.0403043329716,0.472707957029,-0.30713275075,-0.0596735775471,0.478208631277,-0.305208832026,-0.155543684959,0.478376299143,-0.299458056688,-0.256941914558,0.486084491014,-0.293823510408,-0.375779181719,0.480715185404,-0.29721313715,-0.367703795433,0.408969253302,-0.102759718895,-0.367703795433
1776811117.5,0.479471117258,-0.300522595644,0.437499314547,0.476947635412,-0.306470155716,0.339537203312,0.475276023149,-0.309610575438,0.240156427026,0.472930938005,-0.310968309641,0.138234555721,0.473397105932,-0.313081741333,0.0416932106018,0.47582051158,-0.310055762529,-0.0558634102345,0.476094692945,-0.308814048767,-0.15631955862,0.478022783995,-0.29995661974,-0.256976127625,0.486536115408,-0.293728381395,-0.375526219606,0.480715185404,-0.29721313715,-0.367703795433,0.408986181021,-0.102779246867,-0.367703795433
1776811117.51,0.479956537485,-0.299763768911,0.437522053719,0.477420955896,-0.306165516376,0.339330941439,0.475758463144,-0.309432268143,0.240275859833,0.472476273775,-0.311877697706,0.138223648071,0.472971886396,-0.314602822065,0.040884450078,0.473923176527,-0.313466966152,-0.0554914623499,0.473513394594,-0.307270109653,-0.159857302904,0.47765776515,-0.300168186426,-0.257227987051,0.486509114504,-0.292664110661,-0.37570977211,0.480715185404,-0.29721313715,-0.367703795433,0.409016877413,-0.102792911232,-0.367703795433
1776811117.53,0.480411022902,-0.299102813005,0.43759599328,0.47745552659,-0.305391311646,0.340659022331,0.475771397352,-0.30981194973,0.239468380809,0.473145037889,-0.312959313393,0.138770163059,0.472732812166,-0.314540445805,0.0407601073384,0.474033147097,-0.313638329506,-0.0553952008486,0.473797291517,-0.307751536369,-0.159526616335,0.477356284857,-0.300209790468,-0.257513225079,0.486533790827,-0.292743116617,-0.375725090504,0.480715185404,-0.29721313715,-0.367703795433,0.408310204744,-0.102137707174,-0.367703795433
1776811117.54,0.480703562498,-0.298746287823,0.437741994858,0.478637963533,-0.304556667805,0.340060085058,0.476509481668,-0.309271037579,0.239615291357,0.473670989275,-0.312204390764,0.138575822115,0.473169237375,-0.314507246017,0.0405846685171,0.471786648035,-0.310701191425,-0.0597593635321,0.476350992918,-0.31056112051,-0.156779587269,0.477655023336,-0.300172656775,-0.257230550051,0.485527187586,-0.292132943869,-0.375975370407,0.480715185404,-0.29721313715,-0.367703795433,0.409018009901,-0.102803371847,-0.367703795433
1776811117.56,0.480833441019,-0.298695892096,0.437932610512,0.479126662016,-0.30401545763,0.340120315552,0.477348834276,-0.307294398546,0.241716712713,0.474339097738,-0.310913205147,0.138322860003,0.473480910063,-0.31280118227,0.0397700592875,0.475522249937,-0.311651021242,-0.0564142018557,0.476659983397,-0.309452801943,-0.156613469124,0.477357715368,-0.299955129623,-0.257320940495,0.48536619544,-0.292447388172,-0.376052081585,0.480715185404,-0.29721313715,-0.367703795433,0.408977538347,-0.102765984833,-0.367703795433
1776811117.57,0.480804890394,-0.298890084028,0.438127964735,0.479745537043,-0.303073644638,0.34002032876,0.47865870595,-0.306508988142,0.239194363356,0.477706104517,-0.308518975973,0.140366613865,0.475373953581,-0.309797912836,0.0393634662032,0.475371927023,-0.307510674,-0.0593838989735,0.475693374872,-0.304424285889,-0.159828156233,0.478658944368,-0.299611628056,-0.256806403399,0.484681993723,-0.293164789677,-0.375825434923,0.480715185404,-0.29721313715,-0.367703795433,0.40899631381,-0.102784968913,-0.367703795433
1776811117.59,0.480666428804,-0.299246460199,0.438312679529,0.480401307344,-0.302541166544,0.340480625629,0.47924849391,-0.305439531803,0.239376112819,0.478966921568,-0.306867867708,0.1405377388,0.477787047625,-0.308739632368,0.0408539697528,0.476455956697,-0.305984169245,-0.0598305016756,0.477391511202,-0.304335594177,-0.159106642008,0.479009658098,-0.299187660217,-0.25662624836,0.484470933676,-0.293322533369,-0.376047432423,0.480715185404,-0.29721313715,-0.367703795433,0.40900221467,-0.102788105607,-0.367703795433
1776811117.6,0.480469167233,-0.299638330936,0.438414633274,0.480993777514,-0.301949977875,0.341312348843,0.481446892023,-0.302123576403,0.241610854864,0.481166452169,-0.303533494473,0.142871558666,0.479999154806,-0.303614854813,0.0399411097169,0.479851454496,-0.302602559328,-0.0587402880192,0.482199698687,-0.301918327808,-0.155005574226,0.483413785696,-0.298009544611,-0.253601878881,0.483223110437,-0.294643044472,-0.376141309738,0.480715185404,-0.29721313715,-0.367703795433,0.408979028463,-0.102772809565,-0.367703795433
1776811117.62,0.48008492589,-0.300300270319,0.438523620367,0.481495708227,-0.301372051239,0.340833902359,0.482387751341,-0.301781177521,0.239910513163,0.481385618448,-0.301399976015,0.138567626476,0.482578784227,-0.301974952221,0.0411549806595,0.480149775743,-0.299346357584,-0.0596933662891,0.48206076026,-0.300934225321,-0.157700508833,0.481075257063,-0.297694146633,-0.256338894367,0.482609897852,-0.296180009842,-0.376075923443,0.480715185404,-0.29721313715,-0.367703795433,0.409010261297,-0.102800153196,-0.367703795433
1776811117.63,0.479686379433,-0.300919145346,0.438585460186,0.481805413961,-0.301045268774,0.340948045254,0.482989042997,-0.300347685814,0.240733101964,0.482820540667,-0.299397915602,0.138822734356,0.484108775854,-0.299898952246,0.0415347889066,0.484491378069,-0.298605322838,-0.0558205991983,0.481961518526,-0.301117449999,-0.150412112474,0.481661170721,-0.296773523092,-0.255469977856,0.481801480055,-0.296621918678,-0.37657007575,0.480715185404,-0.29721313715,-0.367703795433,0.408989697695,-0.102794453502,-0.367703795433
1776811117.65,0.479340583086,-0.301429361105,0.438603907824,0.482219666243,-0.300818264484,0.340872853994,0.484220653772,-0.298463702202,0.240413442254,0.484225541353,-0.295789062977,0.139107346535,0.486486524343,-0.295528590679,0.0419938638806,0.484850257635,-0.29262816906,-0.0588534921408,0.483384221792,-0.294027209282,-0.157643526793,0.482174664736,-0.294665366411,-0.256370961666,0.480589181185,-0.297856688499,-0.376516252756,0.480715185404,-0.29721313715,-0.367703795433,0.408342272043,-0.102200686932,-0.367703795433
1776811117.66,0.479111850262,-0.30178630352,0.438632100821,0.482147306204,-0.300658166409,0.340938955545,0.484966427088,-0.296909600496,0.241140887141,0.487393647432,-0.293019831181,0.14271363616,0.488351911306,-0.291786909103,0.0421945974231,0.488846927881,-0.290154546499,-0.0560077577829,0.487823277712,-0.291470736265,-0.154214650393,0.483260065317,-0.293667107821,-0.255179703236,0.478603333235,-0.298190593719,-0.377074718475,0.480715185404,-0.29721313715,-0.367703795433,0.409005135298,-0.102797716856,-0.367703795433
1776811117.68,0.478966623545,-0.302008241415,0.438674986362,0.4820715487,-0.300670236349,0.34103795886,0.485078245401,-0.296542078257,0.241112202406,0.487924903631,-0.292143791914,0.142188325524,0.488785892725,-0.290397852659,0.0420335158706,0.490694731474,-0.28863927722,-0.0549901723862,0.48556765914,-0.289604842663,-0.157910764217,0.483748584986,-0.293280005455,-0.254838466644,0.479064315557,-0.299084812403,-0.376181274652,0.480715185404,-0.29721313715,-0.367703795433,0.408981651068,-0.10276786238,-0.367703795433
1776811117.69,0.478954136372,-0.302010834217,0.438722461462,0.481626838446,-0.300692766905,0.340891301632,0.484609693289,-0.296400725842,0.240655317903,0.486279755831,-0.290863782167,0.139241233468,0.490294843912,-0.287983506918,0.0436243116856,0.488470464945,-0.285860776901,-0.0575279444456,0.485696643591,-0.289079338312,-0.15688586235,0.483925491571,-0.292855381966,-0.254319638014,0.478862971067,-0.299723535776,-0.375480115414,0.480715185404,-0.29721313715,-0.367703795433,0.408958703279,-0.102791689336,-0.367703795433
1776811117.71,0.479056298733,-0.30181992054,0.438790619373,0.481306105852,-0.301002472639,0.340605556965,0.484775990248,-0.296031951904,0.241185814142,0.486065477133,-0.290735065937,0.139437317848,0.488437086344,-0.287897408009,0.041612431407,0.490700334311,-0.286252439022,-0.0542028844357,0.485293418169,-0.288840085268,-0.157230138779,0.483939677477,-0.292887508869,-0.254253745079,0.478809386492,-0.299745798111,-0.375621795654,0.480715185404,-0.29721313715,-0.367703795433,0.408283442259,-0.102104894817,-0.367703795433
1776811117.72,0.479200184345,-0.301533907652,0.438854932785,0.481094330549,-0.300875723362,0.341233491898,0.484086662531,-0.296621710062,0.240470916033,0.484966486692,-0.290946155787,0.139074161649,0.487989395857,-0.2902354002,0.0432455316186,0.488889545202,-0.287481814623,-0.0553612858057,0.484752386808,-0.289132922888,-0.157136201859,0.483833223581,-0.29424738884,-0.253022253513,0.478790611029,-0.299549460411,-0.375781059265,0.480715185404,-0.29721313715,-0.367703795433,0.408329755068,-0.102150298655,-0.367703795433
1776811117.74,0.479338407516,-0.301112890244,0.438914120197,0.480767041445,-0.301070570946,0.341936349869,0.483518749475,-0.296666204929,0.24138905108,0.48401710391,-0.291450113058,0.139169037342,0.486019939184,-0.289642602205,0.041109085083,0.486061066389,-0.287543267012,-0.0573148280382,0.484466999769,-0.289839982986,-0.157413423061,0.482636839151,-0.293256253004,-0.255024671555,0.47924014926,-0.29960089922,-0.375555425882,0.480715185404,-0.29721313715,-0.367703795433,0.409013003111,-0.102800264955,-0.367703795433
1776811117.75,0.479411691427,-0.300492227077,0.438906043768,0.48083910346,-0.300965845585,0.341491878033,0.482755511999,-0.298026055098,0.241452217102,0.482513099909,-0.294203877449,0.139311358333,0.484418004751,-0.294473469257,0.0430440157652,0.483342140913,-0.290334135294,-0.0580261200666,0.482025355101,-0.292004466057,-0.15836456418,0.482460528612,-0.295181214809,-0.25440710783,0.47934833169,-0.298825025558,-0.376529991627,0.480715185404,-0.29721313715,-0.367703795433,0.409006565809,-0.102795816958,-0.367703795433
1776811117.77,0.479378759861,-0.29993018508,0.438844442368,0.480597645044,-0.301174044609,0.341329246759,0.481942743063,-0.298589736223,0.242195576429,0.480805665255,-0.295438140631,0.138753458858,0.482977360487,-0.296207815409,0.0431649163365,0.485011667013,-0.293347656727,-0.0544854998589,0.48261782527,-0.295548200607,-0.156723469496,0.481422752142,-0.295325577259,-0.255022764206,0.480354219675,-0.298379331827,-0.375759780407,0.480715185404,-0.29721313715,-0.367703795433,0.408978313208,-0.102810978889,-0.367703795433
1776811117.78,0.479245275259,-0.299166172743,0.438700139523,0.480321615934,-0.301445871592,0.34123930335,0.480540245771,-0.300806492567,0.240446195006,0.480721026659,-0.299391269684,0.141303032637,0.479829341173,-0.299067497253,0.0415991991758,0.478746801615,-0.297014534473,-0.0580707937479,0.482446879148,-0.297432303429,-0.154197365046,0.480055421591,-0.297117710114,-0.254824459553,0.480747669935,-0.296687781811,-0.376589775085,0.480715185404,-0.29721313715,-0.367703795433,0.408984690905,-0.102775365114,-0.367703795433
1776811117.8,0.479042947292,-0.298300087452,0.438462078571,0.480321615934,-0.301445871592,0.34123930335,0.480540245771,-0.300806492567,0.240446195006,0.480721026659,-0.299391269684,0.141303032637,0.479829341173,-0.299067497253,0.0415991991758,0.478746801615,-0.297014534473,-0.0580707937479,0.482446879148,-0.297432303429,-0.154197365046,0.480055421591,-0.297117710114,-0.254824459553,0.480747669935,-0.296687781811,-0.376589775085,0.480715185404,-0.29721313715,-0.367703795433,0.408980935812,-0.102764733136,-0.367703795433
1776811117.81,0.478792130947,-0.297282844782,0.438235014677,0.479546159506,-0.301811218262,0.341049045324,0.479195028543,-0.302724510431,0.24089807272,0.477492660284,-0.303528636694,0.13991305232,0.476826041937,-0.303774684668,0.0410397946835,0.477873593569,-0.302766412497,-0.0554018765688,0.475903719664,-0.300756305456,-0.158076018095,0.477781027555,-0.297989428043,-0.256623625755,0.482498854399,-0.29578268528,-0.375465601683,0.480715185404,-0.29721313715,-0.367703795433,0.409003645182,-0.102789625525,-0.367703795433
1776811117.83,0.478528380394,-0.296341210604,0.438022553921,0.478579968214,-0.301877677441,0.340929925442,0.477546602488,-0.304892957211,0.240434467793,0.475295931101,-0.306502908468,0.139334872365,0.475125223398,-0.308420807123,0.0417114794254,0.473386198282,-0.30486446619,-0.0592351257801,0.474678248167,-0.303957402706,-0.158331632614,0.476965337992,-0.299066692591,-0.256924986839,0.483336120844,-0.294648915529,-0.375737667084,0.480715185404,-0.29721313715,-0.367703795433,0.408996134996,-0.102785736322,-0.367703795433
1776811117.84,0.478241056204,-0.295279026031,0.437801778316,0.477700978518,-0.301986336708,0.340176314116,0.476804941893,-0.305036604404,0.241064086556,0.473848551512,-0.30737683177,0.139092057943,0.472827225924,-0.308490902185,0.0399864166975,0.476089984179,-0.30758035183,-0.0548749119043,0.477513760328,-0.305817693472,-0.154566884041,0.480557411909,-0.300018161535,-0.253342032433,0.483367532492,-0.293951123953,-0.37569501996,0.480715185404,-0.29721313715,-0.367703795433,0.409764021635,-0.103818289936,-0.367703795433
1776811117.86,0.477986395359,-0.294222146273,0.437615841627,0.477700978518,-0.301986336708,0.340176314116,0.476804941893,-0.305036604404,0.241064086556,0.473848551512,-0.30737683177,0.139092057943,0.472827225924,-0.308490902185,0.0399864166975,0.476089984179,-0.30758035183,-0.0548749119043,0.477513760328,-0.305817693472,-0.154566884041,0.480557411909,-0.300018161535,-0.253342032433,0.483367532492,-0.293951123953,-0.37569501996,0.480715185404,-0.29721313715,-0.367703795433,0.409683853388,-0.103754848242,-0.367703795433
1776811117.87,0.477806389332,-0.293254524469,0.437506943941,0.475877016783,-0.300323694944,0.340899795294,0.474425882101,-0.305468708277,0.240651100874,0.471930414438,-0.309883087873,0.139142841101,0.472192496061,-0.312914967537,0.0415224805474,0.471499294043,-0.310430794954,-0.059048846364,0.476844578981,-0.309182405472,-0.155797183514,0.480215281248,-0.301969528198,-0.253259569407,0.483550995588,-0.293678313494,-0.375872373581,0.480715185404,-0.29721313715,-0.367703795433,0.408145993948,-0.102174341679,-0.367703795433
1776811117.89,0.47772231698,-0.292433083057,0.437560290098,0.475813597441,-0.299645483494,0.340257704258,0.474542886019,-0.305115401745,0.241058886051,0.472575098276,-0.309319883585,0.140143752098,0.472264736891,-0.312930375338,0.0414602160454,0.472114294767,-0.310448527336,-0.0588509738445,0.47701767087,-0.308884143829,-0.15579238534,0.477991789579,-0.303007781506,-0.255991965532,0.483291000128,-0.293722093105,-0.37589263916,0.480715185404,-0.29721313715,-0.367703795433,0.408150702715,-0.102085784078,-0.367703795433
1776811117.9,0.477734297514,-0.291845649481,0.437754809856,0.475555211306,-0.297920614481,0.339301198721,0.474014371634,-0.302999973297,0.240882515907,0.471868783236,-0.307415097952,0.138726651669,0.472804933786,-0.310876429081,0.0413646101952,0.475685566664,-0.310099363327,-0.0557795464993,0.47543528676,-0.308254390955,-0.157550126314,0.477823466063,-0.302717655897,-0.256156086922,0.482562333345,-0.294952362776,-0.375835418701,0.480715185404,-0.29721313715,-0.367703795433,0.408861190081,-0.102816447616,-0.367703795433
1776811117.92,0.477842241526,-0.291522830725,0.438059717417,0.475801616907,-0.296589046717,0.339827060699,0.474444359541,-0.302104711533,0.239476978779,0.472556263208,-0.305891662836,0.138636797667,0.473165720701,-0.310047894716,0.0422418937087,0.474849134684,-0.308499842882,-0.0564937889576,0.474138766527,-0.306440293789,-0.158653795719,0.477858752012,-0.302165687084,-0.256190806627,0.482327908278,-0.295520067215,-0.375868886709,0.480715185404,-0.29721313715,-0.367703795433,0.408861547709,-0.102812796831,-0.367703795433
1776811117.93,0.478015750647,-0.29146361351,0.438522309065,0.476228743792,-0.295159518719,0.339716523886,0.47541102767,-0.299074441195,0.239614352584,0.475346237421,-0.302318453789,0.140401631594,0.474890440702,-0.305975437164,0.042346291244,0.476126939058,-0.305463522673,-0.0560301244259,0.474484235048,-0.303640812635,-0.158507496119,0.480451673269,-0.299874663353,-0.253581941128,0.481983453035,-0.296284198761,-0.375859230757,0.480715185404,-0.29721313715,-0.367703795433,0.408879309893,-0.102822594345,-0.367703795433
1776811117.95,0.478204220533,-0.291715115309,0.439010888338,0.476568609476,-0.294446736574,0.339780271053,0.476702064276,-0.296640694141,0.241125136614,0.476378649473,-0.300065398216,0.141203507781,0.475739568472,-0.302540153265,0.0413307249546,0.474966913462,-0.30173817277,-0.0584583729506,0.47707721591,-0.303190410137,-0.157983005047,0.479805082083,-0.300483494997,-0.254736930132,0.481483608484,-0.297211110592,-0.375943809748,0.480715185404,-0.29721313715,-0.367703795433,0.408861368895,-0.10280842334,-0.367703795433
1776811117.96,0.478395432234,-0.2920999825,0.439443647861,0.477439969778,-0.293025612831,0.340768456459,0.477711111307,-0.294105142355,0.241948470473,0.477850824594,-0.294859945774,0.14101678133,0.47689601779,-0.296910077333,0.0412778630853,0.478487223387,-0.297429651022,-0.0557281374931,0.476079434156,-0.297806352377,-0.157937288284,0.477631241083,-0.298203378916,-0.256036490202,0.479876250029,-0.29890447855,-0.375802308321,0.480715185404,-0.29721313715,-0.367703795433,0.409004718065,-0.102831371129,-0.367703795433
1776811117.98,0.478771835566,-0.292919516563,0.440022647381,0.477732211351,-0.292491167784,0.341994404793,0.47853538394,-0.291920632124,0.242744415998,0.477420717478,-0.292804002762,0.139662906528,0.478447824717,-0.2955108881,0.0431440249085,0.480476349592,-0.294084370136,-0.0543653964996,0.475981801748,-0.296062588692,-0.158469617367,0.477279514074,-0.296782284975,-0.256268650293,0.479106396437,-0.29993647337,-0.376036316156,0.480715185404,-0.29721313715,-0.367703795433,0.408973306417,-0.102764047682,-0.367703795433
1776811117.99,0.479084670544,-0.293568998575,0.440394639969,0.478301078081,-0.291817337275,0.342218756676,0.479055672884,-0.291472792625,0.241394788027,0.477890044451,-0.289811581373,0.139452531934,0.480018824339,-0.291601628065,0.0440862178802,0.481200188398,-0.291887402534,-0.0543011724949,0.477522999048,-0.294491499662,-0.156887859106,0.477887064219,-0.296253919601,-0.254813671112,0.479176729918,-0.300798982382,-0.375122189522,0.480715185404,-0.29721313715,-0.367703795433,0.408982306719,-0.102762192488,-0.367703795433
1776811118.01,0.479586362839,-0.29456192255,0.440855443478,0.479381948709,-0.291578620672,0.342173457146,0.479856878519,-0.289584189653,0.241274639964,0.48121508956,-0.286954760551,0.14326992631,0.481057673693,-0.287470787764,0.0431841462851,0.479556888342,-0.285503655672,-0.0573428124189,0.478243976831,-0.289890170097,-0.15678575635,0.479229658842,-0.295158445835,-0.25378125906,0.477766126394,-0.302350461483,-0.374301344156,0.480715185404,-0.29721313715,-0.367703795433,0.409003287554,-0.102789856493,-0.367703795433
1776811118.02,0.480089843273,-0.295552402735,0.441258907318,0.48021325469,-0.291721940041,0.34283182025,0.481456488371,-0.288073241711,0.243101596832,0.480748325586,-0.28412681818,0.141147822142,0.481991618872,-0.283796548843,0.0439326018095,0.481219619513,-0.282744109631,-0.0559338778257,0.479883521795,-0.287213772535,-0.155864357948,0.479393869638,-0.293746590614,-0.252385258675,0.476881355047,-0.303457438946,-0.373544573784,0.480715185404,-0.29721313715,-0.367703795433,0.408313959837,-0.102145195007,-0.367703795433
1776811118.04,0.48055177927,-0.29636400938,0.441563367844,0.480711907148,-0.291983544827,0.343079090118,0.481537252665,-0.288140892982,0.242637947202,0.481239110231,-0.283799290657,0.141659989953,0.482886642218,-0.283998072147,0.0455128550529,0.480949670076,-0.281826645136,-0.0555664151907,0.48003706336,-0.286587238312,-0.155646979809,0.479454308748,-0.293247550726,-0.25194478035,0.475996822119,-0.303365707397,-0.373358875513,0.480715185404,-0.29721313715,-0.367703795433,0.4090038836,-0.102792844176,-0.367703795433
1776811118.05,0.481021761894,-0.297100573778,0.44171744585,0.481197685003,-0.293483138084,0.344529390335,0.48272523284,-0.288223177195,0.244100823998,0.482061594725,-0.282997369766,0.141829177737,0.483200103045,-0.282039493322,0.0445211678743,0.481692999601,-0.280014276505,-0.0552481859922,0.482433825731,-0.286578983068,-0.151879012585,0.479649215937,-0.293171733618,-0.251334875822,0.475394457579,-0.302910238504,-0.372992068529,0.480715185404,-0.29721313715,-0.367703795433,0.409001678228,-0.102787390351,-0.367703795433
1776811118.07,0.481484830379,-0.29766830802,0.441714555025,0.481754153967,-0.293906033039,0.34405502677,0.482682496309,-0.289398491383,0.243364363909,0.484030455351,-0.284123688936,0.144942089915,0.483300894499,-0.28220257163,0.0444951355457,0.481692999601,-0.280014276505,-0.0552481859922,0.482470840216,-0.286637037992,-0.151605665684,0.479603618383,-0.293194204569,-0.251284718513,0.475370198488,-0.302945375443,-0.372364282608,0.480715185404,-0.29721313715,-0.367703795433,0.408330410719,-0.102177292109,-0.367703795433
1776811118.08,0.481934905052,-0.298004806042,0.441582351923,0.482653468847,-0.295468539,0.344165682793,0.483469694853,-0.290682405233,0.245141342282,0.482107669115,-0.28539827466,0.141820475459,0.483692616224,-0.284326434135,0.0451506972313,0.485507577658,-0.282869398594,-0.0508501082659,0.479717820883,-0.287125736475,-0.154070317745,0.478995710611,-0.293357402086,-0.250994741917,0.475396126509,-0.302524775267,-0.372628360987,0.480715185404,-0.29721313715,-0.367703795433,0.409010082483,-0.102799721062,-0.367703795433
1776811118.1,0.482345014811,-0.298090577126,0.441324591637,0.482831865549,-0.2960524261,0.343968957663,0.483591943979,-0.292283773422,0.243443563581,0.482843369246,-0.287261128426,0.14230453968,0.48390892148,-0.287712872028,0.0460468456149,0.481470614672,-0.284068524837,-0.0552081465721,0.480737358332,-0.28958556056,-0.153308659792,0.4786721766,-0.293870449066,-0.251050680876,0.475458294153,-0.302245676517,-0.372630953789,0.480715185404,-0.29721313715,-0.367703795433,0.408977657557,-0.102766215801,-0.367703795433
1776811118.11,0.482735186815,-0.297932386398,0.44096699357,0.483255177736,-0.297779798508,0.34396469593,0.483920425177,-0.294992417097,0.244048580527,0.482979089022,-0.291397243738,0.142185270786,0.483313173056,-0.290832966566,0.0449724048376,0.483708947897,-0.289286911488,-0.0519286692142,0.480312913656,-0.292746454477,-0.153389960527,0.476922482252,-0.294249385595,-0.252606958151,0.475937634706,-0.300167679787,-0.372663706541,0.480715185404,-0.29721313715,-0.367703795433,0.408963531256,-0.102760232985,-0.367703795433
1776811118.13,0.483068585396,-0.297535836697,0.440600275993,0.483065992594,-0.29844635725,0.343614041805,0.483447760344,-0.29681044817,0.24423225224,0.482422441244,-0.294269323349,0.141970157623,0.482357650995,-0.293570458889,0.0442689284682,0.479587644339,-0.290900737047,-0.0560594648123,0.481876403093,-0.293102890253,-0.151575952768,0.478045910597,-0.295715689659,-0.25185328722,0.476102083921,-0.299397557974,-0.372741222382,0.480715185404,-0.29721313715,-0.367703795433,0.408972650766,-0.10279648006,-0.367703795433
1776811118.14,0.483325898647,-0.297112852335,0.440323233604,0.483118981123,-0.29975232482,0.343222826719,0.48295083642,-0.299525856972,0.243983566761,0.48114195466,-0.29853785038,0.140853986144,0.482043117285,-0.301076173782,0.0452142059803,0.479549735785,-0.296947956085,-0.0558380484581,0.476938694715,-0.297186374664,-0.155540794134,0.478507906199,-0.297033727169,-0.252521783113,0.476467221975,-0.297699481249,-0.373441070318,0.480715185404,-0.29721313715,-0.367703795433,0.409014433622,-0.102811396122,-0.367703795433
1776811118.16,0.48392945528,-0.296072512865,0.439887940884,0.483064204454,-0.300400584936,0.343107044697,0.482593744993,-0.301506638527,0.244011744857,0.480690509081,-0.300988435745,0.14056378603,0.480730205774,-0.302428752184,0.0437626317143,0.481767743826,-0.300260543823,-0.0522964000702,0.481035917997,-0.298975080252,-0.152592748404,0.477180808783,-0.298674613237,-0.253965288401,0.476692229509,-0.29655662179,-0.373354464769,0.480715185404,-0.29721313715,-0.367703795433,0.408845812082,-0.102806009352,-0.367703795433
1776811118.17,0.48440143466,-0.295235067606,0.439664781094,0.482821553946,-0.30116429925,0.341938763857,0.481992393732,-0.304522871971,0.241984173656,0.480149954557,-0.306378155947,0.140666246414,0.479814082384,-0.307718962431,0.0428076609969,0.477660387754,-0.305153518915,-0.0571130663157,0.476005345583,-0.303192794323,-0.156955868006,0.479213863611,-0.298807382584,-0.251267671585,0.477015405893,-0.294968098402,-0.373743116856,0.480715185404,-0.29721313715,-0.367703795433,0.408853441477,-0.102804690599,-0.367703795433
1776811118.19,0.48494464159,-0.294249653816,0.439476490021,0.482821553946,-0.30116429925,0.341938763857,0.481992393732,-0.304522871971,0.241984173656,0.480149954557,-0.306378155947,0.140666246414,0.479814082384,-0.307718962431,0.0428076609969,0.477660387754,-0.305153518915,-0.0571130663157,0.476005345583,-0.303192794323,-0.156955868006,0.479213863611,-0.298807382584,-0.251267671585,0.477015405893,-0.294968098402,-0.373743116856,0.480715185404,-0.29721313715,-0.367703795433,0.40965077281,-0.103733181953,-0.367703795433
1776811118.2,0.485644549131,-0.292984336615,0.439351320267,0.483009845018,-0.301394820213,0.341705203056,0.481975406408,-0.305816709995,0.242532789707,0.478405326605,-0.309258759022,0.140030115843,0.479182451963,-0.313347905874,0.0425762683153,0.477057427168,-0.309498220682,-0.057253241539,0.475093871355,-0.306720256805,-0.15731972456,0.478707700968,-0.300690203905,-0.2514539361,0.477287501097,-0.293013334274,-0.373507559299,0.480715185404,-0.29721313715,-0.367703795433,0.409549981356,-0.103678368032,-0.367703795433
1776811118.22,0.486213177443,-0.291981160641,0.439295083284,0.483009845018,-0.301394820213,0.341705203056,0.481975406408,-0.305816709995,0.242532789707,0.478405326605,-0.309258759022,0.140030115843,0.479182451963,-0.313347905874,0.0425762683153,0.477057427168,-0.309498220682,-0.057253241539,0.475093871355,-0.306720256805,-0.15731972456,0.478707700968,-0.300690203905,-0.2514539361,0.477287501097,-0.293013334274,-0.373507559299,0.480715185404,-0.29721313715,-0.367703795433,0.409531980753,-0.103682987392,-0.367703795433
1776811118.23,0.486694216728,-0.291197836399,0.439333707094,0.483009845018,-0.301394820213,0.341705203056,0.481975406408,-0.305816709995,0.242532789707,0.478405326605,-0.309258759022,0.140030115843,0.479182451963,-0.313347905874,0.0425762683153,0.477057427168,-0.309498220682,-0.057253241539,0.475093871355,-0.306720256805,-0.15731972456,0.478707700968,-0.300690203905,-0.2514539361,0.477287501097,-0.293013334274,-0.373507559299,0.480715185404,-0.29721313715,-0.367703795433,0.409587949514,-0.103771016002,-0.367703795433
1776811118.25,0.487012714148,-0.29074087739,0.439404308796,0.48459854722,-0.299174875021,0.342056155205,0.482269138098,-0.30595895648,0.243319422007,0.478864043951,-0.311685711145,0.140954136848,0.477844268084,-0.31569892168,0.0434149876237,0.478019207716,-0.313946127892,-0.0534561723471,0.473687142134,-0.309198498726,-0.157530069351,0.478077381849,-0.301508724689,-0.251327902079,0.478359669447,-0.291113525629,-0.373264312744,0.480715185404,-0.29721313715,-0.367703795433,0.408848851919,-0.102800101042,-0.367703795433
1776811118.26,0.487187325954,-0.290599882603,0.439546763897,0.485296934843,-0.297474622726,0.340996176004,0.482765704393,-0.304745525122,0.242482468486,0.479782015085,-0.309417515993,0.140841886401,0.477815419436,-0.31285905838,0.043187148869,0.478553146124,-0.312015980482,-0.0539524555206,0.47757384181,-0.308012872934,-0.153033077717,0.475939244032,-0.301771551371,-0.254155814648,0.478550046682,-0.291301161051,-0.374165385962,0.480715185404,-0.29721313715,-0.367703795433,0.408884972334,-0.102811820805,-0.367703795433
1776811118.28,0.487159758806,-0.29083019495,0.439717799425,0.485600024462,-0.296834915876,0.341206610203,0.483392328024,-0.301885187626,0.243700951338,0.480586022139,-0.307851821184,0.141046479344,0.47963270545,-0.310720324516,0.0448300912976,0.475246697664,-0.308526098728,-0.0575505048037,0.474433928728,-0.306113839149,-0.157302886248,0.475883215666,-0.301074624062,-0.254444360733,0.478555470705,-0.291600286961,-0.374264091253,0.480715185404,-0.29721313715,-0.367703795433,0.408912688494,-0.102832496166,-0.367703795433
1776811118.29,0.486995607615,-0.291305154562,0.439866632223,0.486002117395,-0.29616689682,0.341882944107,0.48370423913,-0.301059603691,0.241145521402,0.480819970369,-0.305104672909,0.140667840838,0.478989690542,-0.309045672417,0.043996937573,0.475261062384,-0.30666166544,-0.0577476322651,0.473924189806,-0.304546415806,-0.157673865557,0.4786503613,-0.298998475075,-0.251744449139,0.478309839964,-0.292388826609,-0.374372929335,0.480715185404,-0.29721313715,-0.367703795433,0.40887799859,-0.102816276252,-0.367703795433
1776811118.31,0.486523151398,-0.292373865843,0.440070778131,0.486365705729,-0.294391930103,0.341916263103,0.484585493803,-0.297616332769,0.241387605667,0.48310777545,-0.299997538328,0.143054947257,0.479825407267,-0.301981300116,0.0424647629261,0.476971179247,-0.300594329834,-0.0586263984442,0.477488845587,-0.302022218704,-0.155846685171,0.479458004236,-0.297113478184,-0.251715570688,0.477788418531,-0.29426330328,-0.375068366528,0.480715185404,-0.29721313715,-0.367703795433,0.408851772547,-0.102834053338,-0.367703795433
1776811118.32,0.485786527395,-0.293831706047,0.440216183662,0.486582428217,-0.293572455645,0.342130541801,0.485152572393,-0.294505149126,0.241401553154,0.48286446929,-0.29433876276,0.140673235059,0.482054799795,-0.295982778072,0.0430407449603,0.482101947069,-0.294986724854,-0.0537881106138,0.47703781724,-0.295355200768,-0.157210946083,0.477774888277,-0.295429646969,-0.254129588604,0.477607220411,-0.296218663454,-0.374456495047,0.480715185404,-0.29721313715,-0.367703795433,0.409014195204,-0.10280174762,-0.367703795433
1776811118.34,0.484841704369,-0.295532763004,0.440282225609,0.486582428217,-0.293572455645,0.342130541801,0.485152572393,-0.294505149126,0.241401553154,0.48286446929,-0.29433876276,0.140673235059,0.482054799795,-0.295982778072,0.0430407449603,0.482101947069,-0.294986724854,-0.0537881106138,0.47703781724,-0.295355200768,-0.157210946083,0.477774888277,-0.295429646969,-0.254129588604,0.477607220411,-0.296218663454,-0.374456495047,0.480715185404,-0.29721313715,-0.367703795433,0.408337920904,-0.102197192609,-0.367703795433
1776811118.35,0.483550041914,-0.297670632601,0.440267771482,0.486351162195,-0.292764514685,0.342371672392,0.486160367727,-0.290032655001,0.241401165724,0.485109418631,-0.287088483572,0.140817403793,0.484292119741,-0.285996705294,0.0429413318634,0.484072774649,-0.286601424217,-0.05516718328,0.479870349169,-0.287727862597,-0.156680315733,0.479853659868,-0.292588979006,-0.25289568305,0.477112740278,-0.298083871603,-0.37421002984,0.480715185404,-0.29721313715,-0.367703795433,0.408960491419,-0.102753773332,-0.367703795433
1776811118.37,0.482253432274,-0.299727797508,0.440215080976,0.486212700605,-0.292995274067,0.342377126217,0.487022072077,-0.288180083036,0.24319922924,0.484902113676,-0.284677654505,0.140402317047,0.485443323851,-0.283651947975,0.0432223528624,0.483702749014,-0.28215110302,-0.0562872290611,0.481150001287,-0.286346822977,-0.155579000711,0.480108886957,-0.291143417358,-0.253102093935,0.476624578238,-0.298930644989,-0.373896896839,0.480715185404,-0.29721313715,-0.367703795433,0.408979147673,-0.10277312994,-0.367703795433
1776811118.38,0.48082986474,-0.301963120699,0.440153568983,0.485082298517,-0.294107496738,0.343179881573,0.486903697252,-0.287330746651,0.243009671569,0.486082106829,-0.282043665648,0.141342967749,0.487276285887,-0.280821561813,0.0448421612382,0.484826058149,-0.278059720993,-0.0562731176615,0.482369452715,-0.28242868185,-0.156066715717,0.482049494982,-0.289263933897,-0.250767081976,0.47667452693,-0.299828916788,-0.373086988926,0.480715185404,-0.29721313715,-0.367703795433,0.408974438906,-0.102763094008,-0.367703795433
1776811118.4,0.479665607214,-0.303755998611,0.440090179443,0.484680622816,-0.294631719589,0.342436075211,0.486254602671,-0.288090318441,0.241967812181,0.486917108297,-0.281493663788,0.141456931829,0.487874418497,-0.280124217272,0.0451412200928,0.487485200167,-0.278114080429,-0.0529343634844,0.482752114534,-0.281610578299,-0.155520439148,0.481096833944,-0.288947254419,-0.252400249243,0.476528614759,-0.299766927958,-0.373280763626,0.480715185404,-0.29721313715,-0.367703795433,0.409002095461,-0.102787539363,-0.367703795433
1776811118.41,0.477543801069,-0.306886464357,0.43990957737,0.483091324568,-0.297019630671,0.342812091112,0.485236257315,-0.289240866899,0.241629630327,0.488101392984,-0.281354427338,0.143616735935,0.488341122866,-0.279022872448,0.0453754290938,0.485929340124,-0.275122463703,-0.0561548024416,0.48394587636,-0.281158477068,-0.154546350241,0.482291072607,-0.288399904966,-0.251715093851,0.476876825094,-0.299452960491,-0.373167574406,0.480715185404,-0.29721313715,-0.367703795433,0.409007698298,-0.102802686393,-0.367703795433
1776811118.43,0.476198405027,-0.308782845736,0.439704716206,0.48207578063,-0.298623800278,0.342743128538,0.485067337751,-0.289654165506,0.243865832686,0.486088365316,-0.282312691212,0.141788691282,0.488192647696,-0.279621064663,0.0454376265407,0.486273676157,-0.27555719018,-0.0561245530844,0.484237641096,-0.281301289797,-0.154639750719,0.483774811029,-0.288087338209,-0.250219374895,0.477706879377,-0.29927778244,-0.372830212116,0.480715185404,-0.29721313715,-0.367703795433,0.408314853907,-0.102144517004,-0.367703795433
1776811118.44,0.474871844053,-0.310557723045,0.439411312342,0.479784756899,-0.301725149155,0.342457175255,0.482869535685,-0.293682783842,0.242342427373,0.484052807093,-0.285003066063,0.14082442224,0.48644682765,-0.280921906233,0.0433235615492,0.485787004232,-0.278640389442,-0.0559831559658,0.484356492758,-0.282748043537,-0.155355840921,0.483947664499,-0.288338124752,-0.250766158104,0.478426486254,-0.298325330019,-0.373178184032,0.480715185404,-0.29721313715,-0.367703795433,0.408971518278,-0.1027739048,-0.367703795433
1776811118.46,0.473883062601,-0.311771452427,0.439089953899,0.477585762739,-0.305231660604,0.342296123505,0.48088774085,-0.297463536263,0.24290573597,0.482214063406,-0.290332406759,0.140682727098,0.485115736723,-0.286290675402,0.0431514903903,0.484475404024,-0.282172232866,-0.0573282688856,0.484963327646,-0.286244481802,-0.154333680868,0.483537703753,-0.289648026228,-0.252762645483,0.479606479406,-0.296219110489,-0.374691903591,0.480715185404,-0.29721313715,-0.367703795433,0.408967524767,-0.102756559849,-0.367703795433
1776811118.47,0.47328543663,-0.312370628119,0.438801139593,0.475904136896,-0.307272076607,0.342811286449,0.479899734259,-0.299877613783,0.24267911911,0.480536311865,-0.293324828148,0.139856860042,0.483557909727,-0.289918899536,0.0424562618136,0.483627051115,-0.285527706146,-0.0572566241026,0.483051031828,-0.287490844727,-0.156533569098,0.484716266394,-0.290237754583,-0.250963181257,0.48019656539,-0.2952888906,-0.37462630868,0.480715185404,-0.29721313715,-0.367703795433,0.408949047327,-0.102753780782,-0.367703795433
1776811118.49,0.472869575024,-0.312509655952,0.43838635087,0.475228101015,-0.308703452349,0.341895461082,0.47801271081,-0.3037365973,0.241594865918,0.479343861341,-0.297572731972,0.14032690227,0.481700569391,-0.293239146471,0.0418835580349,0.484975367785,-0.290685802698,-0.0543313473463,0.482060819864,-0.289622962475,-0.157087385654,0.482103794813,-0.290532171726,-0.254622817039,0.481452316046,-0.294708222151,-0.374836862087,0.480715185404,-0.29721313715,-0.367703795433,0.408993810415,-0.102776102722,-0.367703795433
1776811118.5,0.472814440727,-0.312066555023,0.438006937504,0.473656922579,-0.311590522528,0.341372847557,0.475480526686,-0.308812260628,0.241724610329,0.476882606745,-0.305204063654,0.140157520771,0.480620354414,-0.301740318537,0.0440886840224,0.479740291834,-0.296691566706,-0.0584065467119,0.484531968832,-0.295593708754,-0.153751254082,0.482518106699,-0.294747769833,-0.253701388836,0.48336353898,-0.292442083359,-0.375086575747,0.480715185404,-0.29721313715,-0.367703795433,0.409008771181,-0.102804243565,-0.367703795433
1776811118.52,0.473043888807,-0.311103105545,0.437684267759,0.472992748022,-0.312952488661,0.341436803341,0.47412070632,-0.311558753252,0.240066975355,0.474062412977,-0.308103889227,0.138363465667,0.478413969278,-0.306157171726,0.0430311560631,0.478293567896,-0.301768064499,-0.0574668645859,0.482148379087,-0.299125522375,-0.154553174973,0.480930775404,-0.294170379639,-0.256047099829,0.484671443701,-0.290645033121,-0.375176519156,0.480715185404,-0.29721313715,-0.367703795433,0.408977001905,-0.10277710855,-0.367703795433
1776811118.53,0.473506510258,-0.309682518244,0.437397807837,0.471686273813,-0.314679324627,0.340564399958,0.47225394845,-0.316296160221,0.240105599165,0.473321229219,-0.315680921078,0.140801668167,0.472894102335,-0.314515978098,0.0405479297042,0.476943582296,-0.310477644205,-0.0560954660177,0.476547807455,-0.30410310626,-0.159128844738,0.4802108109,-0.297524660826,-0.256020784378,0.486181765795,-0.288145929575,-0.374852776527,0.480715185404,-0.29721313715,-0.367703795433,0.409015625715,-0.1028079018,-0.367703795433
1776811118.55,0.474123775959,-0.308018386364,0.437178581953,0.471198707819,-0.315560430288,0.340734422207,0.472095042467,-0.317812412977,0.241137087345,0.470196276903,-0.317967951298,0.138046547771,0.471984535456,-0.318558394909,0.040643773973,0.47604945302,-0.314128816128,-0.056008502841,0.4751919806,-0.30655169487,-0.15925347805,0.482964843512,-0.298230141401,-0.253525644541,0.487002044916,-0.287275701761,-0.374612718821,0.480715185404,-0.29721313715,-0.367703795433,0.409016519785,-0.10280687362,-0.367703795433
1776811118.56,0.474948108196,-0.305912554264,0.437001526356,0.471029013395,-0.315640121698,0.34051066637,0.470135182142,-0.320680201054,0.23941013217,0.468386083841,-0.323659449816,0.13838557899,0.468610554934,-0.324249476194,0.0397034436464,0.470322281122,-0.31869584322,-0.0593410879374,0.477071017027,-0.311907827854,-0.154865264893,0.475800901651,-0.299339413643,-0.259350448847,0.488610059023,-0.285748660564,-0.373792648315,0.480715185404,-0.29721313715,-0.367703795433,0.408965915442,-0.1027674824,-0.367703795433
1776811118.58,0.475727379322,-0.304016143084,0.436945229769,0.471029013395,-0.315640121698,0.34051066637,0.470135182142,-0.320680201054,0.23941013217,0.468386083841,-0.323659449816,0.13838557899,0.468610554934,-0.324249476194,0.0397034436464,0.470322281122,-0.31869584322,-0.0593410879374,0.477071017027,-0.311907827854,-0.154865264893,0.475800901651,-0.299339413643,-0.259350448847,0.488610059023,-0.285748660564,-0.373792648315,0.480715185404,-0.29721313715,-0.367703795433,0.408118993044,-0.102163381875,-0.367703795433
1776811118.59,0.476679414511,-0.301839888096,0.436951905489,0.471775084734,-0.313559919596,0.339755952358,0.469546824694,-0.321614205837,0.239400491118,0.46780988574,-0.326570749283,0.14055994153,0.466683059931,-0.329689472914,0.0406963527203,0.467503219843,-0.324610412121,-0.0593153387308,0.475514739752,-0.316448003054,-0.154442816973,0.476902157068,-0.301982492208,-0.256392717361,0.489369183779,-0.285401433706,-0.372714787722,0.480715185404,-0.29721313715,-0.367703795433,0.409006744623,-0.102795921266,-0.367703795433
1776811118.61,0.477508068085,-0.300090819597,0.437027782202,0.472016185522,-0.312603741884,0.340360581875,0.469431489706,-0.320707291365,0.239476323128,0.467453926802,-0.326529711485,0.140438437462,0.466586977243,-0.331432133913,0.0419943109155,0.468700259924,-0.326286107302,-0.0560389012098,0.472719341516,-0.318498790264,-0.156913280487,0.476623147726,-0.302341192961,-0.256377398968,0.489483326674,-0.285431921482,-0.372785747051,0.480715185404,-0.29721313715,-0.367703795433,0.409007698298,-0.102797880769,-0.367703795433
1776811118.62,0.478349268436,-0.298501610756,0.437165468931,0.473330408335,-0.309391796589,0.339312791824,0.470161229372,-0.318264275789,0.2397274822,0.466495484114,-0.324702769518,0.138807460666,0.466787129641,-0.329181492329,0.0412202775478,0.466994971037,-0.323682367802,-0.0598133355379,0.471186548471,-0.316941708326,-0.157867878675,0.47684893012,-0.302884012461,-0.255941718817,0.489587157965,-0.286230951548,-0.372824251652,0.480715185404,-0.29721313715,-0.367703795433,0.408345848322,-0.102194413543,-0.367703795433
1776811118.64,0.479082912207,-0.297332406044,0.437367469072,0.473950177431,-0.307713598013,0.340267241001,0.470798879862,-0.316528558731,0.239773675799,0.466812223196,-0.322377711535,0.138485208154,0.46709266305,-0.326772361994,0.041131362319,0.469792634249,-0.324395000935,-0.0560749918222,0.474990099669,-0.316885918379,-0.15528601408,0.476844877005,-0.302882105112,-0.25595420599,0.489312082529,-0.286446452141,-0.373403966427,0.480715185404,-0.29721313715,-0.367703795433,0.408313125372,-0.10214446485,-0.367703795433
1776811118.65,0.479357779026,-0.296940207481,0.437448978424,0.474876731634,-0.306319028139,0.339644998312,0.471603959799,-0.313742905855,0.240788459778,0.468633145094,-0.320108771324,0.139015719295,0.468229740858,-0.324523627758,0.0414051115513,0.471674352884,-0.321481734514,-0.0556737482548,0.474097877741,-0.316279262304,-0.156315535307,0.477381199598,-0.302600950003,-0.255705982447,0.489142507315,-0.288113117218,-0.373948961496,0.480715185404,-0.29721313715,-0.367703795433,0.408998399973,-0.102791301906,-0.367703795433
1776811118.67,0.479972839355,-0.296322703362,0.437737315893,0.476445764303,-0.303115099669,0.339860796928,0.473994106054,-0.308829843998,0.24071405828,0.472850352526,-0.314222663641,0.14112405479,0.470321565866,-0.316491574049,0.0402748659253,0.470615059137,-0.314506828785,-0.0595480501652,0.476771920919,-0.311526507139,-0.155612170696,0.480040222406,-0.302769750357,-0.255963116884,0.488534539938,-0.290969252586,-0.374635457993,0.480715185404,-0.29721313715,-0.367703795433,0.408949524164,-0.102751709521,-0.367703795433
1776811118.68,0.480009168386,-0.296498090029,0.437812656164,0.478405207396,-0.300203859806,0.340044379234,0.477097600698,-0.303277879953,0.239261388779,0.476130157709,-0.30566778779,0.140537798405,0.475328356028,-0.309079378843,0.0412680953741,0.477148741484,-0.30770945549,-0.0554151982069,0.475068479776,-0.304358899593,-0.159738123417,0.479265719652,-0.299617111683,-0.257549464703,0.48720023036,-0.294274151325,-0.375558108091,0.480715185404,-0.29721313715,-0.367703795433,0.408961683512,-0.102753683925,-0.367703795433
1776811118.7,0.479836374521,-0.297070145607,0.437821835279,0.479329496622,-0.298250734806,0.339790284634,0.478414922953,-0.300682514906,0.239500120282,0.476158171892,-0.301170617342,0.137577071786,0.477448374033,-0.304024040699,0.0408772006631,0.479280561209,-0.303072243929,-0.0556799322367,0.477439969778,-0.301993101835,-0.158962488174,0.482183486223,-0.300027161837,-0.254128158092,0.486410826445,-0.296231031418,-0.376252800226,0.480715185404,-0.29721313715,-0.367703795433,0.408990412951,-0.102794848382,-0.367703795433
1776811118.71,0.47948679328,-0.297797322273,0.437746495008,0.480429083109,-0.296260505915,0.339940607548,0.481002897024,-0.295558154583,0.23906442523,0.480596035719,-0.293330401182,0.138053178787,0.481593519449,-0.294340282679,0.0405276417732,0.480777591467,-0.292759269476,-0.0595440715551,0.480213195086,-0.295144587755,-0.158609181643,0.482646495104,-0.296984702349,-0.255761146545,0.483443588018,-0.299962520599,-0.377345860004,0.480715185404,-0.29721313715,-0.367703795433,0.409014731646,-0.102802082896,-0.367703795433
1776811118.73,0.478961884975,-0.298672705889,0.437535077333,0.481056958437,-0.295453339815,0.339866250753,0.482993990183,-0.292080610991,0.240794882178,0.483301192522,-0.290705054998,0.138981804252,0.484393924475,-0.290868997574,0.0418591275811,0.483235687017,-0.288808494806,-0.058916464448,0.482225269079,-0.291677892208,-0.159517198801,0.482970386744,-0.295587331057,-0.255927592516,0.482837766409,-0.302335441113,-0.376764416695,0.480715185404,-0.29721313715,-0.367703795433,0.408977299929,-0.102768205106,-0.367703795433
1776811118.74,0.478379994631,-0.299569040537,0.437296122313,0.481542497873,-0.293835729361,0.340333461761,0.484952241182,-0.288559406996,0.24033343792,0.485816031694,-0.282873630524,0.138335928321,0.488022059202,-0.281628131866,0.0407945439219,0.487335771322,-0.280502051115,-0.0588431656361,0.485997468233,-0.286001443863,-0.158063292503,0.48476216197,-0.294021517038,-0.25519567728,0.481171280146,-0.30517667532,-0.375658780336,0.480715185404,-0.29721313715,-0.367703795433,0.409001499414,-0.102803617716,-0.367703795433
1776811118.76,0.477853626013,-0.300348371267,0.437052279711,0.481669157743,-0.293509036303,0.340187221766,0.485405534506,-0.287102073431,0.240985676646,0.487134605646,-0.280166476965,0.138245463371,0.490407973528,-0.279004514217,0.0416153371334,0.491838425398,-0.278161197901,-0.055126234889,0.487249404192,-0.284306704998,-0.158211290836,0.48616334796,-0.29329007864,-0.253884196281,0.481071561575,-0.306582391262,-0.374613463879,0.480715185404,-0.29721313715,-0.367703795433,0.408342808485,-0.102198071778,-0.367703795433
1776811118.77,0.477358490229,-0.301047503948,0.436826258898,0.481521695852,-0.293297708035,0.33999556303,0.486157804728,-0.285257279873,0.239187344909,0.488895446062,-0.276591479778,0.138219758868,0.492705494165,-0.274081259966,0.0408981889486,0.492027372122,-0.272688925266,-0.0590062439442,0.490274876356,-0.281659632921,-0.156639099121,0.486551553011,-0.29259198904,-0.253757804632,0.479644924402,-0.30900862813,-0.373274803162,0.480715185404,-0.29721313715,-0.367703795433,0.408993214369,-0.102757081389,-0.367703795433
1776811118.79,0.477123975754,-0.301375329494,0.436716169119,0.481308430433,-0.293441236019,0.339840829372,0.487276703119,-0.283590942621,0.240570113063,0.489099889994,-0.275896936655,0.138496175408,0.493570774794,-0.272205919027,0.04093875736,0.494143337011,-0.272893130779,-0.0573230534792,0.491462916136,-0.282059431076,-0.156779438257,0.486786156893,-0.292223930359,-0.253478556871,0.47955223918,-0.30923563242,-0.373280525208,0.480715185404,-0.29721313715,-0.367703795433,0.408990174532,-0.102781310678,-0.367703795433
1776811118.8,0.47704359889,-0.30152797699,0.436684906483,0.480969101191,-0.293886721134,0.33963561058,0.486513823271,-0.284759640694,0.239847779274,0.489651709795,-0.275755494833,0.13825969398,0.494813114405,-0.273014843464,0.0423878133297,0.49604138732,-0.273086488247,-0.0559106767178,0.491187423468,-0.280807852745,-0.156550347805,0.486511200666,-0.292390316725,-0.253891736269,0.477923601866,-0.310118854046,-0.373789668083,0.480715185404,-0.29721313715,-0.367703795433,0.408972173929,-0.102769874036,-0.367703795433
1776811118.82,0.477156966925,-0.301432341337,0.436758875847,0.480605989695,-0.294700711966,0.339492619038,0.486162155867,-0.285432368517,0.239789918065,0.489236623049,-0.276491314173,0.13791154325,0.494521051645,-0.273587495089,0.0414250195026,0.494552046061,-0.272630661726,-0.0582706034184,0.491766899824,-0.282046556473,-0.156566292048,0.486790210009,-0.293162405491,-0.253682225943,0.477942913771,-0.310049116611,-0.37407463789,0.480715185404,-0.29721313715,-0.367703795433,0.408970504999,-0.102758876979,-0.367703795433
1776811118.83,0.477400362492,-0.301137298346,0.436890006065,0.480064958334,-0.295614212751,0.33949893713,0.485256880522,-0.288131535053,0.239599242806,0.489516049623,-0.281499892473,0.139689251781,0.492456167936,-0.277326852083,0.0405802205205,0.494540482759,-0.277192533016,-0.0563524663448,0.491233736277,-0.284958153963,-0.156457960606,0.486534386873,-0.294916838408,-0.253793656826,0.478214949369,-0.30981913209,-0.374566137791,0.480715185404,-0.29721313715,-0.367703795433,0.408315032721,-0.102150812745,-0.367703795433
1776811118.85,0.477852970362,-0.300613850355,0.437112897635,0.479920834303,-0.296191692352,0.339362889528,0.484223514795,-0.290078729391,0.240172028542,0.488846689463,-0.283847510815,0.140869736671,0.491419583559,-0.281415343285,0.0415215790272,0.49152341485,-0.280135899782,-0.0582968294621,0.488515943289,-0.28522130847,-0.158134609461,0.48618093133,-0.295429229736,-0.254337489605,0.478332072496,-0.309163868427,-0.375764369965,0.480715185404,-0.29721313715,-0.367703795433,0.40901067853,-0.102802865207,-0.367703795433
1776811118.86,0.478494048119,-0.299846112728,0.437382906675,0.479804247618,-0.297752052546,0.339315742254,0.482632249594,-0.293909758329,0.238662719727,0.484630674124,-0.289326071739,0.138119205832,0.488091796637,-0.289586007595,0.0415993183851,0.489105850458,-0.287705361843,-0.0574088096619,0.486890107393,-0.292380839586,-0.157542169094,0.484678417444,-0.298023015261,-0.255699694157,0.479053705931,-0.307371795177,-0.377184540033,0.480715185404,-0.29721313715,-0.367703795433,0.408999711275,-0.102791339159,-0.367703795433
1776811118.88,0.47927570343,-0.298871874809,0.437656581402,0.479460984468,-0.298412591219,0.339254379272,0.482100337744,-0.295751392841,0.23962174356,0.483547121286,-0.293787509203,0.138545364141,0.485887557268,-0.292655974627,0.0405549556017,0.484588235617,-0.290395736694,-0.0601422339678,0.486691147089,-0.295147240162,-0.155901998281,0.483219176531,-0.29927700758,-0.256175398827,0.480238825083,-0.305941581726,-0.37799346447,0.480715185404,-0.29721313715,-0.367703795433,0.408976763487,-0.10276632756,-0.367703795433
1776811118.89,0.480171531439,-0.297731667757,0.437922388315,0.479300111532,-0.300147473812,0.339631587267,0.479827970266,-0.300827503204,0.239235475659,0.479963928461,-0.300938278437,0.138222873211,0.480986982584,-0.301975280046,0.0406855493784,0.479799240828,-0.300385713577,-0.0593302100897,0.479963570833,-0.302285045385,-0.158903032541,0.480479985476,-0.302424669266,-0.256955265999,0.482085317373,-0.304038345814,-0.377031594515,0.480715185404,-0.29721313715,-0.367703795433,0.409011632204,-0.102801442146,-0.367703795433
1776811118.91,0.481309145689,-0.29625672102,0.438208013773,0.478944927454,-0.301093578339,0.340047359467,0.478703528643,-0.303301781416,0.238821998239,0.477582067251,-0.304119467735,0.137847185135,0.478504151106,-0.307343363762,0.041321657598,0.477468401194,-0.305117100477,-0.0589484870434,0.480619102716,-0.305882185698,-0.156037598848,0.479063302279,-0.304077297449,-0.25715008378,0.482888370752,-0.302393138409,-0.376305997372,0.480715185404,-0.29721313715,-0.367703795433,0.408327668905,-0.102186009288,-0.367703795433
1776811118.92,0.482102185488,-0.29520457983,0.43838173151,0.478433698416,-0.302990734577,0.340129852295,0.476915031672,-0.30775013566,0.240203768015,0.473995894194,-0.311218440533,0.13874335587,0.47298887372,-0.314447343349,0.0405591577291,0.475904852152,-0.313679933548,-0.054838091135,0.472991317511,-0.311969697475,-0.158858597279,0.478144019842,-0.308400630951,-0.255750238895,0.484306246042,-0.300240367651,-0.375461786985,0.480715185404,-0.29721313715,-0.367703795433,0.408858388662,-0.102818489075,-0.367703795433
1776811118.94,0.482870042324,-0.294183641672,0.438572347164,0.478433698416,-0.302990734577,0.340129852295,0.476915031672,-0.30775013566,0.240203768015,0.473995894194,-0.311218440533,0.13874335587,0.47298887372,-0.314447343349,0.0405591577291,0.475904852152,-0.313679933548,-0.054838091135,0.472991317511,-0.311969697475,-0.158858597279,0.478144019842,-0.308400630951,-0.255750238895,0.484306246042,-0.300240367651,-0.375461786985,0.480715185404,-0.29721313715,-0.367703795433,0.4096801579,-0.103747412562,-0.367703795433
1776811118.95,0.483566731215,-0.293316364288,0.438774824142,0.478433698416,-0.302990734577,0.340129852295,0.476915031672,-0.30775013566,0.240203768015,0.473995894194,-0.311218440533,0.13874335587,0.47298887372,-0.314447343349,0.0405591577291,0.475904852152,-0.313679933548,-0.054838091135,0.472991317511,-0.311969697475,-0.158858597279,0.478144019842,-0.308400630951,-0.255750238895,0.484306246042,-0.300240367651,-0.375461786985,0.480715185404,-0.29721313715,-0.367703795433,0.409537762403,-0.103674545884,-0.367703795433
1776811118.97,0.483978629112,-0.292869031429,0.438924312592,0.478433698416,-0.302990734577,0.340129852295,0.476915031672,-0.30775013566,0.240203768015,0.473995894194,-0.311218440533,0.13874335587,0.47298887372,-0.314447343349,0.0405591577291,0.475904852152,-0.313679933548,-0.054838091135,0.472991317511,-0.311969697475,-0.158858597279,0.478144019842,-0.308400630951,-0.255750238895,0.484306246042,-0.300240367651,-0.375461786985,0.480715185404,-0.29721313715,-0.367703795433,0.409494668245,-0.10365498811,-0.367703795433
1776811118.98,0.484490692616,-0.29247635603,0.439197212458,0.478433698416,-0.302990734577,0.340129852295,0.476915031672,-0.30775013566,0.240203768015,0.473995894194,-0.311218440533,0.13874335587,0.47298887372,-0.314447343349,0.0405591577291,0.475904852152,-0.313679933548,-0.054838091135,0.472991317511,-0.311969697475,-0.158858597279,0.478144019842,-0.308400630951,-0.255750238895,0.484306246042,-0.300240367651,-0.375461786985,0.480715185404,-0.29721313715,-0.367703795433,0.409471720457,-0.103636190295,-0.367703795433
1776811119,0.484703034163,-0.292545109987,0.439402133226,0.478433698416,-0.302990734577,0.340129852295,0.476915031672,-0.30775013566,0.240203768015,0.473995894194,-0.311218440533,0.13874335587,0.47298887372,-0.314447343349,0.0405591577291,0.475904852152,-0.313679933548,-0.054838091135,0.472991317511,-0.311969697475,-0.158858597279,0.478144019842,-0.308400630951,-0.255750238895,0.484306246042,-0.300240367651,-0.375461786985,0.480715185404,-0.29721313715,-0.367703795433,0.409518867731,-0.10366371274,-0.367703795433
1776811119.01,0.484753757715,-0.292923003435,0.439620167017,0.478433698416,-0.302990734577,0.340129852295,0.476915031672,-0.30775013566,0.240203768015,0.473995894194,-0.311218440533,0.13874335587,0.47298887372,-0.314447343349,0.0405591577291,0.475904852152,-0.313679933548,-0.054838091135,0.472991317511,-0.311969697475,-0.158858597279,0.478144019842,-0.308400630951,-0.255750238895,0.484306246042,-0.300240367651,-0.375461786985,0.480715185404,-0.29721313715,-0.367703795433,0.409514218569,-0.103649668396,-0.367703795433
1776811119.03,0.484612882137,-0.293612241745,0.439793109894,0.481435924768,-0.300902038813,0.342644393444,0.476921290159,-0.31109726429,0.243163123727,0.47171536088,-0.319469869137,0.142040550709,0.469169646502,-0.325265526772,0.0439567640424,0.466926544905,-0.323128849268,-0.0573950558901,0.468417972326,-0.319243490696,-0.156815469265,0.477971404791,-0.31043818593,-0.250170260668,0.483408302069,-0.298456758261,-0.372308135033,0.480715185404,-0.29721313715,-0.367703795433,0.40879508853,-0.10274925828,-0.367703795433
1776811119.04,0.484252125025,-0.294621288776,0.439952343702,0.481435924768,-0.300902038813,0.342644393444,0.476921290159,-0.31109726429,0.243163123727,0.47171536088,-0.319469869137,0.142040550709,0.469169646502,-0.325265526772,0.0439567640424,0.466926544905,-0.323128849268,-0.0573950558901,0.468417972326,-0.319243490696,-0.156815469265,0.477971404791,-0.31043818593,-0.250170260668,0.483408302069,-0.298456758261,-0.372308135033,0.480715185404,-0.29721313715,-0.367703795433,0.409591823816,-0.103696271777,-0.367703795433
1776811119.06,0.483588159084,-0.296029865742,0.440110892057,0.482448548079,-0.300034105778,0.342413574457,0.479809194803,-0.306124836206,0.241955593228,0.475609272718,-0.310704171658,0.140586718917,0.474523752928,-0.315649271011,0.0430855602026,0.471897751093,-0.315309137106,-0.0564064085484,0.472958534956,-0.314418643713,-0.15620687604,0.478753656149,-0.30830091238,-0.251629024744,0.481502562761,-0.301480084658,-0.373733043671,0.480715185404,-0.29721313715,-0.367703795433,0.408853322268,-0.10281073302,-0.367703795433
1776811119.07,0.482710719109,-0.297588676214,0.440198332071,0.483070939779,-0.299711585045,0.342349886894,0.481073111296,-0.304131954908,0.243317812681,0.478245049715,-0.308246701956,0.141262605786,0.476783007383,-0.312009304762,0.0435655787587,0.473427265882,-0.310069680214,-0.0581613481045,0.473512262106,-0.310912638903,-0.15694886446,0.477136701345,-0.30834338069,-0.253858327866,0.480801790953,-0.30287951231,-0.373696386814,0.480715185404,-0.29721313715,-0.367703795433,0.408133715391,-0.102185197175,-0.367703795433
1776811119.09,0.481660962105,-0.299242794514,0.44022127986,0.483838528395,-0.298788845539,0.342459470034,0.482938557863,-0.300537735224,0.241712734103,0.481501072645,-0.30136090517,0.141018599272,0.48115798831,-0.303299814463,0.0429109856486,0.47928366065,-0.302881628275,-0.0567324906588,0.477430671453,-0.304243266582,-0.157299429178,0.478770405054,-0.305528998375,-0.253769338131,0.478087335825,-0.306000798941,-0.374782413244,0.480715185404,-0.29721313715,-0.367703795433,0.408844143152,-0.102796807885,-0.367703795433
1776811119.1,0.480344861746,-0.301247566938,0.440210700035,0.484125345945,-0.29814696312,0.342561423779,0.485201567411,-0.296864271164,0.24155831337,0.484141737223,-0.294231563807,0.140186920762,0.485554605722,-0.295335710049,0.042771756649,0.486357063055,-0.294838130474,-0.0532494336367,0.480656594038,-0.297506690025,-0.156947433949,0.479853123426,-0.301810711622,-0.253773272038,0.475891083479,-0.308682799339,-0.374501466751,0.480715185404,-0.29721313715,-0.367703795433,0.409003943205,-0.10282677412,-0.367703795433
1776811119.12,0.478897899389,-0.303379803896,0.440201252699,0.483996123075,-0.29801005125,0.342644810677,0.486263006926,-0.295092046261,0.242438465357,0.485945373774,-0.291747838259,0.140056818724,0.487169593573,-0.291469305754,0.0428270250559,0.488890439272,-0.291134804487,-0.0527590811253,0.48289462924,-0.294740140438,-0.156139880419,0.481099098921,-0.300784111023,-0.252637267113,0.475064486265,-0.308915734291,-0.374509602785,0.480715185404,-0.29721313715,-0.367703795433,0.408299773932,-0.102128766477,-0.367703795433
1776811119.13,0.477418243885,-0.305454701185,0.440180689096,0.48348018527,-0.298338145018,0.34286826849,0.486817508936,-0.292626827955,0.243767216802,0.489593058825,-0.287685662508,0.142674416304,0.490800350904,-0.285057604313,0.0433891713619,0.488815873861,-0.283397346735,-0.0565797835588,0.485699385405,-0.289947152138,-0.155271649361,0.482098907232,-0.299018710852,-0.251563042402,0.473905056715,-0.311144649982,-0.373010635376,0.480715185404,-0.29721313715,-0.367703795433,0.408967107534,-0.10275952518,-0.367703795433
1776811119.15,0.475999951363,-0.307308107615,0.440147846937,0.483169466257,-0.298554062843,0.342816054821,0.48702660203,-0.291796445847,0.242063507438,0.489738255739,-0.28532537818,0.141658008099,0.492749780416,-0.283012360334,0.0443479418755,0.490816622972,-0.281792163849,-0.0560337454081,0.486322492361,-0.288583964109,-0.155080199242,0.48236182332,-0.298023670912,-0.251071691513,0.472864061594,-0.31150084734,-0.37229886651,0.480715185404,-0.29721313715,-0.367703795433,0.408985584974,-0.102780662477,-0.367703795433
1776811119.16,0.474640697241,-0.30893611908,0.440114885569,0.482129365206,-0.299492269754,0.342889130116,0.487347513437,-0.291009187698,0.243329331279,0.490290731192,-0.283004999161,0.141262188554,0.493442624807,-0.279602706432,0.0440055802464,0.491667002439,-0.278423696756,-0.0558553785086,0.490052431822,-0.287126123905,-0.150587439537,0.482978790998,-0.297387838364,-0.250169277191,0.47243180871,-0.312403142452,-0.371208429337,0.480715185404,-0.29721313715,-0.367703795433,0.408987730742,-0.102784767747,-0.367703795433
1776811119.18,0.473635196686,-0.309967041016,0.440060764551,0.4809255898,-0.30053254962,0.342918395996,0.486651033163,-0.291506618261,0.242617949843,0.49016854167,-0.283051222563,0.141447290778,0.492858976126,-0.27882823348,0.0432549715042,0.49200591445,-0.277873158455,-0.0558913648129,0.487995356321,-0.286447942257,-0.153739213943,0.482724577188,-0.297101169825,-0.250202089548,0.472469836473,-0.312732964754,-0.370610296726,0.480715185404,-0.29721313715,-0.367703795433,0.40898373723,-0.102774068713,-0.367703795433
1776811119.19,0.472738027573,-0.310647755861,0.440032571554,0.479278773069,-0.302323371172,0.342763781548,0.484972506762,-0.293559193611,0.24269080162,0.490551739931,-0.284444153309,0.144270226359,0.492934972048,-0.281776547432,0.0459697842598,0.492397934198,-0.280411958694,-0.0536525696516,0.487684339285,-0.286949574947,-0.153715729713,0.482299238443,-0.297104418278,-0.250535726547,0.472568899393,-0.311323583126,-0.371421247721,0.480715185404,-0.29721313715,-0.367703795433,0.408982306719,-0.102773196995,-0.367703795433
1776811119.21,0.472187995911,-0.310860037804,0.439989119768,0.478185743093,-0.303469896317,0.342400312424,0.483744114637,-0.2949475348,0.243161723018,0.487025469542,-0.286325037479,0.141654655337,0.491174906492,-0.282294511795,0.0441309288144,0.490569800138,-0.280194818974,-0.0557099282742,0.486132353544,-0.287671744823,-0.154507875443,0.482234925032,-0.297175943851,-0.250609129667,0.472721248865,-0.310663282871,-0.371830880642,0.480715185404,-0.29721313715,-0.367703795433,0.408966869116,-0.102749347687,-0.367703795433
1776811119.22,0.471754014492,-0.310760617256,0.439942538738,0.476047605276,-0.306084990501,0.342842578888,0.481413096189,-0.297701120377,0.243484988809,0.483857899904,-0.29086202383,0.141432866454,0.486948877573,-0.28632837534,0.0426098182797,0.49040094018,-0.286455631256,-0.0525448918343,0.486755400896,-0.29114574194,-0.152092218399,0.481574803591,-0.298580557108,-0.250881850719,0.474413841963,-0.310148119926,-0.372156053782,0.480715185404,-0.29721313715,-0.367703795433,0.408979862928,-0.102770581841,-0.367703795433
1776811119.24,0.471571058035,-0.310358017683,0.439911097288,0.475166589022,-0.30660790205,0.342741787434,0.479625254869,-0.300147771835,0.243760198355,0.4825489223,-0.295014679432,0.141942605376,0.485393553972,-0.29124122858,0.0433915704489,0.484510034323,-0.287675619125,-0.0565723925829,0.482356756926,-0.292380154133,-0.155562669039,0.481097310781,-0.299029260874,-0.251310050488,0.474566072226,-0.308979928493,-0.37295204401,0.480715185404,-0.29721313715,-0.367703795433,0.409017115831,-0.102808050811,-0.367703795433
1776811119.25,0.471687346697,-0.309599906206,0.439881831408,0.473352819681,-0.308561235666,0.342543452978,0.475818306208,-0.305432647467,0.243158787489,0.476654022932,-0.300887286663,0.140188738704,0.48038354516,-0.300701200962,0.0444299355149,0.479838758707,-0.295790195465,-0.0567085593939,0.482322961092,-0.298723697662,-0.153007656336,0.478660553694,-0.300809085369,-0.253482252359,0.475917011499,-0.306066781282,-0.374256074429,0.480715185404,-0.29721313715,-0.367703795433,0.408981591463,-0.102779634297,-0.367703795433
1776811119.27,0.472019731998,-0.308832705021,0.439859896898,0.47280934453,-0.309532523155,0.342434287071,0.474158078432,-0.307909935713,0.241751745343,0.475415557623,-0.306438177824,0.141886338592,0.47705617547,-0.303524762392,0.0430297777057,0.479090064764,-0.302631884813,-0.0534020662308,0.476853042841,-0.301224172115,-0.156966328621,0.478340119123,-0.303332448006,-0.253881812096,0.477218240499,-0.304368257523,-0.374421685934,0.480715185404,-0.29721313715,-0.367703795433,0.408870965242,-0.102812848985,-0.367703795433
1776811119.28,0.472698956728,-0.307751148939,0.439834207296,0.470918148756,-0.311384379864,0.34164506197,0.471105307341,-0.312085300684,0.243418887258,0.469977170229,-0.312300890684,0.140589535236,0.471008390188,-0.312696218491,0.0424600541592,0.470581382513,-0.309173732996,-0.0577758848667,0.475743561983,-0.309044957161,-0.153545320034,0.477415412664,-0.305636882782,-0.252815335989,0.479726582766,-0.300888180733,-0.374317735434,0.480715185404,-0.29721313715,-0.367703795433,0.408155113459,-0.10216870904,-0.367703795433
1776811119.3,0.473545789719,-0.30655553937,0.439760684967,0.470583707094,-0.31189802289,0.342158079147,0.469539731741,-0.314332276583,0.24295027554,0.467939525843,-0.315425544977,0.140387102962,0.468856006861,-0.317917555571,0.0439473092556,0.468199700117,-0.313688516617,-0.0574826896191,0.470208078623,-0.311434179544,-0.156747490168,0.474545449018,-0.307500451803,-0.254230082035,0.480290025473,-0.299966603518,-0.373846918344,0.480715185404,-0.29721313715,-0.367703795433,0.408160299063,-0.102082408965,-0.367703795433
1776811119.31,0.474730968475,-0.304971903563,0.439499765635,0.470039337873,-0.312338113785,0.342262804508,0.468330711126,-0.315329611301,0.243593946099,0.466274887323,-0.320690989494,0.142342656851,0.465790182352,-0.320289283991,0.0424802824855,0.469039589167,-0.318690001965,-0.0536558777094,0.468176215887,-0.315043479204,-0.15651345253,0.473727911711,-0.309003174305,-0.253814131021,0.480733007193,-0.298671156168,-0.373355418444,0.480715185404,-0.29721313715,-0.367703795433,0.410255044699,-0.10349868983,-0.367703795433
1776811119.33,0.475492417812,-0.30404984951,0.439308553934,0.470039337873,-0.312338113785,0.342262804508,0.468330711126,-0.315329611301,0.243593946099,0.466274887323,-0.320690989494,0.142342656851,0.465790182352,-0.320289283991,0.0424802824855,0.469039589167,-0.318690001965,-0.0536558777094,0.468176215887,-0.315043479204,-0.15651345253,0.473727911711,-0.309003174305,-0.253814131021,0.480733007193,-0.298671156168,-0.373355418444,0.480715185404,-0.29721313715,-0.367703795433,0.410274595022,-0.103468172252,-0.367703795433
1776811119.34,0.476979136467,-0.302498906851,0.438846945763,0.469752162695,-0.313199728727,0.341751337051,0.465489655733,-0.320863634348,0.242438435555,0.461127012968,-0.327524006367,0.142980620265,0.459497600794,-0.329363584518,0.0430661216378,0.45901581645,-0.32682159543,-0.0570889264345,0.462573319674,-0.320982515812,-0.156397432089,0.471868544817,-0.311581552029,-0.251898050308,0.482775360346,-0.295337378979,-0.371390730143,0.480715185404,-0.29721313715,-0.367703795433,0.409348338842,-0.102756090462,-0.367703795433
1776811119.36,0.478098839521,-0.301552921534,0.438380211592,0.469995826483,-0.312945365906,0.341548621655,0.464968591928,-0.321949839592,0.242335379124,0.458735436201,-0.328862339258,0.141542971134,0.457552880049,-0.333893299103,0.0442926883698,0.460215002298,-0.331347614527,-0.0525921583176,0.463196665049,-0.325057208538,-0.154332786798,0.470380395651,-0.312271147966,-0.252245545387,0.48284855485,-0.29497602582,-0.369959056377,0.480715185404,-0.29721313715,-0.367703795433,0.409348458052,-0.102749422193,-0.367703795433
1776811119.37,0.478918671608,-0.301064401865,0.43795722723,0.471378952265,-0.311647564173,0.341673284769,0.465292543173,-0.32139018178,0.243391990662,0.45817014575,-0.328822791576,0.140603125095,0.456314116716,-0.33386862278,0.0434013977647,0.458080798388,-0.332741081715,-0.0534806549549,0.462586611509,-0.325064003468,-0.154514342546,0.470108240843,-0.312074363232,-0.252114892006,0.482490926981,-0.294762045145,-0.370162159204,0.480715185404,-0.29721313715,-0.367703795433,0.409441262484,-0.102776251733,-0.367703795433
1776811119.39,0.479753762484,-0.300947934389,0.437372177839,0.471378952265,-0.311647564173,0.341673284769,0.465292543173,-0.32139018178,0.243391990662,0.45817014575,-0.328822791576,0.140603125095,0.456314116716,-0.33386862278,0.0434013977647,0.458080798388,-0.332741081715,-0.0534806549549,0.462586611509,-0.325064003468,-0.154514342546,0.470108240843,-0.312074363232,-0.252114892006,0.482490926981,-0.294762045145,-0.370162159204,0.480715185404,-0.29721313715,-0.367703795433,0.409444242716,-0.102769859135,-0.367703795433
1776811119.4,0.480082243681,-0.30112054944,0.437057703733,0.47337642312,-0.309582620859,0.341578185558,0.467783123255,-0.318744033575,0.241379216313,0.462244957685,-0.325804382563,0.14039722085,0.459644764662,-0.33198595047,0.0439009219408,0.460761100054,-0.32837459445,-0.0536638200283,0.464096218348,-0.322959005833,-0.154280930758,0.470304638147,-0.311363816261,-0.253350406885,0.481240838766,-0.295875042677,-0.372714072466,0.480715185404,-0.29721313715,-0.367703795433,0.409401446581,-0.102765284479,-0.367703795433
1776811119.42,0.480364561081,-0.301568001509,0.436646640301,0.474485605955,-0.308790951967,0.339732706547,0.469612330198,-0.315785437822,0.243047237396,0.462116032839,-0.322082906961,0.138280570507,0.461033552885,-0.328341633081,0.0428665876389,0.462966412306,-0.326440572739,-0.0549186617136,0.464081913233,-0.321612298489,-0.156577408314,0.470151275396,-0.310741007328,-0.254595816135,0.480415552855,-0.29602047801,-0.373263269663,0.480715185404,-0.29721313715,-0.367703795433,0.409322947264,-0.102734051645,-0.367703795433
1776811119.43,0.480451732874,-0.302260488272,0.436264485121,0.475398629904,-0.307876497507,0.340067625046,0.470804899931,-0.314769804478,0.241342321038,0.465112477541,-0.320279926062,0.138449713588,0.463127225637,-0.324861615896,0.0418334379792,0.461143583059,-0.321719795465,-0.0593513697386,0.4635438025,-0.317900925875,-0.158727049828,0.470868200064,-0.310026884079,-0.255689412355,0.479665249586,-0.297243386507,-0.374363034964,0.480715185404,-0.29721313715,-0.367703795433,0.40869769454,-0.102543734014,-0.367703795433
1776811119.45,0.480336427689,-0.303169101477,0.435900837183,0.475398629904,-0.307876497507,0.340067625046,0.470804899931,-0.314769804478,0.241342321038,0.465112477541,-0.320279926062,0.138449713588,0.463127225637,-0.324861615896,0.0418334379792,0.461143583059,-0.321719795465,-0.0593513697386,0.4635438025,-0.317900925875,-0.158727049828,0.470868200064,-0.310026884079,-0.255689412355,0.479665249586,-0.297243386507,-0.374363034964,0.480715185404,-0.29721313715,-0.367703795433,0.409492224455,-0.103638269007,-0.367703795433
1776811119.46,0.480022996664,-0.304170161486,0.43555483222,0.478514581919,-0.305161714554,0.33811545372,0.477736443281,-0.305693656206,0.238574460149,0.474646538496,-0.306064456701,0.136231303215,0.473597675562,-0.307532638311,0.0378054156899,0.474013239145,-0.308072179556,-0.0581205487251,0.470952600241,-0.306198686361,-0.160969376564,0.476236969233,-0.303975313902,-0.255323320627,0.475826114416,-0.302878171206,-0.377937138081,0.480715185404,-0.29721313715,-0.367703795433,0.408845096827,-0.102806977928,-0.367703795433
1776811119.48,0.479512393475,-0.305215984583,0.435224145651,0.478514581919,-0.305161714554,0.33811545372,0.477736443281,-0.305693656206,0.238574460149,0.474646538496,-0.306064456701,0.136231303215,0.473597675562,-0.307532638311,0.0378054156899,0.474013239145,-0.308072179556,-0.0581205487251,0.470952600241,-0.306198686361,-0.160969376564,0.476236969233,-0.303975313902,-0.255323320627,0.475826114416,-0.302878171206,-0.377937138081,0.480715185404,-0.29721313715,-0.367703795433,0.409703463316,-0.103758260608,-0.367703795433
1776811119.49,0.478854328394,-0.306280970573,0.434874266386,0.480831235647,-0.302642554045,0.33787932992,0.482319921255,-0.299887120724,0.237152069807,0.483682006598,-0.296289950609,0.137928724289,0.483689039946,-0.295494943857,0.0388393253088,0.481651514769,-0.293285578489,-0.0611982792616,0.480391412973,-0.297771781683,-0.159905403852,0.476210802794,-0.300875723362,-0.258486509323,0.470352500677,-0.306355148554,-0.379859924316,0.480715185404,-0.29721313715,-0.367703795433,0.408848315477,-0.102797329426,-0.367703795433
1776811119.62,0.4781691432,-0.307267338037,0.43457493186,0.480964511633,-0.302455633879,0.338315248489,0.483700186014,-0.297739952803,0.238615766168,0.484649389982,-0.293274372816,0.13590657711,0.487050801516,-0.291745305061,0.0401958525181,0.48425963521,-0.290552616119,-0.0608046352863,0.480603247881,-0.293539762497,-0.160838246346,0.477143734694,-0.299407988787,-0.258414983749,0.469602912664,-0.307141244411,-0.379398047924,0.480715185404,-0.29721313715,-0.367703795433,0.408839255571,-0.102794520557,-0.367703795433
