time,rope_p0_x,rope_p0_y,rope_p0_z,rope_p1_x,rope_p1_y,rope_p1_z,rope_p2_x,rope_p2_y,rope_p2_z,rope_p3_x,rope_p3_y,rope_p3_z,rope_p4_x,rope_p4_y,rope_p4_z,rope_p5_x,rope_p5_y,rope_p5_z,rope_p6_x,rope_p6_y,rope_p6_z,rope_p7_x,rope_p7_y,rope_p7_z,rope_p8_x,rope_p8_y,rope_p8_z,goal_traj_x,goal_traj_y,goal_traj_z,obs_x,obs_y,obs_z
1776892321.66,0.480171620846,-0.299891293049,0.447917282581,0.481707245111,-0.300072044134,0.350261867046,0.48329642415,-0.299867242575,0.251342386007,0.484112530947,-0.299540668726,0.151578098536,0.485907882452,-0.299642950296,0.0539892241359,0.485356539488,-0.30046993494,-0.0441027134657,0.488469868898,-0.300497442484,-0.142542183399,0.489180117846,-0.301486581564,-0.239672511816,0.491549998522,-0.302949160337,-0.35969722271,0.490058749914,-0.303019672632,-0.359338492155,0.508917450905,-0.0740918666124,-0.359338492155
1776892326.66,0.480391234159,-0.299949228764,0.446839630604,0.481380194426,-0.299755275249,0.349191308022,0.482737451792,-0.299547851086,0.250491857529,0.48407331109,-0.299024611712,0.150834843516,0.485812157393,-0.297969132662,0.053068049252,0.485287815332,-0.299831748009,-0.0446055829525,0.487811177969,-0.299331754446,-0.143285483122,0.488583415747,-0.299629360437,-0.240624517202,0.490860909224,-0.299819678068,-0.360190600157,0.490060597658,-0.303019672632,-0.359338492155,0.508879542351,-0.0740246325731,-0.359338492155
1776892326.67,0.480392366648,-0.29994815588,0.44684034586,0.481341928244,-0.299835979939,0.349215298891,0.482734829187,-0.299548536539,0.250494211912,0.484071880579,-0.298982858658,0.150635480881,0.485937982798,-0.298035830259,0.0533225238323,0.485131829977,-0.299557924271,-0.0448502451181,0.48779681325,-0.299300789833,-0.143342167139,0.488669067621,-0.299635052681,-0.240659624338,0.4909042418,-0.299807220697,-0.360147953033,0.490067929029,-0.303019672632,-0.359338492155,0.508898258209,-0.0740946978331,-0.359338492155
1776892326.69,0.480392336845,-0.299948185682,0.446840077639,0.481371670961,-0.299823611975,0.349117666483,0.482735008001,-0.299548983574,0.250494211912,0.484224706888,-0.299160987139,0.151053130627,0.485628515482,-0.29822820425,0.0527917891741,0.48513391614,-0.299558311701,-0.0448496341705,0.48790755868,-0.299163639545,-0.14332357049,0.488560706377,-0.299629837275,-0.240605860949,0.490772694349,-0.299670428038,-0.359972476959,0.490084379911,-0.303019672632,-0.359338492155,0.508907318115,-0.0740891769528,-0.359338492155
1776892326.7,0.480390667915,-0.299951702356,0.446841418743,0.481374114752,-0.299827605486,0.349122554064,0.482742041349,-0.29954969883,0.250487983227,0.484027832747,-0.299021571875,0.150772616267,0.485575407743,-0.29822486639,0.0528887808323,0.484770029783,-0.299395442009,-0.0448713600636,0.487503796816,-0.299083322287,-0.143774330616,0.488126188517,-0.299586027861,-0.241109162569,0.490713864565,-0.299628973007,-0.35998699069,0.490113645792,-0.303019672632,-0.359338492155,0.508883595467,-0.0740372687578,-0.359338492155
1776892326.72,0.480400413275,-0.299948453903,0.446847558022,0.481348842382,-0.299797266722,0.349267721176,0.482791930437,-0.299443900585,0.250146329403,0.483956903219,-0.298930704594,0.150710135698,0.485894829035,-0.29788210988,0.0533768087626,0.484882622957,-0.299372881651,-0.0449947267771,0.487115949392,-0.298590898514,-0.144302457571,0.488546460867,-0.299643576145,-0.240567207336,0.490680903196,-0.299627244473,-0.36002022028,0.490159362555,-0.30301964283,-0.359338492155,0.508901715279,-0.0740649998188,-0.359338492155
1776892326.73,0.480445116758,-0.299963921309,0.446880549192,0.48139205575,-0.299622654915,0.349192380905,0.482691794634,-0.299342185259,0.250115811825,0.483955055475,-0.298929691315,0.150709450245,0.485628515482,-0.29822820425,0.0527917891741,0.484718412161,-0.299291580915,-0.0448280274868,0.487115949392,-0.298590898514,-0.144302457571,0.488310784101,-0.299258887768,-0.240889310837,0.49057045579,-0.299717962742,-0.360013723373,0.490225046873,-0.303019613028,-0.359338492155,0.508871674538,-0.0740109086037,-0.359338492155
1776892326.75,0.480553627014,-0.299993723631,0.446940213442,0.481415599585,-0.299761980772,0.34913611412,0.482695609331,-0.2993491292,0.25012499094,0.484031230211,-0.299031376839,0.150786623359,0.485578387976,-0.298176318407,0.0527786836028,0.484835594893,-0.299133121967,-0.0448351800442,0.486938387156,-0.298693716526,-0.144329041243,0.488513022661,-0.299591273069,-0.240480154753,0.490601927042,-0.29961514473,-0.360316574574,0.490314394236,-0.303019553423,-0.359338492155,0.508868336678,-0.0740147382021,-0.359338492155
1776892326.77,0.480792135,-0.300023198128,0.447098881006,0.481489866972,-0.299695551395,0.3490896523,0.482754200697,-0.299348473549,0.250142991543,0.484029382467,-0.299026578665,0.150779902935,0.485567718744,-0.298210501671,0.0529530346394,0.484696835279,-0.299204945564,-0.0448024272919,0.486938387156,-0.298693716526,-0.144329041243,0.48847964406,-0.299574673176,-0.240483462811,0.490498691797,-0.299712657928,-0.359951674938,0.490430921316,-0.303019404411,-0.359338492155,0.508852124214,-0.0740520060062,-0.359338492155
1776892326.78,0.481263399124,-0.300059556961,0.447367608547,0.481582552195,-0.299878567457,0.349352359772,0.482622593641,-0.299122452736,0.249975457788,0.483954817057,-0.298929721117,0.150709435344,0.485444515944,-0.29843890667,0.052972458303,0.484715908766,-0.299160063267,-0.0447264015675,0.486938387156,-0.298693716526,-0.144329041243,0.488458126783,-0.299554467201,-0.240505069494,0.490611225367,-0.299697637558,-0.359805047512,0.490578085184,-0.30301913619,-0.359338492155,0.508887410164,-0.0740462765098,-0.359338492155
1776892326.79,0.481863588095,-0.300132632256,0.447715133429,0.482266277075,-0.300079643726,0.349607288837,0.482742756605,-0.299304574728,0.251101136208,0.484219878912,-0.29909107089,0.151081487536,0.485406965017,-0.29854375124,0.0530888661742,0.484607547522,-0.29915201664,-0.0442077964544,0.487044066191,-0.298879355192,-0.144322544336,0.487881094217,-0.299418479204,-0.241036087275,0.490541368723,-0.29976323247,-0.359711408615,0.490759462118,-0.303018718958,-0.359338492155,0.508880496025,-0.0740560293198,-0.359338492155
1776892326.81,0.482627660036,-0.300268501043,0.448131173849,0.482547134161,-0.300103247166,0.349806010723,0.483074992895,-0.299307346344,0.250583678484,0.484195262194,-0.299029618502,0.150994226336,0.485496252775,-0.298258811235,0.0532354041934,0.484498471022,-0.299024254084,-0.0442691296339,0.487804442644,-0.299228042364,-0.142155796289,0.487926214933,-0.299368172884,-0.241097271442,0.490238040686,-0.299754142761,-0.359735429287,0.490978509188,-0.303018003702,-0.359338492155,0.508918881416,-0.0740744620562,-0.359338492155
1776892326.82,0.483580648899,-0.300472706556,0.448649615049,0.481393069029,-0.299626201391,0.349196493626,0.482722610235,-0.299420684576,0.25009560585,0.484024494886,-0.299013584852,0.150761470199,0.485750287771,-0.29793047905,0.0531979575753,0.485135644674,-0.299558490515,-0.0448490083218,0.487817138433,-0.299335032701,-0.14328661561,0.488583356142,-0.299622803926,-0.240637630224,0.490911215544,-0.300076812506,-0.360107332468,0.491238504648,-0.303016960621,-0.359338492155,0.508875489235,-0.0740270391107,-0.359338492155
1776892326.84,0.484749287367,-0.300753563643,0.449296236038,0.483467191458,-0.300220370293,0.350523114204,0.483833104372,-0.299704909325,0.251123279333,0.484264105558,-0.299067854881,0.151547595859,0.485608369112,-0.298659414053,0.0542670637369,0.484301120043,-0.298883914948,-0.0435488075018,0.487049013376,-0.299080401659,-0.142497986555,0.488027185202,-0.299133419991,-0.240262657404,0.490436464548,-0.299673825502,-0.359313547611,0.491542905569,-0.303015351295,-0.359338492155,0.508901953697,-0.0741192027926,-0.359338492155
1776892326.85,0.486167520285,-0.30108961463,0.450014412403,0.485624343157,-0.301445394754,0.351656138897,0.485382884741,-0.30037483573,0.252394646406,0.485086530447,-0.299257129431,0.152783602476,0.486095696688,-0.299094438553,0.055518746376,0.484195023775,-0.298917025328,-0.0431528240442,0.486553102732,-0.298598378897,-0.142307370901,0.487978905439,-0.299172103405,-0.239120811224,0.490219503641,-0.300392240286,-0.358603239059,0.491894930601,-0.303013086319,-0.359338492155,0.508880972862,-0.074042879045,-0.359338492155
1776892326.87,0.487754493952,-0.301396101713,0.45074737072,0.485895246267,-0.301441162825,0.351803660393,0.486200124025,-0.300270915031,0.252404659986,0.485680907965,-0.299699872732,0.153102889657,0.486396759748,-0.299196720123,0.0560238957405,0.484251528978,-0.29906129837,-0.0422215163708,0.48627576232,-0.298437327147,-0.142022877932,0.487445741892,-0.298923552036,-0.239559352398,0.490250200033,-0.299981087446,-0.357582569122,0.492297858,-0.303009867668,-0.359338492155,0.508885741234,-0.0740204378963,-0.359338492155
1776892326.88,0.489905834198,-0.30171495676,0.451710611582,0.484701484442,-0.300989598036,0.35095757246,0.484770148993,-0.300014197826,0.251739740372,0.484730094671,-0.299258440733,0.152445778251,0.485815435648,-0.298564106226,0.0545934960246,0.484317690134,-0.298814117908,-0.043463498354,0.486546844244,-0.298540532589,-0.142727851868,0.487395077944,-0.299096703529,-0.239628642797,0.490397781134,-0.299984067678,-0.358639836311,0.492754846811,-0.303005456924,-0.359338492155,0.5088763237,-0.0740212053061,-0.359338492155
1776892326.9,0.492215514183,-0.301867395639,0.452581942081,0.488494724035,-0.302371025085,0.35308098793,0.488039046526,-0.301161557436,0.25378254056,0.486919552088,-0.299677610397,0.153747826815,0.486932128668,-0.299013227224,0.0565321296453,0.485085219145,-0.299406766891,-0.0410467088223,0.486416548491,-0.298165678978,-0.141009837389,0.487952321768,-0.299212306738,-0.238052397966,0.489697784185,-0.300044387579,-0.35640668869,0.493268996477,-0.30299949646,-0.359338492155,0.508831977844,-0.0739938691258,-0.359338492155
1776892326.91,0.494798272848,-0.301953345537,0.453290313482,0.492623478174,-0.303882181644,0.355139195919,0.491321057081,-0.302375376225,0.255583286285,0.489627450705,-0.301016539335,0.155846253037,0.488837152719,-0.300011694431,0.0585401430726,0.486376196146,-0.299946308136,-0.0393921136856,0.486029356718,-0.297675639391,-0.14000543952,0.48787650466,-0.299114853144,-0.23655167222,0.489327222109,-0.299655139446,-0.355101108551,0.493843346834,-0.302991658449,-0.359338492155,0.508895635605,-0.0740989074111,-0.359338492155
1776892326.93,0.497658908367,-0.301918417215,0.453928768635,0.496050029993,-0.304802805185,0.35620701313,0.494301766157,-0.303324639797,0.257006198168,0.492276579142,-0.302252173424,0.157637089491,0.490673750639,-0.300719171762,0.059468947351,0.487389177084,-0.300326228142,-0.0387026518583,0.488057881594,-0.299226522446,-0.138067066669,0.488393217325,-0.299473315477,-0.235739886761,0.488983005285,-0.299667537212,-0.353532671928,0.49448081851,-0.30298140645,-0.359338492155,0.508858203888,-0.0740162134171,-0.359338492155
1776892326.94,0.500735580921,-0.301780432463,0.45448923111,0.497876435518,-0.304814815521,0.35653167963,0.495811969042,-0.303944259882,0.257728517056,0.493351787329,-0.302481919527,0.15769867599,0.491910964251,-0.301373630762,0.0605025067925,0.488725632429,-0.301218122244,-0.0374066829681,0.488382846117,-0.299410790205,-0.137047171593,0.48908880353,-0.299910545349,-0.233514368534,0.488865166903,-0.299896419048,-0.353248804808,0.495184391737,-0.302968263626,-0.359338492155,0.508850097656,-0.0740219652653,-0.359338492155
1776892326.96,0.503989338875,-0.301513552666,0.454933017492,0.500038266182,-0.305044084787,0.357281059027,0.497365087271,-0.303968608379,0.257619798183,0.494959682226,-0.303131341934,0.158528536558,0.493338614702,-0.301962435246,0.061267439276,0.489175051451,-0.301626861095,-0.0369489938021,0.489109367132,-0.299960702658,-0.136288106441,0.488689810038,-0.300073474646,-0.234136343002,0.488617748022,-0.299946129322,-0.352762579918,0.495956748724,-0.302951604128,-0.359338492155,0.508855342865,-0.0740156844258,-0.359338492155
1776892326.97,0.50718665123,-0.301163494587,0.455018907785,0.504631400108,-0.305234134197,0.357790768147,0.501708745956,-0.304956495762,0.259038060904,0.498702257872,-0.303742617369,0.159053251147,0.495986431837,-0.302658736706,0.0615095086396,0.491732090712,-0.302691459656,-0.0364009737968,0.491598278284,-0.300889104605,-0.134208619595,0.489344745874,-0.300675570965,-0.23338368535,0.488485127687,-0.300070643425,-0.351974278688,0.496800631285,-0.3029307127,-0.359338492155,0.50887298584,-0.0740076974034,-0.359338492155
1776892326.99,0.510246515274,-0.300741821527,0.454967558384,0.506939530373,-0.305186361074,0.357789218426,0.503874659538,-0.30489513278,0.258935838938,0.500740289688,-0.304276883602,0.159608006477,0.497465878725,-0.30303812027,0.0617568902671,0.492870658636,-0.30278468132,-0.0363777130842,0.490802556276,-0.300649821758,-0.136467516422,0.489756673574,-0.300779044628,-0.233377128839,0.48800227046,-0.299956798553,-0.351195037365,0.497718662024,-0.302904814482,-0.359338492155,0.508870720863,-0.0740323513746,-0.359338492155
1776892327,0.514409840107,-0.299999713898,0.45473754406,0.511879444122,-0.305376261473,0.358208596706,0.508869409561,-0.305289328098,0.259315371513,0.504835724831,-0.304592192173,0.159106701612,0.501519203186,-0.303946226835,0.0620189383626,0.495864957571,-0.3044090271,-0.0351746976376,0.493062824011,-0.301683157682,-0.135626137257,0.491170555353,-0.301520854235,-0.230380862951,0.487834364176,-0.299942225218,-0.351010590792,0.498713344336,-0.302873045206,-0.359338492155,0.50890147686,-0.0741176009178,-0.359338492155
1776892327.02,0.518267929554,-0.299149513245,0.454258561134,0.514210581779,-0.305089622736,0.358128249645,0.511224269867,-0.305065393448,0.258657306433,0.507101535797,-0.304840385914,0.159415766597,0.503218412399,-0.304759204388,0.0620347931981,0.497262150049,-0.304404973984,-0.0360926240683,0.493703275919,-0.302273064852,-0.135791450739,0.490669518709,-0.302431166172,-0.231729060411,0.487771898508,-0.299897432327,-0.351019144058,0.499787122011,-0.302834361792,-0.359338492155,0.508852005005,-0.0740478485823,-0.359338492155
1776892327.03,0.521400272846,-0.298320800066,0.453762382269,0.516773104668,-0.305058866739,0.357976317406,0.513804078102,-0.305582493544,0.259517163038,0.509708881378,-0.304814428091,0.159147381783,0.505450844765,-0.304601550102,0.0618140511215,0.499803990126,-0.305040866137,-0.0349547117949,0.496034175158,-0.303133517504,-0.134731799364,0.491209417582,-0.302535146475,-0.232158362865,0.487713962793,-0.299948006868,-0.351076811552,0.500942230225,-0.302787661552,-0.359338492155,0.508899450302,-0.0740295872092,-0.359338492155
1776892327.05,0.526078999043,-0.296843409538,0.452935576439,0.522067308426,-0.304831087589,0.358095467091,0.519001960754,-0.305423170328,0.258820980787,0.514687776566,-0.305313944817,0.159043088555,0.510113835335,-0.305256783962,0.0613833367825,0.502945065498,-0.305063277483,-0.0365207791328,0.498743206263,-0.30350291729,-0.135643601418,0.492809742689,-0.302345007658,-0.233093649149,0.487834781408,-0.300296097994,-0.351338744164,0.502180933952,-0.302731782198,-0.359338492155,0.508875131607,-0.0740158259869,-0.359338492155
1776892327.06,0.530024588108,-0.295370459557,0.452106595039,0.527722716331,-0.303898632526,0.356727004051,0.52419757843,-0.304823040962,0.257744908333,0.519091963768,-0.305159747601,0.158034667373,0.514168858528,-0.305358737707,0.0603379532695,0.507186293602,-0.305259078741,-0.0370506793261,0.500865101814,-0.303480654955,-0.136835455894,0.495424479246,-0.303071528673,-0.232870906591,0.487881690264,-0.30085220933,-0.351732701063,0.503505349159,-0.302665323019,-0.359338492155,0.508878946304,-0.0740384310484,-0.359338492155
1776892327.08,0.534135460854,-0.293669074774,0.451171845198,0.530284643173,-0.303096801043,0.356480956078,0.526661634445,-0.304521024227,0.257403075695,0.522022485733,-0.305077672005,0.157343715429,0.516689419746,-0.305244088173,0.0598912015557,0.508893489838,-0.305598676205,-0.0373647361994,0.502093553543,-0.303062856197,-0.138154089451,0.495955377817,-0.30249980092,-0.234116643667,0.488441854715,-0.300981730223,-0.352329581976,0.504917263985,-0.3025867939,-0.359338492155,0.508823394775,-0.0739990025759,-0.359338492155
1776892327.09,0.53797018528,-0.29182100296,0.450382232666,0.535332083702,-0.301228016615,0.355081439018,0.531738519669,-0.303577303886,0.255960583687,0.527244210243,-0.304465711117,0.156628698111,0.521569728851,-0.304952591658,0.0587813779712,0.512842416763,-0.305418908596,-0.0382600724697,0.506215333939,-0.3034273386,-0.13862067461,0.497754365206,-0.303164362907,-0.235689282417,0.489049166441,-0.301607489586,-0.353785037994,0.506418704987,-0.302494645119,-0.359338492155,0.508821964264,-0.0740517005324,-0.359338492155
1776892327.11,0.541652262211,-0.289958238602,0.449486166239,0.537818908691,-0.299941539764,0.354151755571,0.534454107285,-0.302354723215,0.255448758602,0.529368519783,-0.303991466761,0.156025111675,0.524096369743,-0.304765999317,0.0591406151652,0.515472650528,-0.304845243692,-0.0389988422394,0.507411122322,-0.30349496007,-0.139357745647,0.498506754637,-0.303035706282,-0.236551165581,0.489034205675,-0.302048057318,-0.354656934738,0.508011341095,-0.30238711834,-0.359338492155,0.508779406548,-0.0740671381354,-0.359338492155
1776892327.12,0.545119524002,-0.288032323122,0.448658615351,0.543271303177,-0.297905832529,0.35312718153,0.539735794067,-0.300611883402,0.254673480988,0.53460419178,-0.301881998777,0.154588535428,0.528408885002,-0.303218245506,0.0575377494097,0.518995285034,-0.304238557816,-0.040114313364,0.510672211647,-0.303410291672,-0.140184432268,0.50172829628,-0.304026573896,-0.236111432314,0.491154998541,-0.303133904934,-0.354748159647,0.509696602821,-0.302262276411,-0.359338492155,0.508855938911,-0.0740795582533,-0.359338492155
1776892327.14,0.548324406147,-0.286127537489,0.447840750217,0.545892357826,-0.296885550022,0.352958440781,0.542238235474,-0.299137741327,0.253759622574,0.537298440933,-0.300784409046,0.154018238187,0.530710220337,-0.302188366652,0.0568096861243,0.520931363106,-0.30393666029,-0.0402082055807,0.512990236282,-0.303257346153,-0.139705091715,0.502917647362,-0.303851485252,-0.237341463566,0.491624861956,-0.303414195776,-0.355363249779,0.511475920677,-0.30211815238,-0.359338492155,0.508880376816,-0.0740503445268,-0.359338492155
1776892327.15,0.551288723946,-0.284294962883,0.447084307671,0.550780773163,-0.293992191553,0.351515471935,0.547208428383,-0.295971900225,0.252178072929,0.541600227356,-0.298053592443,0.153181478381,0.535009384155,-0.300067543983,0.0555698499084,0.524958491325,-0.302715182304,-0.0407641232014,0.515705108643,-0.30290094018,-0.141136884689,0.506051898003,-0.304642915726,-0.237538874149,0.494290262461,-0.305006206036,-0.355629473925,0.513350725174,-0.301952511072,-0.359338492155,0.508992791176,-0.0739858746529,-0.359338492155
1776892327.17,0.553842127323,-0.28272280097,0.446181565523,0.553109884262,-0.292861670256,0.351542890072,0.5491065979,-0.294566899538,0.251672446728,0.543820619583,-0.29663169384,0.152563005686,0.536774396896,-0.298707932234,0.0548732504249,0.526536822319,-0.301539063454,-0.0418598353863,0.517148256302,-0.302075654268,-0.142269849777,0.507581353188,-0.304549813271,-0.237549573183,0.494998425245,-0.30499625206,-0.35683837533,0.515321969986,-0.301762998104,-0.359338492155,0.508693933487,-0.0740582868457,-0.359338492155
1776892327.18,0.556055128574,-0.281313836575,0.445356070995,0.556857824326,-0.290402948856,0.349936425686,0.553274393082,-0.292258888483,0.251675963402,0.548013091087,-0.294382989407,0.152012124658,0.540593147278,-0.296477615833,0.0540224462748,0.53024315834,-0.299737304449,-0.0429546535015,0.520908713341,-0.301095426083,-0.142746329308,0.511103868484,-0.304734557867,-0.238560825586,0.498505562544,-0.305763542652,-0.358291447163,0.517390489578,-0.301547139883,-0.359338492155,0.508675932884,-0.0740579813719,-0.359338492155
1776892327.2,0.557949364185,-0.280069887638,0.444571018219,0.558205366135,-0.289251148701,0.349461853504,0.555104732513,-0.290658175945,0.250062048435,0.549846529961,-0.292818874121,0.151192605495,0.542943358421,-0.294965207577,0.053649649024,0.532205820084,-0.298802614212,-0.0432332009077,0.52316236496,-0.300756901503,-0.142753869295,0.512534141541,-0.304200440645,-0.239335894585,0.499856084585,-0.306653678417,-0.358431041241,0.519557237625,-0.301302224398,-0.359338492155,0.508741617203,-0.0740698054433,-0.359338492155
1776892327.21,0.559567332268,-0.27889841795,0.443780273199,0.561147689819,-0.287493050098,0.34825822711,0.557994127274,-0.288693636656,0.24970048666,0.552983641624,-0.290603339672,0.150284349918,0.546165823936,-0.293032497168,0.0526816770434,0.536049008369,-0.295710712671,-0.0448583960533,0.526356101036,-0.298982143402,-0.144396483898,0.516725063324,-0.303308576345,-0.24036604166,0.504088997841,-0.308122396469,-0.359086751938,0.521822571754,-0.30102545023,-0.359338492155,0.508801937103,-0.0740953758359,-0.359338492155
1776892327.23,0.560950040817,-0.277763009071,0.443076580763,0.56250667572,-0.286897867918,0.348111212254,0.559339284897,-0.288100630045,0.248797059059,0.55412209034,-0.28939473629,0.149480313063,0.547914624214,-0.291368186474,0.0522049814463,0.537576317787,-0.295324087143,-0.0448432266712,0.529145121574,-0.298234403133,-0.144529610872,0.51879298687,-0.303514391184,-0.240941226482,0.506106734276,-0.308505535126,-0.360667228699,0.524187088013,-0.300713777542,-0.359338492155,0.508795619011,-0.0740141123533,-0.359338492155
1776892327.24,0.562017202377,-0.276758641005,0.442472487688,0.564103603363,-0.28498083353,0.346857666969,0.561240196228,-0.28663033247,0.248156815767,0.556205391884,-0.287009656429,0.148076534271,0.550294995308,-0.289205163717,0.0509878396988,0.541469454765,-0.292654752731,-0.0464025139809,0.532043457031,-0.296043545008,-0.146325737238,0.523347258568,-0.302435040474,-0.24249240756,0.511021256447,-0.309710860252,-0.361071497202,0.526650667191,-0.300364017487,-0.359338492155,0.508811831474,-0.0740136355162,-0.359338492155
1776892327.26,0.563022494316,-0.275538414717,0.44187772274,0.560168027878,-0.288646250963,0.349331855774,0.556600213051,-0.290074914694,0.250239193439,0.551339030266,-0.291480600834,0.150341436267,0.544792175293,-0.293277740479,0.0525229424238,0.534555315971,-0.297440767288,-0.0438832491636,0.523906230927,-0.299027353525,-0.144866466522,0.514600396156,-0.304150342941,-0.239399254322,0.502230644226,-0.307564020157,-0.358826428652,0.529213309288,-0.299972832203,-0.359338492155,0.508804321289,-0.0741114392877,-0.359338492155
1776892327.27,0.563821077347,-0.274271845818,0.441414654255,0.565736651421,-0.283683568239,0.345973134041,0.562955737114,-0.284602433443,0.246846184134,0.558597207069,-0.28545871377,0.147186160088,0.552837967873,-0.287261128426,0.0498136505485,0.544313192368,-0.290948331356,-0.0479036122561,0.536664366722,-0.294880032539,-0.147299915552,0.527814030647,-0.301606059074,-0.243648916483,0.516276836395,-0.310044288635,-0.362125128508,0.531874537468,-0.299536645412,-0.359338492155,0.508771538734,-0.0740028917789,-0.359338492155
1776892327.29,0.564492464066,-0.272928565741,0.441039353609,0.567079782486,-0.282122910023,0.345113843679,0.564174294472,-0.283316761255,0.246365278959,0.560154914856,-0.284015327692,0.146231412888,0.555122852325,-0.285856902599,0.0487160459161,0.547367095947,-0.290191888809,-0.0485249608755,0.540784478188,-0.294321328402,-0.148027002811,0.532907247543,-0.301471114159,-0.244187504053,0.522222757339,-0.310399115086,-0.3630836308,0.534633994102,-0.299051731825,-0.359338492155,0.50877737999,-0.0740602016449,-0.359338492155
1776892327.3,0.565110087395,-0.27144497633,0.440827429295,0.568022966385,-0.280824750662,0.344912350178,0.565340280533,-0.281849712133,0.245910078287,0.561486005783,-0.283173948526,0.145798683167,0.557377576828,-0.285557478666,0.0484018623829,0.549672245979,-0.289792239666,-0.0491379052401,0.544332265854,-0.294648081064,-0.148519456387,0.537112474442,-0.301553726196,-0.245394080877,0.528604984283,-0.309887975454,-0.364204466343,0.537490487099,-0.298514187336,-0.359338492155,0.508739948273,-0.0739591047168,-0.359338492155
1776892327.32,0.565666019917,-0.269918113947,0.440683305264,0.568791031837,-0.279853820801,0.344607681036,0.565886259079,-0.281302928925,0.245417833328,0.562288761139,-0.2825910151,0.145532727242,0.558197379112,-0.285488605499,0.0481045469642,0.55108320713,-0.289972156286,-0.0491100996733,0.546116948128,-0.294579654932,-0.148776203394,0.539557933807,-0.301233738661,-0.245968222618,0.532081842422,-0.309633463621,-0.364646494389,0.540443062782,-0.297919899225,-0.359338492155,0.508793950081,-0.0740197226405,-0.359338492155
1776892327.33,0.566233754158,-0.268097817898,0.440643042326,0.56902718544,-0.278986215591,0.344953477383,0.566579818726,-0.280580967665,0.24520817399,0.563024759293,-0.282371252775,0.145389407873,0.559194684029,-0.285237759352,0.0479253605008,0.552942752838,-0.290560781956,-0.0490574091673,0.548120379448,-0.294530153275,-0.149164617062,0.542350411415,-0.301832407713,-0.24507278204,0.535717964172,-0.309029281139,-0.364658713341,0.543489813805,-0.297264605761,-0.359338492155,0.508834004402,-0.0741407424212,-0.359338492155
1776892327.35,0.566652357578,-0.266332626343,0.440714776516,0.569000840187,-0.278161197901,0.344999074936,0.567070245743,-0.279803156853,0.245004087687,0.563568472862,-0.28220641613,0.145152524114,0.560068488121,-0.285368800163,0.047879755497,0.553883194923,-0.291093856096,-0.0494023710489,0.549810409546,-0.294924080372,-0.149037510157,0.545248270035,-0.301808804274,-0.244929850101,0.53921854496,-0.308889955282,-0.364860504866,0.546629071236,-0.296543836594,-0.359338492155,0.50889313221,-0.0741422474384,-0.359338492155
1776892327.36,0.566983163357,-0.264533907175,0.44084957242,0.570011496544,-0.274617224932,0.343934983015,0.568168878555,-0.278312236071,0.245011880994,0.565523982048,-0.282385379076,0.145827054977,0.56259560585,-0.285948395729,0.0474145039916,0.558201670647,-0.291704118252,-0.04953789711,0.555905938148,-0.295624345541,-0.149376004934,0.553700327873,-0.300542384386,-0.245484888554,0.550389170647,-0.306202769279,-0.366003900766,0.54985833168,-0.295752942562,-0.359338492155,0.508870959282,-0.0740334391594,-0.359338492155
1776892327.38,0.567273378372,-0.262637197971,0.440995693207,0.570388793945,-0.273668557405,0.343871176243,0.56865477562,-0.277684420347,0.244887456298,0.565869927406,-0.281941026449,0.145362615585,0.563648462296,-0.286287665367,0.0479084700346,0.5594176054,-0.291901916265,-0.0495408326387,0.558187365532,-0.29556697607,-0.149269491434,0.555940747261,-0.300805956125,-0.245983660221,0.553905963898,-0.305375099182,-0.365001350641,0.553174734116,-0.29488709569,-0.359338492155,0.508513450623,-0.0739398822188,-0.359338492155
1776892327.39,0.567555546761,-0.260582268238,0.441195487976,0.570876002312,-0.271920531988,0.344225555658,0.569163441658,-0.276770591736,0.245249345899,0.567516088486,-0.281337022781,0.145733371377,0.566223025322,-0.28649315238,0.048623368144,0.56283390522,-0.291946351528,-0.0493825525045,0.563375592232,-0.295743316412,-0.14840862155,0.56121134758,-0.299843460321,-0.244175553322,0.561952471733,-0.304076522589,-0.36516803503,0.5565751791,-0.293941318989,-0.359338492155,0.508589863777,-0.0740486234426,-0.359338492155
1776892327.41,0.567807614803,-0.258419930935,0.441430419683,0.569461345673,-0.27627453208,0.344003260136,0.56713449955,-0.279021769762,0.244671046734,0.564162015915,-0.282253950834,0.145427256823,0.560975790024,-0.285932213068,0.047742344439,0.555119991302,-0.291444540024,-0.0494918823242,0.55222761631,-0.295606017113,-0.148117691278,0.547950387001,-0.301429033279,-0.245416015387,0.543255090714,-0.308018416166,-0.364503413439,0.560055613518,-0.29291048646,-0.359338492155,0.508903503418,-0.0741477757692,-0.359338492155
1776892327.42,0.568030834198,-0.256040066481,0.441706031561,0.571226835251,-0.269707351923,0.3445353508,0.570459127426,-0.274711161852,0.24560764432,0.569354534149,-0.28043538332,0.14575342834,0.569034218788,-0.285746872425,0.048574924469,0.566685914993,-0.291404128075,-0.0489934682846,0.567464232445,-0.294801354408,-0.148623526096,0.568345665932,-0.299069404602,-0.244018018246,0.569343805313,-0.302623271942,-0.364819377661,0.563611865044,-0.291789293289,-0.359338492155,0.50890982151,-0.0740483775735,-0.359338492155
1776892327.44,0.568149447441,-0.253485321999,0.442013770342,0.571457505226,-0.268497943878,0.344608843327,0.570543289185,-0.27403780818,0.246158003807,0.570090293884,-0.279705345631,0.146122217178,0.570035934448,-0.285143435001,0.0485442653298,0.568783640862,-0.291160821915,-0.0486567616463,0.570562839508,-0.294524431229,-0.147161155939,0.571094155312,-0.298812359571,-0.245578706264,0.573372364044,-0.301489382982,-0.364844620228,0.567238688469,-0.290572315454,-0.359338492155,0.508826613426,-0.0740562602878,-0.359338492155
1776892327.46,0.568257033825,-0.250637978315,0.44231814146,0.572106719017,-0.265655010939,0.345177829266,0.572367787361,-0.271882116795,0.246381208301,0.572448253632,-0.277841687202,0.147124186158,0.573381066322,-0.28342923522,0.0493605360389,0.572976708412,-0.28970298171,-0.0482302904129,0.575211405754,-0.293029844761,-0.147831469774,0.577483415604,-0.297110944986,-0.244654804468,0.580762505531,-0.30035841465,-0.363688737154,0.570930480957,-0.289254009724,-0.359338492155,0.508800148964,-0.0740382447839,-0.359338492155
1776892327.47,0.568285048008,-0.247680976987,0.442638546228,0.572731733322,-0.262183070183,0.345364332199,0.573681592941,-0.269004672766,0.247219458222,0.575009346008,-0.275251895189,0.147815272212,0.57705271244,-0.281017005444,0.0501003265381,0.577230572701,-0.286520987749,-0.0480745732784,0.580992698669,-0.290465176105,-0.146911084652,0.583455204964,-0.295127660036,-0.244394361973,0.587924838066,-0.298769712448,-0.363399833441,0.574680924416,-0.287828832865,-0.359338492155,0.50880420208,-0.0740499719977,-0.359338492155
1776892327.48,0.568274378777,-0.244546547532,0.442933499813,0.573029875755,-0.26032102108,0.346075832844,0.574459552765,-0.267258197069,0.247087150812,0.576285362244,-0.272953659296,0.147165045142,0.579176664352,-0.279264718294,0.0503256395459,0.579823613167,-0.285491466522,-0.0470200777054,0.583749175072,-0.289003461599,-0.146750986576,0.586596250534,-0.293981820345,-0.244722187519,0.59185397625,-0.298064351082,-0.363121986389,0.578482627869,-0.286291062832,-0.359338492155,0.508743405342,-0.0739975944161,-0.359338492155
1776892327.5,0.56826543808,-0.241506904364,0.443231314421,0.57323718071,-0.258436590433,0.345971792936,0.575243473053,-0.265099555254,0.247561067343,0.577866911888,-0.271203160286,0.1479164958,0.580916047096,-0.277257531881,0.0502617433667,0.581843614578,-0.283539503813,-0.0472828745842,0.586654663086,-0.287164628506,-0.146534532309,0.589970469475,-0.292873382568,-0.243509352207,0.595031857491,-0.297186434269,-0.36240208149,0.582327485085,-0.284635066986,-0.359338492155,0.508798360825,-0.0740043595433,-0.359338492155
1776892327.51,0.568271875381,-0.237877339125,0.443478614092,0.573942184448,-0.251256287098,0.346726328135,0.577794671059,-0.257914364338,0.247966885567,0.581904530525,-0.264066070318,0.148222193122,0.586484193802,-0.270444154739,0.050836071372,0.589596033096,-0.277826189995,-0.0459884405136,0.594759106636,-0.282474130392,-0.145979017019,0.599447727203,-0.28926461935,-0.241975039244,0.605822324753,-0.294363796711,-0.361214727163,0.586206674576,-0.282855182886,-0.359338492155,0.50878059864,-0.0740187168121,-0.359338492155
1776892327.53,0.568267285824,-0.234589979053,0.443672806025,0.574008345604,-0.248480856419,0.346522510052,0.57837164402,-0.254954040051,0.248449727893,0.583622574806,-0.261408209801,0.148940294981,0.58857691288,-0.268166422844,0.051615267992,0.591812491417,-0.275228410959,-0.0458021461964,0.597562074661,-0.280797034502,-0.145455092192,0.602521300316,-0.287491947412,-0.241821795702,0.609112739563,-0.294058382511,-0.36104798317,0.590110301971,-0.2809458673,-0.359338492155,0.508781194687,-0.0740760862827,-0.359338492155
1776892327.54,0.568134486675,-0.230765998363,0.443733990192,0.574540376663,-0.243277817965,0.346801638603,0.58002269268,-0.249416783452,0.247988685966,0.585796117783,-0.255839079618,0.149206221104,0.591941356659,-0.262241989374,0.0516557097435,0.596540331841,-0.269786775112,-0.0458051264286,0.60332942009,-0.276332139969,-0.144562929869,0.609043240547,-0.283875674009,-0.241312891245,0.615982294083,-0.292101621628,-0.360028445721,0.594027400017,-0.2789016366,-0.359338492155,0.508710503578,-0.0742380470037,-0.359338492155
1776892327.56,0.567855775356,-0.227732419968,0.443705976009,0.574977874756,-0.240435630083,0.347189098597,0.580490708351,-0.246433958411,0.248887136579,0.586646556854,-0.252727866173,0.149262279272,0.593483090401,-0.259291499853,0.0519737303257,0.598867535591,-0.267271786928,-0.0454188138247,0.606116294861,-0.274216860533,-0.143884152174,0.612412929535,-0.282267302275,-0.239722728729,0.619313120842,-0.29098379612,-0.359966874123,0.597946166992,-0.276717275381,-0.359338492155,0.508726477623,-0.0743617787957,-0.359338492155
1776892327.57,0.567284524441,-0.223789483309,0.443582713604,0.57503759861,-0.235149875283,0.347389340401,0.581555724144,-0.240684375167,0.248734712601,0.589037418365,-0.246295154095,0.149197503924,0.596916556358,-0.252925783396,0.0522124990821,0.602442145348,-0.262033313513,-0.0439132452011,0.610591888428,-0.269544780254,-0.143839508295,0.617197751999,-0.278589934111,-0.240157604218,0.625797271729,-0.288633525372,-0.358820766211,0.601853609085,-0.274387836456,-0.359338492155,0.508709430695,-0.0742463767529,-0.359338492155
1776892327.59,0.566578924656,-0.220360219479,0.443311691284,0.575393080711,-0.23207218945,0.346999078989,0.582238793373,-0.237432822585,0.248920291662,0.590140938759,-0.243321582675,0.149336576462,0.598557829857,-0.250260263681,0.0526062622666,0.604274868965,-0.25876507163,-0.0448338538408,0.613017320633,-0.266932219267,-0.143606454134,0.619635462761,-0.276470541954,-0.240660041571,0.629050135612,-0.287587195635,-0.358715802431,0.605735778809,-0.271908670664,-0.359338492155,0.508695721626,-0.0742726773024,-0.359338492155
1776892327.6,0.565765023232,-0.216962754726,0.442968159914,0.575249552727,-0.226988941431,0.347093522549,0.583213329315,-0.231750354171,0.248460665345,0.592349052429,-0.23740491271,0.149042099714,0.601219773293,-0.244252339005,0.0526014566422,0.607990145683,-0.253079712391,-0.0450372993946,0.617681145668,-0.261787384748,-0.142479866743,0.624715447426,-0.272700577974,-0.239529073238,0.635495305061,-0.284726887941,-0.357818007469,0.609577536583,-0.269275605679,-0.359338492155,0.508676886559,-0.0742802619934,-0.359338492155
1776892327.62,0.564889192581,-0.213852450252,0.442407518625,0.574871659279,-0.224113121629,0.346769988537,0.583790063858,-0.228765279055,0.247994810343,0.592901349068,-0.234175980091,0.148928642273,0.602525949478,-0.24124288559,0.0520646646619,0.609454274178,-0.25027012825,-0.0446859002113,0.619692802429,-0.259309709072,-0.141539096832,0.627663016319,-0.270925611258,-0.238615810871,0.638343095779,-0.283324897289,-0.357599318027,0.613363146782,-0.26648491621,-0.359338492155,0.508711099625,-0.0743411555886,-0.359338492155
1776892327.63,0.564074635506,-0.210883453488,0.441916257143,0.574549078941,-0.221710830927,0.346378982067,0.58357489109,-0.226204425097,0.247985184193,0.59356546402,-0.231523498893,0.148812234402,0.603235602379,-0.238021552563,0.0522326231003,0.61094391346,-0.247716769576,-0.0447686314583,0.621350884438,-0.256363123655,-0.141891539097,0.62953710556,-0.268792867661,-0.239363640547,0.64128100872,-0.281542509794,-0.357506930828,0.617075324059,-0.263533532619,-0.359338492155,0.508694052696,-0.0742684751749,-0.359338492155
1776892327.65,0.562963068485,-0.206684976816,0.441237151623,0.573666095734,-0.216733112931,0.345833063126,0.583570361137,-0.220981925726,0.247496843338,0.594358682632,-0.226016268134,0.148560151458,0.60483777523,-0.232706829906,0.0516530126333,0.613526582718,-0.241849243641,-0.0450227707624,0.625008225441,-0.251384198666,-0.142339140177,0.634703159332,-0.26405403018,-0.239172875881,0.647075176239,-0.278974175453,-0.356699198484,0.620696187019,-0.260419100523,-0.359338492155,0.508760094643,-0.0740437731147,-0.359338492155
1776892327.66,0.562042117119,-0.203157320619,0.440517634153,0.571953892708,-0.211710214615,0.345315158367,0.582500934601,-0.216125667095,0.246900647879,0.594228744507,-0.221075072885,0.147694468498,0.606350779533,-0.227903455496,0.0520368665457,0.615524411201,-0.237026885152,-0.0453132092953,0.627648830414,-0.246521800756,-0.143973767757,0.638702869415,-0.259307026863,-0.239425510168,0.652106881142,-0.273572057486,-0.357785612345,0.624207139015,-0.257139950991,-0.359338492155,0.50879073143,-0.074072510004,-0.359338492155
1776892327.68,0.561139047146,-0.199702188373,0.439685374498,0.571530342102,-0.209280520678,0.34479111433,0.581947445869,-0.21361361444,0.24623799324,0.594100952148,-0.218783512712,0.147532641888,0.606401801109,-0.224998548627,0.0514181777835,0.616513848305,-0.234704166651,-0.0455915033817,0.629746794701,-0.244752019644,-0.142365127802,0.640831232071,-0.256933450699,-0.238818466663,0.654763936996,-0.271023273468,-0.35772639513,0.627588748932,-0.253695398569,-0.359338492155,0.508808612823,-0.0740874484181,-0.359338492155
1776892327.69,0.56033629179,-0.19636619091,0.438813179731,0.569832324982,-0.204580307007,0.34389129281,0.581072211266,-0.208722710609,0.245263963938,0.593437433243,-0.214229345322,0.146316349506,0.606560826302,-0.220955640078,0.0507343187928,0.617796778679,-0.230461210012,-0.0462616235018,0.632277131081,-0.239694029093,-0.143157541752,0.64417052269,-0.252400994301,-0.239823609591,0.659600257874,-0.265845894814,-0.357956677675,0.630820870399,-0.250085622072,-0.359338492155,0.508828282356,-0.0740372091532,-0.359338492155
1776892327.71,0.559729278088,-0.193061590195,0.438093036413,0.568899393082,-0.202071130276,0.343540489674,0.580158114433,-0.20648150146,0.244689524174,0.592911362648,-0.211868852377,0.146060302854,0.606422185898,-0.218979358673,0.0501265078783,0.618177890778,-0.228301718831,-0.0466093719006,0.632497668266,-0.238323196769,-0.143951445818,0.645961165428,-0.249975576997,-0.240201681852,0.662065505981,-0.263100802898,-0.358226507902,0.633883476257,-0.246311932802,-0.359338492155,0.508777856827,-0.0740078017116,-0.359338492155
1776892327.72,0.559265196323,-0.189828768373,0.437357276678,0.567736625671,-0.197117492557,0.341861665249,0.578719973564,-0.20184917748,0.243963718414,0.591871142387,-0.208198279142,0.144967421889,0.605865478516,-0.215204373002,0.0490941405296,0.61852145195,-0.224518254399,-0.0473719537258,0.634569764137,-0.233633473516,-0.144592285156,0.648594617844,-0.244890034199,-0.240901857615,0.66629242897,-0.257201731205,-0.358228683472,0.636755824089,-0.242376625538,-0.359338492155,0.508733391762,-0.0740020647645,-0.359338492155
1776892327.74,0.558919727802,-0.186789259315,0.436659276485,0.567153573036,-0.194815307856,0.341337323189,0.578221082687,-0.200193628669,0.24345099926,0.591381907463,-0.206043869257,0.144633963704,0.605452179909,-0.213019952178,0.0485232025385,0.618269443512,-0.222466647625,-0.048419713974,0.634615421295,-0.231318935752,-0.145813524723,0.650142669678,-0.242596656084,-0.24062743783,0.668603897095,-0.254557460546,-0.358859598637,0.639417529106,-0.238283202052,-0.359338492155,0.508790016174,-0.0739929974079,-0.359338492155
1776892327.75,0.558743536472,-0.183838739991,0.4360653162,0.566406130791,-0.190720871091,0.340778589249,0.577130675316,-0.195987418294,0.242515593767,0.590372681618,-0.20250813663,0.143702238798,0.604828000069,-0.20991936326,0.0478591918945,0.618084192276,-0.218772605062,-0.0488273650408,0.6352622509,-0.226600900292,-0.145137637854,0.651311993599,-0.236787617207,-0.241967320442,0.671580910683,-0.246681302786,-0.359167188406,0.641848444939,-0.234036311507,-0.359338492155,0.508671402931,-0.0741461515427,-0.359338492155
1776892327.77,0.558756291866,-0.181106165051,0.43554148078,0.566259503365,-0.188708379865,0.340293169022,0.577042937279,-0.194054067135,0.241389095783,0.58974647522,-0.200490280986,0.143056839705,0.604026436806,-0.207394361496,0.0464696139097,0.617504239082,-0.216322004795,-0.0494625121355,0.635684251785,-0.223451852798,-0.146923363209,0.651961922646,-0.233844697475,-0.242666572332,0.673579335213,-0.243678539991,-0.359838426113,0.644029021263,-0.229641765356,-0.359338492155,0.508695960045,-0.0741974487901,-0.359338492155
1776892327.78,0.55894702673,-0.178768917918,0.435190200806,0.566187500954,-0.186666145921,0.339768469334,0.57673740387,-0.192242860794,0.241488233209,0.58917427063,-0.198579609394,0.14281129837,0.603586435318,-0.205799847841,0.0467287227511,0.617269515991,-0.214892566204,-0.0490915775299,0.63522040844,-0.222147211432,-0.147982120514,0.652738928795,-0.230948671699,-0.242279917002,0.674557209015,-0.239991098642,-0.360072016716,0.645940423012,-0.225106552243,-0.359338492155,0.508793711662,-0.0740243047476,-0.359338492155
1776892327.8,0.559221625328,-0.176483809948,0.434905827045,0.565995812416,-0.182827845216,0.339015722275,0.576322793961,-0.188705205917,0.240737855434,0.588807582855,-0.195094674826,0.142011210322,0.602656841278,-0.201451659203,0.0455698743463,0.616851210594,-0.209685981274,-0.0506765395403,0.635566115379,-0.216718629003,-0.14719954133,0.653232336044,-0.225033819675,-0.243852198124,0.676385521889,-0.233206480742,-0.360467165709,0.647564768791,-0.220438808203,-0.359338492155,0.508801817894,-0.0740138813853,-0.359338492155
1776892327.81,0.559530496597,-0.174606382847,0.434767335653,0.566016316414,-0.179401159286,0.338484704494,0.576197266579,-0.184885010123,0.240255206823,0.58830165863,-0.190718561411,0.140948817134,0.602375745773,-0.197084859014,0.0448294878006,0.616768836975,-0.204863160849,-0.051501840353,0.635052800179,-0.210858017206,-0.147667080164,0.654016256332,-0.218618258834,-0.243555247784,0.677485823631,-0.225437760353,-0.361178547144,0.648885965347,-0.21564771235,-0.359338492155,0.508736252785,-0.0740663781762,-0.359338492155
1776892327.83,0.559829771519,-0.173039957881,0.434771746397,0.566222548485,-0.177837088704,0.338129520416,0.576377272606,-0.182953879237,0.239946693182,0.588364124298,-0.188550397754,0.140900194645,0.60238134861,-0.194681867957,0.0448441132903,0.616430997849,-0.202198043466,-0.0514105111361,0.635011196136,-0.207317426801,-0.149389773607,0.653956413269,-0.214655056596,-0.244642615318,0.677686452866,-0.22152428329,-0.361641645432,0.64988899231,-0.210743442178,-0.359338492155,0.50875723362,-0.0740366280079,-0.359338492155
1776892327.85,0.560083925724,-0.171791225672,0.434852063656,0.566807627678,-0.175019979477,0.33802190423,0.576542377472,-0.179344400764,0.239766448736,0.588604331017,-0.183992236853,0.140377283096,0.602352261543,-0.189475998282,0.0441490337253,0.616454482079,-0.195746868849,-0.0517325997353,0.635362863541,-0.201498776674,-0.148203134537,0.654182672501,-0.208288222551,-0.244717627764,0.677384734154,-0.213724419475,-0.362007468939,0.650560975075,-0.205737069249,-0.359338492155,0.508778214455,-0.0740083009005,-0.359338492155
1776892327.86,0.560341835022,-0.170546278358,0.435113757849,0.567182779312,-0.173981681466,0.338045120239,0.577059745789,-0.177788838744,0.239680320024,0.588860750198,-0.181870743632,0.14035564661,0.602914571762,-0.186789244413,0.0443364903331,0.616859674454,-0.193205699325,-0.051951572299,0.634937882423,-0.197521328926,-0.149053424597,0.653719782829,-0.204299494624,-0.2450286448,0.677037119865,-0.209611460567,-0.362267017365,0.650890946388,-0.200640380383,-0.359338492155,0.508807063103,-0.074011862278,-0.359338492155
1776892327.87,0.560555398464,-0.169378489256,0.435407549143,0.567321181297,-0.171661987901,0.3383859694,0.578176736832,-0.174527421594,0.23964703083,0.59032189846,-0.177405253053,0.140622332692,0.603636026382,-0.181155726314,0.0442954525352,0.617162704468,-0.186447784305,-0.0523914545774,0.634729266167,-0.190558850765,-0.150153011084,0.652780652046,-0.196425452828,-0.24551358819,0.674970388412,-0.201695889235,-0.363147646189,0.650870323181,-0.195465832949,-0.359338492155,0.508822202682,-0.0739823505282,-0.359338492155
1776892327.89,0.560695946217,-0.168118461967,0.435794562101,0.568166136742,-0.170679047704,0.338215231895,0.578417420387,-0.172768384218,0.239919781685,0.590692400932,-0.175424456596,0.140867516398,0.604617714882,-0.178298845887,0.0438945516944,0.617438673973,-0.183203682303,-0.0524173825979,0.635049343109,-0.186569973826,-0.149285942316,0.652633309364,-0.192835450172,-0.245117604733,0.674169778824,-0.197605386376,-0.363300383091,0.650492548943,-0.19022628665,-0.359338492155,0.508877873421,-0.0739653706551,-0.359338492155
1776892327.9,0.560744583607,-0.166565716267,0.436221033335,0.568297982216,-0.169548660517,0.338562071323,0.578989624977,-0.17154429853,0.240094840527,0.591295003891,-0.173440605402,0.141125485301,0.605151295662,-0.175302520394,0.0444748625159,0.618168473244,-0.180076822639,-0.0518501102924,0.63476228714,-0.183158695698,-0.148558229208,0.651860952377,-0.188652470708,-0.24588945508,0.672685861588,-0.193379223347,-0.363790929317,0.649753689766,-0.184934914112,-0.359338492155,0.508785843849,-0.0740673840046,-0.359338492155
1776892327.92,0.560623586178,-0.164708510041,0.436662852764,0.568910479546,-0.167552933097,0.339134216309,0.579923391342,-0.168304309249,0.240715324879,0.593145489693,-0.169124007225,0.14139790833,0.606156229973,-0.169850826263,0.0451418161392,0.618735313416,-0.173235729337,-0.0514472723007,0.634543299675,-0.175046682358,-0.149261713028,0.650260090828,-0.180791929364,-0.245442926884,0.669215798378,-0.185283616185,-0.363902270794,0.648652434349,-0.179605007172,-0.359338492155,0.508793950081,-0.0740091204643,-0.359338492155
1776892327.93,0.560314834118,-0.162350088358,0.437167167664,0.569623589516,-0.164976805449,0.339331507683,0.581397652626,-0.165484786034,0.241130650043,0.594141483307,-0.16517470777,0.142365574837,0.607689380646,-0.165259987116,0.0465399846435,0.619048714638,-0.166947737336,-0.0514114201069,0.634373188019,-0.168211728334,-0.148894280195,0.648550271988,-0.173045247793,-0.245280921459,0.665122509003,-0.176772356033,-0.363934069872,0.647189617157,-0.174249812961,-0.359338492155,0.508779525757,-0.0739997848868,-0.359338492155
1776892327.95,0.559759020805,-0.159484505653,0.437677443027,0.569412231445,-0.163750380278,0.340508967638,0.58178627491,-0.163968667388,0.241630733013,0.594477891922,-0.163337662816,0.143121063709,0.608132839203,-0.162555798888,0.0461454167962,0.61934196949,-0.164330556989,-0.051042959094,0.63353407383,-0.16477304697,-0.148946344852,0.647174835205,-0.169228002429,-0.245552420616,0.662880420685,-0.172454029322,-0.364053159952,0.645368695259,-0.16888231039,-0.359338492155,0.508725404739,-0.073989354074,-0.359338492155
1776892327.97,0.558743536472,-0.155207797885,0.43832269311,0.569203138351,-0.160152196884,0.340866923332,0.581842660904,-0.159966737032,0.242382764816,0.594902634621,-0.159277945757,0.143444120884,0.608377456665,-0.158095985651,0.0475151389837,0.619343280792,-0.159449785948,-0.0495843291283,0.632717609406,-0.158576264977,-0.148052603006,0.64440715313,-0.161827787757,-0.24508523941,0.658277630806,-0.163223996758,-0.364284962416,0.64319562912,-0.163515135646,-0.359338492155,0.508459091187,-0.0739219635725,-0.359338492155
1776892327.98,0.55785214901,-0.151910871267,0.4387563169,0.568911790848,-0.157905384898,0.340934962034,0.581860661507,-0.158280074596,0.242887407541,0.595240712166,-0.15695078671,0.143747270107,0.608258962631,-0.156114384532,0.0470679923892,0.618993878365,-0.15700982511,-0.0490061044693,0.631846189499,-0.156004428864,-0.147825598717,0.642456293106,-0.158267945051,-0.245282113552,0.655519843102,-0.158577293158,-0.364460676908,0.640678405762,-0.15816038847,-0.359338492155,0.508362293243,-0.0741323977709,-0.359338492155
1776892327.99,0.556597054005,-0.147151708603,0.439242482185,0.567973017693,-0.152934551239,0.341615021229,0.581431627274,-0.153285428882,0.243240684271,0.594487786293,-0.152688592672,0.144402742386,0.607322335243,-0.151826485991,0.0479360669851,0.617253661156,-0.151879310608,-0.049059689045,0.629201412201,-0.149980425835,-0.147405028343,0.639166474342,-0.151105642319,-0.244720458984,0.650124549866,-0.149137929082,-0.364296555519,0.637827157974,-0.152829498053,-0.359338492155,0.508461952209,-0.0740823596716,-0.359338492155
1776892328.01,0.555066049099,-0.14179751277,0.4396507442,0.567574620247,-0.150236740708,0.341929912567,0.580312013626,-0.150738611817,0.243691816926,0.593810915947,-0.150467246771,0.144875347614,0.606767654419,-0.149752914906,0.0481435358524,0.616089582443,-0.149717181921,-0.0490159541368,0.627471446991,-0.147367984056,-0.14703759551,0.636960625648,-0.147559165955,-0.244304656982,0.647685885429,-0.144624173641,-0.36402618885,0.634652972221,-0.147531524301,-0.359338492155,0.508400201797,-0.0739937648177,-0.359338492155
1776892328.02,0.553275346756,-0.135907068849,0.440162539482,0.564913511276,-0.143533632159,0.342675626278,0.578513264656,-0.145037412643,0.244068548083,0.591732501984,-0.145772650838,0.145288303494,0.604300379753,-0.145371496677,0.0486457422376,0.613131999969,-0.144920647144,-0.0479076504707,0.624162793159,-0.141804724932,-0.146554172039,0.632407188416,-0.140222102404,-0.243946999311,0.642023563385,-0.135513558984,-0.363351553679,0.631167173386,-0.142273128033,-0.359338492155,0.508822798729,-0.0741397291422,-0.359338492155
1776892328.04,0.551293730736,-0.129695951939,0.440602749586,0.563745617867,-0.140348672867,0.343064516783,0.57667696476,-0.1418325454,0.244705587626,0.589727044106,-0.142851099372,0.145806103945,0.602197051048,-0.142550483346,0.0499065220356,0.610972881317,-0.142762854695,-0.0481582134962,0.621894001961,-0.139301285148,-0.146207034588,0.629920125008,-0.136792257428,-0.243365228176,0.639013171196,-0.130952164531,-0.363045394421,0.627381801605,-0.137060150504,-0.359338492155,0.508893489838,-0.0740423873067,-0.359338492155
1776892328.05,0.549699366093,-0.125008493662,0.440888434649,0.562311053276,-0.136562749743,0.343278169632,0.575168013573,-0.138973414898,0.245116978884,0.588446736336,-0.140300780535,0.146243333817,0.600354075432,-0.14021512866,0.0490221232176,0.609191060066,-0.139974236488,-0.0471859425306,0.618897080421,-0.135710015893,-0.146758764982,0.627221107483,-0.133285745978,-0.243379026651,0.636349797249,-0.126617610455,-0.362950265408,0.623309493065,-0.13189765811,-0.359338492155,0.508813858032,-0.0740662589669,-0.359338492155
1776892328.07,0.546811640263,-0.116326339543,0.441599369049,0.558538794518,-0.128305107355,0.343865513802,0.571085929871,-0.131364673376,0.245472460985,0.583807110786,-0.133746728301,0.146590769291,0.595037937164,-0.134247362614,0.0503738075495,0.603633284569,-0.133842647076,-0.0467069745064,0.6136251688,-0.129171907902,-0.146238833666,0.621422290802,-0.126327991486,-0.242608726025,0.630838990211,-0.118300013244,-0.362145781517,0.618963599205,-0.126789867878,-0.359338492155,0.508829474449,-0.0740992724895,-0.359338492155
1776892328.08,0.544392883778,-0.109429113567,0.441969305277,0.554540872574,-0.119320169091,0.344475477934,0.565916061401,-0.123132251203,0.246195346117,0.577581882477,-0.126062482595,0.146876066923,0.588639378548,-0.126771390438,0.0502723157406,0.596897482872,-0.126687392592,-0.0468121170998,0.607600808144,-0.12236534059,-0.145514249802,0.615088820457,-0.11862577498,-0.241920530796,0.624577999115,-0.110536314547,-0.362019002438,0.614357829094,-0.121740162373,-0.359338492155,0.508781313896,-0.0740047842264,-0.359338492155
1776892328.1,0.541974663734,-0.103181757033,0.442494302988,0.552357792854,-0.114728547633,0.344773828983,0.563137173653,-0.118614256382,0.246528223157,0.574125766754,-0.121721036732,0.147439956665,0.58555316925,-0.122716076672,0.0502909198403,0.593591451645,-0.122674889863,-0.0461714565754,0.604244828224,-0.118459127843,-0.144872754812,0.612394809723,-0.114949002862,-0.242329955101,0.621400713921,-0.10643658042,-0.361795157194,0.609506130219,-0.116751171649,-0.359338492155,0.508810400963,-0.0740905627608,-0.359338492155
1776892328.11,0.538955569267,-0.0961011424661,0.442981511354,0.547686219215,-0.105043679476,0.345435917377,0.557744860649,-0.108685858548,0.24655264616,0.567360877991,-0.111571840942,0.147561624646,0.577657580376,-0.113148853183,0.0510126724839,0.585424780846,-0.11361092329,-0.046727463603,0.596369624138,-0.110317699611,-0.144806951284,0.604758501053,-0.107068486512,-0.242615044117,0.615333795547,-0.0988000333309,-0.361351966858,0.604422569275,-0.111824683845,-0.359338492155,0.508453726768,-0.0740844234824,-0.359338492155
1776892328.13,0.536285340786,-0.0907573252916,0.443286776543,0.545591235161,-0.100146792829,0.345346570015,0.5545566082,-0.103552095592,0.246632486582,0.563974261284,-0.106301262975,0.147747576237,0.574536681175,-0.108243301511,0.0504708364606,0.581634163857,-0.108909673989,-0.0466006398201,0.592356920242,-0.10545912385,-0.144414365292,0.601411819458,-0.10301925987,-0.242407232523,0.612396121025,-0.0955780670047,-0.361351311207,0.599121212959,-0.106961771846,-0.359338492155,0.508451938629,-0.0740113556385,-0.359338492155
1776892328.14,0.533614754677,-0.0857687443495,0.44367530942,0.540696501732,-0.0904111415148,0.345845878124,0.548197984695,-0.0928606837988,0.247284784913,0.556823015213,-0.0948962345719,0.14795845747,0.565848827362,-0.0966816991568,0.0512840300798,0.573536038399,-0.097945921123,-0.0464707314968,0.584237337112,-0.0963021442294,-0.145084857941,0.593907475471,-0.094557903707,-0.241563439369,0.605691432953,-0.0891491696239,-0.360900342464,0.593616366386,-0.102162741125,-0.359338492155,0.508442640305,-0.0740380510688,-0.359338492155
1776892328.16,0.530433595181,-0.0808099657297,0.443730264902,0.538548946381,-0.0861868932843,0.346440434456,0.545789003372,-0.0875472947955,0.247511327267,0.553085565567,-0.0889376029372,0.148053094745,0.562109589577,-0.0907233729959,0.0509719848633,0.56892311573,-0.0920670852065,-0.0464037507772,0.579898953438,-0.0906093716621,-0.144365727901,0.589848637581,-0.0906148329377,-0.241676688194,0.602254629135,-0.0863215774298,-0.360904037952,0.587922096252,-0.097427226603,-0.359338492155,0.508440136909,-0.0740701109171,-0.359338492155
1776892328.17,0.527454614639,-0.076868109405,0.443952649832,0.533643007278,-0.0778409019113,0.346744298935,0.539704442024,-0.0772190392017,0.247261330485,0.546426534653,-0.0774292573333,0.14805585146,0.553556919098,-0.0779155790806,0.0511054247618,0.560354471207,-0.0802356898785,-0.0465035736561,0.571095585823,-0.0795541405678,-0.144997477531,0.581631064415,-0.0818651244044,-0.241968780756,0.595114707947,-0.0805906578898,-0.361233860254,0.582052230835,-0.0927542224526,-0.359338492155,0.508444309235,-0.0742191448808,-0.359338492155
1776892328.19,0.524630308151,-0.0738952830434,0.443846523762,0.531105399132,-0.0738872364163,0.346569240093,0.537058711052,-0.0723945423961,0.247272267938,0.542623877525,-0.0712694525719,0.148249194026,0.550032377243,-0.0720003917813,0.0513937696815,0.556343317032,-0.073665946722,-0.0464262068272,0.567152023315,-0.0739851146936,-0.145334690809,0.577732801437,-0.0767542794347,-0.241478234529,0.591060161591,-0.0769364237785,-0.361342191696,0.576020598412,-0.0881420820951,-0.359338492155,0.508404016495,-0.0741550847888,-0.359338492155
1776892328.2,0.521384239197,-0.0711999759078,0.443763226271,0.525902271271,-0.0671169906855,0.346788108349,0.530964970589,-0.0635957121849,0.247594088316,0.536139369011,-0.0605132691562,0.148266226053,0.543137431145,-0.059596195817,0.0516014695168,0.548708438873,-0.0613122098148,-0.0458132475615,0.559010982513,-0.0625438988209,-0.145379245281,0.569531679153,-0.0675124377012,-0.242138892412,0.583407640457,-0.0728217512369,-0.361538231373,0.569840431213,-0.0835886225104,-0.359338492155,0.508385062218,-0.0740192458034,-0.359338492155
1776892328.22,0.518317222595,-0.0690729469061,0.443611800671,0.523466706276,-0.0645172521472,0.346872508526,0.528203606606,-0.0598288066685,0.247596651316,0.533047437668,-0.0553005933762,0.148211836815,0.539568543434,-0.0534489229321,0.0513023287058,0.545055627823,-0.0547483488917,-0.0464667677879,0.555490732193,-0.0566493757069,-0.144966363907,0.566097617149,-0.0627045929432,-0.242342919111,0.579756498337,-0.0683750808239,-0.360767513514,0.563524961472,-0.0790911391377,-0.359338492155,0.508374452591,-0.0739284679294,-0.359338492155
1776892328.23,0.515264987946,-0.0672942101955,0.443301558495,0.518470287323,-0.0595901235938,0.346530020237,0.522664070129,-0.0525087043643,0.247735291719,0.527136325836,-0.0465752594173,0.148182436824,0.532967686653,-0.0429614260793,0.0518861636519,0.538696289062,-0.0442696399987,-0.0458551049232,0.548165798187,-0.0465563796461,-0.145463466644,0.557877659798,-0.053784750402,-0.241802692413,0.570489883423,-0.0620920285583,-0.360496938229,0.557087182999,-0.0746464431286,-0.359338492155,0.508754491806,-0.07394336164,-0.359338492155
1776892328.25,0.512261390686,-0.0657254308462,0.443182259798,0.516015410423,-0.0575206428766,0.34656983614,0.519915938377,-0.0495807789266,0.247412577271,0.52422451973,-0.0427275933325,0.148538902402,0.529482245445,-0.0381005890667,0.0511092990637,0.535415053368,-0.0388906747103,-0.0458754301071,0.544690847397,-0.0415150746703,-0.144549906254,0.554005742073,-0.0490834116936,-0.242109179497,0.565841197968,-0.0587387233973,-0.360798329115,0.550539374352,-0.0702509209514,-0.359338492155,0.508788347244,-0.0739914104342,-0.359338492155
1776892328.26,0.509306550026,-0.0641488581896,0.443012982607,0.511079549789,-0.0542252659798,0.346134960651,0.51485812664,-0.0448453351855,0.247458040714,0.519120693207,-0.0366075001657,0.148699373007,0.524767279625,-0.0307579524815,0.0514263957739,0.529069066048,-0.0303243175149,-0.0460083335638,0.538244843483,-0.0327498801053,-0.144595742226,0.546193599701,-0.041236218065,-0.241976767778,0.556379437447,-0.0508843511343,-0.361204773188,0.543894052505,-0.0659005790949,-0.359338492155,0.508774757385,-0.0739939212799,-0.359338492155
1776892328.28,0.506525099277,-0.062543772161,0.44289702177,0.508875966072,-0.0528454557061,0.346195995808,0.512349963188,-0.0427161045372,0.247502878308,0.516577839851,-0.033863671124,0.148629888892,0.522414207458,-0.0277880672365,0.0516371279955,0.526374816895,-0.0268421210349,-0.0460864007473,0.534924030304,-0.0291448570788,-0.144391149282,0.542124271393,-0.0376031063497,-0.241762548685,0.55191719532,-0.0473881401122,-0.360979944468,0.53716301918,-0.0615910775959,-0.359338492155,0.508827090263,-0.0740638747811,-0.359338492155
1776892328.29,0.503865599632,-0.0607911646366,0.443021893501,0.504932761192,-0.0503432750702,0.346140682697,0.508035540581,-0.039996791631,0.247619852424,0.512072086334,-0.0304326806217,0.148929983377,0.517058730125,-0.0234396979213,0.0519400164485,0.520671725273,-0.0212861150503,-0.0463511645794,0.527553677559,-0.022892287001,-0.144677430391,0.533554077148,-0.0301937609911,-0.242263883352,0.542296648026,-0.0386772640049,-0.361469656229,0.530357837677,-0.0573177970946,-0.359338492155,0.508736848831,-0.0739846006036,-0.359338492155
1776892328.31,0.501313388348,-0.0587800778449,0.443141132593,0.504932761192,-0.0503432750702,0.346140682697,0.508035540581,-0.039996791631,0.247619852424,0.512072086334,-0.0304326806217,0.148929983377,0.517058730125,-0.0234396979213,0.0519400164485,0.520671725273,-0.0212861150503,-0.0463511645794,0.527553677559,-0.022892287001,-0.144677430391,0.533554077148,-0.0301937609911,-0.242263883352,0.542296648026,-0.0386772640049,-0.361469656229,0.523490190506,-0.0530758425593,-0.359338492155,0.508834719658,-0.074121132493,-0.359338492155
1776892328.32,0.498911082745,-0.0565405748785,0.44336861372,0.499465614557,-0.0474059842527,0.346002459526,0.502526164055,-0.0377987809479,0.247408822179,0.505771398544,-0.0282654799521,0.14856185019,0.509874463081,-0.0210562776774,0.0513275042176,0.511862397194,-0.0176067352295,-0.0457639992237,0.516909122467,-0.0166765507311,-0.145090609789,0.521310687065,-0.0207704845816,-0.24283272028,0.526565670967,-0.0255731269717,-0.361312329769,0.516570925713,-0.0488601177931,-0.359338492155,0.508929252625,-0.0740995034575,-0.359338492155
1776892328.34,0.496576219797,-0.0539220832288,0.443763941526,0.497650176287,-0.0466087087989,0.34630843997,0.500916600227,-0.037596412003,0.247110962868,0.503814101219,-0.0285638067871,0.148197904229,0.507193446159,-0.0215875506401,0.0517185330391,0.50876390934,-0.0171128194779,-0.0468265712261,0.51364171505,-0.0156188989058,-0.145581930876,0.517317533493,-0.0183347314596,-0.242711901665,0.521000504494,-0.0203963108361,-0.361589848995,0.50961124897,-0.0446653403342,-0.359338492155,0.508806824684,-0.0740190893412,-0.359338492155
1776892328.35,0.494216769934,-0.0509665720165,0.44407209754,0.494361251593,-0.0446393787861,0.346326321363,0.497357100248,-0.0374072901905,0.247274652123,0.49986115098,-0.0300391875207,0.148767098784,0.502624988556,-0.0233701728284,0.051580272615,0.502906680107,-0.0187349189073,-0.0454662293196,0.506186366081,-0.0137478513643,-0.146074801683,0.50842165947,-0.0131400125101,-0.243119299412,0.510848999023,-0.0105948392302,-0.362124025822,0.502621889114,-0.0404861010611,-0.359338492155,0.508804321289,-0.0740597099066,-0.359338492155
1776892328.37,0.491826653481,-0.0476450771093,0.444304347038,0.49278280139,-0.0439171902835,0.346633315086,0.494967192411,-0.0374276340008,0.247970715165,0.497971564531,-0.0311063807458,0.148875966668,0.499987334013,-0.0245446544141,0.05169121176,0.500248074532,-0.0198273453861,-0.0457513332367,0.502497315407,-0.0139432679862,-0.144787162542,0.504336357117,-0.0110368253663,-0.243169426918,0.505314707756,-0.0057766744867,-0.362493693829,0.495613485575,-0.0363168828189,-0.359338492155,0.508763313293,-0.074061460793,-0.359338492155
1776892328.38,0.489386051893,-0.0438625961542,0.444610089064,0.489356964827,-0.0418237522244,0.346995413303,0.491828888655,-0.0375417135656,0.247639596462,0.49342212081,-0.0328447818756,0.148626923561,0.494896680117,-0.027056934312,0.0512837022543,0.49394980073,-0.0208447873592,-0.0470489412546,0.495573014021,-0.0133498776704,-0.145284295082,0.495679289103,-0.00646488461643,-0.2426854074,0.495531409979,0.00417100358754,-0.361634403467,0.488596767187,-0.0321521013975,-0.359338492155,0.508787870407,-0.0740133076906,-0.359338492155
1776892328.4,0.486813306808,-0.0396318100393,0.444844186306,0.48758867383,-0.0403376221657,0.346997022629,0.489388257265,-0.0374382175505,0.247988790274,0.490886241198,-0.0333798006177,0.148610249162,0.492310911417,-0.0285114143044,0.051788829267,0.491191715002,-0.0221368819475,-0.045934855938,0.491173118353,-0.0122496215627,-0.145535290241,0.491085082293,-0.00418140692636,-0.242167383432,0.489150077105,0.0106284627691,-0.359297454357,0.481582194567,-0.0279861502349,-0.359338492155,0.508800268173,-0.0739845484495,-0.359338492155
1776892328.41,0.484198391438,-0.0350415185094,0.444991707802,0.483977288008,-0.0372960232198,0.347539365292,0.485261827707,-0.0363831631839,0.248278200626,0.486212998629,-0.0341846421361,0.148738354445,0.486563712358,-0.0300724785775,0.0517335757613,0.484470933676,-0.0229963995516,-0.0456558018923,0.484757810831,-0.0113886352628,-0.143647789955,0.482854455709,0.000122610013932,-0.24126842618,0.479057818651,0.0173208173364,-0.360029995441,0.47458049655,-0.0238134283572,-0.359338492155,0.508824944496,-0.0740673691034,-0.359338492155
1776892328.43,0.481582820415,-0.0302119869739,0.445327937603,0.481978267431,-0.0353560522199,0.347512692213,0.483334571123,-0.0356363914907,0.248296380043,0.484086543322,-0.0341851338744,0.148739099503,0.483326405287,-0.0297910999507,0.0513576567173,0.481329292059,-0.0237993802875,-0.0451136380434,0.480622023344,-0.0111106401309,-0.143556207418,0.478469282389,0.00175600359216,-0.240870684385,0.474714666605,0.0218988154083,-0.357957571745,0.467602163553,-0.0196283813566,-0.359338492155,0.508779287338,-0.0740946009755,-0.359338492155
1776892328.44,0.478867828846,-0.0250541083515,0.445601612329,0.477935165167,-0.0309234298766,0.347636640072,0.478448301554,-0.0327641516924,0.24855132401,0.478476375341,-0.0325049161911,0.148895710707,0.477905422449,-0.0295435059816,0.0518625155091,0.474630028009,-0.0225133281201,-0.0452519953251,0.472771733999,-0.00774267315865,-0.142443716526,0.469531387091,0.00615994166583,-0.240046173334,0.464836508036,0.0295239910483,-0.358509391546,0.460657984018,-0.0154255274683,-0.359338492155,0.508764147758,-0.074070610106,-0.359338492155
1776892328.46,0.476133882999,-0.0195940732956,0.445835232735,0.47583130002,-0.0282391291112,0.348020017147,0.47594550252,-0.0305964108557,0.24879129231,0.475491076708,-0.0308640561998,0.149227648973,0.474780291319,-0.0281910896301,0.0517738685012,0.470813304186,-0.0207035280764,-0.0451223552227,0.468596786261,-0.00554908998311,-0.141954094172,0.464595407248,0.00909481942654,-0.23925575614,0.459852963686,0.0326069369912,-0.357487827539,0.4537589252,-0.0111995059997,-0.359338492155,0.508771777153,-0.074062243104,-0.359338492155
1776892328.47,0.473993211985,-0.0150726223364,0.446194171906,0.47583130002,-0.0282391291112,0.348020017147,0.47594550252,-0.0305964108557,0.24879129231,0.475491076708,-0.0308640561998,0.149227648973,0.474780291319,-0.0281910896301,0.0517738685012,0.470813304186,-0.0207035280764,-0.0451223552227,0.468596786261,-0.00554908998311,-0.141954094172,0.464595407248,0.00909481942654,-0.23925575614,0.459852963686,0.0326069369912,-0.357487827539,0.446915894747,-0.0069451071322,-0.359338492155,0.50873541832,-0.0740462988615,-0.359338492155
1776892328.49,0.470769017935,-0.00814929418266,0.446675121784,0.469648808241,-0.0191171169281,0.348837018013,0.468389958143,-0.0218871366233,0.249468192458,0.466941028833,-0.0229572765529,0.149817705154,0.465195804834,-0.0212248060852,0.0526401922107,0.46004447341,-0.0138860847801,-0.0446818768978,0.4574175179,0.00126649113372,-0.141329497099,0.452209442854,0.0170320048928,-0.238513857126,0.445292979479,0.0407703183591,-0.356506288052,0.440140217543,-0.00265731592663,-0.359338492155,0.508900880814,-0.0741616860032,-0.359338492155
1776892328.5,0.468219399452,-0.00217705615796,0.447100818157,0.46545740962,-0.0113623514771,0.349231004715,0.463538974524,-0.0143824350089,0.249994948506,0.460964590311,-0.0151749262586,0.150565221906,0.458158761263,-0.0127911288291,0.0528510659933,0.452348440886,-0.00633233226836,-0.0443719923496,0.448987156153,0.0078862356022,-0.140301704407,0.443811386824,0.021847948432,-0.23783415556,0.436555117369,0.0448924303055,-0.356377989054,0.433443456888,0.00166865345091,-0.359338492155,0.508751153946,-0.0741815939546,-0.359338492155
1776892328.52,0.465868383646,0.00402338663116,0.447773456573,0.46335414052,-0.00724874110892,0.349376738071,0.460996478796,-0.00981625728309,0.250155210495,0.458241194487,-0.0105483923107,0.150971636176,0.454474002123,-0.0084509216249,0.0537582933903,0.448983520269,-0.00201955833472,-0.0439306199551,0.444913655519,0.0115433316678,-0.140442222357,0.439681857824,0.0246053840965,-0.237147778273,0.432086974382,0.0465727262199,-0.356617331505,0.426837295294,0.00603731349111,-0.359338492155,0.50862133503,-0.0741088688374,-0.359338492155
1776892328.53,0.463632911444,0.0102375987917,0.448450177908,0.461099535227,-0.00322253955528,0.349933564663,0.45853099227,-0.00491277128458,0.250728011131,0.454866737127,-0.00535302609205,0.151256516576,0.451341360807,-0.00297938054428,0.0536141321063,0.445011764765,0.00288304127753,-0.042898491025,0.441271334887,0.0150453690439,-0.141021221876,0.435370236635,0.0280660092831,-0.236990749836,0.427565604448,0.0477804690599,-0.357162743807,0.420333832502,0.0104528618976,-0.359338492155,0.508528232574,-0.0740730166435,-0.359338492155
1776892328.55,0.461576789618,0.0163968503475,0.449039965868,0.459280401468,0.00172632513568,0.349907100201,0.456096380949,0.000140289543197,0.25096938014,0.452054232359,0.000381264835596,0.151797622442,0.447577565908,0.00270484946668,0.0544944033027,0.441204935312,0.00815623253584,-0.0429547280073,0.436694413424,0.0193433724344,-0.141753703356,0.432132929564,0.0304756164551,-0.237102031708,0.42327144742,0.0489129312336,-0.357379615307,0.41394546628,0.0149191394448,-0.359338492155,0.508744478226,-0.0740423649549,-0.359338492155
1776892328.56,0.459681540728,0.0225543044508,0.449637383223,0.455796867609,0.0107703972608,0.350943744183,0.451376825571,0.011302176863,0.251919329166,0.446338921785,0.0124315209687,0.15298192203,0.440660148859,0.0156720541418,0.0554851517081,0.434097677469,0.0198691859841,-0.0416039675474,0.428958684206,0.0299137979746,-0.13898640871,0.422072857618,0.0366489216685,-0.238243341446,0.4154471457,0.0502428226173,-0.356874167919,0.407684832811,0.0194395855069,-0.359338492155,0.508757591248,-0.0740472227335,-0.359338492155
1776892328.58,0.4581823349,0.0277737826109,0.450106233358,0.452243715525,0.0205463729799,0.352014601231,0.446680158377,0.0226786024868,0.253114402294,0.440681248903,0.0256483890116,0.154235586524,0.434929639101,0.0290148630738,0.0567147955298,0.426684170961,0.0323482453823,-0.0406292080879,0.421367734671,0.0391654446721,-0.139300942421,0.414388209581,0.0424755327404,-0.237077176571,0.40750965476,0.0511631444097,-0.356677502394,0.401564925909,0.0240171905607,-0.359338492155,0.50879406929,-0.0740125477314,-0.359338492155
1776892328.59,0.456419885159,0.0345616675913,0.450681805611,0.449053734541,0.0299207493663,0.353083789349,0.442598432302,0.034448556602,0.253679394722,0.435533732176,0.0389753729105,0.155209988356,0.428400367498,0.0430277585983,0.0576052367687,0.420100003481,0.0448795668781,-0.0391279309988,0.414065212011,0.0491999164224,-0.138506025076,0.407343775034,0.0488981083035,-0.236294358969,0.400103479624,0.0515161976218,-0.355949133635,0.395598977804,0.0286544561386,-0.359338492155,0.508780479431,-0.0740089640021,-0.359338492155
1776892328.61,0.455003678799,0.0407502092421,0.45104020834,0.447503775358,0.0349915213883,0.353601902723,0.440633744001,0.0402356795967,0.254374682903,0.433403164148,0.0451198369265,0.155536472797,0.425957113504,0.0491474047303,0.0585982277989,0.41721329093,0.0517323464155,-0.0388185679913,0.410608798265,0.0536077208817,-0.138046711683,0.403865367174,0.0518725663424,-0.235375076532,0.395840317011,0.0522638373077,-0.354384690523,0.38980063796,0.033353343606,-0.359338492155,0.508776307106,-0.0739931985736,-0.359338492155
1776892328.62,0.453732609749,0.0469013564289,0.451225250959,0.445049911737,0.0443524420261,0.353913992643,0.436964422464,0.0512827560306,0.25505644083,0.428639918566,0.0575861856341,0.156684324145,0.420814603567,0.0620113685727,0.0598761290312,0.411443144083,0.0628519505262,-0.0378598123789,0.404297560453,0.0627519935369,-0.136535048485,0.396959215403,0.0578849948943,-0.234129995108,0.389139086008,0.0521603226662,-0.353463113308,0.384183615446,0.0381152331829,-0.359338492155,0.50882601738,-0.0740983262658,-0.359338492155
1776892328.64,0.452594608068,0.0530851967633,0.451306849718,0.444031924009,0.0488163866103,0.353904575109,0.43531832099,0.056551437825,0.255746781826,0.426760524511,0.0633436515927,0.157042443752,0.418529897928,0.0675718337297,0.0602945610881,0.408553928137,0.068049877882,-0.0370810627937,0.401528030634,0.0668414160609,-0.136320084333,0.39339402318,0.0612317845225,-0.234818547964,0.385475724936,0.0532970800996,-0.352847516537,0.378761857748,0.042940877378,-0.359338492155,0.508801817894,-0.0740624517202,-0.359338492155
1776892328.65,0.451626300812,0.0589095950127,0.451301723719,0.441463679075,0.0574804991484,0.354648530483,0.432554632425,0.0660230442882,0.256219863892,0.423398703337,0.0734598189592,0.157636210322,0.413805574179,0.0784204602242,0.0604877322912,0.403895646334,0.0772582888603,-0.0363745093346,0.396192282438,0.0738124996424,-0.135505437851,0.387766033411,0.065191693604,-0.232431590557,0.378173619509,0.0551211088896,-0.351197510958,0.373549550772,0.0478303618729,-0.359338492155,0.508820295334,-0.0740636140108,-0.359338492155
1776892328.67,0.450629264116,0.0654641836882,0.451159447432,0.440921276808,0.0617730766535,0.354536443949,0.431482642889,0.0703726708889,0.256306111813,0.421676248312,0.0774187222123,0.158174663782,0.411914199591,0.0823852494359,0.0607476532459,0.401612490416,0.0806078538299,-0.036126345396,0.393581241369,0.0768085569143,-0.135817587376,0.384582489729,0.0686697289348,-0.233178198338,0.375562101603,0.055891174823,-0.3506501019,0.368560820818,0.0527830608189,-0.359338492155,0.508816361427,-0.0740563198924,-0.359338492155
1776892328.68,0.4499745965,0.0700097382069,0.45097181201,0.440196543932,0.0657519102097,0.354630440474,0.430324167013,0.0740967467427,0.256279140711,0.420775562525,0.0814892947674,0.158013343811,0.410662025213,0.0859284028411,0.0608115792274,0.399535208941,0.0839619413018,-0.0358709841967,0.390880614519,0.0796562954783,-0.135459035635,0.382343560457,0.069499194622,-0.230994671583,0.372414201498,0.056634042412,-0.350750744343,0.363809853792,0.0577976107597,-0.359338492155,0.508805036545,-0.0740599036217,-0.359338492155
1776892328.7,0.448802560568,0.0779952853918,0.450525105,0.438743799925,0.0735458806157,0.354180395603,0.428966134787,0.0810471475124,0.256047934294,0.418703347445,0.0880237668753,0.157795593143,0.40763309598,0.0915152579546,0.0606087073684,0.396169990301,0.0889768972993,-0.0356346219778,0.386805742979,0.0837285965681,-0.135085046291,0.377204626799,0.0728588551283,-0.23098295927,0.365675359964,0.0598785728216,-0.349781662226,0.359310716391,0.0628718808293,-0.359338492155,0.508804559708,-0.0740553066134,-0.359338492155
1776892328.71,0.447854310274,0.0843038335443,0.449936777353,0.437687426805,0.0805765241385,0.353913009167,0.427978128195,0.0872348919511,0.25536519289,0.416700750589,0.0925156772137,0.156768783927,0.405747681856,0.0952935963869,0.0599630102515,0.393381923437,0.09210152179,-0.0364290177822,0.383203774691,0.086992405355,-0.135476350784,0.37231656909,0.0767066553235,-0.232204049826,0.360110193491,0.0627917274833,-0.349861502647,0.355077236891,0.0680029317737,-0.359338492155,0.50877392292,-0.0740080028772,-0.359338492155
1776892328.73,0.446975827217,0.0900624245405,0.449228286743,0.437088817358,0.0842266157269,0.353713870049,0.427270501852,0.0898127630353,0.254847347736,0.416333705187,0.0942413508892,0.15650485456,0.405120044947,0.0960463955998,0.059786900878,0.392033904791,0.0929064899683,-0.0366541296244,0.381056398153,0.0883569270372,-0.135595291853,0.370181888342,0.0780998915434,-0.232422828674,0.357422381639,0.0653085038066,-0.350762695074,0.351122885942,0.0731870159507,-0.359338492155,0.508805513382,-0.0740946382284,-0.359338492155
1776892328.74,0.445989429951,0.0965006425977,0.448338568211,0.435881823301,0.0908414721489,0.353043079376,0.426531761885,0.0942738056183,0.253828525543,0.415280967951,0.0970260575414,0.155131369829,0.403610497713,0.0971634536982,0.0588527545333,0.390272825956,0.0939280167222,-0.0380417108536,0.378176420927,0.0895228981972,-0.137686014175,0.366281360388,0.0805069282651,-0.233370691538,0.352468758821,0.0696965008974,-0.352073580027,0.347460776567,0.0784195810556,-0.359338492155,0.508726000786,-0.0739324390888,-0.359338492155
1776892328.76,0.44497436285,0.103551864624,0.447171598673,0.436867803335,0.0876839831471,0.353115737438,0.427196651697,0.0920549854636,0.254006147385,0.415990799665,0.0956925675273,0.156296044588,0.404429525137,0.096745185554,0.0595185160637,0.391104847193,0.0935645997524,-0.0372489839792,0.380030542612,0.0886102765799,-0.136435180902,0.368063539267,0.0798603221774,-0.233232796192,0.354726523161,0.0673182085156,-0.351466268301,0.344103366137,0.0836952254176,-0.359338492155,0.508739233017,-0.0740490406752,-0.359338492155
1776892328.77,0.4443166852,0.108078271151,0.446300685406,0.434340804815,0.100017286837,0.350956887007,0.424694389105,0.100173637271,0.252379775047,0.413955420256,0.0996496006846,0.153125584126,0.402895361185,0.0969342961907,0.0563384220004,0.388700634241,0.0929368063807,-0.0398855805397,0.375654309988,0.0894288569689,-0.138622999191,0.361187964678,0.0837362632155,-0.23404404521,0.344711631536,0.0780484452844,-0.353863447905,0.341062456369,0.0890077650547,-0.359338492155,0.508786439896,-0.0740497857332,-0.359338492155
1776892328.79,0.443429380655,0.113678067923,0.44517198205,0.433546930552,0.102841697633,0.350263595581,0.424132615328,0.101519227028,0.251571655273,0.413633018732,0.0999791696668,0.152939811349,0.402357667685,0.0969946086407,0.0556742921472,0.388367086649,0.0923847109079,-0.0403399020433,0.374917775393,0.089743450284,-0.139119029045,0.36008605361,0.0842383503914,-0.234823733568,0.342887371778,0.0807489752769,-0.354355424643,0.338348895311,0.0943502262235,-0.359338492155,0.508797049522,-0.0740736052394,-0.359338492155
1776892328.8,0.442591160536,0.118937812746,0.444021135569,0.435618013144,0.0944929495454,0.351931035519,0.425986260176,0.0961102768779,0.253383547068,0.415060132742,0.0978105142713,0.154407292604,0.40337446332,0.0970107540488,0.0582996308804,0.38987711072,0.0936265587807,-0.0385904461145,0.377393335104,0.0898182615638,-0.13797801733,0.364287406206,0.081358872354,-0.234332472086,0.349648624659,0.0725763514638,-0.352523028851,0.335972636938,0.0997148603201,-0.359338492155,0.508806705475,-0.0740597844124,-0.359338492155
1776892328.82,0.441759556532,0.124094292521,0.44288623333,0.431548088789,0.11333103478,0.347290933132,0.422381669283,0.108008228242,0.248676046729,0.412139862776,0.102797098458,0.149936676025,0.401165693998,0.0972712337971,0.0537760332227,0.38656488061,0.0924384072423,-0.0430173128843,0.372702032328,0.0917043164372,-0.142734736204,0.356877058744,0.0890263915062,-0.237688660622,0.33669474721,0.0913165360689,-0.356384009123,0.333942383528,0.105093248188,-0.359338492155,0.508759498596,-0.0739880949259,-0.359338492155
1776892328.83,0.440939545631,0.1290243119,0.441777020693,0.431106001139,0.115888297558,0.346694111824,0.421562761068,0.109561689198,0.248041853309,0.411673933268,0.103688240051,0.149155110121,0.400452643633,0.0981759801507,0.0526014342904,0.386115819216,0.0930405706167,-0.0434498339891,0.371910303831,0.0928413793445,-0.142770558596,0.355035275221,0.0921161919832,-0.23823967576,0.335778921843,0.0941109210253,-0.357042312622,0.332265645266,0.11047630012,-0.359338492155,0.508701205254,-0.0739419460297,-0.359338492155
1776892328.85,0.440177023411,0.133704513311,0.440752446651,0.430316656828,0.118372350931,0.345958977938,0.421282023191,0.111273534596,0.247364103794,0.411319047213,0.104990646243,0.148717448115,0.399844557047,0.0992152690887,0.0518037080765,0.385413080454,0.0945069119334,-0.0441389381886,0.371190041304,0.0941516160965,-0.143579125404,0.354660958052,0.0925161913037,-0.239151299,0.335317701101,0.0962577834725,-0.35761654377,0.330948621035,0.115854360163,-0.359338492155,0.508769035339,-0.0739600211382,-0.359338492155
1776892328.86,0.439537912607,0.137798443437,0.439863055944,0.429317265749,0.123556151986,0.344714105129,0.420413941145,0.115811012685,0.246014416218,0.410085648298,0.108375415206,0.147316768765,0.398705512285,0.102150246501,0.0511057451367,0.384357959032,0.0974048525095,-0.0455926507711,0.369464486837,0.0974996984005,-0.144088357687,0.353652864695,0.0974175632,-0.240305542946,0.334416300058,0.101143650711,-0.359007805586,0.329995781183,0.121217273176,-0.359338492155,0.508766531944,-0.07400585711,-0.359338492155
1776892328.88,0.438911288977,0.142043367028,0.439036011696,0.428839176893,0.12645407021,0.343638539314,0.419769853354,0.118052102625,0.245387777686,0.409663766623,0.110640972853,0.146693721414,0.398135334253,0.104223631322,0.0505642592907,0.383362740278,0.100022599101,-0.0455567836761,0.369026333094,0.100452058017,-0.145588427782,0.353471845388,0.0986685976386,-0.240926831961,0.334167033434,0.102949827909,-0.359692871571,0.329410254955,0.126554489136,-0.359338492155,0.508779287338,-0.0740532875061,-0.359338492155
1776892328.89,0.438515603542,0.144946679473,0.438487112522,0.428412228823,0.129138469696,0.343141019344,0.419342905283,0.120839729905,0.244735777378,0.40882268548,0.113024309278,0.146336242557,0.39727845788,0.10729303211,0.049438662827,0.382445842028,0.102382339537,-0.0463986247778,0.36852106452,0.102507479489,-0.145815879107,0.353119522333,0.1025493294,-0.241750389338,0.33418610692,0.105249874294,-0.359911233187,0.329193383455,0.131855130196,-0.359338492155,0.508788585663,-0.0740833580494,-0.359338492155
1776892328.91,0.43802562356,0.149689868093,0.437624514103,0.427283912897,0.134936735034,0.342096656561,0.418060690165,0.12717923522,0.243570670485,0.407479554415,0.119718849659,0.145288273692,0.395870298147,0.113983258605,0.048469081521,0.381317526102,0.108921639621,-0.0479174405336,0.366918057203,0.109170719981,-0.147855341434,0.352629691362,0.106847628951,-0.242940247059,0.335162967443,0.109100624919,-0.361891537905,0.329344838858,0.137108176947,-0.359338492155,0.508757829666,-0.0740592330694,-0.359338492155
1776892328.92,0.437921702862,0.152621671557,0.437093138695,0.426437228918,0.140920639038,0.34088999033,0.416679650545,0.134260326624,0.24227745831,0.405697137117,0.127956315875,0.143931075931,0.394017606974,0.122273787856,0.0474375337362,0.380199164152,0.116531983018,-0.0489961951971,0.36619797349,0.116056472063,-0.149366050959,0.353159755468,0.112439088523,-0.244525849819,0.33645310998,0.11236962676,-0.363108962774,0.329862475395,0.142302453518,-0.359338492155,0.508753299713,-0.0740984529257,-0.359338492155
1776892328.94,0.437961220741,0.154924973845,0.436672657728,0.426187068224,0.143780529499,0.340568840504,0.415974110365,0.138014227152,0.242227867246,0.404983133078,0.132275745273,0.143781632185,0.39336040616,0.126779928803,0.0469051524997,0.379488676786,0.121171928942,-0.0491056889296,0.365976959467,0.119429863989,-0.148365706205,0.35365447402,0.115005068481,-0.244338154793,0.337430149317,0.114691257477,-0.363919943571,0.330742508173,0.147426903248,-0.359338492155,0.508670568466,-0.0740097016096,-0.359338492155
1776892328.95,0.438146680593,0.156957700849,0.436212658882,0.425677806139,0.149364873767,0.339798688889,0.415030568838,0.145533561707,0.241497457027,0.403748959303,0.141393437982,0.14282566309,0.392081946135,0.136887863278,0.0465373620391,0.378703385592,0.130828171968,-0.0501144826412,0.367096632719,0.127664133906,-0.149802356958,0.354433983564,0.121922008693,-0.246183693409,0.340182870626,0.117596723139,-0.364850372076,0.331979423761,0.152470558882,-0.359338492155,0.508840203285,-0.0740616992116,-0.359338492155
1776892328.97,0.438439458609,0.15804284811,0.435889393091,0.425554186106,0.151806175709,0.339675068855,0.414712160826,0.14893655479,0.241461068392,0.403279572725,0.145985126495,0.142292067409,0.391904562712,0.141887620091,0.045819170773,0.378799825907,0.13582624495,-0.050738722086,0.367159336805,0.13174931705,-0.149874985218,0.355058401823,0.125241488218,-0.246516913176,0.341339737177,0.119677044451,-0.365598976612,0.333565920591,0.157422721386,-0.359338492155,0.508887767792,-0.0740720108151,-0.359338492155
1776892328.98,0.438889354467,0.158615082502,0.435565471649,0.425613194704,0.155742794275,0.339188992977,0.414833813906,0.15572988987,0.240820616484,0.402898639441,0.154354929924,0.142087593675,0.391341418028,0.151963844895,0.0450546368957,0.378901988268,0.145664349198,-0.051408290863,0.368113428354,0.140369415283,-0.150564491749,0.356725484133,0.132930606604,-0.248150229454,0.344438105822,0.123891979456,-0.365989595652,0.335493296385,0.162273094058,-0.359338492155,0.508848786354,-0.0740653499961,-0.359338492155
1776892329,0.439407914877,0.158724635839,0.435250788927,0.425840049982,0.157825857401,0.338894575834,0.414777070284,0.158318892121,0.240482747555,0.403046101332,0.158332183957,0.141784220934,0.391546159983,0.156277433038,0.0451166257262,0.379031389952,0.150566071272,-0.0512382090092,0.368415743113,0.145023047924,-0.150952965021,0.358437389135,0.136093392968,-0.246994495392,0.346409648657,0.125218495727,-0.366114646196,0.337751239538,0.16701182723,-0.359338492155,0.50875723362,-0.0740614384413,-0.359338492155
1776892329.01,0.439944207668,0.158420801163,0.434949547052,0.426413863897,0.160251811147,0.338323563337,0.415291815996,0.163506001234,0.239919066429,0.403808325529,0.165432944894,0.141301304102,0.392565399408,0.164712414145,0.0446668490767,0.3802767694,0.159163534641,-0.0520536899567,0.370562940836,0.152701571584,-0.151223361492,0.3611766994,0.142330735922,-0.247197985649,0.350275069475,0.130200788379,-0.366332709789,0.340328067541,0.171629697084,-0.359338492155,0.508727192879,-0.0740518793464,-0.359338492155
1776892329.03,0.440358102322,0.157981455326,0.434733241796,0.427167087793,0.160871386528,0.338089227676,0.415755957365,0.165433034301,0.239865496755,0.404790312052,0.167965874076,0.141282945871,0.393694847822,0.168243587017,0.0447727963328,0.381168931723,0.163713514805,-0.0523629933596,0.372054487467,0.157129526138,-0.151377588511,0.362670809031,0.145560547709,-0.247510582209,0.352391988039,0.13239441812,-0.366382867098,0.34321090579,0.176118046045,-0.359338492155,0.50877892971,-0.0740403532982,-0.359338492155
1776892329.04,0.440973043442,0.157126888633,0.434522658587,0.427768200636,0.161546349525,0.337743639946,0.41725602746,0.168015792966,0.239805340767,0.40649202466,0.172443240881,0.141216486692,0.395445734262,0.174417406321,0.043500483036,0.383847922087,0.170775830746,-0.0524626076221,0.374984174967,0.164116442204,-0.151784658432,0.365986436605,0.153519466519,-0.249688357115,0.3570715487,0.137950345874,-0.366625607014,0.346385866404,0.180469021201,-0.359338492155,0.508769989014,-0.0740343183279,-0.359338492155
1776892329.06,0.44144949317,0.156356096268,0.434503436089,0.42819866538,0.16177777946,0.337801933289,0.417996436357,0.16903115809,0.239405989647,0.40759447217,0.174222186208,0.141015514731,0.396819680929,0.17656108737,0.0438063368201,0.385482698679,0.173376247287,-0.0525417476892,0.377299636602,0.166818022728,-0.151725113392,0.368871420622,0.155616119504,-0.248299896717,0.359406799078,0.140705749393,-0.366850852966,0.349838107824,0.184675514698,-0.359338492155,0.508796930313,-0.074010387063,-0.359338492155
1776892329.07,0.441870898008,0.155637517571,0.434629112482,0.429117411375,0.161622837186,0.337426126003,0.420019358397,0.168910548091,0.238907471299,0.410134226084,0.176180779934,0.140621393919,0.40061339736,0.179017007351,0.0438336804509,0.389675527811,0.17716281116,-0.0532713085413,0.381819993258,0.171750292182,-0.152566492558,0.373228996992,0.160833492875,-0.24900996685,0.364298552275,0.146947845817,-0.368330597878,0.35355207324,0.188731223345,-0.359338492155,0.509180784225,-0.0744754001498,-0.359338492155
1776892329.09,0.442255228758,0.154983371496,0.434922337532,0.429687649012,0.161432415247,0.337385714054,0.42121514678,0.168801888824,0.238632544875,0.411465078592,0.175957903266,0.139865472913,0.402448147535,0.179721325636,0.0432535707951,0.392224878073,0.178383722901,-0.0533509105444,0.384043008089,0.173634946346,-0.152766287327,0.375828951597,0.163386136293,-0.24900379777,0.366457015276,0.150543674827,-0.368597179651,0.357511788607,0.192630723119,-0.359338492155,0.509384989738,-0.07494340837,-0.359338492155
1776892329.11,0.442578077316,0.154511585832,0.435316741467,0.430911570787,0.160220459104,0.337646961212,0.423130899668,0.167862296104,0.239005371928,0.414984613657,0.17441649735,0.140244290233,0.406877845526,0.178936645389,0.0437188148499,0.396793216467,0.178770273924,-0.0537039488554,0.389493614435,0.176813691854,-0.153463333845,0.381250172853,0.168090343475,-0.249497443438,0.37148758769,0.158388510346,-0.36906683445,0.361700803041,0.196369409561,-0.359338492155,0.510043740273,-0.075915582478,-0.359338492155
1776892329.12,0.442940294743,0.15413826704,0.435855776072,0.431599706411,0.159367874265,0.337853193283,0.424392014742,0.166547566652,0.239279657602,0.416879445314,0.173343881965,0.140946209431,0.409155935049,0.177735477686,0.0435338616371,0.400225430727,0.178103163838,-0.0540551394224,0.392806857824,0.176531895995,-0.152945607901,0.38425514102,0.170495048165,-0.250244408846,0.374545007944,0.163227200508,-0.369583427906,0.366102606058,0.199943587184,-0.359338492155,0.509874939919,-0.076189853251,-0.359338492155
1776892329.13,0.44327890873,0.153973594308,0.436456948519,0.433503478765,0.157821491361,0.338162720203,0.426753669977,0.163967430592,0.239561989903,0.42109516263,0.169642031193,0.139935076237,0.414217323065,0.174205616117,0.0438047721982,0.405242532492,0.17611092329,-0.0534194260836,0.398312240839,0.177016675472,-0.152845025063,0.390274256468,0.174065113068,-0.25095397234,0.380355089903,0.171525374055,-0.370029658079,0.370700746775,0.20335033536,-0.359338492155,0.510318040848,-0.07587813586,-0.359338492155
1776892329.15,0.443650066853,0.153937935829,0.437177240849,0.434001535177,0.157344713807,0.338255643845,0.428551584482,0.162328481674,0.239844888449,0.422581166029,0.167836129665,0.140882834792,0.41635504365,0.172242999077,0.0438276305795,0.407937496901,0.174645513296,-0.0537308007479,0.401241987944,0.177524447441,-0.152566939592,0.393063396215,0.175396457314,-0.250071048737,0.383705288172,0.176145493984,-0.370116680861,0.375478774309,0.206587567925,-0.359338492155,0.510488390923,-0.0756083056331,-0.359338492155
1776892329.16,0.444064050913,0.153995037079,0.437980949879,0.431967824697,0.110910952091,0.348146915436,0.422889620066,0.106519505382,0.249425724149,0.412133306265,0.102043233812,0.150522530079,0.401250511408,0.0971920341253,0.0540527254343,0.38723602891,0.0920217707753,-0.0424254238605,0.373332291842,0.0908203125,-0.141762048006,0.357452303171,0.0887283310294,-0.238953739405,0.337847560644,0.0885775983334,-0.356005787849,0.380420893431,0.209653928876,-0.359338492155,0.510555505753,-0.0763033479452,-0.359338492155
1776892329.18,0.444566130638,0.154098197818,0.438843011856,0.431967824697,0.110910952091,0.348146915436,0.422889620066,0.106519505382,0.249425724149,0.412133306265,0.102043233812,0.150522530079,0.401250511408,0.0971920341253,0.0540527254343,0.38723602891,0.0920217707753,-0.0424254238605,0.373332291842,0.0908203125,-0.141762048006,0.357452303171,0.0887283310294,-0.238953739405,0.337847560644,0.0885775983334,-0.356005787849,0.385511487722,0.212548822165,-0.359338492155,0.509664058685,-0.0787681639194,-0.359338492155
1776892329.19,0.445100903511,0.154202744365,0.439617186785,0.431967824697,0.110910952091,0.348146915436,0.422889620066,0.106519505382,0.249425724149,0.412133306265,0.102043233812,0.150522530079,0.401250511408,0.0971920341253,0.0540527254343,0.38723602891,0.0920217707753,-0.0424254238605,0.373332291842,0.0908203125,-0.141762048006,0.357452303171,0.0887283310294,-0.238953739405,0.337847560644,0.0885775983334,-0.356005787849,0.390735656023,0.21527223289,-0.359338492155,0.508831620216,-0.083763577044,-0.359338492155
1776892329.21,0.446017086506,0.15430419147,0.440685093403,0.431967824697,0.110910952091,0.348146915436,0.422889620066,0.106519505382,0.249425724149,0.412133306265,0.102043233812,0.150522530079,0.401250511408,0.0971920341253,0.0540527254343,0.38723602891,0.0920217707753,-0.0424254238605,0.373332291842,0.0908203125,-0.141762048006,0.357452303171,0.0887283310294,-0.238953739405,0.337847560644,0.0885775983334,-0.356005787849,0.396079272032,0.217824757099,-0.359338492155,0.508316040039,-0.0868958085775,-0.359338492155
1776892329.22,0.447070270777,0.154362544417,0.441702336073,0.440473824739,0.153341323137,0.342676341534,0.438410490751,0.152539089322,0.243427425623,0.436700969934,0.153535366058,0.144684284925,0.433991342783,0.156577065587,0.0468140169978,0.429003983736,0.163218349218,-0.0505644977093,0.424775570631,0.175301864743,-0.148351043463,0.420558363199,0.189027830958,-0.245307564735,0.413158386946,0.209533572197,-0.363742351532,0.401528984308,0.220207482576,-0.359338492155,0.505902290344,-0.0954535827041,-0.359338492155
1776892329.24,0.448134928942,0.154355600476,0.442529439926,0.44152161479,0.153101399541,0.343401610851,0.439558595419,0.152362138033,0.244069308043,0.437947958708,0.153144747019,0.145214468241,0.435497015715,0.156765237451,0.0476494133472,0.430701583624,0.163439303637,-0.048875451088,0.428525179625,0.176185712218,-0.148384660482,0.423476070166,0.190371483564,-0.24481895566,0.417585998774,0.213397264481,-0.361947149038,0.407072097063,0.222421944141,-0.359338492155,0.504237532616,-0.100980758667,-0.359338492155
1776892329.25,0.450035184622,0.154241397977,0.443634390831,0.443404763937,0.153214097023,0.345037519932,0.44173631072,0.152583822608,0.245446681976,0.440582424402,0.153505802155,0.146382063627,0.439621835947,0.156927570701,0.0488805994391,0.434999078512,0.165050685406,-0.0480501353741,0.43370655179,0.179693296552,-0.145665377378,0.430342167616,0.194820120931,-0.242422372103,0.425844401121,0.218060880899,-0.360744774342,0.4126971066,0.224469974637,-0.359338492155,0.500907659531,-0.114626169205,-0.359338492155
1776892329.27,0.451900959015,0.154047980905,0.444409817457,0.444682151079,0.153643846512,0.345507979393,0.44310733676,0.153225004673,0.246080651879,0.442032188177,0.154282659292,0.146797850728,0.440938800573,0.158210545778,0.0495128259063,0.437534540892,0.166231736541,-0.0477824658155,0.436021894217,0.181537345052,-0.144719839096,0.434049099684,0.196997508407,-0.242061764002,0.430320471525,0.221109673381,-0.359374344349,0.418393164873,0.226353734732,-0.359338492155,0.499326378107,-0.122323215008,-0.359338492155
1776892329.28,0.453981757164,0.153893738985,0.444986909628,0.446970075369,0.154127255082,0.346754640341,0.445770293474,0.154979556799,0.247137099504,0.444515019655,0.156984463334,0.148042649031,0.443764656782,0.162220358849,0.0513029694557,0.440874308348,0.170938611031,-0.0466399639845,0.441954523325,0.185336455703,-0.143926680088,0.441145569086,0.201121762395,-0.240671753883,0.438959747553,0.224710568786,-0.358399182558,0.424150556326,0.228075519204,-0.359338492155,0.495584994555,-0.138881772757,-0.359338492155
1776892329.3,0.456161886454,0.15390753746,0.445408731699,0.448283046484,0.154679507017,0.347492158413,0.446865707636,0.156357243657,0.247786968946,0.445689469576,0.159326568246,0.148771062493,0.445262461901,0.164972469211,0.0519692227244,0.442973166704,0.173569411039,-0.0454023033381,0.444305747747,0.188484445214,-0.143014937639,0.443652123213,0.20355707407,-0.239932119846,0.443249017,0.226379424334,-0.358120143414,0.429960340261,0.229637801647,-0.359338492155,0.493568629026,-0.147750601172,-0.359338492155
1776892329.31,0.459095418453,0.154184982181,0.445840239525,0.451641887426,0.155786365271,0.348129361868,0.44972088933,0.159551993012,0.249040558934,0.448881655931,0.164298638701,0.149645134807,0.448739737272,0.171438023448,0.0526920855045,0.447994560003,0.180267721415,-0.0441825389862,0.450502485037,0.193641588092,-0.142376720905,0.450451642275,0.207843512297,-0.239817231894,0.452342182398,0.229354962707,-0.356845110655,0.435814529657,0.231043040752,-0.359338492155,0.489662915468,-0.165417760611,-0.359338492155
1776892329.33,0.461644530296,0.154618605971,0.445856779814,0.45323613286,0.156794145703,0.348501622677,0.451432019472,0.161399424076,0.249161481857,0.450793117285,0.166879042983,0.149717450142,0.450693994761,0.174596816301,0.0532382279634,0.450277835131,0.183730334044,-0.0445568412542,0.452938526869,0.196512028575,-0.142008334398,0.454409748316,0.2101842314,-0.239027172327,0.456718474627,0.229721426964,-0.357602834702,0.441705971956,0.232293710113,-0.359338492155,0.487806648016,-0.173962637782,-0.359338492155
1776892329.34,0.464462280273,0.155272364616,0.44560483098,0.457075804472,0.159139171243,0.348535776138,0.45552995801,0.165262103081,0.249585658312,0.454470068216,0.173052847385,0.150693282485,0.455027610064,0.182192191482,0.0541770756245,0.454308480024,0.191933557391,-0.0430873036385,0.458369463682,0.204164996743,-0.140906155109,0.461599379778,0.214706107974,-0.238907247782,0.465877979994,0.230858623981,-0.357564717531,0.44762840867,0.233392193913,-0.359338492155,0.484847694635,-0.190724819899,-0.359338492155
1776892329.36,0.467449635267,0.156102582812,0.445341348648,0.459188133478,0.160171121359,0.34891551733,0.457378834486,0.167629376054,0.24988476932,0.456887751818,0.175894454122,0.150606557727,0.457179039717,0.185383424163,0.054288521409,0.457714468241,0.194541022182,-0.0432445555925,0.46123072505,0.207062095404,-0.141228228807,0.464893966913,0.216855853796,-0.238371312618,0.469882398844,0.231110081077,-0.357746034861,0.453576236963,0.23434074223,-0.359338492155,0.483422070742,-0.198382228613,-0.359338492155
1776892329.37,0.470553576946,0.15698698163,0.444656163454,0.463193327188,0.163357943296,0.348627179861,0.462116450071,0.172173723578,0.249720528722,0.4617164433,0.182204514742,0.150899022818,0.46257480979,0.192945197225,0.0544484034181,0.463052123785,0.202536150813,-0.0432318150997,0.467672735453,0.212921097875,-0.141386777163,0.472114115953,0.221008986235,-0.23902592063,0.478196173906,0.23126527667,-0.357363432646,0.459544509649,0.235141411424,-0.359338492155,0.481417268515,-0.213354408741,-0.359338492155
1776892329.39,0.473381876945,0.157760560513,0.443933993578,0.465352982283,0.164711862803,0.348424017429,0.464144796133,0.174979925156,0.249627158046,0.464450806379,0.185383737087,0.150950148702,0.465920835733,0.196420654655,0.0542842000723,0.465808659792,0.20572437346,-0.0427403301001,0.47081682086,0.215993836522,-0.141320258379,0.475528806448,0.22281190753,-0.238983690739,0.482450217009,0.231794074178,-0.358421355486,0.465528935194,0.235795989633,-0.359338492155,0.480431228876,-0.220350131392,-0.359338492155
1776892329.4,0.477096825838,0.15877763927,0.443070173264,0.46998026967,0.167948380113,0.347457826138,0.469447463751,0.179613932967,0.249014630914,0.470285922289,0.191026434302,0.150308191776,0.471522837877,0.202356815338,0.0534502193332,0.472695320845,0.21178470552,-0.0435492992401,0.4779112041,0.220168590546,-0.142343103886,0.483191996813,0.225214809179,-0.239977031946,0.490747541189,0.231814756989,-0.359010100365,0.4715256989,0.23630605638,-0.359338492155,0.479232281446,-0.233413472772,-0.359338492155
1776892329.42,0.480917662382,0.159696802497,0.44194278121,0.472439736128,0.169469743967,0.346880376339,0.472337931395,0.181705325842,0.248413458467,0.473195225,0.193580329418,0.149760261178,0.475083559752,0.205344110727,0.0538497269154,0.477283447981,0.213217243552,-0.0442328900099,0.482080489397,0.221912711859,-0.142597228289,0.487164586782,0.226408585906,-0.239861935377,0.49429038167,0.231761574745,-0.35929787159,0.477531403303,0.236672833562,-0.359338492155,0.478118568659,-0.239289581776,-0.359338492155
1776892329.43,0.484639912844,0.160507425666,0.440855771303,0.477946132421,0.172511428595,0.34557557106,0.477911740541,0.185654431581,0.247454077005,0.479833692312,0.198207870126,0.14853669703,0.482040911913,0.209293931723,0.0523204505444,0.483500093222,0.218096867204,-0.0452452749014,0.489915519953,0.22450748086,-0.143718183041,0.495116621256,0.22783587873,-0.241442799568,0.501846909523,0.23260615766,-0.360767602921,0.483542948961,0.236897230148,-0.359338492155,0.477318495512,-0.250189721584,-0.359338492155
1776892329.45,0.488561362028,0.161218002439,0.439754545689,0.480559915304,0.173711135983,0.345014333725,0.481127649546,0.187400728464,0.246854901314,0.48291566968,0.200000092387,0.148019835353,0.485462158918,0.210912764072,0.0512865781784,0.487613886595,0.21900972724,-0.0463052988052,0.494089990854,0.225454702973,-0.144438654184,0.498949855566,0.228580698371,-0.242089182138,0.505324244499,0.232567444444,-0.361098080873,0.489557474852,0.236979842186,-0.359338492155,0.477257221937,-0.255596041679,-0.359338492155
1776892329.46,0.492563158274,0.16173261404,0.438549667597,0.483626574278,0.174701079726,0.343958765268,0.48425462842,0.188541576266,0.246263295412,0.4867143929,0.201052621007,0.147366970778,0.489238649607,0.212224379182,0.0506644919515,0.492239147425,0.219320088625,-0.0468435287476,0.498070687056,0.225868538022,-0.145557224751,0.502897143364,0.228841915727,-0.24262586236,0.50944674015,0.233287423849,-0.362516015768,0.495572239161,0.236920833588,-0.359338492155,0.477168291807,-0.260248452425,-0.359338492155
1776892329.48,0.496713846922,0.162121772766,0.437416046858,0.486839145422,0.175530537963,0.343145251274,0.487961560488,0.189255982637,0.245010912418,0.490354806185,0.201859548688,0.147035583854,0.493207782507,0.212601393461,0.0499881207943,0.496044665575,0.21973092854,-0.0479107052088,0.501645088196,0.226647719741,-0.146100759506,0.506673693657,0.229099974036,-0.243919640779,0.512836456299,0.233404204249,-0.363234132528,0.501584529877,0.236720100045,-0.359338492155,0.477203994989,-0.264408618212,-0.359338492155
1776892329.49,0.501136243343,0.162272080779,0.436196357012,0.496168643236,0.176600590348,0.340714633465,0.498329907656,0.18967923522,0.242901429534,0.501891255379,0.201756924391,0.144222706556,0.506087183952,0.211687356234,0.0474481061101,0.50859105587,0.219296276569,-0.0503557324409,0.513854384422,0.225961148739,-0.149132311344,0.517738103867,0.229307293892,-0.246356785297,0.522916197777,0.233851864934,-0.36594799161,0.507591366768,0.236377105117,-0.359338492155,0.477161735296,-0.274860709906,-0.359338492155
1776892329.51,0.505003094673,0.162295356393,0.435117185116,0.49916473031,0.176691561937,0.340026319027,0.502002716064,0.189027309418,0.242070496082,0.50636100769,0.200624346733,0.143223851919,0.509728312492,0.210821896791,0.0463407114148,0.512405395508,0.218581929803,-0.0509693175554,0.517426490784,0.225667193532,-0.149827510118,0.521202683449,0.228860720992,-0.246942847967,0.526299118996,0.234813287854,-0.366589665413,0.513589859009,0.235890999436,-0.359338492155,0.477294594049,-0.277826070786,-0.359338492155
1776892329.52,0.509124815464,0.162305489182,0.434106528759,0.50560772419,0.176187798381,0.338497817516,0.509474039078,0.18724155426,0.240210205317,0.513773083687,0.197588056326,0.141455113888,0.517789006233,0.207585290074,0.0443792790174,0.519657731056,0.216242104769,-0.0532333552837,0.525305509567,0.22337821126,-0.151366561651,0.528753042221,0.228231906891,-0.249136388302,0.533559918404,0.235197260976,-0.368363410234,0.51957654953,0.235260605812,-0.359338492155,0.477484971285,-0.282486081123,-0.359338492155
1776892329.54,0.513078391552,0.162308886647,0.432893872261,0.508803367615,0.175585895777,0.337923169136,0.512797832489,0.186149895191,0.239613056183,0.517795205116,0.196313843131,0.140410795808,0.521940350533,0.205751955509,0.0437821447849,0.523683786392,0.214031755924,-0.0539337694645,0.529736876488,0.221642121673,-0.152429819107,0.532604813576,0.227237194777,-0.250033408403,0.536581397057,0.235423728824,-0.369158685207,0.525547862053,0.234484404325,-0.359338492155,0.477721244097,-0.284241735935,-0.359338492155
1776892329.55,0.516974687576,0.162452831864,0.432002544403,0.515125513077,0.174523919821,0.336028367281,0.519666671753,0.1835693717,0.237470090389,0.524838685989,0.192534059286,0.138833135366,0.529660582542,0.20149461925,0.0424473211169,0.532512903214,0.209211468697,-0.0556187778711,0.537470340729,0.218689367175,-0.15399774909,0.539939761162,0.225372314453,-0.25133946538,0.543075323105,0.23562900722,-0.370571315289,0.531499385834,0.233560651541,-0.359338492155,0.477948278189,-0.287058740854,-0.359338492155
1776892329.57,0.520659446716,0.162694647908,0.430986195803,0.517984032631,0.17411197722,0.335292696953,0.522531032562,0.18235912919,0.236632168293,0.528016448021,0.190602436662,0.137887954712,0.533186197281,0.199489980936,0.041262447834,0.535086631775,0.207858800888,-0.0566042363644,0.541226148605,0.21668471396,-0.155078142881,0.543074846268,0.224105477333,-0.25249055028,0.546191692352,0.236004367471,-0.371520608664,0.53742647171,0.232487291098,-0.359338492155,0.478275090456,-0.288485378027,-0.359338492155
1776892329.58,0.524198889732,0.163019791245,0.430249810219,0.523807644844,0.173180341721,0.333942592144,0.528513431549,0.179945275187,0.235239833593,0.534559726715,0.187098532915,0.136026084423,0.539458394051,0.194829881191,0.0393329039216,0.541690826416,0.202895879745,-0.0579561144114,0.547511100769,0.212636828423,-0.156502425671,0.549623966217,0.222068533301,-0.253429234028,0.553167819977,0.235695660114,-0.372763693333,0.543323516846,0.231262147427,-0.359338492155,0.478794425726,-0.290424257517,-0.359338492155
1776892329.6,0.527491927147,0.163378253579,0.429475009441,0.52636384964,0.172784879804,0.333401620388,0.531608104706,0.178991436958,0.234628334641,0.537826061249,0.18506847322,0.135257855058,0.542872309685,0.19266217947,0.0385035276413,0.545169591904,0.200322806835,-0.0587914288044,0.550933361053,0.210779637098,-0.15652051568,0.553557872772,0.220747813582,-0.25439119339,0.556167244911,0.235310271382,-0.373644143343,0.549184322357,0.229882836342,-0.359338492155,0.479126363993,-0.291231304407,-0.359338492155
1776892329.61,0.530548512936,0.16366353631,0.428772568703,0.531422376633,0.172412320971,0.332180857658,0.537071347237,0.177259102464,0.233490169048,0.543444395065,0.182012110949,0.134062245488,0.548805952072,0.188520237803,0.0370717048645,0.551916003227,0.19572083652,-0.0601844489574,0.556746840477,0.207081094384,-0.158590883017,0.56011223793,0.218005865812,-0.255624562502,0.562977910042,0.234469234943,-0.374212563038,0.555002093315,0.228346914053,-0.359338492155,0.479380339384,-0.292744517326,-0.359338492155
1776892329.63,0.533772170544,0.163888961077,0.428267985582,0.53359568119,0.172433078289,0.331510305405,0.539481401443,0.176610976458,0.232887342572,0.546008944511,0.180813357234,0.133779510856,0.551431894302,0.187060147524,0.0363391935825,0.554773926735,0.193688377738,-0.0610049813986,0.559884428978,0.205492123961,-0.159229129553,0.562402129173,0.216818913817,-0.255803734064,0.566265702248,0.233797490597,-0.374765872955,0.560768723488,0.226651877165,-0.359338492155,0.47938105464,-0.293992221355,-0.359338492155
1776892329.64,0.536023497581,0.163949131966,0.42777466774,0.538252711296,0.172245278955,0.330682814121,0.544130086899,0.175232812762,0.231949791312,0.550739407539,0.179209142923,0.132599234581,0.556238293648,0.184208869934,0.0355383977294,0.559590339661,0.191187098622,-0.0623150467873,0.56563770771,0.202506273985,-0.159514337778,0.569101214409,0.214016437531,-0.256708681583,0.572549462318,0.231730952859,-0.375592172146,0.566475749016,0.224795281887,-0.359338492155,0.47913262248,-0.296102583408,-0.359338492155
1776892329.66,0.5384349823,0.163770064712,0.427340388298,0.540039300919,0.172087028623,0.330268383026,0.546088337898,0.175035908818,0.231487482786,0.552834749222,0.178288623691,0.132361441851,0.558955788612,0.183592036366,0.0353012681007,0.562399625778,0.189974099398,-0.0621791183949,0.568614959717,0.201167747378,-0.159915417433,0.571710586548,0.212784379721,-0.257049590349,0.575876235962,0.230034291744,-0.375966697931,0.572113275528,0.222774773836,-0.359338492155,0.47874084115,-0.296865522861,-0.359338492155
1776892329.67,0.540708720684,0.16335581243,0.427104949951,0.54355430603,0.172531038523,0.329537689686,0.549682378769,0.175359174609,0.230776757002,0.556439638138,0.177924484015,0.132080942392,0.562923550606,0.182903915644,0.0347927361727,0.566506266594,0.189200371504,-0.0626405924559,0.573191642761,0.199134290218,-0.160764992237,0.577322363853,0.210121721029,-0.258012443781,0.582576870918,0.226620227098,-0.37669685483,0.577670812607,0.220588207245,-0.359338492155,0.478064090014,-0.298930764198,-0.359338492155
1776892329.69,0.542808592319,0.162610307336,0.426976889372,0.545392632484,0.172473728657,0.329411149025,0.55135178566,0.175284251571,0.230674445629,0.558329105377,0.178380772471,0.13147816062,0.564593791962,0.182685181499,0.0346048027277,0.568776845932,0.18862362206,-0.0630883276463,0.575616121292,0.198926329613,-0.161315381527,0.580108642578,0.208690837026,-0.258142083883,0.585728406906,0.225082755089,-0.376683205366,0.583136916161,0.218233630061,-0.359338492155,0.477560728788,-0.299901485443,-0.359338492155
1776892329.7,0.54464161396,0.161532893777,0.426836669445,0.54815030098,0.172359526157,0.329045057297,0.554239869118,0.17605432868,0.230226412416,0.561128497124,0.179463401437,0.131192922592,0.567954778671,0.184218198061,0.034508369863,0.572244763374,0.18959055841,-0.0635741502047,0.580544829369,0.198069497943,-0.161162108183,0.585294961929,0.206502079964,-0.25908651948,0.591915130615,0.219628766179,-0.377592593431,0.588499188423,0.215709492564,-0.359338492155,0.476752668619,-0.302515715361,-0.359338492155
1776892329.72,0.546350002289,0.160131558776,0.426789522171,0.549817800522,0.17220595479,0.328996002674,0.555484175682,0.17643623054,0.230188220739,0.562514543533,0.180455103517,0.131042584777,0.569525837898,0.185060486197,0.0343123674393,0.574215888977,0.189654588699,-0.0636824965477,0.581692218781,0.197761997581,-0.161752909422,0.587826490402,0.205187559128,-0.259380877018,0.594999909401,0.217561602592,-0.378052860498,0.593744277954,0.213014617562,-0.359338492155,0.476319223642,-0.303740590811,-0.359338492155
1776892329.73,0.548168301582,0.158230707049,0.426965713501,0.552076339722,0.171335995197,0.328833937645,0.557988643646,0.177022889256,0.230427503586,0.565063357353,0.181869342923,0.131133541465,0.572384357452,0.186967566609,0.0339850261807,0.577592849731,0.191393271089,-0.0632673949003,0.586442708969,0.197661846876,-0.162136495113,0.593009829521,0.202776625752,-0.259338974953,0.601447224617,0.211670801044,-0.378554314375,0.598858118057,0.210148334503,-0.359338492155,0.475462466478,-0.305727362633,-0.359338492155
1776892329.75,0.549825549126,0.156011328101,0.427274256945,0.553339004517,0.170623898506,0.329295903444,0.559401273727,0.176972582936,0.230374336243,0.566394805908,0.18260961771,0.131060808897,0.573502540588,0.188031762838,0.0344687998295,0.57896900177,0.192295506597,-0.06295388937,0.588329553604,0.197875961661,-0.161645889282,0.595288157463,0.201611742377,-0.259145110846,0.604441523552,0.208356142044,-0.378717750311,0.603825926781,0.207110509276,-0.359338492155,0.474851876497,-0.306204408407,-0.359338492155
1776892329.76,0.551104009151,0.153828322887,0.42759346962,0.55591070652,0.169091418386,0.32935038209,0.561675190926,0.176680371165,0.230755537748,0.568802952766,0.183566212654,0.131901919842,0.576304078102,0.189708411694,0.0348963364959,0.582260131836,0.193089604378,-0.0627227276564,0.591644644737,0.197680056095,-0.161353677511,0.599731087685,0.199169769883,-0.258328765631,0.609563112259,0.20259386301,-0.378104656935,0.608632445335,0.203901693225,-0.359338492155,0.474307924509,-0.30654925108,-0.359338492155
1776892329.78,0.552318811417,0.151188060641,0.428109139204,0.556959152222,0.167991220951,0.329734236002,0.563000679016,0.176058009267,0.231194198132,0.570177197456,0.183809459209,0.13219819963,0.577682137489,0.189988270402,0.0352666527033,0.583577632904,0.19398342073,-0.0622761696577,0.593999862671,0.197153225541,-0.160633683205,0.601927876472,0.197750687599,-0.258312016726,0.612313508987,0.199365645647,-0.377531260252,0.613261699677,0.200523078442,-0.359338492155,0.473935693502,-0.306412279606,-0.359338492155
1776892329.79,0.55322098732,0.148433446884,0.42865729332,0.559884190559,0.163610607386,0.330655753613,0.566302537918,0.173594772816,0.232134401798,0.573699712753,0.182040244341,0.133377969265,0.581694602966,0.18919916451,0.0365372598171,0.588567376137,0.192786037922,-0.0609017014503,0.599101901054,0.19502094388,-0.159187316895,0.607927203178,0.192892253399,-0.256668895483,0.620071172714,0.190648391843,-0.376174539328,0.617697358131,0.19697663188,-0.359338492155,0.473597794771,-0.306130468845,-0.359338492155
1776892329.81,0.553772449493,0.146052375436,0.429120093584,0.559884190559,0.163610607386,0.330655753613,0.566302537918,0.173594772816,0.232134401798,0.573699712753,0.182040244341,0.133377969265,0.581694602966,0.18919916451,0.0365372598171,0.588567376137,0.192786037922,-0.0609017014503,0.599101901054,0.19502094388,-0.159187316895,0.607927203178,0.192892253399,-0.256668895483,0.620071172714,0.190648391843,-0.376174539328,0.621923089027,0.193265110254,-0.359338492155,0.473597794771,-0.306130468845,-0.359338492155
1776892329.82,0.55416148901,0.143471032381,0.429632842541,0.561402797699,0.160618573427,0.331281304359,0.568204402924,0.170439720154,0.232973173261,0.576300144196,0.179475083947,0.134191960096,0.584416627884,0.186771869659,0.0375857949257,0.591626644135,0.190229997039,-0.0597928017378,0.602499723434,0.191818922758,-0.158107936382,0.611824274063,0.188886076212,-0.255384474993,0.624293446541,0.185192987323,-0.375058323145,0.625922083855,0.189392119646,-0.359338492155,0.474229604006,-0.306448787451,-0.359338492155
1776892329.84,0.554333686829,0.14091438055,0.430183261633,0.561917185783,0.158685788512,0.331509709358,0.569046854973,0.168527603149,0.233402445912,0.577310681343,0.177614301443,0.13458801806,0.585878610611,0.18504832685,0.037984803319,0.59312582016,0.188378706574,-0.0597108155489,0.6039737463,0.189884871244,-0.158090353012,0.613779067993,0.186577662826,-0.255148589611,0.626203417778,0.182585120201,-0.374520212412,0.62967813015,0.1853620857,-0.359338492155,0.474220842123,-0.306445598602,-0.359338492155
1776892329.85,0.554367363453,0.138367518783,0.43077686429,0.562417507172,0.154752090573,0.332470268011,0.570193171501,0.164369389415,0.234311819077,0.57939016819,0.172916591167,0.135450169444,0.588617920876,0.180080473423,0.038904517889,0.596499681473,0.182758674026,-0.0587516576052,0.607828378677,0.184068128467,-0.156990975142,0.617761731148,0.181201189756,-0.253955930471,0.629988193512,0.177883327007,-0.373887419701,0.633175134659,0.18118031323,-0.359338492155,0.47399237752,-0.306365609169,-0.359338492155
1776892329.87,0.554255783558,0.135918855667,0.431386053562,0.562289953232,0.152751147747,0.332704365253,0.570739269257,0.161871343851,0.234335422516,0.580235481262,0.16995485127,0.13603246212,0.58992767334,0.176559150219,0.0389738827944,0.597909092903,0.179801672697,-0.0580422580242,0.609831213951,0.180845856667,-0.156095981598,0.619320511818,0.178346142173,-0.253703922033,0.631934165955,0.175655201077,-0.373376756907,0.636397361755,0.176852956414,-0.359338492155,0.47400650382,-0.30636292696,-0.359338492155
1776892329.88,0.554036617279,0.133530661464,0.432003349066,0.562119722366,0.148394480348,0.333796620369,0.571313261986,0.156103789806,0.235275194049,0.581786513329,0.163063958287,0.136754512787,0.592458486557,0.168876245618,0.0397803410888,0.600739955902,0.172120183706,-0.0571255832911,0.612781643867,0.173759937286,-0.155483484268,0.62279689312,0.172516614199,-0.252852976322,0.634889483452,0.17189219594,-0.372726619244,0.639329910278,0.172386959195,-0.359338492155,0.473636299372,-0.306276261806,-0.359338492155
1776892329.9,0.553794980049,0.131730213761,0.432488918304,0.562137961388,0.146100446582,0.334212779999,0.571397662163,0.153176233172,0.23579955101,0.58226776123,0.159322753549,0.136752128601,0.59301841259,0.164879977703,0.0403554588556,0.602400183678,0.167474597692,-0.0568112432957,0.614502072334,0.170270755887,-0.155558496714,0.624388694763,0.169239938259,-0.252452194691,0.63637638092,0.169802650809,-0.37227872014,0.641958594322,0.16779011488,-0.359338492155,0.47373482585,-0.306430548429,-0.359338492155
1776892329.91,0.553328275681,0.129073172808,0.433229267597,0.562042474747,0.141263335943,0.334856510162,0.571804285049,0.146480917931,0.236448407173,0.583188772202,0.151323065162,0.137738794088,0.595086336136,0.155582711101,0.0413746312261,0.604584693909,0.158267229795,-0.0563922971487,0.616848945618,0.161642283201,-0.154541015625,0.627036690712,0.162437319756,-0.251421928406,0.638743877411,0.165745913982,-0.370899617672,0.644270539284,0.163070887327,-0.359338492155,0.473572522402,-0.306284785271,-0.359338492155
1776892329.93,0.552939414978,0.127273216844,0.433721482754,0.562068462372,0.138987749815,0.335246026516,0.571922779083,0.143281325698,0.236918225884,0.583679914474,0.146929636598,0.138109669089,0.595316290855,0.150996059179,0.0414918288589,0.605707764626,0.153381213546,-0.0554495602846,0.617590427399,0.157797455788,-0.154975742102,0.627888798714,0.159319624305,-0.251119315624,0.640404343605,0.163938164711,-0.370232313871,0.646253705025,0.158238455653,-0.359338492155,0.473621100187,-0.306249111891,-0.359338492155
1776892329.94,0.552482545376,0.125469446182,0.434251308441,0.56182384491,0.134238436818,0.336059749126,0.572580575943,0.136276885867,0.237547755241,0.584245681763,0.138708367944,0.138799414039,0.596081852913,0.141427457333,0.0424176380038,0.606184124947,0.143860906363,-0.0548830479383,0.618734121323,0.149060279131,-0.152703791857,0.629755020142,0.152427896857,-0.250009447336,0.642183065414,0.15992423892,-0.369157791138,0.647897720337,0.153302550316,-0.359338492155,0.473607510328,-0.306285232306,-0.359338492155
1776892329.96,0.551944494247,0.123675964773,0.434702247381,0.561725854874,0.13198569417,0.33658015728,0.572237372398,0.133104652166,0.237998574972,0.584163188934,0.134534046054,0.139134094119,0.59642136097,0.136736109853,0.0426482483745,0.606396436691,0.139368966222,-0.0549406409264,0.619471907616,0.144777268171,-0.152344495058,0.63028216362,0.149225234985,-0.24964004755,0.643542170525,0.157768443227,-0.368405520916,0.649193406105,0.148273408413,-0.359338492155,0.473640948534,-0.306304007769,-0.359338492155
1776892329.97,0.551385760307,0.122033916414,0.435094714165,0.561471819878,0.127907261252,0.33717238903,0.572376251221,0.126775503159,0.238783180714,0.584538459778,0.126783579588,0.139990836382,0.596249103546,0.128262922168,0.0432070940733,0.606669187546,0.130480527878,-0.05361738801,0.619378328323,0.136755600572,-0.153047382832,0.631412386894,0.142695531249,-0.248404413462,0.645214080811,0.153416454792,-0.367005884647,0.650133371353,0.143161684275,-0.359338492155,0.473600655794,-0.306295186281,-0.359338492155
1776892329.99,0.550695061684,0.120151177049,0.435599654913,0.561200618744,0.125769779086,0.337792575359,0.572207212448,0.124087929726,0.239211514592,0.584089398384,0.123504117131,0.140284225345,0.595917582512,0.124545246363,0.0440017804503,0.606339931488,0.126625463367,-0.0531117618084,0.619581580162,0.132905721664,-0.151077002287,0.631336927414,0.139401569963,-0.248241007328,0.645957946777,0.150563567877,-0.366415560246,0.650711774826,0.13797827065,-0.359338492155,0.473624497652,-0.306283473969,-0.359338492155
1776892330,0.549826145172,0.118183903396,0.436130672693,0.560142993927,0.122075513005,0.338101476431,0.571366667747,0.11924353987,0.240125775337,0.583404660225,0.11725795269,0.140817731619,0.595372676849,0.117656230927,0.0444972217083,0.605444192886,0.119893930852,-0.0525617450476,0.619472980499,0.126108497381,-0.150962680578,0.63156247139,0.133090719581,-0.247492879629,0.647104263306,0.144822522998,-0.364946365356,0.650924444199,0.132734239101,-0.359338492155,0.473590582609,-0.306279927492,-0.359338492155
1776892330.02,0.54893475771,0.11650364846,0.436538279057,0.559351682663,0.120690762997,0.3386926651,0.570784211159,0.117263384163,0.240217208862,0.583064436913,0.114855125546,0.1415040344,0.594736456871,0.114962309599,0.0447730869055,0.605183124542,0.116984419525,-0.0523233860731,0.619085073471,0.123195648193,-0.150228381157,0.631828784943,0.130205199122,-0.246835380793,0.647134423256,0.14190813899,-0.364634156227,0.650768995285,0.1274407655,-0.359338492155,0.473611146212,-0.306269943714,-0.359338492155
1776892330.03,0.547719657421,0.114236272871,0.436966627836,0.558074235916,0.117658302188,0.339385509491,0.569033145905,0.114248745143,0.240951821208,0.581129789352,0.110939867795,0.142167329788,0.593343257904,0.110270492733,0.0458249300718,0.604344248772,0.112102717161,-0.0521934777498,0.618649721146,0.117684736848,-0.150343477726,0.63143825531,0.124028265476,-0.245949625969,0.6477663517,0.13569137454,-0.364426583052,0.650244832039,0.122108876705,-0.359338492155,0.473454505205,-0.306197911501,-0.359338492155
1776892330.05,0.546577453613,0.112105228007,0.43728902936,0.557240843773,0.116247475147,0.3395575881,0.56801378727,0.112825386226,0.24097430706,0.580228447914,0.109868437052,0.142228215933,0.592734217644,0.10907305032,0.0454879254103,0.603790163994,0.109939612448,-0.0515876412392,0.618199586868,0.115307047963,-0.14946192503,0.631323218346,0.121158182621,-0.245609402657,0.647946953773,0.13216817379,-0.364033252001,0.649353146553,0.116749510169,-0.359338492155,0.473699301481,-0.306498378515,-0.359338492155
1776892330.06,0.545331835747,0.109770044684,0.437621772289,0.555983543396,0.115243308246,0.339674115181,0.567251324654,0.111952796578,0.241121545434,0.579317450523,0.108946301043,0.142236202955,0.591733932495,0.107712842524,0.0459670200944,0.603067755699,0.108151488006,-0.0510400682688,0.617773294449,0.113030403852,-0.148868709803,0.631029248238,0.118327483535,-0.245743185282,0.647291183472,0.128457382321,-0.363562077284,0.648096442223,0.111373260617,-0.359338492155,0.473593860865,-0.306274563074,-0.359338492155
1776892330.08,0.543804109097,0.106760151684,0.43807220459,0.553751468658,0.112312808633,0.340205878019,0.564928531647,0.110116265714,0.241619467735,0.577052474022,0.107924953103,0.142830461264,0.589942574501,0.106886006892,0.0462091267109,0.601197838783,0.10691151768,-0.0509837269783,0.616716146469,0.109427735209,-0.148637235165,0.629936337471,0.11330447346,-0.245192319155,0.646667003632,0.120392978191,-0.363258928061,0.646479249001,0.105990357697,-0.359338492155,0.473628431559,-0.306265890598,-0.359338492155
1776892330.09,0.54229581356,0.103514157236,0.438661724329,0.551612257957,0.10959071666,0.340326428413,0.562702536583,0.108639724553,0.242283135653,0.574737668037,0.107286967337,0.143769487739,0.58764898777,0.106492340565,0.0470329970121,0.59942471981,0.105800807476,-0.0504437536001,0.614444971085,0.107271596789,-0.148318082094,0.628375530243,0.108390808105,-0.244806349277,0.645525455475,0.112477496266,-0.363130420446,0.644507527351,0.100610546768,-0.359338492155,0.473598510027,-0.306332051754,-0.359338492155
1776892330.11,0.540569841862,0.0995755791664,0.43920686841,0.550578474998,0.10825714469,0.34108966589,0.561447024345,0.107941128314,0.242391839623,0.573903799057,0.107229046524,0.143788009882,0.586876392365,0.106537953019,0.0471768677235,0.59853386879,0.10566367954,-0.0499580800533,0.613769888878,0.106362186372,-0.148440092802,0.627722740173,0.106100045145,-0.244054466486,0.644765615463,0.108272120357,-0.36287894845,0.642188310623,0.0952430069447,-0.359338492155,0.473637849092,-0.306262373924,-0.359338492155
1776892330.12,0.538944005966,0.0953744798899,0.439663827419,0.548437714577,0.104769341648,0.34148862958,0.559125065804,0.106159567833,0.242965757847,0.571423888206,0.106791183352,0.144231498241,0.584285736084,0.106858357787,0.0479318872094,0.596214771271,0.105394653976,-0.0489765554667,0.611275434494,0.104731619358,-0.14821138978,0.625138521194,0.101784773171,-0.243526518345,0.642465353012,0.0995975136757,-0.362418651581,0.639530301094,0.089896298945,-0.359338492155,0.473653405905,-0.306217133999,-0.359338492155
1776892330.14,0.537306845188,0.0907012522221,0.440214306116,0.547024250031,0.102805763483,0.342080056667,0.557886958122,0.104924224317,0.243557214737,0.570245027542,0.106328502297,0.144925877452,0.583222389221,0.107226155698,0.0479833707213,0.594933509827,0.105233855546,-0.0484314411879,0.609639167786,0.103836551309,-0.147499203682,0.62359046936,0.0994345247746,-0.242861270905,0.641625881195,0.0955119803548,-0.361676722765,0.636543154716,0.08457826823,-0.359338492155,0.473639398813,-0.30626437068,-0.359338492155
1776892330.15,0.535647332668,0.0856153517962,0.440910726786,0.544775605202,0.0983360558748,0.342417538166,0.55546605587,0.102240882814,0.244325324893,0.567743420601,0.105225324631,0.14563447237,0.58048248291,0.106150470674,0.0493169724941,0.591995358467,0.104843191803,-0.0483307540417,0.606712460518,0.101240493357,-0.146039694548,0.620830655098,0.0947819575667,-0.241991013288,0.638520598412,0.0872274339199,-0.360397607088,0.633237719536,0.079296015203,-0.359338492155,0.473644226789,-0.306258589029,-0.359338492155
1776892330.17,0.533936738968,0.0802243500948,0.441410899162,0.543370723724,0.0959179773927,0.343150526285,0.554105877876,0.100622080266,0.244978830218,0.566446423531,0.10420448333,0.146080255508,0.579086065292,0.10591839999,0.0492888614535,0.590782046318,0.103183783591,-0.0469034165144,0.605697393417,0.100093647838,-0.145776242018,0.61920773983,0.0924167856574,-0.241080611944,0.636655569077,0.0831545069814,-0.360390245914,0.629625558853,0.0740558803082,-0.359338492155,0.4736507833,-0.306229293346,-0.359338492155
1776892330.18,0.532276034355,0.0744878649712,0.441892504692,0.540907621384,0.0901003107429,0.343957006931,0.551663756371,0.096186965704,0.245511472225,0.563541769981,0.101171553135,0.146822780371,0.576016902924,0.103267692029,0.0508038774133,0.587429285049,0.101044669747,-0.0463029742241,0.602061152458,0.0961252897978,-0.144544780254,0.615800142288,0.0871080458164,-0.240385383368,0.632712006569,0.0760539025068,-0.359420210123,0.625719070435,0.0688633695245,-0.359338492155,0.473599165678,-0.306226551533,-0.359338492155
1776892330.2,0.530600845814,0.0686626061797,0.442511975765,0.539736509323,0.0868781134486,0.344275474548,0.550169467926,0.0935133621097,0.246181547642,0.561952710152,0.0991857871413,0.147514224052,0.574282407761,0.101709343493,0.0507957860827,0.585780382156,0.0990809798241,-0.0457158982754,0.600274324417,0.0941253826022,-0.144207507372,0.61409330368,0.0841299593449,-0.240085631609,0.63040471077,0.0725492984056,-0.358681470156,0.621531128883,0.0637231990695,-0.359338492155,0.473592787981,-0.306278675795,-0.359338492155
1776892330.21,0.528549253941,0.0622472427785,0.443121731281,0.537078380585,0.079323425889,0.345173090696,0.547169089317,0.0870588943362,0.247106477618,0.558835506439,0.093434907496,0.148610532284,0.571217656136,0.0961129665375,0.0518218949437,0.58221745491,0.0937411934137,-0.0453149229288,0.596253752708,0.0884972587228,-0.143699556589,0.609589457512,0.0786726027727,-0.238990962505,0.625714063644,0.0660521611571,-0.357883423567,0.617075324059,0.0586392432451,-0.359338492155,0.473580032587,-0.306282639503,-0.359338492155
1776892330.23,0.526992022991,0.0577681921422,0.443429112434,0.535564184189,0.0752325505018,0.345760554075,0.545838236809,0.0833686813712,0.247512459755,0.557408928871,0.0897246599197,0.148638263345,0.569335460663,0.0929331704974,0.0520544722676,0.580013394356,0.090933136642,-0.0448379069567,0.594284534454,0.0853546559811,-0.142876774073,0.607391476631,0.0754174515605,-0.239033699036,0.623159766197,0.0633725896478,-0.357830554247,0.612365365028,0.0536145716906,-0.359338492155,0.473588973284,-0.30626553297,-0.359338492155
1776892330.24,0.524429678917,0.0513919666409,0.443973243237,0.533251404762,0.0671044439077,0.346035718918,0.543098926544,0.0745132416487,0.247953638434,0.55403637886,0.0806922614574,0.149353027344,0.565779685974,0.0842386856675,0.0529371872544,0.576219797134,0.0826810002327,-0.0440096408129,0.590187072754,0.0781158879399,-0.142889738083,0.602603793144,0.0693228840828,-0.238761842251,0.617792129517,0.0581615418196,-0.357724189758,0.607415318489,0.0486514493823,-0.359338492155,0.473647683859,-0.306300610304,-0.359338492155
1776892330.26,0.522462785244,0.0469397567213,0.444389939308,0.531656384468,0.0627763718367,0.346549630165,0.54146873951,0.06960965693,0.248415574431,0.552770733833,0.0756919682026,0.149477645755,0.564161419868,0.0791963413358,0.0527981221676,0.574303746223,0.078075543046,-0.0443041026592,0.587778329849,0.0743049383163,-0.142540067434,0.600130558014,0.065526381135,-0.238215714693,0.615152001381,0.0557369291782,-0.357764482498,0.602239251137,0.0437513664365,-0.359338492155,0.47364667058,-0.306301504374,-0.359338492155
1776892330.27,0.520044624805,0.042181994766,0.444624215364,0.528481245041,0.0544436872005,0.347100019455,0.538397312164,0.0597944259644,0.248793795705,0.54921746254,0.0643097013235,0.149836868048,0.560325264931,0.0674111172557,0.0534419491887,0.569989681244,0.0671000108123,-0.0439687520266,0.582528114319,0.0656193867326,-0.142202079296,0.594498515129,0.0586496554315,-0.238807410002,0.609309673309,0.0516317598522,-0.357566177845,0.596851468086,0.0389150716364,-0.359338492155,0.473633080721,-0.306239962578,-0.359338492155
1776892330.29,0.517505645752,0.037701126188,0.44480317831,0.526919841766,0.0502431951463,0.347440868616,0.536602258682,0.0546368397772,0.248378664255,0.547485351562,0.0583307519555,0.150081604719,0.55833876133,0.0613919496536,0.0528725460172,0.567450404167,0.0617565587163,-0.0439301133156,0.580259561539,0.0604352876544,-0.142489433289,0.591604590416,0.0554065667093,-0.238593012094,0.605812072754,0.0496406368911,-0.35859555006,0.591266036034,0.0341425910592,-0.359338492155,0.473598152399,-0.306272923946,-0.359338492155
1776892330.3,0.514921844006,0.0335906073451,0.445107519627,0.523096680641,0.0423663929105,0.347837001085,0.533328294754,0.0442625582218,0.249063283205,0.543597459793,0.0466538220644,0.150166064501,0.554306387901,0.0485050268471,0.0534278675914,0.563279628754,0.0485219582915,-0.0435923784971,0.574546694756,0.0498264916241,-0.142484039068,0.586086273193,0.0472346805036,-0.238890498877,0.59937107563,0.0464508570731,-0.358475208282,0.585496902466,0.0294332802296,-0.359338492155,0.473642557859,-0.306188106537,-0.359338492155
1776892330.32,0.512371778488,0.0300085637718,0.445116013288,0.521347165108,0.0383744165301,0.347691267729,0.530968546867,0.0394375734031,0.249211072922,0.541466474533,0.0404818430543,0.150263831019,0.552065014839,0.0418881624937,0.0534894689918,0.560302138329,0.0427698865533,-0.044048294425,0.572311162949,0.0437817983329,-0.141926288605,0.582627177238,0.0430342741311,-0.239675879478,0.595493793488,0.0444558635354,-0.358529001474,0.57955801487,0.0247858650982,-0.359338492155,0.473606675863,-0.306294202805,-0.359338492155
1776892330.33,0.510280311108,0.0273510422558,0.445048481226,0.518926024437,0.0348223373294,0.348183989525,0.528921246529,0.0345646776259,0.24930074811,0.53940486908,0.0346828363836,0.150346815586,0.54979801178,0.0358462780714,0.0532857552171,0.558044910431,0.0361354202032,-0.0438773781061,0.569751620293,0.0381851680577,-0.142396509647,0.5799254179,0.0390130355954,-0.238739162683,0.592024922371,0.0427675619721,-0.358476400375,0.573462843895,0.0201984755695,-0.359338492155,0.473636657,-0.306243687868,-0.359338492155
1776892330.35,0.506030261517,0.022281428799,0.44505611062,0.515166640282,0.027917612344,0.348126888275,0.524597883224,0.0255296286196,0.249537929893,0.534431815147,0.023615969345,0.151013195515,0.544677853584,0.0227793566883,0.0537467673421,0.552813649178,0.0233958605677,-0.0432800203562,0.564063668251,0.0271554831415,-0.142119258642,0.572951555252,0.0312252826989,-0.238672584295,0.584295749664,0.0392329692841,-0.358213245869,0.567224740982,0.0156686995178,-0.359338492155,0.473641604185,-0.306209683418,-0.359338492155
1776892330.36,0.50344067812,0.0194242913276,0.444817662239,0.510737776756,0.0216372776777,0.348334729671,0.519729733467,0.0170371625572,0.249506920576,0.529542565346,0.0136197954416,0.150428712368,0.539298057556,0.0119251459837,0.0534729808569,0.547079801559,0.0119193224236,-0.0435783714056,0.557973384857,0.0167474523187,-0.142075240612,0.56647503376,0.0230897385627,-0.239024847746,0.576587080956,0.0352487377822,-0.357962578535,0.560856699944,0.011193620041,-0.359338492155,0.473614186049,-0.306270092726,-0.359338492155
1776892330.38,0.50045800209,0.0161364898086,0.444586366415,0.508583903313,0.0184290148318,0.348427057266,0.517643094063,0.0133615490049,0.249086275697,0.527010321617,0.00886498577893,0.1506536901,0.536562919617,0.00641893502325,0.0533996596932,0.543973326683,0.00702709704638,-0.0438999533653,0.554224133492,0.0128921829164,-0.141787618399,0.562572002411,0.0195791143924,-0.239525020123,0.572585225105,0.0329533331096,-0.357882410288,0.554371595383,0.00676987320185,-0.359338492155,0.473640531301,-0.306266188622,-0.359338492155
1776892330.39,0.497409045696,0.0128982458264,0.444459050894,0.503714561462,0.013021202758,0.348070502281,0.512536168098,0.00634009577334,0.249090582132,0.521433711052,0.00122311292216,0.149901360273,0.530700087547,-0.00210614455864,0.0533016994596,0.537244677544,-0.00158838287462,-0.0437232255936,0.546881318092,0.00502694025636,-0.143018484116,0.554753303528,0.0130429472774,-0.238974541426,0.563988447189,0.0274157263339,-0.357717424631,0.547781705856,0.00239368155599,-0.359338492155,0.473606675863,-0.306294202805,-0.359338492155
1776892330.41,0.494354307652,0.00957818236202,0.444084376097,0.501384496689,0.0102411732078,0.347956240177,0.510084748268,0.00316991005093,0.249001204967,0.518727421761,-0.00289544276893,0.150630235672,0.527597546577,-0.00557793769985,0.0535338521004,0.533762931824,-0.00516431452706,-0.0442463308573,0.543719887733,0.00126886554062,-0.142531067133,0.551098465919,0.00964954588562,-0.239937096834,0.560053229332,0.0244776234031,-0.358294308186,0.541099190712,-0.00193909765221,-0.359338492155,0.473609298468,-0.306240588427,-0.359338492155
1776892330.42,0.49139547348,0.00611389987171,0.443888545036,0.496810644865,0.00552562996745,0.347507745028,0.504996061325,-0.00172872305848,0.248647063971,0.512832045555,-0.00758737465367,0.149780362844,0.520866274834,-0.0105882119387,0.0526326447725,0.526776909828,-0.0101640019566,-0.0443857163191,0.535936713219,-0.00432858336717,-0.143488973379,0.542933702469,0.00387482345104,-0.239853680134,0.551646471024,0.0181129556149,-0.358639240265,0.534335851669,-0.00623292662203,-0.359338492155,0.473646610975,-0.306271880865,-0.359338492155
1776892330.44,0.488469064236,0.00247197016142,0.443747729063,0.494584530592,0.00325409974903,0.347387492657,0.501973748207,-0.00361425057054,0.248714372516,0.509760141373,-0.00959342438728,0.149594724178,0.517257452011,-0.012216146104,0.0525268912315,0.522874593735,-0.0121303359047,-0.0451288223267,0.531645536423,-0.00595795363188,-0.142711639404,0.538603663445,0.00112614175305,-0.240373164415,0.547310948372,0.0144042633474,-0.359451442957,0.527503252029,-0.0104925483465,-0.359338492155,0.473592668772,-0.306258022785,-0.359338492155
1776892330.45,0.485550612211,-0.00156736292411,0.443499237299,0.489557236433,-0.000522223999724,0.34706568718,0.496453970671,-0.00648311339319,0.24770501256,0.502838134766,-0.0114019680768,0.148986831307,0.510239958763,-0.0142113640904,0.0518927201629,0.515487313271,-0.0146481432021,-0.0452807843685,0.523468852043,-0.00978563539684,-0.144365817308,0.530567646027,-0.00405966304243,-0.241427809,0.538342833519,0.00607926119119,-0.360596060753,0.520612716675,-0.0147229423746,-0.359338492155,0.473615497351,-0.306297242641,-0.359338492155
1776892330.47,0.483184367418,-0.00530984951183,0.443463265896,0.489557236433,-0.000522223999724,0.34706568718,0.496453970671,-0.00648311339319,0.24770501256,0.502838134766,-0.0114019680768,0.148986831307,0.510239958763,-0.0142113640904,0.0518927201629,0.515487313271,-0.0146481432021,-0.0452807843685,0.523468852043,-0.00978563539684,-0.144365817308,0.530567646027,-0.00405966304243,-0.241427809,0.538342833519,0.00607926119119,-0.360596060753,0.513675332069,-0.0189292877913,-0.359338492155,0.478577584028,-0.289532929659,-0.359338492155
1776892330.49,0.480859547853,-0.00913977343589,0.443482369184,0.482520192862,-0.00584957702085,0.346559137106,0.487684577703,-0.0089701320976,0.247550278902,0.492918461561,-0.0113100400195,0.147934854031,0.498753279448,-0.0135008180514,0.0508080720901,0.503672242165,-0.0150474514812,-0.046048745513,0.510876059532,-0.0121089350432,-0.14597183466,0.517337083817,-0.0115635329857,-0.24345678091,0.524823784828,-0.00640371395275,-0.362453639507,0.506701946259,-0.0231169257313,-0.359338492155,0.473568409681,-0.306305378675,-0.359338492155
1776892330.5,0.478497892618,-0.0135369645432,0.443441808224,0.480451494455,-0.00747856404632,0.346412926912,0.484962314367,-0.00966126099229,0.247502624989,0.489904373884,-0.0110941454768,0.147589400411,0.495461910963,-0.0126404799521,0.0501778945327,0.49989888072,-0.0147352134809,-0.0466275364161,0.506623506546,-0.0132856164128,-0.145894557238,0.513433814049,-0.0134472865611,-0.243217974901,0.520346164703,-0.0108345206827,-0.362613648176,0.49970343709,-0.027291316539,-0.359338492155,0.473632484674,-0.306256532669,-0.359338492155
1776892330.51,0.47625759244,-0.0186011679471,0.443488329649,0.47655954957,-0.0113050518557,0.346271812916,0.480201274157,-0.0107717048377,0.246788442135,0.484022170305,-0.0109912324697,0.148037225008,0.487943023443,-0.0110957128927,0.0498592481017,0.491549760103,-0.0133504867554,-0.0471041053534,0.498110443354,-0.0144061334431,-0.146715402603,0.503801941872,-0.0175486877561,-0.24340197444,0.511129260063,-0.0197433587164,-0.362985134125,0.492690294981,-0.0314580053091,-0.359338492155,0.473624497652,-0.306281447411,-0.359338492155
1776892330.53,0.474333047867,-0.023656623438,0.443573385477,0.474342375994,-0.0130175026134,0.346334964037,0.477317899466,-0.011742725037,0.247115433216,0.480867832899,-0.0104396957904,0.147874474525,0.484546929598,-0.0105112120509,0.0500325262547,0.487571507692,-0.0128913009539,-0.0469726324081,0.494156807661,-0.0145585639402,-0.14610016346,0.499291926622,-0.0198086947203,-0.243256539106,0.50627052784,-0.0243324879557,-0.363108277321,0.485673159361,-0.0356225930154,-0.359338492155,0.473583966494,-0.306259125471,-0.359338492155
1776892330.54,0.472531616688,-0.0288901664317,0.443690925837,0.470642536879,-0.0173350796103,0.346493422985,0.472627311945,-0.0137188117951,0.247271448374,0.474757939577,-0.0109334653243,0.148123010993,0.477848082781,-0.00980876293033,0.0504769608378,0.479853123426,-0.0125849768519,-0.0466202050447,0.485051065683,-0.0160426869988,-0.14649784565,0.490053445101,-0.0239030756056,-0.243130922318,0.496294170618,-0.033012997359,-0.362268328667,0.478662639856,-0.0397906862199,-0.359338492155,0.473593622446,-0.306267648935,-0.359338492155
1776892330.56,0.470893025398,-0.0343412049115,0.443777322769,0.468676656485,-0.0198991950601,0.346496224403,0.470117002726,-0.0153058031574,0.247185900807,0.471920639277,-0.0112762963399,0.148287072778,0.474632531404,-0.00981011427939,0.0502470806241,0.475870639086,-0.012501754798,-0.0469676703215,0.480617791414,-0.0168122649193,-0.146584570408,0.48507001996,-0.0258523970842,-0.243221908808,0.491138547659,-0.0370371378958,-0.3618478477,0.471669405699,-0.043967872858,-0.359338492155,0.473614007235,-0.306313604116,-0.359338492155
1776892330.57,0.46947696805,-0.0398866608739,0.443919628859,0.468676656485,-0.0198991950601,0.346496224403,0.470117002726,-0.0153058031574,0.247185900807,0.471920639277,-0.0112762963399,0.148287072778,0.474632531404,-0.00981011427939,0.0502470806241,0.475870639086,-0.012501754798,-0.0469676703215,0.480617791414,-0.0168122649193,-0.146584570408,0.48507001996,-0.0258523970842,-0.243221908808,0.491138547659,-0.0370371378958,-0.3618478477,0.46470400691,-0.0481596775353,-0.359338492155,0.473648697138,-0.306222200394,-0.359338492155
1776892330.59,0.468250900507,-0.0456961169839,0.444109499454,0.468676656485,-0.0198991950601,0.346496224403,0.470117002726,-0.0153058031574,0.247185900807,0.471920639277,-0.0112762963399,0.148287072778,0.474632531404,-0.00981011427939,0.0502470806241,0.475870639086,-0.012501754798,-0.0469676703215,0.480617791414,-0.0168122649193,-0.146584570408,0.48507001996,-0.0258523970842,-0.243221908808,0.491138547659,-0.0370371378958,-0.3618478477,0.457777291536,-0.0523715429008,-0.359338492155,0.473614245653,-0.306305199862,-0.359338492155
1776892330.6,0.467205375433,-0.0514984987676,0.444377183914,0.468676656485,-0.0198991950601,0.346496224403,0.470117002726,-0.0153058031574,0.247185900807,0.471920639277,-0.0112762963399,0.148287072778,0.474632531404,-0.00981011427939,0.0502470806241,0.475870639086,-0.012501754798,-0.0469676703215,0.480617791414,-0.0168122649193,-0.146584570408,0.48507001996,-0.0258523970842,-0.243221908808,0.491138547659,-0.0370371378958,-0.3618478477,0.450900167227,-0.0566087625921,-0.359338492155,0.47357788682,-0.306304574013,-0.359338492155
1776892330.62,0.466391563416,-0.0565834790468,0.444673001766,0.468676656485,-0.0198991950601,0.346496224403,0.470117002726,-0.0153058031574,0.247185900807,0.471920639277,-0.0112762963399,0.148287072778,0.474632531404,-0.00981011427939,0.0502470806241,0.475870639086,-0.012501754798,-0.0469676703215,0.480617791414,-0.0168122649193,-0.146584570408,0.48507001996,-0.0258523970842,-0.243221908808,0.491138547659,-0.0370371378958,-0.3618478477,0.444083839655,-0.0608764775097,-0.359338492155,0.473643571138,-0.306288391352,-0.359338492155
1776892330.63,0.465553253889,-0.0630760267377,0.445107728243,0.468676656485,-0.0198991950601,0.346496224403,0.470117002726,-0.0153058031574,0.247185900807,0.471920639277,-0.0112762963399,0.148287072778,0.474632531404,-0.00981011427939,0.0502470806241,0.475870639086,-0.012501754798,-0.0469676703215,0.480617791414,-0.0168122649193,-0.146584570408,0.48507001996,-0.0258523970842,-0.243221908808,0.491138547659,-0.0370371378958,-0.3618478477,0.437339633703,-0.0651796162128,-0.359338492155,0.473646014929,-0.306238293648,-0.359338492155
1776892330.65,0.464924305677,-0.0688161402941,0.445495277643,0.487165719271,-0.00247681234032,0.34691619873,0.493490427732,-0.00749739119783,0.247704043984,0.499791413546,-0.0116538144648,0.148664191365,0.50675868988,-0.0140788443387,0.051282517612,0.51160633564,-0.014794469811,-0.0462474226952,0.519161820412,-0.0106512997299,-0.144900888205,0.526514410973,-0.00676440354437,-0.241915255785,0.534047603607,0.00189780071378,-0.36131888628,0.430679172277,-0.0695228353143,-0.359338492155,0.473635882139,-0.306249976158,-0.359338492155
1776892330.66,0.464385539293,-0.0743593499064,0.445847660303,0.487165719271,-0.00247681234032,0.34691619873,0.493490427732,-0.00749739119783,0.247704043984,0.499791413546,-0.0116538144648,0.148664191365,0.50675868988,-0.0140788443387,0.051282517612,0.51160633564,-0.014794469811,-0.0462474226952,0.519161820412,-0.0106512997299,-0.144900888205,0.526514410973,-0.00676440354437,-0.241915255785,0.534047603607,0.00189780071378,-0.36131888628,0.424114316702,-0.0739105418324,-0.359338492155,0.473599582911,-0.306273758411,-0.359338492155
1776892330.68,0.463868975639,-0.079782448709,0.446197390556,0.487165719271,-0.00247681234032,0.34691619873,0.493490427732,-0.00749739119783,0.247704043984,0.499791413546,-0.0116538144648,0.148664191365,0.50675868988,-0.0140788443387,0.051282517612,0.51160633564,-0.014794469811,-0.0462474226952,0.519161820412,-0.0106512997299,-0.144900888205,0.526514410973,-0.00676440354437,-0.241915255785,0.534047603607,0.00189780071378,-0.36131888628,0.417657285929,-0.0783467814326,-0.359338492155,0.473648637533,-0.306214988232,-0.359338492155
1776892330.69,0.463428497314,-0.0848054364324,0.446519911289,0.487165719271,-0.00247681234032,0.34691619873,0.493490427732,-0.00749739119783,0.247704043984,0.499791413546,-0.0116538144648,0.148664191365,0.50675868988,-0.0140788443387,0.051282517612,0.51160633564,-0.014794469811,-0.0462474226952,0.519161820412,-0.0106512997299,-0.144900888205,0.526514410973,-0.00676440354437,-0.241915255785,0.534047603607,0.00189780071378,-0.36131888628,0.411320596933,-0.0828352347016,-0.359338492155,0.47361651063,-0.306254863739,-0.359338492155
1776892330.71,0.4630638659,-0.0896828919649,0.446765929461,0.455370515585,-0.0778714716434,0.349171161652,0.450520664454,-0.0761257559061,0.25008815527,0.4450301826,-0.0740976929665,0.150713518262,0.43937125802,-0.0726356059313,0.0534474104643,0.432027250528,-0.073156028986,-0.0434104204178,0.425833076239,-0.072382055223,-0.143038570881,0.41960427165,-0.0742142051458,-0.240530103445,0.412389904261,-0.0745565965772,-0.360497921705,0.40511700511,-0.0873791649938,-0.359338492155,0.473640948534,-0.30631378293,-0.359338492155
1776892330.72,0.462851077318,-0.0930904820561,0.446978211403,0.455166429281,-0.0824603140354,0.349253356457,0.450317651033,-0.0819774493575,0.250092566013,0.444163709879,-0.0805951952934,0.150978371501,0.43728557229,-0.0793376415968,0.0532976090908,0.429828315973,-0.0796615630388,-0.0440523326397,0.423134952784,-0.0783390328288,-0.142314404249,0.416081637144,-0.0789538100362,-0.239529669285,0.407347351313,-0.0761054977775,-0.359797954559,0.39905962348,-0.0919813513756,-0.359338492155,0.473582655191,-0.306297332048,-0.359338492155
1776892330.74,0.462505549192,-0.0990002378821,0.447239607573,0.454235166311,-0.0910569503903,0.349581539631,0.448750525713,-0.0927267968655,0.250509381294,0.442131608725,-0.0934985429049,0.151272237301,0.435380548239,-0.0938195884228,0.0544737875462,0.425711423159,-0.0929448828101,-0.0429448485374,0.41786006093,-0.0892909765244,-0.14176005125,0.408745259047,-0.086510501802,-0.238857090473,0.39793613553,-0.0798109024763,-0.358485728502,0.393161863089,-0.0966440886259,-0.359338492155,0.473631113768,-0.306282579899,-0.359338492155
1776892330.75,0.462317407131,-0.103435657918,0.44737136364,0.453453212976,-0.0992360711098,0.349907875061,0.446929067373,-0.102746739984,0.25094717741,0.440120607615,-0.105554997921,0.151972815394,0.432108610868,-0.10613206774,0.0547323673964,0.421512454748,-0.104957766831,-0.0419043302536,0.412979096174,-0.0984890237451,-0.139247953892,0.399062007666,-0.0911055207253,-0.241686910391,0.388454645872,-0.0826794356108,-0.356191456318,0.3874373734,-0.101369097829,-0.359338492155,0.473677009344,-0.306501656771,-0.359338492155
1776892330.77,0.462238848209,-0.107762202621,0.447410553694,0.453065365553,-0.103048846126,0.35024780035,0.446375399828,-0.107510007918,0.251255720854,0.438863545656,-0.110639065504,0.152010113001,0.430881589651,-0.111646600068,0.0546901002526,0.420074313879,-0.110858567059,-0.0425763428211,0.410120636225,-0.104350216687,-0.140413552523,0.395026892424,-0.0950882956386,-0.240440756083,0.384066432714,-0.0852426663041,-0.355715692043,0.381899982691,-0.106157496572,-0.359338492155,0.473730236292,-0.306454181671,-0.359338492155
1776892330.78,0.462321698666,-0.111878141761,0.447321295738,0.452359527349,-0.110212005675,0.350517988205,0.444953769445,-0.115962974727,0.251723468304,0.437056690454,-0.120176665485,0.152917265892,0.428171008825,-0.12231606245,0.0555367544293,0.415940016508,-0.12043569237,-0.0400898456573,0.405369013548,-0.111709065735,-0.137828230858,0.392720669508,-0.105304203928,-0.234396845102,0.375831753016,-0.0895853713155,-0.354153692722,0.376563817263,-0.111009769142,-0.359338492155,0.473583251238,-0.306291729212,-0.359338492155
1776892330.8,0.462507992983,-0.115956649184,0.447127819061,0.452279478312,-0.113376416266,0.350545167923,0.4444437325,-0.119520314038,0.251857697964,0.435761481524,-0.124167084694,0.152537465096,0.426441401243,-0.126895010471,0.056214556098,0.4139277637,-0.125017613173,-0.0406119227409,0.402868002653,-0.115797296166,-0.137512683868,0.389207333326,-0.105859801173,-0.233695656061,0.371481209993,-0.0923636108637,-0.353364139795,0.371442943811,-0.115925706923,-0.359338492155,0.47362908721,-0.306252598763,-0.359338492155
1776892330.81,0.462846636772,-0.120051234961,0.446760982275,0.452131658792,-0.119353190064,0.350750565529,0.443463295698,-0.125951349735,0.251901328564,0.433754473925,-0.130840703845,0.152537077665,0.423853129148,-0.133189588785,0.0558438152075,0.410372525454,-0.131315559149,-0.0393972396851,0.398067861795,-0.122893244028,-0.137664139271,0.383286446333,-0.114679306746,-0.233750283718,0.364380806684,-0.0982278734446,-0.352169513702,0.366551548243,-0.120904386044,-0.359338492155,0.473688989878,-0.306254446507,-0.359338492155
1776892330.83,0.463379144669,-0.124631084502,0.446149647236,0.451987296343,-0.122147575021,0.350331038237,0.442998737097,-0.128696575761,0.252001285553,0.432958573103,-0.133415490389,0.152822956443,0.421901077032,-0.135625392199,0.0558236017823,0.407854408026,-0.134459510446,-0.0399442911148,0.395228117704,-0.125803411007,-0.137058079243,0.379950374365,-0.116044811904,-0.233482182026,0.360639184713,-0.100741073489,-0.352650135756,0.361903816462,-0.125944137573,-0.359338492155,0.473568469286,-0.306305378675,-0.359338492155
1776892330.84,0.463859528303,-0.128044992685,0.445458501577,0.452250927687,-0.127316087484,0.349883705378,0.442418307066,-0.132672131062,0.251085758209,0.431356936693,-0.137172177434,0.152535751462,0.418858617544,-0.138776242733,0.0553243979812,0.403943508863,-0.13758982718,-0.0385013520718,0.390484064817,-0.130205437541,-0.136811643839,0.374366372824,-0.122493356466,-0.233521848917,0.354575902224,-0.108519889414,-0.352366000414,0.357513695955,-0.131042450666,-0.359338492155,0.473601907492,-0.306269258261,-0.359338492155
1776892330.86,0.464503765106,-0.131958663464,0.444398969412,0.452396482229,-0.129411414266,0.349599301815,0.441978186369,-0.134162291884,0.250779598951,0.430306464434,-0.138519734144,0.152175188065,0.416399508715,-0.1397151649,0.0545587614179,0.402207881212,-0.1389182657,-0.0393284708261,0.387991040945,-0.131801903248,-0.13761022687,0.371901124716,-0.125762611628,-0.234005004168,0.351603478193,-0.111644275486,-0.352642953396,0.353394895792,-0.136196106672,-0.359338492155,0.473586708307,-0.306256562471,-0.359338492155
1776892330.87,0.465107649565,-0.135116130114,0.443238228559,0.452562958002,-0.131416574121,0.348823308945,0.441509991884,-0.135882943869,0.25048917532,0.42924502492,-0.139564886689,0.151884570718,0.415961652994,-0.140617221594,0.0548051223159,0.400106281042,-0.139971986413,-0.0398436486721,0.38547667861,-0.133287549019,-0.138053685427,0.367508739233,-0.127649515867,-0.235319197178,0.348903924227,-0.115884028375,-0.353544354439,0.349560767412,-0.14140099287,-0.359338492155,0.473611861467,-0.306274503469,-0.359338492155
1776892330.89,0.465776771307,-0.138278663158,0.4417501688,0.452822118998,-0.135172843933,0.347846269608,0.440885275602,-0.138327181339,0.249239072204,0.427386432886,-0.140206485987,0.150652602315,0.413430899382,-0.141127288342,0.053848028183,0.396445602179,-0.140922099352,-0.0406579375267,0.380447655916,-0.136123299599,-0.140689700842,0.364884465933,-0.132308542728,-0.234392076731,0.344143003225,-0.124560825527,-0.354105591774,0.346024125814,-0.146652206779,-0.359338492155,0.473656982183,-0.306270807981,-0.359338492155
1776892330.9,0.466483354568,-0.141145169735,0.4402333498,0.452897757292,-0.138372093439,0.345858424902,0.440313190222,-0.139795541763,0.247441381216,0.425916522741,-0.140684947371,0.149308994412,0.411180704832,-0.141514882445,0.0532548949122,0.393689185381,-0.140753731132,-0.0427946150303,0.37813308835,-0.136739403009,-0.138955116272,0.358792692423,-0.136273294687,-0.237732052803,0.339393168688,-0.133171468973,-0.355653911829,0.342797249556,-0.151944026351,-0.359338492155,0.473613232374,-0.306246340275,-0.359338492155
1776892330.92,0.467109709978,-0.143832325935,0.438561856747,0.452854007483,-0.13973249495,0.345049738884,0.43973377347,-0.140340343118,0.246502369642,0.424859732389,-0.140325456858,0.148290455341,0.409705549479,-0.140683963895,0.0517388060689,0.391662508249,-0.139882877469,-0.042410671711,0.375769883394,-0.138901695609,-0.141746401787,0.356299966574,-0.137205377221,-0.240159988403,0.33770558238,-0.137627869844,-0.355901300907,0.339891463518,-0.157269924879,-0.359338492155,0.473655253649,-0.306253910065,-0.359338492155
1776892330.93,0.46749329567,-0.145630896091,0.43732765317,0.453005582094,-0.140998393297,0.344162791967,0.439211577177,-0.140763223171,0.245739638805,0.424136906862,-0.14021460712,0.147252127528,0.408910185099,-0.140257820487,0.0515111833811,0.39113470912,-0.13960467279,-0.0432626008987,0.375092178583,-0.139069959521,-0.141614556313,0.355032891035,-0.139870345592,-0.240711301565,0.336237341166,-0.141766428947,-0.357447206974,0.33731725812,-0.162622615695,-0.359338492155,0.473678797483,-0.30621099472,-0.359338492155
1776892330.95,0.467961370945,-0.148473739624,0.435173273087,0.452613323927,-0.133267879486,0.34830185771,0.441344410181,-0.13717032969,0.249836429954,0.428375393152,-0.140012681484,0.151493564248,0.413936287165,-0.141167193651,0.0543506145477,0.398314028978,-0.140687510371,-0.0405904352665,0.383213013411,-0.134094133973,-0.137555837631,0.367134541273,-0.130578845739,-0.234521657228,0.346271783113,-0.119891509414,-0.353298395872,0.335084170103,-0.167994037271,-0.359338492155,0.473602741957,-0.30625256896,-0.359338492155
1776892330.96,0.468234062195,-0.150365412235,0.43352907896,0.452711433172,-0.146192952991,0.338320851326,0.438118368387,-0.143095389009,0.239975914359,0.42206838727,-0.139920026064,0.141606703401,0.405737370253,-0.1393019557,0.045322984457,0.387391835451,-0.142414480448,-0.0496926009655,0.370652467012,-0.145588055253,-0.147142291069,0.351830035448,-0.154381349683,-0.24307435751,0.330245822668,-0.162854671478,-0.360919982195,0.33320042491,-0.173375502229,-0.359338492155,0.473672837019,-0.306509882212,-0.359338492155
1776892330.98,0.468396276236,-0.152002424002,0.432058721781,0.452711433172,-0.146192952991,0.338320851326,0.438118368387,-0.143095389009,0.239975914359,0.42206838727,-0.139920026064,0.141606703401,0.405737370253,-0.1393019557,0.045322984457,0.387391835451,-0.142414480448,-0.0496926009655,0.370652467012,-0.145588055253,-0.147142291069,0.351830035448,-0.154381349683,-0.24307435751,0.330245822668,-0.162854671478,-0.360919982195,0.331672877073,-0.178757682443,-0.359338492155,0.473672837019,-0.306509882212,-0.359338492155
1776892330.99,0.468480795622,-0.153389334679,0.430824220181,0.452880173922,-0.148037925363,0.336328327656,0.438174277544,-0.144663721323,0.238182783127,0.422091513872,-0.141825273633,0.139676570892,0.40570256114,-0.141804277897,0.0439008995891,0.386633962393,-0.145112425089,-0.052594974637,0.369988709688,-0.150790587068,-0.149435847998,0.351225584745,-0.159541115165,-0.24517005682,0.329489827156,-0.170680969954,-0.362222492695,0.330507129431,-0.184130683541,-0.359338492155,0.473611265421,-0.306260108948,-0.359338492155
1776892331.01,0.468383461237,-0.154623046517,0.429794281721,0.452894240618,-0.150295197964,0.334171235561,0.438303500414,-0.147112816572,0.236051395535,0.42240473628,-0.144506171346,0.137827083468,0.406237989664,-0.145537421107,0.0421065986156,0.387018948793,-0.149145454168,-0.0542918890715,0.369857758284,-0.155509069562,-0.151960343122,0.350503593683,-0.164696007967,-0.247884988785,0.329708307981,-0.178000003099,-0.363667458296,0.329707056284,-0.189484193921,-0.359338492155,0.473703593016,-0.30625295639,-0.359338492155
1776892331.02,0.468106865883,-0.155518293381,0.429173499346,0.453010290861,-0.151326581836,0.333523869514,0.438627034426,-0.148655250669,0.23541687429,0.422885686159,-0.147147417068,0.137463659048,0.40711197257,-0.148100033402,0.04152341187,0.387194246054,-0.152314096689,-0.0554079860449,0.370153516531,-0.158001035452,-0.153626412153,0.35095050931,-0.168113559484,-0.248074114323,0.329852223396,-0.18067368865,-0.365264266729,0.329275071621,-0.194807499647,-0.359338492155,0.47364589572,-0.306244343519,-0.359338492155
1776892331.04,0.467638134956,-0.156397014856,0.428813040257,0.452963680029,-0.152411311865,0.332678556442,0.438742786646,-0.150413706899,0.234792113304,0.423350006342,-0.149361655116,0.136391147971,0.406922191381,-0.150149539113,0.0397009328008,0.387286454439,-0.154931411147,-0.0552278012037,0.370665699244,-0.161640882492,-0.15305480361,0.352197319269,-0.171801492572,-0.24831622839,0.330131441355,-0.183555901051,-0.365499377251,0.329211801291,-0.200089663267,-0.359338492155,0.473606139421,-0.306303173304,-0.359338492155
1776892331.05,0.46705648303,-0.157203257084,0.428693771362,0.452898830175,-0.154572173953,0.331678658724,0.439280718565,-0.154379680753,0.23352226615,0.424058884382,-0.154722481966,0.135037362576,0.408002346754,-0.156846031547,0.0388394743204,0.38975545764,-0.162218317389,-0.0555265247822,0.37241384387,-0.167923912406,-0.155111461878,0.353813260794,-0.178551748395,-0.249446392059,0.332044094801,-0.189834102988,-0.36651712656,0.329516202211,-0.205319583416,-0.359338492155,0.473620802164,-0.306233018637,-0.359338492155
1776892331.07,0.46628677845,-0.157957851887,0.428843975067,0.452736765146,-0.155850946903,0.331770777702,0.439281374216,-0.156717300415,0.233252182603,0.424382895231,-0.157742366195,0.134720772505,0.409306794405,-0.161508962512,0.0392534956336,0.39096263051,-0.166737377644,-0.0564235150814,0.37429395318,-0.171966433525,-0.154556185007,0.355212897062,-0.181556463242,-0.249571084976,0.332919150591,-0.191604480147,-0.367196440697,0.330185383558,-0.210486114025,-0.359338492155,0.473624378443,-0.306241333485,-0.359338492155
1776892331.08,0.465257287025,-0.158682107925,0.429178565741,0.451966375113,-0.15809686482,0.331839233637,0.439163833857,-0.161034360528,0.233433455229,0.425588816404,-0.164170622826,0.134710431099,0.410709947348,-0.169200450182,0.0389946103096,0.393453508615,-0.175300344825,-0.056714490056,0.376171380281,-0.179635226727,-0.154832750559,0.356986314058,-0.187132701278,-0.25214907527,0.336450070143,-0.196577370167,-0.368137806654,0.331214874983,-0.215578213334,-0.359338492155,0.473605006933,-0.306279093027,-0.359338492155
1776892331.1,0.463956207037,-0.15947252512,0.429744929075,0.451702326536,-0.159552648664,0.332038998604,0.439155966043,-0.163148969412,0.233317524195,0.425724238157,-0.167446047068,0.135062366724,0.411662608385,-0.172288835049,0.0379836559296,0.394535154104,-0.178260922432,-0.0575263798237,0.37715831399,-0.182573452592,-0.156936734915,0.359783917665,-0.190911591053,-0.251098662615,0.337337225676,-0.198074102402,-0.368509531021,0.332598417997,-0.220585018396,-0.359338492155,0.473561197519,-0.306292712688,-0.359338492155
1776892331.11,0.462347149849,-0.160319373012,0.430531263351,0.451014906168,-0.162043616176,0.33272972703,0.439527839422,-0.16766937077,0.234082967043,0.42640671134,-0.173112645745,0.135346204042,0.413217872381,-0.179561272264,0.0388683527708,0.396967321634,-0.186671853065,-0.0574081838131,0.381573051214,-0.191662549973,-0.155175834894,0.363516300917,-0.198214590549,-0.25100505352,0.342723280191,-0.202635601163,-0.368669360876,0.334328144789,-0.225495994091,-0.359338492155,0.473638921976,-0.30620136857,-0.359338492155
1776892331.13,0.460551083088,-0.16120955348,0.431363195181,0.452831357718,-0.143218204379,0.341710209846,0.438545912504,-0.141605198383,0.243481963873,0.422984868288,-0.139950618148,0.145285382867,0.407596498728,-0.139235332608,0.0494501963258,0.389679700136,-0.138983905315,-0.045566290617,0.372725397348,-0.14116948843,-0.145084440708,0.352794915438,-0.145434945822,-0.241357594728,0.333223193884,-0.150893852115,-0.358364105225,0.336394578218,-0.23030102253,-0.359338492155,0.473598152399,-0.306272923946,-0.359338492155
1776892331.14,0.458216428757,-0.162281349301,0.432459950447,0.449088543653,-0.165609240532,0.334010332823,0.438971191645,-0.173547431827,0.23577529192,0.428088277578,-0.181701555848,0.136936083436,0.416070789099,-0.189958199859,0.0402830466628,0.400540798903,-0.197239503264,-0.0559669137001,0.386509507895,-0.202008098364,-0.154422491789,0.369905263186,-0.206305772066,-0.250514775515,0.350806325674,-0.208728462458,-0.368222117424,0.338786870241,-0.234990492463,-0.359338492155,0.473710030317,-0.306509196758,-0.359338492155
1776892331.16,0.455937772989,-0.163294523954,0.433586806059,0.448185294867,-0.166904747486,0.334634274244,0.438748389482,-0.175465226173,0.236267596483,0.428713589907,-0.18399168551,0.137193009257,0.416865736246,-0.192662283778,0.0410315766931,0.402190357447,-0.200462162495,-0.0550037175417,0.387431055307,-0.204938560724,-0.155045121908,0.371796995401,-0.208184465766,-0.251449733973,0.354240566492,-0.211194366217,-0.367993175983,0.341492801905,-0.239555388689,-0.359338492155,0.473601907492,-0.306234776974,-0.359338492155
1776892331.17,0.45313590765,-0.164517953992,0.43512314558,0.445979505777,-0.168936938047,0.335760116577,0.438164502382,-0.178664341569,0.237513318658,0.428626090288,-0.187764436007,0.138496175408,0.418544441462,-0.196922257543,0.0418157875538,0.404665321112,-0.204946637154,-0.0544335395098,0.391945451498,-0.209485694766,-0.152756661177,0.376706212759,-0.212819293141,-0.250762015581,0.361074179411,-0.215195372701,-0.367710828781,0.344499140978,-0.243987426162,-0.359338492155,0.473625808954,-0.306303590536,-0.359338492155
1776892331.19,0.450528144836,-0.165599584579,0.436550438404,0.445030003786,-0.170027419925,0.336452394724,0.437324792147,-0.180184483528,0.238599866629,0.428885966539,-0.189483270049,0.139654904604,0.41950288415,-0.198891669512,0.0432217046618,0.406271308661,-0.206556126475,-0.0536741763353,0.394020527601,-0.210817277431,-0.153188794851,0.380125492811,-0.21462456882,-0.249897420406,0.364952653646,-0.217541873455,-0.367289721966,0.347791463137,-0.248279005289,-0.359338492155,0.473600834608,-0.306267052889,-0.359338492155
1776892331.21,0.447633892298,-0.166821628809,0.438220262527,0.44215258956,-0.17164504528,0.338512659073,0.435604661703,-0.181827172637,0.239950537682,0.42841514945,-0.191377684474,0.140782490373,0.420271724463,-0.200262591243,0.0440008342266,0.408972233534,-0.208827719092,-0.052119165659,0.398847132921,-0.213298290968,-0.151069104671,0.386829584837,-0.218645051122,-0.248008787632,0.373393088579,-0.222648978233,-0.366136163473,0.351354688406,-0.252423405647,-0.359338492155,0.473594754934,-0.306271791458,-0.359338492155
1776892331.22,0.444554954767,-0.168191537261,0.440350741148,0.440409690142,-0.172381907701,0.339764386415,0.434437543154,-0.182102531195,0.240960270166,0.428142517805,-0.191848546267,0.141698926687,0.420673042536,-0.200595647097,0.0451440438628,0.410293906927,-0.209622308612,-0.0509551912546,0.400501400232,-0.214092776179,-0.151323199272,0.389867633581,-0.219918563962,-0.247390896082,0.377675741911,-0.224611118436,-0.365794837475,0.355173021555,-0.256414622068,-0.359338492155,0.473616927862,-0.306268662214,-0.359338492155
1776892331.23,0.441875189543,-0.169539436698,0.442276924849,0.437257140875,-0.173329502344,0.341972857714,0.431844860315,-0.1828930825,0.243704795837,0.427079170942,-0.192151769996,0.144443526864,0.421462625265,-0.200168862939,0.0469570085406,0.413391441107,-0.209325700998,-0.0496070235968,0.405631035566,-0.215660959482,-0.149383246899,0.396621733904,-0.222338423133,-0.246529906988,0.386833518744,-0.229436218739,-0.36428552866,0.35923025012,-0.26024761796,-0.359338492155,0.473568469286,-0.306305378675,-0.359338492155
1776892331.25,0.438935518265,-0.171266883612,0.444654107094,0.435286611319,-0.173772916198,0.343252629042,0.430562466383,-0.182645693421,0.244623869658,0.426249355078,-0.191413238645,0.145646154881,0.4218133986,-0.199771359563,0.0482350587845,0.414266079664,-0.209424376488,-0.0485415756702,0.408478051424,-0.216276302934,-0.147744238377,0.400357574224,-0.223378434777,-0.244844704866,0.391621023417,-0.231499776244,-0.363260596991,0.363509982824,-0.263918191195,-0.359338492155,0.473576635122,-0.306269466877,-0.359338492155
1776892331.26,0.436501026154,-0.172969013453,0.446870267391,0.432382673025,-0.174626410007,0.346046447754,0.428497701883,-0.181779682636,0.24714820087,0.424859255552,-0.189438223839,0.147988691926,0.422241657972,-0.198412701488,0.0508801043034,0.416635125875,-0.208089873195,-0.046160236001,0.412907153368,-0.216311201453,-0.145484149456,0.407693713903,-0.225668638945,-0.2423440516,0.401536554098,-0.235514417291,-0.360769897699,0.367995589972,-0.267422884703,-0.359338492155,0.47335717082,-0.306454390287,-0.359338492155
1776892331.28,0.433952957392,-0.175052478909,0.449386566877,0.430884987116,-0.174771040678,0.347242355347,0.427233427763,-0.181515514851,0.248804003,0.42466840148,-0.188952043653,0.148872688413,0.422251552343,-0.19715076685,0.0519456341863,0.417850345373,-0.207295060158,-0.044949144125,0.414902716875,-0.21570327878,-0.144593685865,0.410743802786,-0.22633972764,-0.241429895163,0.406496316195,-0.237987190485,-0.358737498522,0.37267062068,-0.270759224892,-0.359338492155,0.47348383069,-0.306648403406,-0.359338492155
1776892331.29,0.431813150644,-0.177319735289,0.451792418957,0.428617209196,-0.176492884755,0.350628376007,0.425630062819,-0.181598246098,0.251867592335,0.423633486032,-0.187114685774,0.152102574706,0.422590881586,-0.195122539997,0.0550356507301,0.419876545668,-0.205889135599,-0.0417263805866,0.419339030981,-0.215326532722,-0.141472935677,0.417865723372,-0.227201074362,-0.238389164209,0.41710844636,-0.241795241833,-0.356285065413,0.377518981695,-0.273925364017,-0.359338492155,0.473459273577,-0.306447327137,-0.359338492155
1776892331.31,0.430203795433,-0.179518714547,0.453884691,0.450495988131,-0.163345247507,0.33290541172,0.439445644617,-0.169859364629,0.234454631805,0.427265018225,-0.176183566451,0.135671585798,0.414232462645,-0.183454871178,0.0395313948393,0.397854357958,-0.190607145429,-0.056307464838,0.383418470621,-0.195076048374,-0.153752565384,0.365252763033,-0.200622886419,-0.251876622438,0.344951242208,-0.20485407114,-0.368297487497,0.382524758577,-0.276920318604,-0.359338492155,0.473597675562,-0.306283354759,-0.359338492155
1776892331.32,0.428421676159,-0.182686030865,0.456520199776,0.426661580801,-0.178064838052,0.35374879837,0.424337953329,-0.182064592838,0.254955112934,0.423207730055,-0.186330065131,0.154811024666,0.423356324434,-0.193857416511,0.0579244345427,0.422249168158,-0.203867554665,-0.0392587631941,0.423844069242,-0.214442297816,-0.138479977846,0.42550650239,-0.22883027792,-0.233586013317,0.427671283484,-0.245241418481,-0.352821975946,0.387672811747,-0.279743731022,-0.359338492155,0.473543375731,-0.306295067072,-0.359338492155
1776892331.34,0.427184313536,-0.185833647847,0.458636462688,0.425445526838,-0.180653527379,0.356862723827,0.423759192228,-0.183096900582,0.257788300514,0.423236042261,-0.18637059629,0.15810008347,0.424641638994,-0.192753180861,0.0605664104223,0.424442857504,-0.202654629946,-0.0364457368851,0.428257614374,-0.214385330677,-0.134890019894,0.432030230761,-0.229378163815,-0.230603784323,0.438724130392,-0.247690886259,-0.353733956814,0.39294847846,-0.282395839691,-0.359338492155,0.473590403795,-0.306289762259,-0.359338492155
1776892331.35,0.426422387362,-0.188618272543,0.460146397352,0.424634665251,-0.181928351521,0.358451485634,0.423576563597,-0.184042483568,0.259419709444,0.423457592726,-0.186912164092,0.159638613462,0.425135225058,-0.19285865128,0.0625548288226,0.426323920488,-0.202907443047,-0.0343341529369,0.431141287088,-0.214446872473,-0.132615447044,0.435800939798,-0.229467853904,-0.229234963655,0.442884832621,-0.248402699828,-0.347651928663,0.398337870836,-0.284877449274,-0.359338492155,0.473591297865,-0.306303799152,-0.359338492155
1776892331.37,0.425617396832,-0.193097293377,0.462167590857,0.424217253923,-0.185818627477,0.361314296722,0.423560649157,-0.186699554324,0.262539863586,0.424283057451,-0.188271909952,0.162177890539,0.427049547434,-0.19417847693,0.0654616728425,0.429542213678,-0.203274428844,-0.0319382846355,0.43612536788,-0.21449765563,-0.130580931902,0.443395286798,-0.230434373021,-0.226014554501,0.452116459608,-0.25072106719,-0.343673735857,0.403827935457,-0.287189871073,-0.359338492155,0.47351834178,-0.306304782629,-0.359338492155
1776892331.38,0.425385415554,-0.196989104152,0.463573455811,0.424073308706,-0.190360620618,0.363679558039,0.423993736506,-0.19062256813,0.26466602087,0.425666064024,-0.191557809711,0.165008127689,0.429586976767,-0.196181386709,0.0678811520338,0.433347910643,-0.204971536994,-0.0292327851057,0.442000418901,-0.215896040201,-0.128095805645,0.450740903616,-0.230921417475,-0.22385174036,0.461619049311,-0.252137988806,-0.341281354427,0.40940657258,-0.289334744215,-0.359338492155,0.473464816809,-0.306250572205,-0.359338492155
1776892331.4,0.425589174032,-0.201142430305,0.464748442173,0.424376577139,-0.192760452628,0.364923596382,0.424662083387,-0.192829847336,0.26617616415,0.426786750555,-0.193756341934,0.165966778994,0.431287795305,-0.197694197297,0.0690962448716,0.43579313159,-0.206028223038,-0.0279310196638,0.44518122077,-0.216737851501,-0.126518502831,0.454298466444,-0.231423318386,-0.222546368837,0.466688483953,-0.251660346985,-0.339735239744,0.415062397718,-0.291314065456,-0.359338492155,0.473608762026,-0.306433349848,-0.359338492155
1776892331.41,0.426233798265,-0.205357849598,0.465591967106,0.425809532404,-0.179333761334,0.355285584927,0.424052089453,-0.18236848712,0.256136953831,0.423263460398,-0.186317175627,0.156359434128,0.423787623644,-0.193163111806,0.0594753026962,0.423176258802,-0.203589841723,-0.0375838726759,0.426012426615,-0.21422842145,-0.13670617342,0.428503125906,-0.22913248837,-0.232518136501,0.432892113924,-0.246107265353,-0.351354688406,0.420785158873,-0.293130040169,-0.359338492155,0.473595768213,-0.306284308434,-0.359338492155
1776892331.43,0.427268415689,-0.209632486105,0.46606311202,0.425809532404,-0.179333761334,0.355285584927,0.424052089453,-0.18236848712,0.256136953831,0.423263460398,-0.186317175627,0.156359434128,0.423787623644,-0.193163111806,0.0594753026962,0.423176258802,-0.203589841723,-0.0375838726759,0.426012426615,-0.21422842145,-0.13670617342,0.428503125906,-0.22913248837,-0.232518136501,0.432892113924,-0.246107265353,-0.351354688406,0.426565378904,-0.294785052538,-0.359338492155,0.473630219698,-0.306133687496,-0.359338492155
1776892331.44,0.428752243519,-0.213888391852,0.466163426638,0.428042680025,-0.207626804709,0.368677854538,0.430544346571,-0.207597374916,0.269350469112,0.434985905886,-0.207769632339,0.169737145305,0.442386180162,-0.210459262133,0.0729853957891,0.44947090745,-0.21683485806,-0.0242309272289,0.461772590876,-0.224238961935,-0.122339695692,0.473445147276,-0.234818428755,-0.218499422073,0.488528579473,-0.246334686875,-0.335133999586,0.432394593954,-0.296281605959,-0.359338492155,0.473576933146,-0.306280434132,-0.359338492155
1776892331.46,0.430714845657,-0.217974677682,0.465842723846,0.428042680025,-0.207626804709,0.368677854538,0.430544346571,-0.207597374916,0.269350469112,0.434985905886,-0.207769632339,0.169737145305,0.442386180162,-0.210459262133,0.0729853957891,0.44947090745,-0.21683485806,-0.0242309272289,0.461772590876,-0.224238961935,-0.122339695692,0.473445147276,-0.234818428755,-0.218499422073,0.488528579473,-0.246334686875,-0.335133999586,0.438265174627,-0.297622144222,-0.359338492155,0.473488599062,-0.306159168482,-0.359338492155
1776892331.47,0.433077663183,-0.221815720201,0.465194672346,0.432339400053,-0.217137381434,0.36862796545,0.436473459005,-0.218675419688,0.270190805197,0.442612975836,-0.219321474433,0.170336857438,0.451154083014,-0.22091075778,0.0733266919851,0.459183484316,-0.225107774138,-0.0239149928093,0.472064644098,-0.229215919971,-0.121265798807,0.483901232481,-0.235798701644,-0.218586444855,0.500515580177,-0.243636697531,-0.336554020643,0.44417026639,-0.298809111118,-0.359338492155,0.473640233278,-0.306241303682,-0.359338492155
1776892331.49,0.435977309942,-0.225420862436,0.464202672243,0.434280306101,-0.2210059762,0.368808805943,0.438874870539,-0.222151264548,0.269451797009,0.445525318384,-0.223466470838,0.170397609472,0.454214423895,-0.22496047616,0.0735622793436,0.462631553411,-0.228275701404,-0.0241305530071,0.475596636534,-0.231546759605,-0.121210202575,0.48777666688,-0.236681431532,-0.21856996417,0.504213690758,-0.242942079902,-0.336157768965,0.450103908777,-0.299844861031,-0.359338492155,0.473649293184,-0.306165754795,-0.359338492155
1776892331.5,0.43908405304,-0.228520184755,0.462952464819,0.438512772322,-0.227486789227,0.367873340845,0.443905681372,-0.229748502374,0.268972069025,0.451789468527,-0.230909988284,0.16935312748,0.460585266352,-0.232205107808,0.0722974538803,0.469675391912,-0.234881818295,-0.0238825827837,0.482232421637,-0.235302329063,-0.122613981366,0.494275480509,-0.238217666745,-0.219079017639,0.51072537899,-0.239652276039,-0.337133526802,0.456060796976,-0.300731569529,-0.359338492155,0.473671346903,-0.306257814169,-0.359338492155
1776892331.52,0.442946851254,-0.231729403138,0.461096346378,0.436170846224,-0.22402971983,0.368179857731,0.441294938326,-0.226151958108,0.269949197769,0.448713928461,-0.227079376578,0.169874876738,0.457302600145,-0.228675767779,0.0728622674942,0.465893298388,-0.231468945742,-0.0244341939688,0.479274004698,-0.233572974801,-0.121486648917,0.490730434656,-0.236856982112,-0.219776242971,0.507670283318,-0.24122659862,-0.336720228195,0.462036281824,-0.301471143961,-0.359338492155,0.473582059145,-0.30618417263,-0.359338492155
1776892331.53,0.446896106005,-0.234489023685,0.459260553122,0.446430176497,-0.235892623663,0.365104436874,0.452803045511,-0.23978959024,0.266937017441,0.461006194353,-0.241927817464,0.167103663087,0.470985561609,-0.243425562978,0.0706992894411,0.479676276445,-0.243198409677,-0.0265915393829,0.49226513505,-0.241126552224,-0.126268550754,0.504509568214,-0.240136682987,-0.221343815327,0.519835114479,-0.235389664769,-0.341052412987,0.468026310205,-0.302065342665,-0.359338492155,0.473759323359,-0.306258738041,-0.359338492155
1776892331.55,0.451111346483,-0.23697476089,0.457076877356,0.44348821044,-0.233029201627,0.366205275059,0.449605315924,-0.236708655953,0.26790651679,0.457981556654,-0.238534718752,0.168121397495,0.46754822135,-0.239482924342,0.070685826242,0.476784437895,-0.24089871347,-0.0248464792967,0.488806813955,-0.238830238581,-0.124876260757,0.501736164093,-0.239170983434,-0.221088081598,0.517040252686,-0.236626252532,-0.340124875307,0.474027186632,-0.302515566349,-0.359338492155,0.473801523447,-0.306204915047,-0.359338492155
1776892331.56,0.455653816462,-0.23916195333,0.454916387796,0.455118864775,-0.243075355887,0.361673533916,0.462402194738,-0.247637376189,0.262959301472,0.470981031656,-0.250310629606,0.163257598877,0.481570035219,-0.251582801342,0.067173756659,0.489460617304,-0.2507827878,-0.0309853702784,0.502348303795,-0.245901986957,-0.129219949245,0.513910889626,-0.241291105747,-0.225040793419,0.527567505836,-0.231740802526,-0.343845754862,0.480035692453,-0.302822947502,-0.359338492155,0.473697692156,-0.306197434664,-0.359338492155
1776892331.58,0.459671795368,-0.2408182621,0.45289054513,0.458059281111,-0.244752421975,0.360202997923,0.465337127447,-0.249582111835,0.261560499668,0.474519878626,-0.252714127302,0.162402391434,0.485157340765,-0.253731399775,0.0657475888729,0.493250161409,-0.25312179327,-0.0322181135416,0.505343317986,-0.246934637427,-0.130668371916,0.517043948174,-0.24194611609,-0.226945877075,0.530287265778,-0.23130209744,-0.345522195101,0.486048787832,-0.30298820138,-0.359338492155,0.47362741828,-0.306161493063,-0.359338492155
1776892331.59,0.464205026627,-0.242377251387,0.450846612453,0.461231440306,-0.246356785297,0.358557850122,0.468968123198,-0.251334875822,0.25983864069,0.477984338999,-0.254651129246,0.160968840122,0.48812648654,-0.255699664354,0.0644888207316,0.495890885592,-0.254445850849,-0.0339578092098,0.508809924126,-0.248046681285,-0.130949705839,0.519281387329,-0.241818889976,-0.228135854006,0.532674908638,-0.230603337288,-0.346729636192,0.49206379056,-0.303011804819,-0.359338492155,0.473556369543,-0.30624961853,-0.359338492155
1776892331.61,0.470247536898,-0.24402692914,0.448219358921,0.467756062746,-0.249423742294,0.355380505323,0.475661844015,-0.254255026579,0.256761729717,0.484389871359,-0.257329881191,0.15782430768,0.494812697172,-0.257968276739,0.0611943714321,0.502467632294,-0.256469368935,-0.0366176813841,0.513654589653,-0.249209880829,-0.135525405407,0.524181723595,-0.241686224937,-0.231289148331,0.537108063698,-0.229525998235,-0.349901676178,0.498077839613,-0.302893787622,-0.359338492155,0.473593920469,-0.306326419115,-0.359338492155
1776892331.62,0.475016146898,-0.244927808642,0.446388214827,0.474399775267,-0.25174933672,0.352571845055,0.48213711381,-0.256387531757,0.254437804222,0.491055041552,-0.258479148149,0.154881000519,0.50077354908,-0.258268237114,0.0571530461311,0.50838136673,-0.256519258022,-0.0399272292852,0.519930839539,-0.249623194337,-0.13730353117,0.529186964035,-0.242200300097,-0.234319001436,0.541745424271,-0.229313418269,-0.353097289801,0.504088163376,-0.302633851767,-0.359338492155,0.473541051149,-0.306101262569,-0.359338492155
1776892331.64,0.480524927378,-0.245559185743,0.444359719753,0.477893441916,-0.252754688263,0.351300060749,0.485200971365,-0.256498724222,0.252549737692,0.494013935328,-0.258076310158,0.153222024441,0.503751158714,-0.257927417755,0.0558031648397,0.51079916954,-0.256122171879,-0.0415958762169,0.521229982376,-0.248388901353,-0.140276998281,0.53071808815,-0.240815654397,-0.237331092358,0.543416500092,-0.229757383466,-0.354675859213,0.510091900826,-0.302231371403,-0.359338492155,0.473578125238,-0.306071788073,-0.359338492155
1776892331.65,0.485776811838,-0.245810523629,0.442732721567,0.484764665365,-0.25373724103,0.348433971405,0.491991490126,-0.25682336092,0.249614268541,0.500941753387,-0.25783008337,0.15134845674,0.509870648384,-0.256800591946,0.0542126744986,0.515879392624,-0.2543836236,-0.0443912744522,0.525526165962,-0.247005105019,-0.144020467997,0.536471843719,-0.241145655513,-0.237575024366,0.547467470169,-0.230668231845,-0.3576567173,0.516085982323,-0.30168530345,-0.359338492155,0.473502069712,-0.305885106325,-0.359338492155
1776892331.67,0.491053104401,-0.245634138584,0.441361010075,0.488274127245,-0.254044979811,0.347222417593,0.495334416628,-0.256140202284,0.248321041465,0.503749728203,-0.257156580687,0.149949371815,0.512846112251,-0.255775123835,0.053426399827,0.518876791,-0.25297832489,-0.04615201056,0.528552293777,-0.245736837387,-0.144798070192,0.536914229393,-0.240049272776,-0.241931319237,0.549545526505,-0.231237187982,-0.359500795603,0.522066712379,-0.300994336605,-0.359338492155,0.473523944616,-0.305888324976,-0.359338492155
1776892331.68,0.496410220861,-0.244947522879,0.440193712711,0.495001405478,-0.253761798143,0.345166146755,0.501833319664,-0.254752784967,0.246211946011,0.509648919106,-0.254270851612,0.147247493267,0.517587900162,-0.252482414246,0.0506517663598,0.523098468781,-0.249637246132,-0.0486124753952,0.533490777016,-0.243969887495,-0.146362781525,0.540838003159,-0.239273235202,-0.244659274817,0.552601695061,-0.232878088951,-0.361768573523,0.528030276299,-0.300156891346,-0.359338492155,0.473446160555,-0.305934458971,-0.359338492155
1776892331.7,0.50169044733,-0.243762671947,0.439216434956,0.498909145594,-0.25281059742,0.344198554754,0.504961490631,-0.25402417779,0.245799928904,0.512403845787,-0.252574801445,0.146246984601,0.520164489746,-0.250617086887,0.0495524331927,0.525504231453,-0.247882738709,-0.0491062402725,0.534842371941,-0.242646619678,-0.148463636637,0.543642520905,-0.239927574992,-0.244143933058,0.554335951805,-0.234030738473,-0.363356232643,0.533972263336,-0.299171060324,-0.359338492155,0.473501175642,-0.305856406689,-0.359338492155
1776892331.71,0.507008314133,-0.242065355182,0.438491821289,0.505834817886,-0.250637739897,0.342377781868,0.511527061462,-0.250823974609,0.244059443474,0.517882704735,-0.248624116182,0.144298687577,0.52470099926,-0.246149346232,0.0465931221843,0.530163764954,-0.244170233607,-0.0510201603174,0.539411902428,-0.240646734834,-0.148642241955,0.546908378601,-0.239742383361,-0.245577871799,0.556691288948,-0.236070036888,-0.365558713675,0.539887547493,-0.298034757376,-0.359338492155,0.473455995321,-0.305912703276,-0.359338492155
1776892331.73,0.512262880802,-0.239925295115,0.438076406717,0.509197115898,-0.249613076448,0.341943025589,0.514595985413,-0.248802512884,0.243050560355,0.520673274994,-0.246296882629,0.143302440643,0.527339220047,-0.244074210525,0.0462049916387,0.531941771507,-0.242691218853,-0.0515229851007,0.541658639908,-0.239744111896,-0.149558901787,0.548852682114,-0.238674283028,-0.246984809637,0.558110117912,-0.236616462469,-0.365874350071,0.545770287514,-0.296745657921,-0.359338492155,0.473559707403,-0.305857509375,-0.359338492155
1776892331.74,0.517507612705,-0.237322211266,0.437836498022,0.516101837158,-0.246582329273,0.341201305389,0.521045923233,-0.245052754879,0.242129072547,0.526533484459,-0.242428451777,0.142671585083,0.532937765121,-0.240422397852,0.0460243299603,0.536326885223,-0.239637687802,-0.0522243529558,0.544223666191,-0.237274572253,-0.15188729763,0.55155813694,-0.239537268877,-0.247534811497,0.560272932053,-0.239068210125,-0.367403119802,0.551614046097,-0.295301377773,-0.359338492155,0.473575204611,-0.305871218443,-0.359338492155
1776892331.76,0.522556483746,-0.234376683831,0.437717348337,0.519752860069,-0.244684934616,0.341219782829,0.524283528328,-0.242787480354,0.241770863533,0.529195070267,-0.240430980921,0.142305761576,0.534771203995,-0.238323926926,0.0449749454856,0.538750529289,-0.237976178527,-0.0532506853342,0.546468138695,-0.237566202879,-0.150955796242,0.552683472633,-0.238474011421,-0.249030739069,0.561005115509,-0.239764139056,-0.367575228214,0.557411551476,-0.293699473143,-0.359338492155,0.47354593873,-0.305859237909,-0.359338492155
1776892331.77,0.52748799324,-0.231150835752,0.437819719315,0.526719808578,-0.240652158856,0.340816140175,0.530617952347,-0.238984882832,0.241911798716,0.534770011902,-0.236916750669,0.142028421164,0.540205717087,-0.235689595342,0.0451900064945,0.543110489845,-0.236414536834,-0.052759885788,0.550458550453,-0.236424148083,-0.151213258505,0.555287241936,-0.239365905523,-0.249137401581,0.563540220261,-0.242498502135,-0.36823195219,0.563154459,-0.291937410831,-0.359338492155,0.473578900099,-0.306002944708,-0.359338492155
1776892331.79,0.532232284546,-0.227746292949,0.437963336706,0.530055165291,-0.238895863295,0.340919673443,0.533716201782,-0.237083092332,0.241869270802,0.537911772728,-0.235518664122,0.142136633396,0.542389631271,-0.23429043591,0.0445205271244,0.54519033432,-0.235262438655,-0.053165525198,0.551854729652,-0.236170977354,-0.151388406754,0.557057619095,-0.239268377423,-0.248756557703,0.563957571983,-0.242777332664,-0.368232429028,0.568833708763,-0.290012806654,-0.359338492155,0.473577350378,-0.305980980396,-0.359338492155
1776892331.8,0.53682410717,-0.224029779434,0.438230484724,0.537019371986,-0.234515830874,0.340894371271,0.540279626846,-0.233723297715,0.242102533579,0.543650865555,-0.232569545507,0.142182052135,0.547640562057,-0.23200045526,0.0442380011082,0.549229025841,-0.234353691339,-0.0533077865839,0.555297255516,-0.235548973083,-0.152102738619,0.559178709984,-0.240293979645,-0.249565303326,0.565396547318,-0.244525551796,-0.368185758591,0.574439287186,-0.287923336029,-0.359338492155,0.473427206278,-0.305776596069,-0.359338492155
1776892331.82,0.541015923023,-0.220342606306,0.438733696938,0.54039478302,-0.232423350215,0.340939760208,0.543360948563,-0.232111126184,0.242258518934,0.546582221985,-0.231306225061,0.142180621624,0.550031542778,-0.231638848782,0.0447082072496,0.551798224449,-0.233628153801,-0.0532532930374,0.556373715401,-0.235400438309,-0.152604103088,0.560701012611,-0.240402892232,-0.248899132013,0.566291809082,-0.245457783341,-0.368081659079,0.579960227013,-0.285667002201,-0.359338492155,0.473531752825,-0.305995583534,-0.359338492155
1776892331.84,0.545223355293,-0.216253682971,0.439034551382,0.546874642372,-0.228135228157,0.341378569603,0.549884319305,-0.228967681527,0.242641329765,0.55289888382,-0.229365319014,0.143179148436,0.555445075035,-0.230704560876,0.0453933402896,0.556234478951,-0.233737066388,-0.0523297190666,0.560018539429,-0.2358712852,-0.152575790882,0.563116073608,-0.240931868553,-0.248906642199,0.567136526108,-0.246010631323,-0.36778101325,0.585384607315,-0.283241927624,-0.359338492155,0.473647803068,-0.30605173111,-0.359338492155
1776892331.85,0.549505829811,-0.211712568998,0.439514458179,0.550132513046,-0.226125270128,0.342050850391,0.553001523018,-0.227499082685,0.242720216513,0.555674433708,-0.228625908494,0.143600225449,0.558269262314,-0.230460181832,0.0454272702336,0.558761715889,-0.233698070049,-0.0520644783974,0.562479734421,-0.236246198416,-0.150883555412,0.564097046852,-0.241572067142,-0.248681873083,0.567757248878,-0.246745422482,-0.367411226034,0.590699672699,-0.280646771193,-0.359338492155,0.473680347204,-0.306202113628,-0.359338492155
1776892331.86,0.553472936153,-0.207192316651,0.440028131008,0.555932641029,-0.2214987427,0.342405319214,0.558756947517,-0.224227711558,0.243389517069,0.561188578606,-0.226959064603,0.143472120166,0.563351511955,-0.229918956757,0.0463585481048,0.563524246216,-0.234379127622,-0.0512751787901,0.565781116486,-0.237017214298,-0.151266515255,0.567222356796,-0.242736414075,-0.247103333473,0.568954467773,-0.247254759073,-0.366714388132,0.595891833305,-0.277880519629,-0.359338492155,0.473706156015,-0.306230664253,-0.359338492155
1776892331.88,0.557217001915,-0.202435895801,0.440509557724,0.558895349503,-0.219128206372,0.342949360609,0.56177854538,-0.222663402557,0.243996918201,0.563742041588,-0.225968807936,0.144167900085,0.565981626511,-0.229240193963,0.0467363968492,0.565523266792,-0.23453733325,-0.0505468100309,0.567919015884,-0.237408921123,-0.15000128746,0.568260192871,-0.243019238114,-0.247317284346,0.569244503975,-0.247660562396,-0.365899473429,0.60094666481,-0.274942755699,-0.359338492155,0.473700374365,-0.306180238724,-0.359338492155
1776892331.89,0.561040222645,-0.196916759014,0.440859019756,0.56407892704,-0.21418581903,0.343797981739,0.566752910614,-0.219449460506,0.245256587863,0.569384336472,-0.224082514644,0.145262464881,0.571117162704,-0.228684008121,0.0478000119328,0.570250153542,-0.234504655004,-0.0495946407318,0.57134616375,-0.238148525357,-0.148798704147,0.570545911789,-0.243617862463,-0.246667772532,0.570274114609,-0.24823358655,-0.365057855844,0.605849266052,-0.271833568811,-0.359338492155,0.473719507456,-0.306232303381,-0.359338492155
1776892331.91,0.564186275005,-0.191962182522,0.441229194403,0.491812080145,-0.253793418407,0.346007466316,0.498556703329,-0.255820214748,0.247268289328,0.506666183472,-0.256232917309,0.148946344852,0.515231847763,-0.254340142012,0.0518485307693,0.520990848541,-0.251503527164,-0.0470055043697,0.530972957611,-0.24495407939,-0.145407050848,0.538959264755,-0.239647701383,-0.243115395308,0.551123261452,-0.232217684388,-0.360904723406,0.610583782196,-0.268553823233,-0.359338492155,0.473584443331,-0.305849254131,-0.359338492155
1776892331.92,0.567012429237,-0.186937302351,0.44147720933,0.571532011032,-0.20566599071,0.34510332346,0.573974847794,-0.213071495295,0.246263861656,0.576352357864,-0.220434144139,0.147246077657,0.577533960342,-0.226839393377,0.0492575764656,0.576014041901,-0.233747690916,-0.0487660765648,0.576232790947,-0.238205194473,-0.148196041584,0.574547290802,-0.244234785438,-0.244753837585,0.572293996811,-0.248847454786,-0.363717973232,0.615134358406,-0.265104979277,-0.359338492155,0.473744124174,-0.306270450354,-0.359338492155
1776892331.94,0.569869935513,-0.181154578924,0.441681265831,0.573834896088,-0.202242985368,0.344840049744,0.576405644417,-0.210656523705,0.246492385864,0.578272461891,-0.21848963201,0.147313177586,0.579440832138,-0.225992321968,0.0499189868569,0.577966332436,-0.233346089721,-0.0479032844305,0.577401995659,-0.238339349627,-0.147566944361,0.57592856884,-0.244092926383,-0.244536489248,0.573164582253,-0.249127298594,-0.363384634256,0.6194845438,-0.261489391327,-0.359338492155,0.473580211401,-0.306142687798,-0.359338492155
1776892331.95,0.572301983833,-0.175447493792,0.441724926233,0.577637076378,-0.196067065001,0.345743358135,0.580386400223,-0.205511420965,0.247062474489,0.582536935806,-0.214702829719,0.147944003344,0.583315253258,-0.223189011216,0.0506444647908,0.581427693367,-0.231927514076,-0.0468435138464,0.580998063087,-0.238054543734,-0.145788192749,0.577735185623,-0.243801876903,-0.2442266047,0.574794411659,-0.249076142907,-0.362413316965,0.623617768288,-0.25771009922,-0.359338492155,0.473622053862,-0.306066691875,-0.359338492155
1776892331.97,0.574087977409,-0.170621052384,0.441681653261,0.579732894897,-0.192385613918,0.345541894436,0.582221865654,-0.202442809939,0.247413739562,0.584408164024,-0.212286055088,0.147805184126,0.585196971893,-0.221444249153,0.0512106716633,0.582702040672,-0.230491831899,-0.0467154979706,0.5815731287,-0.236467063427,-0.146442443132,0.579270601273,-0.243324697018,-0.243303000927,0.575849533081,-0.249811276793,-0.362475574017,0.627517580986,-0.253771096468,-0.359338492155,0.473607629538,-0.306158691645,-0.359338492155
1776892331.98,0.57564163208,-0.165629684925,0.441631197929,0.582407236099,-0.185455024242,0.345698326826,0.585260272026,-0.196001514792,0.247222602367,0.587585806847,-0.206775903702,0.148252740502,0.587851524353,-0.216921254992,0.0510459914804,0.585464954376,-0.226933702826,-0.0461088418961,0.583994269371,-0.234682455659,-0.144702941179,0.581637382507,-0.242773264647,-0.24162119627,0.577905416489,-0.249766692519,-0.361596345901,0.631167650223,-0.24967713654,-0.359338492155,0.473565012217,-0.306131869555,-0.359338492155
1776892332,0.576612532139,-0.161723256111,0.441468834877,0.583411931992,-0.181848227978,0.345830738544,0.586604356766,-0.192711383104,0.2473115623,0.588803887367,-0.203768402338,0.148023322225,0.589380979538,-0.214197441936,0.0511849522591,0.586571335793,-0.225032761693,-0.0460455268621,0.585223078728,-0.232953846455,-0.145629137754,0.582391023636,-0.241629302502,-0.242285519838,0.57887506485,-0.249619156122,-0.361592620611,0.634552001953,-0.245433911681,-0.359338492155,0.473640233278,-0.306104809046,-0.359338492155
1776892332.01,0.57744115591,-0.157089993358,0.441167771816,0.585443258286,-0.174746349454,0.345131278038,0.58816242218,-0.185442015529,0.246893420815,0.590306639671,-0.196815311909,0.148001983762,0.591290712357,-0.208005383611,0.0513410046697,0.588502287865,-0.22000554204,-0.0459118932486,0.587169766426,-0.22909425199,-0.145473062992,0.584802150726,-0.239406958222,-0.242123156786,0.581617474556,-0.250066399574,-0.361120730639,0.637655258179,-0.241047888994,-0.359338492155,0.473603278399,-0.306120097637,-0.359338492155
1776892332.03,0.577854096889,-0.153679803014,0.440957814455,0.585708498955,-0.171311601996,0.345278263092,0.588727235794,-0.181805729866,0.246880918741,0.590854525566,-0.193027541041,0.147644132376,0.592097997665,-0.204627379775,0.0512346550822,0.589596867561,-0.217280194163,-0.0458100885153,0.588284850121,-0.226760566235,-0.145595818758,0.586286306381,-0.238988161087,-0.24107286334,0.582820057869,-0.250016987324,-0.360996693373,0.640462875366,-0.23652638495,-0.359338492155,0.473545402288,-0.306170523167,-0.359338492155
1776892332.04,0.577921152115,-0.150344744325,0.4407094419,0.586091399193,-0.165116488934,0.344832837582,0.589056968689,-0.174569383264,0.246297895908,0.591500401497,-0.185342773795,0.147201254964,0.59293794632,-0.197431191802,0.0506897568703,0.591181397438,-0.210733905435,-0.0461716502905,0.590587854385,-0.221843957901,-0.145976662636,0.588499307632,-0.235568657517,-0.241938769817,0.585377812386,-0.249556869268,-0.360824912786,0.642961144447,-0.231877475977,-0.359338492155,0.473603338003,-0.306239485741,-0.359338492155
1776892332.06,0.577611267567,-0.147536113858,0.440608352423,0.585996031761,-0.162161424756,0.34441190958,0.588768362999,-0.171324446797,0.245770931244,0.591646790504,-0.181669294834,0.147001832724,0.593188643456,-0.193202838302,0.0499712452292,0.59189748764,-0.207179158926,-0.0458613038063,0.591720819473,-0.219686463475,-0.145681023598,0.589568853378,-0.234141051769,-0.241464048624,0.587113976479,-0.249540090561,-0.360682398081,0.645137429237,-0.227109923959,-0.359338492155,0.473649531603,-0.306189864874,-0.359338492155
1776892332.07,0.577034056187,-0.145408719778,0.440508902073,0.585089445114,-0.157082334161,0.344236969948,0.588307142258,-0.165092736483,0.245387285948,0.591060400009,-0.174125507474,0.146042555571,0.593385696411,-0.185340091586,0.0495014190674,0.592801809311,-0.199689745903,-0.0469185560942,0.593084216118,-0.213344171643,-0.146034866571,0.591961145401,-0.230304211378,-0.241381675005,0.590165138245,-0.24866399169,-0.360107928514,0.646980524063,-0.22223316133,-0.359338492155,0.473753482103,-0.306167453527,-0.359338492155
1776892332.09,0.575806617737,-0.143137723207,0.440392434597,0.584656715393,-0.154837712646,0.343782484531,0.587936043739,-0.161960095167,0.245451807976,0.590977907181,-0.170756265521,0.145949885249,0.593274950981,-0.181510567665,0.0487531945109,0.593114495277,-0.195854306221,-0.0468198359013,0.593811869621,-0.210350498557,-0.146154820919,0.593039512634,-0.227776035666,-0.241579532623,0.591709494591,-0.247970059514,-0.359893262386,0.648480415344,-0.217257156968,-0.359338492155,0.473721593618,-0.306184947491,-0.359338492155
1776892332.1,0.574345111847,-0.141358166933,0.440453648567,0.583001852036,-0.151058927178,0.343737781048,0.586539745331,-0.156899571419,0.244743645191,0.590118646622,-0.164237603545,0.145243838429,0.5926258564,-0.174384459853,0.0485987812281,0.592693209648,-0.188644051552,-0.0479753166437,0.594525575638,-0.203771188855,-0.146153450012,0.595284819603,-0.223077103496,-0.241771101952,0.595247030258,-0.245486244559,-0.359783411026,0.649628639221,-0.212192282081,-0.359338492155,0.473593443632,-0.306154131889,-0.359338492155
1776892332.12,0.572912573814,-0.140074267983,0.440487712622,0.582091093063,-0.149245321751,0.343598216772,0.585780262947,-0.154634729028,0.24469396472,0.589248776436,-0.161797255278,0.145367726684,0.592059731483,-0.17139030993,0.0481833219528,0.592477083206,-0.185145020485,-0.0483044832945,0.595483660698,-0.200981467962,-0.146055310965,0.595907330513,-0.220718845725,-0.241399198771,0.596879482269,-0.244438380003,-0.359467864037,0.650418639183,-0.207049354911,-0.359338492155,0.473647505045,-0.306097209454,-0.359338492155
1776892332.13,0.570294201374,-0.137990176678,0.440602451563,0.579390883446,-0.146244436502,0.343494176865,0.583351016045,-0.151052579284,0.244930803776,0.587463140488,-0.156847283244,0.145245432854,0.590932130814,-0.16553235054,0.0482675433159,0.592346429825,-0.179499283433,-0.0482090562582,0.59521651268,-0.195146948099,-0.147074967623,0.597677469254,-0.216148108244,-0.241325616837,0.600699305534,-0.240753501654,-0.359368026257,0.650844931602,-0.201839327812,-0.359338492155,0.473533958197,-0.306240797043,-0.359338492155
1776892332.15,0.567908704281,-0.136319458485,0.440777152777,0.577796697617,-0.14473927021,0.34336745739,0.581931948662,-0.149226337671,0.244753614068,0.586254835129,-0.15480491519,0.145184352994,0.590420484543,-0.163461849093,0.0480759367347,0.591830730438,-0.176625803113,-0.04822050035,0.595991134644,-0.192400619388,-0.146882861853,0.598460197449,-0.213394403458,-0.241294801235,0.602374076843,-0.23855355382,-0.359313338995,0.650904417038,-0.196573346853,-0.359338492155,0.473588675261,-0.306230217218,-0.359338492155
1776892332.16,0.565212786198,-0.134482353926,0.441036462784,0.573924660683,-0.142135843635,0.343781143427,0.578656077385,-0.146547272801,0.244901239872,0.583776473999,-0.152060389519,0.145340710878,0.588475942612,-0.160215288401,0.0483283996582,0.591213107109,-0.173251777887,-0.0476811081171,0.596963167191,-0.188033178449,-0.14607194066,0.600536704063,-0.208615273237,-0.241388052702,0.605949401855,-0.233395516872,-0.358844190836,0.650595426559,-0.1912625283,-0.359338492155,0.473639518023,-0.306149363518,-0.359338492155
1776892332.18,0.562294602394,-0.132375061512,0.441276729107,0.5722219944,-0.141042858362,0.343998074532,0.576741218567,-0.145154029131,0.244964301586,0.582406520844,-0.150783121586,0.145468324423,0.587705016136,-0.158858418465,0.0481535941362,0.590849518776,-0.1714220047,-0.0483750551939,0.596912384033,-0.18663315475,-0.14627969265,0.601684212685,-0.206332981586,-0.241139680147,0.607585430145,-0.230212435126,-0.359157860279,0.649917840958,-0.185917884111,-0.359338492155,0.473639816046,-0.306166440248,-0.359338492155
1776892332.19,0.55916261673,-0.130128845572,0.441537648439,0.567787647247,-0.138633877039,0.344275176525,0.572839975357,-0.143263757229,0.245256364346,0.578865170479,-0.14956702292,0.146174624562,0.585239768028,-0.157434523106,0.0488121956587,0.590075731277,-0.169708833098,-0.0476430654526,0.596989750862,-0.183402508497,-0.146287441254,0.603358268738,-0.201534166932,-0.241133242846,0.610921502113,-0.223008573055,-0.359556645155,0.64887368679,-0.180550202727,-0.359338492155,0.473607212305,-0.306191146374,-0.359338492155
1776892332.21,0.555774986744,-0.12760874629,0.441971093416,0.565482735634,-0.13709756732,0.344118356705,0.57064473629,-0.142468124628,0.245793044567,0.577201724052,-0.148800313473,0.146212041378,0.583987116814,-0.15705883503,0.0492508411407,0.589500427246,-0.169091358781,-0.0471150279045,0.597477793694,-0.182103902102,-0.145382016897,0.604064822197,-0.199590027332,-0.240963160992,0.612372279167,-0.219182297587,-0.359557271004,0.647466182709,-0.175169959664,-0.359338492155,0.473588973284,-0.306182235479,-0.359338492155
1776892332.22,0.55248939991,-0.12516541779,0.442364424467,0.560798764229,-0.134613931179,0.344669729471,0.566684365273,-0.141059547663,0.246057778597,0.57368516922,-0.148428365588,0.14682546258,0.581604361534,-0.156798675656,0.0501403361559,0.588496685028,-0.168266922235,-0.0466362088919,0.597346544266,-0.179733291268,-0.145083904266,0.605719089508,-0.194756284356,-0.240711182356,0.61551117897,-0.210463792086,-0.359672993422,0.645700454712,-0.169787198305,-0.359338492155,0.473641246557,-0.306366920471,-0.359338492155
1776892332.24,0.548727810383,-0.122539415956,0.442809522152,0.558412790298,-0.133107841015,0.345210582018,0.564545631409,-0.140410527587,0.246375262737,0.571985602379,-0.148180812597,0.147255674005,0.580604314804,-0.156936883926,0.0505242720246,0.587737202644,-0.16867774725,-0.0455027073622,0.59708571434,-0.178507775068,-0.145183175802,0.605866074562,-0.191986978054,-0.240482777357,0.617514252663,-0.206576749682,-0.359218329191,0.643582940102,-0.164411425591,-0.359338492155,0.473635941744,-0.306310743093,-0.359338492155
1776892332.25,0.545118451118,-0.120026856661,0.443327695131,0.553780436516,-0.130334958434,0.346132934093,0.560722708702,-0.139037951827,0.24754178524,0.569006681442,-0.148040339351,0.148343205452,0.577747225761,-0.157056391239,0.0517102628946,0.585700631142,-0.1678186059,-0.044688642025,0.597033381462,-0.176049038768,-0.142821192741,0.607328534126,-0.186677753925,-0.239834010601,0.619732379913,-0.196746751666,-0.358639031649,0.641121506691,-0.159051567316,-0.359338492155,0.473621934652,-0.306257754564,-0.359338492155
1776892332.27,0.541532337666,-0.117890708148,0.443625181913,0.551745891571,-0.128938466311,0.346034288406,0.558791279793,-0.138364315033,0.247691884637,0.567360043526,-0.147698611021,0.14911095798,0.57649242878,-0.156907200813,0.0521095469594,0.584889769554,-0.166880398989,-0.0445392280817,0.596605300903,-0.174956083298,-0.142422735691,0.607231974602,-0.183674946427,-0.239496022463,0.620940566063,-0.191781163216,-0.358261942863,0.638325095177,-0.153715893626,-0.359338492155,0.473631769419,-0.306210368872,-0.359338492155
1776892332.28,0.536107122898,-0.11506383121,0.444163054228,0.546932697296,-0.126205176115,0.346958726645,0.555012345314,-0.136281818151,0.248983919621,0.564089298248,-0.146678328514,0.150047421455,0.574075818062,-0.155715808272,0.0534559488297,0.583080649376,-0.165120884776,-0.0431749671698,0.595388770103,-0.170715212822,-0.141952604055,0.607751011848,-0.177827373147,-0.23801189661,0.622562289238,-0.182485774159,-0.357414722443,0.635203957558,-0.148411944509,-0.359338492155,0.473623842001,-0.306312263012,-0.359338492155
1776892332.3,0.532237708569,-0.113462753594,0.444436043501,0.575841903687,-0.143563106656,0.343675911427,0.580289006233,-0.147957384586,0.244779080153,0.584977388382,-0.153184041381,0.145129993558,0.589620709419,-0.161566734314,0.0481975674629,0.591488718987,-0.174609571695,-0.0489101707935,0.596133589745,-0.190608605742,-0.146306991577,0.599428296089,-0.210728377104,-0.241953492165,0.60434782505,-0.236005589366,-0.358990341425,0.631769299507,-0.143146514893,-0.359338492155,0.473611742258,-0.306175589561,-0.359338492155
1776892332.31,0.528351604939,-0.112172588706,0.444682866335,0.544286966324,-0.124864950776,0.347540020943,0.553127884865,-0.135435163975,0.249657720327,0.562742471695,-0.145777896047,0.150712326169,0.573510050774,-0.154907122254,0.0537669733167,0.582515716553,-0.163626119494,-0.0427494943142,0.595255851746,-0.168683558702,-0.140653133392,0.60795044899,-0.174386188388,-0.237525552511,0.623077630997,-0.177554786205,-0.356410384178,0.628032922745,-0.137925609946,-0.359338492155,0.473605245352,-0.306218117476,-0.359338492155
1776892332.33,0.522752225399,-0.110895074904,0.444848895073,0.535573124886,-0.119880132377,0.34813401103,0.546110749245,-0.130708098412,0.250151127577,0.557230114937,-0.140436306596,0.151840731502,0.56907916069,-0.149091467261,0.0553254187107,0.579772830009,-0.156805664301,-0.0409415960312,0.593979001045,-0.160245910287,-0.139326065779,0.607505083084,-0.163497745991,-0.236045956612,0.624485254288,-0.163289859891,-0.35486844182,0.624007582664,-0.132754385471,-0.359338492155,0.473602503538,-0.306285500526,-0.359338492155
1776892332.34,0.517658293247,-0.110290758312,0.444740504026,0.529638409615,-0.117099151015,0.348397046328,0.540558576584,-0.126486033201,0.250709474087,0.553125500679,-0.135792091489,0.152047634125,0.566240310669,-0.143280252814,0.0556035712361,0.577727794647,-0.150170147419,-0.0414954274893,0.592609643936,-0.152423411608,-0.139022856951,0.607432723045,-0.155092731118,-0.235872507095,0.624776959419,-0.153936818242,-0.354133844376,0.619706392288,-0.127637207508,-0.359338492155,0.473630875349,-0.30616363883,-0.359338492155
1776892332.36,0.513137340546,-0.110083222389,0.444582998753,0.541361808777,-0.123115561903,0.347628563643,0.550545215607,-0.13388364017,0.24981456995,0.560926198959,-0.144023090601,0.150775566697,0.571926236153,-0.153368875384,0.0547980666161,0.58104455471,-0.161472931504,-0.042778044939,0.59418797493,-0.16573728621,-0.141040891409,0.607790112495,-0.170915171504,-0.237663269043,0.624351501465,-0.172811508179,-0.355874091387,0.615142941475,-0.122577622533,-0.359338492155,0.473695904016,-0.306476145983,-0.359338492155
1776892332.37,0.508577227592,-0.110085010529,0.444160461426,0.519942045212,-0.113531507552,0.348286747932,0.532449841499,-0.120181307197,0.250413477421,0.546471118927,-0.12623462081,0.151065349579,0.561072945595,-0.131660178304,0.0552779659629,0.574740171432,-0.136905416846,-0.0406865924597,0.590768694878,-0.139023572206,-0.138813257217,0.60594201088,-0.141848623753,-0.235131204128,0.623668551445,-0.141225710511,-0.353794276714,0.610331177711,-0.117578364909,-0.359338492155,0.473616153002,-0.306268662214,-0.359338492155
1776892332.39,0.50341540575,-0.110321499407,0.443664669991,0.516975998878,-0.112440630794,0.347844541073,0.529994726181,-0.117885842919,0.249599799514,0.544244289398,-0.122923821211,0.15106703341,0.559399962425,-0.127183943987,0.0551272183657,0.573586702347,-0.132531493902,-0.0411269664764,0.589911818504,-0.134154558182,-0.139311850071,0.605078220367,-0.136844456196,-0.23512133956,0.623004436493,-0.136605098844,-0.354051709175,0.605285286903,-0.112641371787,-0.359338492155,0.473597198725,-0.306262105703,-0.359338492155
1776892332.4,0.498671233654,-0.110564753413,0.442980259657,0.510979771614,-0.1104516536,0.347381949425,0.524304151535,-0.112965025008,0.249177351594,0.539490699768,-0.115796141326,0.150293543935,0.555699467659,-0.118550345302,0.054891243577,0.569726705551,-0.121653921902,-0.0421901494265,0.587161660194,-0.123283058405,-0.138656198978,0.602976918221,-0.126992300153,-0.235287308693,0.621972680092,-0.128806933761,-0.353644281626,0.600019335747,-0.107767820358,-0.359338492155,0.47362652421,-0.30624806881,-0.359338492155
1776892332.42,0.494195640087,-0.110651142895,0.442315548658,0.507727265358,-0.109417632222,0.347072392702,0.521885514259,-0.110811032355,0.248355925083,0.537280321121,-0.112152598798,0.149912983179,0.553196549416,-0.113309986889,0.0540844649076,0.568110823631,-0.11655075103,-0.0423857867718,0.585245370865,-0.117946363986,-0.140192985535,0.601594805717,-0.121679440141,-0.236168712378,0.621223688126,-0.123943991959,-0.354165792465,0.594547390938,-0.102958150208,-0.359338492155,0.473633974791,-0.306247740984,-0.359338492155
1776892332.43,0.489906638861,-0.110550098121,0.441432952881,0.501849532127,-0.107388302684,0.346238851547,0.516445994377,-0.106416746974,0.247925281525,0.53232395649,-0.105247855186,0.149264842272,0.548422813416,-0.104455687106,0.0533522963524,0.563423871994,-0.106078758836,-0.0428285002708,0.581333041191,-0.10679205507,-0.140486001968,0.598408699036,-0.112160332501,-0.235487371683,0.619193911552,-0.115827478468,-0.353944838047,0.588883757591,-0.098212108016,-0.359338492155,0.473634213209,-0.306276857853,-0.359338492155
1776892332.45,0.485932976007,-0.11018833518,0.440626889467,0.498868793249,-0.106377668679,0.34571942687,0.513753533363,-0.104330800474,0.247495800257,0.529528021812,-0.101534120739,0.14877833426,0.545679092407,-0.0996899902821,0.0533531531692,0.560655474663,-0.101031795144,-0.0430790036917,0.578822016716,-0.102151721716,-0.140323013067,0.596529722214,-0.106892675161,-0.236491560936,0.617939710617,-0.111505992711,-0.35410708189,0.583042144775,-0.0935287773609,-0.359338492155,0.473775178194,-0.306434750557,-0.359338492155
1776892332.46,0.482288241386,-0.109526336193,0.439793884754,0.493096679449,-0.104419566691,0.344724297523,0.508182048798,-0.099975168705,0.246457129717,0.523802042007,-0.0955581441522,0.148575618863,0.540402054787,-0.09174233675,0.0520706251264,0.555697917938,-0.0916649401188,-0.0445185601711,0.574270248413,-0.0923631340265,-0.140721797943,0.592151761055,-0.0975223407149,-0.236387878656,0.614748954773,-0.102403007448,-0.354959011078,0.577036499977,-0.0889066308737,-0.359338492155,0.473592787981,-0.306278675795,-0.359338492155
1776892332.48,0.478967368603,-0.108554981649,0.438940823078,0.490314334631,-0.103271119297,0.344089478254,0.504949092865,-0.0978594645858,0.24588483572,0.520938396454,-0.0922524482012,0.147138699889,0.537425518036,-0.0880789905787,0.0519844666123,0.55293571949,-0.087409697473,-0.0446814447641,0.571839570999,-0.0879114568233,-0.141524493694,0.590031862259,-0.0927515476942,-0.236976593733,0.612648010254,-0.0979705899954,-0.355330199003,0.570880174637,-0.0843435674906,-0.359338492155,0.473592787981,-0.306296855211,-0.359338492155
1776892332.49,0.476017534733,-0.107248269022,0.438217073679,0.484625905752,-0.10058888793,0.342854559422,0.498678475618,-0.09403462708,0.245131015778,0.514363408089,-0.0876648649573,0.14692056179,0.531819939613,-0.0825452283025,0.0515370815992,0.54638338089,-0.0802097544074,-0.045082449913,0.566757559776,-0.0798375084996,-0.142415106297,0.585198640823,-0.0842295065522,-0.237830609083,0.60864007473,-0.0882321223617,-0.355613082647,0.564586400986,-0.0798369646072,-0.359338492155,0.473522633314,-0.306176781654,-0.359338492155
1776892332.51,0.473535090685,-0.105568557978,0.437606215477,0.482337087393,-0.0994028300047,0.342354297638,0.495987266302,-0.0924260541797,0.244187504053,0.511258244514,-0.0853905752301,0.146389618516,0.527905225754,-0.0795832052827,0.0508800819516,0.543349266052,-0.0770977586508,-0.0461536049843,0.564046144485,-0.0763580352068,-0.143508672714,0.582846879959,-0.0797864720225,-0.238447695971,0.606230020523,-0.0831637755036,-0.35596242547,0.558168053627,-0.075383707881,-0.359338492155,0.473574668169,-0.306300342083,-0.359338492155
1776892332.52,0.471420109272,-0.103492721915,0.4370701015,0.477736204863,-0.0971149355173,0.341452896595,0.490351945162,-0.089430205524,0.242964535952,0.505005598068,-0.0818119645119,0.146380662918,0.521901845932,-0.0758914723992,0.0499248355627,0.537274479866,-0.0727519541979,-0.0469181835651,0.557776451111,-0.0701340138912,-0.143964827061,0.577201485634,-0.0721343532205,-0.239308834076,0.601074457169,-0.0729453861713,-0.356676101685,0.551637768745,-0.070980258286,-0.359338492155,0.473581165075,-0.306312829256,-0.359338492155
1776892332.54,0.469743549824,-0.100942805409,0.436818748713,0.475751847029,-0.0957470163703,0.340720295906,0.48794195056,-0.0883553847671,0.242520570755,0.50174176693,-0.0806540623307,0.14443102479,0.518338322639,-0.0743007212877,0.0493231341243,0.534475326538,-0.070594355464,-0.0479239970446,0.554442405701,-0.0675520077348,-0.144916951656,0.573860764503,-0.0679005458951,-0.240114718676,0.598002791405,-0.0680909976363,-0.356867015362,0.545007824898,-0.0666226744652,-0.359338492155,0.473640233278,-0.306213349104,-0.359338492155
1776892332.55,0.468374460936,-0.0979656800628,0.436710834503,0.472748965025,-0.093279145658,0.339843690395,0.484081834555,-0.0863562747836,0.241547584534,0.496908217669,-0.0792407616973,0.143552556634,0.512238502502,-0.0720127224922,0.0481692701578,0.527259111404,-0.0674724653363,-0.0493671447039,0.547937989235,-0.0624547041953,-0.146450579166,0.566799163818,-0.0610652714968,-0.241051018238,0.591526627541,-0.0570561885834,-0.358584731817,0.538290262222,-0.0623066835105,-0.359338492155,0.473596602678,-0.306270301342,-0.359338492155
1776892332.57,0.467385560274,-0.0947735160589,0.43672683835,0.471426457167,-0.0920553728938,0.339639306068,0.482059389353,-0.0854291394353,0.241333454847,0.494429141283,-0.0785356685519,0.143419876695,0.509686350822,-0.071321003139,0.0468774139881,0.524177670479,-0.0661575496197,-0.049022808671,0.543546080589,-0.0605349354446,-0.145647674799,0.563281655312,-0.0574584230781,-0.241877883673,0.587829232216,-0.0518024936318,-0.358617722988,0.531496763229,-0.0580276995897,-0.359338492155,0.473625451326,-0.306232839823,-0.359338492155
1776892332.59,0.466612994671,-0.0908947139978,0.436931967735,0.470678418875,-0.0905194804072,0.339655250311,0.480851262808,-0.0844317376614,0.240829467773,0.492940872908,-0.0782806277275,0.142889335752,0.50661444664,-0.0710283666849,0.0471872538328,0.520949006081,-0.0654880329967,-0.0502905398607,0.540841579437,-0.0585912950337,-0.146543055773,0.559519886971,-0.0542665272951,-0.241962850094,0.584090590477,-0.0464763790369,-0.359103411436,0.524638652802,-0.0537808761001,-0.359338492155,0.47362729907,-0.306241184473,-0.359338492155
1776892332.6,0.466093182564,-0.0863016545773,0.437329649925,0.468943268061,-0.0868843793869,0.339413076639,0.478542655706,-0.0828586369753,0.241115599871,0.48944106698,-0.0773145705462,0.142223879695,0.501814007759,-0.0706810504198,0.0467039272189,0.514257073402,-0.063575938344,-0.050943672657,0.533111810684,-0.0548291616142,-0.147544264793,0.551649689674,-0.047348048538,-0.242576003075,0.575780391693,-0.0362689644098,-0.359662681818,0.517727255821,-0.0495611391962,-0.359338492155,0.47362729907,-0.306241184473,-0.359338492155
1776892332.61,0.465870082378,-0.0814541876316,0.437951594591,0.467736750841,-0.0830768272281,0.339974105358,0.476738542318,-0.0800937786698,0.24116460979,0.486535936594,-0.0758878290653,0.142756700516,0.497717410326,-0.0690573081374,0.0453011468053,0.508387446404,-0.0618022866547,-0.0514031499624,0.52564561367,-0.0505862161517,-0.147725045681,0.543967604637,-0.0415409244597,-0.242796689272,0.566205501556,-0.0263883210719,-0.35984519124,0.510773539543,-0.0453632436693,-0.359338492155,0.473624199629,-0.306241035461,-0.359338492155
1776892332.63,0.4657792449,-0.0767114907503,0.43861669302,0.467144876719,-0.0810137093067,0.3406650424,0.475850254297,-0.0783444792032,0.241242468357,0.48527815938,-0.0746487379074,0.142776206136,0.496322482824,-0.0684907585382,0.0462365671992,0.506267309189,-0.0606186613441,-0.0514690577984,0.523396730423,-0.0492306165397,-0.147948980331,0.539838910103,-0.038268212229,-0.242599219084,0.561086177826,-0.0217348262668,-0.360043168068,0.503788352013,-0.0411817952991,-0.359338492155,0.473643630743,-0.306279301643,-0.359338492155
1776892332.64,0.465777873993,-0.0711192861199,0.439385652542,0.466775745153,-0.0758959427476,0.341168284416,0.474358588457,-0.0742308944464,0.24233174324,0.48260512948,-0.0711583867669,0.143463820219,0.493426412344,-0.0657666474581,0.0469412952662,0.502081990242,-0.0575998947024,-0.050880163908,0.517005085945,-0.0452741347253,-0.146669536829,0.531537413597,-0.0322735086083,-0.243466079235,0.550140500069,-0.0135704213753,-0.359598785639,0.496782451868,-0.0370112918317,-0.359338492155,0.47359213233,-0.30628323555,-0.359338492155
1776892332.66,0.465852618217,-0.0657023414969,0.440131157637,0.479878276587,-0.0982057228684,0.34193149209,0.493007689714,-0.0906736031175,0.243620768189,0.50851392746,-0.0837063416839,0.146493643522,0.52503991127,-0.0777246728539,0.0502263307571,0.540974617004,-0.0748223736882,-0.0470778942108,0.561052560806,-0.0732510909438,-0.143419504166,0.580420017242,-0.0757617875934,-0.238784074783,0.603586316109,-0.0779669061303,-0.356419414282,0.489766329527,-0.032846160233,-0.359338492155,0.473601132631,-0.306294232607,-0.359338492155
1776892332.67,0.46596378088,-0.0603522732854,0.44084623456,0.46641805768,-0.0691222772002,0.341991096735,0.473282545805,-0.0686866939068,0.243202537298,0.480976849794,-0.0663965120912,0.14409711957,0.490420609713,-0.0616113692522,0.047441393137,0.498423904181,-0.0536457709968,-0.0495421290398,0.512370944023,-0.0408774241805,-0.14687025547,0.52431833744,-0.0266549754888,-0.242939859629,0.537921905518,-0.00610543601215,-0.359863370657,0.482750684023,-0.028680793941,-0.359338492155,0.473629266024,-0.306249260902,-0.359338492155
1776892332.69,0.466084569693,-0.0558795668185,0.441442430019,0.466593533754,-0.0621393695474,0.342831432819,0.473124355078,-0.0619073696434,0.24370443821,0.479569226503,-0.0597347691655,0.144272595644,0.487602859735,-0.0551588945091,0.0471161454916,0.494702070951,-0.0479504130781,-0.0497514307499,0.506096124649,-0.0349284783006,-0.146276861429,0.515671014786,-0.0207168310881,-0.242765754461,0.525743961334,0.000171963591129,-0.360349684954,0.475746065378,-0.0245095901191,-0.359338492155,0.473629266024,-0.306249260902,-0.359338492155
1776892332.7,0.466325610876,-0.0501554906368,0.442262768745,0.466933518648,-0.0550094954669,0.34364169836,0.473060041666,-0.0544334575534,0.244785964489,0.479558497667,-0.0523212775588,0.14560675621,0.486276060343,-0.047934114933,0.0489557087421,0.491345912218,-0.0405911393464,-0.0485135763884,0.499239712954,-0.0273985583335,-0.1465292871,0.506296396255,-0.0144710745662,-0.242584615946,0.513197422028,0.00577634200454,-0.36035951972,0.468763142824,-0.0203269794583,-0.359338492155,0.473573774099,-0.30624973774,-0.359338492155
1776892332.72,0.46659347415,-0.0456823147833,0.442848533392,0.46714964509,-0.0512541495264,0.344326287508,0.473198860884,-0.050223775208,0.245396584272,0.479135245085,-0.0476969853044,0.145883515477,0.485297709703,-0.0434829108417,0.0487860962749,0.488709419966,-0.0363907590508,-0.0483625233173,0.495784550905,-0.0242029931396,-0.146899402142,0.501826882362,-0.0114478031173,-0.242711424828,0.50708770752,0.00846584606916,-0.360749602318,0.461812525988,-0.0161274690181,-0.359338492155,0.47364744544,-0.306251704693,-0.359338492155
1776892332.73,0.466920047998,-0.0406990721822,0.443478673697,0.467822283506,-0.0440660975873,0.345237135887,0.473718672991,-0.0417966395617,0.246119141579,0.478597670794,-0.038294583559,0.14697638154,0.482938736677,-0.0332389622927,0.0498387217522,0.484043806791,-0.0263222847134,-0.0480009913445,0.488856643438,-0.0154108284041,-0.146153837442,0.491406053305,-0.00459663197398,-0.24267360568,0.494394928217,0.0123946806416,-0.361479818821,0.454905182123,-0.0119056748226,-0.359338492155,0.47360560298,-0.306233286858,-0.359338492155
1776892332.75,0.467217236757,-0.036086589098,0.443922013044,0.468264132738,-0.040652051568,0.34579962492,0.473541647196,-0.0375680923462,0.246922060847,0.478259652853,-0.0332923233509,0.147536322474,0.481832057238,-0.0281894188374,0.0507350414991,0.482647806406,-0.0211877543479,-0.0467134416103,0.484838873148,-0.0108162909746,-0.146150738001,0.486493498087,-0.000871522119269,-0.242802172899,0.488000661135,0.0144334901124,-0.361569017172,0.448052018881,-0.00765636004508,-0.359338492155,0.473610728979,-0.306270122528,-0.359338492155
1776892332.76,0.467500567436,-0.0314752347767,0.444196730852,0.468429893255,-0.033599190414,0.346276015043,0.473530501127,-0.0285714268684,0.247294947505,0.47691193223,-0.0230050981045,0.148377984762,0.479200690985,-0.0166763029993,0.0512958243489,0.477940708399,-0.0105730742216,-0.0460222959518,0.478118568659,-0.0012845887104,-0.145917147398,0.477227658033,0.00585176423192,-0.243061512709,0.475463777781,0.0169081166387,-0.361922353506,0.441264361143,-0.00337447295897,-0.359338492155,0.473630279303,-0.306259930134,-0.359338492155
1776892332.78,0.467791169882,-0.0266084838659,0.444381415844,0.468335062265,-0.0299404431134,0.346840620041,0.472839087248,-0.0241864044219,0.247555375099,0.475835055113,-0.0177118107677,0.14891050756,0.47690346837,-0.0109856119379,0.0519104227424,0.475183874369,-0.00496258214116,-0.0455199480057,0.474266082048,0.0038549262099,-0.145413845778,0.472772449255,0.00911922939122,-0.242617815733,0.46932348609,0.0179196689278,-0.361782997847,0.434553593397,0.000944812316447,-0.359338492155,0.473638385534,-0.306246101856,-0.359338492155
1776892332.79,0.468089610338,-0.0215127393603,0.444473177195,0.467636913061,-0.022480269894,0.346699357033,0.471322864294,-0.0155282216147,0.24836140871,0.472790390253,-0.00735597359017,0.14941740036,0.472676604986,-9.47141088545e-05,0.0525872409344,0.469481319189,0.00615460332483,-0.0450072288513,0.467487186193,0.0124751525,-0.144172012806,0.462755352259,0.0160734895617,-0.242271363735,0.456809669733,0.020420499146,-0.361701339483,0.427931517363,0.00530605670065,-0.359338492155,0.473617643118,-0.306261360645,-0.359338492155
1776892332.81,0.468375653028,-0.0160809960216,0.444506496191,0.467416316271,-0.0189985018224,0.347194433212,0.470089584589,-0.0111600840464,0.248298048973,0.471004515886,-0.00265842024237,0.149435073137,0.470658153296,0.00553942564875,0.0520821586251,0.466752499342,0.0111382259056,-0.0447304844856,0.46374168992,0.0167864169925,-0.14381057024,0.45808044076,0.0188499316573,-0.241223007441,0.450432091951,0.0219109561294,-0.361224979162,0.421410113573,0.00971351284534,-0.359338492155,0.473642617464,-0.306243628263,-0.359338492155
1776892332.82,0.468669176102,-0.0101227825508,0.444500863552,0.466474622488,-0.0110203828663,0.34715923667,0.467421084642,-0.00242487015203,0.24820587039,0.466827362776,0.00668523646891,0.149945780635,0.465046554804,0.0151352826506,0.0527956932783,0.459875613451,0.0203470829874,-0.0448294878006,0.455466598272,0.024408550933,-0.14374896884,0.448656409979,0.0244825556874,-0.241358339787,0.438977867365,0.0241355765611,-0.360962301493,0.415001660585,0.0141710862517,-0.359338492155,0.473612338305,-0.306239724159,-0.359338492155
1776892332.84,0.469020098448,-0.00380082381889,0.444453150034,0.465864926577,-0.00733613409102,0.347357094288,0.465966910124,0.00193089107051,0.248345389962,0.46454384923,0.011333649978,0.149789482355,0.4619974792,0.0191249381751,0.0528145208955,0.456564694643,0.0244922414422,-0.0442613661289,0.451789170504,0.0278771817684,-0.143309444189,0.443882018328,0.0266245603561,-0.240723282099,0.433169990778,0.0252878498286,-0.360475063324,0.408718854189,0.018682282418,-0.359338492155,0.47353503108,-0.306403636932,-0.359338492155
1776892332.85,0.469420045614,0.00293719675392,0.444338977337,0.465864926577,-0.00733613409102,0.347357094288,0.465966910124,0.00193089107051,0.248345389962,0.46454384923,0.011333649978,0.149789482355,0.4619974792,0.0191249381751,0.0528145208955,0.456564694643,0.0244922414422,-0.0442613661289,0.451789170504,0.0278771817684,-0.143309444189,0.443882018328,0.0266245603561,-0.240723282099,0.433169990778,0.0252878498286,-0.360475063324,0.402574568987,0.0232501737773,-0.359338492155,0.473574489355,-0.306299209595,-0.359338492155
1776892332.87,0.469939440489,0.010860407725,0.444123715162,0.465864926577,-0.00733613409102,0.347357094288,0.465966910124,0.00193089107051,0.248345389962,0.46454384923,0.011333649978,0.149789482355,0.4619974792,0.0191249381751,0.0528145208955,0.456564694643,0.0244922414422,-0.0442613661289,0.451789170504,0.0278771817684,-0.143309444189,0.443882018328,0.0266245603561,-0.240723282099,0.433169990778,0.0252878498286,-0.360475063324,0.39658203721,0.0278773456812,-0.359338492155,0.473558217287,-0.306284755468,-0.359338492155
1776892332.88,0.470344185829,0.017461663112,0.443905949593,0.465864926577,-0.00733613409102,0.347357094288,0.465966910124,0.00193089107051,0.248345389962,0.46454384923,0.011333649978,0.149789482355,0.4619974792,0.0191249381751,0.0528145208955,0.456564694643,0.0244922414422,-0.0442613661289,0.451789170504,0.0278771817684,-0.143309444189,0.443882018328,0.0266245603561,-0.240723282099,0.433169990778,0.0252878498286,-0.360475063324,0.390754789114,0.0325658507645,-0.359338492155,0.473560243845,-0.306275129318,-0.359338492155
1776892332.9,0.47068977356,0.0235540922731,0.443644195795,0.465864926577,-0.00733613409102,0.347357094288,0.465966910124,0.00193089107051,0.248345389962,0.46454384923,0.011333649978,0.149789482355,0.4619974792,0.0191249381751,0.0528145208955,0.456564694643,0.0244922414422,-0.0442613661289,0.451789170504,0.0278771817684,-0.143309444189,0.443882018328,0.0266245603561,-0.240723282099,0.433169990778,0.0252878498286,-0.360475063324,0.38510659337,0.0373171716928,-0.359338492155,0.473637074232,-0.3062505126,-0.359338492155
1776892332.91,0.471179574728,0.0329024456441,0.443039536476,0.465864926577,-0.00733613409102,0.347357094288,0.465966910124,0.00193089107051,0.248345389962,0.46454384923,0.011333649978,0.149789482355,0.4619974792,0.0191249381751,0.0528145208955,0.456564694643,0.0244922414422,-0.0442613661289,0.451789170504,0.0278771817684,-0.143309444189,0.443882018328,0.0266245603561,-0.240723282099,0.433169990778,0.0252878498286,-0.360475063324,0.379651337862,0.042132165283,-0.359338492155,0.473598152399,-0.306272923946,-0.359338492155
1776892332.93,0.471666067839,0.041414488107,0.442384541035,0.465864926577,-0.00733613409102,0.347357094288,0.465966910124,0.00193089107051,0.248345389962,0.46454384923,0.011333649978,0.149789482355,0.4619974792,0.0191249381751,0.0528145208955,0.456564694643,0.0244922414422,-0.0442613661289,0.451789170504,0.0278771817684,-0.143309444189,0.443882018328,0.0266245603561,-0.240723282099,0.433169990778,0.0252878498286,-0.360475063324,0.37440314889,0.0470110327005,-0.359338492155,0.473644822836,-0.306258261204,-0.359338492155
1776892332.94,0.472096174955,0.0490262508392,0.441666841507,0.460574537516,0.0389594882727,0.345934659243,0.450299412012,0.0404750369489,0.247072145343,0.439000040293,0.0415986552835,0.148707419634,0.42724058032,0.0427252836525,0.051700219512,0.414108842611,0.0424708761275,-0.0445143431425,0.403396457434,0.0441316738725,-0.143692702055,0.392303496599,0.043012496084,-0.240265101194,0.380246967077,0.0448666736484,-0.360284537077,0.369376152754,0.0519532673061,-0.359338492155,0.473640114069,-0.306299865246,-0.359338492155
1776892332.96,0.472537755966,0.057435952127,0.440897166729,0.460041373968,0.0430318675935,0.345969438553,0.449257940054,0.043230112642,0.246744781733,0.436675876379,0.0436839908361,0.148316040635,0.424768954515,0.0439381711185,0.0516486614943,0.410997778177,0.0434839911759,-0.0445416420698,0.400162190199,0.0452342256904,-0.14348334074,0.388565391302,0.0446056760848,-0.240724474192,0.375714272261,0.0468447357416,-0.359849959612,0.364584594965,0.0569576397538,-0.359338492155,0.473625034094,-0.306221425533,-0.359338492155
1776892332.97,0.472909361124,0.0662555098534,0.439929753542,0.459067434072,0.0516749247909,0.344663619995,0.44605627656,0.0491635091603,0.246467918158,0.433038681746,0.0472906157374,0.147994831204,0.419909030199,0.0462451092899,0.051137663424,0.405660241842,0.0452732779086,-0.0448972135782,0.394203871489,0.0469223856926,-0.144235104322,0.380932420492,0.0474738962948,-0.240993857384,0.367468386889,0.0505561754107,-0.359797745943,0.360042482615,0.0620221346617,-0.359338492155,0.473678201437,-0.30626937747,-0.359338492155
1776892332.99,0.473152369261,0.0727742016315,0.439128220081,0.458681434393,0.0561474300921,0.344323605299,0.445357292891,0.0523995310068,0.245946422219,0.431431680918,0.0494113564491,0.147965535522,0.417748898268,0.0474827997386,0.0510333925486,0.403231233358,0.045904442668,-0.0451384186745,0.391033440828,0.0481026470661,-0.143324792385,0.378314822912,0.0479009859264,-0.240354597569,0.363544076681,0.0526644513011,-0.359765172005,0.355763763189,0.0671439617872,-0.359338492155,0.473613649607,-0.306241452694,-0.359338492155
1776892333.01,0.473455309868,0.0834844484925,0.437786668539,0.458330303431,0.0650644376874,0.343271374702,0.443827539682,0.0594394691288,0.245009437203,0.428904503584,0.0547135137022,0.147064834833,0.41432890296,0.0513744801283,0.0506542995572,0.399125963449,0.0488390661776,-0.0453872531652,0.385946124792,0.0506026260555,-0.143894970417,0.372172981501,0.0515436269343,-0.241072058678,0.356175988913,0.0562748499215,-0.359872639179,0.351761966944,0.0723195001483,-0.359338492155,0.473611146212,-0.306277304888,-0.359338492155
1776892333.02,0.473549544811,0.0897710695863,0.436940222979,0.459647864103,0.0471611246467,0.345105051994,0.447606831789,0.0462310910225,0.246608540416,0.434942632914,0.045348264277,0.148224532604,0.422117382288,0.0451170243323,0.0515237376094,0.408207803965,0.0438915714622,-0.0451160371304,0.396896213293,0.0458826571703,-0.143724679947,0.384902447462,0.0460752733052,-0.241027235985,0.371726542711,0.0486211292446,-0.35977357626,0.348050326109,0.0775443390012,-0.359338492155,0.473637074232,-0.3062505126,-0.359338492155
1776892333.03,0.47357955575,0.0967824310064,0.435948222876,0.458399087191,0.0797578021884,0.341369837523,0.44282874465,0.0717866644263,0.243667423725,0.427044838667,0.0644348189235,0.146097719669,0.411462694407,0.0592917278409,0.0499219819903,0.394575923681,0.0555757582188,-0.0463710874319,0.379872947931,0.0562780238688,-0.14495024085,0.362941116095,0.0578571483493,-0.243281006813,0.346106141806,0.0603943020105,-0.359855592251,0.344641298056,0.0828132107854,-0.359338492155,0.473603993654,-0.306315004826,-0.359338492155
1776892333.05,0.473543316126,0.104330740869,0.434845864773,0.458422571421,0.0843802541494,0.340866684914,0.443082898855,0.076321028173,0.242788612843,0.427292853594,0.0688974559307,0.145569592714,0.411104351282,0.0629270449281,0.0492300614715,0.393472105265,0.0583586394787,-0.0465319156647,0.378057032824,0.0583414211869,-0.145005434752,0.361743479967,0.0581676103175,-0.241116553545,0.342992275953,0.0618456229568,-0.360501915216,0.341546863317,0.0881200656295,-0.359338492155,0.473633915186,-0.306311190128,-0.359338492155
1776892333.06,0.473467350006,0.110816895962,0.433930456638,0.458617061377,0.0943252593279,0.339309632778,0.443659931421,0.0865750908852,0.241421326995,0.427597373724,0.0780964568257,0.144159898162,0.41080275178,0.0718604102731,0.0480022504926,0.391997545958,0.0656589567661,-0.0476641207933,0.37562635541,0.0643808320165,-0.145682424307,0.356386750937,0.0644691735506,-0.244130551815,0.337449461222,0.0635927990079,-0.36003446579,0.338777989149,0.0934580564499,-0.359338492155,0.473593086004,-0.306286007166,-0.359338492155
1776892333.08,0.473322629929,0.116891264915,0.433170765638,0.458884865046,0.0992283821106,0.338384509087,0.444130271673,0.0915617868304,0.240334153175,0.427855283022,0.0834167972207,0.143097355962,0.411003559828,0.076176084578,0.047335959971,0.391458183527,0.0695798993111,-0.0479364842176,0.374323099852,0.0674121230841,-0.146152615547,0.355429261923,0.0654060468078,-0.24221009016,0.334624141455,0.0646722093225,-0.360352545977,0.336344867945,0.0988195687532,-0.359338492155,0.47367092967,-0.306485205889,-0.359338492155
1776892333.09,0.473089247942,0.122319914401,0.43242162466,0.458898991346,0.108586765826,0.33720177412,0.444582134485,0.101529099047,0.239134132862,0.428264409304,0.0945394933224,0.141546830535,0.411170274019,0.0867168232799,0.0459857061505,0.391456693411,0.0788789168,-0.0491455495358,0.372664600611,0.0749323666096,-0.147204607725,0.352948695421,0.0696107819676,-0.243172496557,0.330268472433,0.066740848124,-0.360789299011,0.334256380796,0.10419627279,-0.359338492155,0.473637670279,-0.306207954884,-0.359338492155
1776892333.11,0.472770810127,0.12717166543,0.431780457497,0.458965569735,0.113171160221,0.336177051067,0.44487324357,0.106322146952,0.238446205854,0.428665012121,0.0996600091457,0.140542805195,0.411404341459,0.0922720432281,0.0445640459657,0.391824752092,0.0842073559761,-0.0499459058046,0.372755736113,0.0791280716658,-0.147990345955,0.351816028357,0.0727641656995,-0.243487536907,0.328070044518,0.0675009265542,-0.360882252455,0.332520276308,0.109579205513,-0.359338492155,0.473630040884,-0.306238234043,-0.359338492155
1776892333.12,0.472429543734,0.131253182888,0.431284427643,0.458678096533,0.120842650533,0.335172533989,0.444504648447,0.116230174899,0.237145230174,0.429128617048,0.110691130161,0.139232441783,0.412373393774,0.10393922776,0.0435251146555,0.392028421164,0.095212996006,-0.0513896793127,0.37283501029,0.0879089608788,-0.149542540312,0.350652426481,0.0790475085378,-0.244459986687,0.32470074296,0.0692942664027,-0.360485315323,0.331142932177,0.114958792925,-0.359338492155,0.47357198596,-0.306273639202,-0.359338492155
1776892333.14,0.471999496222,0.134725421667,0.430878072977,0.458532363176,0.124364346266,0.335019648075,0.444845825434,0.120598904788,0.236710950732,0.428954869509,0.116358697414,0.138242304325,0.412398308516,0.109671920538,0.0427517592907,0.392697960138,0.10085143894,-0.0522270351648,0.372624367476,0.0929420366883,-0.149533957243,0.350116461515,0.0826053842902,-0.244609117508,0.323437601328,0.0705242231488,-0.360610157251,0.330129116774,0.12032494694,-0.359338492155,0.473660320044,-0.306264251471,-0.359338492155
1776892333.15,0.471431642771,0.13761241734,0.430564135313,0.458089917898,0.131140381098,0.334311336279,0.444733947515,0.129313260317,0.235680729151,0.429380863905,0.125916942954,0.137679383159,0.413100391626,0.121061585844,0.0411469042301,0.393229156733,0.111708112061,-0.0530508905649,0.372876256704,0.102384544909,-0.150570005178,0.350437253714,0.088060118258,-0.243814259768,0.321785151958,0.0730048269033,-0.359790563583,0.329482257366,0.125667184591,-0.359338492155,0.473574370146,-0.30630376935,-0.359338492155
1776892333.17,0.470673531294,0.139871522784,0.430328279734,0.457972258329,0.133960396051,0.333945304155,0.444472521544,0.132944509387,0.235493674874,0.429564803839,0.130673214793,0.137394025922,0.413218170404,0.12610283494,0.0415019765496,0.393522471189,0.116949670017,-0.0537234246731,0.373130172491,0.107030190527,-0.150308966637,0.350453048944,0.0914153754711,-0.244362384081,0.3214879632,0.074646756053,-0.360013723373,0.329203933477,0.130974695086,-0.359338492155,0.473635166883,-0.306243002415,-0.359338492155
1776892333.18,0.469819009304,0.141610860825,0.430198222399,0.457689076662,0.136958554387,0.333778619766,0.44413074851,0.136601597071,0.235344082117,0.429670184851,0.13500995934,0.137248471379,0.41357126832,0.131043195724,0.0409575253725,0.393858164549,0.121362961829,-0.053548425436,0.373510986567,0.111012369394,-0.150528758764,0.350456386805,0.0947888940573,-0.244191706181,0.32152980566,0.076128795743,-0.359264791012,0.329294085503,0.136236444116,-0.359338492155,0.473596602678,-0.306288301945,-0.359338492155
1776892333.2,0.46884816885,0.143003478646,0.430198937654,0.456918627024,0.141228586435,0.333256453276,0.444287747145,0.142819434404,0.234764367342,0.429637461901,0.142710223794,0.136465266347,0.41364839673,0.139513358474,0.0401437655091,0.393731325865,0.130458474159,-0.0546678155661,0.373658269644,0.118819996715,-0.151151895523,0.351137191057,0.101198896766,-0.243982195854,0.322785794735,0.0799888521433,-0.359070688486,0.329750925303,0.141441300511,-0.359338492155,0.473574131727,-0.306307882071,-0.359338492155
1776892333.21,0.467754870653,0.14404310286,0.430336833,0.456010431051,0.144862681627,0.332845568657,0.443794697523,0.147678866982,0.234480500221,0.429631620646,0.148862987757,0.136429980397,0.413545876741,0.146356105804,0.040292493999,0.393701463938,0.1374373734,-0.0547252744436,0.373385161161,0.124869674444,-0.151405483484,0.351278156042,0.107586190104,-0.245111644268,0.32483124733,0.0852761492133,-0.359505087137,0.330570906401,0.146578148007,-0.359338492155,0.473633021116,-0.306299328804,-0.359338492155
1776892333.23,0.466484546661,0.144828468561,0.430650919676,0.455480128527,0.145659551024,0.333097875118,0.443438977003,0.149388119578,0.234371364117,0.429274946451,0.151295408607,0.136123344302,0.413240462542,0.148520216346,0.0402877777815,0.393709391356,0.140081390738,-0.0544215887785,0.374055355787,0.127798363566,-0.151726305485,0.352355271578,0.110123232007,-0.244473129511,0.326367586851,0.0881261155009,-0.359704822302,0.331748753786,0.151636019349,-0.359338492155,0.473644822836,-0.306258261204,-0.359338492155
1776892333.24,0.464921265841,0.145474284887,0.431128233671,0.457239121199,0.139034256339,0.333369255066,0.444348782301,0.139813572168,0.235037237406,0.42961999774,0.139017477632,0.136848270893,0.413538247347,0.135581821203,0.0410385727882,0.393649488688,0.12659868598,-0.053835645318,0.373262673616,0.114890292287,-0.151103496552,0.35061147809,0.097993530333,-0.243949949741,0.322193205357,0.0776932686567,-0.358869284391,0.333277612925,0.156604155898,-0.359338492155,0.473601311445,-0.306300401688,-0.359338492155
1776892333.26,0.463489115238,0.145873308182,0.431619644165,0.454139083624,0.147513404489,0.333084523678,0.441980212927,0.151871502399,0.234874695539,0.428357034922,0.154047951102,0.136455491185,0.412777930498,0.152321457863,0.0404751896858,0.393418461084,0.144266486168,-0.0545526891947,0.374663084745,0.132811963558,-0.152024120092,0.354288488626,0.115973062813,-0.245757937431,0.329637289047,0.0949973613024,-0.361555308104,0.335148841143,0.161472186446,-0.359338492155,0.473644822836,-0.306262254715,-0.359338492155
1776892333.27,0.461888074875,0.14618781209,0.432277232409,0.450706630945,0.147871762514,0.334057688713,0.43892160058,0.151694521308,0.23572358489,0.426285892725,0.154403030872,0.136785298586,0.411618441343,0.153283804655,0.0409962981939,0.394256442785,0.146838873625,-0.0547887831926,0.377386659384,0.138008385897,-0.152187436819,0.35780659318,0.124980509281,-0.248328059912,0.336464256048,0.107146836817,-0.364146828651,0.33735242486,0.166230201721,-0.359338492155,0.473598092794,-0.306269705296,-0.359338492155
1776892333.29,0.460292041302,0.146333768964,0.43313986063,0.449795514345,0.147640123963,0.334558367729,0.437894016504,0.150878697634,0.236208871007,0.425021618605,0.153179362416,0.137431293726,0.411333173513,0.152372539043,0.0412997603416,0.394495934248,0.146705195308,-0.0548825711012,0.378281027079,0.139032319188,-0.152459651232,0.360089749098,0.127091571689,-0.247258126736,0.339057832956,0.111130319536,-0.365137457848,0.339876979589,0.170868813992,-0.359338492155,0.473611027002,-0.306233584881,-0.359338492155
1776892333.3,0.458659678698,0.146397992969,0.434070646763,0.446034640074,0.146261096001,0.33615359664,0.434605807066,0.147143498063,0.237206891179,0.422362357378,0.148427695036,0.138945996761,0.410388022661,0.147632792592,0.0423827692866,0.395951002836,0.144309014082,-0.0539091974497,0.381883829832,0.141579449177,-0.152932226658,0.366648882627,0.134447783232,-0.249712884426,0.34864154458,0.125734582543,-0.367223381996,0.342709749937,0.175379320979,-0.359338492155,0.473568469286,-0.306305378675,-0.359338492155
1776892333.32,0.456972211599,0.146358639002,0.435067236423,0.446034640074,0.146261096001,0.33615359664,0.434605807066,0.147143498063,0.237206891179,0.422362357378,0.148427695036,0.138945996761,0.410388022661,0.147632792592,0.0423827692866,0.395951002836,0.144309014082,-0.0539091974497,0.381883829832,0.141579449177,-0.152932226658,0.366648882627,0.134447783232,-0.249712884426,0.34864154458,0.125734582543,-0.367223381996,0.345837026834,0.17975372076,-0.359338492155,0.473568469286,-0.306305378675,-0.359338492155
1776892333.33,0.455325603485,0.14626763761,0.436032861471,0.444438964128,0.14482998848,0.337510108948,0.43268302083,0.144250556827,0.239116206765,0.421064466238,0.144005775452,0.140428766608,0.409743279219,0.143642753363,0.0433804243803,0.396670550108,0.141986519098,-0.0526514202356,0.385111898184,0.141338124871,-0.152520447969,0.371058791876,0.138860136271,-0.249660134315,0.35571590066,0.13601796329,-0.36789727211,0.349244087934,0.183984741569,-0.359338492155,0.473643690348,-0.30624845624,-0.359338492155
1776892333.35,0.453795194626,0.146126493812,0.437027573586,0.443195015192,0.143829882145,0.338405817747,0.432049065828,0.142752334476,0.239751890302,0.420864194632,0.142321690917,0.140891447663,0.409708768129,0.141537547112,0.0437443852425,0.396751672029,0.140473619103,-0.0528623461723,0.386088997126,0.141750261188,-0.152353227139,0.374065846205,0.140279918909,-0.248778760433,0.360267072916,0.141160607338,-0.36806088686,0.352915555239,0.188065975904,-0.359338492155,0.473598450422,-0.306305110455,-0.359338492155
1776892333.36,0.452474951744,0.145999670029,0.437969833612,0.441465049982,0.142706990242,0.339484453201,0.431179493666,0.140383839607,0.240651264787,0.420536309481,0.138810142875,0.142204403877,0.41038402915,0.138282820582,0.0451368764043,0.398114293814,0.138279810548,-0.0515696406364,0.38944324851,0.141748800874,-0.151494264603,0.3793630898,0.144255965948,-0.247878104448,0.368331819773,0.15129083395,-0.367641985416,0.356835454702,0.191991850734,-0.359338492155,0.473632484674,-0.306239724159,-0.359338492155
1776892333.38,0.451099723577,0.14588367939,0.439058899879,0.440481692553,0.14215451479,0.340325951576,0.430663615465,0.139473125339,0.241347774863,0.420531183481,0.137695655227,0.142739638686,0.410669952631,0.136900350451,0.0456529632211,0.399720519781,0.137256756425,-0.0510052144527,0.391656190157,0.142580226064,-0.149948090315,0.3825327456,0.146538943052,-0.247386097908,0.372959345579,0.156234234571,-0.366934090853,0.360987395048,0.195757627487,-0.359338492155,0.473584800959,-0.306290179491,-0.359338492155
1776892333.39,0.449829697609,0.145791769028,0.440143346786,0.439783602953,0.141193985939,0.341241240501,0.430176526308,0.13782915473,0.24290753901,0.420590847731,0.135770395398,0.14393594861,0.412216216326,0.135342508554,0.046967305243,0.402576118708,0.136846870184,-0.0503021776676,0.395534545183,0.144109293818,-0.149265110493,0.388486117125,0.151759952307,-0.246436685324,0.381743937731,0.165926128626,-0.365538060665,0.365354925394,0.199359446764,-0.359338492155,0.473581761122,-0.30625680089,-0.359338492155
1776892333.41,0.448929518461,0.145761832595,0.440974771976,0.438957959414,0.14077848196,0.342260509729,0.430137366056,0.137550666928,0.243614763021,0.421159237623,0.135361373425,0.144435107708,0.413526684046,0.135086402297,0.0475380793214,0.403913229704,0.137507587671,-0.0496942549944,0.398077517748,0.146161347628,-0.147753298283,0.391810566187,0.154011294246,-0.24578589201,0.386374443769,0.17026925087,-0.364900767803,0.369921416044,0.202794268727,-0.359338492155,0.473605006933,-0.306274026632,-0.359338492155
1776892333.42,0.448019236326,0.145805209875,0.441975444555,0.438162118196,0.140658244491,0.343482792377,0.430199474096,0.137322098017,0.244753152132,0.422055274248,0.13565813005,0.145650684834,0.415511935949,0.136192157865,0.0489943549037,0.407822579145,0.139800772071,-0.0484721660614,0.40451619029,0.150131896138,-0.146750330925,0.399581223726,0.159871011972,-0.244692504406,0.395336657763,0.177808046341,-0.363040745258,0.374670654535,0.206059858203,-0.359338492155,0.473593086004,-0.306286007166,-0.359338492155
1776892333.44,0.447362601757,0.145943835378,0.442879199982,0.437732249498,0.140444725752,0.344270706177,0.430091351271,0.137637898326,0.245426237583,0.422936707735,0.136778667569,0.145892292261,0.416859000921,0.137529298663,0.048860475421,0.410125464201,0.142035648227,-0.0481181442738,0.407381206751,0.152689039707,-0.146162480116,0.404606431723,0.162999540567,-0.24459195137,0.399969905615,0.181829363108,-0.36277499795,0.379586488008,0.209154769778,-0.359338492155,0.473668664694,-0.30626103282,-0.359338492155
1776892333.45,0.446903884411,0.146187901497,0.443714678288,0.437630861998,0.141268476844,0.34551346302,0.43115773797,0.139186859131,0.246207222342,0.425376921892,0.138837113976,0.147254437208,0.420991808176,0.141112685204,0.0504020228982,0.415465444326,0.146384656429,-0.0473088473082,0.413487702608,0.158576741815,-0.146675348282,0.410929709673,0.169923514128,-0.243048399687,0.409473866224,0.188785374165,-0.361602276564,0.384653359652,0.212078258395,-0.359338492155,0.473591953516,-0.306281447411,-0.359338492155
1776892333.47,0.446615219116,0.146535590291,0.444415807724,0.437549978495,0.141854465008,0.3460059762,0.431577533484,0.140328973532,0.246876180172,0.426509588957,0.140874996781,0.147948876023,0.423108488321,0.143995642662,0.0511098429561,0.418489068747,0.150016486645,-0.0472194999456,0.417751282454,0.160929948092,-0.145116120577,0.41576847434,0.172444105148,-0.242600500584,0.414019614458,0.191438317299,-0.361051976681,0.389856308699,0.214830219746,-0.359338492155,0.473634570837,-0.306275904179,-0.359338492155
1776892333.48,0.446466058493,0.146949604154,0.444949269295,0.43806001544,0.143262714148,0.347069680691,0.43368473649,0.143439799547,0.247633755207,0.43012586236,0.145775780082,0.148685291409,0.427592486143,0.150162920356,0.0511295869946,0.424439400434,0.156910866499,-0.0457426458597,0.425099879503,0.168699234724,-0.144068539143,0.42390063405,0.17954467237,-0.241127312183,0.423477977514,0.197082981467,-0.359643310308,0.39518097043,0.217411160469,-0.359338492155,0.473602682352,-0.306222498417,-0.359338492155
1776892333.5,0.446480929852,0.147386431694,0.445320278406,0.438711255789,0.144526287913,0.347211420536,0.4346100986,0.145547121763,0.248292088509,0.431762725115,0.148912042379,0.149715870619,0.430414527655,0.154298916459,0.0520084127784,0.427328318357,0.161076143384,-0.0456518083811,0.428066939116,0.172668576241,-0.144059598446,0.428256839514,0.18273447454,-0.241058826447,0.428256124258,0.199532821774,-0.360149919987,0.400613874197,0.219822093844,-0.359338492155,0.473618716002,-0.306266874075,-0.359338492155
1776892333.51,0.446654379368,0.147770375013,0.445568352938,0.440182119608,0.146838665009,0.347946077585,0.437396496534,0.15063264966,0.248954087496,0.436169594526,0.155653759837,0.149795472622,0.435253113508,0.162629127502,0.0529986470938,0.433514684439,0.169497132301,-0.0444452613592,0.435862988234,0.180688798428,-0.142576634884,0.437284082174,0.189673647285,-0.239595890045,0.43742993474,0.203976601362,-0.359294861555,0.406142264605,0.222064480186,-0.359338492155,0.473598152399,-0.306272923946,-0.359338492155
1776892333.53,0.447100579739,0.148161187768,0.44571608305,0.440942794085,0.148396968842,0.348230004311,0.438996523619,0.153245165944,0.24903576076,0.438316315413,0.159252256155,0.150163367391,0.438301473856,0.166469871998,0.0532170832157,0.437201827765,0.173687517643,-0.044099509716,0.439946442842,0.184199735522,-0.143365323544,0.441127687693,0.192466676235,-0.239904433489,0.442286938429,0.205484718084,-0.35907843709,0.411754399538,0.224140107632,-0.359338492155,0.473676890135,-0.306251585484,-0.359338492155
1776892333.54,0.447780966759,0.148511782289,0.445720672607,0.443098455667,0.15127427876,0.348419219255,0.442588239908,0.158629372716,0.249615073204,0.443037778139,0.16652970016,0.150276511908,0.444272488356,0.174734652042,0.0533813908696,0.444144338369,0.181891947985,-0.0439477413893,0.446346431971,0.192584142089,-0.143208026886,0.448830932379,0.198662027717,-0.239588111639,0.451586812735,0.209517046809,-0.359313488007,0.417439311743,0.226051077247,-0.359338492155,0.473583906889,-0.306288182735,-0.359338492155
1776892333.56,0.448721319437,0.148802742362,0.445647835732,0.443098455667,0.15127427876,0.348419219255,0.442588239908,0.158629372716,0.249615073204,0.443037778139,0.16652970016,0.150276511908,0.444272488356,0.174734652042,0.0533813908696,0.444144338369,0.181891947985,-0.0439477413893,0.446346431971,0.192584142089,-0.143208026886,0.448830932379,0.198662027717,-0.239588111639,0.451586812735,0.209517046809,-0.359313488007,0.423187106848,0.22779969871,-0.359338492155,0.473599344492,-0.306261986494,-0.359338492155
1776892333.57,0.449680775404,0.14899353683,0.445535689592,0.445379406214,0.154159218073,0.348744511604,0.446425229311,0.163938388228,0.249864935875,0.448447912931,0.173575162888,0.151311904192,0.450294166803,0.182763621211,0.0543896332383,0.450857251883,0.190636828542,-0.0433399677277,0.454807788134,0.198065236211,-0.141365736723,0.457445591688,0.204267308116,-0.23909124732,0.460842818022,0.212399408221,-0.358507573605,0.428988724947,0.229388386011,-0.359338492155,0.473593205214,-0.30626770854,-0.359338492155
1776892333.59,0.451502531767,0.149247825146,0.445268452168,0.448091000319,0.156819015741,0.348544150591,0.450122922659,0.168508633971,0.25014013052,0.45297935605,0.179808095098,0.151507019997,0.456503123045,0.18975789845,0.0552076771855,0.457627862692,0.19739921391,-0.0424278825521,0.462542444468,0.204687893391,-0.14169883728,0.465879648924,0.20910140872,-0.238582313061,0.470101505518,0.215566322207,-0.358126312494,0.434836059809,0.230819627643,-0.359338492155,0.47359970212,-0.306246519089,-0.359338492155
1776892333.6,0.453391641378,0.149411603808,0.444968312979,0.45069488883,0.158848881721,0.348532378674,0.453922480345,0.171884030104,0.250267505646,0.458131462336,0.184366390109,0.152153909206,0.462580293417,0.195632994175,0.0558474138379,0.464462548494,0.203696489334,-0.0420176237822,0.470326393843,0.210211962461,-0.140660375357,0.474174231291,0.213768780231,-0.238460451365,0.478960484266,0.218976542354,-0.357978522778,0.440721780062,0.232095897198,-0.359338492155,0.473568171263,-0.306313246489,-0.359338492155
1776892333.62,0.455580204725,0.149526879191,0.444601267576,0.452337175608,0.159748286009,0.348256587982,0.455780476332,0.173386618495,0.250511825085,0.460401624441,0.186384990811,0.152116209269,0.465660601854,0.197828873992,0.0559654086828,0.469091206789,0.205342561007,-0.0416562408209,0.474272876978,0.212891831994,-0.141318082809,0.478231936693,0.215655729175,-0.238210171461,0.483164519072,0.220064327121,-0.357242882252,0.446639448404,0.233219593763,-0.359338492155,0.473592787981,-0.306278675795,-0.359338492155
1776892333.63,0.45841127634,0.149687081575,0.444151610136,0.455682247877,0.16034707427,0.348250746727,0.459532350302,0.175192952156,0.25038009882,0.46520486474,0.188898041844,0.151869744062,0.47139146924,0.200540214777,0.0560247153044,0.475889712572,0.20899502933,-0.041671037674,0.481771916151,0.216433495283,-0.14061614871,0.486474901438,0.219189211726,-0.237744122744,0.49238935113,0.223712384701,-0.357352405787,0.452583402395,0.234192982316,-0.359338492155,0.473593086004,-0.306285977364,-0.359338492155
1776892333.65,0.460633933544,0.149839878082,0.443791270256,0.45735219121,0.160980015993,0.347669899464,0.461507886648,0.175304248929,0.250462830067,0.467543274164,0.189558058977,0.15191295743,0.473778814077,0.201638966799,0.0553632378578,0.478208690882,0.210787117481,-0.0421631485224,0.485647290945,0.21812993288,-0.140618413687,0.490594238043,0.220765560865,-0.237742275,0.496393471956,0.225005984306,-0.357183665037,0.45854857564,0.235018149018,-0.359338492155,0.473588377237,-0.306331992149,-0.359338492155
1776892333.66,0.46382561326,0.15014873445,0.443201363087,0.444213479757,0.152645766735,0.348673462868,0.444332331419,0.161503270268,0.249852970243,0.445690542459,0.17007522285,0.1506652385,0.447389155626,0.17866063118,0.0544532984495,0.44714179635,0.186550140381,-0.0434971749783,0.450681239367,0.195029735565,-0.142077565193,0.452981799841,0.201281026006,-0.239799529314,0.456327050924,0.210850939155,-0.359131217003,0.464530616999,0.235696971416,-0.359338492155,0.473600655794,-0.306282669306,-0.359338492155
1776892333.68,0.466422647238,0.150528565049,0.442701488733,0.463493794203,0.161109238863,0.347235500813,0.468134373426,0.174920350313,0.249016940594,0.474826961756,0.188845440745,0.15102571249,0.481508105993,0.201658234,0.0547611266375,0.487506896257,0.211087092757,-0.0424366146326,0.495163708925,0.219975426793,-0.140902161598,0.502034306526,0.224273324013,-0.238026469946,0.509613275528,0.230280309916,-0.357644557953,0.470525532961,0.236231029034,-0.359338492155,0.473592370749,-0.306279838085,-0.359338492155
1776892333.69,0.470640480518,0.151440098882,0.441966474056,0.467843085527,0.161343112588,0.346250116825,0.473032861948,0.17426225543,0.248244524002,0.479588359594,0.18723846972,0.149810507894,0.486875861883,0.199476599693,0.0535318776965,0.492870658636,0.209457919002,-0.0433833301067,0.501756072044,0.219548106194,-0.14148709178,0.508882641792,0.2257206738,-0.238537102938,0.518076896667,0.234200239182,-0.357749789953,0.476529985666,0.23662160337,-0.359338492155,0.473607808352,-0.306240230799,-0.359338492155
1776892333.71,0.474079370499,0.152373939753,0.44128292799,0.470461338758,0.161653637886,0.345640391111,0.475589305162,0.173515617847,0.247513234615,0.482306689024,0.186005935073,0.149337694049,0.489657372236,0.198082715273,0.0534251630306,0.496476382017,0.207535907626,-0.0440536439419,0.504287600517,0.218391880393,-0.141727983952,0.512427568436,0.226015031338,-0.238787174225,0.522135615349,0.235293552279,-0.358270168304,0.482540756464,0.236869692802,-0.359338492155,0.473603874445,-0.306265980005,-0.359338492155
1776892333.72,0.478172421455,0.153653800488,0.440432399511,0.475825458765,0.161848068237,0.34465560317,0.480582147837,0.172364771366,0.246546328068,0.487407058477,0.183292657137,0.147692725062,0.494727939367,0.194684192538,0.0517586767673,0.501181006432,0.204670086503,-0.045093357563,0.510426402092,0.216209858656,-0.143252372742,0.519379258156,0.225992843509,-0.24022269249,0.530722975731,0.239055305719,-0.358681887388,0.488554984331,0.236975908279,-0.359338492155,0.47363063693,-0.306266784668,-0.359338492155
1776892333.74,0.481930792332,0.15491554141,0.439779400826,0.481164604425,0.162676081061,0.343549191952,0.485976487398,0.171421572566,0.244893401861,0.492283791304,0.180428370833,0.146188318729,0.499499231577,0.190755426884,0.0499309375882,0.506228089333,0.200736001134,-0.0470689982176,0.516311049461,0.213354423642,-0.144513905048,0.525806427002,0.225519105792,-0.240909397602,0.537579894066,0.241991966963,-0.359055489302,0.494569867849,0.23694050312,-0.359338492155,0.473635166883,-0.306243002415,-0.359338492155
1776892333.75,0.486377954483,0.156481966376,0.439078241587,0.483807772398,0.162938684225,0.343299865723,0.488592296839,0.171056389809,0.244532436132,0.495024472475,0.17942930758,0.145257726312,0.501997113228,0.189136967063,0.0490082427859,0.50899720192,0.198570400476,-0.0479764044285,0.519922494888,0.212136983871,-0.144988328218,0.529268264771,0.225375831127,-0.241925269365,0.541575908661,0.243407562375,-0.359221607447,0.500582695007,0.236763417721,-0.359338492155,0.47367104888,-0.3062492311,-0.359338492155
1776892333.77,0.490703344345,0.15796892345,0.43851557374,0.486834198236,0.163794577122,0.342243492603,0.491748481989,0.170723795891,0.24366414547,0.497677713633,0.178200423717,0.144767686725,0.505023360252,0.187184691429,0.0489957183599,0.512155771255,0.197652369738,-0.0490482449532,0.522506952286,0.210985645652,-0.146411031485,0.532378554344,0.224827885628,-0.24173745513,0.544824004173,0.244735583663,-0.358869045973,0.506590723991,0.236444190145,-0.359338492155,0.473584860563,-0.306282967329,-0.359338492155
1776892333.78,0.495134651661,0.159313991666,0.437970161438,0.49257466197,0.164732962847,0.341326773167,0.497182041407,0.170249804854,0.242502093315,0.503309130669,0.176568746567,0.14338169992,0.511147737503,0.184398069978,0.047345854342,0.518133044243,0.194168880582,-0.0497419834137,0.52885055542,0.209068372846,-0.147082954645,0.538552165031,0.22389742732,-0.243187665939,0.551949381828,0.245804190636,-0.3595726192,0.512590885162,0.235982000828,-0.359338492155,0.473599046469,-0.306279271841,-0.359338492155
1776892333.8,0.499701559544,0.160446062684,0.437683165073,0.495555669069,0.165353804827,0.340871572495,0.500162959099,0.170274168253,0.242224544287,0.506572008133,0.175811037421,0.143264099956,0.514222860336,0.18377764523,0.0467427298427,0.520889878273,0.193219006062,-0.0504812896252,0.532321572304,0.207684695721,-0.147210657597,0.541612863541,0.223756954074,-0.24356558919,0.554826140404,0.246766909957,-0.359861165285,0.518579721451,0.235375747085,-0.359338492155,0.473632484674,-0.306239724159,-0.359338492155
1776892333.81,0.504334926605,0.161202147603,0.437408596277,0.502102732658,0.166992068291,0.340355217457,0.506856560707,0.170914337039,0.241411328316,0.512744188309,0.175561353564,0.142320424318,0.520135164261,0.182781785727,0.0455796718597,0.527332186699,0.191915556788,-0.0512412339449,0.538396477699,0.207240074873,-0.14929318428,0.547934293747,0.222969502211,-0.244025886059,0.560757756233,0.246326118708,-0.361135423183,0.524553894997,0.234623968601,-0.359338492155,0.473629027605,-0.306230992079,-0.359338492155
1776892333.83,0.509077787399,0.161555498838,0.4373678267,0.505514621735,0.167814180255,0.339912116528,0.51009106636,0.171445533633,0.240927040577,0.515989422798,0.175848349929,0.14206302166,0.523349404335,0.18294711411,0.0452671274543,0.530810594559,0.191694676876,-0.0514975786209,0.54133272171,0.206675603986,-0.148553520441,0.550712943077,0.222888916731,-0.245274096727,0.563390612602,0.245688557625,-0.361630350351,0.530508995056,0.233724936843,-0.359338492155,0.473592191935,-0.306289106607,-0.359338492155
1776892333.84,0.513889372349,0.161378145218,0.437355518341,0.512136697769,0.169416978955,0.339534193277,0.516930818558,0.173432335258,0.240741282701,0.523420333862,0.177456364036,0.141965389252,0.530361056328,0.184320837259,0.0449116975069,0.536922693253,0.192732915282,-0.0521913021803,0.54766869545,0.207283332944,-0.149644523859,0.556582808495,0.222289681435,-0.245373338461,0.568744897842,0.243819832802,-0.362954378128,0.536440491676,0.232676669955,-0.359338492155,0.473631531,-0.306254327297,-0.359338492155
1776892333.86,0.518760681152,0.160730555654,0.437537103891,0.515510797501,0.170240953565,0.339544862509,0.520309925079,0.174591675401,0.24072766304,0.526720643044,0.179131984711,0.141777157784,0.533898472786,0.18549002707,0.0447410196066,0.540993213654,0.193723067641,-0.0520308464766,0.550786137581,0.207833722234,-0.149670690298,0.559590578079,0.222081720829,-0.245599001646,0.57063639164,0.242952927947,-0.362980008125,0.542343020439,0.231476977468,-0.359338492155,0.473590999842,-0.306267529726,-0.359338492155
1776892333.87,0.5236338377,0.159708142281,0.437811583281,0.522427082062,0.171484991908,0.339730262756,0.527634739876,0.176983445883,0.241075620055,0.534187793732,0.182607918978,0.142178982496,0.541136622429,0.189504995942,0.0451399236917,0.547375202179,0.196762248874,-0.0522628128529,0.55641913414,0.208909541368,-0.150233775377,0.565208554268,0.220994338393,-0.246218889952,0.57568025589,0.238902673125,-0.36461147666,0.548210382462,0.230123534799,-0.359338492155,0.473639398813,-0.30626437068,-0.359338492155
1776892333.89,0.528411984444,0.158234044909,0.438105851412,0.526113033295,0.171503841877,0.339817225933,0.531360387802,0.17831389606,0.241245955229,0.537775158882,0.184711933136,0.142205715179,0.54500579834,0.191631034017,0.0452181845903,0.549949645996,0.199408113956,-0.051898509264,0.560100197792,0.209937348962,-0.149246156216,0.56768476963,0.220841675997,-0.246748298407,0.577831506729,0.23736307025,-0.364622533321,0.554035782814,0.228613883257,-0.359338492155,0.473610252142,-0.306284308434,-0.359338492155
1776892333.9,0.533120810986,0.156518980861,0.438455820084,0.529766321182,0.171786561608,0.339764595032,0.535129308701,0.179358437657,0.2417101264,0.541446328163,0.186770707369,0.142646804452,0.548247456551,0.193984299898,0.0455146953464,0.554359078407,0.20044632256,-0.0514671057463,0.562883257866,0.211054489017,-0.149415552616,0.570614933968,0.220421910286,-0.246455579996,0.579714417458,0.234945341945,-0.365267664194,0.559811592102,0.226945534348,-0.359338492155,0.473624438047,-0.306269109249,-0.359338492155
1776892333.92,0.537682414055,0.154522791505,0.438678026199,0.536623477936,0.171540930867,0.340707331896,0.542433381081,0.181048214436,0.242330014706,0.549302339554,0.190247043967,0.143289864063,0.555616497993,0.198604598641,0.0466273874044,0.560960888863,0.204974919558,-0.0505859404802,0.569203972816,0.213304877281,-0.148810654879,0.575666904449,0.219921961427,-0.246220678091,0.58366727829,0.230112984776,-0.365208536386,0.565529108047,0.225116029382,-0.359338492155,0.473591536283,-0.30626091361,-0.359338492155
1776892333.93,0.542164504528,0.152497842908,0.439099669456,0.543550252914,0.170485138893,0.341519206762,0.549607396126,0.181969866157,0.243019968271,0.556227445602,0.1927844733,0.14429333806,0.562974095345,0.202360719442,0.0477256923914,0.566742181778,0.209345981479,-0.0500280857086,0.575408935547,0.215467244387,-0.148017674685,0.580334305763,0.219142138958,-0.245380967855,0.587166070938,0.22485242784,-0.365128725767,0.571178913116,0.223123013973,-0.359338492155,0.473585814238,-0.30627310276,-0.359338492155
1776892333.95,0.546446561813,0.150534257293,0.439267486334,0.546830415726,0.169675633311,0.341781198978,0.55310857296,0.181835949421,0.243731066585,0.55971801281,0.193440273404,0.145326599479,0.566224813461,0.203800991178,0.0483167767525,0.570758223534,0.210085853934,-0.0491066724062,0.577641129494,0.216500043869,-0.147494703531,0.582525253296,0.218649223447,-0.245229125023,0.589092612267,0.222131252289,-0.365015506744,0.576750636101,0.220964252949,-0.359338492155,0.473630875349,-0.306266784668,-0.359338492155
1776892333.96,0.550560772419,0.148783311248,0.439505904913,0.553637504578,0.167835220695,0.342355191708,0.559834718704,0.181507229805,0.244202062488,0.566840171814,0.194257304072,0.146020665765,0.573153495789,0.204978778958,0.0492759719491,0.576632022858,0.211985215545,-0.0480418503284,0.583219408989,0.216606870294,-0.14655354619,0.587250590324,0.216795518994,-0.244253695011,0.59251999855,0.216921791434,-0.364434957504,0.582232832909,0.218637794256,-0.359338492155,0.473640412092,-0.306256979704,-0.359338492155
1776892333.98,0.553456246853,0.147638335824,0.439639955759,0.556795954704,0.16684165597,0.342446148396,0.563078761101,0.180420905352,0.244578540325,0.570064544678,0.194085791707,0.146269381046,0.576041221619,0.20514832437,0.0494870394468,0.579702377319,0.211997509003,-0.0477765798569,0.585874557495,0.216413855553,-0.146819889545,0.589273452759,0.215635374188,-0.244104534388,0.593863248825,0.214360892773,-0.364185541868,0.587613224983,0.216142013669,-0.359338492155,0.473577290773,-0.30633571744,-0.359338492155
1776892333.99,0.558211326599,0.146023795009,0.43966588378,0.562689423561,0.164696469903,0.342976808548,0.569306015968,0.178644061089,0.244879066944,0.576122403145,0.192254021764,0.146582767367,0.582112073898,0.203719496727,0.0501801148057,0.585328221321,0.210552632809,-0.0472238063812,0.590731620789,0.214217290282,-0.146032184362,0.593763947487,0.212556630373,-0.243794023991,0.596939682961,0.209376499057,-0.36378762126,0.592878818512,0.21347565949,-0.359338492155,0.473642677069,-0.306262820959,-0.359338492155
1776892334.01,0.561667919159,0.14508099854,0.439671725035,0.565569162369,0.163895279169,0.34296053648,0.572161197662,0.17762902379,0.245125770569,0.579104065895,0.190884664655,0.147090822458,0.584517598152,0.201900914311,0.0504012182355,0.588349223137,0.208532065153,-0.0474084615707,0.592949271202,0.212533667684,-0.146177440882,0.595510005951,0.210160717368,-0.244347572327,0.598450064659,0.207838565111,-0.364092558622,0.598015546799,0.210637956858,-0.359338492155,0.473592787981,-0.306278675795,-0.359338492155
1776892334.02,0.564595222473,0.14447145164,0.43952730298,0.570888876915,0.161818653345,0.342977762222,0.577319025993,0.174621209502,0.244804680347,0.584160089493,0.187014475465,0.146455720067,0.590266704559,0.19730091095,0.0499855205417,0.592643380165,0.203868150711,-0.0477108210325,0.597737908363,0.207205370069,-0.146704018116,0.599204897881,0.206024721265,-0.244447022676,0.601927995682,0.204124718904,-0.364513009787,0.603008747101,0.207628712058,-0.359338492155,0.473600655794,-0.306286603212,-0.359338492155
1776892334.04,0.567856192589,0.144106090069,0.43937253952,0.573254823685,0.16119608283,0.342736810446,0.579891324043,0.173078536987,0.244651839137,0.586315274239,0.184480205178,0.146120533347,0.592174291611,0.194140359759,0.0494567751884,0.594667196274,0.200423419476,-0.0482902377844,0.599661111832,0.204075247049,-0.146719396114,0.60130739212,0.203324481845,-0.24445644021,0.603271007538,0.202480196953,-0.364928632975,0.607843279839,0.204448327422,-0.359338492155,0.473595291376,-0.306270122528,-0.359338492155
1776892334.05,0.570663630962,0.14410212636,0.439138561487,0.577488303185,0.15930378437,0.342577010393,0.583952069283,0.169453978539,0.244020044804,0.590755581856,0.178422123194,0.145161569118,0.596176743507,0.186776146293,0.0483159944415,0.598881602287,0.191967025399,-0.0491748005152,0.603006839752,0.196913182735,-0.148084789515,0.604971647263,0.197431832552,-0.245638936758,0.606555938721,0.199132412672,-0.365899890661,0.612503170967,0.201097890735,-0.359338492155,0.473623663187,-0.306242704391,-0.359338492155
1776892334.07,0.572458386421,0.144347950816,0.438910871744,0.579543232918,0.158563703299,0.342127501965,0.586001515388,0.167488783598,0.243885070086,0.592615246773,0.175719857216,0.144893869758,0.597786188126,0.182821303606,0.0480340719223,0.600230336189,0.187731415033,-0.0494825989008,0.604951500893,0.192711904645,-0.149070709944,0.606639862061,0.194238573313,-0.246179133654,0.608067154884,0.197697713971,-0.365871697664,0.616972208023,0.19757924974,-0.359338492155,0.473592251539,-0.306289166212,-0.359338492155
1776892334.08,0.574063420296,0.144739747047,0.438569694757,0.582727909088,0.156761795282,0.341998398304,0.589559435844,0.163096308708,0.243094682693,0.595777153969,0.168820127845,0.143852740526,0.601028323174,0.174083188176,0.0469393357635,0.603667736053,0.178199350834,-0.05062751472,0.60800921917,0.183395728469,-0.149172991514,0.60975921154,0.187548518181,-0.247288763523,0.611917853355,0.19486002624,-0.367328226566,0.621234059334,0.19389501214,-0.359338492155,0.473627656698,-0.306247532368,-0.359338492155
1776892334.1,0.575377106667,0.145278245211,0.438177973032,0.584142446518,0.155927598476,0.341699719429,0.590644001961,0.160783171654,0.243014395237,0.597121477127,0.164999067783,0.143560886383,0.602210640907,0.169629275799,0.0463407188654,0.604479074478,0.173620298505,-0.0509468317032,0.609386086464,0.179518267512,-0.15004363656,0.611388206482,0.184550851583,-0.247701078653,0.613443374634,0.193084508181,-0.367634177208,0.625272035599,0.190048649907,-0.359338492155,0.473598152399,-0.306283056736,-0.359338492155
1776892334.11,0.576136767864,0.145689979196,0.437796980143,0.58630156517,0.154348641634,0.340732812881,0.592714309692,0.156304240227,0.242027565837,0.599023342133,0.158392041922,0.142833799124,0.60427069664,0.160972177982,0.0453274920583,0.607041120529,0.164452046156,-0.0520585030317,0.611840486526,0.171216323972,-0.151037573814,0.614082336426,0.177997112274,-0.248133659363,0.616909861565,0.189358249307,-0.367866903543,0.629069685936,0.186044454575,-0.359338492155,0.473593086004,-0.306271195412,-0.359338492155
1776892334.13,0.576451361179,0.145867213607,0.437470912933,0.58718931675,0.153102129698,0.340420216322,0.593371748924,0.154111519456,0.241594001651,0.599895954132,0.154872566462,0.142502814531,0.605238676071,0.157005727291,0.0451681017876,0.607808589935,0.160111382604,-0.0524111837149,0.612793087959,0.167116984725,-0.150694042444,0.615864157677,0.17488206923,-0.248271793127,0.618774414062,0.187442824244,-0.368060797453,0.632610917091,0.181887567043,-0.359338492155,0.473606616259,-0.306270539761,-0.359338492155
1776892334.14,0.576472103596,0.145668685436,0.437124162912,0.587232470512,0.151515841484,0.340036034584,0.594082474709,0.149943724275,0.241278469563,0.600715637207,0.148876428604,0.14193983376,0.60630106926,0.150197297335,0.0443704724312,0.608719229698,0.153500542045,-0.0535846352577,0.614834427834,0.160195589066,-0.151349514723,0.617991447449,0.168756812811,-0.248885512352,0.622186422348,0.182873293757,-0.368364065886,0.635879993439,0.177584007382,-0.359338492155,0.473595231771,-0.306293904781,-0.359338492155
1776892334.16,0.576194643974,0.144935935736,0.436830639839,0.587541937828,0.150854870677,0.339495360851,0.594127178192,0.148615568876,0.24080786109,0.601053237915,0.146621897817,0.14180983603,0.606637477875,0.147198796272,0.0444644540548,0.610119104385,0.149866476655,-0.0532640814781,0.615592122078,0.157177895308,-0.151905953884,0.619688749313,0.165934294462,-0.249022305012,0.623901486397,0.180116146803,-0.36834615469,0.638861894608,0.173140600324,-0.359338492155,0.473600417376,-0.306254595518,-0.359338492155
1776892334.17,0.575738191605,0.143669635057,0.436572551727,0.586874127388,0.14951634407,0.339320451021,0.59358716011,0.146222159266,0.240558803082,0.60061442852,0.143025442958,0.141271084547,0.607070088387,0.142855331302,0.0440064445138,0.610729575157,0.145393893123,-0.0541064292192,0.617561936378,0.152022302151,-0.151908695698,0.621871232986,0.160399138927,-0.249483644962,0.626994848251,0.174300387502,-0.368741869926,0.641542196274,0.168564990163,-0.359338492155,0.473679870367,-0.306242644787,-0.359338492155
1776892334.19,0.575055360794,0.14170666039,0.436406970024,0.586047649384,0.148770451546,0.339079320431,0.593148589134,0.145264685154,0.240291655064,0.600348949432,0.142087101936,0.141161799431,0.60699903965,0.141102731228,0.0438681915402,0.611338973045,0.142993628979,-0.0537887662649,0.618461489677,0.149804130197,-0.15223890543,0.623056769371,0.157624557614,-0.24937069416,0.628699421883,0.171184405684,-0.369236797094,0.643907785416,0.163865536451,-0.359338492155,0.473590046167,-0.306272298098,-0.359338492155
1776892334.2,0.574136197567,0.13902105391,0.436368048191,0.584712505341,0.147287502885,0.338782697916,0.591614246368,0.144356310368,0.239795356989,0.599195241928,0.141248673201,0.14117577672,0.606817603111,0.139836266637,0.043787881732,0.611503362656,0.14099611342,-0.0536975711584,0.619698762894,0.146165579557,-0.152542054653,0.62552177906,0.15255625546,-0.250172436237,0.631502270699,0.164114132524,-0.369058698416,0.645946502686,0.159051313996,-0.359338492155,0.473568469286,-0.306305378675,-0.359338492155
1776892334.22,0.572941303253,0.13551646471,0.43642488122,0.583808898926,0.146183893085,0.338508725166,0.590842843056,0.14406567812,0.239685237408,0.598521947861,0.141298666596,0.140542715788,0.606340289116,0.139924049377,0.0436342135072,0.611902594566,0.140247687697,-0.0537420809269,0.619817733765,0.14493560791,-0.153060883284,0.625935077667,0.150108322501,-0.250400006771,0.63345682621,0.160275548697,-0.369275927544,0.647647738457,0.154131948948,-0.359338492155,0.473635166883,-0.306225568056,-0.359338492155
1776892334.23,0.572081685066,0.133021190763,0.436503767967,0.582904338837,0.144510567188,0.338530004025,0.590039014816,0.143501758575,0.239675462246,0.597929000854,0.141420975327,0.140470013022,0.605810046196,0.140706971288,0.0435239672661,0.611854791641,0.140061020851,-0.0537693500519,0.620512127876,0.143713086843,-0.152600765228,0.626948595047,0.147710055113,-0.250158458948,0.634640097618,0.156549856067,-0.369479328394,0.649001955986,0.1491176337,-0.359338492155,0.473595708609,-0.306262731552,-0.359338492155
1776892334.25,0.570078551769,0.127246454358,0.436679065228,0.580693840981,0.14121375978,0.338284105062,0.587977409363,0.142300128937,0.239609494805,0.596508026123,0.142124682665,0.140812844038,0.604955434799,0.14199604094,0.0433688163757,0.611070632935,0.141276866198,-0.0537266135216,0.620609879494,0.142592638731,-0.152604937553,0.628385066986,0.143600195646,-0.250234663486,0.637812972069,0.148107036948,-0.369387686253,0.650001645088,0.144018918276,-0.359338492155,0.473583072424,-0.306258618832,-0.359338492155
1776892334.26,0.568242967129,0.122464247048,0.436924755573,0.578635454178,0.137006863952,0.33877068758,0.585895180702,0.140182077885,0.239839851856,0.59454190731,0.142288789153,0.140960082412,0.603396892548,0.143507033587,0.0436193570495,0.610185265541,0.143291756511,-0.0537036657333,0.620216012001,0.142725974321,-0.153014689684,0.629403471947,0.140166431665,-0.249217301607,0.64027774334,0.139522388577,-0.368782937527,0.65064060688,0.138846680522,-0.359338492155,0.473599284887,-0.306280940771,-0.359338492155
1776892334.28,0.566062569618,0.117527864873,0.437275111675,0.575109362602,0.160298347473,0.342687547207,0.582036137581,0.171289354563,0.244357079268,0.588606476784,0.181716889143,0.14573264122,0.59454870224,0.190798938274,0.0490400195122,0.59712934494,0.195978224277,-0.0482987165451,0.601553559303,0.200288653374,-0.147202521563,0.603314042091,0.200389653444,-0.245108217001,0.60515999794,0.200798138976,-0.365462392569,0.650914430618,0.133611992002,-0.359338492155,0.473610550165,-0.306261062622,-0.359338492155
1776892334.29,0.563436150551,0.112372748554,0.43762037158,0.574479699135,0.129136055708,0.339457005262,0.582647800446,0.135185182095,0.240842923522,0.591639399529,0.140433549881,0.141916304827,0.600845813751,0.14377631247,0.0450447052717,0.608864307404,0.143416553736,-0.0518700778484,0.620305657387,0.142059668899,-0.150873631239,0.630279660225,0.134831637144,-0.247602939606,0.643502831459,0.126447692513,-0.36678147316,0.650820493698,0.128325968981,-0.359338492155,0.473639518023,-0.306294500828,-0.359338492155
1776892334.31,0.560909748077,0.107899844646,0.437934935093,0.572702407837,0.126063555479,0.33967924118,0.581291913986,0.132987573743,0.241243183613,0.590742468834,0.139376237988,0.142437964678,0.600063920021,0.143439441919,0.0453660264611,0.607835292816,0.14379581809,-0.0517566651106,0.619666814804,0.140996575356,-0.150523364544,0.630155682564,0.133195668459,-0.24663066864,0.644051909447,0.122993633151,-0.366156935692,0.650357842445,0.122999727726,-0.359338492155,0.473667234182,-0.306215792894,-0.359338492155
1776892334.32,0.558098256588,0.103635579348,0.438296467066,0.569089531898,0.119919076562,0.340455830097,0.577912092209,0.128351897001,0.242105036974,0.588134646416,0.135678336024,0.14333075285,0.598149657249,0.141103893518,0.0465785935521,0.607033610344,0.14121748507,-0.0504476875067,0.619336128235,0.137720569968,-0.149483978748,0.630670189857,0.127802804112,-0.245175868273,0.645169138908,0.115111887455,-0.364501565695,0.649527192116,0.117644198239,-0.359338492155,0.473631888628,-0.306249976158,-0.359338492155
1776892334.34,0.554575443268,0.0992579087615,0.438607186079,0.566882252693,0.117246709764,0.340514600277,0.575996398926,0.125641509891,0.242539167404,0.586592555046,0.133572176099,0.143684372306,0.5972635746,0.139087706804,0.0471086576581,0.60661482811,0.139275819063,-0.0501903742552,0.618884325027,0.135081917048,-0.148931056261,0.630579710007,0.125208944082,-0.244529724121,0.645753741264,0.111784897745,-0.363242745399,0.648331046104,0.11227003485,-0.359338492155,0.473618298769,-0.306253790855,-0.359338492155
1776892334.35,0.55149191618,0.0960171222687,0.438826978207,0.562571048737,0.110671810806,0.341234594584,0.572111725807,0.119661264122,0.243244677782,0.583705544472,0.127717375755,0.144749283791,0.59508061409,0.133362829685,0.048013150692,0.604927659035,0.133527055383,-0.0491884499788,0.618434906006,0.129056066275,-0.147573828697,0.630646705627,0.119157887995,-0.243547767401,0.645725250244,0.106483906507,-0.362197935581,0.646773576736,0.106887549162,-0.359338492155,0.47359970212,-0.30627143383,-0.359338492155
1776892334.37,0.54721057415,0.092197753489,0.439021289349,0.575933933258,0.131722599268,0.339370310307,0.583722352982,0.137155383825,0.240440413356,0.5928606987,0.141430601478,0.141461059451,0.601671099663,0.144024863839,0.0446801707149,0.609557390213,0.143443986773,-0.0525288581848,0.620077133179,0.142537891865,-0.151368916035,0.629807949066,0.136924937367,-0.248489767313,0.642420291901,0.131049096584,-0.367761284113,0.644860506058,0.101506568491,-0.359338492155,0.47365000844,-0.306255102158,-0.359338492155
1776892334.38,0.543130099773,0.0891789719462,0.439101219177,0.557594418526,0.104478165507,0.341858446598,0.568145155907,0.112933605909,0.24369263649,0.580198049545,0.12028414011,0.144876211882,0.592568039894,0.125333890319,0.0486568585038,0.603877305984,0.125253885984,-0.0486754924059,0.617843985558,0.12113904953,-0.146907091141,0.629971981049,0.112436510623,-0.242430388927,0.645754814148,0.101389937103,-0.361693412066,0.642598628998,0.0961363762617,-0.359338492155,0.473654836416,-0.306208491325,-0.359338492155
1776892334.4,0.539209067822,0.0866732448339,0.438984304667,0.552515029907,0.0987012758851,0.342168271542,0.563455939293,0.105373695493,0.243968784809,0.576843738556,0.11111176759,0.145265847445,0.590180635452,0.115115657449,0.0491218343377,0.601864337921,0.114865377545,-0.047843337059,0.616480469704,0.112390011549,-0.14725124836,0.629639983177,0.104960054159,-0.242022573948,0.645202875137,0.0967667773366,-0.361424028873,0.639996409416,0.0907856300473,-0.359338492155,0.473641186953,-0.306363791227,-0.359338492155
1776892334.41,0.535154879093,0.0843493565917,0.43878826499,0.546947598457,0.0925157740712,0.342244833708,0.559167027473,0.097030133009,0.243856191635,0.573135852814,0.100823231041,0.145541191101,0.587047338486,0.103550031781,0.0491148754954,0.599304318428,0.10305480659,-0.0475266575813,0.614693880081,0.101761527359,-0.145590037107,0.627842664719,0.0975105464458,-0.242471694946,0.644823312759,0.0926295444369,-0.361349016428,0.637063503265,0.0854623019695,-0.359338492155,0.473592787981,-0.306278675795,-0.359338492155
1776892334.43,0.530178070068,0.0816300436854,0.438413441181,0.544423341751,0.0895793810487,0.342050909996,0.556799769402,0.092829413712,0.243929967284,0.571058750153,0.0955476686358,0.145308732986,0.585773587227,0.097157984972,0.0492438450456,0.597947239876,0.0969623178244,-0.0477215349674,0.613293290138,0.0966392233968,-0.146725207567,0.62745308876,0.0937336534262,-0.241891741753,0.644006252289,0.0914188846946,-0.360751897097,0.633810281754,0.0801736265421,-0.359338492155,0.473628491163,-0.306246548891,-0.359338492155
1776892334.44,0.526059567928,0.0793705433607,0.438074737787,0.555207967758,0.101649209857,0.341745913029,0.565819144249,0.109351187944,0.243674695492,0.578456282616,0.116008207202,0.145422413945,0.591584920883,0.120332956314,0.0491795092821,0.602898955345,0.120255410671,-0.0478222370148,0.617084264755,0.116820156574,-0.146446466446,0.629935860634,0.109122432768,-0.242776483297,0.645456671715,0.098763987422,-0.36160543561,0.630248427391,0.0749260634184,-0.359338492155,0.473629206419,-0.306220889091,-0.359338492155
1776892334.46,0.521300077438,0.0767262428999,0.43747895956,0.53601706028,0.0809141099453,0.341608285904,0.54930138588,0.0795167982578,0.243711441755,0.564211726189,0.0784268602729,0.144938752055,0.579504013062,0.0783761590719,0.0490518212318,0.592902064323,0.0782135203481,-0.0476546287537,0.608983755112,0.080279327929,-0.14638787508,0.623257398605,0.081666059792,-0.241953223944,0.641454100609,0.0858243256807,-0.360387682915,0.626390099525,0.0697252750397,-0.359338492155,0.473602741957,-0.30625256896,-0.359338492155
1776892334.47,0.51683485508,0.0741805434227,0.43696603179,0.538913488388,0.0836840569973,0.341499388218,0.55215215683,0.0839193537831,0.243745088577,0.566582918167,0.084120862186,0.145152628422,0.581227183342,0.0847151130438,0.0489554479718,0.594218254089,0.0843678489327,-0.0479376465082,0.61034476757,0.0855308994651,-0.145922511816,0.624776244164,0.0855982154608,-0.242232978344,0.642606019974,0.0876160189509,-0.360335171223,0.62224817276,0.0645760893822,-0.359338492155,0.473692208529,-0.306444108486,-0.359338492155
1776892334.49,0.512704133987,0.0715598911047,0.436401814222,0.52683031559,0.0725654065609,0.341196775436,0.541078209877,0.0675924196839,0.243162915111,0.556527495384,0.0631375461817,0.144924879074,0.571949005127,0.0616473257542,0.0484391674399,0.585862994194,0.06090208143,-0.0477733165026,0.603356957436,0.0650513470173,-0.145136803389,0.618418812752,0.0700555890799,-0.241834759712,0.637250542641,0.0797547623515,-0.359207451344,0.617835998535,0.0594825297594,-0.359338492155,0.473643928766,-0.306216627359,-0.359338492155
1776892334.5,0.508397102356,0.0686265900731,0.435874640942,0.520201563835,0.0673251077533,0.340629696846,0.534924864769,0.0607794225216,0.242575585842,0.550572991371,0.0551489926875,0.144488483667,0.566443324089,0.0520549714565,0.0485790073872,0.580742955208,0.0514360256493,-0.0481610298157,0.598449468613,0.0565911829472,-0.145609140396,0.614484548569,0.0631587654352,-0.241347551346,0.634506464005,0.0749116614461,-0.359062105417,0.613167405128,0.0544477924705,-0.359338492155,0.473611444235,-0.306296736002,-0.359338492155
1776892334.52,0.504281520844,0.065444752574,0.435416132212,0.516902446747,0.0648113712668,0.340010285378,0.531594157219,0.0577488727868,0.242372736335,0.547324538231,0.051496874541,0.144361495972,0.563203692436,0.0481593497097,0.048146404326,0.578145623207,0.047674074769,-0.0484225749969,0.596061825752,0.052953582257,-0.145313203335,0.611950039864,0.0599784106016,-0.24136915803,0.632320404053,0.0722694918513,-0.358753532171,0.608256459236,0.0494742877781,-0.359338492155,0.473635405302,-0.30625718832,-0.359338492155
1776892334.53,0.500614762306,0.062242988497,0.434998184443,0.510740876198,0.0601771175861,0.339410603046,0.524856090546,0.0527138337493,0.241544887424,0.540846467018,0.0459833927453,0.143684655428,0.557073950768,0.0418992564082,0.0478514954448,0.572071433067,0.0414369739592,-0.0493088811636,0.590849637985,0.046125523746,-0.145789861679,0.607787251472,0.0534178800881,-0.241422623396,0.628263354301,0.0664154887199,-0.359067350626,0.603116989136,0.0445636287332,-0.359338492155,0.473627239466,-0.306285887957,-0.359338492155
1776892334.55,0.4967045784,0.0582669526339,0.434737890959,0.5074852705,0.0577632151544,0.33909034729,0.521474838257,0.0503358133137,0.241354361176,0.537367343903,0.0435284599662,0.143025606871,0.553868055344,0.0398231595755,0.0474100783467,0.56894159317,0.0389142520726,-0.0492824316025,0.587868928909,0.0436109267175,-0.14605948329,0.604677677155,0.0504461601377,-0.241536796093,0.626019954681,0.062781535089,-0.358998417854,0.597763538361,0.0397166796029,-0.359338492155,0.473587721586,-0.306279867887,-0.359338492155
1776892334.56,0.493303000927,0.0543137229979,0.434413224459,0.501579999924,0.0537075251341,0.338473320007,0.514918088913,0.0467270314693,0.240587562323,0.52998650074,0.0407016947865,0.142465665936,0.546685576439,0.0368228144944,0.046477638185,0.562133789062,0.0358995683491,-0.0502209067345,0.58179461956,0.0399850308895,-0.147015452385,0.59930229187,0.0450333841145,-0.242386937141,0.620898723602,0.0561989881098,-0.359540134668,0.592210054398,0.0349335893989,-0.359338492155,0.47362908721,-0.306252598763,-0.359338492155
1776892334.58,0.490320920944,0.0500280633569,0.434432387352,0.530138969421,0.0751346051693,0.341126561165,0.543801784515,0.0712729245424,0.243482753634,0.559252023697,0.067929521203,0.14484025538,0.574546575546,0.0665316134691,0.0493848696351,0.588425517082,0.0665629208088,-0.0480362027884,0.605014562607,0.0699579566717,-0.145367085934,0.62010884285,0.0741772651672,-0.241739094257,0.638887286186,0.0819447636604,-0.359873473644,0.586470603943,0.0302138254046,-0.359338492155,0.473568469286,-0.306305378675,-0.359338492155
1776892334.59,0.48751398921,0.0451762489974,0.43438115716,0.493849366903,0.0471035055816,0.337914586067,0.50594830513,0.0428773835301,0.23978638649,0.519989013672,0.0387734435499,0.141424745321,0.535660266876,0.0360317714512,0.0449945181608,0.551428198814,0.0343689210713,-0.0515678822994,0.571145176888,0.0361296832561,-0.148048371077,0.589238762856,0.0383961126208,-0.243893682957,0.612150669098,0.0438699424267,-0.361401438713,0.580559015274,0.0255562085658,-0.359338492155,0.473637074232,-0.3062505126,-0.359338492155
1776892334.61,0.485487252474,0.0406913347542,0.434554100037,0.491142183542,0.0450629517436,0.338059544563,0.503270626068,0.0418289005756,0.239619940519,0.51694893837,0.038899704814,0.141003504395,0.532227635384,0.0363671034575,0.0450292229652,0.547357678413,0.0345491394401,-0.0516829192638,0.56690454483,0.0357842631638,-0.148626238108,0.585493922234,0.0360863395035,-0.244238376617,0.608805894852,0.0393625535071,-0.361801564693,0.57448887825,0.0209589675069,-0.359338492155,0.473596900702,-0.306237518787,-0.359338492155
1776892334.62,0.483718127012,0.0356647670269,0.434965699911,0.487321346998,0.0407468825579,0.337672144175,0.498207062483,0.039721056819,0.239102751017,0.510825753212,0.0384998172522,0.140913054347,0.525314092636,0.0373693704605,0.0444703102112,0.53929746151,0.0357690118253,-0.0523333251476,0.559204697609,0.0347880572081,-0.149441093206,0.577561020851,0.0319596491754,-0.244844555855,0.601342916489,0.0311508364975,-0.362467706203,0.56827378273,0.0164197776467,-0.359338492155,0.473630100489,-0.306289672852,-0.359338492155
1776892334.64,0.482333034277,0.0302823130041,0.43540251255,0.485750466585,0.0383639000356,0.33790409565,0.49629727006,0.0385499224067,0.23897138238,0.508397698402,0.0385157316923,0.140440896153,0.5219643116,0.0380855761468,0.044001147151,0.536151885986,0.0357134453952,-0.0521544367075,0.554747700691,0.0345992557704,-0.149447441101,0.573743581772,0.0303351022303,-0.2452917099,0.597528815269,0.0266318116337,-0.3625639081,0.561926484108,0.0119358059019,-0.359338492155,0.473663955927,-0.306205898523,-0.359338492155
1776892334.65,0.481558799744,0.0262410547584,0.435845017433,0.484307736158,0.035827755928,0.338477253914,0.49414601922,0.0373722575605,0.239458933473,0.505711078644,0.0384433828294,0.140450015664,0.518874645233,0.0384469032288,0.0440226942301,0.53252017498,0.0364191010594,-0.052565023303,0.551229476929,0.0339592508972,-0.149522215128,0.569403171539,0.02835592255,-0.245173871517,0.593210697174,0.0227271076292,-0.362900078297,0.555459976196,0.00750375539064,-0.359338492155,0.473635584116,-0.306231081486,-0.359338492155
1776892334.67,0.48070988059,0.0190742406994,0.436861127615,0.481989473104,0.0311247631907,0.338688850403,0.490847498178,0.034715410322,0.239644378424,0.500811815262,0.0375072434545,0.141013666987,0.512950778008,0.0386529862881,0.044152289629,0.52525305748,0.0365841537714,-0.0521770268679,0.543085098267,0.0325883887708,-0.150016695261,0.561047077179,0.0243350639939,-0.245223522186,0.583824157715,0.0144177302718,-0.36261972785,0.54888677597,0.0031199157238,-0.359338492155,0.473653405905,-0.306220531464,-0.359338492155
1776892334.68,0.480436861515,0.0130191808566,0.437947154045,0.480044156313,0.0257324445993,0.339634716511,0.487532049417,0.0309895053506,0.24082800746,0.496960252523,0.0354846939445,0.141777679324,0.507736206055,0.0371876694262,0.0449095144868,0.518905520439,0.0350927487016,-0.0513565391302,0.535961151123,0.0295933783054,-0.149596720934,0.552198171616,0.0199333205819,-0.244785964489,0.573441505432,0.00713972374797,-0.361974060535,0.542218804359,-0.00121979694813,-0.359338492155,0.473607689142,-0.306235492229,-0.359338492155
1776892334.7,0.48047119379,0.00764687079936,0.439032942057,0.479904979467,0.0223601125181,0.340331435204,0.486538559198,0.028589323163,0.241592332721,0.495205789804,0.0335573032498,0.14256966114,0.505361914635,0.0360598042607,0.0455913841724,0.516441702843,0.0333291329443,-0.0511604100466,0.531466960907,0.0286186821759,-0.149045735598,0.547525644302,0.0172422453761,-0.244261771441,0.567780256271,0.00402286835015,-0.362023681402,0.535468220711,-0.00551979523152,-0.359338492155,0.473640233278,-0.306213349104,-0.359338492155
1776892334.71,0.480764567852,0.00159021338914,0.440263003111,0.478810101748,0.0161406192929,0.341328084469,0.485150128603,0.0231411401182,0.242612302303,0.492104500532,0.0288237184286,0.143849164248,0.501448392868,0.0316290147603,0.0467295050621,0.510652303696,0.0293677151203,-0.0499929785728,0.524650931358,0.0234841611236,-0.148548781872,0.538799762726,0.0117028877139,-0.244352459908,0.556496858597,-0.0023220248986,-0.362040549517,0.528646349907,-0.00978477858007,-0.359338492155,0.473591119051,-0.306251108646,-0.359338492155
1776892334.73,0.481216490269,-0.00356650515459,0.441363185644,0.478749841452,0.0123249664903,0.342441499233,0.484527021646,0.0199087914079,0.243482574821,0.491538494825,0.0260223038495,0.144190564752,0.499311476946,0.0289205946028,0.0476338192821,0.507898330688,0.0265310313553,-0.0492537170649,0.520892977715,0.0205312184989,-0.148064047098,0.53443813324,0.00879453774542,-0.243929952383,0.550658583641,-0.00532453041524,-0.361225485802,0.521764755249,-0.0140196885914,-0.359338492155,0.473410755396,-0.306188702583,-0.359338492155
1776892334.74,0.481837242842,-0.00884294509888,0.44252422452,0.47941121459,0.00494094379246,0.343689799309,0.484036058187,0.0119293993339,0.244990497828,0.489170640707,0.018390905112,0.145610511303,0.496053367853,0.0211971476674,0.0489975437522,0.503435969353,0.0185782518238,-0.0481332987547,0.513970136642,0.0136911720037,-0.147481232882,0.525069355965,0.0025889435783,-0.243451446295,0.538340687752,-0.0105680990964,-0.361597001553,0.514834403992,-0.0182296764106,-0.359338492155,0.473700612783,-0.306455224752,-0.359338492155
1776892334.76,0.482348501682,-0.0129175400361,0.443436086178,0.479714721441,0.000725098885596,0.344736754894,0.484198778868,0.00778513588011,0.245687186718,0.48917272687,0.0134120266885,0.146451309323,0.495070427656,0.0161727033556,0.0493339002132,0.500434994698,0.0146590191871,-0.0479691624641,0.510080814362,0.0100076114759,-0.147051483393,0.519558548927,-0.000231687910855,-0.243367314339,0.531663417816,-0.0126770390198,-0.361687093973,0.50786626339,-0.0224200561643,-0.359338492155,0.473669201136,-0.306270390749,-0.359338492155
1776892334.77,0.483184665442,-0.0187772065401,0.444704413414,0.479714721441,0.000725098885596,0.344736754894,0.484198778868,0.00778513588011,0.245687186718,0.48917272687,0.0134120266885,0.146451309323,0.495070427656,0.0161727033556,0.0493339002132,0.500434994698,0.0146590191871,-0.0479691624641,0.510080814362,0.0100076114759,-0.147051483393,0.519558548927,-0.000231687910855,-0.243367314339,0.531663417816,-0.0126770390198,-0.361687093973,0.500871181488,-0.0265962705016,-0.359338492155,0.473654121161,-0.306277304888,-0.359338492155
1776892334.79,0.483921527863,-0.0234845168889,0.445694684982,0.479714721441,0.000725098885596,0.344736754894,0.484198778868,0.00778513588011,0.245687186718,0.48917272687,0.0134120266885,0.146451309323,0.495070427656,0.0161727033556,0.0493339002132,0.500434994698,0.0146590191871,-0.0479691624641,0.510080814362,0.0100076114759,-0.147051483393,0.519558548927,-0.000231687910855,-0.243367314339,0.531663417816,-0.0126770390198,-0.361687093973,0.493859678507,-0.0307638570666,-0.359338492155,0.473639398813,-0.30626437068,-0.359338492155
1776892334.8,0.48462793231,-0.0279164016247,0.446662515402,0.479714721441,0.000725098885596,0.344736754894,0.484198778868,0.00778513588011,0.245687186718,0.48917272687,0.0134120266885,0.146451309323,0.495070427656,0.0161727033556,0.0493339002132,0.500434994698,0.0146590191871,-0.0479691624641,0.510080814362,0.0100076114759,-0.147051483393,0.519558548927,-0.000231687910855,-0.243367314339,0.531663417816,-0.0126770390198,-0.361687093973,0.486842483282,-0.0349284037948,-0.359338492155,0.473440736532,-0.306245058775,-0.359338492155
1776892334.82,0.485280036926,-0.0324137918651,0.447606146336,0.479714721441,0.000725098885596,0.344736754894,0.484198778868,0.00778513588011,0.245687186718,0.48917272687,0.0134120266885,0.146451309323,0.495070427656,0.0161727033556,0.0493339002132,0.500434994698,0.0146590191871,-0.0479691624641,0.510080814362,0.0100076114759,-0.147051483393,0.519558548927,-0.000231687910855,-0.243367314339,0.531663417816,-0.0126770390198,-0.361687093973,0.479830175638,-0.0390955246985,-0.359338492155,0.473614782095,-0.306301921606,-0.359338492155
1776892334.83,0.485692918301,-0.0356357097626,0.448213875294,0.479714721441,0.000725098885596,0.344736754894,0.484198778868,0.00778513588011,0.245687186718,0.48917272687,0.0134120266885,0.146451309323,0.495070427656,0.0161727033556,0.0493339002132,0.500434994698,0.0146590191871,-0.0479691624641,0.510080814362,0.0100076114759,-0.147051483393,0.519558548927,-0.000231687910855,-0.243367314339,0.531663417816,-0.0126770390198,-0.361687093973,0.472833305597,-0.0432708077133,-0.359338492155,0.473631352186,-0.306280434132,-0.359338492155
1776892334.85,0.486208736897,-0.0403160788119,0.449007928371,0.479714721441,0.000725098885596,0.344736754894,0.484198778868,0.00778513588011,0.245687186718,0.48917272687,0.0134120266885,0.146451309323,0.495070427656,0.0161727033556,0.0493339002132,0.500434994698,0.0146590191871,-0.0479691624641,0.510080814362,0.0100076114759,-0.147051483393,0.519558548927,-0.000231687910855,-0.243367314339,0.531663417816,-0.0126770390198,-0.361687093973,0.465862482786,-0.0474597960711,-0.359338492155,0.473599880934,-0.306299567223,-0.359338492155
1776892334.87,0.486566603184,-0.0448033325374,0.449588596821,0.479714721441,0.000725098885596,0.344736754894,0.484198778868,0.00778513588011,0.245687186718,0.48917272687,0.0134120266885,0.146451309323,0.495070427656,0.0161727033556,0.0493339002132,0.500434994698,0.0146590191871,-0.0479691624641,0.510080814362,0.0100076114759,-0.147051483393,0.519558548927,-0.000231687910855,-0.243367314339,0.531663417816,-0.0126770390198,-0.361687093973,0.45892855525,-0.0516679435968,-0.359338492155,0.473593562841,-0.306260257959,-0.359338492155
1776892334.88,0.486710160971,-0.0482070371509,0.44992017746,0.479714721441,0.000725098885596,0.344736754894,0.484198778868,0.00778513588011,0.245687186718,0.48917272687,0.0134120266885,0.146451309323,0.495070427656,0.0161727033556,0.0493339002132,0.500434994698,0.0146590191871,-0.0479691624641,0.510080814362,0.0100076114759,-0.147051483393,0.519558548927,-0.000231687910855,-0.243367314339,0.531663417816,-0.0126770390198,-0.361687093973,0.452042430639,-0.0559005774558,-0.359338492155,0.473638981581,-0.306267142296,-0.359338492155
1776892334.89,0.486724257469,-0.0522863082588,0.450162380934,0.483833700418,-0.0510937869549,0.352718949318,0.482910782099,-0.0572331473231,0.253908395767,0.48087015748,-0.0618574731052,0.154542312026,0.477681845427,-0.0647487863898,0.0568251907825,0.470386117697,-0.0648965388536,-0.0405515581369,0.4627391994,-0.0577854216099,-0.138970434666,0.452600210905,-0.0498134791851,-0.235375225544,0.438525825739,-0.0363013930619,-0.354191064835,0.445215195417,-0.0601628646255,-0.359338492155,0.473688513041,-0.306208580732,-0.359338492155
1776892334.91,0.486641585827,-0.0553142987192,0.45021918416,0.483854144812,-0.0540012605488,0.353066265583,0.482262581587,-0.0605641268194,0.254042059183,0.479842454195,-0.065695181489,0.154114708304,0.475843340158,-0.0683262497187,0.057309858501,0.467414587736,-0.0683069601655,-0.0397162735462,0.458670049906,-0.0606383085251,-0.138784557581,0.448357254267,-0.0529456213117,-0.234684377909,0.432849436998,-0.0388558283448,-0.354139328003,0.438458174467,-0.0644597560167,-0.359338492155,0.473623722792,-0.306267946959,-0.359338492155
1776892334.92,0.486310571432,-0.0605840347707,0.450217992067,0.48344668746,-0.0569851510227,0.353249639273,0.4815287292,-0.0637635290623,0.25421795249,0.478154808283,-0.0685139745474,0.154895395041,0.473157256842,-0.0715072751045,0.0575306564569,0.464238077402,-0.0712253823876,-0.0398546159267,0.455610603094,-0.0637269169092,-0.137014627457,0.443215996027,-0.0558180138469,-0.234043419361,0.42733797431,-0.0418818965554,-0.353644311428,0.431782931089,-0.0687959939241,-0.359338492155,0.473607987165,-0.306299775839,-0.359338492155
1776892334.94,0.485912710428,-0.0647528097034,0.450010031462,0.482997387648,-0.0596179366112,0.353242486715,0.480427473783,-0.0663749203086,0.254418134689,0.476696819067,-0.0716545060277,0.155129551888,0.470664948225,-0.0742354989052,0.0578113496304,0.461196452379,-0.0743421688676,-0.0387151092291,0.452079206705,-0.0669026002288,-0.137192964554,0.438179582357,-0.0592145584524,-0.233846187592,0.421691507101,-0.0443827435374,-0.352292954922,0.425201326609,-0.073175996542,-0.359338492155,0.473594039679,-0.306232154369,-0.359338492155
1776892334.95,0.485307902098,-0.069449134171,0.449735462666,0.481442004442,-0.0673304572701,0.353157490492,0.477193266153,-0.0726466923952,0.25403124094,0.471073359251,-0.0771943107247,0.155015990138,0.462812453508,-0.0795363783836,0.0579266771674,0.450632423162,-0.0795708373189,-0.0390421450138,0.43862631917,-0.0722264423966,-0.135422050953,0.425047248602,-0.0670301094651,-0.232633292675,0.406140238047,-0.0547152273357,-0.351748168468,0.418725460768,-0.0776038765907,-0.359338492155,0.473638385534,-0.306246936321,-0.359338492155
1776892334.97,0.484579205513,-0.0742354243994,0.449428886175,0.480543702841,-0.0697268694639,0.353161454201,0.475803226233,-0.0743731558323,0.254125475883,0.468545347452,-0.0777363181114,0.154742956161,0.459509879351,-0.0798867642879,0.057180300355,0.447022944689,-0.0804580524564,-0.0384008288383,0.433923333883,-0.0733764842153,-0.13501906395,0.418712407351,-0.0701392591,-0.23364135623,0.400881022215,-0.0581938102841,-0.351480543613,0.412367850542,-0.082083389163,-0.359338492155,0.473572582006,-0.306260764599,-0.359338492155
1776892334.98,0.483517974615,-0.0801923722029,0.448914259672,0.47826269269,-0.0743013769388,0.352427661419,0.472102314234,-0.0769916921854,0.253349304199,0.463415175676,-0.0791668593884,0.154426291585,0.453105717897,-0.0806962028146,0.0573982447386,0.439080446959,-0.080673828721,-0.0390338897705,0.426133662462,-0.0759908258915,-0.136592537165,0.409882575274,-0.0733790323138,-0.234481096268,0.391624599695,-0.0658383890986,-0.352125525475,0.406141132116,-0.0866178646684,-0.359338492155,0.473610907793,-0.306260973215,-0.359338492155
1776892335,0.48221591115,-0.0862513333559,0.448332756758,0.477004855871,-0.0764957666397,0.352230608463,0.470006197691,-0.0783074274659,0.252855420113,0.46081289649,-0.0798600167036,0.154447957873,0.45002374053,-0.0803165361285,0.0575828552246,0.435707122087,-0.0809728130698,-0.0388950556517,0.421627372503,-0.0774667710066,-0.137553542852,0.405718773603,-0.0755005478859,-0.234217703342,0.387096375227,-0.0699521303177,-0.352001875639,0.400058478117,-0.0912101715803,-0.359338492155,0.473593562841,-0.306270062923,-0.359338492155
1776892335.01,0.480896383524,-0.091791510582,0.44764110446,0.473596662283,-0.0821239575744,0.351768910885,0.464981883764,-0.080986738205,0.252924621105,0.454945296049,-0.0795024782419,0.153419941664,0.443061619997,-0.079403243959,0.0573374703526,0.428247481585,-0.0804370939732,-0.0395326465368,0.414472252131,-0.0786705464125,-0.137384235859,0.396641343832,-0.0775703564286,-0.236050605774,0.379349976778,-0.0781294256449,-0.35237249732,0.39413318038,-0.0958626791835,-0.359338492155,0.473702043295,-0.306161433458,-0.359338492155
1776892335.03,0.479289650917,-0.0977338626981,0.446862906218,0.471766501665,-0.0845420211554,0.351268649101,0.462633579969,-0.0824536383152,0.252272695303,0.451552957296,-0.0800238326192,0.153671830893,0.439839452505,-0.0793720930815,0.0571714490652,0.424692481756,-0.0800618380308,-0.039095595479,0.410585790873,-0.0791912823915,-0.13792604208,0.393065005541,-0.0806772112846,-0.235471785069,0.375356346369,-0.0819063782692,-0.352412641048,0.388378828764,-0.10057721287,-0.359338492155,0.473739534616,-0.306470155716,-0.359338492155
1776892335.04,0.477282226086,-0.104557141662,0.445958614349,0.468012005091,-0.09034409374,0.350331574678,0.457291692495,-0.0855506658554,0.251792132854,0.44551602006,-0.0813105776906,0.153250366449,0.432036370039,-0.0783431082964,0.0552849173546,0.417673498392,-0.0796390473843,-0.0391873419285,0.403784245253,-0.0801254361868,-0.138420015574,0.387081176043,-0.0851658135653,-0.234523832798,0.368475526571,-0.0902368724346,-0.3524120152,0.382809311152,-0.105355001986,-0.359338492155,0.473588973284,-0.306269168854,-0.359338492155
1776892335.06,0.475394576788,-0.110392279923,0.44510859251,0.465718597174,-0.0933889895678,0.350075781345,0.454849213362,-0.0875516906381,0.251774400473,0.442236512899,-0.082048587501,0.153103142977,0.429156988859,-0.0791950672865,0.0564083606005,0.414436966181,-0.0797886624932,-0.0394574552774,0.400087088346,-0.0809907764196,-0.138133913279,0.383938580751,-0.087987229228,-0.233883410692,0.364871948957,-0.0938302949071,-0.352161556482,0.377438575029,-0.110196620226,-0.359338492155,0.473629325628,-0.306249290705,-0.359338492155
1776892335.07,0.473445206881,-0.115779936314,0.444318026304,0.462095171213,-0.0997966453433,0.348978459835,0.449878305197,-0.0920918732882,0.251164972782,0.436441630125,-0.0849016457796,0.153053864837,0.42245772481,-0.0804612934589,0.0553269833326,0.407613903284,-0.0811441093683,-0.0405170470476,0.393578618765,-0.0841927677393,-0.138941079378,0.377295702696,-0.0921736359596,-0.234024971724,0.35927054286,-0.101355411112,-0.352451533079,0.372280865908,-0.115101993084,-0.359338492155,0.473697632551,-0.306438803673,-0.359338492155
1776892335.09,0.470743983984,-0.122505411506,0.443169742823,0.460039168596,-0.103296369314,0.348632156849,0.44759401679,-0.0946857780218,0.250588238239,0.434108406305,-0.0867867395282,0.152793258429,0.419892460108,-0.0823268070817,0.0554901659489,0.404276102781,-0.0824277177453,-0.0400390625,0.390265256166,-0.0857662633061,-0.138850748539,0.37449207902,-0.0942904278636,-0.235116511583,0.35690459609,-0.104958698153,-0.35233053565,0.367350250483,-0.120070315897,-0.359338492155,0.473596304655,-0.306290507317,-0.359338492155
1776892335.1,0.468193799257,-0.128496080637,0.442148298025,0.455997377634,-0.110775493085,0.347414255142,0.443179279566,-0.101215451956,0.249368399382,0.429027110338,-0.0928817391396,0.152087241411,0.413929730654,-0.0863052755594,0.0541417077184,0.398642510176,-0.0877119675279,-0.040524661541,0.384343355894,-0.0909305885434,-0.139349073172,0.368638068438,-0.0990941524506,-0.236032664776,0.352134615183,-0.111472867429,-0.353328973055,0.36266091466,-0.125100016594,-0.359338492155,0.473609238863,-0.306292206049,-0.359338492155
1776892335.12,0.465941458941,-0.133466169238,0.441319525242,0.454329937696,-0.114511601627,0.346598207951,0.441239327192,-0.104871399701,0.248684316874,0.426156789064,-0.0958885923028,0.150427281857,0.41171708703,-0.0899862423539,0.0544075518847,0.39546468854,-0.0904920250177,-0.0412356555462,0.381633847952,-0.0932175293565,-0.140287071466,0.366201668978,-0.102698422968,-0.236214369535,0.349706083536,-0.114430502057,-0.353729605675,0.358226925135,-0.130188792944,-0.359338492155,0.473581403494,-0.30626064539,-0.359338492155
1776892335.13,0.463019281626,-0.139307081699,0.440265238285,0.45040717721,-0.122302129865,0.345390796661,0.437165409327,-0.113111518323,0.247389987111,0.422183543444,-0.10399505496,0.149001210928,0.407427638769,-0.0984115228057,0.0532277077436,0.391092628241,-0.0981793254614,-0.0428951531649,0.377098828554,-0.100694350898,-0.141603976488,0.36170014739,-0.108983755112,-0.236569523811,0.345154732466,-0.119677253067,-0.355392336845,0.354061931372,-0.135333493352,-0.359338492155,0.473659306765,-0.306211680174,-0.359338492155
1776892335.15,0.460623323917,-0.143772125244,0.439502418041,0.448066204786,-0.126266986132,0.344827234745,0.435099810362,-0.117406085134,0.246461644769,0.420268982649,-0.10878174752,0.148516044021,0.405953139067,-0.103131383657,0.052784845233,0.388896256685,-0.102692067623,-0.0430065393448,0.374795407057,-0.104678444564,-0.142076194286,0.35932764411,-0.111251205206,-0.238874465227,0.343350797892,-0.121834695339,-0.356287419796,0.350179463625,-0.140530154109,-0.359338492155,0.47360303998,-0.306322664022,-0.359338492155
1776892335.16,0.45803886652,-0.14822511375,0.438768953085,0.44456282258,-0.133858382702,0.343232125044,0.431126385927,-0.126463681459,0.245164453983,0.416316956282,-0.118940040469,0.146305084229,0.40212854743,-0.114642649889,0.0504068657756,0.38590285182,-0.113294631243,-0.0448635518551,0.371719032526,-0.113682158291,-0.144442826509,0.356250613928,-0.119809620082,-0.240014523268,0.340296000242,-0.126604914665,-0.358629316092,0.346592396498,-0.145774021745,-0.359338492155,0.473587185144,-0.306281119585,-0.359338492155
1776892335.18,0.455564022064,-0.152207314968,0.438158661127,0.442654639482,-0.137647852302,0.342664420605,0.429669231176,-0.131486356258,0.244512811303,0.414767891169,-0.125097364187,0.146205350757,0.40088185668,-0.121103160083,0.049938634038,0.384527474642,-0.119259141386,-0.0457708537579,0.370716005564,-0.11884124577,-0.143594205379,0.35486754775,-0.123156704009,-0.241753727198,0.338576763868,-0.128541246057,-0.359618335962,0.343313068151,-0.151059508324,-0.359338492155,0.473605245352,-0.306282669306,-0.359338492155
1776892335.19,0.453349679708,-0.155374825001,0.437627971172,0.43937215209,-0.144965544343,0.34185808897,0.425946742296,-0.14114998281,0.243523746729,0.411905437708,-0.137433230877,0.145091429353,0.398239463568,-0.133734121919,0.0482756793499,0.382954508066,-0.132139876485,-0.0475551635027,0.368330448866,-0.130631372333,-0.146037310362,0.352553397417,-0.131837725639,-0.2436375916,0.335717886686,-0.132009357214,-0.361288070679,0.340352982283,-0.156380206347,-0.359338492155,0.473593086004,-0.306286007166,-0.359338492155
1776892335.21,0.451208084822,-0.15835763514,0.437198579311,0.437761157751,-0.148372516036,0.34113907814,0.42439982295,-0.145850658417,0.242843434215,0.410218447447,-0.142781332135,0.143570318818,0.396642297506,-0.140261813998,0.0471796542406,0.38147059083,-0.139070093632,-0.0483645051718,0.366390615702,-0.135632157326,-0.148837715387,0.350519865751,-0.134508192539,-0.246146708727,0.334599405527,-0.133978784084,-0.361945062876,0.337722867727,-0.161728963256,-0.359338492155,0.473642200232,-0.306267052889,-0.359338492155
1776892335.22,0.44934079051,-0.160562217236,0.436864733696,0.434434443712,-0.155125632882,0.340838491917,0.421627670527,-0.1551027596,0.242164850235,0.408595591784,-0.155264496803,0.143626123667,0.395462781191,-0.153771713376,0.0458605736494,0.380684167147,-0.152599677444,-0.0486232489347,0.365017682314,-0.147156789899,-0.149998486042,0.351777285337,-0.145532146096,-0.243598014116,0.333591252565,-0.138027429581,-0.362167090178,0.335432320833,-0.167097866535,-0.359338492155,0.473614186049,-0.306321948767,-0.359338492155
1776892335.24,0.447566479445,-0.162462934852,0.436576098204,0.470073789358,-0.0873587056994,0.350833177567,0.459844559431,-0.0837077051401,0.252215445042,0.448484629393,-0.0801646485925,0.153403609991,0.436630934477,-0.0791916847229,0.0568775236607,0.421232789755,-0.0797677561641,-0.0398656725883,0.407375007868,-0.0799876824021,-0.138085693121,0.389874845743,-0.0823668837547,-0.236065477133,0.371463388205,-0.085611499846,-0.35251429677,0.33348980546,-0.172478288412,-0.359338492155,0.473732680082,-0.306419044733,-0.359338492155
1776892335.25,0.445973187685,-0.163872048259,0.436428040266,0.43155887723,-0.163332775235,0.340041637421,0.419571191072,-0.167719453573,0.2418333143,0.406820327044,-0.170863687992,0.142993271351,0.394397467375,-0.172258257866,0.0459692850709,0.378700107336,-0.170414343476,-0.0500676333904,0.366997987032,-0.163984537125,-0.146676510572,0.35153850913,-0.157806366682,-0.244360595942,0.333052426577,-0.14437431097,-0.362343192101,0.331902474165,-0.177861019969,-0.359338492155,0.473635464907,-0.306236565113,-0.359338492155
1776892335.27,0.444474577904,-0.164890214801,0.436326920986,0.430455416441,-0.165679842234,0.34000107646,0.418595403433,-0.171166554093,0.241282120347,0.406140834093,-0.17548725009,0.142713978887,0.39391592145,-0.176987782121,0.0465432554483,0.37903830409,-0.176263198256,-0.0500750690699,0.366745144129,-0.167965695262,-0.146676450968,0.351779252291,-0.161406129599,-0.243928670883,0.333099395037,-0.146906837821,-0.362823992968,0.330676108599,-0.183236256242,-0.359338492155,0.473636657,-0.306233257055,-0.359338492155
1776892335.28,0.443518400192,-0.165297701955,0.436279773712,0.429725199938,-0.167387962341,0.33977752924,0.418290823698,-0.174103677273,0.241129770875,0.405802577734,-0.179122880101,0.14226154983,0.39374139905,-0.181914016604,0.0454286262393,0.37679579854,-0.179126322269,-0.0529584735632,0.366602629423,-0.172777324915,-0.146424561739,0.351926296949,-0.164990440011,-0.24378734827,0.333763986826,-0.149923935533,-0.362200945616,0.329814881086,-0.188593745232,-0.359338492155,0.473589032888,-0.306265741587,-0.359338492155
1776892335.3,0.44164326787,-0.165887326002,0.436229974031,0.429269760847,-0.169096022844,0.33973544836,0.41773685813,-0.177141293883,0.241340041161,0.406044632196,-0.182934507728,0.142627179623,0.392985492945,-0.186247378588,0.0458564832807,0.378544718027,-0.184942424297,-0.0482365638018,0.365572541952,-0.17495597899,-0.144835352898,0.35196402669,-0.16836206615,-0.243686497211,0.334333330393,-0.153548687696,-0.362190961838,0.329321473837,-0.193922847509,-0.359338492155,0.473621219397,-0.306243300438,-0.359338492155
1776892335.31,0.440228819847,-0.166184216738,0.436327755451,0.42679271102,-0.172352641821,0.339695006609,0.416262954473,-0.182368338108,0.241739213467,0.405168265104,-0.19033138454,0.142607316375,0.393011301756,-0.194732308388,0.0460400134325,0.379474192858,-0.194855839014,-0.0499164909124,0.367507010698,-0.186491221189,-0.146780878305,0.353933364153,-0.178001061082,-0.243478804827,0.336915403605,-0.163048073649,-0.362913668156,0.32919678092,-0.199212640524,-0.359338492155,0.473673254251,-0.306240528822,-0.359338492155
1776892335.33,0.439015895128,-0.166374981403,0.436490058899,0.426111251116,-0.17277996242,0.339772641659,0.415932923555,-0.182998254895,0.24153187871,0.404807776213,-0.190838724375,0.142517790198,0.393435865641,-0.195765852928,0.0456566885114,0.379406064749,-0.197328954935,-0.0497719496489,0.36775675416,-0.188716039062,-0.146674633026,0.354308694601,-0.181321665645,-0.244356781244,0.338026255369,-0.167503580451,-0.362570911646,0.329440027475,-0.204452037811,-0.359338492155,0.473567634821,-0.30626642704,-0.359338492155
1776892335.34,0.437897801399,-0.166563987732,0.436727494001,0.425577312708,-0.172842890024,0.339561581612,0.415460914373,-0.182942524552,0.241640791297,0.404680281878,-0.190854102373,0.142457216978,0.39341250062,-0.196624159813,0.0457759723067,0.379522651434,-0.197685465217,-0.0501421540976,0.36881634593,-0.190767064691,-0.146865010262,0.355081051588,-0.184210911393,-0.244921505451,0.339323788881,-0.171641007066,-0.363435059786,0.330048710108,-0.209629893303,-0.359338492155,0.473636060953,-0.306192934513,-0.359338492155
1776892335.36,0.436511188745,-0.166883185506,0.437283426523,0.423887997866,-0.17196880281,0.33960083127,0.414286524057,-0.181930437684,0.241977602243,0.404197007418,-0.190046384931,0.142568469048,0.393747240305,-0.195805042982,0.0456135123968,0.380152136087,-0.198677569628,-0.0514685511589,0.369720846415,-0.194613039494,-0.149677038193,0.35819336772,-0.18991176784,-0.24462261796,0.342097789049,-0.179926738143,-0.36484670639,0.331018537283,-0.214735165238,-0.359338492155,0.473597675562,-0.306283354759,-0.359338492155
1776892335.37,0.435381472111,-0.167269140482,0.437956750393,0.422601908445,-0.171224534512,0.340129703283,0.413273364305,-0.17908026278,0.241532474756,0.403766900301,-0.186490476131,0.142572149634,0.394375175238,-0.192853808403,0.0457128211856,0.382004529238,-0.197272896767,-0.0515881478786,0.369424194098,-0.194882243872,-0.152211457491,0.358178406954,-0.193497017026,-0.248560905457,0.345832139254,-0.188963532448,-0.365463316441,0.332343608141,-0.219756931067,-0.359338492155,0.473602741957,-0.30625256896,-0.359338492155
1776892335.39,0.434301972389,-0.167684212327,0.438752681017,0.42193081975,-0.170498341322,0.340470999479,0.413087695837,-0.177683159709,0.241758421063,0.403755515814,-0.184464856982,0.142950221896,0.394673019648,-0.191126465797,0.046173363924,0.382881194353,-0.195941209793,-0.0515752583742,0.370888859034,-0.195448189974,-0.151642501354,0.360192209482,-0.19613340497,-0.247248142958,0.34773054719,-0.193743765354,-0.365511834621,0.334016174078,-0.224684596062,-0.359338492155,0.473567277193,-0.306303441525,-0.359338492155
1776892335.4,0.433266073465,-0.168138101697,0.439608037472,0.421327024698,-0.169352725148,0.341265618801,0.412309795618,-0.174539610744,0.242373913527,0.403583496809,-0.179215475917,0.142774656415,0.39517351985,-0.184873953462,0.0457359775901,0.384512931108,-0.192712768912,-0.0499502271414,0.374507218599,-0.195308595896,-0.1506511271,0.363872855902,-0.199727743864,-0.247963547707,0.352330118418,-0.20427981019,-0.365214407444,0.336027234793,-0.229507952929,-0.359338492155,0.473630994558,-0.306270420551,-0.359338492155
1776892335.42,0.432216614485,-0.168660789728,0.440455675125,0.4207251966,-0.168841063976,0.341475665569,0.41231623292,-0.172836899757,0.242967694998,0.404050797224,-0.176803678274,0.143643081188,0.395576626062,-0.182488530874,0.0459781587124,0.38537427783,-0.189711257815,-0.0509396344423,0.377749413252,-0.194654017687,-0.14779561758,0.366390556097,-0.202569797635,-0.246113777161,0.354766577482,-0.208592310548,-0.365240067244,0.338366001844,-0.234217330813,-0.359338492155,0.473601132631,-0.306294232607,-0.359338492155
1776892335.44,0.431150138378,-0.169188916683,0.441293984652,0.42011615634,-0.167746096849,0.342683136463,0.412432461977,-0.170146122575,0.243700653315,0.404676049948,-0.172568827868,0.144162937999,0.397058993578,-0.177753075957,0.0477090254426,0.387492924929,-0.185359463096,-0.0494380891323,0.37909463048,-0.193353042006,-0.14888125658,0.3701787889,-0.20496635139,-0.244771689177,0.360294669867,-0.219039812684,-0.362067401409,0.341020613909,-0.238803580403,-0.359338492155,0.473621755838,-0.306270331144,-0.359338492155
1776892335.45,0.430088460445,-0.169640436769,0.442071855068,0.419928878546,-0.167462080717,0.342949032784,0.412981241941,-0.168753504753,0.244435966015,0.404911071062,-0.170302018523,0.144448801875,0.397466927767,-0.175175979733,0.0479624122381,0.387610167265,-0.182726725936,-0.0490587055683,0.381122201681,-0.192567378283,-0.14778599143,0.372846931219,-0.207276746631,-0.243057549,0.363491266966,-0.223829522729,-0.361476510763,0.343977838755,-0.243258312345,-0.359338492155,0.473595052958,-0.306337416172,-0.359338492155
1776892335.46,0.429049611092,-0.169964775443,0.442802846432,0.419659405947,-0.166766688228,0.344040155411,0.412995368242,-0.166723102331,0.245326593518,0.406380087137,-0.167761951685,0.145882427692,0.399135142565,-0.171730816364,0.0479690060019,0.390048891306,-0.179936558008,-0.0480813384056,0.383839040995,-0.191808015108,-0.146842688322,0.377196460962,-0.210048347712,-0.241769403219,0.369737297297,-0.232498794794,-0.358702033758,0.347223490477,-0.247573792934,-0.359338492155,0.473595291376,-0.306262284517,-0.359338492155
1776892335.48,0.428284913301,-0.170171797276,0.443315029144,0.419158369303,-0.166483104229,0.344364464283,0.412980943918,-0.166310548782,0.245574042201,0.406416326761,-0.166719555855,0.146309956908,0.399933427572,-0.170506417751,0.0486347153783,0.392016857862,-0.180396839976,-0.0476922690868,0.38625267148,-0.192651972175,-0.145871520042,0.379792302847,-0.211933851242,-0.240519702435,0.372836142778,-0.236281439662,-0.357545912266,0.350742667913,-0.251743137836,-0.359338492155,0.473599284887,-0.306280940771,-0.359338492155
1776892335.49,0.426983505487,-0.170379728079,0.444074600935,0.418497055769,-0.166362017393,0.345230102539,0.413000911474,-0.165486976504,0.246344357729,0.407336503267,-0.164873838425,0.146516859531,0.402038186789,-0.169790610671,0.0498108640313,0.394770532846,-0.179979175329,-0.0470708608627,0.390092939138,-0.194206982851,-0.145087659359,0.384802550077,-0.215671688318,-0.240489304066,0.379409462214,-0.243031799793,-0.355379253626,0.354519575834,-0.255760282278,-0.359338492155,0.473627716303,-0.306268274784,-0.359338492155
1776892335.51,0.425947546959,-0.170421004295,0.444565236568,0.418027251959,-0.166386112571,0.345911771059,0.413129538298,-0.165474027395,0.246802031994,0.40816155076,-0.165303111076,0.146950960159,0.403335720301,-0.170321971178,0.0504650846124,0.3964227736,-0.180594176054,-0.0465562641621,0.392987221479,-0.196160584688,-0.144746750593,0.387755781412,-0.218670457602,-0.238211601973,0.382653445005,-0.245810315013,-0.355049341917,0.35853818059,-0.25961998105,-0.359338492155,0.473597496748,-0.306250423193,-0.359338492155
1776892335.52,0.425119251013,-0.170377060771,0.444889545441,0.417783945799,-0.166693091393,0.346536040306,0.412985473871,-0.165818944573,0.247167930007,0.408607810736,-0.165913641453,0.147112861276,0.403990477324,-0.170748844743,0.050324857235,0.397955745459,-0.181587964296,-0.0467307567596,0.394794613123,-0.197915092111,-0.144659072161,0.390561372042,-0.220350444317,-0.239395439625,0.386003822088,-0.248315081,-0.354196876287,0.362781971693,-0.263317853212,-0.359338492155,0.473627477884,-0.306229621172,-0.359338492155
1776892335.54,0.424302697182,-0.170285031199,0.445127308369,0.41743722558,-0.166838139296,0.346594721079,0.413086205721,-0.166129395366,0.247494786978,0.409215062857,-0.167039170861,0.148086607456,0.40551123023,-0.172074615955,0.050393730402,0.400115519762,-0.184222117066,-0.0455387085676,0.397208601236,-0.199931547046,-0.144431471825,0.393403202295,-0.222227528691,-0.239096909761,0.389179259539,-0.251040637493,-0.353473782539,0.367234379053,-0.266850411892,-0.359338492155,0.473641425371,-0.30626565218,-0.359338492155
1776892335.55,0.423655599356,-0.170157715678,0.445306837559,0.416674762964,-0.167816400528,0.347309827805,0.413267344236,-0.169614464045,0.248382031918,0.411191910505,-0.173031613231,0.148549050093,0.409494012594,-0.179638341069,0.0511228367686,0.405720204115,-0.19262355566,-0.0448124408722,0.404409140348,-0.208612114191,-0.143842369318,0.402238041162,-0.229730680585,-0.238003432751,0.399831861258,-0.257100373507,-0.354053795338,0.371879011393,-0.270214945078,-0.359338492155,0.47355261445,-0.306351691484,-0.359338492155
1776892335.57,0.423114329576,-0.170016095042,0.445522814989,0.417060106993,-0.167132616043,0.346888363361,0.413140028715,-0.166984826326,0.247734546661,0.409505575895,-0.168705359101,0.148101851344,0.40672531724,-0.174668624997,0.0513397008181,0.401446789503,-0.185874834657,-0.0460629612207,0.399632483721,-0.202640354633,-0.143918782473,0.396436601877,-0.225531101227,-0.237693041563,0.392561048269,-0.252832114697,-0.353589206934,0.376699537039,-0.273409545422,-0.359338492155,0.473590880632,-0.306329101324,-0.359338492155
1776892335.58,0.422828614712,-0.169938981533,0.44572493434,0.416311830282,-0.169408947229,0.347577929497,0.414150029421,-0.173110470176,0.24921438098,0.412503927946,-0.178168654442,0.148798212409,0.411949068308,-0.186843216419,0.0522195026278,0.409850507975,-0.200250089169,-0.0445257872343,0.409458011389,-0.2155315727,-0.142452299595,0.408267110586,-0.235144138336,-0.237761497498,0.406190007925,-0.258885115385,-0.354308247566,0.381680220366,-0.276433080435,-0.359338492155,0.473642140627,-0.306316256523,-0.359338492155
1776892335.6,0.422799408436,-0.169987246394,0.445928394794,0.416503101587,-0.171196699142,0.348005980253,0.414929479361,-0.178009718657,0.249604120851,0.414212137461,-0.18516394496,0.149675056338,0.415203005075,-0.195726513863,0.0534236058593,0.413199275732,-0.20817451179,-0.0436287671328,0.414430946112,-0.22244489193,-0.142097979784,0.413574069738,-0.239106029272,-0.238455563784,0.413547843695,-0.260210841894,-0.35594829917,0.386805564165,-0.27928507328,-0.359338492155,0.473607808352,-0.306353390217,-0.359338492155
1776892335.61,0.422960847616,-0.170194670558,0.4460940063,0.417182177305,-0.173493027687,0.348612815142,0.416552811861,-0.182811170816,0.250112533569,0.416659325361,-0.192333295941,0.150302857161,0.417929440737,-0.203738421202,0.0535736009479,0.416847318411,-0.216647744179,-0.042952015996,0.41870072484,-0.22865819931,-0.142141997814,0.419519871473,-0.243510186672,-0.238282293081,0.421198040247,-0.260623067617,-0.355927705765,0.392060905695,-0.281965702772,-0.359338492155,0.473587661982,-0.306339889765,-0.359338492155
1776892335.63,0.423379570246,-0.170743703842,0.446247279644,0.417613238096,-0.174948960543,0.34876331687,0.417603880167,-0.185353890061,0.250334501266,0.418078511953,-0.195912882686,0.15092267096,0.419324725866,-0.207669064403,0.0540673583746,0.418639987707,-0.22054964304,-0.0426154434681,0.4210254848,-0.232240960002,-0.141887277365,0.422049194574,-0.244876176119,-0.238563686609,0.425035089254,-0.260978102684,-0.356613785028,0.397432297468,-0.284475654364,-0.359338492155,0.473626583815,-0.306277215481,-0.359338492155
1776892335.64,0.423884600401,-0.171472609043,0.446323931217,0.418859452009,-0.177420452237,0.349175214767,0.419359892607,-0.189988061786,0.250760555267,0.420498877764,-0.20269548893,0.152063712478,0.422384172678,-0.215455561876,0.0555012449622,0.422608107328,-0.228190883994,-0.0415044128895,0.42587223649,-0.23811852932,-0.140606254339,0.428819984198,-0.249208033085,-0.236392199993,0.433154851198,-0.259477198124,-0.358513653278,0.402906447649,-0.28681614995,-0.359338492155,0.473590046167,-0.30629247427,-0.359338492155
1776892335.66,0.42475554347,-0.172827243805,0.446444183588,0.419672042131,-0.178689539433,0.349608391523,0.420356959105,-0.192417800426,0.251347899437,0.421771019697,-0.205566763878,0.152725100517,0.423840135336,-0.218935757875,0.0559883564711,0.424529999495,-0.231293037534,-0.0406505316496,0.4285184443,-0.240892380476,-0.139552861452,0.431542247534,-0.250276237726,-0.236592978239,0.435832470655,-0.258969753981,-0.357071429491,0.408471137285,-0.288988828659,-0.359338492155,0.473647803068,-0.306261003017,-0.359338492155
1776892335.67,0.425735533237,-0.174679175019,0.446479022503,0.421530455351,-0.181282892823,0.349720835686,0.422172755003,-0.196070060134,0.252082467079,0.424352139235,-0.210424348712,0.153300017118,0.427173823118,-0.224178686738,0.0567106455564,0.428403407335,-0.23637573421,-0.0403665453196,0.433329671621,-0.244757086039,-0.139229416847,0.437463194132,-0.252380281687,-0.236376553774,0.441203981638,-0.259523779154,-0.357002079487,0.41411486268,-0.290995568037,-0.359338492155,0.473709672689,-0.306414574385,-0.359338492155
1776892335.69,0.426754176617,-0.176741689444,0.446459919214,0.422405928373,-0.182435780764,0.350150167942,0.423463195562,-0.197627410293,0.252198040485,0.425901144743,-0.212146699429,0.153579175472,0.428963214159,-0.226158469915,0.0566893145442,0.430637210608,-0.237610578537,-0.0406625419855,0.435571581125,-0.245529413223,-0.13894122839,0.440041691065,-0.253094702959,-0.235876321793,0.444975286722,-0.259782344103,-0.357431262732,0.419827133417,-0.292838603258,-0.359338492155,0.473637074232,-0.306250482798,-0.359338492155
1776892335.7,0.428380012512,-0.180471986532,0.446400314569,0.424501746893,-0.185069695115,0.349955052137,0.426323145628,-0.200187280774,0.252129435539,0.428718537092,-0.214337110519,0.153030276299,0.432488650084,-0.228507325053,0.0568264201283,0.435175806284,-0.240575864911,-0.040135294199,0.441106647253,-0.247655183077,-0.139296680689,0.445987790823,-0.253288418055,-0.236988693476,0.451929956675,-0.260244309902,-0.356767296791,0.425598412752,-0.294520288706,-0.359338492155,0.473634392023,-0.306271106005,-0.359338492155
1776892335.72,0.429626554251,-0.183585867286,0.446331173182,0.416311234236,-0.170072987676,0.347816646099,0.414555877447,-0.175521448255,0.249141901731,0.413830727339,-0.18204459548,0.149688094854,0.413349241018,-0.190968990326,0.051996730268,0.411410361528,-0.203952550888,-0.044133991003,0.41179934144,-0.218657806516,-0.14310964942,0.410894244909,-0.237326219678,-0.237999022007,0.409940034151,-0.259747236967,-0.354857414961,0.431419998407,-0.296043068171,-0.359338492155,0.473589271307,-0.306311875582,-0.359338492155
1776892335.73,0.431603819132,-0.188921272755,0.446368247271,0.428311854601,-0.190362200141,0.349909842014,0.430426329374,-0.202794194221,0.251520752907,0.434026867151,-0.215355172753,0.152674645185,0.438678115606,-0.22819969058,0.0565922632813,0.441576331854,-0.239368095994,-0.0410065054893,0.448996573687,-0.247119799256,-0.139015644789,0.455227047205,-0.252982288599,-0.236694991589,0.461557716131,-0.26148301363,-0.356267482042,0.437284141779,-0.297409445047,-0.359338492155,0.473591119051,-0.306233763695,-0.359338492155
1776892335.75,0.433538913727,-0.194344073534,0.446354836226,0.425528854132,-0.186546340585,0.349963784218,0.427344113588,-0.200729697943,0.251449227333,0.430558532476,-0.21523436904,0.153429955244,0.434451907873,-0.228877961636,0.0568435564637,0.437072187662,-0.240092709661,-0.0407154262066,0.443712323904,-0.247624665499,-0.139483720064,0.449431568384,-0.254301577806,-0.235384792089,0.45430251956,-0.262121647596,-0.357354283333,0.443183928728,-0.298621863127,-0.359338492155,0.473602801561,-0.306252598763,-0.359338492155
1776892335.76,0.435660600662,-0.200460210443,0.446361035109,0.433476001024,-0.197543531656,0.349208682775,0.435905963182,-0.20588350296,0.251144886017,0.439995378256,-0.214294731617,0.150945350528,0.445187956095,-0.224358484149,0.0548451170325,0.448865264654,-0.234546989202,-0.0426045358181,0.456979960203,-0.242389068007,-0.140786528587,0.463240176439,-0.250060081482,-0.238045811653,0.473145335913,-0.258757054806,-0.355885833502,0.449113219976,-0.29968264699,-0.359338492155,0.473616927862,-0.306228518486,-0.359338492155
1776892335.78,0.438237071037,-0.20758806169,0.446479678154,0.43497928977,-0.200038358569,0.348981261253,0.438290923834,-0.207096099854,0.250073492527,0.442383438349,-0.213823854923,0.150818735361,0.447278231382,-0.222302988172,0.0540066286922,0.450998157263,-0.23157800734,-0.0435279905796,0.459462851286,-0.239758267999,-0.141647398472,0.466357678175,-0.248937487602,-0.239292085171,0.475615590811,-0.258769601583,-0.356530725956,0.455066591501,-0.300594061613,-0.359338492155,0.473599284887,-0.306280940771,-0.359338492155
1776892335.79,0.440552681684,-0.214287728071,0.446586191654,0.438958317041,-0.206278547645,0.348913788795,0.442632585764,-0.210184946656,0.250342607498,0.447193592787,-0.21399718523,0.150904148817,0.452532619238,-0.21923725307,0.0534843355417,0.456349521875,-0.226846456528,-0.0438471734524,0.464590162039,-0.235167145729,-0.14249882102,0.471617609262,-0.246181368828,-0.239301711321,0.48131492734,-0.258915305138,-0.356620013714,0.461039274931,-0.301358014345,-0.359338492155,0.47355261445,-0.306104749441,-0.359338492155
1776892335.81,0.443381309509,-0.221654683352,0.446833103895,0.441148132086,-0.209858119488,0.349103271961,0.444696992636,-0.211832359433,0.250376999378,0.44952532649,-0.213815972209,0.15024805069,0.455051213503,-0.217469125986,0.0529434755445,0.459514945745,-0.224866807461,-0.0440388321877,0.467474073172,-0.233117103577,-0.141756206751,0.474334925413,-0.244838625193,-0.238510042429,0.484063476324,-0.258477270603,-0.356444984674,0.46702709794,-0.30197635293,-0.359338492155,0.473592787981,-0.306278675795,-0.359338492155
1776892335.82,0.446439832449,-0.229126140475,0.447180300951,0.429932564497,-0.192447319627,0.349783539772,0.4322938025,-0.203932538629,0.25142800808,0.435785800219,-0.214998573065,0.152445748448,0.440501838923,-0.226938635111,0.0556619986892,0.444152206182,-0.238715007901,-0.0408599674702,0.451340168715,-0.245994776487,-0.140524506569,0.457875102758,-0.252723276615,-0.237232387066,0.467249661684,-0.257532387972,-0.355496883392,0.473026424646,-0.302450478077,-0.359338492155,0.473607808352,-0.306240260601,-0.359338492155
1776892335.84,0.449967980385,-0.236759051681,0.447538673878,0.448170691729,-0.220983803272,0.34973269701,0.452072530985,-0.218096211553,0.250942111015,0.457225590944,-0.214833572507,0.150649264455,0.462812632322,-0.215483799577,0.0536715686321,0.46722844243,-0.219782590866,-0.0442634373903,0.474861353636,-0.226748675108,-0.142435818911,0.481972306967,-0.239923998713,-0.239034533501,0.491310566664,-0.256400167942,-0.355703175068,0.479033857584,-0.302781611681,-0.359338492155,0.47370120883,-0.30622202158,-0.359338492155
1776892335.85,0.453422904015,-0.243717044592,0.447959750891,0.453200906515,-0.228857427835,0.349779784679,0.457226783037,-0.223111003637,0.251386284828,0.462741881609,-0.217576593161,0.151851579547,0.468090206385,-0.214992642403,0.054120182991,0.472773879766,-0.218860387802,-0.0425499677658,0.480480283499,-0.225799947977,-0.14177647233,0.486933141947,-0.237652346492,-0.238474369049,0.497231513262,-0.254717648029,-0.354447245598,0.485046416521,-0.3029704988,-0.359338492155,0.473637670279,-0.306256532669,-0.359338492155
1776892335.87,0.457137525082,-0.250017255545,0.448343425989,0.455445736647,-0.233587622643,0.3500867486,0.460060328245,-0.226390480995,0.251918375492,0.4651478827,-0.219487667084,0.152684107423,0.470584660769,-0.21629332006,0.054580360651,0.475249201059,-0.219003379345,-0.0426192879677,0.483032494783,-0.225032165647,-0.141860336065,0.489390522242,-0.236663401127,-0.238100707531,0.499620884657,-0.253566771746,-0.35423579812,0.491061240435,-0.303017705679,-0.359338492155,0.473752170801,-0.306325733662,-0.359338492155
1776892335.88,0.46094673872,-0.255755782127,0.448700666428,0.460410445929,-0.242270752788,0.3507604599,0.465594142675,-0.233637481928,0.25234401226,0.470677345991,-0.224894419312,0.152941375971,0.476547032595,-0.220067635179,0.0555673912168,0.48051276803,-0.221085697412,-0.0417611449957,0.488007634878,-0.225497990847,-0.140998631716,0.494160205126,-0.235804736614,-0.236562341452,0.503035783768,-0.248975783587,-0.35490873456,0.497075647116,-0.302923291922,-0.359338492155,0.473579913378,-0.306258827448,-0.359338492155
1776892335.9,0.465147584677,-0.260401815176,0.448986113071,0.463003486395,-0.246802210808,0.351092517376,0.468077152967,-0.237615630031,0.2530195117,0.473337382078,-0.228645965457,0.15350292623,0.479283720255,-0.223021507263,0.0559414625168,0.483202248812,-0.223482385278,-0.0408727228642,0.491185039282,-0.226876989007,-0.139385521412,0.496470302343,-0.234788939357,-0.236401408911,0.504668235779,-0.246814548969,-0.354722291231,0.503086805344,-0.302687048912,-0.359338492155,0.473606139421,-0.306216806173,-0.359338492155
1776892335.91,0.469211965799,-0.264040321112,0.449233919382,0.463003486395,-0.246802210808,0.351092517376,0.468077152967,-0.237615630031,0.2530195117,0.473337382078,-0.228645965457,0.15350292623,0.479283720255,-0.223021507263,0.0559414625168,0.483202248812,-0.223482385278,-0.0408727228642,0.491185039282,-0.226876989007,-0.139385521412,0.496470302343,-0.234788939357,-0.236401408911,0.504668235779,-0.246814548969,-0.354722291231,0.509091854095,-0.302308380604,-0.359338492155,0.473623305559,-0.306239753962,-0.359338492155
1776892335.93,0.473875492811,-0.266796171665,0.449333965778,0.463003486395,-0.246802210808,0.351092517376,0.468077152967,-0.237615630031,0.2530195117,0.473337382078,-0.228645965457,0.15350292623,0.479283720255,-0.223021507263,0.0559414625168,0.483202248812,-0.223482385278,-0.0408727228642,0.491185039282,-0.226876989007,-0.139385521412,0.496470302343,-0.234788939357,-0.236401408911,0.504668235779,-0.246814548969,-0.354722291231,0.515087723732,-0.301786333323,-0.359338492155,0.473585754633,-0.306273072958,-0.359338492155
1776892335.94,0.478426188231,-0.26844805479,0.449316352606,0.477702826262,-0.266797333956,0.352164119482,0.482544988394,-0.26097381115,0.253536045551,0.487517207861,-0.253190100193,0.153799936175,0.492252498865,-0.246182993054,0.0566631406546,0.495369940996,-0.240474432707,-0.0410725027323,0.502889275551,-0.235599696636,-0.138977050781,0.507627010345,-0.234870299697,-0.236194342375,0.514220714569,-0.233940437436,-0.355393648148,0.521070957184,-0.301119625568,-0.359338492155,0.473652750254,-0.306255191565,-0.359338492155
1776892335.96,0.484196394682,-0.269263714552,0.449294984341,0.480834335089,-0.270093768835,0.352321624756,0.485225707293,-0.265561372042,0.253402352333,0.489931672812,-0.258910983801,0.153789013624,0.49479714036,-0.251004487276,0.0563876628876,0.497821718454,-0.245373830199,-0.0407164394855,0.503540277481,-0.237953960896,-0.140345603228,0.509545445442,-0.235443219543,-0.236312747002,0.515603303909,-0.231061190367,-0.355137854815,0.527037739754,-0.300306737423,-0.359338492155,0.473635345697,-0.306245863438,-0.359338492155
1776892335.97,0.489080667496,-0.268835633993,0.449032902718,0.48717597127,-0.274580359459,0.352255761623,0.491322547197,-0.27332881093,0.25343555212,0.496702462435,-0.268997192383,0.155555158854,0.500080704689,-0.262691855431,0.0558973476291,0.502462625504,-0.254941701889,-0.0418557226658,0.507972836494,-0.244744867086,-0.139700055122,0.513590455055,-0.236704230309,-0.236225455999,0.519155740738,-0.225628897548,-0.354132384062,0.532983660698,-0.299345761538,-0.359338492155,0.473621875048,-0.306291341782,-0.359338492155
1776892335.99,0.494348317385,-0.26765692234,0.448787420988,0.490945190191,-0.27657571435,0.352609306574,0.49423751235,-0.276058733463,0.252645581961,0.498914450407,-0.273471832275,0.154339507222,0.503460407257,-0.267932355404,0.0572604835033,0.504778265953,-0.260412335396,-0.0413300395012,0.509465694427,-0.248116567731,-0.141363561153,0.514926195145,-0.238002315164,-0.23549169302,0.520851016045,-0.222891762853,-0.354467868805,0.538903713226,-0.298234671354,-0.359338492155,0.473701030016,-0.306380063295,-0.359338492155
1776892336,0.498259544373,-0.266142368317,0.448423743248,0.445839732885,-0.216988548636,0.349167585373,0.449246972799,-0.215514838696,0.250265717506,0.454531699419,-0.214026689529,0.150982931256,0.460161179304,-0.215364977717,0.0529820248485,0.464730888605,-0.221063762903,-0.0444436818361,0.472224146128,-0.228758215904,-0.143081724644,0.479340225458,-0.241173326969,-0.239353477955,0.489036291838,-0.257632493973,-0.355758845806,0.544792294502,-0.296971201897,-0.359338492155,0.473601788282,-0.30627939105,-0.359338492155
1776892336.02,0.505362808704,-0.262348145247,0.447862178087,0.501118421555,-0.278351277113,0.352036237717,0.504144310951,-0.282866507769,0.253273695707,0.507113218307,-0.283709436655,0.153341293335,0.50983941555,-0.280816107988,0.0557510182261,0.510973930359,-0.272854477167,-0.0426430255175,0.516879796982,-0.25778850913,-0.13901335001,0.520861744881,-0.240032717586,-0.232951641083,0.525969147682,-0.216421470046,-0.351762980223,0.550643086433,-0.295552968979,-0.359338492155,0.473612099886,-0.306381195784,-0.359338492155
1776892336.03,0.510342538357,-0.258726477623,0.447211682796,0.508148312569,-0.27695825696,0.351380348206,0.510526895523,-0.28364393115,0.252241253853,0.512585997581,-0.2875213027,0.153312340379,0.514844894409,-0.286307454109,0.0552082881331,0.515227079391,-0.279009670019,-0.0428774058819,0.519288063049,-0.26218059659,-0.141303300858,0.524514913559,-0.242886051536,-0.233359724283,0.528758645058,-0.213370323181,-0.350178807974,0.556448817253,-0.293977499008,-0.359338492155,0.473580747843,-0.306177407503,-0.359338492155
1776892336.05,0.516007840633,-0.253706455231,0.446489751339,0.511607170105,-0.275940656662,0.351413369179,0.513826966286,-0.283662378788,0.252504587173,0.515577197075,-0.288370043039,0.152932882309,0.517910599709,-0.288331776857,0.0552358776331,0.517742991447,-0.281138986349,-0.0427865386009,0.521299004555,-0.262906610966,-0.140694439411,0.5261105299,-0.242037236691,-0.232918351889,0.530772089958,-0.211712226272,-0.34895375371,0.562201499939,-0.292242318392,-0.359338492155,0.473566204309,-0.306074261665,-0.359338492155
1776892336.06,0.520854711533,-0.248627990484,0.4457680583,0.515233635902,-0.274308472872,0.351152002811,0.51707482338,-0.282826960087,0.252371490002,0.518738508224,-0.288425564766,0.153020516038,0.520492315292,-0.288962572813,0.0551223084331,0.520246267319,-0.282413095236,-0.0433889180422,0.522686243057,-0.263912558556,-0.142356663942,0.528062105179,-0.243175551295,-0.232605785131,0.532677054405,-0.210985377431,-0.349033206701,0.567891955376,-0.290344953537,-0.359338492155,0.473578184843,-0.306115090847,-0.359338492155
1776892336.08,0.525823771954,-0.24269156158,0.444814801216,0.522169351578,-0.269272297621,0.35053434968,0.523475050926,-0.279431670904,0.251390039921,0.524604558945,-0.28692099452,0.152230605483,0.525869488716,-0.288968265057,0.0547506511211,0.524549126625,-0.283542513847,-0.0433079004288,0.527164101601,-0.264920055866,-0.142371058464,0.531408190727,-0.242641299963,-0.232950478792,0.53573346138,-0.211171209812,-0.349595278502,0.57351064682,-0.288283139467,-0.359338492155,0.473450034857,-0.305988729,-0.359338492155
1776892336.09,0.530608177185,-0.236305072904,0.444003820419,0.528623700142,-0.262425869703,0.350044906139,0.53004014492,-0.274096399546,0.251203775406,0.530610203743,-0.282469987869,0.151616439223,0.531487226486,-0.285583466291,0.0543286129832,0.529987812042,-0.281143963337,-0.0442827492952,0.53121984005,-0.264494776726,-0.143009006977,0.535070300102,-0.24259005487,-0.234283834696,0.538203001022,-0.21250140667,-0.351228028536,0.579046368599,-0.286054730415,-0.359338492155,0.473218888044,-0.305612117052,-0.359338492155
1776892336.11,0.535365581512,-0.229141935706,0.44304767251,0.532405138016,-0.25861671567,0.349176287651,0.533165931702,-0.270424693823,0.250206828117,0.533763885498,-0.279666543007,0.151841744781,0.534261345863,-0.282954722643,0.0536992549896,0.532396912575,-0.278934806585,-0.044531673193,0.532835364342,-0.2624591887,-0.144316077232,0.537235021591,-0.242790281773,-0.235481798649,0.539627194405,-0.213967099786,-0.353098511696,0.58448767662,-0.283657878637,-0.359338492155,0.473517268896,-0.305929332972,-0.359338492155
1776892336.12,0.53953909874,-0.222076743841,0.442305237055,0.53863298893,-0.24926546216,0.347462117672,0.539360165596,-0.260960936546,0.24922645092,0.54006254673,-0.269900023937,0.149724155664,0.539895534515,-0.274106711149,0.0520092397928,0.537056803703,-0.27164593339,-0.0463185459375,0.537629008293,-0.257176995277,-0.146133601665,0.540915131569,-0.241788089275,-0.237203717232,0.542050480843,-0.216939345002,-0.356647610664,0.5898219347,-0.281091153622,-0.359338492155,0.47354015708,-0.305957615376,-0.359338492155
1776892336.14,0.542337477207,-0.216847792268,0.441750347614,0.494101732969,-0.277303755283,0.352204620838,0.497635275126,-0.278928279877,0.253357350826,0.50189268589,-0.277532815933,0.154057830572,0.50522518158,-0.272614777088,0.0559362396598,0.507340550423,-0.26508268714,-0.0415591746569,0.511610984802,-0.251250863075,-0.140657573938,0.514938473701,-0.238446548581,-0.237299650908,0.522971510887,-0.220513433218,-0.353532880545,0.595035552979,-0.278353482485,-0.359338492155,0.47373560071,-0.306309938431,-0.359338492155
1776892336.15,0.546547412872,-0.208065897226,0.440789759159,0.547291874886,-0.232661753893,0.345689356327,0.548382520676,-0.242063209414,0.246879026294,0.548815608025,-0.250353068113,0.147709369659,0.548567295074,-0.255585342646,0.0502882301807,0.546037197113,-0.256171405315,-0.0480413585901,0.547351717949,-0.249619811773,-0.145860165358,0.544971227646,-0.239689394832,-0.24447157979,0.54601585865,-0.224023446441,-0.362166970968,0.600114345551,-0.275444298983,-0.359338492155,0.473491460085,-0.305918961763,-0.359338492155
1776892336.17,0.549362361431,-0.201342701912,0.440189212561,0.550145864487,-0.226583361626,0.344970047474,0.551221489906,-0.235402792692,0.246296837926,0.551951646805,-0.242902055383,0.147131308913,0.551894068718,-0.24804662168,0.0496230572462,0.548538923264,-0.24988502264,-0.0491634905338,0.548200130463,-0.244789227843,-0.14916035533,0.547873258591,-0.238666072488,-0.244562119246,0.54711830616,-0.22658187151,-0.363465219736,0.605043411255,-0.27236366272,-0.359338492155,0.473538547754,-0.305887043476,-0.359338492155
1776892336.18,0.551750123501,-0.194883227348,0.439599633217,0.541409492493,-0.244126170874,0.346921831369,0.542528510094,-0.255500674248,0.248616740108,0.542922019958,-0.26454308629,0.149598509073,0.543080449104,-0.268770575523,0.051817022264,0.540454268456,-0.267431586981,-0.0466523617506,0.540467143059,-0.255429804325,-0.146619617939,0.542500019073,-0.240658551455,-0.239107042551,0.543098449707,-0.219022840261,-0.3583753407,0.609807014465,-0.269112229347,-0.359338492155,0.47349897027,-0.30597063899,-0.359338492155
1776892336.2,0.553511321545,-0.189347729087,0.439187020063,0.554400444031,-0.214823409915,0.34403181076,0.556177139282,-0.220272943377,0.245200335979,0.55724799633,-0.225841313601,0.145239979029,0.557090878487,-0.230682268739,0.047714099288,0.554395914078,-0.235248476267,-0.0501311272383,0.553402423859,-0.235202461481,-0.150187343359,0.551631331444,-0.235659062862,-0.246388792992,0.549843192101,-0.232665523887,-0.365819841623,0.614389419556,-0.265691459179,-0.359338492155,0.47356441617,-0.306043982506,-0.359338492155
1776892336.21,0.555105686188,-0.183503687382,0.438831984997,0.556659221649,-0.208894714713,0.34357303381,0.558327436447,-0.213140398264,0.244130969048,0.559848070145,-0.217335656285,0.144544959068,0.560161948204,-0.222077965736,0.0472694784403,0.557099461555,-0.227340862155,-0.0509253889322,0.556267023087,-0.230098634958,-0.15068128705,0.553882241249,-0.23361594975,-0.247107803822,0.551244854927,-0.236516088247,-0.366338580847,0.618774175644,-0.262103438377,-0.359338492155,0.473571628332,-0.306034207344,-0.359338492155
1776892336.23,0.556248188019,-0.178663104773,0.438649863005,0.560010433197,-0.1966047436,0.342479079962,0.562148451805,-0.198148906231,0.243373259902,0.564226508141,-0.20037445426,0.143975690007,0.564472675323,-0.204193174839,0.0459943711758,0.562623977661,-0.211731210351,-0.0509132891893,0.560857176781,-0.219270214438,-0.151147603989,0.557862281799,-0.230060309172,-0.247079640627,0.554318666458,-0.242546662688,-0.366502612829,0.622944712639,-0.258351176977,-0.359338492155,0.473575741053,-0.306065142155,-0.359338492155
1776892336.24,0.557076513767,-0.174017861485,0.438610374928,0.563180446625,-0.180704653263,0.341754436493,0.56661438942,-0.177776366472,0.242464408278,0.569109797478,-0.177167490125,0.143131926656,0.570600867271,-0.180877074599,0.0464953780174,0.568290114403,-0.190729409456,-0.0515838265419,0.567069172859,-0.204373031855,-0.15029284358,0.564300537109,-0.225067213178,-0.24478623271,0.55970287323,-0.249943241477,-0.362073749304,0.626884579659,-0.254438489676,-0.359338492155,0.473597198725,-0.306091994047,-0.359338492155
1776892336.26,0.557465910912,-0.17024166882,0.438577920198,0.564077496529,-0.176260277629,0.341645568609,0.567476868629,-0.172455206513,0.242695063353,0.57025372982,-0.170842453837,0.143132045865,0.572296857834,-0.1741887182,0.045430958271,0.570417046547,-0.184250205755,-0.0515691190958,0.568988084793,-0.200678735971,-0.149715512991,0.566153168678,-0.223483756185,-0.243518620729,0.562015771866,-0.252454966307,-0.359689444304,0.630577325821,-0.250369995832,-0.359338492155,0.473599642515,-0.306033194065,-0.359338492155
1776892336.27,0.557497262955,-0.165504068136,0.438494503498,0.564922809601,-0.16868725419,0.341255068779,0.568962216377,-0.162913024426,0.242307767272,0.572427034378,-0.159735530615,0.143128737807,0.574509501457,-0.16262820363,0.0455461069942,0.573801755905,-0.175006940961,-0.0509486943483,0.572531104088,-0.193677797914,-0.148578494787,0.569665551186,-0.220637276769,-0.241768181324,0.566088318825,-0.254867970943,-0.356635451317,0.634006977081,-0.246151208878,-0.359338492155,0.473602205515,-0.306038439274,-0.359338492155
1776892336.29,0.557181179523,-0.161947607994,0.438408225775,0.565048098564,-0.16540800035,0.341393083334,0.569428682327,-0.159259304404,0.242519974709,0.572948694229,-0.155437707901,0.142988920212,0.575335860252,-0.158096939325,0.0459390729666,0.57491838932,-0.170179456472,-0.0513646304607,0.574314713478,-0.190671160817,-0.148173749447,0.571642637253,-0.219311892986,-0.241286575794,0.568418979645,-0.255383729935,-0.355304658413,0.637158155441,-0.241788506508,-0.359338492155,0.473508745432,-0.306043088436,-0.359338492155
1776892336.3,0.556286752224,-0.157645493746,0.438190758228,0.564718127251,-0.159710288048,0.341236323118,0.569451332092,-0.153649866581,0.242735892534,0.573796749115,-0.149248316884,0.143265008926,0.577234864235,-0.151262521744,0.0456256195903,0.576831221581,-0.164391309023,-0.0509317666292,0.577403783798,-0.186514765024,-0.147738069296,0.575396895409,-0.217493131757,-0.240059971809,0.572981595993,-0.255762517452,-0.352960824966,0.640016078949,-0.237289041281,-0.359338492155,0.47352579236,-0.306032419205,-0.359338492155
1776892336.32,0.555160939693,-0.153730913997,0.438043028116,0.564029574394,-0.157138377428,0.34117436409,0.569544553757,-0.151109844446,0.242398887873,0.574271202087,-0.147000685334,0.142789840698,0.577539920807,-0.14901791513,0.0458661168814,0.577741265297,-0.162579730153,-0.0506162494421,0.578648924828,-0.185457020998,-0.147321283817,0.577188014984,-0.216285154223,-0.239431530237,0.575758457184,-0.255488008261,-0.352499365807,0.642566800117,-0.232660770416,-0.359338492155,0.473504394293,-0.30613732338,-0.359338492155
1776892336.33,0.553592681885,-0.149419918656,0.437831014395,0.562627196312,-0.152631908655,0.341219723225,0.568384408951,-0.147618889809,0.242291420698,0.573940396309,-0.144832760096,0.142838954926,0.57847237587,-0.148054599762,0.0459475517273,0.579435825348,-0.160764187574,-0.0509902536869,0.580892801285,-0.18341627717,-0.147814780474,0.580519914627,-0.214264422655,-0.239924639463,0.580352187157,-0.253216415644,-0.353492707014,0.644797563553,-0.22791236639,-0.359338492155,0.473555058241,-0.306075900793,-0.359338492155
1776892336.35,0.551852405071,-0.145500913262,0.437517136335,0.561452150345,-0.150147289038,0.340795725584,0.567909121513,-0.146601438522,0.241883605719,0.573607087135,-0.144600465894,0.142610892653,0.578495740891,-0.148100346327,0.0457641929388,0.579878568649,-0.161030724645,-0.0510624945164,0.582004666328,-0.182953283191,-0.148046344519,0.582393527031,-0.213465213776,-0.240443438292,0.58294916153,-0.252565979958,-0.353192687035,0.646696925163,-0.223053127527,-0.359338492155,0.473534673452,-0.306088387966,-0.359338492155
1776892336.36,0.54983496666,-0.141462370753,0.43714261055,0.558968782425,-0.146073266864,0.340638101101,0.565420866013,-0.145067110658,0.241975173354,0.57210278511,-0.145535945892,0.142191037536,0.578099250793,-0.150358140469,0.0454453751445,0.580896019936,-0.163554266095,-0.0514256954193,0.584273815155,-0.184200614691,-0.148374378681,0.585733771324,-0.212775930762,-0.241559773684,0.587889432907,-0.248361870646,-0.355558484793,0.64825463295,-0.218092948198,-0.359338492155,0.473596125841,-0.306033313274,-0.359338492155
1776892336.38,0.548130989075,-0.138211607933,0.436782449484,0.557762742043,-0.144362255931,0.340378671885,0.564227223396,-0.144688680768,0.241795644164,0.571145772934,-0.146328791976,0.141926705837,0.57738339901,-0.152030363679,0.0450313016772,0.580732822418,-0.165369302034,-0.0514905154705,0.585289239883,-0.185445442796,-0.148730307817,0.587453842163,-0.212516307831,-0.242493569851,0.590461730957,-0.246038362384,-0.356805145741,0.649461984634,-0.213042154908,-0.359338492155,0.473649054766,-0.305981099606,-0.359338492155
1776892336.39,0.544434309006,-0.132124304771,0.436036914587,0.554192185402,-0.141304880381,0.339759230614,0.5612616539,-0.144938006997,0.24129769206,0.56861281395,-0.149814411998,0.141930699348,0.575701475143,-0.157429352403,0.0452760159969,0.58047580719,-0.171543702483,-0.0512794703245,0.586627364159,-0.189540177584,-0.148672372103,0.590822339058,-0.212678343058,-0.243606477976,0.595372915268,-0.23909920454,-0.3605864048,0.650312066078,-0.207911461592,-0.359338492155,0.473719269037,-0.306364506483,-0.359338492155
1776892336.41,0.541876852512,-0.128501951694,0.435534238815,0.552336454391,-0.140077590942,0.339723587036,0.559529662132,-0.145301446319,0.240840256214,0.566922545433,-0.151624143124,0.141735196114,0.574919939041,-0.160602897406,0.044816814363,0.580055475235,-0.175006240606,-0.0511377602816,0.586800813675,-0.191161617637,-0.149791866541,0.59179520607,-0.211962580681,-0.244632154703,0.597672939301,-0.23594404757,-0.361973017454,0.650799274445,-0.202711850405,-0.359338492155,0.473626881838,-0.306169301271,-0.359338492155
1776892336.42,0.538462758064,-0.124370761216,0.43488779664,0.548333287239,-0.137111350894,0.338993370533,0.555811166763,-0.146521195769,0.240877985954,0.564182519913,-0.156757608056,0.1417786479,0.572778940201,-0.168144226074,0.045932367444,0.578869581223,-0.181525662541,-0.050870552659,0.5870449543,-0.19550947845,-0.149386554956,0.594517588615,-0.211583524942,-0.244433045387,0.602832794189,-0.228062435985,-0.363770037889,0.650920152664,-0.197454422712,-0.359338492155,0.473594933748,-0.306157708168,-0.359338492155
1776892336.44,0.534966886044,-0.120811536908,0.434384703636,0.546154737473,-0.135984659195,0.338794231415,0.554043769836,-0.147566542029,0.240953117609,0.562301516533,-0.159011438489,0.142418548465,0.571230173111,-0.171466737986,0.0460625216365,0.578201055527,-0.184853389859,-0.0506810843945,0.587480783463,-0.19702462852,-0.148381322622,0.595225214958,-0.210534989834,-0.244765043259,0.605570793152,-0.223941907287,-0.364079385996,0.65067255497,-0.192150309682,-0.359338492155,0.473619312048,-0.306451410055,-0.359338492155
1776892336.45,0.53123486042,-0.117729462683,0.433796495199,0.561267256737,-0.191011279821,0.342135071754,0.563903093338,-0.190832003951,0.242929369211,0.566044330597,-0.191755980253,0.143187716603,0.566859483719,-0.196000903845,0.0458583831787,0.564529061317,-0.204292908311,-0.0517076253891,0.562870740891,-0.214038804173,-0.150809526443,0.560540914536,-0.228379577398,-0.2464402318,0.55600810051,-0.245150834322,-0.364890158176,0.650056362152,-0.186810538173,-0.359338492155,0.473687976599,-0.306344926357,-0.359338492155
1776892336.47,0.527290463448,-0.11522256583,0.433415830135,0.541892290115,-0.134121373296,0.338663250208,0.550184607506,-0.14894169569,0.241059422493,0.558917880058,-0.163727387786,0.143143922091,0.568594455719,-0.177997618914,0.0469767600298,0.576235532761,-0.191185176373,-0.0493519753218,0.587517142296,-0.199958205223,-0.146875292063,0.597333192825,-0.208370506763,-0.244064629078,0.610280036926,-0.214435607195,-0.363801598549,0.649073004723,-0.181445971131,-0.359338492155,0.473564237356,-0.306202411652,-0.359338492155
1776892336.48,0.523197472095,-0.113275445998,0.432966977358,0.539278268814,-0.133068084717,0.33876490593,0.547996401787,-0.149236798286,0.24133041501,0.55751979351,-0.165936246514,0.14367389679,0.566910266876,-0.180490717292,0.0478027164936,0.575326561928,-0.192781239748,-0.0494462251663,0.587334752083,-0.200450673699,-0.146557182074,0.598157048225,-0.206916332245,-0.244106829166,0.612429261208,-0.210841447115,-0.363276571035,0.647725820541,-0.176067113876,-0.359338492155,0.473437339067,-0.306184619665,-0.359338492155
1776892336.5,0.518957138062,-0.11194999516,0.432658225298,0.531742334366,-0.129857555032,0.338227123022,0.541133165359,-0.149051234126,0.241685822606,0.551637530327,-0.167531713843,0.143977239728,0.562960147858,-0.182723626494,0.0487329289317,0.572631597519,-0.194335907698,-0.0484109371901,0.586633563042,-0.198385044932,-0.146407276392,0.600595831871,-0.200670331717,-0.243054240942,0.617720246315,-0.198046520352,-0.361416369677,0.646019339561,-0.170684084296,-0.359338492155,0.473628133535,-0.306161254644,-0.359338492155
1776892336.51,0.514815628529,-0.111134812236,0.432268828154,0.526197314262,-0.127133905888,0.337655156851,0.536181330681,-0.146849289536,0.240801006556,0.547429561615,-0.165363714099,0.143544122577,0.559807658195,-0.180959701538,0.0484289228916,0.571095705032,-0.192547827959,-0.0479281246662,0.586150527,-0.194793492556,-0.14630562067,0.601428627968,-0.195547997952,-0.242210924625,0.620699524879,-0.190186858177,-0.360676318407,0.643959999084,-0.165306508541,-0.359338492155,0.473652631044,-0.30634573102,-0.359338492155
1776892336.53,0.509695291519,-0.110714510083,0.431993454695,0.52287530899,-0.126043826342,0.337136864662,0.533633351326,-0.145202949643,0.241001546383,0.545404076576,-0.163771867752,0.143912002444,0.558350205421,-0.1794680655,0.0485250204802,0.570227622986,-0.19003406167,-0.0483640283346,0.586492300034,-0.192398622632,-0.145495444536,0.602165699005,-0.192089498043,-0.241893202066,0.621530652046,-0.186856716871,-0.360105037689,0.641555190086,-0.159943401814,-0.359338492155,0.473615199327,-0.306299626827,-0.359338492155
1776892336.54,0.505066156387,-0.110772907734,0.431615442038,0.516846299171,-0.123628161848,0.336678922176,0.528165459633,-0.140976130962,0.240092754364,0.540842413902,-0.157831460238,0.142533972859,0.555240273476,-0.172815039754,0.0478847622871,0.568372607231,-0.183374911547,-0.049252063036,0.586055040359,-0.185612395406,-0.146279841661,0.602474570274,-0.185231655836,-0.242491811514,0.623529791832,-0.180220022798,-0.360440671444,0.638813972473,-0.154603153467,-0.359338492155,0.473583191633,-0.306268692017,-0.359338492155
1776892336.56,0.501037597656,-0.1110381037,0.431413859129,0.513864278793,-0.122688651085,0.336347222328,0.525597572327,-0.138766661286,0.239132881165,0.538919329643,-0.153944119811,0.141330882907,0.553799986839,-0.167583733797,0.0465825051069,0.567851424217,-0.178090363741,-0.0494992136955,0.585400700569,-0.180943951011,-0.146815627813,0.60319173336,-0.181607976556,-0.24319049716,0.624217629433,-0.176924660802,-0.361008375883,0.635746240616,-0.1492934376,-0.359338492155,0.473585814238,-0.30627310276,-0.359338492155
1776892336.57,0.496396392584,-0.111532382667,0.431135028601,0.507857561111,-0.120481498539,0.335772544146,0.520439505577,-0.133488237858,0.237984493375,0.534900426865,-0.145843476057,0.139872714877,0.550464510918,-0.15717279911,0.0449815243483,0.565485596657,-0.166820019484,-0.050715431571,0.585117101669,-0.17039655149,-0.148158580065,0.603107452393,-0.172756671906,-0.244043469429,0.625100851059,-0.170889601111,-0.361791729927,0.632362961769,-0.14402115345,-0.359338492155,0.473620086908,-0.306288093328,-0.359338492155
1776892336.59,0.490942955017,-0.112217985094,0.431001454592,0.504952907562,-0.119219347835,0.335369467735,0.51849591732,-0.130770713091,0.237238407135,0.532493829727,-0.141392081976,0.139618977904,0.548878312111,-0.150893762708,0.0437648072839,0.564646840096,-0.160807624459,-0.05206130445,0.583955287933,-0.164423555136,-0.148886948824,0.602641940117,-0.168004691601,-0.244380772114,0.625430107117,-0.167748659849,-0.36248922348,0.628676056862,-0.138792440295,-0.359338492155,0.473481982946,-0.306226909161,-0.359338492155
1776892336.6,0.487200081348,-0.112635344267,0.430951565504,0.499579995871,-0.116538457572,0.334649503231,0.513472080231,-0.124469555914,0.236854106188,0.529065847397,-0.131736457348,0.138468727469,0.545568943024,-0.138274744153,0.0430333763361,0.561674714088,-0.145759493113,-0.053297445178,0.582470417023,-0.151450455189,-0.149944394827,0.601748228073,-0.157632768154,-0.244897097349,0.625026226044,-0.163417905569,-0.362221062183,0.62469792366,-0.133612602949,-0.359338492155,0.473670274019,-0.306373983622,-0.359338492155
1776892336.62,0.483105570078,-0.113091483712,0.431054055691,0.534299254417,-0.130905687809,0.338244795799,0.543828010559,-0.149544596672,0.241605460644,0.553510904312,-0.167366921902,0.143834397197,0.564183115959,-0.182612672448,0.0481100082397,0.573392510414,-0.194450601935,-0.0490295439959,0.586935758591,-0.199667662382,-0.146974086761,0.599864840508,-0.203241869807,-0.242954581976,0.616042017937,-0.201923280954,-0.362376362085,0.620441794395,-0.128486156464,-0.359338492155,0.473616749048,-0.306145727634,-0.359338492155
1776892336.63,0.479334414005,-0.113439209759,0.431260436773,0.494147092104,-0.113907046616,0.334412246943,0.509154200554,-0.118012107909,0.236659675837,0.52464056015,-0.121454395354,0.138270407915,0.542146205902,-0.125053688884,0.0424527823925,0.558636069298,-0.131600901484,-0.0536118447781,0.580123782158,-0.137927561998,-0.15079754591,0.599761962891,-0.14686870575,-0.245215624571,0.624507308006,-0.157468497753,-0.361908912659,0.615921139717,-0.123416759074,-0.359338492155,0.473417013884,-0.306189060211,-0.359338492155
1776892336.65,0.475934296846,-0.113639593124,0.431681245565,0.489208966494,-0.111041404307,0.3343937397,0.504510760307,-0.111216925085,0.236605420709,0.521179199219,-0.111226610839,0.138073459268,0.539137840271,-0.112960703671,0.0421841666102,0.555781006813,-0.117940761149,-0.0543630421162,0.576973676682,-0.125361442566,-0.149922698736,0.597256064415,-0.136776208878,-0.244270324707,0.622092485428,-0.151352405548,-0.361285328865,0.611149787903,-0.118407294154,-0.359338492155,0.473622053862,-0.306287825108,-0.359338492155
1776892336.66,0.472875207663,-0.113570079207,0.432204335928,0.484444350004,-0.108264751732,0.334867298603,0.499934107065,-0.104757994413,0.236811697483,0.517176151276,-0.101951889694,0.13847784698,0.53554558754,-0.101563252509,0.0433075800538,0.551636338234,-0.105099238455,-0.0526642650366,0.573043823242,-0.113819167018,-0.149097949266,0.593689322472,-0.127235651016,-0.243503153324,0.619018673897,-0.143820479512,-0.35943672061,0.606141924858,-0.113459818065,-0.359338492155,0.473629921675,-0.306253820658,-0.359338492155
1776892336.68,0.470305591822,-0.113277792931,0.432879835367,0.481998711824,-0.106643609703,0.334712922573,0.497886508703,-0.102071434259,0.23748087883,0.514678835869,-0.0972189232707,0.139200240374,0.533130764961,-0.0964746698737,0.0430825427175,0.550668597221,-0.100400857627,-0.0530588626862,0.571686506271,-0.108368992805,-0.148827016354,0.59178185463,-0.122931025922,-0.242450714111,0.617127537727,-0.140259623528,-0.360062330961,0.600911617279,-0.108575642109,-0.359338492155,0.473667114973,-0.306248396635,-0.359338492155
1776892336.69,0.468116819859,-0.112722977996,0.433640867472,0.478264778852,-0.104563102126,0.335983991623,0.493343263865,-0.0970386713743,0.237989872694,0.510272979736,-0.0907827839255,0.139995276928,0.528502583504,-0.0882690325379,0.0458036735654,0.545677065849,-0.0911392569542,-0.0513898730278,0.566865563393,-0.0993311852217,-0.148553609848,0.587861061096,-0.113648496568,-0.241935491562,0.6126486063,-0.131371214986,-0.358232527971,0.595473051071,-0.103755325079,-0.359338492155,0.473650723696,-0.306199222803,-0.359338492155
1776892336.71,0.466249138117,-0.111849866807,0.434493482113,0.47639593482,-0.103489004076,0.336395919323,0.491370409727,-0.0950668230653,0.238540247083,0.507908344269,-0.0880263149738,0.140133529902,0.526694059372,-0.0849420428276,0.045563519001,0.543253302574,-0.0877320468426,-0.0507367402315,0.565110206604,-0.0958412587643,-0.147148489952,0.585734844208,-0.109263308346,-0.241320282221,0.610525369644,-0.127332314849,-0.357149630785,0.58984041214,-0.0989987254143,-0.359338492155,0.473650366068,-0.306306660175,-0.359338492155
1776892336.72,0.464717924595,-0.110697135329,0.4352196455,0.473291486502,-0.101450696588,0.337359905243,0.487686902285,-0.0924488902092,0.239580839872,0.50390458107,-0.0847042575479,0.142122983932,0.521986484528,-0.0805132389069,0.0467423573136,0.539081811905,-0.0825167149305,-0.0497198998928,0.56000328064,-0.089156024158,-0.145787268877,0.580054402351,-0.101686470211,-0.241183102131,0.605105161667,-0.11668921262,-0.357513815165,0.584027528763,-0.0943050310016,-0.359338492155,0.47357621789,-0.306260675192,-0.359338492155
1776892336.74,0.463557869196,-0.109361946583,0.435858815908,0.491676360369,-0.112383469939,0.334501564503,0.506873250008,-0.114469513297,0.23647493124,0.523743033409,-0.116393886507,0.137773111463,0.54043340683,-0.11910635978,0.0427355542779,0.55728662014,-0.12448335439,-0.0537024140358,0.578118562698,-0.131050676107,-0.150152891874,0.598650693893,-0.1419852525,-0.244841516018,0.623149394989,-0.154311940074,-0.36148545146,0.578048348427,-0.0896728187799,-0.359338492155,0.473625928164,-0.30624127388,-0.359338492155
1776892336.75,0.462574124336,-0.107517823577,0.436612546444,0.470127612352,-0.0998620614409,0.338913619518,0.483205169439,-0.0912073627114,0.240575790405,0.498226314783,-0.0837757959962,0.142517954111,0.514746189117,-0.0783530026674,0.0471098721027,0.530791044235,-0.0782312974334,-0.0489159822464,0.551458001137,-0.081589885056,-0.145871937275,0.571047306061,-0.0900739207864,-0.240663528442,0.595607995987,-0.0997814759612,-0.358075201511,0.571916103363,-0.0851000845432,-0.359338492155,0.473712414503,-0.306388616562,-0.359338492155
1776892336.77,0.461964458227,-0.105571493506,0.437142759562,0.469200760126,-0.0994743555784,0.339189350605,0.48193743825,-0.0915839970112,0.241327136755,0.496422201395,-0.0835940390825,0.144178599119,0.512632608414,-0.0788114592433,0.0476829633117,0.527365326881,-0.0774546787143,-0.0494741350412,0.548069834709,-0.0797887146473,-0.145668387413,0.567805886269,-0.0866266861558,-0.241241455078,0.592109203339,-0.0938706770539,-0.358602076769,0.56564438343,-0.0805842727423,-0.359338492155,0.473771840334,-0.306340366602,-0.359338492155
1776892336.78,0.46152177453,-0.103184387088,0.437598824501,0.471014410257,-0.100277803838,0.338394582272,0.484471827745,-0.091424934566,0.240605056286,0.499828130007,-0.0836308822036,0.142987549305,0.516678094864,-0.0783752724528,0.0477845668793,0.53289949894,-0.078869342804,-0.0497268289328,0.554394483566,-0.0833072662354,-0.145806729794,0.574108719826,-0.093819797039,-0.241020262241,0.599003076553,-0.106234997511,-0.357783526182,0.559245944023,-0.0761223584414,-0.359338492155,0.473488301039,-0.30619725585,-0.359338492155
1776892336.8,0.46133440733,-0.100470565259,0.437936306,0.467542380095,-0.0978213474154,0.339900583029,0.479514747858,-0.0929596349597,0.241571575403,0.492158025503,-0.0874339714646,0.143564596772,0.505927562714,-0.0820617973804,0.0477887019515,0.519256591797,-0.0785509720445,-0.0500696152449,0.538123250008,-0.0758675560355,-0.146658241749,0.55713558197,-0.0770214051008,-0.242165595293,0.580904364586,-0.0764495059848,-0.359356433153,0.552733421326,-0.0717108696699,-0.359338492155,0.473758727312,-0.306399941444,-0.359338492155
1776892336.81,0.461372762918,-0.0975087881088,0.438203454018,0.466610938311,-0.096361450851,0.34080812335,0.477826267481,-0.0934506133199,0.242124676704,0.489181548357,-0.0889847502112,0.143100187182,0.502074837685,-0.0848996937275,0.0478223487735,0.514477491379,-0.0803453326225,-0.0494172722101,0.53184223175,-0.0741867125034,-0.147818863392,0.54920566082,-0.0708256959915,-0.242694467306,0.57138299942,-0.0636415630579,-0.360148459673,0.546119332314,-0.067345932126,-0.359338492155,0.473526746035,-0.306391894817,-0.359338492155
1776892336.83,0.461688876152,-0.0937447324395,0.438458442688,0.466124743223,-0.0955733433366,0.340933144093,0.477047890425,-0.0933689251542,0.242076277733,0.487794905901,-0.0902691483498,0.143414795399,0.501106739044,-0.0861166417599,0.0470789968967,0.51181268692,-0.0811483636498,-0.0502049326897,0.528811812401,-0.0737966969609,-0.147597759962,0.545460700989,-0.0679616108537,-0.242980837822,0.566724538803,-0.0578864589334,-0.36038979888,0.539415478706,-0.0630233213305,-0.359338492155,0.473544031382,-0.306364804506,-0.359338492155
1776892336.84,0.462118238211,-0.0905561074615,0.438643753529,0.465677648783,-0.0930095389485,0.34111571312,0.475478202105,-0.0931618586183,0.242196545005,0.485809355974,-0.0915799513459,0.143777772784,0.497255474329,-0.0881905630231,0.0466268360615,0.507336616516,-0.0825800448656,-0.0497954338789,0.523414373398,-0.0726521536708,-0.14651042223,0.537678718567,-0.0622928105295,-0.243136882782,0.556067228317,-0.0457310192287,-0.360309720039,0.532633781433,-0.0587384961545,-0.359338492155,0.473559170961,-0.30638808012,-0.359338492155
1776892336.86,0.46278911829,-0.0865270197392,0.43886166811,0.465543657541,-0.0918320715427,0.34134966135,0.474953204393,-0.0924067720771,0.242123261094,0.484575122595,-0.0916424170136,0.143617898226,0.495260924101,-0.0879910737276,0.0463124215603,0.505237817764,-0.0826468318701,-0.0507048815489,0.519972801208,-0.0715355724096,-0.147769927979,0.534209132195,-0.0594186298549,-0.243004590273,0.550522208214,-0.0408744439483,-0.360210895538,0.525785684586,-0.0544866584241,-0.359338492155,0.473610728979,-0.306573390961,-0.359338492155
1776892336.87,0.463586688042,-0.0821531638503,0.439070105553,0.465318709612,-0.0879733636975,0.34146541357,0.473750442266,-0.0901606976986,0.242470979691,0.482339709997,-0.0900936275721,0.143181160092,0.492185920477,-0.0875716805458,0.0466172099113,0.50094461441,-0.0818841829896,-0.050831720233,0.514248251915,-0.0686345994473,-0.147653222084,0.525955200195,-0.053712643683,-0.242909550667,0.538682818413,-0.0306576881558,-0.359589010477,0.518882393837,-0.0502627678216,-0.359338492155,0.473762005568,-0.306759297848,-0.359338492155
1776892336.89,0.464422821999,-0.0774505138397,0.43918928504,0.465490192175,-0.0860855951905,0.341688245535,0.473617464304,-0.0889271199703,0.24259069562,0.481447666883,-0.088988378644,0.143738791347,0.491107314825,-0.087092012167,0.0468456596136,0.499031811953,-0.0800219103694,-0.0501737594604,0.511021375656,-0.0667460337281,-0.147498011589,0.521527886391,-0.0502913072705,-0.243108391762,0.532718539238,-0.0258198883384,-0.359217733145,0.511934995651,-0.0460616052151,-0.359338492155,0.474037498236,-0.306834220886,-0.359338492155
1776892336.9,0.465036213398,-0.0738199353218,0.439257830381,0.466182380915,-0.081076361239,0.341934025288,0.473278194666,-0.084361359477,0.242744073272,0.480057984591,-0.0851786062121,0.143571719527,0.488076657057,-0.0833338052034,0.0473650544882,0.494267910719,-0.0762024074793,-0.050826638937,0.504330515862,-0.0612028054893,-0.147537916899,0.512438178062,-0.0435971803963,-0.243143886328,0.521121621132,-0.0177960954607,-0.359259188175,0.504954338074,-0.0418777950108,-0.359338492155,0.474381417036,-0.307132542133,-0.359338492155
1776892336.92,0.466176211834,-0.0666919648647,0.439376473427,0.466793447733,-0.0783815830946,0.341999650002,0.473140388727,-0.0818357542157,0.243020817637,0.479447573423,-0.0826142951846,0.143709689379,0.486480742693,-0.0799177139997,0.0459293201566,0.491558104753,-0.0732444152236,-0.0512373298407,0.500798225403,-0.0582604371011,-0.14772555232,0.507930517197,-0.0404944457114,-0.243662834167,0.514831066132,-0.0144054396078,-0.360015273094,0.497951060534,-0.0377058498561,-0.359338492155,0.474288254976,-0.307342141867,-0.359338492155
1776892336.94,0.466944724321,-0.0616032592952,0.439366042614,0.467485398054,-0.071621991694,0.342070817947,0.473127812147,-0.0748688429594,0.243015915155,0.478336304426,-0.0757383927703,0.143436983228,0.48397770524,-0.0733132511377,0.0463877990842,0.486559897661,-0.0651068240404,-0.0514760315418,0.493772894144,-0.0501082353294,-0.147979617119,0.497971206903,-0.0334140919149,-0.244006574154,0.502987980843,-0.00772432051599,-0.36121442914,0.490935951471,-0.0335402116179,-0.359338492155,0.474393516779,-0.307761818171,-0.359338492155
1776892336.95,0.467786073685,-0.0554756820202,0.439322084188,0.468192487955,-0.0676937922835,0.341871082783,0.473529428244,-0.0712074264884,0.243190065026,0.477890640497,-0.0714925676584,0.14356482029,0.482690244913,-0.0689533427358,0.0465814545751,0.484638959169,-0.0613669417799,-0.0505159795284,0.490034073591,-0.0458314456046,-0.148528546095,0.492699176073,-0.0295018218458,-0.244663596153,0.496745437384,-0.00491818226874,-0.361689537764,0.483919531107,-0.029375275597,-0.359338492155,0.474297612906,-0.308107852936,-0.359338492155
1776892336.96,0.468504428864,-0.0495636388659,0.439198076725,0.468984514475,-0.0595952309668,0.341917276382,0.473507016897,-0.0617569796741,0.24298581481,0.476737350225,-0.0613038949668,0.143504470587,0.478751629591,-0.0574916303158,0.0458928644657,0.478926986456,-0.0503724738955,-0.0512939244509,0.482214182615,-0.0361394435167,-0.149702608585,0.483240574598,-0.0215852633119,-0.244968354702,0.48445430398,-0.000586047768593,-0.363522350788,0.476912289858,-0.0252054333687,-0.359338492155,0.474371045828,-0.307566642761,-0.359338492155
1776892336.98,0.468971282244,-0.0451554358006,0.439075767994,0.46949800849,-0.0551745593548,0.341872692108,0.473415702581,-0.0563518367708,0.242421537638,0.475721031427,-0.0552190542221,0.143456548452,0.477101415396,-0.0513351298869,0.0455363839865,0.476306825876,-0.0450654439628,-0.0510959625244,0.477820187807,-0.0313900858164,-0.150475531816,0.478025227785,-0.0178545378149,-0.246494829655,0.478351145983,0.00178417004645,-0.364581078291,0.469925016165,-0.0210251081735,-0.359338492155,0.474704533815,-0.307163506746,-0.359338492155
1776892336.99,0.469684451818,-0.0375365279615,0.4388628304,0.469481557608,-0.0505079962313,0.34197512269,0.472965806723,-0.0508207604289,0.24282965064,0.474677532911,-0.048701684922,0.143099486828,0.475212961435,-0.0448780246079,0.0456114113331,0.473855286837,-0.0386392138898,-0.0515978336334,0.473868101835,-0.0261807963252,-0.150377303362,0.473628073931,-0.0142350802198,-0.246177226305,0.472136169672,0.00410296348855,-0.365627676249,0.46296826005,-0.016828790307,-0.359338492155,0.473720818758,-0.306352347136,-0.359338492155
1776892337.01,0.470175027847,-0.0319542177022,0.43867841363,0.469085246325,-0.0407689884305,0.341576576233,0.471363693476,-0.0385935232043,0.242043018341,0.471997469664,-0.0351304747164,0.142989367247,0.471275538206,-0.0309171173722,0.0453112497926,0.467954188585,-0.0258099045604,-0.0515013635159,0.466012984514,-0.0159294754267,-0.151255905628,0.46381816268,-0.00705160247162,-0.247551262379,0.459938317537,0.00667069479823,-0.367195278406,0.456052929163,-0.0126110790297,-0.359338492155,0.474088221788,-0.305540084839,-0.359338492155
1776892337.02,0.470688045025,-0.0255506355315,0.43853327632,0.468255788088,-0.0305550061166,0.341123729944,0.469375163317,-0.0261717997491,0.242001831532,0.46895262599,-0.021290961653,0.143068447709,0.466858118773,-0.0160815753043,0.0449202284217,0.46258482337,-0.0115597415715,-0.0521021187305,0.459128767252,-0.00453616399318,-0.151143103838,0.454271286726,0.00104738678783,-0.248214244843,0.448101311922,0.00928869470954,-0.368093311787,0.449189990759,-0.00836670771241,-0.359338492155,0.473077446222,-0.305004805326,-0.359338492155
1776892337.04,0.471117287874,-0.0194123517722,0.438389927149,0.468255788088,-0.0305550061166,0.341123729944,0.469375163317,-0.0261717997491,0.242001831532,0.46895262599,-0.021290961653,0.143068447709,0.466858118773,-0.0160815753043,0.0449202284217,0.46258482337,-0.0115597415715,-0.0521021187305,0.459128767252,-0.00453616399318,-0.151143103838,0.454271286726,0.00104738678783,-0.248214244843,0.448101311922,0.00928869470954,-0.368093311787,0.442390590906,-0.00409059040248,-0.359338492155,0.472243517637,-0.304099082947,-0.359338492155
1776892337.05,0.471498668194,-0.0128603456542,0.438254863024,0.468255788088,-0.0305550061166,0.341123729944,0.469375163317,-0.0261717997491,0.242001831532,0.46895262599,-0.021290961653,0.143068447709,0.466858118773,-0.0160815753043,0.0449202284217,0.46258482337,-0.0115597415715,-0.0521021187305,0.459128767252,-0.00453616399318,-0.151143103838,0.454271286726,0.00104738678783,-0.248214244843,0.448101311922,0.00928869470954,-0.368093311787,0.435666233301,0.000222137197852,-0.359338492155,0.470057994127,-0.301599025726,-0.359338492155
1776892337.07,0.471739321947,-0.00668031955138,0.438186019659,0.469477087259,-0.04548477754,0.341306984425,0.472349077463,-0.0447811670601,0.242313146591,0.473442226648,-0.042440790683,0.14327801764,0.473437815905,-0.0385231785476,0.0460792556405,0.471431881189,-0.0327321514487,-0.0513354837894,0.470442503691,-0.0212903823704,-0.150545746088,0.468759328127,-0.0101613886654,-0.246946811676,0.465861707926,0.00508482288569,-0.3660145998,0.42902854085,0.00457608373836,-0.359338492155,0.474511951208,-0.305996656418,-0.359338492155
1776892337.08,0.471868604422,-0.000260001950664,0.438059955835,0.469477087259,-0.04548477754,0.341306984425,0.472349077463,-0.0447811670601,0.242313146591,0.473442226648,-0.042440790683,0.14327801764,0.473437815905,-0.0385231785476,0.0460792556405,0.471431881189,-0.0327321514487,-0.0513354837894,0.470442503691,-0.0212903823704,-0.150545746088,0.468759328127,-0.0101613886654,-0.246946811676,0.465861707926,0.00508482288569,-0.3660145998,0.422489494085,0.0089755570516,-0.359338492155,0.46837028861,-0.29965415597,-0.359338492155
1776892337.1,0.471847325563,0.00637571373954,0.437919795513,0.469477087259,-0.04548477754,0.341306984425,0.472349077463,-0.0447811670601,0.242313146591,0.473442226648,-0.042440790683,0.14327801764,0.473437815905,-0.0385231785476,0.0460792556405,0.471431881189,-0.0327321514487,-0.0513354837894,0.470442503691,-0.0212903823704,-0.150545746088,0.468759328127,-0.0101613886654,-0.246946811676,0.465861707926,0.00508482288569,-0.3660145998,0.416061371565,0.0134245231748,-0.359338492155,0.462184101343,-0.292201310396,-0.359338492155
1776892337.11,0.471681058407,0.0132063245401,0.437779396772,0.469477087259,-0.04548477754,0.341306984425,0.472349077463,-0.0447811670601,0.242313146591,0.473442226648,-0.042440790683,0.14327801764,0.473437815905,-0.0385231785476,0.0460792556405,0.471431881189,-0.0327321514487,-0.0513354837894,0.470442503691,-0.0212903823704,-0.150545746088,0.468759328127,-0.0101613886654,-0.246946811676,0.465861707926,0.00508482288569,-0.3660145998,0.409756690264,0.0179265569896,-0.359338492155,0.457272738218,-0.285640239716,-0.359338492155
1776892337.13,0.471381694078,0.0198129341006,0.437622219324,0.469477087259,-0.04548477754,0.341306984425,0.472349077463,-0.0447811670601,0.242313146591,0.473442226648,-0.042440790683,0.14327801764,0.473437815905,-0.0385231785476,0.0460792556405,0.471431881189,-0.0327321514487,-0.0513354837894,0.470442503691,-0.0212903823704,-0.150545746088,0.468759328127,-0.0101613886654,-0.246946811676,0.465861707926,0.00508482288569,-0.3660145998,0.403588443995,0.0224848054349,-0.359338492155,0.454515367746,-0.281599193811,-0.359338492155
1776892337.14,0.470878392458,0.0274615455419,0.437381386757,0.463318139315,0.0202998127788,0.340689599514,0.456088453531,0.0294431224465,0.241981774569,0.447251647711,0.0379020646214,0.143592700362,0.437110751867,0.043714389205,0.0472773164511,0.42454507947,0.044738650322,-0.0500363856554,0.414554089308,0.0426719971001,-0.149571120739,0.403981178999,0.0345826148987,-0.245417118073,0.391473740339,0.0240971408784,-0.364144235849,0.397569686174,0.0271019395441,-0.359338492155,0.464641004801,-0.295230805874,-0.359338492155
1776892337.16,0.47021394968,0.035156134516,0.437133073807,0.462931185961,0.0246000047773,0.340425550938,0.454925388098,0.0330005064607,0.241856127977,0.444985717535,0.0406008176506,0.143961846828,0.434451073408,0.046167217195,0.0471748784184,0.421883255243,0.046398807317,-0.0495522916317,0.410805255175,0.0447599068284,-0.149124532938,0.3990881145,0.0375237204134,-0.246742874384,0.387190133333,0.0263967700303,-0.364138394594,0.391713947058,0.0317801050842,-0.359338492155,0.449643105268,-0.274035543203,-0.359338492155
1776892337.17,0.469580858946,0.0413545668125,0.436902999878,0.460696727037,0.0367034077644,0.340088009834,0.450884193182,0.042670737952,0.241365432739,0.439619451761,0.0476800873876,0.142956525087,0.427110046148,0.0512004122138,0.0461999773979,0.413383752108,0.0505318716168,-0.0500493198633,0.400986999273,0.0486593469977,-0.149496763945,0.388292640448,0.0417536981404,-0.24532237649,0.374032348394,0.0340844839811,-0.36381611228,0.386034935713,0.0365208759904,-0.359338492155,0.441585868597,-0.260020583868,-0.359338492155
1776892337.19,0.468770593405,0.0484340637922,0.436592936516,0.459577649832,0.040579661727,0.340121924877,0.449328750372,0.0453618690372,0.241509944201,0.437702685595,0.0493612289429,0.14284735918,0.424969345331,0.0519349686801,0.0458074659109,0.410696476698,0.0509860701859,-0.0497076511383,0.398125737906,0.0494680330157,-0.149429857731,0.384894102812,0.0433124825358,-0.245971649885,0.370161741972,0.0364911332726,-0.364155560732,0.380546540022,0.0413252264261,-0.359338492155,0.438861340284,-0.254853516817,-0.359338492155
1776892337.2,0.467780739069,0.0559594556689,0.436275064945,0.457385808229,0.048190202564,0.339749574661,0.446367591619,0.0507714599371,0.240629836917,0.43396422267,0.0525738932192,0.142424076796,0.42097517848,0.0534536652267,0.0449420586228,0.406212538481,0.0513156689703,-0.0501987785101,0.392964988947,0.0500736497343,-0.14849331975,0.37854257226,0.0463001802564,-0.246408939362,0.362471610308,0.0423976443708,-0.364293426275,0.375262826681,0.0461934618652,-0.359338492155,0.43328872323,-0.244576632977,-0.359338492155
1776892337.22,0.466734975576,0.0628234818578,0.435894787312,0.456373125315,0.0516504496336,0.339456707239,0.444804996252,0.0528318695724,0.240938842297,0.432350367308,0.053723230958,0.142669454217,0.419243901968,0.0537693426013,0.0459997281432,0.404665082693,0.0512879490852,-0.0506755560637,0.391581982374,0.0507570318878,-0.148968338966,0.374930292368,0.0484435334802,-0.247605770826,0.35872861743,0.0454928912222,-0.364413142204,0.370198041201,0.0511252060533,-0.359338492155,0.42995801568,-0.239034220576,-0.359338492155
1776892337.23,0.465670615435,0.0689832866192,0.435462027788,0.454332500696,0.0586763769388,0.33910036087,0.442333847284,0.0574724562466,0.240680381656,0.4293179214,0.0561670847237,0.142185389996,0.416543394327,0.0540249757469,0.0452785491943,0.400756627321,0.0515648163855,-0.0502995997667,0.386882275343,0.0518887601793,-0.149730205536,0.370992511511,0.0490657128394,-0.246306478977,0.352245002985,0.051380302757,-0.363911420107,0.365366250277,0.056119337678,-0.359338492155,0.423453480005,-0.228646352887,-0.359338492155
1776892337.25,0.464369893074,0.0758004337549,0.434947788715,0.453660458326,0.0620727539062,0.338853001595,0.441312819719,0.0595396161079,0.240469276905,0.428167253733,0.0570437423885,0.142303779721,0.414740532637,0.0545406378806,0.0457029864192,0.399335950613,0.0518154203892,-0.0504171550274,0.384941071272,0.0524293333292,-0.149030715227,0.367539435625,0.052372764796,-0.24694481492,0.348967760801,0.0536976642907,-0.36383253336,0.36078158021,0.0611739829183,-0.359338492155,0.419915527105,-0.223154276609,-0.359338492155
1776892337.26,0.463085204363,0.0820103734732,0.434449464083,0.451682716608,0.0687462687492,0.338417679071,0.439585894346,0.0639675483108,0.240044623613,0.426271528006,0.0595939904451,0.141744226217,0.412132412195,0.0562481954694,0.0453814268112,0.395970255136,0.0534841902554,-0.0508640557528,0.380756407976,0.0545647740364,-0.149218350649,0.364310234785,0.0549830272794,-0.245453119278,0.343626469374,0.0594487823546,-0.363438159227,0.356458038092,0.0662864819169,-0.359338492155,0.412056058645,-0.212907060981,-0.359338492155
1776892337.28,0.46212553978,0.0863492190838,0.434046983719,0.450999766588,0.0717467293143,0.338015526533,0.438809603453,0.0663730725646,0.239783644676,0.425338357687,0.0614114031196,0.14178571105,0.411135107279,0.0577820017934,0.0445348694921,0.394715636969,0.0545380525291,-0.050588876009,0.379555612803,0.0563072785735,-0.14873945713,0.361854225397,0.056386616081,-0.24513182044,0.340952128172,0.062036126852,-0.363197386265,0.352409154177,0.0714533552527,-0.359338492155,0.408089011908,-0.208178639412,-0.359338492155
1776892337.29,0.460386544466,0.093692317605,0.433359593153,0.449460357428,0.0782953351736,0.337457716465,0.437535315752,0.0715727731586,0.239344015718,0.423832565546,0.0657905861735,0.141059786081,0.409078329802,0.0614060088992,0.0445964261889,0.391789287329,0.0579456053674,-0.0508061498404,0.376095622778,0.0602009817958,-0.149775743484,0.357939273119,0.0603668689728,-0.24522960186,0.337143033743,0.0669726580381,-0.363562464714,0.348648220301,0.0766703188419,-0.359338492155,0.399843364954,-0.199078306556,-0.359338492155
1776892337.32,0.45836558938,0.101282998919,0.43261012435,0.447795420885,0.0854419097304,0.336773514748,0.435846954584,0.0781263187528,0.238643944263,0.422276288271,0.0716454014182,0.140254944563,0.407364338636,0.0664534345269,0.0439401268959,0.389823406935,0.0629749745131,-0.0513458102942,0.372659236193,0.0653651058674,-0.150111734867,0.354253441095,0.0664395689964,-0.24702423811,0.333473771811,0.0717961639166,-0.364311426878,0.345187932253,0.0819322541356,-0.359338492155,0.391567379236,-0.190880015492,-0.359338492155
1776892337.32,0.457629233599,0.103769376874,0.432330578566,0.446786910295,0.089034229517,0.336471945047,0.434842914343,0.0811816006899,0.238307654858,0.421541780233,0.0746946409345,0.140134170651,0.406182736158,0.0695396214724,0.0436634942889,0.38856741786,0.0661516040564,-0.0518552809954,0.371687978506,0.0677278265357,-0.15008738637,0.353506714106,0.0679787546396,-0.245864182711,0.332072943449,0.0738843679428,-0.364512950182,0.342040270567,0.0872332379222,-0.359338492155,0.387650221586,-0.187370508909,-0.359338492155
1776892337.34,0.456161826849,0.108337134123,0.431832134724,0.446786910295,0.089034229517,0.336471945047,0.434842914343,0.0811816006899,0.238307654858,0.421541780233,0.0746946409345,0.140134170651,0.406182736158,0.0695396214724,0.0436634942889,0.38856741786,0.0661516040564,-0.0518552809954,0.371687978506,0.0677278265357,-0.15008738637,0.353506714106,0.0679787546396,-0.245864182711,0.332072943449,0.0738843679428,-0.364512950182,0.339216440916,0.0925665423274,-0.359338492155,0.38400182128,-0.183255627751,-0.359338492155
1776892337.35,0.454652160406,0.11243249476,0.43135073781,0.443688184023,0.0995500981808,0.335367202759,0.431862682104,0.0930979847908,0.237206935883,0.418322056532,0.0873545631766,0.138995200396,0.40313372016,0.0819102525711,0.0427624359727,0.386154979467,0.0776357650757,-0.0531176775694,0.369424670935,0.077546492219,-0.151181817055,0.35078689456,0.0761086121202,-0.247192144394,0.328472912312,0.0791211500764,-0.365391731262,0.336726695299,0.0979246944189,-0.359338492155,0.376409858465,-0.173894912004,-0.359338492155
1776892337.37,0.452832698822,0.116760112345,0.43084743619,0.442516237497,0.102893523872,0.335008382797,0.430362015963,0.0976492762566,0.236522614956,0.417141526937,0.0921529754996,0.13833257556,0.402629226446,0.0869528129697,0.0421661660075,0.385356515646,0.082257591188,-0.0533848851919,0.368983477354,0.0811947509646,-0.152087122202,0.348700493574,0.080151848495,-0.249685317278,0.327488958836,0.0808262825012,-0.365964412689,0.334580212831,0.103299476206,-0.359338492155,0.372677117586,-0.169504806399,-0.359338492155
1776892337.38,0.451563090086,0.119310468435,0.43049287796,0.440268546343,0.109432920814,0.334509342909,0.428169101477,0.105328857899,0.236063063145,0.414910644293,0.101548314095,0.137783631682,0.40099003911,0.0974749177694,0.0410137102008,0.383875101805,0.0921682938933,-0.0547050088644,0.367796033621,0.089861035347,-0.153550833464,0.349172979593,0.0854795500636,-0.248934298754,0.326653242111,0.0842556804419,-0.366967409849,0.332784861326,0.108682021499,-0.359338492155,0.365914076567,-0.160546243191,-0.359338492155
1776892337.4,0.449803054333,0.122531041503,0.430094778538,0.439169019461,0.112463645637,0.333992213011,0.426966935396,0.10976575315,0.235972493887,0.413736671209,0.106464885175,0.137004166842,0.400085240602,0.102563165128,0.0407198816538,0.38344809413,0.0973579883575,-0.0549856424332,0.367073982954,0.0942244976759,-0.153669565916,0.347716361284,0.090331427753,-0.251158863306,0.326654404402,0.0862581506371,-0.367538124323,0.331347316504,0.114062845707,-0.359338492155,0.362842172384,-0.156269654632,-0.359338492155
1776892337.41,0.448296159506,0.124883234501,0.429762691259,0.437015146017,0.118353642523,0.333184570074,0.425340622663,0.117049053311,0.234644681215,0.412507921457,0.11586958915,0.136278226972,0.398716598749,0.112814642489,0.039687871933,0.382154434919,0.107734359801,-0.0556180030107,0.366604417562,0.103598460555,-0.154440522194,0.347871750593,0.0969805940986,-0.251437485218,0.327496498823,0.0892475619912,-0.368004828691,0.330272704363,0.119431965053,-0.359338492155,0.356320530176,-0.147627413273,-0.359338492155
1776892337.43,0.446746200323,0.127091661096,0.429549515247,0.436061471701,0.12086841464,0.333079576492,0.424427121878,0.120552659035,0.234601050615,0.411528915167,0.120154097676,0.136072352529,0.397765308619,0.118106745183,0.039654225111,0.381380885839,0.11277243495,-0.0560772269964,0.366418927908,0.108172498643,-0.155365824699,0.348074525595,0.101239010692,-0.252028822899,0.328417301178,0.0907052457333,-0.36873075366,0.329564511776,0.124778926373,-0.359338492155,0.353436619043,-0.143562480807,-0.359338492155
1776892337.44,0.445287853479,0.128921747208,0.429462939501,0.433869153261,0.125332459807,0.332240849733,0.42238214612,0.127061337233,0.233938574791,0.410072594881,0.128137990832,0.135804474354,0.39648655057,0.127560526133,0.038721896708,0.38038417697,0.122930586338,-0.0572983026505,0.365409880877,0.117027722299,-0.156173735857,0.349096447229,0.107231743634,-0.252220511436,0.330408006907,0.0946446433663,-0.368943333626,0.329224705696,0.130092993379,-0.359338492155,0.348020523787,-0.136722847819,-0.359338492155
1776892337.46,0.444043368101,0.130354613066,0.429487764835,0.43266800046,0.127359718084,0.332590341568,0.421595841646,0.129912137985,0.233640044928,0.409444779158,0.131587043405,0.135972335935,0.395659357309,0.13216856122,0.0382114201784,0.380261033773,0.126767516136,-0.056867107749,0.365468770266,0.121272347867,-0.155979067087,0.349974840879,0.110624849796,-0.251579582691,0.331856757402,0.0964789390564,-0.369207203388,0.329253524542,0.135363131762,-0.359338492155,0.345549732447,-0.13367664814,-0.359338492155
1776892337.47,0.442417770624,0.132130399346,0.429758518934,0.431803017855,0.129113614559,0.332409828901,0.42049369216,0.132659062743,0.233851864934,0.408065706491,0.135389506817,0.135469451547,0.39493355155,0.135530918837,0.0386869460344,0.379520684481,0.131201162934,-0.0574867576361,0.366031259298,0.124820739031,-0.156429111958,0.350278884172,0.113994397223,-0.250894784927,0.333204299212,0.099155664444,-0.369651019573,0.329649448395,0.140578240156,-0.359338492155,0.341833859682,-0.128650337458,-0.359338492155
1776892337.49,0.441119939089,0.1336992383,0.430211186409,0.430099099874,0.132234752178,0.332486689091,0.418731600046,0.137090176344,0.233765542507,0.406816869974,0.14110866189,0.135332047939,0.394173890352,0.141925215721,0.0388959795237,0.379728645086,0.137751057744,-0.0571337491274,0.366762846708,0.131406441331,-0.156460821629,0.352611333132,0.119465023279,-0.25206515193,0.336230963469,0.10491271317,-0.3698374331,0.330409198999,0.145727202296,-0.359338492155,0.340867072344,-0.12697660923,-0.359338492155
1776892337.5,0.439966261387,0.135342210531,0.430867701769,0.428497046232,0.134642809629,0.332799434662,0.417145043612,0.140175789595,0.234423190355,0.405472844839,0.144776985049,0.135726317763,0.393559366465,0.146266713738,0.0389353781939,0.380116850138,0.142114043236,-0.0572977811098,0.368255466223,0.136345505714,-0.156319528818,0.354915231466,0.125769779086,-0.253578573465,0.340762704611,0.111160837114,-0.370181202888,0.331527858973,0.150798976421,-0.359338492155,0.3396486938,-0.123999200761,-0.359338492155
1776892337.52,0.43889811635,0.137159079313,0.431705534458,0.427544087172,0.135633200407,0.333038508892,0.416431337595,0.141090735793,0.23481374979,0.405370503664,0.145888999104,0.136570811272,0.393214792013,0.147664472461,0.0395052433014,0.380411356688,0.143949225545,-0.0568719059229,0.369244366884,0.138660311699,-0.156195312738,0.357241183519,0.127715036273,-0.251721203327,0.342947095633,0.114722624421,-0.370655745268,0.332998782396,0.155782803893,-0.359338492155,0.338957101107,-0.122927814722,-0.359338492155
1776892337.53,0.437884062529,0.139188408852,0.432766467333,0.426699966192,0.137211218476,0.334084153175,0.415604442358,0.141983136535,0.235501050949,0.404830306768,0.146712705493,0.136876389384,0.393993884325,0.148858219385,0.0400203019381,0.38165679574,0.14635232091,-0.0563677847385,0.371709436178,0.141700252891,-0.156116425991,0.360421866179,0.13286459446,-0.252044826746,0.347676366568,0.122067585588,-0.370668709278,0.334813565016,0.160668224096,-0.359338492155,0.338519245386,-0.121577337384,-0.359338492155
1776892337.55,0.436973512173,0.141249284148,0.43386143446,0.426189810038,0.138097003102,0.334579944611,0.415434211493,0.142037555575,0.235980957747,0.405070751905,0.146227478981,0.137296944857,0.394465118647,0.148452624679,0.0405217930675,0.382401198149,0.146403923631,-0.0561947375536,0.372874766588,0.143421113491,-0.155246794224,0.362512081861,0.134833931923,-0.251408010721,0.350449830294,0.12562520802,-0.370812505484,0.336962550879,0.165445238352,-0.359338492155,0.337864726782,-0.121085904539,-0.359338492155
1776892337.56,0.436263650656,0.1430965662,0.434854507446,0.426049917936,0.139001980424,0.335495233536,0.415463060141,0.142284601927,0.236642986536,0.405152708292,0.14578846097,0.138247743249,0.394867569208,0.147658795118,0.0410448387265,0.38301512599,0.146481633186,-0.0558551251888,0.374490410089,0.143764346838,-0.155066877604,0.364147633314,0.13777077198,-0.251841217279,0.353224009275,0.129886046052,-0.371486872435,0.339434415102,0.170104384422,-0.359338492155,0.337194770575,-0.120946265757,-0.359338492155
1776892337.58,0.435400813818,0.1457683146,0.436297953129,0.425462812185,0.140517309308,0.336935698986,0.415878862143,0.142172187567,0.238251149654,0.406092792749,0.144548416138,0.138990834355,0.39670202136,0.145994707942,0.0423911809921,0.385862797499,0.145759478211,-0.0554280281067,0.377917319536,0.145305588841,-0.154135286808,0.369157522917,0.141074344516,-0.250761330128,0.358542233706,0.13877941668,-0.370667338371,0.34221675992,0.174636825919,-0.359338492155,0.336012333632,-0.12121822685,-0.359338492155
1776892337.59,0.434704333544,0.148457586765,0.437758535147,0.425059109926,0.142469897866,0.338633835316,0.41652277112,0.142345607281,0.239695981145,0.407858341932,0.142964676023,0.140590980649,0.398802429438,0.144093200564,0.0437088832259,0.388974756002,0.143584057689,-0.0532208383083,0.381756454706,0.146099701524,-0.153683900833,0.373946338892,0.145103216171,-0.250374346972,0.3652818501,0.147226661444,-0.369533419609,0.345295995474,0.179034411907,-0.359338492155,0.333948224783,-0.122190833092,-0.359338492155
1776892337.61,0.434357255697,0.15040564537,0.438832461834,0.425340026617,0.143640503287,0.339215129614,0.417189329863,0.142674684525,0.240459918976,0.408492654562,0.142446950078,0.141606554389,0.400391191244,0.142683938146,0.0449214652181,0.390592843294,0.142829567194,-0.0522208064795,0.383870393038,0.14651055634,-0.152636796236,0.376474946737,0.147976264358,-0.249852836132,0.368226140738,0.15171584487,-0.369164586067,0.348657459021,0.183289811015,-0.359338492155,0.332498580217,-0.122116178274,-0.359338492155
1776892337.62,0.434187352657,0.152217432857,0.439889997244,0.425641149282,0.145442962646,0.34128215909,0.418161660433,0.143356010318,0.24196562171,0.410872966051,0.14204326272,0.142866447568,0.403767377138,0.141494870186,0.0462632253766,0.394808739424,0.141972139478,-0.0514330416918,0.388933390379,0.147289276123,-0.151450932026,0.384047478437,0.15123462677,-0.247183352709,0.375034540892,0.160252600908,-0.367298036814,0.352285951376,0.187396422029,-0.359338492155,0.33089324832,-0.123104467988,-0.359338492155
1776892337.64,0.434248030186,0.153715118766,0.440860390663,0.425695687532,0.146923750639,0.341777443886,0.418899804354,0.144084468484,0.242646455765,0.412034243345,0.141971170902,0.143463596702,0.405548602343,0.141482964158,0.0467548295856,0.397332578897,0.141913846135,-0.050781622529,0.391832441092,0.147983372211,-0.149736255407,0.386638075113,0.153045520186,-0.247074067593,0.378401845694,0.164636805654,-0.366481423378,0.3561655581,0.191348537803,-0.359338492155,0.329837948084,-0.123577274382,-0.359338492155
1776892337.65,0.434553861618,0.154896393418,0.441698014736,0.426479667425,0.148671269417,0.343074381351,0.420616418123,0.145372584462,0.243799954653,0.414809972048,0.142973810434,0.145254284143,0.409575551748,0.141783282161,0.0482914298773,0.402038961649,0.143082663417,-0.0493279844522,0.398404449224,0.149908751249,-0.147770404816,0.392616122961,0.157045349479,-0.245961874723,0.385121673346,0.17192748189,-0.365342915058,0.360280007124,0.195141300559,-0.359338492155,0.327565073967,-0.123397387564,-0.359338492155
1776892337.67,0.434939593077,0.155536592007,0.442191004753,0.427003651857,0.149910420179,0.34388422966,0.421874076128,0.146619543433,0.244455248117,0.416251629591,0.143991038203,0.145281404257,0.411335855722,0.143527239561,0.0482559204102,0.405041664839,0.144179776311,-0.0491456985474,0.400841325521,0.15170557797,-0.147701770067,0.394911915064,0.159719765186,-0.245497733355,0.388484925032,0.175266087055,-0.364444673061,0.364612728357,0.198770672083,-0.359338492155,0.326635628939,-0.12348985672,-0.359338492155
1776892337.68,0.435911744833,0.156186014414,0.442887425423,0.428677707911,0.151789084077,0.344673782587,0.424259573221,0.148751199245,0.245385780931,0.41932156682,0.147152498364,0.146055519581,0.415903300047,0.146321117878,0.0489412471652,0.409895926714,0.148404449224,-0.0480369478464,0.406332343817,0.157040014863,-0.147752821445,0.400875717402,0.165574833751,-0.244732826948,0.395841509104,0.181951627135,-0.362617850304,0.369147211313,0.202233493328,-0.359338492155,0.325718551874,-0.12453045696,-0.359338492155
1776892337.7,0.437019795179,0.156296297908,0.443322718143,0.42909398675,0.152458965778,0.345100700855,0.425159007311,0.149968236685,0.245830714703,0.42125955224,0.148668885231,0.147084012628,0.41782733798,0.14879283309,0.0495860353112,0.412198156118,0.151110678911,-0.0478571951389,0.409114152193,0.159449800849,-0.146781176329,0.404381483793,0.167846500874,-0.245011478662,0.399738103151,0.184200748801,-0.36291089654,0.373867124319,0.205527424812,-0.359338492155,0.32499012351,-0.12476093322,-0.359338492155
1776892337.71,0.438334405422,0.15614849329,0.443720430136,0.430382579565,0.153224810958,0.345735490322,0.426848083735,0.151536226273,0.246138751507,0.423241049051,0.15070413053,0.146783128381,0.420129865408,0.151576906443,0.0498431324959,0.415329188108,0.154305920005,-0.0474740564823,0.413041740656,0.162871181965,-0.145991265774,0.407439798117,0.172710701823,-0.245468646288,0.403764635324,0.186863362789,-0.362634897232,0.378756254911,0.208650842309,-0.359338492155,0.324407339096,-0.125115096569,-0.359338492155
1776892337.73,0.440007716417,0.155716791749,0.44407337904,0.432554215193,0.154536470771,0.346087813377,0.429648369551,0.15446408093,0.246901720762,0.426975280046,0.155561000109,0.147815048695,0.424928575754,0.157694503665,0.0499354600906,0.41995832324,0.161659449339,-0.0472926646471,0.418944627047,0.170242726803,-0.145435333252,0.414922744036,0.177612453699,-0.243526011705,0.411572903395,0.191412612796,-0.362421303988,0.383799046278,0.211602926254,-0.359338492155,0.323840171099,-0.125280469656,-0.359338492155
1776892337.74,0.442042559385,0.155076280236,0.444310754538,0.435289770365,0.156131178141,0.346629947424,0.432653397322,0.158277720213,0.247442662716,0.43089184165,0.161461487412,0.14841876924,0.429078072309,0.165465563536,0.0515227913857,0.425208896399,0.169843673706,-0.0463496744633,0.425156801939,0.178489521146,-0.145174473524,0.42273786664,0.184484839439,-0.243218392134,0.419708818197,0.196103721857,-0.362303555012,0.388980299234,0.214383453131,-0.359338492155,0.324374765158,-0.126296654344,-0.359338492155
1776892337.76,0.444164454937,0.154392153025,0.444432795048,0.436741799116,0.156577154994,0.346573710442,0.434601157904,0.160290852189,0.247781574726,0.433076947927,0.164286136627,0.148801654577,0.43173417449,0.169336169958,0.0513276383281,0.428415387869,0.17427586019,-0.0463386178017,0.427995353937,0.181682363153,-0.146214514971,0.425813883543,0.18815203011,-0.242398440838,0.424070268869,0.197860762477,-0.362724095583,0.394285649061,0.216992840171,-0.359338492155,0.324385225773,-0.126964986324,-0.359338492155
1776892337.77,0.445998996496,0.153871521354,0.4444193542,0.438047140837,0.157616555691,0.346882581711,0.436467200518,0.162289917469,0.247531890869,0.434911459684,0.167702332139,0.14888548851,0.433966249228,0.1734328866,0.0516951754689,0.431013196707,0.178816854954,-0.045995220542,0.430762380362,0.186161383986,-0.144855350256,0.429657071829,0.191052347422,-0.24235060811,0.427971929312,0.199282437563,-0.36223512888,0.399701446295,0.219432026148,-0.359338492155,0.324549019337,-0.127590954304,-0.359338492155
1776892337.79,0.449013054371,0.153250604868,0.444345504045,0.441445380449,0.158954039216,0.346987426281,0.439907103777,0.166009426117,0.248313754797,0.438651531935,0.173677757382,0.149060040712,0.438026338816,0.181735470891,0.0525900647044,0.436111718416,0.187026306987,-0.0453274846077,0.437248855829,0.193118259311,-0.144627928734,0.436810940504,0.197169199586,-0.241384744644,0.436314314604,0.202618062496,-0.36162853241,0.405214756727,0.221702381968,-0.359338492155,0.325224727392,-0.129175454378,-0.359338492155
1776892337.81,0.451769739389,0.152873307467,0.444224715233,0.44513246417,0.160267964005,0.347247540951,0.443933695555,0.170031145215,0.248553812504,0.443317264318,0.179710894823,0.149804770947,0.443537026644,0.188260272145,0.052998572588,0.4414537251,0.194995850325,-0.0447209775448,0.44361308217,0.200330346823,-0.144491434097,0.444006413221,0.202408075333,-0.241318762302,0.444607526064,0.206249624491,-0.361605286598,0.410813719034,0.22380566597,-0.359338492155,0.32566255331,-0.131609395146,-0.359338492155
1776892337.82,0.454673796892,0.152668684721,0.443975538015,0.446832090616,0.161001697183,0.347577184439,0.44572237134,0.171981245279,0.248791277409,0.445649236441,0.182253226638,0.149876192212,0.445892602205,0.191628187895,0.0532260015607,0.444971293211,0.197482064366,-0.0443334281445,0.446611791849,0.202762439847,-0.143309503794,0.447696000338,0.204878360033,-0.241190493107,0.448850661516,0.207909628749,-0.360736399889,0.416487187147,0.225743919611,-0.359338492155,0.325866103172,-0.132915779948,-0.359338492155
1776892337.83,0.457722693682,0.152653545141,0.443567156792,0.451033204794,0.162095546722,0.346948802471,0.450550884008,0.174599483609,0.248708844185,0.450639396906,0.18630181253,0.150331377983,0.450968652964,0.196208581328,0.0533240363002,0.449855178595,0.20315079391,-0.0436899960041,0.453249424696,0.20837533474,-0.143328756094,0.454792767763,0.209196522832,-0.24080941081,0.456820935011,0.211485311389,-0.360522896051,0.42222520709,0.227519437671,-0.359338492155,0.326804161072,-0.135634869337,-0.359338492155
1776892337.85,0.460997819901,0.152795732021,0.443207830191,0.453283578157,0.162844195962,0.346949458122,0.452761143446,0.175511747599,0.248578250408,0.453062206507,0.188008204103,0.150153517723,0.453763276339,0.198040023446,0.0533810406923,0.453469961882,0.205224215984,-0.0442343354225,0.456434994936,0.210416406393,-0.143524974585,0.45822057128,0.211424976587,-0.240503668785,0.460975319147,0.213391363621,-0.360561788082,0.428018420935,0.229134604335,-0.359338492155,0.327637732029,-0.137797385454,-0.359338492155
1776892337.86,0.464375525713,0.152958348393,0.44270324707,0.45573875308,0.163246527314,0.346910148859,0.455114871264,0.176358640194,0.248563379049,0.455600470304,0.188819169998,0.150161013007,0.456912428141,0.199443355203,0.0535000413656,0.456129342318,0.20704357326,-0.044453471899,0.45956197381,0.212311774492,-0.143209010363,0.462017327547,0.213111057878,-0.240927636623,0.465346962214,0.215185835958,-0.361015915871,0.433858662844,0.230591922998,-0.359338492155,0.327708899975,-0.13908778131,-0.359338492155
1776892337.88,0.467819929123,0.153116419911,0.442126601934,0.457928925753,0.163477197289,0.346664130688,0.457475453615,0.176776066422,0.248500183225,0.458070546389,0.189387530088,0.14998114109,0.459798067808,0.200741246343,0.0537235364318,0.459469944239,0.20756341517,-0.0441888421774,0.462824851274,0.213355123997,-0.143179982901,0.465390354395,0.214561060071,-0.24079567194,0.469348460436,0.216983035207,-0.360558897257,0.439738422632,0.231893837452,-0.359338492155,0.328087866306,-0.140896379948,-0.359338492155
1776892337.89,0.470952510834,0.15326705575,0.441617906094,0.463046699762,0.16422060132,0.345705151558,0.462891250849,0.17722928524,0.247943878174,0.463813453913,0.189961612225,0.14939147234,0.465374857187,0.201119855046,0.0528266057372,0.465358406305,0.208726793528,-0.0448118895292,0.469348579645,0.215366452932,-0.143295019865,0.473003000021,0.217851638794,-0.241148531437,0.477361351252,0.221546187997,-0.361182063818,0.445651203394,0.233042806387,-0.359338492155,0.328610956669,-0.144076272845,-0.359338492155
1776892337.91,0.474896609783,0.153315782547,0.440931975842,0.460320919752,0.164086088538,0.346489310265,0.460249096155,0.177165165544,0.248171508312,0.461043149233,0.189545914531,0.149670183659,0.462588697672,0.200930193067,0.0534130781889,0.462288707495,0.208789750934,-0.044302880764,0.4661873281,0.21458414197,-0.143652647734,0.468967109919,0.216253504157,-0.241366624832,0.473333030939,0.219084754586,-0.360547751188,0.451591163874,0.23404109478,-0.359338492155,0.328286319971,-0.142645478249,-0.359338492155
1776892337.92,0.478682070971,0.153295978904,0.440184950829,0.473122984171,0.164355278015,0.344013869762,0.473867148161,0.1754039675,0.245438694954,0.475555449724,0.186486527324,0.146830961108,0.478122383356,0.197448432446,0.0501527488232,0.478792816401,0.206729978323,-0.0471538007259,0.48408845067,0.214697390795,-0.14566642046,0.487823992968,0.221109673381,-0.243519157171,0.492446750402,0.229507490993,-0.362362891436,0.457553118467,0.234890833497,-0.359338492155,0.329293191433,-0.149651765823,-0.359338492155
1776892337.94,0.482928425074,0.153274029493,0.439563244581,0.470284849405,0.164753109217,0.344488471746,0.470839470625,0.176444575191,0.246532559395,0.472844511271,0.188024356961,0.147605553269,0.474776118994,0.198513805866,0.0507684499025,0.475304752588,0.207551047206,-0.0465087741613,0.4804649055,0.215313628316,-0.145076662302,0.484189361334,0.220789521933,-0.242732703686,0.489085584879,0.22764416039,-0.362315893173,0.463532596827,0.235593929887,-0.359338492155,0.328889101744,-0.148377403617,-0.359338492155
1776892337.95,0.486915111542,0.15324601531,0.438906520605,0.481327921152,0.163376584649,0.342605113983,0.482776790857,0.173070475459,0.243903204799,0.485331326723,0.182601600885,0.144903317094,0.488368660212,0.192280992866,0.0482725128531,0.490796297789,0.2009331882,-0.0485650599003,0.495475023985,0.212380111217,-0.147064268589,0.498890548944,0.222063571215,-0.244576245546,0.503668069839,0.235453665257,-0.362952679396,0.469525665045,0.236152008176,-0.359338492155,0.328720867634,-0.151599481702,-0.359338492155
1776892337.97,0.49045959115,0.153318539262,0.438481330872,0.484394997358,0.163069903851,0.341981351376,0.485852688551,0.172105684876,0.24355494976,0.488412052393,0.18091148138,0.144394129515,0.491708725691,0.190603882074,0.0476206615567,0.494063764811,0.199500247836,-0.0487230718136,0.499315470457,0.21124702692,-0.147833228111,0.503022909164,0.221992403269,-0.244696468115,0.507318258286,0.237605273724,-0.363016813993,0.475528687239,0.23656642437,-0.359338492155,0.328469514847,-0.152376234531,-0.359338492155
1776892337.98,0.495133668184,0.15343272686,0.437915563583,0.49019446969,0.162101224065,0.341474592686,0.492247611284,0.17002825439,0.242366939783,0.495602160692,0.17771178484,0.143510341644,0.498865097761,0.187042564154,0.0464254468679,0.500659942627,0.197024509311,-0.0503395348787,0.506955623627,0.209377810359,-0.1480935812,0.509686112404,0.222021475434,-0.2449259758,0.514901518822,0.240374222398,-0.36370575428,0.481538623571,0.236838206649,-0.359338492155,0.327817559242,-0.153003066778,-0.359338492155
1776892338,0.498673677444,0.153600618243,0.437469482422,0.493349760771,0.161778733134,0.34093350172,0.495713919401,0.168788954616,0.241981163621,0.498766213655,0.176670819521,0.142688766122,0.502527356148,0.185494452715,0.0462755337358,0.505222678185,0.19513875246,-0.050863519311,0.510300993919,0.208484172821,-0.148676723242,0.514121413231,0.222043722868,-0.245782315731,0.518181085587,0.241550207138,-0.36355984211,0.487552493811,0.236968040466,-0.359338492155,0.32781419158,-0.153054401278,-0.359338492155
1776892338.01,0.503289222717,0.153792351484,0.437089860439,0.499768048525,0.161343619227,0.340192914009,0.502533316612,0.167513489723,0.241321772337,0.505795359612,0.174230203032,0.142218798399,0.509680271149,0.182768404484,0.0452083870769,0.51200056076,0.19291806221,-0.0510417670012,0.517494440079,0.207525447011,-0.149282127619,0.520824074745,0.222205832601,-0.245508164167,0.525358080864,0.243452459574,-0.364067733288,0.493567496538,0.236956238747,-0.359338492155,0.328138619661,-0.153030097485,-0.359338492155
1776892338.03,0.507318675518,0.153967559338,0.436712265015,0.502542614937,0.161168903112,0.340210914612,0.505552530289,0.166777968407,0.240996599197,0.509222507477,0.173308610916,0.141924455762,0.513397216797,0.181682050228,0.0450270846486,0.516280651093,0.191841095686,-0.0521717071533,0.520469903946,0.20691730082,-0.149935692549,0.523630738258,0.221987187862,-0.246391862631,0.529105424881,0.243652969599,-0.364032953978,0.49958088994,0.236802786589,-0.359338492155,0.328148812056,-0.152987211943,-0.359338492155
1776892338.04,0.511085867882,0.154125213623,0.436561703682,0.508533596992,0.161474779248,0.339401960373,0.512329816818,0.166312664747,0.240487843752,0.516375541687,0.172496989369,0.141326740384,0.520457744598,0.180857807398,0.0446708202362,0.523234248161,0.190733730793,-0.0522990524769,0.527433395386,0.206402331591,-0.150328397751,0.531435012817,0.221742913127,-0.247051298618,0.535676121712,0.244344100356,-0.364770650864,0.505589842796,0.236507296562,-0.359338492155,0.328175842762,-0.153045251966,-0.359338492155
1776892338.06,0.515256166458,0.154240459204,0.436225295067,0.511726737022,0.161553040147,0.339063853025,0.515509009361,0.166496455669,0.240165919065,0.519979000092,0.172519758344,0.140995189548,0.523539543152,0.180970713496,0.0443348065019,0.526503562927,0.191048234701,-0.0529144406319,0.531332612038,0.206389516592,-0.1505433321,0.534766435623,0.221522271633,-0.247072994709,0.539059996605,0.243557751179,-0.364610165358,0.511591434479,0.236069008708,-0.359338492155,0.328217327595,-0.15303657949,-0.359338492155
1776892338.07,0.519124507904,0.154241174459,0.436154127121,0.517178416252,0.162501186132,0.33880212903,0.521402478218,0.16741079092,0.239910662174,0.526163578033,0.173332974315,0.140671759844,0.530520558357,0.181691110134,0.0439116582274,0.533019900322,0.191910549998,-0.0528948307037,0.537794589996,0.207656532526,-0.149813771248,0.541456580162,0.221484035254,-0.247452676296,0.545660972595,0.243013769388,-0.36445337534,0.517582535744,0.235486850142,-0.359338492155,0.328204333782,-0.153016388416,-0.359338492155
1776892338.09,0.52287375927,0.154136061668,0.435975462198,0.520401000977,0.162785425782,0.338495075703,0.524359703064,0.168339520693,0.239992380142,0.529263615608,0.174745053053,0.14066542685,0.533753991127,0.182443574071,0.0438861623406,0.536303400993,0.192108228803,-0.0533290654421,0.54139983654,0.206968337297,-0.150686949492,0.545058608055,0.221072942019,-0.248113632202,0.548928618431,0.241828635335,-0.365988969803,0.523559331894,0.234759449959,-0.359338492155,0.328140854836,-0.153035357594,-0.359338492155
1776892338.1,0.526305735111,0.153928667307,0.435935407877,0.525489091873,0.163994252682,0.338809609413,0.529950857162,0.170253381133,0.239591389894,0.535380363464,0.177085667849,0.14051528275,0.539469957352,0.185401841998,0.0436901524663,0.542930006981,0.194149151444,-0.0536480247974,0.548648357391,0.207612261176,-0.151544898748,0.551560282707,0.220557019114,-0.248154580593,0.555458188057,0.239330351353,-0.366271704435,0.529518008232,0.233885079622,-0.359338492155,0.328226268291,-0.152973368764,-0.359338492155
1776892338.12,0.530038177967,0.153490006924,0.435853123665,0.528521418571,0.164402291179,0.338397324085,0.53261244297,0.171698227525,0.23976239562,0.53804063797,0.178762897849,0.140536352992,0.543254852295,0.187006890774,0.0443699806929,0.546164512634,0.195362299681,-0.0535721331835,0.551219344139,0.208242461085,-0.15123668313,0.554833173752,0.220017179847,-0.248709082603,0.558701515198,0.237957552075,-0.366898298264,0.535453796387,0.232861831784,-0.359338492155,0.328055649996,-0.153084978461,-0.359338492155
1776892338.13,0.53340691328,0.153030127287,0.435823470354,0.533690810204,0.16528250277,0.338483393192,0.537990450859,0.173402667046,0.239783376455,0.543477773666,0.181891694665,0.140747457743,0.548884034157,0.190397918224,0.0441169440746,0.551487803459,0.198597922921,-0.0536098778248,0.557407021523,0.209805890918,-0.15172970295,0.561629652977,0.219143480062,-0.248978078365,0.56507062912,0.234194368124,-0.367874771357,0.541361451149,0.231687545776,-0.359338492155,0.328121066093,-0.153037324548,-0.359338492155
1776892338.15,0.536664068699,0.152361035347,0.435903429985,0.536388516426,0.165520220995,0.338087052107,0.540626883507,0.174457401037,0.239641457796,0.546176791191,0.183467969298,0.140890315175,0.551613330841,0.192351639271,0.0440584570169,0.553974628448,0.200302168727,-0.0529454350471,0.560255765915,0.21013315022,-0.15140837431,0.564206957817,0.218982547522,-0.249125242233,0.568341016769,0.232107415795,-0.368030369282,0.547235131264,0.230359882116,-0.359338492155,0.328099280596,-0.153039142489,-0.359338492155
1776892338.16,0.5395424366,0.151594877243,0.436002373695,0.54132437706,0.165677309036,0.338421344757,0.545834183693,0.175670787692,0.240001618862,0.551525831223,0.185667306185,0.141190320253,0.556664824486,0.195454359055,0.0444880947471,0.559435129166,0.203143447638,-0.0534691810608,0.565721750259,0.211603045464,-0.151678711176,0.570026874542,0.2176515311,-0.248561620712,0.574611544609,0.227397620678,-0.368400990963,0.553068041801,0.228876441717,-0.359338492155,0.328172653913,-0.153014138341,-0.359338492155
1776892338.18,0.542768776417,0.150596261024,0.436288416386,0.543573141098,0.165598109365,0.338422596455,0.548470377922,0.176384687424,0.240115642548,0.554031252861,0.18637304008,0.141567394137,0.559127688408,0.196055442095,0.0445080399513,0.562360644341,0.203987419605,-0.0524734407663,0.568613529205,0.212219923735,-0.151489704847,0.572801947594,0.217164322734,-0.248573809862,0.57786667347,0.225015029311,-0.368262141943,0.558852672577,0.227234721184,-0.359338492155,0.32815349102,-0.153012007475,-0.359338492155
1776892338.19,0.545623064041,0.149533718824,0.436558634043,0.548065304756,0.165352135897,0.338951766491,0.552976965904,0.176755785942,0.240422874689,0.559097766876,0.187543869019,0.141772210598,0.5639077425,0.197800353169,0.0451391488314,0.567142248154,0.20509262383,-0.0525055229664,0.573805093765,0.21191765368,-0.151036441326,0.578438043594,0.215209543705,-0.248123943806,0.58406162262,0.220009148121,-0.368292123079,0.564580559731,0.225432246923,-0.359338492155,0.328017920256,-0.153081998229,-0.359338492155
1776892338.21,0.548258244991,0.148498952389,0.436845034361,0.550253987312,0.165070042014,0.338683724403,0.555031657219,0.176739484072,0.240601196885,0.560729503632,0.187792748213,0.142189770937,0.566316008568,0.198204994202,0.0452539771795,0.569802999496,0.205209985375,-0.052214384079,0.576468586922,0.211832776666,-0.151153504848,0.581142425537,0.214262738824,-0.248292684555,0.587058067322,0.21781745553,-0.368184626102,0.570242404938,0.22346663475,-0.359338492155,0.328046023846,-0.153063580394,-0.359338492155
1776892338.22,0.550116419792,0.14781011641,0.437212884426,0.554668664932,0.16380366683,0.339158773422,0.55931699276,0.175977766514,0.241211175919,0.564861297607,0.187355786562,0.142768278718,0.570338606834,0.197821304202,0.045854754746,0.574438691139,0.204410538077,-0.0517527014017,0.580796003342,0.209836483002,-0.150275528431,0.586226582527,0.211264058948,-0.247460544109,0.592626571655,0.21296133101,-0.366930782795,0.5758279562,0.221335634589,-0.359338492155,0.32813924551,-0.15302683413,-0.359338492155
1776892338.24,0.552884697914,0.146779254079,0.437735676765,0.556239247322,0.163098052144,0.339426279068,0.561189174652,0.175374269485,0.241194367409,0.567167043686,0.186822265387,0.142664700747,0.572711706161,0.196594387293,0.0462358519435,0.577078223228,0.202944666147,-0.0512112677097,0.583716630936,0.208400353789,-0.150285124779,0.588997721672,0.209089115262,-0.24732118845,0.595559597015,0.211015224457,-0.366938322783,0.581325769424,0.219037264585,-0.359338492155,0.328174054623,-0.152997881174,-0.359338492155
1776892338.25,0.554893255234,0.146206855774,0.438060879707,0.559766530991,0.161870881915,0.340154290199,0.564672350883,0.173285767436,0.242033600807,0.570845365524,0.184124320745,0.143245756626,0.576855540276,0.193764388561,0.0463563352823,0.580967187881,0.199773460627,-0.0508805662394,0.588336229324,0.204421445727,-0.14968085289,0.594325900078,0.205187231302,-0.247168183327,0.601479172707,0.20682489872,-0.36737704277,0.586724042892,0.216569796205,-0.359338492155,0.328100949526,-0.152978032827,-0.359338492155
1776892338.27,0.556793630123,0.145898848772,0.438506573439,0.561527371407,0.160909250379,0.340332180262,0.56681406498,0.172057658434,0.242082029581,0.572857141495,0.18252915144,0.1434776932,0.579028844833,0.191481217742,0.0463474988937,0.583286523819,0.196903660893,-0.0511885434389,0.590846180916,0.201609671116,-0.149353146553,0.596865653992,0.202583625913,-0.246668726206,0.604020118713,0.2046687603,-0.366954863071,0.592009782791,0.213931933045,-0.359338492155,0.328169047832,-0.152961716056,-0.359338492155
1776892338.28,0.558211684227,0.145931750536,0.438826352358,0.562765002251,0.160287663341,0.340688377619,0.568242192268,0.170698925853,0.242505893111,0.574531197548,0.180557265878,0.14332677424,0.580907464027,0.188704252243,0.0465442091227,0.585237264633,0.194435432553,-0.0506917834282,0.593449234962,0.199104219675,-0.149125933647,0.599164247513,0.200244829059,-0.246958315372,0.606763362885,0.2027759552,-0.366595059633,0.597168922424,0.211122825742,-0.359338492155,0.329312831163,-0.150419935584,-0.359338492155
1776892338.3,0.559523642063,0.146284416318,0.439126849174,0.564396500587,0.159245923162,0.341112494469,0.57001709938,0.169125914574,0.242501229048,0.576449394226,0.178256377578,0.143801674247,0.583171963692,0.185761883855,0.0468287095428,0.587462067604,0.191257953644,-0.0507692396641,0.595630526543,0.196154505014,-0.149284541607,0.601829051971,0.197628617287,-0.246699303389,0.609273076057,0.200605556369,-0.366362690926,0.602187156677,0.208142161369,-0.359338492155,0.328237771988,-0.153024062514,-0.359338492155
1776892338.31,0.560405492783,0.146829307079,0.439281076193,0.568070292473,0.157303005457,0.341796308756,0.574344277382,0.163554742932,0.242962613702,0.581715703011,0.169723242521,0.143717765808,0.588755488396,0.175669521093,0.0468717813492,0.5936024189,0.180883169174,-0.0502990335226,0.602257728577,0.185589939356,-0.148647546768,0.608681917191,0.188989728689,-0.246468454599,0.61711037159,0.19506508112,-0.366149604321,0.607049226761,0.204990237951,-0.359338492155,0.328097373247,-0.152986332774,-0.359338492155
1776892338.33,0.560953199863,0.147477388382,0.439269393682,0.569397807121,0.156369954348,0.341565549374,0.575881123543,0.161617398262,0.243147164583,0.583321452141,0.166961714625,0.143976002932,0.590375304222,0.171851143241,0.0470833703876,0.59570145607,0.176526904106,-0.0509493947029,0.604697108269,0.182090640068,-0.148925930262,0.610742807388,0.186137810349,-0.246323257685,0.619302392006,0.193260982633,-0.366127431393,0.611739397049,0.201668038964,-0.359338492155,0.328115314245,-0.153023228049,-0.359338492155
1776892338.34,0.56118273735,0.148151770234,0.439077943563,0.570924043655,0.155278652906,0.34177416563,0.578167319298,0.158258840442,0.243114233017,0.586026072502,0.161183208227,0.144008085132,0.593866467476,0.164911687374,0.0470417812467,0.599250555038,0.16928987205,-0.0507996380329,0.6085678339,0.174943521619,-0.149008393288,0.615408062935,0.180112242699,-0.246460229158,0.624057173729,0.188973084092,-0.366005957127,0.616241335869,0.198177263141,-0.359338492155,0.328088879585,-0.153039857745,-0.359338492155
1776892338.36,0.561105012894,0.148658365011,0.438737273216,0.571360707283,0.154828026891,0.341949552298,0.579193711281,0.156706228852,0.24317073822,0.587556123734,0.158615425229,0.143925145268,0.595343351364,0.161658376455,0.0468504950404,0.601555466652,0.164767071605,-0.0504719614983,0.610467433929,0.171314284205,-0.148945659399,0.617351770401,0.177038446069,-0.246419548988,0.62622833252,0.186707347631,-0.365900397301,0.620538830757,0.194520413876,-0.359338492155,0.328110575676,-0.153043702245,-0.359338492155
1776892338.37,0.560744941235,0.148855283856,0.438305795193,0.572169542313,0.154054537416,0.341714441776,0.580469727516,0.15378318727,0.242832288146,0.589566707611,0.153811186552,0.143784552813,0.598175883293,0.155483260751,0.0465213283896,0.604293584824,0.158367812634,-0.0505592077971,0.614213585854,0.164650946856,-0.149395942688,0.621640205383,0.170744717121,-0.246162831783,0.630487918854,0.181812673807,-0.365887671709,0.624615311623,0.190700799227,-0.359338492155,0.328102231026,-0.152991697192,-0.359338492155
1776892338.39,0.560124099255,0.148644253612,0.437656313181,0.572111487389,0.153727173805,0.341502070427,0.581149935722,0.152499437332,0.242840886116,0.590705037117,0.151859939098,0.143605753779,0.599593520164,0.153059691191,0.0462874472141,0.606511712074,0.154724031687,-0.0508327633142,0.615750551224,0.161266639829,-0.148612469435,0.623378992081,0.167977169156,-0.246282368898,0.632446885109,0.179344415665,-0.365248888731,0.628454208374,0.186722576618,-0.359338492155,0.32812410593,-0.153007254004,-0.359338492155
1776892338.4,0.559361219406,0.147930651903,0.437012404203,0.57206261158,0.153253808618,0.34108543396,0.581493139267,0.151649951935,0.242501556873,0.591294765472,0.149968534708,0.1437920928,0.600682139397,0.150402635336,0.0464703738689,0.607994794846,0.152187243104,-0.050851508975,0.617781639099,0.158329948783,-0.149609863758,0.625095367432,0.165019914508,-0.246778994799,0.634462952614,0.176669448614,-0.365664243698,0.632039189339,0.182590737939,-0.359338492155,0.328147053719,-0.153008565307,-0.359338492155
1776892338.42,0.558400690556,0.146652877331,0.436337023973,0.571455001831,0.152422577143,0.340161919594,0.581602692604,0.150036469102,0.241834610701,0.592613220215,0.147547572851,0.142841294408,0.602323412895,0.146863043308,0.0461010038853,0.610274195671,0.147669836879,-0.0515612661839,0.620912194252,0.152896285057,-0.149714261293,0.628735661507,0.159220173955,-0.246958136559,0.638384819031,0.170343846083,-0.36624148488,0.635354757309,0.178311169147,-0.359338492155,0.328123867512,-0.153018772602,-0.359338492155
1776892338.43,0.557294607162,0.144784539938,0.435654699802,0.570216059685,0.151179626584,0.33944028616,0.580969333649,0.14889113605,0.240726575255,0.592599511147,0.146217346191,0.142003744841,0.603517532349,0.145034179091,0.0452724024653,0.611731767654,0.145315483212,-0.0519748628139,0.622954726219,0.149275735021,-0.150466829538,0.63141310215,0.154129490256,-0.247717797756,0.641897559166,0.163717627525,-0.366827696562,0.638385415077,0.173890560865,-0.359338492155,0.328101038933,-0.152983501554,-0.359338492155
1776892338.45,0.556188464165,0.142355501652,0.435033649206,0.568778395653,0.150404557586,0.338979274035,0.580368638039,0.148303061724,0.24037873745,0.592484712601,0.145857304335,0.141724169254,0.603846311569,0.144846633077,0.0443659499288,0.612911105156,0.143774032593,-0.0525285601616,0.624027609825,0.147056728601,-0.150452911854,0.633117079735,0.151793912053,-0.248319685459,0.643180608749,0.160181716084,-0.367011159658,0.641116976738,0.169336423278,-0.359338492155,0.328084558249,-0.152994319797,-0.359338492155
1776892338.46,0.555104851723,0.139593824744,0.434547305107,0.567181825638,0.147836193442,0.337577521801,0.578715801239,0.14696405828,0.239673554897,0.591529846191,0.145665511489,0.140630662441,0.603680849075,0.144573330879,0.044223614037,0.613844037056,0.14310631156,-0.053204163909,0.625838279724,0.145534783602,-0.151432216167,0.635449528694,0.147142618895,-0.248496949673,0.646757006645,0.152596637607,-0.367770552635,0.643535852432,0.164657011628,-0.359338492155,0.328035145998,-0.153079465032,-0.359338492155
1776892338.48,0.553760051727,0.135947495699,0.434198260307,0.566183567047,0.146300062537,0.337290436029,0.577656507492,0.146028354764,0.239207178354,0.590574264526,0.145594894886,0.140327289701,0.603379368782,0.144928514957,0.0441683530807,0.613805890083,0.143334746361,-0.0535013079643,0.626558303833,0.144316643476,-0.15104162693,0.636566400528,0.145171031356,-0.248792409897,0.648120045662,0.148669093847,-0.367701202631,0.645629882812,0.159861251712,-0.359338492155,0.328199237585,-0.153040573001,-0.359338492155
1776892338.49,0.55234092474,0.132083669305,0.434037566185,0.563429832458,0.143044114113,0.337370872498,0.575492620468,0.144280940294,0.23893865943,0.588463068008,0.145213514566,0.139924556017,0.601891994476,0.145340517163,0.0434650629759,0.613049268723,0.143690571189,-0.0536006838083,0.626534342766,0.143898323178,-0.151720702648,0.637644886971,0.141271069646,-0.248502224684,0.651049494743,0.140662893653,-0.367910861969,0.647387981415,0.154958724976,-0.359338492155,0.328109830618,-0.153039991856,-0.359338492155
1776892338.51,0.551003456116,0.128429785371,0.433891922235,0.562719464302,0.141139104962,0.336972177029,0.574380636215,0.142999500036,0.23837262392,0.587446808815,0.144739374518,0.139937832952,0.600816369057,0.1457067132,0.0432102009654,0.612331867218,0.143598347902,-0.0535319447517,0.626131176949,0.143325164914,-0.151783019304,0.6382137537,0.139613166451,-0.248508274555,0.652464032173,0.136721655726,-0.367763340473,0.648800730705,0.149959504604,-0.359338492155,0.328109294176,-0.153053298593,-0.359338492155
1776892338.52,0.549243211746,0.123663634062,0.433783352375,0.56046628952,0.136594638228,0.336542725563,0.572086334229,0.140586912632,0.23816087842,0.585204839706,0.143745422363,0.13969515264,0.598310232162,0.145312055945,0.0431598052382,0.610091686249,0.144015491009,-0.0539332926273,0.624796032906,0.141637459397,-0.152073860168,0.638271570206,0.135873988271,-0.248519748449,0.654521942139,0.129088491201,-0.366897314787,0.649860024452,0.144874095917,-0.359338492155,0.328103840351,-0.152943074703,-0.359338492155
1776892338.54,0.547772228718,0.119579546154,0.433915406466,0.558997869492,0.134374752641,0.336653202772,0.570803880692,0.138807117939,0.23832757771,0.583817243576,0.142798423767,0.139362365007,0.597082018852,0.144795313478,0.0431925579906,0.608708024025,0.143684223294,-0.0539388954639,0.624606370926,0.140822008252,-0.151575237513,0.638105630875,0.133563026786,-0.247840225697,0.655540108681,0.124650582671,-0.36695381999,0.650559425354,0.139713361859,-0.359338492155,0.328106254339,-0.152993693948,-0.359338492155
1776892338.55,0.54554605484,0.113737016916,0.434094905853,0.556810975075,0.128984078765,0.336646258831,0.568113684654,0.135200098157,0.238400384784,0.58091366291,0.140013441443,0.139776006341,0.593987584114,0.142668649554,0.0434161424637,0.606355190277,0.141197934747,-0.0534327626228,0.622062444687,0.137430533767,-0.152260482311,0.63708293438,0.128800421953,-0.247066795826,0.656754732132,0.118033312261,-0.365860313177,0.650894284248,0.134488299489,-0.359338492155,0.328002184629,-0.153091937304,-0.359338492155
1776892338.57,0.543664395809,0.108867138624,0.434244483709,0.571955442429,0.152628943324,0.340376704931,0.581798553467,0.150620669127,0.242106571794,0.592057228088,0.148869022727,0.143205851316,0.601714015007,0.148568540812,0.0460023730993,0.60880112648,0.150145530701,-0.0512883514166,0.61952495575,0.15560875833,-0.149521231651,0.626774549484,0.162147834897,-0.246911793947,0.636324286461,0.173521637917,-0.366100847721,0.650861740112,0.129210069776,-0.359338492155,0.328144431114,-0.153086096048,-0.359338492155
1776892338.58,0.541839838028,0.104116514325,0.434584498405,0.553848385811,0.123302385211,0.336496859789,0.564947485924,0.130128219724,0.238480746746,0.577766895294,0.135892033577,0.139900416136,0.591159701347,0.138991385698,0.0436235964298,0.603766441345,0.137272432446,-0.0530720353127,0.620151042938,0.13233499229,-0.150901675224,0.636677265167,0.123502865434,-0.246457576752,0.657186746597,0.111958347261,-0.364212691784,0.650460481644,0.123889759183,-0.359338492155,0.328149110079,-0.152971327305,-0.359338492155
1776892338.6,0.539966881275,0.0994887575507,0.435037404299,0.550564408302,0.116424374282,0.33722576499,0.561623215675,0.124104872346,0.239220678806,0.574463605881,0.129975005984,0.140366449952,0.587838292122,0.133285343647,0.0441076830029,0.601089835167,0.131272852421,-0.0527037531137,0.618501424789,0.126678019762,-0.150171220303,0.635595440865,0.117758356035,-0.245646983385,0.657687067986,0.106300652027,-0.363419264555,0.649691104889,0.118538364768,-0.359338492155,0.328245609999,-0.153090700507,-0.359338492155
1776892338.61,0.538652181625,0.0961606949568,0.435343623161,0.548956274986,0.11313380301,0.337414324284,0.559598922729,0.120179839432,0.239363670349,0.572500824928,0.126333355904,0.140886738896,0.586435437202,0.129267796874,0.0446639060974,0.599828958511,0.127975583076,-0.0524730235338,0.61759352684,0.12321934104,-0.150246351957,0.634952783585,0.114640757442,-0.245003640652,0.656889915466,0.104234412313,-0.362776190042,0.648555636406,0.113166578114,-0.359338492155,0.328293740749,-0.153093084693,-0.359338492155
1776892338.63,0.536614239216,0.0907936245203,0.436098188162,0.546109676361,0.10589120537,0.337809443474,0.556667208672,0.111981466413,0.239581525326,0.569274902344,0.11753962189,0.140996232629,0.583431243896,0.120530024171,0.0448687970638,0.597597241402,0.119066998363,-0.0517881065607,0.616025209427,0.115828990936,-0.14914008975,0.633409738541,0.108489900827,-0.244725883007,0.65550994873,0.0996521785855,-0.362716913223,0.647058129311,0.10778478533,-0.359338492155,0.32793584466,-0.152941256762,-0.359338492155
1776892338.64,0.535181283951,0.0868526399136,0.436849474907,0.543350338936,0.0982265546918,0.338478326797,0.553705811501,0.102926045656,0.240478694439,0.566357254982,0.107213757932,0.141606241465,0.580631732941,0.109569430351,0.0456435978413,0.59537935257,0.108985185623,-0.0510181188583,0.613435506821,0.10739595443,-0.149558752775,0.631422758102,0.101804643869,-0.243902564049,0.653362035751,0.0955962315202,-0.36214864254,0.645203709602,0.102402888238,-0.359338492155,0.328111052513,-0.152992874384,-0.359338492155
1776892338.66,0.53395986557,0.0833507701755,0.437698185444,0.542052149773,0.0947533845901,0.338983565569,0.552549362183,0.098130851984,0.240515470505,0.565197110176,0.101703673601,0.142030626535,0.579783558846,0.104108124971,0.0459788516164,0.593882083893,0.10378228128,-0.0511016398668,0.612211465836,0.102860286832,-0.149189412594,0.630289912224,0.0981017500162,-0.243877112865,0.652167797089,0.0941986963153,-0.361736118793,0.642999410629,0.0970302820206,-0.359338492155,0.328158169985,-0.153019294143,-0.359338492155
1776892338.67,0.533006966114,0.0801741033792,0.438576728106,0.540425777435,0.0874762758613,0.339956998825,0.550818324089,0.0888791307807,0.241578027606,0.56355202198,0.09011682868,0.142549648881,0.577676296234,0.0917565748096,0.0467624440789,0.591413736343,0.0920016616583,-0.0499875098467,0.609433531761,0.0927272439003,-0.147501647472,0.627132296562,0.0910718813539,-0.243228644133,0.649142742157,0.0898555666208,-0.361010044813,0.640453338623,0.0916757211089,-0.359338492155,0.328125268221,-0.153008371592,-0.359338492155
1776892338.69,0.532382011414,0.077468380332,0.439462304115,0.539728522301,0.0841607376933,0.340705275536,0.550129771233,0.0842833817005,0.242313951254,0.562514901161,0.0845555588603,0.143331572413,0.576675057411,0.0859163999557,0.0471149459481,0.590646982193,0.0862444937229,-0.0495936572552,0.608157992363,0.0877763032913,-0.147540003061,0.62487757206,0.0875461176038,-0.243398547173,0.647081971169,0.0888048782945,-0.360974401236,0.637574791908,0.0863473042846,-0.359338492155,0.32816234231,-0.152983009815,-0.359338492155
1776892338.7,0.531956553459,0.0746494531631,0.440656423569,0.53902721405,0.0779801532626,0.342022389174,0.549478650093,0.0757782906294,0.243378281593,0.561617970467,0.0741265043616,0.144986495376,0.574471354485,0.074422582984,0.0482500270009,0.587877035141,0.0748012363911,-0.0490683317184,0.605054497719,0.0775361433625,-0.146322995424,0.621670484543,0.0798329636455,-0.241708755493,0.642949700356,0.085775397718,-0.359792292118,0.634374260902,0.0810523852706,-0.359338492155,0.328259110451,-0.15313757956,-0.359338492155
1776892338.72,0.531790971756,0.0728097632527,0.441500961781,0.538152575493,0.0753614529967,0.342912524939,0.548800110817,0.0718773007393,0.244567394257,0.560863018036,0.0693711861968,0.1455257833,0.5737606287,0.0685985088348,0.0491373986006,0.586286902428,0.0684937536716,-0.0475992709398,0.603196501732,0.0727358013391,-0.145573347807,0.619470238686,0.0763050466776,-0.241646140814,0.640074849129,0.0841435492039,-0.358915656805,0.630862951279,0.0757975578308,-0.359338492155,0.328007817268,-0.153031826019,-0.359338492155
1776892338.73,0.531691253185,0.0695882588625,0.442871540785,0.538078069687,0.070258833468,0.344162076712,0.548482179642,0.0651208460331,0.246055454016,0.559914112091,0.060836866498,0.146964430809,0.572240114212,0.058807451278,0.0504938587546,0.583953261375,0.0584290847182,-0.046354174614,0.600727796555,0.0634458512068,-0.143934339285,0.615321755409,0.0692758560181,-0.239977061749,0.634289503098,0.0799908861518,-0.357923269272,0.627053141594,0.0705886110663,-0.359338492155,0.328109294176,-0.153025522828,-0.359338492155
1776892338.75,0.531727433205,0.0671201199293,0.443814724684,0.537955641747,0.0680043250322,0.344931662083,0.54799926281,0.0619950219989,0.246704012156,0.559431314468,0.0569016672671,0.148048549891,0.571324110031,0.0542129427195,0.0515469312668,0.58272588253,0.0539534948766,-0.0458891689777,0.598993182182,0.0591109730303,-0.142849177122,0.612928509712,0.0656741485,-0.23958799243,0.631429433823,0.0776737853885,-0.357440531254,0.622957587242,0.065430521965,-0.359338492155,0.32818621397,-0.153088450432,-0.359338492155
1776892338.77,0.531895160675,0.0635353550315,0.444894462824,0.537876963615,0.0642017871141,0.346239447594,0.5476115942,0.0568400770426,0.248330891132,0.558232069016,0.0505492314696,0.149589821696,0.570090770721,0.0468166135252,0.052942097187,0.580815315247,0.046522513032,-0.0448449701071,0.595344543457,0.0517376996577,-0.141648381948,0.608337521553,0.0594061501324,-0.238572001457,0.624489665031,0.0725611299276,-0.356515705585,0.618589520454,0.0603274479508,-0.359338492155,0.328151375055,-0.153071269393,-0.359338492155
1776892338.78,0.532045543194,0.0610446073115,0.445445120335,0.537945270538,0.0620314851403,0.347353875637,0.547301650047,0.0548013858497,0.248689651489,0.557609200478,0.0483130179346,0.149760648608,0.568853259087,0.0440103933215,0.0535460785031,0.579594254494,0.0433641001582,-0.0437350422144,0.593267798424,0.0492080971599,-0.141833543777,0.605570554733,0.0563677325845,-0.237877100706,0.621164679527,0.0699501261115,-0.356214642525,0.613962769508,0.0552827194333,-0.359338492155,0.328137814999,-0.153099402785,-0.359338492155
1776892338.79,0.532279014587,0.0576338171959,0.446014136076,0.538010716438,0.0585351586342,0.348007082939,0.547068595886,0.0510373190045,0.249602302909,0.556909203529,0.0442807935178,0.151133820415,0.567754507065,0.04006203264,0.054108671844,0.576591014862,0.0388908088207,-0.0431318432093,0.58941090107,0.0436634719372,-0.140555292368,0.60055410862,0.050536185503,-0.237682402134,0.613807797432,0.0638723447919,-0.356505095959,0.609091162682,0.0502988770604,-0.359338492155,0.328181117773,-0.153099507093,-0.359338492155
1776892338.81,0.532544612885,0.0538113228977,0.446453988552,0.537906050682,0.0602520778775,0.347746670246,0.547257065773,0.0527742244303,0.249294504523,0.55704832077,0.0467499643564,0.150201261044,0.568380475044,0.0416486524045,0.0539400950074,0.577923417091,0.0411248467863,-0.043485596776,0.59114921093,0.0459027960896,-0.141273498535,0.603313803673,0.0533717907965,-0.237636357546,0.61728978157,0.0667590424418,-0.35556307435,0.60398888588,0.0453776605427,-0.359338492155,0.328230202198,-0.153102591634,-0.359338492155
1776892338.82,0.532756567001,0.0500690303743,0.446756064892,0.53835952282,0.0529566407204,0.349244266748,0.547106742859,0.0471254214644,0.250599265099,0.556002140045,0.0418373718858,0.151619046926,0.564960002899,0.0382905937731,0.0545989051461,0.572507381439,0.0361585840583,-0.0425981283188,0.583099484444,0.0395328961313,-0.141134828329,0.591853737831,0.0435502380133,-0.238089263439,0.602442741394,0.0530222728848,-0.357063174248,0.598670005798,0.0405200645328,-0.359338492155,0.328093767166,-0.152969405055,-0.359338492155
1776892338.84,0.532926023006,0.0446131676435,0.447005599737,0.538585782051,0.0507371947169,0.349493950605,0.54695558548,0.0459169410169,0.250742375851,0.555676817894,0.0414282232523,0.151699051261,0.563988208771,0.0382754169405,0.0545947775245,0.570233106613,0.0364800877869,-0.0428440868855,0.580288052559,0.0386089496315,-0.141135364771,0.588090896606,0.041958142072,-0.238302648067,0.59822678566,0.0488524474204,-0.358033627272,0.593148946762,0.0357263535261,-0.359338492155,0.32818338275,-0.152977377176,-0.359338492155
1776892338.85,0.532915353775,0.0390995554626,0.447103828192,0.538921713829,0.046209178865,0.349527776241,0.546791195869,0.0439139977098,0.250923722982,0.554410457611,0.0418219268322,0.151569277048,0.561915755272,0.0393441654742,0.0546889305115,0.566827535629,0.0375875383615,-0.0428514927626,0.575068831444,0.0382271111012,-0.141642302275,0.581753373146,0.0377030782402,-0.238914161921,0.590155720711,0.040909755975,-0.358556509018,0.587439537048,0.0309960991144,-0.359338492155,0.328118920326,-0.153125941753,-0.359338492155
1776892338.87,0.532725274563,0.0339884012938,0.447118371725,0.538313746452,0.0546979568899,0.349024295807,0.547254920006,0.0483335442841,0.250276267529,0.556280493736,0.0421948134899,0.15164090693,0.565809726715,0.0382982119918,0.0550013259053,0.5734385252,0.0366499647498,-0.0428993999958,0.584699034691,0.040594547987,-0.141674131155,0.594506978989,0.0461679063737,-0.238065451384,0.606338024139,0.0567648969591,-0.35700404644,0.581555604935,0.0263282302767,-0.359338492155,0.328034460545,-0.153062924743,-0.359338492155
1776892338.89,0.532082974911,0.0256937351078,0.446975231171,0.538432955742,0.0386098884046,0.350031554699,0.545522809029,0.0403376705945,0.250791251659,0.552035331726,0.0415775887668,0.151891708374,0.557980537415,0.041566580534,0.0542437061667,0.561287522316,0.0395632311702,-0.0426976382732,0.567128539085,0.0380537100136,-0.142016559839,0.571646094322,0.0331455469131,-0.238946527243,0.577412605286,0.0281581450254,-0.359672218561,0.575511097908,0.0217210743576,-0.359338492155,0.328056007624,-0.152914181352,-0.359338492155
1776892338.9,0.531498908997,0.020290993154,0.446781247854,0.53796339035,0.036050349474,0.349744617939,0.544481158257,0.0391092300415,0.251141101122,0.550938606262,0.0411832742393,0.151764452457,0.555980205536,0.0425627268851,0.0542446449399,0.559359550476,0.0401104390621,-0.042956829071,0.564345598221,0.0382655933499,-0.142601937056,0.56853723526,0.0310356654227,-0.24000698328,0.573082566261,0.0242407731712,-0.359253138304,0.56931912899,0.0171723924577,-0.359338492155,0.328045010567,-0.152884721756,-0.359338492155
1776892338.91,0.530691385269,0.014238378033,0.446581184864,0.536155581474,0.0300035588443,0.349736571312,0.542127370834,0.0356280505657,0.250835061073,0.548061490059,0.040081795305,0.15183351934,0.552611470222,0.0423071719706,0.0548122301698,0.555251717567,0.0406663641334,-0.0430886298418,0.559073328972,0.0366519093513,-0.142169445753,0.561675310135,0.0272044464946,-0.239377111197,0.564112663269,0.0169901903719,-0.359494358301,0.562993049622,0.0126794353127,-0.359338492155,0.32783228159,-0.15263068676,-0.359338492155
1776892338.93,0.529339373112,0.00575251877308,0.446204274893,0.535096287727,0.0262952204794,0.349847644567,0.541061162949,0.0333801060915,0.250549674034,0.546587586403,0.0389795713127,0.151692286134,0.550887584686,0.0418650433421,0.0546017214656,0.552805304527,0.0398189537227,-0.0431321114302,0.556387662888,0.0354639366269,-0.142657071352,0.55796790123,0.0254764724523,-0.23892942071,0.56008207798,0.0132330413908,-0.358859658241,0.556545495987,0.00823897775263,-0.359338492155,0.327935785055,-0.152650073171,-0.359338492155
1776892338.94,0.527975916862,-0.001177456812,0.445837855339,0.532875061035,0.0188919622451,0.349261164665,0.537816524506,0.027816740796,0.250716716051,0.542844295502,0.0353767424822,0.151700988412,0.54696059227,0.039077475667,0.0542614683509,0.547659516335,0.0371112786233,-0.0425502061844,0.550264120102,0.032199241221,-0.142068594694,0.551005721092,0.0205234084278,-0.238919347525,0.551107048988,0.00689651537687,-0.358435750008,0.54998922348,0.00384737690911,-0.359338492155,0.328032314777,-0.152835637331,-0.359338492155
1776892338.96,0.526673793793,-0.00725853350013,0.44552052021,0.531274080276,0.014647193253,0.349313557148,0.536272883415,0.0241553336382,0.250409781933,0.540705442429,0.0327048040926,0.151833325624,0.544483661652,0.0368150286376,0.0542817488313,0.545038938522,0.0351171307266,-0.043124333024,0.547164440155,0.0300726182759,-0.142199963331,0.547064304352,0.0183119866997,-0.238941282034,0.547258973122,0.0039276718162,-0.358370453119,0.54333627224,-0.000499392393976,-0.359338492155,0.328061431646,-0.153026878834,-0.359338492155
1776892338.97,0.524471223354,-0.0163316056132,0.444912731647,0.530029773712,0.00978567358106,0.349011600018,0.534533023834,0.0204560384154,0.250466346741,0.538664698601,0.0294890515506,0.151676818728,0.541845560074,0.0342305712402,0.0542037785053,0.542273163795,0.0328902453184,-0.0433136671782,0.544119358063,0.0273495167494,-0.142058849335,0.54362988472,0.0157000664622,-0.238979369402,0.542746067047,0.00104613881558,-0.358572691679,0.536598563194,-0.00480569060892,-0.359338492155,0.328090846539,-0.153024345636,-0.359338492155
1776892338.99,0.522757351398,-0.0229275580496,0.444453537464,0.52858376503,0.00492375995964,0.34899225831,0.532793164253,0.016202673316,0.249960646033,0.536357164383,0.025508435443,0.151579454541,0.539232254028,0.0306054614484,0.0539865195751,0.539199233055,0.0297708548605,-0.0435331165791,0.540410757065,0.0242703985423,-0.14251485467,0.540052771568,0.0126274526119,-0.239083141088,0.538532495499,-0.00145013979636,-0.357818752527,0.529787778854,-0.00907617248595,-0.359338492155,0.328128546476,-0.153004646301,-0.359338492155
1776892339,0.520378530025,-0.0313295200467,0.443837463856,0.526723861694,0.00046450085938,0.348284900188,0.530732154846,0.0113220028579,0.249912470579,0.53413939476,0.0210516192019,0.151180699468,0.536274671555,0.0266694836318,0.0541901662946,0.536047816277,0.0260120797902,-0.0438951998949,0.537060379982,0.0209783073515,-0.142049849033,0.536485791206,0.00977010000497,-0.239606112242,0.534288525581,-0.00381625909358,-0.358631998301,0.522915363312,-0.0133157419041,-0.359338492155,0.328052639961,-0.152959465981,-0.359338492155
1776892339.02,0.518158912659,-0.0382266044617,0.443443745375,0.526723861694,0.00046450085938,0.348284900188,0.530732154846,0.0113220028579,0.249912470579,0.53413939476,0.0210516192019,0.151180699468,0.536274671555,0.0266694836318,0.0541901662946,0.536047816277,0.0260120797902,-0.0438951998949,0.537060379982,0.0209783073515,-0.142049849033,0.536485791206,0.00977010000497,-0.239606112242,0.534288525581,-0.00381625909358,-0.358631998301,0.51599240303,-0.0175295174122,-0.359338492155,0.328045040369,-0.152948766947,-0.359338492155
1776892339.03,0.515761077404,-0.0448440536857,0.443152397871,0.519452810287,-0.0210375338793,0.346860229969,0.522082448006,-0.0117354914546,0.248261719942,0.523777484894,-0.00252432050183,0.149547323585,0.524858236313,0.00340951699764,0.052248634398,0.523074746132,0.00506081618369,-0.0452494323254,0.522680640221,0.00417209789157,-0.145300000906,0.520936965942,-0.0028867633082,-0.241765826941,0.518380641937,-0.0114359511063,-0.361414730549,0.509029746056,-0.0217227917165,-0.359338492155,0.328198313713,-0.153020173311,-0.359338492155
1776892339.05,0.512866616249,-0.0519959442317,0.442826420069,0.519452810287,-0.0210375338793,0.346860229969,0.522082448006,-0.0117354914546,0.248261719942,0.523777484894,-0.00252432050183,0.149547323585,0.524858236313,0.00340951699764,0.052248634398,0.523074746132,0.00506081618369,-0.0452494323254,0.522680640221,0.00417209789157,-0.145300000906,0.520936965942,-0.0028867633082,-0.241765826941,0.518380641937,-0.0114359511063,-0.361414730549,0.502038359642,-0.025900984183,-0.359338492155,0.328015118837,-0.153048366308,-0.359338492155
1776892339.06,0.510537922382,-0.05719377473,0.442594617605,0.519452810287,-0.0210375338793,0.346860229969,0.522082448006,-0.0117354914546,0.248261719942,0.523777484894,-0.00252432050183,0.149547323585,0.524858236313,0.00340951699764,0.052248634398,0.523074746132,0.00506081618369,-0.0452494323254,0.522680640221,0.00417209789157,-0.145300000906,0.520936965942,-0.0028867633082,-0.241765826941,0.518380641937,-0.0114359511063,-0.361414730549,0.495028942823,-0.0300696212798,-0.359338492155,0.328218460083,-0.153069704771,-0.359338492155
1776892339.08,0.50778144598,-0.0628176480532,0.442434757948,0.519452810287,-0.0210375338793,0.346860229969,0.522082448006,-0.0117354914546,0.248261719942,0.523777484894,-0.00252432050183,0.149547323585,0.524858236313,0.00340951699764,0.052248634398,0.523074746132,0.00506081618369,-0.0452494323254,0.522680640221,0.00417209789157,-0.145300000906,0.520936965942,-0.0028867633082,-0.241765826941,0.518380641937,-0.0114359511063,-0.361414730549,0.488011986017,-0.0342342853546,-0.359338492155,0.328132748604,-0.153092607856,-0.359338492155
1776892339.09,0.504910230637,-0.0681822672486,0.442436188459,0.519452810287,-0.0210375338793,0.346860229969,0.522082448006,-0.0117354914546,0.248261719942,0.523777484894,-0.00252432050183,0.149547323585,0.524858236313,0.00340951699764,0.052248634398,0.523074746132,0.00506081618369,-0.0452494323254,0.522680640221,0.00417209789157,-0.145300000906,0.520936965942,-0.0028867633082,-0.241765826941,0.518380641937,-0.0114359511063,-0.361414730549,0.480998128653,-0.0384005866945,-0.359338492155,0.328215718269,-0.153066650033,-0.359338492155
1776892339.11,0.502105593681,-0.0730079710484,0.442545294762,0.519452810287,-0.0210375338793,0.346860229969,0.522082448006,-0.0117354914546,0.248261719942,0.523777484894,-0.00252432050183,0.149547323585,0.524858236313,0.00340951699764,0.052248634398,0.523074746132,0.00506081618369,-0.0452494323254,0.522680640221,0.00417209789157,-0.145300000906,0.520936965942,-0.0028867633082,-0.241765826941,0.518380641937,-0.0114359511063,-0.361414730549,0.473997920752,-0.0425741225481,-0.359338492155,0.328126788139,-0.153053790331,-0.359338492155
1776892339.12,0.498805850744,-0.078630194068,0.442621380091,0.519452810287,-0.0210375338793,0.346860229969,0.522082448006,-0.0117354914546,0.248261719942,0.523777484894,-0.00252432050183,0.149547323585,0.524858236313,0.00340951699764,0.052248634398,0.523074746132,0.00506081618369,-0.0452494323254,0.522680640221,0.00417209789157,-0.145300000906,0.520936965942,-0.0028867633082,-0.241765826941,0.518380641937,-0.0114359511063,-0.361414730549,0.467022031546,-0.0467604473233,-0.359338492155,0.328165084124,-0.153090924025,-0.359338492155
1776892339.14,0.495743662119,-0.0838368460536,0.442914634943,0.519452810287,-0.0210375338793,0.346860229969,0.522082448006,-0.0117354914546,0.248261719942,0.523777484894,-0.00252432050183,0.149547323585,0.524858236313,0.00340951699764,0.052248634398,0.523074746132,0.00506081618369,-0.0452494323254,0.522680640221,0.00417209789157,-0.145300000906,0.520936965942,-0.0028867633082,-0.241765826941,0.518380641937,-0.0114359511063,-0.361414730549,0.460081189871,-0.0509650297463,-0.359338492155,0.328161388636,-0.152961358428,-0.359338492155
1776892339.15,0.49267616868,-0.0890236794949,0.443305760622,0.489761382341,-0.0835921019316,0.34558275342,0.48696115613,-0.0875546857715,0.246333420277,0.483806699514,-0.0897127836943,0.146492242813,0.480647116899,-0.0888023450971,0.0489713847637,0.476494401693,-0.0842410773039,-0.0473973602057,0.475819677114,-0.0705791413784,-0.14464071393,0.473937481642,-0.0563148707151,-0.242093026638,0.470507234335,-0.0326909124851,-0.360914051533,0.453186362982,-0.0551932193339,-0.359338492155,0.328042209148,-0.153145164251,-0.359338492155
1776892339.17,0.489874780178,-0.0938043743372,0.443796694279,0.4872815907,-0.0872022807598,0.345807492733,0.484286993742,-0.0912481248379,0.246688783169,0.481110483408,-0.0942094773054,0.147250473499,0.477684527636,-0.0933569148183,0.0493583977222,0.473299771547,-0.0884057730436,-0.0475990921259,0.472487717867,-0.0752065628767,-0.144946455956,0.469785064459,-0.0596868470311,-0.242035090923,0.467223137617,-0.0366031974554,-0.35949447751,0.446348518133,-0.0594502091408,-0.359338492155,0.32816568017,-0.153098165989,-0.359338492155
1776892339.18,0.486767351627,-0.0994548201561,0.44436404109,0.483022898436,-0.0942172408104,0.346291780472,0.479467719793,-0.0983812361956,0.247024253011,0.47573491931,-0.100972056389,0.147665888071,0.472249954939,-0.100256808102,0.049858212471,0.466796129942,-0.0955124944448,-0.0473209917545,0.46592900157,-0.0816481411457,-0.143978089094,0.46333578229,-0.0664021596313,-0.240766733885,0.460394173861,-0.0434541851282,-0.359411537647,0.439578980207,-0.0637410059571,-0.359338492155,0.32818198204,-0.153117790818,-0.359338492155
1776892339.2,0.483981281519,-0.104926913977,0.444997221231,0.480776697397,-0.0975924357772,0.346710175276,0.47695055604,-0.101425401866,0.2476362288,0.473218291998,-0.10391817987,0.148351281881,0.469496160746,-0.103038534522,0.0506761968136,0.463885039091,-0.098092019558,-0.0469681024551,0.462935596704,-0.0840503871441,-0.143084257841,0.459620803595,-0.0695382505655,-0.240338236094,0.457395762205,-0.0473065637052,-0.358702927828,0.432889312506,-0.0680703595281,-0.359338492155,0.328093409538,-0.152918696404,-0.359338492155
1776892339.21,0.481349289417,-0.110403612256,0.445751100779,0.476682037115,-0.103602737188,0.347522974014,0.472374349833,-0.106346741319,0.24822512269,0.46824529767,-0.107293404639,0.148459360003,0.463680654764,-0.10614246875,0.0510853081942,0.458851605654,-0.101818829775,-0.0456234365702,0.45714071393,-0.0894209966063,-0.143472015858,0.45447704196,-0.0765484943986,-0.24015045166,0.450193554163,-0.0561242215335,-0.358907043934,0.426291257143,-0.0724427774549,-0.359338492155,0.327953517437,-0.153023228049,-0.359338492155
1776892339.23,0.478859901428,-0.115569844842,0.446468114853,0.47485229373,-0.106792397797,0.348109722137,0.470604270697,-0.108541786671,0.248987600207,0.465934425592,-0.108626753092,0.149332493544,0.461749404669,-0.106931604445,0.0518319308758,0.456516474485,-0.102370962501,-0.0457169413567,0.454174607992,-0.090622395277,-0.141641080379,0.450216382742,-0.0793295875192,-0.240240812302,0.447037309408,-0.0610314235091,-0.358836561441,0.419796913862,-0.0768624097109,-0.359338492155,0.328125625849,-0.153018727899,-0.359338492155
1776892339.24,0.47656032443,-0.120440967381,0.447080343962,0.47135540843,-0.112483844161,0.348975419998,0.466573148966,-0.112017191947,0.249774634838,0.461892157793,-0.109800048172,0.149613589048,0.457142800093,-0.107494540513,0.0526555851102,0.45155146718,-0.103390619159,-0.0442000627518,0.448542207479,-0.0940228700638,-0.143639832735,0.445059448481,-0.0848904103041,-0.239947795868,0.440787166357,-0.0713989660144,-0.35919380188,0.413418680429,-0.081333078444,-0.359338492155,0.328110277653,-0.153115928173,-0.359338492155
1776892339.26,0.474493652582,-0.125119373202,0.447578698397,0.469586580992,-0.114531084895,0.349219441414,0.464716643095,-0.113050170243,0.249907508492,0.459789425135,-0.110429994762,0.150617927313,0.454995900393,-0.107514485717,0.0531877651811,0.448976248503,-0.103087075055,-0.0437671691179,0.446213573217,-0.0946260616183,-0.141351610422,0.442261308432,-0.0879381671548,-0.239385843277,0.43735781312,-0.0767587348819,-0.359055638313,0.407169252634,-0.0858581736684,-0.359338492155,0.328185468912,-0.152949348092,-0.359338492155
1776892339.27,0.472687363625,-0.129465103149,0.447994560003,0.466353327036,-0.119565449655,0.350261420012,0.461519271135,-0.115769937634,0.251237154007,0.456432849169,-0.111040838063,0.151321455836,0.451292723417,-0.107134222984,0.0545809715986,0.445393592119,-0.103294730186,-0.0423096865416,0.441645354033,-0.097060136497,-0.141683399677,0.436821967363,-0.0941570550203,-0.23896381259,0.430936962366,-0.0877738893032,-0.35861954093,0.401061683893,-0.0904406681657,-0.359338492155,0.328063219786,-0.152919843793,-0.359338492155
1776892339.29,0.47113314271,-0.133471027017,0.448283940554,0.464910298586,-0.121566683054,0.350284218788,0.460098236799,-0.117084957659,0.251449495554,0.455067783594,-0.111476935446,0.151966094971,0.449783653021,-0.106371857226,0.0547480806708,0.443191081285,-0.103055082262,-0.0418874174356,0.439340740442,-0.0975307747722,-0.139912754297,0.433812171221,-0.0969503447413,-0.238014489412,0.427926450968,-0.0929990261793,-0.357795506716,0.395109206438,-0.0950829982758,-0.359338492155,0.328397333622,-0.153277784586,-0.359338492155
1776892339.3,0.469891220331,-0.136968389153,0.448465824127,0.462580531836,-0.1255864501,0.350898891687,0.457280248404,-0.119306460023,0.25210160017,0.45215305686,-0.1122469455,0.15293481946,0.446350723505,-0.106817923486,0.0562238693237,0.439648479223,-0.104181885719,-0.0408186763525,0.434791594744,-0.100896440446,-0.140469610691,0.428901582956,-0.102601923048,-0.237022697926,0.421761602163,-0.103414744139,-0.357762604952,0.389325410128,-0.099787093699,-0.359338492155,0.328161656857,-0.15288798511,-0.359338492155
1776892339.32,0.469078361988,-0.139578998089,0.448541939259,0.461440116167,-0.127619981766,0.35129570961,0.456266611814,-0.120568163693,0.252534866333,0.450317412615,-0.112900123,0.153141826391,0.444889515638,-0.107531867921,0.0562068149447,0.437407761812,-0.104212194681,-0.0412342250347,0.432837098837,-0.102759025991,-0.140499562025,0.427263051271,-0.106658175588,-0.236024141312,0.419154256582,-0.109910517931,-0.356832832098,0.38372412324,-0.104554273188,-0.359338492155,0.328050762415,-0.152938067913,-0.359338492155
1776892339.33,0.468320578337,-0.142446547747,0.448476314545,0.460503190756,-0.129381373525,0.351367890835,0.45509275794,-0.121947519481,0.252458333969,0.448987215757,-0.113907061517,0.153341844678,0.443729192019,-0.108093291521,0.056291796267,0.436201363802,-0.105765201151,-0.0406238734722,0.430776387453,-0.105066441,-0.140378803015,0.424442619085,-0.110049307346,-0.236462235451,0.416647881269,-0.115304194391,-0.35673519969,0.378319293261,-0.109385244548,-0.359338492155,0.328144043684,-0.153071627021,-0.359338492155
1776892339.35,0.46785441041,-0.144524112344,0.448330461979,0.459025532007,-0.13265863061,0.351385116577,0.453058689833,-0.124936878681,0.252942979336,0.446648925543,-0.116892315447,0.153716593981,0.440531820059,-0.111208774149,0.056757837534,0.432771593332,-0.110132604837,-0.0396569222212,0.426984757185,-0.111008137465,-0.139165878296,0.41970589757,-0.117275729775,-0.236374050379,0.411385864019,-0.125322312117,-0.355660766363,0.373125106096,-0.114280030131,-0.359338492155,0.32805916667,-0.152970537543,-0.359338492155
1776892339.36,0.467505842447,-0.146218001842,0.448059678078,0.459834784269,-0.130996868014,0.351345956326,0.454122930765,-0.123306490481,0.252875089645,0.447953850031,-0.115011669695,0.153455212712,0.441961020231,-0.109465971589,0.0572655498981,0.434736222029,-0.108087830245,-0.0400251597166,0.428618520498,-0.107550352812,-0.139999330044,0.422650784254,-0.113976739347,-0.235711276531,0.413869053125,-0.120436601341,-0.356190562248,0.368155628443,-0.119237944484,-0.359338492155,0.328209608793,-0.153000667691,-0.359338492155
1776892339.38,0.467237770557,-0.14743450284,0.4476737082,0.458129972219,-0.136076018214,0.351352274418,0.45204475522,-0.128468468785,0.252806484699,0.4449018538,-0.120545811951,0.153715014458,0.438138216734,-0.115996479988,0.0564150586724,0.429810732603,-0.116013854742,-0.0402134507895,0.423512786627,-0.117997996509,-0.139669239521,0.415425747633,-0.125096529722,-0.236879169941,0.406425148249,-0.135309651494,-0.355265617371,0.36342510581,-0.124257564545,-0.359338492155,0.328169196844,-0.153100028634,-0.359338492155
1776892339.39,0.467010676861,-0.148363277316,0.447199106216,0.457606524229,-0.140485391021,0.350661337376,0.450789362192,-0.134881392121,0.25192207098,0.443435996771,-0.130162417889,0.153112769127,0.43529984355,-0.127274602652,0.0562273189425,0.425946265459,-0.128331422806,-0.0412653535604,0.417998224497,-0.131364792585,-0.140443235636,0.409584909678,-0.139928460121,-0.236629724503,0.399460107088,-0.148782283068,-0.355798572302,0.358947604895,-0.129336684942,-0.359338492155,0.328103065491,-0.152966246009,-0.359338492155
1776892339.41,0.466792434454,-0.149024024606,0.4467228055,0.457368403673,-0.143341824412,0.350166767836,0.450391620398,-0.140130326152,0.251001536846,0.441875249147,-0.136988222599,0.151816189289,0.433704227209,-0.136235028505,0.0545106455684,0.423242002726,-0.138736963272,-0.0416805148125,0.415338724852,-0.141070023179,-0.140009820461,0.406330853701,-0.149002745748,-0.237958490849,0.396035283804,-0.157062247396,-0.356917202473,0.354736834764,-0.134472310543,-0.359338492155,0.328073561192,-0.152990698814,-0.359338492155
1776892339.42,0.466531425714,-0.149595186114,0.446223109961,0.457251936197,-0.144841089845,0.349697947502,0.45002630353,-0.142769172788,0.250802218914,0.441439837217,-0.14086677134,0.15100671351,0.432958632708,-0.140931725502,0.0540453866124,0.422513872385,-0.144481346011,-0.0424939095974,0.413833707571,-0.147190004587,-0.140790611506,0.404547303915,-0.154860988259,-0.237868130207,0.394213050604,-0.160783752799,-0.357164263725,0.350806385279,-0.13966062665,-0.359338492155,0.328171938658,-0.153055667877,-0.359338492155
1776892339.44,0.466235935688,-0.150048688054,0.445785492659,0.456892520189,-0.146085545421,0.349222838879,0.449622303247,-0.145322829485,0.250311911106,0.441288083792,-0.145720690489,0.151616707444,0.432415276766,-0.146304294467,0.0537779480219,0.421511441469,-0.149465590715,-0.0430326908827,0.41320630908,-0.152293935418,-0.141068905592,0.403081864119,-0.15920932591,-0.238656520844,0.392162948847,-0.164579927921,-0.357601940632,0.347169190645,-0.144896999002,-0.359338492155,0.328013807535,-0.153318494558,-0.359338492155
1776892339.45,0.465837657452,-0.150614008307,0.445409923792,0.455938249826,-0.148965507746,0.348776757717,0.448718696833,-0.151271685958,0.249694660306,0.440324872732,-0.153577849269,0.150635421276,0.431449323893,-0.156728729606,0.0533972978592,0.420401781797,-0.161616355181,-0.0426280796528,0.41130104661,-0.164473891258,-0.14227822423,0.399742335081,-0.167602777481,-0.240617454052,0.388802200556,-0.171830311418,-0.35776796937,0.343837708235,-0.150175958872,-0.359338492155,0.328351587057,-0.153050601482,-0.359338492155
1776892339.47,0.465327858925,-0.151363104582,0.445089221001,0.455732792616,-0.150576606393,0.348289787769,0.448122173548,-0.15416033566,0.249732509255,0.44011798501,-0.15779735148,0.150596901774,0.431057959795,-0.161979779601,0.0533000975847,0.419692605734,-0.166036620736,-0.0434513092041,0.410512119532,-0.16921146214,-0.142858952284,0.400001376867,-0.172887712717,-0.238571196795,0.387308508158,-0.17570091784,-0.357686161995,0.340823680162,-0.155491277575,-0.359338492155,0.328574389219,-0.152897939086,-0.359338492155
1776892339.48,0.464690446854,-0.152360290289,0.444798946381,0.455022007227,-0.15332557261,0.347896158695,0.44750598073,-0.159823536873,0.249393031001,0.439000397921,-0.165734410286,0.15060095489,0.430233448744,-0.171525686979,0.0531684681773,0.418700069189,-0.177383542061,-0.0436681807041,0.409495025873,-0.180060178041,-0.142575591803,0.397786289454,-0.182116523385,-0.236242413521,0.384248048067,-0.183167934418,-0.358119904995,0.338137894869,-0.160835891962,-0.359338492155,0.328574955463,-0.152873769403,-0.359338492155
1776892339.5,0.463928818703,-0.153603136539,0.444558382034,0.455022007227,-0.15332557261,0.347896158695,0.44750598073,-0.159823536873,0.249393031001,0.439000397921,-0.165734410286,0.15060095489,0.430233448744,-0.171525686979,0.0531684681773,0.418700069189,-0.177383542061,-0.0436681807041,0.409495025873,-0.180060178041,-0.142575591803,0.397786289454,-0.182116523385,-0.236242413521,0.384248048067,-0.183167934418,-0.358119904995,0.335790127516,-0.166202008724,-0.359338492155,0.328429102898,-0.152924031019,-0.359338492155
1776892339.51,0.463017314672,-0.155121996999,0.444350153208,0.457685798407,-0.141822606325,0.350343763828,0.450610011816,-0.137568324804,0.251977980137,0.442431360483,-0.13309442997,0.152561143041,0.434403806925,-0.131619736552,0.0550552085042,0.424070507288,-0.132815763354,-0.0416423231363,0.416851192713,-0.136438429356,-0.140709280968,0.40788641572,-0.144384309649,-0.237543404102,0.397586375475,-0.152580499649,-0.356483250856,0.333789080381,-0.1715811342,-0.359338492155,0.328192859888,-0.153077811003,-0.359338492155
1776892339.53,0.462053209543,-0.156764537096,0.444182872772,0.457685798407,-0.141822606325,0.350343763828,0.450610011816,-0.137568324804,0.251977980137,0.442431360483,-0.13309442997,0.152561143041,0.434403806925,-0.131619736552,0.0550552085042,0.424070507288,-0.132815763354,-0.0416423231363,0.416851192713,-0.136438429356,-0.140709280968,0.40788641572,-0.144384309649,-0.237543404102,0.397586375475,-0.152580499649,-0.356483250856,0.332142084837,-0.176964148879,-0.359338492155,0.32833313942,-0.153027325869,-0.359338492155
1776892339.55,0.460532873869,-0.159473180771,0.443942725658,0.452067106962,-0.1621838063,0.347385108471,0.444978028536,-0.172814950347,0.248872414231,0.437439769506,-0.183304399252,0.150503456593,0.428588181734,-0.192589357495,0.0533211529255,0.417386740446,-0.20061019063,-0.0429247766733,0.406925648451,-0.204348966479,-0.142133951187,0.395471185446,-0.206075832248,-0.236472785473,0.381268769503,-0.207817912102,-0.357416063547,0.330855220556,-0.182341337204,-0.359338492155,0.328266203403,-0.153219804168,-0.359338492155
1776892339.56,0.45963537693,-0.161149680614,0.44382289052,0.451224654913,-0.164007976651,0.347348600626,0.444487839937,-0.174592867494,0.2491196841,0.436948508024,-0.184832602739,0.150378748775,0.428539425135,-0.194045364857,0.0533524677157,0.416800945997,-0.202458232641,-0.0430171191692,0.405607372522,-0.206437021494,-0.143446832895,0.394325226545,-0.210257396102,-0.238624483347,0.38083460927,-0.211573123932,-0.35737067461,0.329932957888,-0.187702521682,-0.359338492155,0.328238248825,-0.153351217508,-0.359338492155
1776892339.57,0.458509743214,-0.163344070315,0.443678498268,0.44981983304,-0.166404575109,0.34690117836,0.44336488843,-0.177108734846,0.248709112406,0.436061233282,-0.187244534492,0.150283545256,0.427703291178,-0.19730335474,0.0533275678754,0.415906399488,-0.205961152911,-0.0433451235294,0.406015306711,-0.211294606328,-0.142880529165,0.393390208483,-0.217873975635,-0.237035632133,0.381258517504,-0.220581457019,-0.357529073954,0.329378098249,-0.193037092686,-0.359338492155,0.328307121992,-0.153201788664,-0.359338492155
1776892339.59,0.456967175007,-0.166533902287,0.443568706512,0.449220746756,-0.167686536908,0.347076535225,0.442538648844,-0.177831113338,0.248371481895,0.435189157724,-0.187875896692,0.149577617645,0.427274614573,-0.197746604681,0.0527579188347,0.415905863047,-0.207028687,-0.0439252853394,0.405734032393,-0.212893113494,-0.142962813377,0.394436627626,-0.219640865922,-0.239019155502,0.381707638502,-0.224333450198,-0.357559919357,0.329191952944,-0.19833420217,-0.359338492155,0.32797858119,-0.153287395835,-0.359338492155
1776892339.6,0.455535292625,-0.169634342194,0.443504631519,0.448096960783,-0.168978467584,0.346769213676,0.44172129035,-0.178671762347,0.248688682914,0.434708446264,-0.188085287809,0.149248078465,0.426929980516,-0.197848662734,0.0523644313216,0.415563374758,-0.207570761442,-0.0439275205135,0.405887514353,-0.214614897966,-0.143233865499,0.394705861807,-0.222381457686,-0.239034742117,0.382213324308,-0.229153811932,-0.357350945473,0.329374015331,-0.203582763672,-0.359338492155,0.327900588512,-0.153318539262,-0.359338492155
1776892339.62,0.454027801752,-0.173067614436,0.443465948105,0.446086853743,-0.171798467636,0.346693575382,0.439916282892,-0.180079802871,0.24827465415,0.432703107595,-0.188775077462,0.148735538125,0.425266057253,-0.198194459081,0.0519100800157,0.414984494448,-0.208872810006,-0.0444049984217,0.405975133181,-0.217185214162,-0.143988162279,0.395524650812,-0.227432280779,-0.239269465208,0.38355883956,-0.237793967128,-0.357884973288,0.329922050238,-0.208771660924,-0.359338492155,0.328119277954,-0.153305321932,-0.359338492155
1776892339.63,0.452390789986,-0.176807388663,0.443444043398,0.443930059671,-0.174482479692,0.34613096714,0.437653332949,-0.181366994977,0.247671961784,0.431041032076,-0.188844650984,0.148262500763,0.424236088991,-0.197807401419,0.0515474081039,0.414477080107,-0.209179759026,-0.0447801053524,0.406648308039,-0.219464242458,-0.144135564566,0.396728843451,-0.232354253531,-0.239331871271,0.385219782591,-0.245988383889,-0.357587873936,0.330832034349,-0.213889792562,-0.359338492155,0.328181862831,-0.153193950653,-0.359338492155
1776892339.65,0.450605511665,-0.180800169706,0.443415015936,0.442733854055,-0.17632265389,0.346227109432,0.436759203672,-0.182091340423,0.247290849686,0.430030077696,-0.189272940159,0.148373633623,0.423320025206,-0.197961777449,0.0514379441738,0.414228051901,-0.209265992045,-0.0451794266701,0.406582921743,-0.220121577382,-0.144146442413,0.397335261106,-0.234114319086,-0.23973929882,0.385574668646,-0.249373733997,-0.35805439949,0.332098394632,-0.218926221132,-0.359338492155,0.32821854949,-0.153286516666,-0.359338492155
1776892339.66,0.448696941137,-0.184992939234,0.443317443132,0.440797835588,-0.180187255144,0.346029579639,0.434746712446,-0.184610441327,0.247404575348,0.428433269262,-0.189580544829,0.147892713547,0.422211736441,-0.197884738445,0.0511702820659,0.413551062346,-0.209442660213,-0.0457522422075,0.406963258982,-0.2220608145,-0.143950104713,0.398705333471,-0.238827317953,-0.238764196634,0.387831479311,-0.257107973099,-0.356529146433,0.333713680506,-0.223870292306,-0.359338492155,0.328131377697,-0.153047770262,-0.359338492155
1776892339.68,0.446929991245,-0.188859120011,0.44320577383,0.440061300993,-0.182208582759,0.345815062523,0.433862656355,-0.185965448618,0.247269302607,0.427809506655,-0.190388247371,0.147488594055,0.42165312171,-0.198372676969,0.0507978051901,0.413300305605,-0.21026673913,-0.0455087423325,0.407047837973,-0.223301455379,-0.144887059927,0.399409800768,-0.240743771195,-0.238579601049,0.390524893999,-0.260927468538,-0.356800168753,0.335669010878,-0.228711724281,-0.359338492155,0.328245460987,-0.153233632445,-0.359338492155
1776892339.69,0.444644093513,-0.19382199645,0.443086534739,0.437386780977,-0.186869323254,0.34604844451,0.432294279337,-0.189498871565,0.246951118112,0.426604360342,-0.193056300282,0.147499471903,0.420871526003,-0.199923604727,0.0502086877823,0.41309145093,-0.211648240685,-0.0461626201868,0.407472103834,-0.225466579199,-0.14489287138,0.401101857424,-0.244414135814,-0.239165276289,0.393808871508,-0.267429590225,-0.356675386429,0.337953954935,-0.233440741897,-0.359338492155,0.328252494335,-0.153290197253,-0.359338492155
1776892339.71,0.442843943834,-0.19773799181,0.442965120077,0.436464339495,-0.189485326409,0.345696866512,0.431289345026,-0.19178506732,0.246783345938,0.426227897406,-0.195166707039,0.147310271859,0.420463472605,-0.201364472508,0.0499377250671,0.412994116545,-0.212657541037,-0.0466603636742,0.407610863447,-0.227320641279,-0.144350290298,0.402026921511,-0.24688744545,-0.239118427038,0.395903140306,-0.270006924868,-0.356884270906,0.340556770563,-0.238048121333,-0.359338492155,0.328161418438,-0.153269678354,-0.359338492155
1776892339.72,0.44098341465,-0.201942875981,0.442844152451,0.434085220098,-0.195240825415,0.345776200294,0.429131060839,-0.196622624993,0.246601521969,0.424666076899,-0.199593529105,0.146910309792,0.419653445482,-0.205302849412,0.0496965050697,0.413084954023,-0.216387018561,-0.0471810102463,0.408816426992,-0.230984285474,-0.145237714052,0.404125481844,-0.250324904919,-0.240355759859,0.399421483278,-0.274251520634,-0.357258498669,0.343464523554,-0.242525324225,-0.359338492155,0.328279614449,-0.153307899833,-0.359338492155
1776892339.74,0.439486503601,-0.205598667264,0.442819207907,0.432643264532,-0.197956189513,0.345461547375,0.428011327982,-0.199396431446,0.24637709558,0.423854976892,-0.201942265034,0.146695062518,0.419622927904,-0.207983717322,0.0493261665106,0.413318246603,-0.219113275409,-0.0473939776421,0.40996953845,-0.233093589544,-0.146061241627,0.405330508947,-0.252395838499,-0.240471601486,0.401349574327,-0.276264935732,-0.357730984688,0.346663147211,-0.246864527464,-0.359338492155,0.328175336123,-0.153229057789,-0.359338492155
1776892339.75,0.438227534294,-0.20905764401,0.442826211452,0.430432349443,-0.203529566526,0.345238059759,0.426182061434,-0.205890223384,0.246725469828,0.422562688589,-0.208505257964,0.146472156048,0.419106274843,-0.214316040277,0.0493744015694,0.41411575675,-0.224992200732,-0.0475467145443,0.411717802286,-0.238424003124,-0.146037638187,0.408371597528,-0.256867349148,-0.241406857967,0.405034571886,-0.279317647219,-0.358518689871,0.350137799978,-0.251058667898,-0.359338492155,0.32826089859,-0.15330401063,-0.359338492155
1776892339.77,0.43729031086,-0.212088480592,0.442907840014,0.429308742285,-0.206343859434,0.34531262517,0.425186723471,-0.209394827485,0.246379613876,0.421878486872,-0.212140008807,0.146478548646,0.419037491083,-0.218673571944,0.0494539812207,0.41493794322,-0.22896926105,-0.0469132065773,0.412976115942,-0.241710111499,-0.146388441324,0.409666746855,-0.25898206234,-0.240415215492,0.40674045682,-0.280678153038,-0.359069734812,0.353872865438,-0.255101561546,-0.359338492155,0.328173935413,-0.15323138237,-0.359338492155
1776892339.78,0.436753869057,-0.214303448796,0.442973554134,0.428299695253,-0.211685523391,0.345113158226,0.424042135477,-0.215788587928,0.246502712369,0.421150654554,-0.220430403948,0.146764397621,0.41896250844,-0.227357193828,0.0497928485274,0.415774077177,-0.236924126744,-0.0475202649832,0.415103882551,-0.248243838549,-0.14654737711,0.413076072931,-0.264092713594,-0.241970002651,0.411127597094,-0.281770706177,-0.360137283802,0.357852309942,-0.258987814188,-0.359338492155,0.328198581934,-0.153265759349,-0.359338492155
1776892339.8,0.436341971159,-0.217122837901,0.443054944277,0.428003400564,-0.214277416468,0.34532186389,0.423935562372,-0.219485282898,0.246429234743,0.420760661364,-0.224527925253,0.147270798683,0.419001430273,-0.231492236257,0.0495830178261,0.416346341372,-0.241311371326,-0.047414585948,0.415963739157,-0.251987367868,-0.146477103233,0.414622575045,-0.265898346901,-0.242034167051,0.413210421801,-0.281651109457,-0.360666185617,0.362059742212,-0.262712925673,-0.359338492155,0.328251600266,-0.15324549377,-0.359338492155
1776892339.81,0.436386108398,-0.219642311335,0.443253576756,0.427946537733,-0.219335868955,0.345777601004,0.424283772707,-0.226046219468,0.246730446815,0.4215683043,-0.233301371336,0.148010447621,0.420014888048,-0.240887135267,0.0499276742339,0.417232424021,-0.250603199005,-0.0468587130308,0.418461829424,-0.259246975183,-0.145130306482,0.417162626982,-0.270403087139,-0.242392390966,0.417852431536,-0.282162874937,-0.360812306404,0.366478532553,-0.266273260117,-0.359338492155,0.328081011772,-0.153125405312,-0.359338492155
1776892339.83,0.436633974314,-0.221357807517,0.443402945995,0.42831543088,-0.221358135343,0.345435857773,0.424767404795,-0.229568079114,0.247347295284,0.422028034925,-0.237027302384,0.147444784641,0.420840770006,-0.245970010757,0.0505895167589,0.418134123087,-0.255093067884,-0.046424716711,0.418754667044,-0.262776792049,-0.146239161491,0.418302923441,-0.272043704987,-0.243721246719,0.419994741678,-0.282237052917,-0.36113807559,0.371092230082,-0.269665956497,-0.359338492155,0.328176230192,-0.153256461024,-0.359338492155
1776892339.84,0.437191784382,-0.223196417093,0.443626493216,0.429405421019,-0.225896462798,0.345836043358,0.426223307848,-0.235646039248,0.247716590762,0.423842579126,-0.244994625449,0.148110151291,0.422618955374,-0.254551261663,0.0510744154453,0.419777065516,-0.263562232256,-0.0459497570992,0.420576423407,-0.269691884518,-0.146169751883,0.421009033918,-0.275721132755,-0.243488281965,0.424495369196,-0.281962037086,-0.361050367355,0.375884622335,-0.272888988256,-0.359338492155,0.328225791454,-0.153289571404,-0.359338492155
1776892339.86,0.437813639641,-0.224832043052,0.443889409304,0.430352956057,-0.227909848094,0.346167564392,0.427519291639,-0.238692507148,0.247598528862,0.425180226564,-0.248808592558,0.148466989398,0.423690885305,-0.258650511503,0.0515217334032,0.420885235071,-0.267578661442,-0.0454029589891,0.422372788191,-0.272859960794,-0.144932448864,0.42294755578,-0.277333199978,-0.243121117353,0.426877707243,-0.281903862953,-0.361138671637,0.38083961606,-0.275941073895,-0.359338492155,0.328304499388,-0.153372585773,-0.359338492155
1776892339.87,0.438811272383,-0.227066531777,0.444274008274,0.431774526834,-0.232023105025,0.346748948097,0.429464071989,-0.243829444051,0.248353093863,0.427509754896,-0.254847735167,0.149598687887,0.426562339067,-0.265430927277,0.0528007522225,0.423482984304,-0.273626804352,-0.0453572124243,0.424510985613,-0.277625054121,-0.145187824965,0.426101833582,-0.280478566885,-0.242672383785,0.430569142103,-0.280996263027,-0.360412269831,0.385941892862,-0.278821647167,-0.359338492155,0.328330814838,-0.153378382325,-0.359338492155
1776892339.89,0.439911782742,-0.229407891631,0.444775134325,0.432997018099,-0.233842626214,0.347098171711,0.430664747953,-0.245938122272,0.248588338494,0.428752094507,-0.25723400712,0.149437040091,0.427772730589,-0.267649233341,0.0525295063853,0.425171762705,-0.276022404432,-0.0445479601622,0.426644235849,-0.279482215643,-0.14439457655,0.427778989077,-0.281578809023,-0.242666512728,0.43267545104,-0.281527161598,-0.360510975122,0.391176611185,-0.281530797482,-0.359338492155,0.328320086002,-0.153317436576,-0.359338492155
1776892339.9,0.440743714571,-0.231397658587,0.4451803267,0.434998959303,-0.237063243985,0.347520679235,0.433005303144,-0.249327749014,0.248955205083,0.431534796953,-0.260800302029,0.149860233068,0.431165128946,-0.271180719137,0.0531082376838,0.429132133722,-0.279276877642,-0.0440735816956,0.431387096643,-0.28217330575,-0.143870234489,0.432892292738,-0.283232092857,-0.240694403648,0.436481922865,-0.281777113676,-0.360008269548,0.396529585123,-0.284069120884,-0.359338492155,0.328246027231,-0.153289675713,-0.359338492155
1776892339.92,0.441979974508,-0.234762996435,0.445892482996,0.436047881842,-0.238633930683,0.347670257092,0.434472113848,-0.25088095665,0.24949541688,0.433205574751,-0.261907041073,0.150264248252,0.432898193598,-0.272240191698,0.0535946711898,0.431161016226,-0.279948204756,-0.0437130331993,0.433932155371,-0.282510519028,-0.142798870802,0.435529381037,-0.283881396055,-0.240151554346,0.438250929117,-0.281977146864,-0.359636723995,0.401987463236,-0.286437779665,-0.359338492155,0.328276872635,-0.153223499656,-0.359338492155
1776892339.93,0.442971646786,-0.237917110324,0.4465508461,0.438220828772,-0.24146258831,0.348434209824,0.437042504549,-0.252831757069,0.250277519226,0.436442166567,-0.262975305319,0.150684446096,0.437039881945,-0.272354125977,0.0536347329617,0.435958534479,-0.279855340719,-0.0441083163023,0.437619060278,-0.282349765301,-0.144190818071,0.439180105925,-0.284088850021,-0.240627139807,0.441948324442,-0.283609986305,-0.359432041645,0.407537907362,-0.288638293743,-0.359338492155,0.328303694725,-0.153338655829,-0.359338492155
1776892339.95,0.443890213966,-0.241149306297,0.447396397591,0.439357846975,-0.243048459291,0.348738431931,0.438835650682,-0.253441154957,0.25005543232,0.438662081957,-0.262683540583,0.15043643117,0.439551562071,-0.272244632244,0.0541495978832,0.438296824694,-0.279171347618,-0.04367852211,0.440256983042,-0.28216984868,-0.143638342619,0.441645592451,-0.284256517887,-0.240357816219,0.443796902895,-0.283645063639,-0.359580427408,0.413169175386,-0.290672540665,-0.359338492155,0.328352063894,-0.153285861015,-0.359338492155
1776892339.96,0.444836109877,-0.245232909918,0.448299378157,0.441970556974,-0.246338307858,0.349897474051,0.442173093557,-0.254429101944,0.251131772995,0.442507177591,-0.26190200448,0.151472434402,0.444013744593,-0.268955111504,0.053720459342,0.44313237071,-0.276425123215,-0.0432997047901,0.445448309183,-0.279581844807,-0.141808867455,0.445546060801,-0.283421188593,-0.240218311548,0.447606414557,-0.284960001707,-0.359690487385,0.418870717287,-0.292542695999,-0.359338492155,0.32822060585,-0.153300732374,-0.359338492155
1776892339.98,0.445490270853,-0.248782217503,0.449032902718,0.443267613649,-0.247744992375,0.349721729755,0.444005340338,-0.254680722952,0.251159071922,0.444894880056,-0.260880172253,0.151536807418,0.446334272623,-0.267389804125,0.0541254431009,0.445334225893,-0.274394780397,-0.0433445721865,0.447585552931,-0.278046309948,-0.141514629126,0.447678595781,-0.281908750534,-0.240937232971,0.44920656085,-0.285741537809,-0.359086453915,0.424632817507,-0.29425111413,-0.359338492155,0.328320533037,-0.153228119016,-0.359338492155
1776892339.99,0.446200311184,-0.253459095955,0.450102239847,0.447056919336,-0.170243710279,0.346580088139,0.440568178892,-0.179450064898,0.248331815004,0.433865040541,-0.188520550728,0.14915433526,0.42615917325,-0.198716431856,0.0525590106845,0.415154367685,-0.208326846361,-0.0441187769175,0.405799299479,-0.216172724962,-0.143613100052,0.395026832819,-0.224715813994,-0.239519506693,0.382894128561,-0.233826056123,-0.357892513275,0.430446594954,-0.295800209045,-0.359338492155,0.327845931053,-0.15338717401,-0.359338492155
1776892340.01,0.446542680264,-0.258290022612,0.451163709164,0.446725815535,-0.252854168415,0.351680010557,0.44909080863,-0.255797028542,0.252566039562,0.451260000467,-0.258006930351,0.15279468894,0.453512698412,-0.262533843517,0.0558884292841,0.452580720186,-0.267717987299,-0.0417591035366,0.453984886408,-0.273008704185,-0.141182035208,0.453950256109,-0.279720515013,-0.238560140133,0.454876810312,-0.288230717182,-0.357092827559,0.43630412221,-0.29719248414,-0.359338492155,0.328147739172,-0.153330460191,-0.359338492155
1776892340.02,0.446689635515,-0.262908697128,0.45199868083,0.449220746756,-0.256715834141,0.352972626686,0.452050179243,-0.256450593472,0.253658771515,0.454619973898,-0.256533682346,0.153817877173,0.457283169031,-0.258538216352,0.0565625205636,0.4566667974,-0.263747185469,-0.0406763851643,0.458000034094,-0.269151687622,-0.139802783728,0.458431869745,-0.27810972929,-0.236317843199,0.458818286657,-0.289658248425,-0.355705976486,0.442198425531,-0.298430383205,-0.359338492155,0.328328996897,-0.153198421001,-0.359338492155
1776892340.04,0.446649909019,-0.268399178982,0.453026652336,0.4478995502,-0.254260003567,0.352016299963,0.450303941965,-0.256373941898,0.253603696823,0.453144282103,-0.256954967976,0.153040021658,0.45556011796,-0.260811656713,0.0567491427064,0.454595595598,-0.265466243029,-0.0415430217981,0.456278592348,-0.271015137434,-0.139059960842,0.456153839827,-0.279212832451,-0.237446427345,0.456471055746,-0.288680911064,-0.356837332249,0.448123186827,-0.299516290426,-0.359338492155,0.328246980906,-0.153260096908,-0.359338492155
1776892340.05,0.44640314579,-0.273571431637,0.453890025616,0.450538665056,-0.263299882412,0.354533404112,0.455134660006,-0.259014487267,0.255521804094,0.458818823099,-0.255894094706,0.156032651663,0.462208122015,-0.255494773388,0.0589299872518,0.462145537138,-0.259273946285,-0.0386624783278,0.464574068785,-0.264997005463,-0.137569576502,0.464583903551,-0.275671064854,-0.234728425741,0.464582532644,-0.289391368628,-0.353385835886,0.454072862864,-0.300452440977,-0.359338492155,0.328325331211,-0.153381928802,-0.359338492155
1776892340.07,0.445964485407,-0.278670102358,0.454662233591,0.450925737619,-0.265798568726,0.355478197336,0.455674678087,-0.260947734118,0.256920993328,0.459765940905,-0.256074845791,0.156714856625,0.463792771101,-0.255160987377,0.059825271368,0.464203685522,-0.258346498013,-0.0382906645536,0.466275542974,-0.264742016792,-0.137263000011,0.466615051031,-0.275446414948,-0.233464360237,0.466739624739,-0.289254844189,-0.351882666349,0.46004268527,-0.301240861416,-0.359338492155,0.32829117775,-0.153387665749,-0.359338492155
1776892340.09,0.445371240377,-0.283860862255,0.455289125443,0.449382394552,-0.258513599634,0.353335797787,0.453002780676,-0.257012337446,0.254240036011,0.456541925669,-0.256078630686,0.154672518373,0.458979457617,-0.257510960102,0.0576501563191,0.458794444799,-0.261886388063,-0.0403719842434,0.460095435381,-0.267111688852,-0.14002841711,0.460241228342,-0.277060180902,-0.236562371254,0.460734993219,-0.289975821972,-0.354928970337,0.466028243303,-0.301883339882,-0.359338492155,0.328169822693,-0.153247371316,-0.359338492155
1776892340.1,0.444598197937,-0.289023518562,0.455812573433,0.451076239347,-0.271537125111,0.356855243444,0.456519991159,-0.264527142048,0.25816950202,0.46163597703,-0.258623063564,0.158922865987,0.466160684824,-0.255494296551,0.061041675508,0.46701619029,-0.258521825075,-0.036018922925,0.469814032316,-0.263805866241,-0.135188251734,0.47037628293,-0.274873405695,-0.23232537508,0.470645278692,-0.288313776255,-0.350510716438,0.472025901079,-0.302381426096,-0.359338492155,0.328418165445,-0.153134837747,-0.359338492155
1776892340.11,0.443708300591,-0.294073820114,0.45613604784,0.450772613287,-0.281217813492,0.358159601688,0.45688059926,-0.272656798363,0.259516119957,0.462798506021,-0.265282660723,0.160247117281,0.46833434701,-0.261043637991,0.0631899684668,0.470512062311,-0.26222422719,-0.0345360934734,0.47413995862,-0.265135914087,-0.133167266846,0.475605159998,-0.274431347847,-0.230270087719,0.477186948061,-0.285842895508,-0.349078536034,0.478032201529,-0.302736312151,-0.359338492155,0.328328818083,-0.153053373098,-0.359338492155
1776892340.13,0.442925333977,-0.298736125231,0.456341803074,0.450399428606,-0.2848110497,0.358332276344,0.45677831769,-0.276338517666,0.259752631187,0.463329821825,-0.268726199865,0.160981357098,0.468556195498,-0.263765305281,0.0631380900741,0.471058338881,-0.263939529657,-0.0343189388514,0.475629359484,-0.266790628433,-0.131841301918,0.477361291647,-0.2743948102,-0.229897707701,0.479296714067,-0.284437417984,-0.349274158478,0.484044104815,-0.302948862314,-0.359338492155,0.328160524368,-0.153174877167,-0.359338492155
1776892340.14,0.442238777876,-0.303256869316,0.456529140472,0.449330300093,-0.292566537857,0.358825683594,0.456307500601,-0.284741580486,0.260533422232,0.462659567595,-0.276132553816,0.161057919264,0.46892401576,-0.27087828517,0.0640387833118,0.471956580877,-0.269431620836,-0.0336993634701,0.477541834116,-0.269953906536,-0.131246626377,0.480194300413,-0.274688214064,-0.229576319456,0.48411616683,-0.280822962523,-0.348550498486,0.490058749914,-0.303019672632,-0.359338492155,0.328282624483,-0.153227508068,-0.359338492155
1776892340.16,0.441917836666,-0.306772202253,0.45638602972,0.448597460985,-0.296176761389,0.358906209469,0.455470949411,-0.288517445326,0.260075181723,0.462302058935,-0.280900061131,0.16125357151,0.46921107173,-0.274700582027,0.0642686411738,0.472053259611,-0.272461980581,-0.0340471714735,0.478634625673,-0.272338479757,-0.131169527769,0.481924504042,-0.275069504976,-0.229612648487,0.486884742975,-0.279408246279,-0.348225235939,0.490058749914,-0.303019672632,-0.359338492155,0.328188180923,-0.153186172247,-0.359338492155
1776892340.17,0.441888362169,-0.309601932764,0.45615041256,0.447451263666,-0.302843391895,0.358782291412,0.454570263624,-0.297208935022,0.260534286499,0.461133986712,-0.290444463491,0.160906255245,0.467760294676,-0.284067392349,0.0636019334197,0.472242623568,-0.280943989754,-0.0336754620075,0.48007068038,-0.27582359314,-0.129645824432,0.484736531973,-0.276568114758,-0.228958338499,0.490903884172,-0.275612175465,-0.348260253668,0.490058749914,-0.303019672632,-0.359338492155,0.328219592571,-0.153153136373,-0.359338492155
1776892340.19,0.442168980837,-0.311742603779,0.455660670996,0.447010248899,-0.306249886751,0.358933806419,0.453528314829,-0.301542311907,0.260512799025,0.460332900286,-0.295285820961,0.160545200109,0.467435330153,-0.289387881756,0.063743904233,0.471912890673,-0.284702956676,-0.0343095064163,0.48061016202,-0.279657900333,-0.130654275417,0.486174553633,-0.277378320694,-0.228932529688,0.493835896254,-0.274564117193,-0.34794279933,0.490058749914,-0.303019672632,-0.359338492155,0.328127890825,-0.153023406863,-0.359338492155
1776892340.2,0.442896872759,-0.313062012196,0.455155700445,0.44675758481,-0.312169849873,0.358867824078,0.452048808336,-0.309159129858,0.259524285793,0.458535224199,-0.30479028821,0.159992590547,0.466061085463,-0.299513250589,0.0627979710698,0.471248656511,-0.29355481267,-0.0349157303572,0.480511456728,-0.284942030907,-0.132631838322,0.489024966955,-0.27994826436,-0.229113280773,0.497895866632,-0.270785242319,-0.347286641598,0.490058749914,-0.303019672632,-0.359338492155,0.328041225672,-0.153055161238,-0.359338492155
1776892340.22,0.443917304277,-0.313782781363,0.454572021961,0.44612583518,-0.314111083746,0.358201026917,0.451498776674,-0.312377870083,0.25925976038,0.457534879446,-0.309357434511,0.159667953849,0.466008156538,-0.304757744074,0.0641709640622,0.47113648057,-0.298101276159,-0.0350001752377,0.481896787882,-0.288322508335,-0.129981219769,0.490280002356,-0.280795753002,-0.227930188179,0.50008058548,-0.269181966782,-0.347346484661,0.490058749914,-0.303019672632,-0.359338492155,0.328034967184,-0.153024062514,-0.359338492155
1776892340.23,0.445166021585,-0.313941925764,0.453739285469,0.446325927973,-0.318272441626,0.357701599598,0.451098114252,-0.318588316441,0.258772552013,0.456709355116,-0.317367970943,0.158909261227,0.464599281549,-0.31312417984,0.0624810233712,0.470887869596,-0.306657612324,-0.0358234792948,0.48168566823,-0.295360386372,-0.131446689367,0.491968482733,-0.283489853144,-0.228352844715,0.503590345383,-0.26609313488,-0.346810132265,0.490058749914,-0.303019672632,-0.359338492155,0.328210830688,-0.152991890907,-0.359338492155
1776892340.25,0.446609586477,-0.313698858023,0.45292571187,0.446544438601,-0.319100320339,0.357030332088,0.450980812311,-0.321257889271,0.258532762527,0.456572443247,-0.320699959993,0.158615574241,0.463349372149,-0.316793143749,0.0616584457457,0.469028443098,-0.310055077076,-0.036802560091,0.482271641493,-0.296706855297,-0.130081444979,0.492410689592,-0.284609884024,-0.228388220072,0.505712747574,-0.264885187149,-0.346273601055,0.490058749914,-0.303019672632,-0.359338492155,0.328108102083,-0.153056055307,-0.359338492155
1776892340.27,0.448142915964,-0.313233911991,0.452030390501,0.447788387537,-0.320751875639,0.355785608292,0.451702564955,-0.324701011181,0.257092237473,0.456439346075,-0.325875073671,0.15732948482,0.462898403406,-0.323411941528,0.0601252168417,0.46933594346,-0.316859155893,-0.0368771255016,0.482419043779,-0.302050322294,-0.131390452385,0.494223743677,-0.286636352539,-0.229062080383,0.508897542953,-0.262998104095,-0.345846801996,0.490058749914,-0.303019672632,-0.359338492155,0.328002780676,-0.15304890275,-0.359338492155
1776892340.28,0.449722230434,-0.312680989504,0.451175481081,0.448650747538,-0.321130990982,0.356132805347,0.451922684908,-0.325782805681,0.257389485836,0.4565064013,-0.327857047319,0.157178223133,0.463215559721,-0.326066374779,0.0600198432803,0.469315260649,-0.319444090128,-0.0380067974329,0.482572764158,-0.303646117449,-0.131966680288,0.49464854598,-0.287220150232,-0.228596031666,0.510533213615,-0.262735784054,-0.345339298248,0.490058749914,-0.303019672632,-0.359338492155,0.328014552593,-0.15307751298,-0.359338492155
1776892340.29,0.451293051243,-0.312091201544,0.450350433588,0.450462549925,-0.320792257786,0.354398667812,0.453613013029,-0.326132237911,0.255496442318,0.457326740026,-0.329884678125,0.156166017056,0.463227063417,-0.328761100769,0.0584465935826,0.469187289476,-0.322430163622,-0.0393609553576,0.482556074858,-0.308852463961,-0.134272307158,0.496530324221,-0.289697736502,-0.229433983564,0.513195991516,-0.263043016195,-0.345378160477,0.490058749914,-0.303019672632,-0.359338492155,0.328122615814,-0.153011858463,-0.359338492155
1776892340.31,0.452793121338,-0.311521977186,0.449506700039,0.451503485441,-0.320210754871,0.353799283504,0.454367130995,-0.326345652342,0.255375683308,0.458291381598,-0.329765617847,0.155472904444,0.463713437319,-0.329222291708,0.0579556971788,0.470410436392,-0.323202043772,-0.0388720333576,0.483156293631,-0.308397680521,-0.133916169405,0.496943444014,-0.290076047182,-0.229783385992,0.51419699192,-0.263754069805,-0.345819562674,0.490058749914,-0.303019672632,-0.359338492155,0.328051924706,-0.152991473675,-0.359338492155
1776892340.32,0.454172462225,-0.311008870602,0.448752403259,0.453732460737,-0.319184184074,0.352974265814,0.456640511751,-0.324679911137,0.254188746214,0.460294693708,-0.327942162752,0.154317170382,0.465676993132,-0.327910780907,0.0567478835583,0.470651000738,-0.322571963072,-0.040934830904,0.483266919851,-0.311706900597,-0.134850084782,0.498232156038,-0.290980160236,-0.231424748898,0.51545214653,-0.265312880278,-0.347078055143,0.490058749914,-0.303019672632,-0.359338492155,0.328106433153,-0.153018191457,-0.359338492155
1776892340.34,0.455704927444,-0.310484498739,0.447842746973,0.451261729002,-0.274779498577,0.357337415218,0.456640809774,-0.26717621088,0.258549690247,0.462188094854,-0.260218352079,0.159396931529,0.466793209314,-0.257207512856,0.061826877296,0.468460410833,-0.259140789509,-0.0356308072805,0.47148129344,-0.264312624931,-0.134712576866,0.471953362226,-0.27436324954,-0.232140213251,0.472746223211,-0.287579417229,-0.350369304419,0.490058749914,-0.303019672632,-0.359338492155,0.32843786478,-0.153201580048,-0.359338492155
1776892340.35,0.456875681877,-0.310078799725,0.447097629309,0.45666244626,-0.316878199577,0.351111292839,0.459954768419,-0.319845497608,0.251827538013,0.464231222868,-0.321718454361,0.152106329799,0.470391303301,-0.321371406317,0.0554032996297,0.474339872599,-0.317255944014,-0.0434267669916,0.488404482603,-0.304661095142,-0.136819750071,0.50083053112,-0.292012900114,-0.234301418066,0.516863584518,-0.270837843418,-0.35208311677,0.490058749914,-0.303019672632,-0.359338492155,0.3281429708,-0.153021588922,-0.359338492155
1776892340.37,0.458276748657,-0.309544801712,0.44621399045,0.45666244626,-0.316878199577,0.351111292839,0.459954768419,-0.319845497608,0.251827538013,0.464231222868,-0.321718454361,0.152106329799,0.470391303301,-0.321371406317,0.0554032996297,0.474339872599,-0.317255944014,-0.0434267669916,0.488404482603,-0.304661095142,-0.136819750071,0.50083053112,-0.292012900114,-0.234301418066,0.516863584518,-0.270837843418,-0.35208311677,0.490058749914,-0.303019672632,-0.359338492155,0.328029930592,-0.153040423989,-0.359338492155
1776892340.38,0.459431678057,-0.309025853872,0.445449233055,0.460087865591,-0.313849151134,0.349525570869,0.464221030474,-0.313641190529,0.250345647335,0.469535201788,-0.312728822231,0.150745153427,0.475939542055,-0.310489177704,0.0529860109091,0.481233090162,-0.307049870491,-0.0442968010902,0.492668300867,-0.297614693642,-0.138183772564,0.503695487976,-0.291114836931,-0.237322509289,0.516167163849,-0.278526514769,-0.355993926525,0.490058749914,-0.303019672632,-0.359338492155,0.328214168549,-0.153048917651,-0.359338492155
1776892340.4,0.460547983646,-0.308394193649,0.444735765457,0.454506486654,-0.318344563246,0.35171636939,0.457590848207,-0.323397308588,0.25393357873,0.461373835802,-0.326504588127,0.153641045094,0.466658681631,-0.326382517815,0.0561084896326,0.472177654505,-0.321549117565,-0.0421969741583,0.484753042459,-0.312013179064,-0.134879648685,0.499176889658,-0.29175183177,-0.232356876135,0.516079425812,-0.267202168703,-0.348695337772,0.490058749914,-0.303019672632,-0.359338492155,0.328056007624,-0.153005376458,-0.359338492155
1776892340.41,0.461514681578,-0.307731240988,0.444049209356,0.461458474398,-0.312132745981,0.348597943783,0.465932041407,-0.311552345753,0.250107586384,0.471302360296,-0.309388279915,0.150266692042,0.478469520807,-0.306830585003,0.0534666776657,0.483443170786,-0.303348064423,-0.0447856336832,0.494861930609,-0.295713305473,-0.139974951744,0.504070401192,-0.291020512581,-0.238224029541,0.516023039818,-0.281379669905,-0.358425676823,0.490058749914,-0.303019672632,-0.359338492155,0.328139156103,-0.153039783239,-0.359338492155
1776892340.43,0.462586760521,-0.306826025248,0.443292230368,0.463436037302,-0.309473931789,0.347731053829,0.469461470842,-0.306264042854,0.248747199774,0.475707918406,-0.30263993144,0.149612814188,0.483314484358,-0.298016220331,0.0527561753988,0.488110095263,-0.294619172812,-0.0455088019371,0.497846692801,-0.291035562754,-0.141916036606,0.505079269409,-0.289421468973,-0.240627169609,0.514449954033,-0.287446677685,-0.359715551138,0.490058749914,-0.303019672632,-0.359338492155,0.328236222267,-0.152945846319,-0.359338492155
1776892340.44,0.463579684496,-0.305824011564,0.442627161741,0.467185467482,-0.30506581068,0.346659064293,0.474543422461,-0.299103587866,0.248528540134,0.481804341078,-0.292062073946,0.148430228233,0.489358276129,-0.286767303944,0.0514122694731,0.494231492281,-0.28522413969,-0.0463531166315,0.501517891884,-0.285846173763,-0.143304467201,0.506633162498,-0.289681851864,-0.24138468504,0.512223958969,-0.29663798213,-0.361155748367,0.490058749914,-0.303019672632,-0.359338492155,0.328090727329,-0.1530059129,-0.359338492155
1776892340.46,0.464551120996,-0.304757505655,0.442053824663,0.468290060759,-0.303422033787,0.346026480198,0.475944489241,-0.296288520098,0.248181819916,0.483713597059,-0.288958460093,0.148250520229,0.491714090109,-0.284004211426,0.0512482747436,0.496288388968,-0.282981097698,-0.046389952302,0.502666115761,-0.283915966749,-0.145675182343,0.506801843643,-0.290428072214,-0.241332650185,0.511717915535,-0.299066960812,-0.360780000687,0.490058749914,-0.303019672632,-0.359338492155,0.32818377018,-0.153056532145,-0.359338492155
1776892340.47,0.465637505054,-0.303539812565,0.441599845886,0.470201164484,-0.300789326429,0.345481514931,0.478680580854,-0.29202029109,0.246876776218,0.487222999334,-0.284140437841,0.147762000561,0.494374066591,-0.278880923986,0.050192669034,0.49850961566,-0.279501199722,-0.046652585268,0.504413723946,-0.282749325037,-0.144934803247,0.506832242012,-0.291624218225,-0.242852836847,0.509556055069,-0.303701817989,-0.361782550812,0.490058749914,-0.303019672632,-0.359338492155,0.32812294364,-0.1529071033,-0.359338492155
1776892340.49,0.466941595078,-0.302081972361,0.441258698702,0.464746922255,-0.307788133621,0.346971362829,0.470978111029,-0.303636848927,0.248295292258,0.477867871523,-0.298917621374,0.14880207181,0.484896153212,-0.294506460428,0.0520224571228,0.490196794271,-0.291682749987,-0.0455822050571,0.499320596457,-0.2888058424,-0.142594724894,0.506080031395,-0.289473831654,-0.240779668093,0.513890743256,-0.290865570307,-0.359779298306,0.490058749914,-0.303019672632,-0.359338492155,0.328107893467,-0.153025045991,-0.359338492155
1776892340.5,0.468492746353,-0.300361484289,0.44110006094,0.472571223974,-0.296885251999,0.343608915806,0.481472045183,-0.28861618042,0.246620774269,0.489875644445,-0.28034850955,0.147081434727,0.497572511435,-0.276251167059,0.049830660224,0.50093793869,-0.278474777937,-0.0479748249054,0.504838585854,-0.284078806639,-0.147316843271,0.506586551666,-0.295260846615,-0.24345266819,0.5073980093,-0.309983313084,-0.361560940742,0.490058749914,-0.303019672632,-0.359338492155,0.328123927116,-0.153035745025,-0.359338492155
1776892340.52,0.470246374607,-0.298452109098,0.441184163094,0.473047405481,-0.296362429857,0.343651741743,0.481580168009,-0.287887513638,0.246057420969,0.490092366934,-0.279774367809,0.146267190576,0.497773438692,-0.276498258114,0.0496218129992,0.500961065292,-0.279136329889,-0.048130095005,0.504778265953,-0.285162329674,-0.147599905729,0.506420254707,-0.296885579824,-0.24352824688,0.507095336914,-0.311211258173,-0.362004965544,0.490058749914,-0.303019672632,-0.359338492155,0.328201323748,-0.153043851256,-0.359338492155
1776892340.53,0.472127705812,-0.296455353498,0.441429525614,0.474942237139,-0.295173376799,0.343766868114,0.482564896345,-0.288048505783,0.245086550713,0.490192204714,-0.282278448343,0.146213576198,0.49712279439,-0.279470264912,0.0486712530255,0.500475764275,-0.282224565744,-0.0486565083265,0.504142284393,-0.288235753775,-0.148115009069,0.505301952362,-0.299666851759,-0.244236439466,0.505991220474,-0.313807159662,-0.36283749342,0.490058749914,-0.303019672632,-0.359338492155,0.328088879585,-0.153027758002,-0.359338492155
1776892340.55,0.474215239286,-0.294354319572,0.441855341196,0.475682288408,-0.294927030802,0.343498319387,0.482867568731,-0.288856744766,0.245212644339,0.489981204271,-0.283609092236,0.145861685276,0.49677374959,-0.281659960747,0.0489883199334,0.499788314104,-0.284647285938,-0.0482629835606,0.503751277924,-0.290403544903,-0.147955626249,0.504701495171,-0.301276236773,-0.244396537542,0.505677223206,-0.314661353827,-0.363097399473,0.490058749914,-0.303019672632,-0.359338492155,0.328056186438,-0.153100699186,-0.359338492155
1776892340.56,0.476338118315,-0.292319566011,0.442397326231,0.476625949144,-0.294271737337,0.343481838703,0.48318579793,-0.289493083954,0.24502915144,0.489506810904,-0.285723388195,0.145806133747,0.495412915945,-0.283996224403,0.0481197834015,0.498309761286,-0.287240326405,-0.0489564090967,0.502994775772,-0.292852371931,-0.147016257048,0.504087328911,-0.303021103144,-0.244868814945,0.5050573349,-0.316004127264,-0.363509476185,0.490058749914,-0.303019672632,-0.359338492155,0.328089356422,-0.153028234839,-0.359338492155
1776892340.58,0.478902935982,-0.289933264256,0.443078458309,0.47844144702,-0.294119387865,0.344548195601,0.483428269625,-0.291813373566,0.245333105326,0.488048046827,-0.290508925915,0.145979896188,0.493432849646,-0.290955424309,0.0487410202622,0.495664983988,-0.2941390872,-0.0481088459492,0.500295639038,-0.29849806428,-0.147066771984,0.502182841301,-0.306145250797,-0.24577537179,0.504621505737,-0.316325575113,-0.363515675068,0.490058749914,-0.303019672632,-0.359338492155,0.328059464693,-0.153117612004,-0.359338492155
1776892340.59,0.481463015079,-0.287665039301,0.44376885891,0.477916747332,-0.294211447239,0.34434902668,0.483236759901,-0.290786534548,0.245201662183,0.488726824522,-0.287804245949,0.145267575979,0.494706243277,-0.287222057581,0.0485315620899,0.496780067682,-0.290188312531,-0.0491913259029,0.501924276352,-0.295645594597,-0.146355271339,0.502929925919,-0.305167406797,-0.244386762381,0.505118727684,-0.316239207983,-0.363120764494,0.490058749914,-0.303019672632,-0.359338492155,0.32800117135,-0.153097450733,-0.359338492155
1776892340.61,0.48418995738,-0.285485267639,0.444477021694,0.480582505465,-0.293590903282,0.345206737518,0.483850091696,-0.29455769062,0.24697881937,0.487157613039,-0.295730948448,0.146831214428,0.490815907717,-0.297592520714,0.0489152744412,0.492125064135,-0.301312059164,-0.0484146922827,0.496842235327,-0.304934173822,-0.146488517523,0.499847859144,-0.310518294573,-0.244512528181,0.504167556763,-0.316963016987,-0.363636285067,0.490058749914,-0.303019672632,-0.359338492155,0.328063666821,-0.152998417616,-0.359338492155
1776892340.62,0.486676543951,-0.283718973398,0.445121377707,0.482867389917,-0.293883115053,0.346769452095,0.484091490507,-0.297522217035,0.247418940067,0.485543638468,-0.300902217627,0.147147744894,0.48793938756,-0.30453684926,0.050041012466,0.488569349051,-0.308984905481,-0.0471274703741,0.492475599051,-0.311051160097,-0.147629767656,0.497015148401,-0.315183848143,-0.243180036545,0.503331780434,-0.316950231791,-0.362687379122,0.490058749914,-0.303019672632,-0.359338492155,0.328141093254,-0.153009191155,-0.359338492155
1776892340.64,0.489910274744,-0.281668782234,0.445910394192,0.481479436159,-0.293776810169,0.345573484898,0.484014838934,-0.296583205462,0.247194319963,0.486475020647,-0.298612445593,0.146918386221,0.489574104548,-0.301358193159,0.04983279109,0.490073412657,-0.305176287889,-0.0477435588837,0.494816690683,-0.307568341494,-0.14740729332,0.498473674059,-0.312879621983,-0.243827283382,0.503839373589,-0.316962391138,-0.363141596317,0.490058749914,-0.303019672632,-0.359338492155,0.328238099813,-0.152998492122,-0.359338492155
1776892340.65,0.492479413748,-0.280335515738,0.446455687284,0.488090902567,-0.292532444,0.349129259586,0.485810250044,-0.300988972187,0.249693721533,0.484434872866,-0.309772282839,0.150865674019,0.484322994947,-0.316407322884,0.0533774495125,0.483764559031,-0.322246700525,-0.0437403321266,0.488883048296,-0.3216766119,-0.14056661725,0.49341621995,-0.321656107903,-0.240238189697,0.500872373581,-0.31811362505,-0.359764158726,0.490058749914,-0.303019672632,-0.359338492155,0.3281942904,-0.153044492006,-0.359338492155
1776892340.67,0.494874507189,-0.279405504465,0.446830511093,0.489690512419,-0.292539894581,0.34956485033,0.486634761095,-0.301883608103,0.250654041767,0.484672039747,-0.310966402292,0.151399329305,0.483829587698,-0.318672001362,0.0543221309781,0.482886701822,-0.324216216803,-0.0428814589977,0.486535578966,-0.327125489712,-0.140592724085,0.492942422628,-0.322877705097,-0.239498704672,0.500260949135,-0.318538159132,-0.358509600163,0.490058749914,-0.303019672632,-0.359338492155,0.328297704458,-0.152984723449,-0.359338492155
1776892340.68,0.497582823038,-0.278918474913,0.447215378284,0.492910176516,-0.291664153337,0.35019531846,0.48882946372,-0.302280545235,0.251954853535,0.485424548388,-0.312223345041,0.152730420232,0.4839810431,-0.320905923843,0.0556124672294,0.482301622629,-0.326871603727,-0.0422279983759,0.487407296896,-0.326055854559,-0.138463795185,0.49073150754,-0.324173480272,-0.23891928792,0.498452216387,-0.31986618042,-0.357002973557,0.490058749914,-0.303019672632,-0.359338492155,0.328245311975,-0.153002411127,-0.359338492155
1776892340.7,0.499627411366,-0.279173463583,0.44743219018,0.496211439371,-0.291425555944,0.350944697857,0.491911262274,-0.302197813988,0.252363920212,0.487488657236,-0.312772870064,0.153314709663,0.485428184271,-0.320992648602,0.0557776540518,0.48253980279,-0.327644497156,-0.0414832532406,0.487025290728,-0.327678143978,-0.13810479641,0.489634722471,-0.327135026455,-0.23797044158,0.496314376593,-0.321952104568,-0.356947988272,0.490058749914,-0.303019672632,-0.359338492155,0.328242510557,-0.153005555272,-0.359338492155
1776892340.71,0.501373946667,-0.279973477125,0.447576403618,0.497747331858,-0.291421204805,0.351129621267,0.493229418993,-0.301802486181,0.252970784903,0.489112943411,-0.311979085207,0.153699144721,0.486550837755,-0.320827811956,0.0567285791039,0.483635216951,-0.327305674553,-0.0411630272865,0.486920326948,-0.327197790146,-0.137755513191,0.488983184099,-0.326881468296,-0.238500624895,0.494855254889,-0.323340296745,-0.356566667557,0.490058749914,-0.303019672632,-0.359338492155,0.328149139881,-0.153099000454,-0.359338492155
1776892340.73,0.502675771713,-0.281193107367,0.447589099407,0.499423235655,-0.2912132442,0.351357907057,0.495256394148,-0.301427900791,0.252652525902,0.490847021341,-0.310915380716,0.153499826789,0.488232821226,-0.319796293974,0.0563546270132,0.484312087297,-0.326773166656,-0.0410587638617,0.486152380705,-0.327783256769,-0.14096480608,0.488319009542,-0.326349169016,-0.238664001226,0.493823796511,-0.324284344912,-0.356820970774,0.490058749914,-0.303019672632,-0.359338492155,0.328181296587,-0.153109192848,-0.359338492155
1776892340.74,0.503764748573,-0.283010423183,0.447500377893,0.50227200985,-0.291694998741,0.351448535919,0.49886867404,-0.299808233976,0.252238035202,0.494975060225,-0.308510988951,0.153128504753,0.491854101419,-0.316375613213,0.0560818240047,0.486894100904,-0.323164522648,-0.0418680161238,0.488632410765,-0.325035959482,-0.138040244579,0.488128572702,-0.326666742563,-0.23934084177,0.490550786257,-0.326999098063,-0.35685774684,0.490058749914,-0.303019672632,-0.359338492155,0.328293144703,-0.15299038589,-0.359338492155
1776892340.76,0.504511594772,-0.285160630941,0.447291404009,0.503860473633,-0.291876345873,0.351510584354,0.500695466995,-0.299425750971,0.252039521933,0.497238367796,-0.306793659925,0.152768522501,0.494039863348,-0.314083427191,0.0555913671851,0.489026814699,-0.321029365063,-0.0419784784317,0.489355355501,-0.324235320091,-0.139696210623,0.488506406546,-0.326485544443,-0.238356083632,0.489447325468,-0.328670740128,-0.357256710529,0.490058749914,-0.303019672632,-0.359338492155,0.328266561031,-0.152981936932,-0.359338492155
1776892340.77,0.504983961582,-0.287530779839,0.44702103734,0.505817174911,-0.2930110991,0.350355029106,0.503979921341,-0.298776060343,0.252041518688,0.501474380493,-0.303385257721,0.151751533151,0.498651891947,-0.309542059898,0.0551170706749,0.493548959494,-0.315980672836,-0.0425393432379,0.490947037935,-0.320201307535,-0.142008453608,0.488315135241,-0.325759142637,-0.23947045207,0.485849827528,-0.331368863583,-0.358622699976,0.490058749914,-0.303019672632,-0.359338492155,0.32827103138,-0.15302041173,-0.359338492155
1776892340.79,0.505253434181,-0.28994718194,0.446644365788,0.505817174911,-0.2930110991,0.350355029106,0.503979921341,-0.298776060343,0.252041518688,0.501474380493,-0.303385257721,0.151751533151,0.498651891947,-0.309542059898,0.0551170706749,0.493548959494,-0.315980672836,-0.0425393432379,0.490947037935,-0.320201307535,-0.142008453608,0.488315135241,-0.325759142637,-0.23947045207,0.485849827528,-0.331368863583,-0.358622699976,0.490058749914,-0.303019672632,-0.359338492155,0.328412145376,-0.153407514095,-0.359338492155
1776892340.8,0.50539034605,-0.292268455029,0.446335583925,0.507679343224,-0.295416891575,0.349856257439,0.508062005043,-0.296805173159,0.251310348511,0.507197976112,-0.298516005278,0.151512756944,0.505500197411,-0.301413983107,0.0537566393614,0.500064253807,-0.307705938816,-0.0439733713865,0.495754092932,-0.314189791679,-0.14320909977,0.489516764879,-0.323929667473,-0.239408254623,0.481471508741,-0.33552262187,-0.3586384058,0.490058749914,-0.303019672632,-0.359338492155,0.328319579363,-0.152973160148,-0.359338492155
1776892340.82,0.505510628223,-0.294419974089,0.446052998304,0.506730675697,-0.293827414513,0.350313335657,0.505494356155,-0.297582089901,0.250854462385,0.503435492516,-0.301729172468,0.151729345322,0.500891685486,-0.306180775166,0.0541261211038,0.495442599058,-0.312992066145,-0.0430667102337,0.492820650339,-0.318254351616,-0.142540812492,0.48881188035,-0.325432956219,-0.23941475153,0.484615594149,-0.333029657602,-0.358312904835,0.490058749914,-0.303019672632,-0.359338492155,0.32824870944,-0.153016015887,-0.359338492155
1776892340.83,0.505669653416,-0.296278595924,0.445852667093,0.508393764496,-0.296358376741,0.34957575798,0.508866548538,-0.29655328393,0.251030147076,0.508640050888,-0.296739041805,0.150374278426,0.507415175438,-0.299597024918,0.0535871833563,0.501997590065,-0.305202752352,-0.0441648215055,0.497169941664,-0.312741518021,-0.143187135458,0.490464776754,-0.323151886463,-0.239444732666,0.480431228876,-0.33690097928,-0.358166068792,0.490058749914,-0.303019672632,-0.359338492155,0.328383177519,-0.152912452817,-0.359338492155
1776892340.85,0.505890130997,-0.297780901194,0.445694357157,0.50897872448,-0.298820614815,0.34881657362,0.511111497879,-0.296723753214,0.250020802021,0.512117147446,-0.294393092394,0.150110304356,0.511534929276,-0.295152068138,0.052687689662,0.506719231606,-0.300593674183,-0.0443553626537,0.500665426254,-0.3085308671,-0.143758296967,0.490875333548,-0.322089314461,-0.238952100277,0.477778345346,-0.339103519917,-0.35681566596,0.490058749914,-0.303019672632,-0.359338492155,0.327967077494,-0.15316413343,-0.359338492155
1776892340.86,0.506178021431,-0.298981517553,0.445629268885,0.508967041969,-0.297686338425,0.34892052412,0.510585188866,-0.296797215939,0.250405550003,0.510977745056,-0.294664144516,0.150126963854,0.510623216629,-0.296207040548,0.0527242645621,0.505388855934,-0.301536560059,-0.0448908060789,0.499913841486,-0.309338241816,-0.144042998552,0.490703195333,-0.322335630655,-0.238827854395,0.478387862444,-0.338461518288,-0.357645332813,0.490058749914,-0.303019672632,-0.359338492155,0.327999979258,-0.153081014752,-0.359338492155
1776892340.88,0.506560504436,-0.29989618063,0.445646822453,0.509693145752,-0.301031172276,0.348887622356,0.511994123459,-0.297679692507,0.249742612243,0.51294863224,-0.294499129057,0.149772554636,0.513091802597,-0.294300556183,0.0522163510323,0.507978320122,-0.299050092697,-0.045040845871,0.501414060593,-0.307446181774,-0.143973857164,0.490962594748,-0.321830183268,-0.238460689783,0.476900905371,-0.33939948678,-0.356743603945,0.490058749914,-0.303019672632,-0.359338492155,0.328103780746,-0.153015807271,-0.359338492155
1776892340.89,0.507047057152,-0.300458401442,0.445670574903,0.510044455528,-0.303227573633,0.348848938942,0.512336611748,-0.300282388926,0.249569639564,0.513331651688,-0.29686999321,0.149706378579,0.512971758842,-0.296311616898,0.0522176325321,0.507416963577,-0.301155865192,-0.0445964932442,0.500648498535,-0.308854728937,-0.144308000803,0.490942627192,-0.322021603584,-0.239514738321,0.476955801249,-0.338380903006,-0.357533872128,0.490058749914,-0.303019672632,-0.359338492155,0.328079611063,-0.153064742684,-0.359338492155
1776892340.91,0.507547855377,-0.300778657198,0.445715248585,0.510038495064,-0.303805291653,0.348305553198,0.512161254883,-0.301151633263,0.249316498637,0.513013243675,-0.298779785633,0.149823591113,0.511872053146,-0.298332035542,0.0521569103003,0.506333708763,-0.302633613348,-0.0451469570398,0.500455379486,-0.310158401728,-0.144406080246,0.49081709981,-0.322269886732,-0.239504575729,0.477564066648,-0.337583422661,-0.357887834311,0.490058749914,-0.303019672632,-0.359338492155,0.327884674072,-0.153153270483,-0.359338492155
1776892340.92,0.508020043373,-0.300906956196,0.44576600194,0.510476231575,-0.305563092232,0.348868668079,0.511072993279,-0.303912371397,0.249365240335,0.510974645615,-0.302369296551,0.149640917778,0.509746074677,-0.303032100201,0.0524314939976,0.503876805305,-0.307095617056,-0.0450541228056,0.49815300107,-0.312907129526,-0.14431399107,0.489990800619,-0.322890996933,-0.24075165391,0.479413539171,-0.335426896811,-0.358711987734,0.490058749914,-0.303019672632,-0.359338492155,0.32836997509,-0.152948886156,-0.359338492155
1776892340.94,0.508451581001,-0.300949305296,0.445825874805,0.510477900505,-0.306059360504,0.34866130352,0.510589718819,-0.30577814579,0.249758452177,0.509813547134,-0.305250495672,0.14988720417,0.508057355881,-0.305637538433,0.0521866604686,0.502439498901,-0.309575647116,-0.0451603829861,0.497232407331,-0.314392924309,-0.144600242376,0.489409893751,-0.323415368795,-0.241216510534,0.480161815882,-0.333661437035,-0.359760820866,0.490058749914,-0.303019672632,-0.359338492155,0.328332602978,-0.152941599488,-0.359338492155
1776892340.95,0.508831739426,-0.301022678614,0.445936530828,0.509850025177,-0.307569742203,0.348376125097,0.50929749012,-0.308809638023,0.249620527029,0.506977081299,-0.309957295656,0.150149032474,0.504514932632,-0.311846762896,0.0521655604243,0.49841812253,-0.315638035536,-0.0449680238962,0.495279043913,-0.318472415209,-0.142834842205,0.489112466574,-0.324715822935,-0.241757392883,0.482122212648,-0.330934435129,-0.360879272223,0.490058749914,-0.303019672632,-0.359338492155,0.328272342682,-0.152944847941,-0.359338492155
1776892340.97,0.508991658688,-0.301238298416,0.446038544178,0.510048270226,-0.302550703287,0.348711192608,0.512155413628,-0.298761963844,0.249234765768,0.513355016708,-0.295874416828,0.149735569954,0.513276100159,-0.295277118683,0.0526072233915,0.507777929306,-0.299865007401,-0.0451007783413,0.501327753067,-0.308303177357,-0.143931418657,0.491170018911,-0.321763306856,-0.239331752062,0.476958781481,-0.33900386095,-0.357002586126,0.490058749914,-0.303019672632,-0.359338492155,0.328062921762,-0.153106287122,-0.359338492155
1776892340.99,0.50896769762,-0.301584839821,0.44617202878,0.509829759598,-0.308277338743,0.348497539759,0.508090496063,-0.310662329197,0.25005954504,0.505434989929,-0.312707006931,0.15031568706,0.502600312233,-0.314991623163,0.0526809841394,0.496897608042,-0.318644285202,-0.0449641495943,0.494430869818,-0.320231378078,-0.142101585865,0.488974124193,-0.325568288565,-0.24138212204,0.483801156282,-0.329756587744,-0.360500842333,0.490058749914,-0.303019672632,-0.359338492155,0.328236937523,-0.152980446815,-0.359338492155
1776892341,0.508665621281,-0.302167952061,0.44629868865,0.509126543999,-0.311064451933,0.349490344524,0.505135178566,-0.315692156553,0.250391542912,0.5006326437,-0.320043474436,0.150561690331,0.497640520334,-0.323658257723,0.053504563868,0.492171853781,-0.326974064112,-0.0444555878639,0.491646498442,-0.325985729694,-0.140869498253,0.488426953554,-0.327147156,-0.240812331438,0.48784545064,-0.324507206678,-0.360009968281,0.490058749914,-0.303019672632,-0.359338492155,0.328224360943,-0.152992427349,-0.359338492155
1776892341.01,0.508118271828,-0.302967190742,0.446342170238,0.51009619236,-0.309546411037,0.34924864769,0.507062196732,-0.312848955393,0.250035464764,0.504246354103,-0.315374463797,0.150518074632,0.500594377518,-0.318117082119,0.0526150614023,0.495399981737,-0.321484029293,-0.045439735055,0.492454081774,-0.322975456715,-0.1439678967,0.488699585199,-0.32652887702,-0.240627914667,0.484816461802,-0.327509462833,-0.360960155725,0.490058749914,-0.303019672632,-0.359338492155,0.328254461288,-0.152983382344,-0.359338492155
1776892341.03,0.507337450981,-0.303997218609,0.446358144283,0.507810950279,-0.313514590263,0.349879682064,0.502551674843,-0.319707632065,0.251011073589,0.497858554125,-0.325546294451,0.151845514774,0.493745952845,-0.329510390759,0.053839482367,0.489042073488,-0.332794845104,-0.0432420223951,0.487574309111,-0.330288052559,-0.14365747571,0.488707095385,-0.327247768641,-0.24125123024,0.491972833872,-0.32090818882,-0.359217822552,0.490058749914,-0.303019672632,-0.359338492155,0.328225433826,-0.152960285544,-0.359338492155
1776892341.04,0.506256639957,-0.305307626724,0.446340501308,0.506702065468,-0.314850986004,0.349852085114,0.501511096954,-0.321568191051,0.250965058804,0.496557682753,-0.327689230442,0.15181414783,0.49264857173,-0.331557959318,0.0538445934653,0.488069921732,-0.334201276302,-0.043331220746,0.487395077944,-0.331198424101,-0.143698751926,0.490172237158,-0.326206237078,-0.240255892277,0.49446901679,-0.31882622838,-0.358675569296,0.490058749914,-0.303019672632,-0.359338492155,0.328186154366,-0.152974829078,-0.359338492155
1776892341.06,0.504874050617,-0.306813061237,0.446234107018,0.506702065468,-0.314850986004,0.349852085114,0.501511096954,-0.321568191051,0.250965058804,0.496557682753,-0.327689230442,0.15181414783,0.49264857173,-0.331557959318,0.0538445934653,0.488069921732,-0.334201276302,-0.043331220746,0.487395077944,-0.331198424101,-0.143698751926,0.490172237158,-0.326206237078,-0.240255892277,0.49446901679,-0.31882622838,-0.358675569296,0.490058749914,-0.303019672632,-0.359338492155,0.328190684319,-0.152954876423,-0.359338492155
1776892341.07,0.50340461731,-0.308277159929,0.446132928133,0.504753232002,-0.316896438599,0.349638640881,0.500797629356,-0.322860628366,0.250720530748,0.496520668268,-0.328012526035,0.151469752192,0.493168503046,-0.331615895033,0.0538366511464,0.489443749189,-0.333736270666,-0.0433113276958,0.491562455893,-0.329430669546,-0.140550345182,0.492515355349,-0.325242549181,-0.240405499935,0.49746927619,-0.316826283932,-0.359527260065,0.490058749914,-0.303019672632,-0.359338492155,0.328231930733,-0.153005033731,-0.359338492155
1776892341.09,0.501229047775,-0.310271710157,0.445958912373,0.503930807114,-0.317394673824,0.349348068237,0.50060904026,-0.322973817587,0.250263035297,0.496694713831,-0.327810615301,0.151327773929,0.493983536959,-0.331144094467,0.0537313222885,0.490091532469,-0.332260280848,-0.0444121658802,0.491051524878,-0.328362047672,-0.144895970821,0.493499666452,-0.324384242296,-0.241168260574,0.498829990625,-0.316677510738,-0.359606802464,0.490058749914,-0.303019672632,-0.359338492155,0.32822278142,-0.153066709638,-0.359338492155
1776892341.1,0.499082446098,-0.312058210373,0.44577524066,0.503327608109,-0.317847430706,0.349089801311,0.500203609467,-0.322731047869,0.24990311265,0.496874600649,-0.326675772667,0.150789231062,0.494707494974,-0.329525977373,0.0533061251044,0.491431266069,-0.330558001995,-0.044713973999,0.493247777224,-0.32727560401,-0.142720133066,0.494749635458,-0.323183596134,-0.240918636322,0.49970766902,-0.316607654095,-0.359568178654,0.490058749914,-0.303019672632,-0.359338492155,0.328109383583,-0.152916431427,-0.359338492155
1776892341.12,0.496810019016,-0.313785433769,0.445609003305,0.501103043556,-0.318962901831,0.348689734936,0.499850898981,-0.322263032198,0.249694094062,0.498185902834,-0.324113249779,0.150514051318,0.497266918421,-0.325651198626,0.0524234846234,0.495109170675,-0.32693246007,-0.0447828620672,0.497017353773,-0.323353856802,-0.143157660961,0.4975079,-0.321695685387,-0.242365539074,0.500680923462,-0.316320091486,-0.360688596964,0.490058749914,-0.303019672632,-0.359338492155,0.32810536027,-0.153076395392,-0.359338492155
1776892341.13,0.494584530592,-0.315387159586,0.445500135422,0.501780986786,-0.318642765284,0.349086105824,0.500001311302,-0.322502046824,0.249820396304,0.49760094285,-0.325830698013,0.150540709496,0.496002227068,-0.32765173912,0.0528283417225,0.492852896452,-0.328853815794,-0.044910132885,0.495612710714,-0.325776904821,-0.1426474154,0.496429055929,-0.321960270405,-0.24154573679,0.499857872725,-0.316205054522,-0.360009163618,0.490058749914,-0.303019672632,-0.359338492155,0.328260391951,-0.152973338962,-0.359338492155
1776892341.15,0.492159247398,-0.316998362541,0.445488274097,0.49856826663,-0.319789916277,0.348518788815,0.498858779669,-0.321131825447,0.249498188496,0.499501794577,-0.32119885087,0.149321123958,0.500483512878,-0.321566522121,0.0523262917995,0.498454421759,-0.322327762842,-0.0458035767078,0.499972194433,-0.319849461317,-0.1450111866,0.500622987747,-0.319317102432,-0.242163419724,0.50238764286,-0.315881282091,-0.361297279596,0.490058749914,-0.303019672632,-0.359338492155,0.328138172626,-0.152944073081,-0.359338492155
1776892341.16,0.489749640226,-0.318478554487,0.445545971394,0.495702832937,-0.320171803236,0.34833073616,0.498197942972,-0.318648487329,0.249073207378,0.501042723656,-0.316190570593,0.149245619774,0.503721237183,-0.314786791801,0.0517642572522,0.50354552269,-0.314757794142,-0.0456466674805,0.505108714104,-0.313562691212,-0.145711928606,0.50488448143,-0.315236717463,-0.243404626846,0.504621267319,-0.317402929068,-0.36109817028,0.490058749914,-0.303019672632,-0.359338492155,0.328218996525,-0.152994662523,-0.359338492155
1776892341.18,0.48743891716,-0.319781929255,0.445633679628,0.494671672583,-0.320173382759,0.348094403744,0.498018413782,-0.31765088439,0.249027863145,0.501705288887,-0.314476728439,0.149469971657,0.50493478775,-0.312578290701,0.051960542798,0.505038499832,-0.312858819962,-0.045576274395,0.506748318672,-0.311727970839,-0.145341902971,0.506013035774,-0.314461529255,-0.24295732379,0.50488948822,-0.317518204451,-0.361399292946,0.490058749914,-0.303019672632,-0.359338492155,0.327913433313,-0.15306571126,-0.359338492155
1776892341.19,0.48498788476,-0.321127653122,0.445833742619,0.492539793253,-0.320413202047,0.348166286945,0.497453123331,-0.316241562366,0.249191269279,0.502198338509,-0.312152117491,0.150177836418,0.506539583206,-0.308414071798,0.0522401481867,0.507157683372,-0.308421581984,-0.0455530881882,0.50975883007,-0.308952271938,-0.144279688597,0.508500576019,-0.312672525644,-0.241736203432,0.507409334183,-0.317387074232,-0.360811948776,0.490058749914,-0.303019672632,-0.359338492155,0.328056365252,-0.153047755361,-0.359338492155
1776892341.21,0.483484297991,-0.321894973516,0.445992052555,0.491472810507,-0.320712029934,0.348441720009,0.496897667646,-0.316103070974,0.250102370977,0.502321958542,-0.310692191124,0.149956673384,0.50682914257,-0.307325035334,0.0524021238089,0.508091211319,-0.307447731495,-0.0449288636446,0.509695887566,-0.307277649641,-0.14473003149,0.509389638901,-0.311388969421,-0.242277145386,0.508020281792,-0.31747046113,-0.360668808222,0.490058749914,-0.303019672632,-0.359338492155,0.328210115433,-0.153105348349,-0.359338492155
1776892341.22,0.481094747782,-0.322978317738,0.446289628744,0.489154666662,-0.320711493492,0.348162531853,0.495696693659,-0.314707100391,0.249799281359,0.502076745033,-0.308952927589,0.15039768815,0.506786823273,-0.305285662413,0.0531862229109,0.508404254913,-0.304845064878,-0.0444444268942,0.511320114136,-0.305475145578,-0.143210172653,0.511011362076,-0.311002075672,-0.240841299295,0.510675668716,-0.316674083471,-0.360396951437,0.490058749914,-0.303019672632,-0.359338492155,0.328188657761,-0.153016850352,-0.359338492155
1776892341.24,0.479561507702,-0.323600590229,0.446509212255,0.48811468482,-0.320895761251,0.348371982574,0.495072454214,-0.314701586962,0.250121444464,0.501164078712,-0.308567434549,0.150814950466,0.506448149681,-0.304975569248,0.0534969642758,0.508334994316,-0.304555863142,-0.0442677289248,0.512078285217,-0.30538135767,-0.142658114433,0.511654376984,-0.310443520546,-0.240631222725,0.512443423271,-0.316384226084,-0.359208315611,0.490058749914,-0.303019672632,-0.359338492155,0.328204452991,-0.15302722156,-0.359338492155
1776892341.25,0.478263050318,-0.324069023132,0.446743100882,0.485767155886,-0.321785658598,0.348989784718,0.492618769407,-0.31541031599,0.250892996788,0.49925288558,-0.308904111385,0.151055768132,0.505248904228,-0.305179566145,0.0539675727487,0.507500052452,-0.304463028908,-0.0439326018095,0.511769771576,-0.304901003838,-0.143397271633,0.513384461403,-0.309497475624,-0.239771097898,0.515423178673,-0.315702706575,-0.35883846879,0.490058749914,-0.303019672632,-0.359338492155,0.328128397465,-0.153029203415,-0.359338492155
1776892341.27,0.477127075195,-0.324369460344,0.446968793869,0.487029463053,-0.321657419205,0.349142253399,0.493884712458,-0.315331786871,0.251003742218,0.500312447548,-0.308682620525,0.150933757424,0.505748152733,-0.304857671261,0.0535536557436,0.507903337479,-0.304344147444,-0.0437204241753,0.511769771576,-0.304901003838,-0.143397271633,0.512565851212,-0.309707581997,-0.240784496069,0.513111114502,-0.315930217505,-0.359252303839,0.490058749914,-0.303019672632,-0.359338492155,0.328101634979,-0.152992069721,-0.359338492155
1776892341.28,0.476344525814,-0.324424922466,0.447218924761,0.48245844245,-0.323365271091,0.34944576025,0.488213628531,-0.318167299032,0.25096487999,0.494316369295,-0.312138229609,0.151511609554,0.501214146614,-0.308290451765,0.0546400025487,0.504644036293,-0.306882143021,-0.0434752553701,0.510042905807,-0.306524097919,-0.142976433039,0.514606833458,-0.309789538383,-0.239587545395,0.519177675247,-0.312951117754,-0.359239906073,0.490058749914,-0.303019672632,-0.359338492155,0.328140377998,-0.15297113359,-0.359338492155
1776892341.3,0.475932866335,-0.324278116226,0.447387248278,0.481079131365,-0.324058562517,0.349657714367,0.486739188433,-0.319231539965,0.25122693181,0.492441564798,-0.31323620677,0.151458486915,0.49909350276,-0.309394001961,0.0540106445551,0.503728151321,-0.308488756418,-0.0432637482882,0.510215997696,-0.307178080082,-0.142311990261,0.514851808548,-0.309817939997,-0.239609390497,0.520467996597,-0.311830669641,-0.358364969492,0.490058749914,-0.303019672632,-0.359338492155,0.328119397163,-0.153051301837,-0.359338492155
1776892341.31,0.475772589445,-0.324014127254,0.447538018227,0.479415267706,-0.325231432915,0.350254893303,0.483735769987,-0.321553260088,0.251570254564,0.489083021879,-0.316828727722,0.151371330023,0.495756834745,-0.314028978348,0.0547475069761,0.500124335289,-0.311897814274,-0.0433320701122,0.509005188942,-0.309577733278,-0.141687214375,0.51540851593,-0.310248881578,-0.238635271788,0.523611664772,-0.310040563345,-0.357769072056,0.490058749914,-0.303019672632,-0.359338492155,0.32804018259,-0.15310099721,-0.359338492155
1776892341.33,0.475860893726,-0.323767602444,0.447661280632,0.47877690196,-0.325338751078,0.350254446268,0.482627302408,-0.322527468204,0.251655697823,0.48763141036,-0.319082409143,0.151552900672,0.493611842394,-0.315825939178,0.0544488057494,0.499024599791,-0.313752800226,-0.043347120285,0.508051872253,-0.311058133841,-0.140873342752,0.515518426895,-0.310437381268,-0.238647252321,0.524949669838,-0.308655947447,-0.358116924763,0.490058749914,-0.303019672632,-0.359338492155,0.328016549349,-0.153089672327,-0.359338492155
1776892341.34,0.476087599993,-0.323507428169,0.447691887617,0.478061050177,-0.32593485713,0.350327372551,0.480637043715,-0.324339896441,0.251535713673,0.485001772642,-0.322400659323,0.151728004217,0.490691393614,-0.31981369853,0.0542045533657,0.495652109385,-0.318039059639,-0.0437217205763,0.506173729897,-0.313642382622,-0.141180962324,0.51569378376,-0.311912924051,-0.237860918045,0.527520060539,-0.307066977024,-0.357174545527,0.490058749914,-0.303019672632,-0.359338492155,0.328091353178,-0.152951747179,-0.359338492155
1776892341.36,0.476361334324,-0.323207259178,0.447590827942,0.477884799242,-0.326446175575,0.350647926331,0.480339795351,-0.325644791126,0.251545071602,0.483710974455,-0.32362100482,0.151144206524,0.489857822657,-0.321695655584,0.0548611879349,0.494671076536,-0.320328831673,-0.0434835553169,0.504833579063,-0.315527826548,-0.141298949718,0.515602946281,-0.312134414911,-0.237943321466,0.528509259224,-0.305833846331,-0.356571346521,0.490058749914,-0.303019672632,-0.359338492155,0.328219473362,-0.152966842055,-0.359338492155
1776892341.37,0.476638376713,-0.322943121195,0.447302430868,0.477956444025,-0.326907902956,0.350477576256,0.479835361242,-0.326994091272,0.251439094543,0.482440918684,-0.3262758255,0.151401489973,0.48735538125,-0.325397133827,0.053827740252,0.492361098528,-0.323702245951,-0.0432305634022,0.503428697586,-0.318909823895,-0.140553146601,0.515339612961,-0.313044935465,-0.237714409828,0.53026163578,-0.304609149694,-0.355622589588,0.490058749914,-0.303019672632,-0.359338492155,0.328151702881,-0.153035774827,-0.359338492155
1776892341.39,0.476915031672,-0.322764128447,0.446909546852,0.478075057268,-0.327162802219,0.350399792194,0.479846447706,-0.32788965106,0.251184433699,0.481930404902,-0.327675461769,0.15157289803,0.486690014601,-0.326881796122,0.0539593845606,0.491490036249,-0.324689775705,-0.0436828583479,0.503237843513,-0.319420009851,-0.141061723232,0.514977931976,-0.313451439142,-0.238320291042,0.530984044075,-0.303499907255,-0.355600893497,0.490058749914,-0.303019672632,-0.359338492155,0.328098088503,-0.153038159013,-0.359338492155
1776892341.4,0.47717782855,-0.322669059038,0.446407705545,0.478679448366,-0.327201098204,0.349603652954,0.48028627038,-0.328927516937,0.250694096088,0.482508510351,-0.329706668854,0.150440841913,0.486563116312,-0.329397022724,0.0531436055899,0.491149157286,-0.327942341566,-0.0446424037218,0.503125905991,-0.322077482939,-0.141630887985,0.515033841133,-0.314102649689,-0.238626480103,0.531638741493,-0.302810817957,-0.355676740408,0.490058749914,-0.303019672632,-0.359338492155,0.328142136335,-0.15301695466,-0.359338492155
1776892341.42,0.477431356907,-0.322638481855,0.445866018534,0.478679448366,-0.327201098204,0.349603652954,0.48028627038,-0.328927516937,0.250694096088,0.482508510351,-0.329706668854,0.150440841913,0.486563116312,-0.329397022724,0.0531436055899,0.491149157286,-0.327942341566,-0.0446424037218,0.503125905991,-0.322077482939,-0.141630887985,0.515033841133,-0.314102649689,-0.238626480103,0.531638741493,-0.302810817957,-0.355676740408,0.490058749914,-0.303019672632,-0.359338492155,0.328142136335,-0.15301695466,-0.359338492155
1776892341.43,0.477687954903,-0.322672635317,0.445289134979,0.478927642107,-0.327228546143,0.349115848541,0.480892270803,-0.329082787037,0.249833509326,0.483491331339,-0.32965952158,0.149983510375,0.488036841154,-0.330135583878,0.0527070835233,0.49252524972,-0.328415036201,-0.0453019440174,0.503755331039,-0.321816176176,-0.142505258322,0.515122413635,-0.314106017351,-0.23917594552,0.531429767609,-0.30261272192,-0.356916040182,0.490058749914,-0.303019672632,-0.359338492155,0.328163355589,-0.153033003211,-0.359338492155
1776892341.45,0.477941840887,-0.322709172964,0.444775879383,0.483045905828,-0.322672963142,0.349210083485,0.489790648222,-0.317075967789,0.251748204231,0.49620077014,-0.310880273581,0.151541918516,0.503150343895,-0.306774199009,0.0546460971236,0.505784749985,-0.306085109711,-0.0434455275536,0.51082110405,-0.305876463652,-0.142915338278,0.514048576355,-0.309651613235,-0.239694565535,0.517727732658,-0.3137190938,-0.358754456043,0.490058749914,-0.303019672632,-0.359338492155,0.328212916851,-0.15301515162,-0.359338492155
1776892341.46,0.47833225131,-0.322653353214,0.44423994422,0.479582518339,-0.326594829559,0.347139954567,0.482662945986,-0.328075647354,0.248577728868,0.486184328794,-0.328122884035,0.148945763707,0.491590052843,-0.32771512866,0.0520386993885,0.496579915285,-0.326021760702,-0.0461446046829,0.505980372429,-0.319787353277,-0.144436448812,0.517242908478,-0.314209252596,-0.240070670843,0.529203414917,-0.304266631603,-0.359213829041,0.490058749914,-0.303019672632,-0.359338492155,0.328126400709,-0.153012812138,-0.359338492155
1776892341.48,0.478847295046,-0.32246157527,0.443770378828,0.480092614889,-0.326753258705,0.347001701593,0.483417421579,-0.32771062851,0.248538061976,0.487578481436,-0.326845377684,0.148688688874,0.493326634169,-0.326336890459,0.051710113883,0.497994154692,-0.324841707945,-0.0465120375156,0.50740146637,-0.318674772978,-0.145330965519,0.5172072649,-0.313750952482,-0.24078604579,0.528587818146,-0.304871082306,-0.35969799757,0.490058749914,-0.303019672632,-0.359338492155,0.328219860792,-0.15298384428,-0.359338492155
1776892341.49,0.479544878006,-0.322060167789,0.443400233984,0.478879064322,-0.326879680157,0.348296403885,0.481191962957,-0.32891830802,0.249994307756,0.484167665243,-0.329387903214,0.149568974972,0.48962572217,-0.329607397318,0.052878305316,0.493737488985,-0.327839374542,-0.0455168038607,0.504693984985,-0.321439236403,-0.14327031374,0.515677571297,-0.314322471619,-0.239649146795,0.530900120735,-0.302792191505,-0.357659727335,0.490058749914,-0.303019672632,-0.359338492155,0.328129976988,-0.153036728501,-0.359338492155
1776892341.51,0.480502694845,-0.321363389492,0.443088591099,0.48086425662,-0.326023101807,0.346444010735,0.485391944647,-0.325899392366,0.248024046421,0.490481942892,-0.324674606323,0.148052692413,0.49694737792,-0.322939991951,0.0514136105776,0.500962615013,-0.321191102266,-0.0469214618206,0.509638428688,-0.31628921628,-0.146141409874,0.516918420792,-0.312946408987,-0.242227762938,0.526290178299,-0.30649510026,-0.361270725727,0.490058749914,-0.303019672632,-0.359338492155,0.328295111656,-0.152951732278,-0.359338492155
1776892341.52,0.481587052345,-0.3204844594,0.442887783051,0.483468919992,-0.324364691973,0.345832109451,0.489069193602,-0.322352468967,0.247025579214,0.495260685682,-0.31964635849,0.1473043859,0.502001881599,-0.317357093096,0.050895601511,0.505669474602,-0.316157996655,-0.0476353168488,0.512388706207,-0.312707960606,-0.146120607853,0.517248034477,-0.311939001083,-0.243656158447,0.523086547852,-0.310120940208,-0.362502843142,0.490058749914,-0.303019672632,-0.359338492155,0.327972322702,-0.153092756867,-0.359338492155
1776892341.54,0.48308545351,-0.31920799613,0.442762494087,0.48473033309,-0.323563724756,0.345970988274,0.490662902594,-0.321539223194,0.247490659356,0.497192174196,-0.318021774292,0.147110924125,0.503324985504,-0.315449029207,0.0499162301421,0.507611274719,-0.314788639545,-0.0470867007971,0.513263225555,-0.311436831951,-0.146627426147,0.517026424408,-0.31185784936,-0.243791401386,0.522397279739,-0.311376035213,-0.362612783909,0.490058749914,-0.303019672632,-0.359338492155,0.328139305115,-0.153043061495,-0.359338492155
1776892341.55,0.484922409058,-0.317584514618,0.442761182785,0.482087403536,-0.325772047043,0.346526682377,0.486435681581,-0.324802726507,0.247584939003,0.492137759924,-0.322917819023,0.147588565946,0.498472481966,-0.321414202452,0.0508091673255,0.502786278725,-0.319951415062,-0.0472428798676,0.509925723076,-0.315499424934,-0.1469412148,0.516881465912,-0.31261998415,-0.242745876312,0.525173425674,-0.307684004307,-0.361847430468,0.490058749914,-0.303019672632,-0.359338492155,0.32817581296,-0.152981221676,-0.359338492155
1776892341.57,0.487130790949,-0.315581828356,0.442857921124,0.48699042201,-0.321346402168,0.345284879208,0.493152469397,-0.318310409784,0.246615111828,0.499658733606,-0.3149754107,0.147432029247,0.505531430244,-0.312048375607,0.049984715879,0.507965683937,-0.311317205429,-0.0480995029211,0.513172268867,-0.309565365314,-0.147295206785,0.516172170639,-0.31208434701,-0.244307398796,0.519632458687,-0.313167393208,-0.363254457712,0.490058749914,-0.303019672632,-0.359338492155,0.328125953674,-0.153022706509,-0.359338492155
1776892341.58,0.489663124084,-0.313298910856,0.443123668432,0.487734049559,-0.320674091578,0.345506340265,0.494313210249,-0.317485898733,0.246822416782,0.500654697418,-0.313221901655,0.14699010551,0.506642460823,-0.310915738344,0.0501397624612,0.50931096077,-0.310290068388,-0.0479302555323,0.513085722923,-0.30886849761,-0.147413700819,0.516086220741,-0.312088012695,-0.243806809187,0.518140673637,-0.314160645008,-0.362961232662,0.490058749914,-0.303019672632,-0.359338492155,0.328083068132,-0.152979642153,-0.359338492155
1776892341.6,0.492428541183,-0.310740500689,0.443477839231,0.492068439722,-0.317052155733,0.345744609833,0.497484892607,-0.313441842794,0.246827453375,0.502369046211,-0.309597313404,0.147039189935,0.507603049278,-0.307706832886,0.0495478957891,0.509149193764,-0.30806556344,-0.0477065593004,0.513492584229,-0.30883321166,-0.146045923233,0.513832449913,-0.312158495188,-0.244552105665,0.515642166138,-0.317103862762,-0.362941980362,0.490058749914,-0.303019672632,-0.359338492155,0.328200489283,-0.153042078018,-0.359338492155
1776892341.61,0.495330691338,-0.30804297328,0.443857252598,0.495496422052,-0.313931941986,0.346325039864,0.499403983355,-0.310958951712,0.247876763344,0.503446698189,-0.30840164423,0.147549033165,0.507161021233,-0.306896418333,0.0503242686391,0.508175611496,-0.307879924774,-0.0478584468365,0.51148378849,-0.30900606513,-0.147641390562,0.51285469532,-0.313522785902,-0.243666946888,0.513187885284,-0.318059593439,-0.363280296326,0.490058749914,-0.303019672632,-0.359338492155,0.32804363966,-0.153005838394,-0.359338492155
1776892341.63,0.498364567757,-0.305240094662,0.444282978773,0.496955364943,-0.312279015779,0.346156001091,0.499804228544,-0.309557944536,0.246700853109,0.503461837769,-0.307805627584,0.147316247225,0.506794810295,-0.306820333004,0.0503119006753,0.507698774338,-0.3080701828,-0.0477285087109,0.510493516922,-0.309249967337,-0.147556751966,0.511048913002,-0.313439100981,-0.244714707136,0.512580156326,-0.318645685911,-0.363385111094,0.490058749914,-0.303019672632,-0.359338492155,0.32809767127,-0.153059154749,-0.359338492155
1776892341.64,0.501368105412,-0.302515715361,0.444723129272,0.500362277031,-0.309078872204,0.346746832132,0.502105951309,-0.308235317469,0.248312145472,0.50420820713,-0.307041347027,0.147747308016,0.506235599518,-0.307093411684,0.0505543574691,0.505733132362,-0.30956158042,-0.0466439276934,0.508591651917,-0.310580432415,-0.14616894722,0.509574651718,-0.315079569817,-0.243475288153,0.510639548302,-0.319746792316,-0.362474918365,0.490058749914,-0.303019672632,-0.359338492155,0.328073471785,-0.153071373701,-0.359338492155
1776892341.66,0.503686785698,-0.30032402277,0.445012181997,0.502240896225,-0.308109104633,0.347171753645,0.503448605537,-0.306887328625,0.247759014368,0.504361748695,-0.306951254606,0.148097932339,0.50554049015,-0.307627499104,0.0512155145407,0.505133748055,-0.309905230999,-0.0472468882799,0.506879210472,-0.311922848225,-0.14644613862,0.507841348648,-0.315718054771,-0.2436003685,0.510382294655,-0.319783568382,-0.362233370543,0.490058749914,-0.303019672632,-0.359338492155,0.328018695116,-0.153112098575,-0.359338492155
1776892341.67,0.506994128227,-0.297041654587,0.445442140102,0.505772471428,-0.304401129484,0.347277790308,0.505831956863,-0.305781185627,0.248833104968,0.505006194115,-0.306710064411,0.148828923702,0.504760503769,-0.308577954769,0.0513246506453,0.5030772686,-0.311492502689,-0.0461803674698,0.504880547523,-0.313723504543,-0.144691258669,0.505725979805,-0.317037165165,-0.243393540382,0.508675456047,-0.320787400007,-0.361803740263,0.490058749914,-0.303019672632,-0.359338492155,0.328199833632,-0.153044849634,-0.359338492155
1776892341.69,0.509505391121,-0.294443756342,0.445713371038,0.507480144501,-0.303791940212,0.348133563995,0.507012844086,-0.305222213268,0.249326184392,0.505645036697,-0.306740343571,0.149261951447,0.504668593407,-0.309120863676,0.0516841411591,0.502403020859,-0.312972337008,-0.0449172854424,0.503017902374,-0.314355909824,-0.145601987839,0.50493812561,-0.317928940058,-0.242498904467,0.507914304733,-0.320939153433,-0.361415475607,0.490058749914,-0.303019672632,-0.359338492155,0.328249812126,-0.15288554132,-0.359338492155
1776892341.7,0.511730968952,-0.29200220108,0.445941656828,0.510820269585,-0.301327437162,0.348512649536,0.508943557739,-0.303438127041,0.249165147543,0.506576299667,-0.306460797787,0.149850964546,0.504534006119,-0.30983927846,0.0521932318807,0.501200914383,-0.313731968403,-0.0451089292765,0.50283908844,-0.316228598356,-0.143712759018,0.502880692482,-0.318913400173,-0.242525577545,0.50558757782,-0.321486711502,-0.361703842878,0.490058749914,-0.303019672632,-0.359338492155,0.328365713358,-0.152937084436,-0.359338492155
1776892341.72,0.513687908649,-0.289718061686,0.446073293686,0.512067079544,-0.300307661295,0.348913222551,0.510009646416,-0.303289055824,0.249440804124,0.507210016251,-0.306643843651,0.150015294552,0.504809737206,-0.310213476419,0.0524346455932,0.501056671143,-0.314272373915,-0.044740870595,0.502265691757,-0.316708445549,-0.143565416336,0.502319693565,-0.319687485695,-0.241693764925,0.50455892086,-0.321371346712,-0.360329866409,0.490058749914,-0.303019672632,-0.359338492155,0.328313350677,-0.152984559536,-0.359338492155
1776892341.73,0.515352666378,-0.287678480148,0.446198701859,0.51430952549,-0.297829896212,0.349127054214,0.511877775192,-0.301718950272,0.249813809991,0.508765935898,-0.306221932173,0.150341510773,0.505956172943,-0.310494124889,0.0528697296977,0.501929402351,-0.314879953861,-0.0445749759674,0.501448988914,-0.317129313946,-0.143501222134,0.501284956932,-0.320142567158,-0.241214305162,0.502897381783,-0.32234287262,-0.360118091106,0.490058749914,-0.303019672632,-0.359338492155,0.328286379576,-0.152982890606,-0.359338492155
1776892341.75,0.516695022583,-0.286035448313,0.446312457323,0.515604615211,-0.296350061893,0.348997950554,0.512683272362,-0.301222026348,0.250269889832,0.509514212608,-0.306006640196,0.150494277477,0.506727933884,-0.310720980167,0.0533765554428,0.502787709236,-0.315089941025,-0.0443278253078,0.501686573029,-0.317521244287,-0.143819332123,0.50125348568,-0.320710927248,-0.240554273129,0.501606345177,-0.322598844767,-0.359919786453,0.490058749914,-0.303019672632,-0.359338492155,0.328206688166,-0.15293443203,-0.359338492155
1776892341.76,0.517449378967,-0.285119831562,0.446369230747,0.516493439674,-0.295642912388,0.349244713783,0.51362490654,-0.300374209881,0.250006705523,0.510346531868,-0.305460214615,0.150444984436,0.50760114193,-0.310262680054,0.0536216720939,0.503092169762,-0.315139591694,-0.0442328602076,0.50221657753,-0.317367851734,-0.143493413925,0.50109577179,-0.320910722017,-0.240389376879,0.500354886055,-0.322719603777,-0.359812110662,0.490058749914,-0.303019672632,-0.359338492155,0.328232139349,-0.152941584587,-0.359338492155
1776892341.78,0.518274724483,-0.284144580364,0.446455866098,0.518247723579,-0.293163746595,0.349146902561,0.51610648632,-0.299059957266,0.25068551302,0.512533426285,-0.303875863552,0.150843471289,0.510071754456,-0.309340417385,0.0542973726988,0.505406618118,-0.314223825932,-0.0438181012869,0.503043889999,-0.316433817148,-0.143640458584,0.500910162926,-0.320828467607,-0.240688830614,0.498075097799,-0.32346406579,-0.359518826008,0.490058749914,-0.303019672632,-0.359338492155,0.328345716,-0.152971982956,-0.359338492155
1776892341.79,0.518445432186,-0.284038037062,0.446462631226,0.520413160324,-0.291813969612,0.349815607071,0.518229722977,-0.296914756298,0.250605285168,0.515523552895,-0.301639676094,0.150980561972,0.512620210648,-0.307282358408,0.0539205223322,0.507867693901,-0.312942832708,-0.0436677634716,0.504687190056,-0.316556185484,-0.143145054579,0.500544548035,-0.320469260216,-0.240515559912,0.496128112078,-0.324652850628,-0.35893830657,0.490058749914,-0.303019672632,-0.359338492155,0.328288257122,-0.152991756797,-0.359338492155
1776892341.81,0.518213510513,-0.284469395876,0.446414321661,0.520864009857,-0.290583461523,0.349401175976,0.519441843033,-0.295316189528,0.250600397587,0.516782641411,-0.300251215696,0.151074662805,0.514000535011,-0.305497944355,0.0535543859005,0.508232831955,-0.31207036972,-0.0439138561487,0.505025029182,-0.315479636192,-0.143162488937,0.500566720963,-0.320154130459,-0.240580976009,0.494928210974,-0.324592798948,-0.358824789524,0.490058749914,-0.303019672632,-0.359338492155,0.328136622906,-0.153084486723,-0.359338492155
1776892341.82,0.517641961575,-0.285403490067,0.446312129498,0.52209174633,-0.289698064327,0.349436610937,0.521518707275,-0.293350785971,0.250278055668,0.519534230232,-0.297638773918,0.150916904211,0.516864418983,-0.30295586586,0.053583599627,0.510425567627,-0.308998674154,-0.0438372939825,0.505855560303,-0.313612759113,-0.143548905849,0.500337362289,-0.319745689631,-0.239869475365,0.493210405111,-0.325400799513,-0.359366208315,0.490058749914,-0.303019672632,-0.359338492155,0.327986329794,-0.153110519052,-0.359338492155
1776892341.84,0.516978621483,-0.286513745785,0.446241527796,0.522277951241,-0.28979203105,0.349298506975,0.522767066956,-0.292492091656,0.250435322523,0.521581530571,-0.295010209084,0.150496304035,0.519160032272,-0.299534469843,0.0531088709831,0.512189745903,-0.305908888578,-0.0439308136702,0.507168650627,-0.311264812946,-0.143790543079,0.500470876694,-0.31857201457,-0.239789009094,0.491512805223,-0.325745970011,-0.359948456287,0.490058749914,-0.303019672632,-0.359338492155,0.328069657087,-0.153038829565,-0.359338492155
1776892341.85,0.515708148479,-0.288668185472,0.44619551301,0.517639040947,-0.294075757265,0.349227488041,0.515009760857,-0.299571216106,0.250454485416,0.511768102646,-0.304693549871,0.151280194521,0.508898258209,-0.309470832348,0.0533376932144,0.504006505013,-0.314682453871,-0.0440238118172,0.502685785294,-0.317115426064,-0.144083052874,0.501111865044,-0.321111112833,-0.240360230207,0.499304622412,-0.32340991497,-0.359599262476,0.490058749914,-0.303019672632,-0.359338492155,0.328370183706,-0.152985394001,-0.359338492155
1776892341.87,0.514371156693,-0.290923893452,0.446167171001,0.521328449249,-0.290363460779,0.348830103874,0.523060560226,-0.291478961706,0.250170767307,0.522846102715,-0.293110430241,0.150833457708,0.520925283432,-0.296714842319,0.0533452108502,0.514008045197,-0.302686810493,-0.044399574399,0.508156657219,-0.308590114117,-0.144062310457,0.500557541847,-0.31664031744,-0.240667462349,0.490904599428,-0.326535344124,-0.359070241451,0.490058749914,-0.303019672632,-0.359338492155,0.328221082687,-0.153069525957,-0.359338492155
1776892341.88,0.512987494469,-0.293250411749,0.446158587933,0.522081494331,-0.290025651455,0.349019050598,0.523147463799,-0.29160630703,0.250187814236,0.522536158562,-0.293942570686,0.150574579835,0.520042419434,-0.297714829445,0.0525199621916,0.513383507729,-0.304391294718,-0.0441323667765,0.508148908615,-0.309932053089,-0.14379504323,0.500445842743,-0.317476093769,-0.240531921387,0.491284817457,-0.326212078333,-0.359271675348,0.490058749914,-0.303019672632,-0.359338492155,0.328196167946,-0.153051868081,-0.359338492155
1776892341.9,0.511561393738,-0.295649707317,0.446156144142,0.520256519318,-0.292262107134,0.348956972361,0.522034525871,-0.292516708374,0.25031337142,0.522239089012,-0.291720360518,0.150017589331,0.521009922028,-0.294167459011,0.052645996213,0.515338301659,-0.300169020891,-0.0447117835283,0.509513139725,-0.30593329668,-0.14398291707,0.501259684563,-0.315328389406,-0.240422785282,0.490458935499,-0.326483219862,-0.358914375305,0.490058749914,-0.303019672632,-0.359338492155,0.328193694353,-0.153025224805,-0.359338492155
1776892341.91,0.510119736195,-0.298088133335,0.446156859398,0.518106460571,-0.294935554266,0.349450230598,0.519986152649,-0.293706119061,0.250570058823,0.520607590675,-0.291946321726,0.150000795722,0.520204544067,-0.292916834354,0.0525057092309,0.514824867249,-0.298160016537,-0.044313326478,0.509929418564,-0.303617924452,-0.144138127565,0.501777291298,-0.31332090497,-0.240462958813,0.49087163806,-0.325925409794,-0.358494758606,0.490058749914,-0.303019672632,-0.359338492155,0.328039050102,-0.153100773692,-0.359338492155
1776892341.93,0.508694648743,-0.300506144762,0.446197211742,0.515447497368,-0.297952950001,0.348892152309,0.517515540123,-0.295704901218,0.250471949577,0.518118262291,-0.293094992638,0.149973198771,0.518053889275,-0.293177753687,0.0529434084892,0.514292478561,-0.297399938107,-0.0440236628056,0.509395360947,-0.302322477102,-0.144443660975,0.50227022171,-0.312337607145,-0.240098983049,0.491818279028,-0.324699401855,-0.358917981386,0.490058749914,-0.303019672632,-0.359338492155,0.328103512526,-0.152999550104,-0.359338492155
1776892341.95,0.507413744926,-0.302660256624,0.44625723362,0.513296246529,-0.300980627537,0.348454236984,0.514515280724,-0.298349231482,0.24993647635,0.515379428864,-0.294787913561,0.14992326498,0.515330672264,-0.294344723225,0.0525703579187,0.511997461319,-0.29758477211,-0.0447623580694,0.50837624073,-0.301793396473,-0.144503742456,0.502031207085,-0.311218172312,-0.240526974201,0.493273288012,-0.322718024254,-0.359364300966,0.490058749914,-0.303019672632,-0.359338492155,0.328177243471,-0.153049707413,-0.359338492155
1776892341.96,0.506092488766,-0.304860591888,0.446315050125,0.512037873268,-0.302879035473,0.349254101515,0.513197660446,-0.299474060535,0.249744489789,0.513574719429,-0.29674115777,0.150417789817,0.513444423676,-0.295628935099,0.0525948703289,0.509880661964,-0.298556029797,-0.0447153449059,0.50680065155,-0.302519261837,-0.144640266895,0.501749753952,-0.310869723558,-0.240811854601,0.494361788034,-0.32198920846,-0.359543740749,0.490058749914,-0.303019672632,-0.359338492155,0.328210353851,-0.15304222703,-0.359338492155
1776892341.97,0.504994213581,-0.306674182415,0.446377575397,0.509765505791,-0.305569499731,0.349004358053,0.510107636452,-0.303409963846,0.25049251318,0.510240316391,-0.300598591566,0.150832265615,0.509755015373,-0.299335986376,0.0529864430428,0.50660777092,-0.301022946835,-0.0449296981096,0.504326820374,-0.303957462311,-0.14464622736,0.501031756401,-0.310439109802,-0.241250365973,0.49715128541,-0.319304376841,-0.359529882669,0.490058749914,-0.303019672632,-0.359338492155,0.328212976456,-0.153082624078,-0.359338492155
1776892341.99,0.504078567028,-0.308203667402,0.446491390467,0.508633971214,-0.307442396879,0.349115908146,0.508832097054,-0.305624216795,0.250823676586,0.508391141891,-0.302604854107,0.150314986706,0.507764577866,-0.301466524601,0.053191781044,0.504523992538,-0.303015708923,-0.0450557470322,0.50374186039,-0.305255323648,-0.144491106272,0.500964403152,-0.310508936644,-0.24151968956,0.497550696135,-0.317352831364,-0.360420793295,0.490058749914,-0.303019672632,-0.359338492155,0.327978998423,-0.153140068054,-0.359338492155
1776892342,0.503319382668,-0.30947136879,0.446662783623,0.506698846817,-0.311256855726,0.349427521229,0.505745053291,-0.309115499258,0.249873101711,0.504652142525,-0.307374626398,0.150375157595,0.503542304039,-0.306549489498,0.0530458316207,0.50066781044,-0.307565152645,-0.0443486720324,0.500683426857,-0.307801097631,-0.144765198231,0.500269174576,-0.310525983572,-0.242362231016,0.500867962837,-0.313657969236,-0.360360264778,0.490058749914,-0.303019672632,-0.359338492155,0.327968627214,-0.153091773391,-0.359338492155
1776892342.02,0.502729535103,-0.310458868742,0.446861177683,0.505515575409,-0.312644511461,0.349636942148,0.504228949547,-0.311366647482,0.250678122044,0.502418279648,-0.309710502625,0.150167062879,0.50147664547,-0.309053480625,0.052854411304,0.498480468988,-0.309778869152,-0.0446071177721,0.500159502029,-0.309256315231,-0.143793106079,0.500093340874,-0.310621261597,-0.242405056953,0.502591848373,-0.312612175941,-0.360087126493,0.490058749914,-0.303019672632,-0.359338492155,0.328245311975,-0.152958035469,-0.359338492155
1776892342.03,0.502128839493,-0.31145042181,0.447123259306,0.503530621529,-0.314929485321,0.349599152803,0.501343607903,-0.315760135651,0.250793069601,0.499062865973,-0.315108388662,0.150711581111,0.497769802809,-0.315100371838,0.053174264729,0.496086269617,-0.315052717924,-0.0439403951168,0.498084872961,-0.311850011349,-0.144101679325,0.4993712008,-0.31069624424,-0.242698341608,0.504697322845,-0.308753460646,-0.360161036253,0.490058749914,-0.303019672632,-0.359338492155,0.328084021807,-0.153034180403,-0.359338492155
1776892342.05,0.501478254795,-0.312444448471,0.447381526232,0.502890944481,-0.316319346428,0.349842190742,0.50033724308,-0.317630320787,0.251133739948,0.497370034456,-0.317300647497,0.150912806392,0.496439486742,-0.317249953747,0.0533488765359,0.494847148657,-0.316826164722,-0.0444593578577,0.497113913298,-0.313784152269,-0.144251585007,0.50101852417,-0.311330139637,-0.240710228682,0.505903363228,-0.306882321835,-0.359501093626,0.490058749914,-0.303019672632,-0.359338492155,0.328148901463,-0.152971625328,-0.359338492155
1776892342.06,0.500955998898,-0.313162267208,0.447528928518,0.501535058022,-0.318471074104,0.350484132767,0.498354822397,-0.320740759373,0.25115442276,0.495250970125,-0.321956187487,0.151309117675,0.494405955076,-0.322090357542,0.0538588315248,0.493108600378,-0.320798933506,-0.0440631508827,0.497557193041,-0.316486865282,-0.142050862312,0.499934703112,-0.31053301692,-0.242152631283,0.507968425751,-0.303888589144,-0.358286857605,0.490058749914,-0.303019672632,-0.359338492155,0.328109800816,-0.153024211526,-0.359338492155
1776892342.08,0.500303447247,-0.314008951187,0.447630167007,0.501416802406,-0.319282114506,0.350711464882,0.497877806425,-0.322107613087,0.251426488161,0.494842380285,-0.323866814375,0.152011170983,0.493375390768,-0.323543459177,0.0535358414054,0.492282599211,-0.322686344385,-0.0439382791519,0.497395128012,-0.317594319582,-0.141981631517,0.500795602798,-0.310623407364,-0.241066336632,0.509096503258,-0.302471160889,-0.357785612345,0.490058749914,-0.303019672632,-0.359338492155,0.328114420176,-0.153021082282,-0.359338492155
1776892342.09,0.499655544758,-0.314840316772,0.447684556246,0.500583648682,-0.320984303951,0.350997358561,0.497505456209,-0.324111193419,0.251325786114,0.494596987963,-0.32719284296,0.152638360858,0.493330448866,-0.326640039682,0.0540545806289,0.492687433958,-0.325172752142,-0.0435035675764,0.496797174215,-0.317970842123,-0.143341779709,0.502151727676,-0.311160594225,-0.240023195744,0.51040494442,-0.299863249063,-0.357382237911,0.490058749914,-0.303019672632,-0.359338492155,0.328109413385,-0.152999401093,-0.359338492155
1776892342.11,0.498839557171,-0.315907210112,0.447723656893,0.500328302383,-0.321541845798,0.350807487965,0.497503846884,-0.325039833784,0.251601606607,0.494872540236,-0.327455431223,0.152517423034,0.494025975466,-0.327652692795,0.0544702857733,0.493010848761,-0.325980305672,-0.0436701029539,0.496193319559,-0.318116784096,-0.143661290407,0.503673434258,-0.311866760254,-0.238800495863,0.511404037476,-0.298565924168,-0.358174234629,0.490058749914,-0.303019672632,-0.359338492155,0.328117132187,-0.153027191758,-0.359338492155
1776892342.12,0.49801325798,-0.317003309727,0.447710722685,0.500240087509,-0.322390854359,0.350861728191,0.498090058565,-0.325882315636,0.251782208681,0.496315747499,-0.327946990728,0.151749715209,0.49582323432,-0.328575968742,0.0548277571797,0.494697242975,-0.326602399349,-0.043637663126,0.498980253935,-0.318543791771,-0.142360240221,0.505054712296,-0.310748547316,-0.238380491734,0.512556433678,-0.297866404057,-0.357269972563,0.490058749914,-0.303019672632,-0.359338492155,0.328177630901,-0.153054103255,-0.359338492155
1776892342.14,0.497083991766,-0.318247467279,0.447709828615,0.499916285276,-0.323041528463,0.351022422314,0.498592883348,-0.325889885426,0.251947015524,0.497602015734,-0.328120708466,0.152755782008,0.497165352106,-0.327661037445,0.0537397265434,0.495898574591,-0.326012849808,-0.0431932806969,0.499193102121,-0.317458868027,-0.143624335527,0.505124211311,-0.310268044472,-0.239308953285,0.512756228447,-0.297487586737,-0.357095301151,0.490058749914,-0.303019672632,-0.359338492155,0.328128188848,-0.153030455112,-0.359338492155
1776892342.15,0.49607104063,-0.319628983736,0.447702527046,0.499159902334,-0.323761045933,0.350464344025,0.499654024839,-0.325720489025,0.251496195793,0.499594956636,-0.32635602355,0.152411013842,0.499830931425,-0.32587954402,0.0539772957563,0.498946577311,-0.323689728975,-0.0434828549623,0.502045989037,-0.315783500671,-0.1436650455,0.50791990757,-0.309268176556,-0.238584011793,0.513175845146,-0.296911120415,-0.357654988766,0.490058749914,-0.303019672632,-0.359338492155,0.328197181225,-0.153013572097,-0.359338492155
1776892342.17,0.495003521442,-0.321097880602,0.447700172663,0.499138265848,-0.323976129293,0.350303947926,0.499910503626,-0.325576752424,0.251444071531,0.50096309185,-0.325598090887,0.15250249207,0.50161242485,-0.324681043625,0.0542290732265,0.500793337822,-0.322291940451,-0.0437572449446,0.503358125687,-0.314504921436,-0.144075572491,0.508530139923,-0.30907484889,-0.238547354937,0.51312816143,-0.297012209892,-0.357823967934,0.490058749914,-0.303019672632,-0.359338492155,0.328278243542,-0.152977794409,-0.359338492155
1776892342.18,0.494217216969,-0.322165071964,0.447697132826,0.499153286219,-0.324236989021,0.350296318531,0.500532031059,-0.325227856636,0.251649588346,0.501744747162,-0.323816329241,0.151852458715,0.503249526024,-0.322707056999,0.0540997162461,0.502747774124,-0.32042106986,-0.0438310056925,0.506677150726,-0.313869446516,-0.14216542244,0.509199142456,-0.307536154985,-0.239171981812,0.513125538826,-0.29738804698,-0.357965826988,0.490058749914,-0.303019672632,-0.359338492155,0.327993482351,-0.153094545007,-0.359338492155
1776892342.2,0.493151783943,-0.323558032513,0.447692006826,0.498725444078,-0.325031340122,0.350831329823,0.500987172127,-0.323819041252,0.251638680696,0.503752708435,-0.321261942387,0.151636049151,0.506649971008,-0.318856298923,0.0541331991553,0.506768226624,-0.316189140081,-0.0437604635954,0.509306907654,-0.309565484524,-0.143282532692,0.511179804802,-0.305811792612,-0.24017816782,0.513701558113,-0.298384100199,-0.358567476273,0.490058749914,-0.303019672632,-0.359338492155,0.328025341034,-0.153099551797,-0.359338492155
1776892342.21,0.491968214512,-0.324981838465,0.447638124228,0.498298972845,-0.325331926346,0.350731432438,0.50154197216,-0.322917371988,0.251387327909,0.504737377167,-0.319786697626,0.151620209217,0.508274555206,-0.316677927971,0.0542524755001,0.508704304695,-0.313785821199,-0.0436550974846,0.511173248291,-0.308550387621,-0.143232941628,0.511166572571,-0.304834455252,-0.240719050169,0.513676524162,-0.299581825733,-0.358618885279,0.490058749914,-0.303019672632,-0.359338492155,0.328154027462,-0.153026148677,-0.359338492155
1776892342.23,0.490907251835,-0.326106607914,0.447522908449,0.497492104769,-0.325627952814,0.350479930639,0.50229370594,-0.321903198957,0.251957148314,0.506358623505,-0.316699385643,0.151919007301,0.511078119278,-0.311788231134,0.0547717064619,0.512050747871,-0.30891931057,-0.0431891381741,0.514756321907,-0.304226577282,-0.141460001469,0.51415336132,-0.303237736225,-0.239302635193,0.513797998428,-0.300488650799,-0.358503878117,0.490058749914,-0.303019672632,-0.359338492155,0.328103363514,-0.153003334999,-0.359338492155
1776892342.24,0.490062385798,-0.326863884926,0.447343796492,0.49728050828,-0.325964361429,0.350482046604,0.502575397491,-0.319944709539,0.251322209835,0.507901906967,-0.313835829496,0.152006879449,0.512582659721,-0.30829462409,0.0549760833383,0.514110088348,-0.305113464594,-0.0428346544504,0.516605377197,-0.301609665155,-0.141332060099,0.515844941139,-0.301856905222,-0.238846004009,0.514467597008,-0.301736533642,-0.357929468155,0.490058749914,-0.303019672632,-0.359338492155,0.328119367361,-0.152970686555,-0.359338492155
1776892342.26,0.489354670048,-0.327357321978,0.447135984898,0.496647268534,-0.326017647982,0.350178062916,0.502739906311,-0.319550663233,0.251998513937,0.508695006371,-0.311421483755,0.15201126039,0.513842344284,-0.305142253637,0.0557164922357,0.514200568199,-0.302150756121,-0.0422886908054,0.517531037331,-0.29974091053,-0.14111289382,0.516153693199,-0.300828665495,-0.239681720734,0.515138030052,-0.303327441216,-0.358139961958,0.490058749914,-0.303019672632,-0.359338492155,0.32819673419,-0.153042718768,-0.359338492155
1776892342.27,0.488635092974,-0.327639430761,0.446857571602,0.496340125799,-0.325983226299,0.350134462118,0.502737283707,-0.318698525429,0.251379072666,0.508815646172,-0.310513794422,0.1523283571,0.513719320297,-0.30415558815,0.0554247945547,0.51460146904,-0.301241576672,-0.042799025774,0.517966270447,-0.29952904582,-0.140821874142,0.516690254211,-0.300983548164,-0.239339858294,0.515791296959,-0.303950279951,-0.358158767223,0.490058749914,-0.303019672632,-0.359338492155,0.328178048134,-0.153026521206,-0.359338492155
1776892342.29,0.488115847111,-0.327641963959,0.446590960026,0.495805412531,-0.32588532567,0.349943816662,0.502522587776,-0.318208813667,0.251332700253,0.508775353432,-0.310455530882,0.152653932571,0.514092445374,-0.304064810276,0.0559002682567,0.514714956284,-0.300854861736,-0.0424929410219,0.51652598381,-0.29772272706,-0.143076330423,0.516826868057,-0.300923347473,-0.239374607801,0.516699671745,-0.30428558588,-0.357769459486,0.490058749914,-0.303019672632,-0.359338492155,0.328143775463,-0.15302066505,-0.359338492155
1776892342.3,0.487578868866,-0.327333897352,0.446210473776,0.494362741709,-0.325688332319,0.349325120449,0.50116109848,-0.317899495363,0.250821173191,0.50715649128,-0.309960514307,0.151618927717,0.512317180634,-0.303906857967,0.0545679479837,0.513497710228,-0.300792068243,-0.0434883385897,0.517585635185,-0.29974001646,-0.141205817461,0.517345905304,-0.301424503326,-0.239547461271,0.518185734749,-0.30456328392,-0.358166128397,0.490058749914,-0.303019672632,-0.359338492155,0.328120082617,-0.15299770236,-0.359338492155
1776892342.32,0.487190246582,-0.326688528061,0.445781975985,0.494001060724,-0.325666248798,0.349115848541,0.500139713287,-0.318463772535,0.251428663731,0.506163358688,-0.310162127018,0.151640087366,0.511083722115,-0.303728818893,0.0540701970458,0.512781739235,-0.301355063915,-0.0437413156033,0.516868233681,-0.299740195274,-0.142400592566,0.517532944679,-0.301836192608,-0.239722758532,0.518984675407,-0.304654151201,-0.358471214771,0.490058749914,-0.303019672632,-0.359338492155,0.328157842159,-0.153037786484,-0.359338492155
1776892342.33,0.486954927444,-0.325847089291,0.445375859737,0.49694737792,-0.326105892658,0.3504306674,0.502765536308,-0.319725871086,0.251628637314,0.508530855179,-0.31257557869,0.151966109872,0.513065338135,-0.306712538004,0.0553579628468,0.514116168022,-0.303406924009,-0.0431533008814,0.516306996346,-0.30083322525,-0.142355233431,0.516067028046,-0.301149100065,-0.239823043346,0.515060186386,-0.302610337734,-0.357721239328,0.490058749914,-0.303019672632,-0.359338492155,0.328131049871,-0.153021663427,-0.359338492155
1776892342.35,0.486878544092,-0.324663758278,0.44492483139,0.491934210062,-0.325359076262,0.348474085331,0.496871203184,-0.319399565458,0.250021219254,0.502195715904,-0.312998145819,0.15049919486,0.506852507591,-0.307938367128,0.0529924482107,0.509724617004,-0.305414557457,-0.0447767674923,0.514490365982,-0.302548736334,-0.143934071064,0.517516493797,-0.303886860609,-0.240700364113,0.521829366684,-0.304970979691,-0.359841883183,0.490058749914,-0.303019672632,-0.359338492155,0.328060865402,-0.152952060103,-0.359338492155
1776892342.36,0.486978650093,-0.3234192729,0.444578260183,0.490994185209,-0.325165897608,0.347980320454,0.494735330343,-0.320842504501,0.249290674925,0.4989541471,-0.315722972155,0.149528115988,0.503714442253,-0.311439007521,0.0521061047912,0.507285952568,-0.309435725212,-0.0447141379118,0.512875080109,-0.30543628335,-0.144808530807,0.517341971397,-0.305726915598,-0.241586595774,0.523042201996,-0.304529339075,-0.360290497541,0.490058749914,-0.303019672632,-0.359338492155,0.328137844801,-0.153035074472,-0.359338492155
1776892342.38,0.487308472395,-0.321833252907,0.444274783134,0.490360468626,-0.324825942516,0.347502827644,0.493824094534,-0.321281433105,0.248745024204,0.497370809317,-0.317306041718,0.149242818356,0.502287626266,-0.313673377037,0.0515062063932,0.505605220795,-0.311045557261,-0.0462815314531,0.51162302494,-0.307131230831,-0.1451587677,0.517306089401,-0.30682399869,-0.241586774588,0.524517536163,-0.304963886738,-0.361064076424,0.490058749914,-0.303019672632,-0.359338492155,0.32814642787,-0.153054222465,-0.359338492155
1776892342.39,0.487842231989,-0.320188701153,0.444060564041,0.489679962397,-0.32473513484,0.347303390503,0.492153376341,-0.322769850492,0.247903227806,0.494979649782,-0.320045590401,0.147960156202,0.498900383711,-0.317667275667,0.050594098866,0.502470493317,-0.315442234278,-0.0469590723515,0.50920855999,-0.310621798038,-0.146215230227,0.516792178154,-0.309097886086,-0.242057234049,0.525544047356,-0.304808288813,-0.361327677965,0.490058749914,-0.303019672632,-0.359338492155,0.328002244234,-0.153097838163,-0.359338492155
1776892342.41,0.488746315241,-0.318111300468,0.443970054388,0.48958876729,-0.324374884367,0.347203016281,0.491439551115,-0.323139160872,0.247819826007,0.493713110685,-0.321547359228,0.1479318887,0.498361557722,-0.319301486015,0.0509225800633,0.500877976418,-0.317881852388,-0.0471179634333,0.509315252304,-0.312975049019,-0.145854413509,0.516942024231,-0.310492962599,-0.241497039795,0.526552677155,-0.304805994034,-0.360949546099,0.490058749914,-0.303019672632,-0.359338492155,0.328121572733,-0.152996063232,-0.359338492155
1776892342.42,0.489861279726,-0.315965026617,0.443997114897,0.489787191153,-0.323070138693,0.34667751193,0.490444868803,-0.324199765921,0.2475438416,0.49238756299,-0.323993682861,0.147641792893,0.496208101511,-0.323158055544,0.0511316731572,0.498312503099,-0.321731835604,-0.0478261262178,0.507494211197,-0.316603928804,-0.145399689674,0.515736460686,-0.312752902508,-0.242242962122,0.527199029922,-0.304786652327,-0.360811293125,0.490058749914,-0.303019672632,-0.359338492155,0.328235000372,-0.152967303991,-0.359338492155
1776892342.44,0.491085976362,-0.313818156719,0.444063365459,0.489861041307,-0.322667241096,0.346773475409,0.490352064371,-0.324148088694,0.247283741832,0.491742163897,-0.324507415295,0.147609069943,0.495126634836,-0.324365526438,0.0502772256732,0.497925668955,-0.323259860277,-0.0476119816303,0.506446242332,-0.318191826344,-0.145735681057,0.514879465103,-0.313057333231,-0.242530912161,0.527602553368,-0.305012732744,-0.360726475716,0.490058749914,-0.303019672632,-0.359338492155,0.328191041946,-0.153031021357,-0.359338492155
1776892342.45,0.492671340704,-0.311236381531,0.444170624018,0.490926772356,-0.320399582386,0.346462965012,0.490739673376,-0.323663830757,0.247848257422,0.491175204515,-0.325834602118,0.147929474711,0.494369775057,-0.326685428619,0.0508350431919,0.496855050325,-0.326088815928,-0.0470582991838,0.505110263824,-0.319784045219,-0.146689087152,0.514800071716,-0.315472453833,-0.241987675428,0.527847647667,-0.306416451931,-0.360488057137,0.490058749914,-0.303019672632,-0.359338492155,0.328105300665,-0.153013795614,-0.359338492155
1776892342.47,0.493943572044,-0.309241861105,0.444229185581,0.491663962603,-0.319611042738,0.347050964832,0.491150051355,-0.322857916355,0.247624829412,0.491632968187,-0.325901657343,0.147996544838,0.494204491377,-0.327180325985,0.0506433770061,0.496771305799,-0.326562583447,-0.0470928400755,0.504344820976,-0.320774823427,-0.14713409543,0.51439511776,-0.316014826298,-0.241950213909,0.52769947052,-0.306927591562,-0.360376596451,0.490058749914,-0.303019672632,-0.359338492155,0.328151524067,-0.152999266982,-0.359338492155
1776892342.48,0.495928436518,-0.306139826775,0.444228351116,0.49268373847,-0.325698494911,0.34876793623,0.498302847147,-0.319015055895,0.250380754471,0.503286957741,-0.311653107405,0.150548756123,0.508438467979,-0.306004852057,0.0531218126416,0.511102676392,-0.303470790386,-0.0444940626621,0.515763640404,-0.301513403654,-0.142417788506,0.517552018166,-0.303080976009,-0.240836292505,0.520943284035,-0.304829806089,-0.359673947096,0.490058749914,-0.303019672632,-0.359338492155,0.328066676855,-0.153001502156,-0.359338492155
1776892342.5,0.497477948666,-0.303710877895,0.444150745869,0.494681149721,-0.315732330084,0.347124278545,0.493950337172,-0.320410907269,0.248440369964,0.493652611971,-0.323972672224,0.148538693786,0.495954781771,-0.326400995255,0.0508838891983,0.498249381781,-0.32700034976,-0.0467097610235,0.505613803864,-0.322319447994,-0.145803630352,0.514843940735,-0.31822925806,-0.242393553257,0.525956511497,-0.310478538275,-0.360317736864,0.490058749914,-0.303019672632,-0.359338492155,0.328116059303,-0.153027027845,-0.359338492155
1776892342.51,0.499210417271,-0.30101698637,0.444003582001,0.496003657579,-0.313574701548,0.347274422646,0.494918256998,-0.318694919348,0.248137608171,0.49500516057,-0.322679072618,0.148885831237,0.49729475379,-0.325014531612,0.0508981719613,0.498996704817,-0.325892537832,-0.0474256128073,0.50677216053,-0.322649657726,-0.144892930984,0.514431595802,-0.318813949823,-0.242510825396,0.525593876839,-0.31174698472,-0.360610842705,0.490058749914,-0.303019672632,-0.359338492155,0.328088104725,-0.152987703681,-0.359338492155
1776892342.53,0.500771403313,-0.29863640666,0.443817049265,0.498401194811,-0.309931486845,0.346821129322,0.498322218657,-0.315504699945,0.248122096062,0.498553425074,-0.319144040346,0.148414865136,0.500419139862,-0.321949213743,0.0505703762174,0.501491308212,-0.323647350073,-0.0472775548697,0.508341193199,-0.321626991034,-0.145185649395,0.514514088631,-0.319391489029,-0.242260843515,0.523704528809,-0.314504981041,-0.361599296331,0.490058749914,-0.303019672632,-0.359338492155,0.328233838081,-0.153011664748,-0.359338492155
1776892342.54,0.502272188663,-0.296425431967,0.443599671125,0.501518845558,-0.306084752083,0.347045660019,0.50207400322,-0.310431301594,0.248294889927,0.502477645874,-0.314265698195,0.148171931505,0.504368066788,-0.317487746477,0.050865650177,0.504554271698,-0.320635050535,-0.0472037792206,0.509588718414,-0.319224774837,-0.146557539701,0.514392018318,-0.31940856576,-0.242946207523,0.521341323853,-0.317763119936,-0.362028568983,0.490058749914,-0.303019672632,-0.359338492155,0.328283816576,-0.152947440743,-0.359338492155
1776892342.56,0.503348708153,-0.294903695583,0.443427592516,0.497080296278,-0.311816215515,0.347248971462,0.496552079916,-0.317147642374,0.248108297586,0.496579259634,-0.321262717247,0.148493498564,0.498520106077,-0.323213845491,0.0511816218495,0.500483512878,-0.325212359428,-0.0467845797539,0.507037520409,-0.321331501007,-0.146065235138,0.514558553696,-0.319386661053,-0.241922408342,0.524434447289,-0.312878251076,-0.360844582319,0.490058749914,-0.303019672632,-0.359338492155,0.328097462654,-0.15299347043,-0.359338492155
1776892342.57,0.504753053188,-0.293063849211,0.443209856749,0.505498528481,-0.299692451954,0.345928251743,0.507326126099,-0.302717030048,0.247541278601,0.508868217468,-0.30578827858,0.147695213556,0.511049389839,-0.309382468462,0.0502872690558,0.510435938835,-0.313772261143,-0.046941190958,0.513851046562,-0.316453486681,-0.145791113377,0.514783859253,-0.319581389427,-0.245050519705,0.518157958984,-0.322914212942,-0.363204091787,0.490058749914,-0.303019672632,-0.359338492155,0.328082203865,-0.153095409274,-0.359338492155
1776892342.59,0.505565047264,-0.292155623436,0.44308590889,0.507055044174,-0.298499345779,0.346186876297,0.509207129478,-0.300388157368,0.247454851866,0.510934829712,-0.302558332682,0.147253364325,0.513462424278,-0.305990874767,0.0498938634992,0.512623667717,-0.311447888613,-0.0472577512264,0.514498829842,-0.314664125443,-0.146895349026,0.515142202377,-0.319796711206,-0.245096981525,0.516208171844,-0.324763268232,-0.363692104816,0.490058749914,-0.303019672632,-0.359338492155,0.328077763319,-0.153065145016,-0.359338492155
1776892342.6,0.506187915802,-0.291725963354,0.442975640297,0.509026646614,-0.294927865267,0.345533072948,0.512284874916,-0.296139806509,0.247308477759,0.515007615089,-0.297259688377,0.147034317255,0.517460823059,-0.3005451262,0.0499114915729,0.516140460968,-0.306090325117,-0.0482087880373,0.517286419868,-0.311489522457,-0.147189408541,0.515744805336,-0.319127649069,-0.244889587164,0.513800501823,-0.328132450581,-0.363271951675,0.490058749914,-0.303019672632,-0.359338492155,0.328142315149,-0.153035998344,-0.359338492155
1776892342.62,0.506488621235,-0.291891038418,0.4429448843,0.51039481163,-0.294111043215,0.345950126648,0.513779044151,-0.293759524822,0.24690708518,0.516933679581,-0.294917553663,0.147111088037,0.518835663795,-0.297942131758,0.0498358383775,0.517779827118,-0.303828269243,-0.0477267950773,0.518222212791,-0.309773921967,-0.14727896452,0.515942215919,-0.319029867649,-0.244120568037,0.512464046478,-0.32982441783,-0.36303460598,0.490058749914,-0.303019672632,-0.359338492155,0.328182697296,-0.153028517962,-0.359338492155
1776892342.63,0.506526887417,-0.292577028275,0.442957937717,0.511823296547,-0.292035907507,0.345800280571,0.51595556736,-0.290916800499,0.247025281191,0.519624352455,-0.290385752916,0.147221267223,0.522019028664,-0.293372005224,0.049961835146,0.520606040955,-0.299647092819,-0.0471894294024,0.519689440727,-0.307299613953,-0.147525936365,0.515799283981,-0.318799823523,-0.243501543999,0.510541319847,-0.332392513752,-0.3619787395,0.490058749914,-0.303019672632,-0.359338492155,0.328229129314,-0.153013333678,-0.359338492155
1776892342.65,0.506333708763,-0.293744385242,0.443056643009,0.512327075005,-0.291581183672,0.34553951025,0.516967773438,-0.289424359798,0.246543735266,0.520423531532,-0.288936853409,0.147236436605,0.523153781891,-0.291377544403,0.0496042370796,0.521436810493,-0.297776371241,-0.0478211343288,0.520596504211,-0.305664151907,-0.147469371557,0.515746355057,-0.318481057882,-0.243039906025,0.509690761566,-0.333635747433,-0.361578971148,0.490058749914,-0.303019672632,-0.359338492155,0.328206509352,-0.153028517962,-0.359338492155
1776892342.66,0.505922496319,-0.295368552208,0.443264126778,0.512613654137,-0.291875422001,0.345658540726,0.51772415638,-0.288949817419,0.24723315239,0.521885514259,-0.286925256252,0.147430762649,0.524638652802,-0.288715928793,0.049569003284,0.52262699604,-0.295526236296,-0.0471202135086,0.520673274994,-0.304604202509,-0.146991342306,0.51543200016,-0.318156301975,-0.242469489574,0.508654356003,-0.335609942675,-0.360636770725,0.490058749914,-0.303019672632,-0.359338492155,0.328125149012,-0.153035834432,-0.359338492155
1776892342.68,0.505438566208,-0.297270715237,0.443633884192,0.512659192085,-0.292436242104,0.345688730478,0.517839550972,-0.288688361645,0.246704339981,0.52218747139,-0.286461412907,0.147424250841,0.524601340294,-0.287902891636,0.0497311279178,0.522775769234,-0.294478148222,-0.0476891547441,0.520337700844,-0.303973913193,-0.146870821714,0.515177369118,-0.318132936954,-0.242398113012,0.508064866066,-0.336200207472,-0.360036104918,0.490058749914,-0.303019672632,-0.359338492155,0.328123182058,-0.153008773923,-0.359338492155
1776892342.69,0.504938542843,-0.299319416285,0.444107741117,0.512249708176,-0.29498693347,0.34662091732,0.517410874367,-0.289742678404,0.246761262417,0.521708965302,-0.287123262882,0.14761197567,0.523890852928,-0.288095027208,0.050351575017,0.521705508232,-0.29432618618,-0.0469601601362,0.519857883453,-0.303994327784,-0.146159768105,0.514477491379,-0.318185508251,-0.241867691278,0.507558465004,-0.336572319269,-0.359534114599,0.490058749914,-0.303019672632,-0.359338492155,0.328101545572,-0.153024360538,-0.359338492155
1776892342.71,0.504445552826,-0.301403403282,0.444702923298,0.502811312675,-0.304154723883,0.347115218639,0.503924250603,-0.307726770639,0.247748702765,0.504650712013,-0.311480969191,0.147892042994,0.506563663483,-0.314832448959,0.0504205301404,0.506540179253,-0.318616390228,-0.0474286675453,0.511274218559,-0.319250553846,-0.145209133625,0.514775633812,-0.319693893194,-0.243544578552,0.520214915276,-0.319739639759,-0.362244158983,0.490058749914,-0.303019672632,-0.359338492155,0.328262329102,-0.152956396341,-0.359338492155
1776892342.72,0.504059135914,-0.303293198347,0.445359766483,0.510731339455,-0.299662977457,0.347147226334,0.515015125275,-0.295163571835,0.248176664114,0.518149852753,-0.291685074568,0.148274362087,0.520535945892,-0.291942536831,0.0510703474283,0.518640160561,-0.297175824642,-0.046233907342,0.517589688301,-0.305411815643,-0.145927995443,0.513315200806,-0.318632751703,-0.241701364517,0.507320523262,-0.335625439882,-0.359218001366,0.490058749914,-0.303019672632,-0.359338492155,0.328129649162,-0.15310588479,-0.359338492155
1776892342.74,0.503859758377,-0.304846316576,0.445994973183,0.509619235992,-0.300889253616,0.347298502922,0.513473749161,-0.297456651926,0.248972669244,0.516470909119,-0.29419901967,0.148568347096,0.51894724369,-0.294527262449,0.0515691190958,0.516984224319,-0.299183160067,-0.0459894686937,0.516335010529,-0.306422322989,-0.14572095871,0.512568950653,-0.319114416838,-0.241282552481,0.507652997971,-0.334655195475,-0.359157443047,0.490058749914,-0.303019672632,-0.359338492155,0.328206807375,-0.153020322323,-0.359338492155
1776892342.75,0.50385761261,-0.305974602699,0.446589946747,0.508381605148,-0.305700957775,0.348641991615,0.510882139206,-0.303144156933,0.249644249678,0.512782335281,-0.300179570913,0.149432644248,0.514702558517,-0.300214380026,0.0519501790404,0.513467073441,-0.304266631603,-0.0453531295061,0.513743877411,-0.309823989868,-0.144814819098,0.511406183243,-0.319729357958,-0.241435945034,0.508377552032,-0.332604855299,-0.35992833972,0.490058749914,-0.303019672632,-0.359338492155,0.328132987022,-0.153013139963,-0.359338492155
1776892342.77,0.504072010517,-0.306829571724,0.447237432003,0.507612586021,-0.306769698858,0.348673820496,0.509384036064,-0.305654585361,0.249938488007,0.511280655861,-0.304044723511,0.149926543236,0.512807488441,-0.304167538881,0.0526775494218,0.511391758919,-0.306994825602,-0.045376598835,0.512001991272,-0.311810672283,-0.144767820835,0.510756611824,-0.320370644331,-0.241637855768,0.508961319923,-0.331115305424,-0.360082656145,0.490058749914,-0.303019672632,-0.359338492155,0.328107744455,-0.153039380908,-0.359338492155
1776892342.78,0.504512190819,-0.307339847088,0.447863280773,0.511177182198,-0.297693282366,0.346801638603,0.515859246254,-0.293172895908,0.24762904644,0.519664883614,-0.289740145206,0.148094594479,0.521940231323,-0.289947986603,0.0506423637271,0.520066857338,-0.295808523893,-0.0464168041945,0.518422484398,-0.304676949978,-0.145879894495,0.514059305191,-0.31813544035,-0.242229282856,0.507491469383,-0.336292862892,-0.359050363302,0.490058749914,-0.303019672632,-0.359338492155,0.328062206507,-0.152961835265,-0.359338492155
1776892342.8,0.505197823048,-0.307531028986,0.448456645012,0.506965041161,-0.310992002487,0.349701404572,0.507258176804,-0.311063826084,0.251206219196,0.507667422295,-0.31133389473,0.151233971119,0.5086145401,-0.311934262514,0.0535433888435,0.507310509682,-0.314094156027,-0.0445820242167,0.508586287498,-0.316642791033,-0.144239127636,0.508742332458,-0.321892291307,-0.241443634033,0.510338544846,-0.32844594121,-0.360073566437,0.490058749914,-0.303019672632,-0.359338492155,0.328085541725,-0.153035640717,-0.359338492155
1776892342.81,0.505934417248,-0.307456403971,0.448831379414,0.505825996399,-0.314932733774,0.350987195969,0.504091501236,-0.318631112576,0.251991271973,0.50233745575,-0.321428865194,0.152246370912,0.502325296402,-0.323398023844,0.0549264848232,0.50101351738,-0.325171709061,-0.0428041964769,0.504093050957,-0.324821799994,-0.141420602798,0.506876707077,-0.324566185474,-0.239644914865,0.511848807335,-0.323338150978,-0.357952594757,0.490058749914,-0.303019672632,-0.359338492155,0.328170537949,-0.153052791953,-0.359338492155
1776892342.83,0.506721973419,-0.307205885649,0.449071407318,0.506005644798,-0.316206872463,0.351898193359,0.503702282906,-0.320742607117,0.252512693405,0.501691102982,-0.325012207031,0.153614699841,0.500725150108,-0.326969385147,0.0554700940847,0.499381393194,-0.328747302294,-0.0426458269358,0.502668738365,-0.327127456665,-0.140812337399,0.505951166153,-0.325223386288,-0.239071339369,0.512290358543,-0.321085244417,-0.357438474894,0.490058749914,-0.303019672632,-0.359338492155,0.32813680172,-0.153031483293,-0.359338492155
1776892342.84,0.507485151291,-0.306903719902,0.449141472578,0.506400108337,-0.318016856909,0.352670788765,0.502762436867,-0.324434697628,0.253399908543,0.499961405993,-0.330029547215,0.154714003205,0.498287171125,-0.332999676466,0.0563962832093,0.496640115976,-0.335016965866,-0.0413230806589,0.500883579254,-0.331100672483,-0.139890223742,0.504356503487,-0.325800776482,-0.239029824734,0.513097286224,-0.31810221076,-0.355797231197,0.490058749914,-0.303019672632,-0.359338492155,0.328264266253,-0.152947455645,-0.359338492155
1776892342.86,0.508311152458,-0.306639313698,0.449082791805,0.506674647331,-0.318468719721,0.352606415749,0.502562642097,-0.325602084398,0.254019975662,0.499326914549,-0.331754267216,0.154968470335,0.49717733264,-0.335551857948,0.0565513819456,0.495449453592,-0.337386906147,-0.0410090088844,0.500516533852,-0.332722514868,-0.139403909445,0.503646254539,-0.326265513897,-0.238266408443,0.513281106949,-0.317590236664,-0.355332016945,0.490058749914,-0.303019672632,-0.359338492155,0.328242123127,-0.152976438403,-0.359338492155
1776892342.87,0.50912976265,-0.306558102369,0.448881447315,0.507344245911,-0.318745672703,0.352795094252,0.502883553505,-0.327444165945,0.25390213728,0.499482363462,-0.334685951471,0.155225157738,0.49688693881,-0.339336425066,0.0571669116616,0.49455884099,-0.340655297041,-0.0405462533236,0.499302715063,-0.334726572037,-0.139169126749,0.504563093185,-0.327760010958,-0.236310750246,0.51323056221,-0.315079569817,-0.354583650827,0.490058749914,-0.303019672632,-0.359338492155,0.328216731548,-0.152994766831,-0.359338492155
1776892342.89,0.509755730629,-0.306735336781,0.448568254709,0.507939934731,-0.319006919861,0.352855324745,0.503293156624,-0.32783561945,0.253927648067,0.499693602324,-0.335342794657,0.155006468296,0.497170060873,-0.340578138828,0.0574347823858,0.495005995035,-0.341887235641,-0.0405841767788,0.49963876605,-0.335362017155,-0.138727664948,0.50494146347,-0.328190296888,-0.235595971346,0.513057231903,-0.314296394587,-0.354313880205,0.490058749914,-0.303019672632,-0.359338492155,0.328242659569,-0.152957856655,-0.359338492155
1776892342.9,0.510198712349,-0.307118922472,0.448085576296,0.50906586647,-0.31872099638,0.352512896061,0.504872322083,-0.327696919441,0.25373545289,0.50105369091,-0.335676431656,0.155140727758,0.498385637999,-0.340716302395,0.0567362830043,0.495972067118,-0.342091858387,-0.0407574027777,0.500516295433,-0.335334300995,-0.137994974852,0.504619956017,-0.327204078436,-0.236477136612,0.512346982956,-0.313406705856,-0.354728341103,0.490058749914,-0.303019672632,-0.359338492155,0.328067451715,-0.152898311615,-0.359338492155
1776892342.92,0.510418891907,-0.307747334242,0.447457194328,0.509536981583,-0.318625211716,0.351947784424,0.505639791489,-0.32724994421,0.253438919783,0.50211417675,-0.334924936295,0.154913917184,0.499402433634,-0.339493155479,0.0560603812337,0.497048348188,-0.341196030378,-0.0414337515831,0.501460433006,-0.334200561047,-0.137016683817,0.505452990532,-0.327245861292,-0.236652195454,0.511813879013,-0.313281595707,-0.354945719242,0.490058749914,-0.303019672632,-0.359338492155,0.328180879354,-0.152920931578,-0.359338492155
1776892342.93,0.510397553444,-0.3086130023,0.446795850992,0.510525226593,-0.318566352129,0.351347655058,0.507706999779,-0.325964033604,0.252682924271,0.504848361015,-0.332391560078,0.153745174408,0.502598166466,-0.336468696594,0.0558939650655,0.49944666028,-0.338034123182,-0.0423618555069,0.502741456032,-0.332784086466,-0.139734655619,0.504126906395,-0.324287325144,-0.239481985569,0.510549068451,-0.313790231943,-0.356661468744,0.490058749914,-0.303019672632,-0.359338492155,0.328186094761,-0.152987375855,-0.359338492155
1776892342.95,0.510139405727,-0.30967053771,0.446089744568,0.51108622551,-0.318505764008,0.350843042135,0.508694410324,-0.324977010489,0.252099633217,0.5062032938,-0.33035454154,0.152500912547,0.504295706749,-0.334157139063,0.0551990196109,0.501216292381,-0.335443496704,-0.0432405620813,0.502146244049,-0.330224722624,-0.14360049367,0.504656791687,-0.324372112751,-0.24054569006,0.509981036186,-0.314396083355,-0.357639938593,0.490058749914,-0.303019672632,-0.359338492155,0.328190863132,-0.153107017279,-0.359338492155
1776892342.96,0.509697973728,-0.310737937689,0.445437759161,0.511641263962,-0.318101614714,0.350113302469,0.509832620621,-0.323625147343,0.251015722752,0.507873892784,-0.328248739243,0.151822507381,0.506396889687,-0.331027597189,0.0538492873311,0.503500938416,-0.332729190588,-0.0439468622208,0.504634618759,-0.328843086958,-0.143685221672,0.506515979767,-0.323899805546,-0.239526599646,0.509462714195,-0.314979106188,-0.358465403318,0.490058749914,-0.303019672632,-0.359338492155,0.32819339633,-0.15301348269,-0.359338492155
1776892342.98,0.508982419968,-0.312025219202,0.444758892059,0.511887192726,-0.317901879549,0.349752783775,0.510847568512,-0.32243052125,0.250786066055,0.509861707687,-0.326105207205,0.151256412268,0.508657813072,-0.328384995461,0.0532765164971,0.505330324173,-0.329590350389,-0.0440560877323,0.507020831108,-0.326211094856,-0.143081665039,0.506836533546,-0.32250392437,-0.240901321173,0.508536696434,-0.315258949995,-0.359543830156,0.490058749914,-0.303019672632,-0.359338492155,0.328007698059,-0.15306982398,-0.359338492155
1776892342.99,0.508128643036,-0.313309013844,0.444232791662,0.51273560524,-0.317017108202,0.348332583904,0.513807892799,-0.317889332771,0.249121382833,0.514578938484,-0.317676335573,0.149048477411,0.514765739441,-0.317485928535,0.0515718758106,0.512044787407,-0.318460077047,-0.0463798940182,0.510992527008,-0.317154437304,-0.146311283112,0.509010076523,-0.318685442209,-0.242819041014,0.506363511086,-0.318317234516,-0.361828118563,0.490058749914,-0.303019672632,-0.359338492155,0.327954947948,-0.153096199036,-0.359338492155
1776892343.01,0.507106602192,-0.314553618431,0.443789899349,0.512599468231,-0.316568076611,0.347540557384,0.514498114586,-0.315707534552,0.248052552342,0.516013741493,-0.314633339643,0.148807406425,0.516738295555,-0.314254850149,0.0513147339225,0.51424074173,-0.314926475286,-0.0463894456625,0.512885451317,-0.314529269934,-0.146486729383,0.510072588921,-0.317048311234,-0.243433594704,0.505608797073,-0.31941229105,-0.362331360579,0.490058749914,-0.303019672632,-0.359338492155,0.327953964472,-0.153139844537,-0.359338492155
1776892343.02,0.505952894688,-0.315659791231,0.443373203278,0.512272834778,-0.315808773041,0.346960425377,0.515595912933,-0.312751680613,0.247794985771,0.518086314201,-0.308886826038,0.148109778762,0.519775629044,-0.307216852903,0.050632737577,0.517326831818,-0.308148950338,-0.0468870401382,0.515467762947,-0.309396058321,-0.146706610918,0.51108276844,-0.314368754625,-0.243375509977,0.504735708237,-0.320907741785,-0.36232316494,0.490058749914,-0.303019672632,-0.359338492155,0.328192293644,-0.153004482388,-0.359338492155
1776892343.04,0.504705369473,-0.316604137421,0.443073302507,0.512284755707,-0.315738171339,0.346920460463,0.51598918438,-0.311479687691,0.247714757919,0.518949866295,-0.306911349297,0.147868677974,0.521328926086,-0.304467827082,0.0508279055357,0.518687009811,-0.305176854134,-0.0472790300846,0.516792654991,-0.306874990463,-0.146964401007,0.511281967163,-0.313037365675,-0.243725478649,0.504514217377,-0.321788340807,-0.362179905176,0.490058749914,-0.303019672632,-0.359338492155,0.328133791685,-0.153049618006,-0.359338492155
1776892343.05,0.50335842371,-0.317414283752,0.442839831114,0.511108398438,-0.315228372812,0.346002340317,0.516088366508,-0.308989822865,0.247968956828,0.520155668259,-0.302416682243,0.147557318211,0.522468328476,-0.299156755209,0.0506232008338,0.520151257515,-0.300154209137,-0.047253370285,0.518244981766,-0.30350369215,-0.146789073944,0.512355804443,-0.311979740858,-0.243090599775,0.504523277283,-0.322819858789,-0.361997485161,0.490058749914,-0.303019672632,-0.359338492155,0.3280839324,-0.152990996838,-0.359338492155
1776892343.07,0.502117991447,-0.317976772785,0.44274905324,0.510548353195,-0.314899981022,0.345752000809,0.515895009041,-0.308077067137,0.248050838709,0.520040392876,-0.3007196486,0.147302627563,0.522323250771,-0.296828061342,0.0498949959874,0.520683884621,-0.298175364733,-0.0472276359797,0.518150568008,-0.302015930414,-0.147095829248,0.512714982033,-0.31103682518,-0.24284350872,0.504669070244,-0.322928577662,-0.361947506666,0.490058749914,-0.303019672632,-0.359338492155,0.328063100576,-0.152987957001,-0.359338492155
1776892343.08,0.500758469105,-0.318341195583,0.442769348621,0.508997678757,-0.315185457468,0.345610022545,0.514391899109,-0.306892156601,0.247124433517,0.519279241562,-0.299486517906,0.147341266274,0.522175431252,-0.29531443119,0.0505634769797,0.520248174667,-0.296370953321,-0.0471697449684,0.518721938133,-0.301277756691,-0.146007239819,0.512880086899,-0.310022324324,-0.243047267199,0.505680680275,-0.323191761971,-0.361522823572,0.490058749914,-0.303019672632,-0.359338492155,0.328128308058,-0.153018295765,-0.359338492155
1776892343.1,0.499580234289,-0.318388909101,0.442843735218,0.507885456085,-0.315364003181,0.346173524857,0.51321554184,-0.306881427765,0.247536018491,0.518370270729,-0.299159318209,0.147586449981,0.521260499954,-0.295021146536,0.0503408610821,0.519862532616,-0.296327888966,-0.0470537096262,0.518263101578,-0.301201879978,-0.145816981792,0.512961030006,-0.309451758862,-0.243876248598,0.506088733673,-0.322431862354,-0.36197501421,0.490058749914,-0.303019672632,-0.359338492155,0.328212231398,-0.153025373816,-0.359338492155
1776892343.11,0.498479992151,-0.31812441349,0.442971140146,0.505666613579,-0.315962761641,0.345847934484,0.510986566544,-0.307824909687,0.24697495997,0.515428781509,-0.300737023354,0.147366955876,0.518568277359,-0.29675000906,0.0502115860581,0.517292022705,-0.297154843807,-0.0473698973656,0.516824603081,-0.301042973995,-0.147062182426,0.512854099274,-0.30944493413,-0.24414613843,0.507669329643,-0.321297883987,-0.362538635731,0.490058749914,-0.303019672632,-0.359338492155,0.328105539083,-0.153101339936,-0.359338492155
1776892343.13,0.497727394104,-0.317744165659,0.443086653948,0.504702806473,-0.316233068705,0.345673084259,0.509375333786,-0.308819651604,0.247182622552,0.513601183891,-0.302028238773,0.147268772125,0.517011165619,-0.297914087772,0.0499934703112,0.516421318054,-0.299032777548,-0.0466127246618,0.516603589058,-0.301848351955,-0.145471543074,0.512872934341,-0.309508115053,-0.244164526463,0.508534312248,-0.320329099894,-0.362620800734,0.490058749914,-0.303019672632,-0.359338492155,0.328163951635,-0.152994334698,-0.359338492155
1776892343.14,0.497128874063,-0.317248463631,0.443354517221,0.503480315208,-0.316534489393,0.34582722187,0.507194638252,-0.310042828321,0.247339814901,0.511448740959,-0.303854048252,0.147178098559,0.514770150185,-0.299646943808,0.0499142631888,0.5147742033,-0.300491303205,-0.0468786358833,0.514748454094,-0.303287535906,-0.146871894598,0.512869119644,-0.309915721416,-0.244552671909,0.50975215435,-0.319344192743,-0.363136649132,0.490058749914,-0.303019672632,-0.359338492155,0.328215450048,-0.153056070209,-0.359338492155
1776892343.16,0.496579885483,-0.316293209791,0.443753510714,0.50076007843,-0.31697973609,0.345705986023,0.504173994064,-0.312607795,0.247368514538,0.50666809082,-0.308212071657,0.14712920785,0.510100007057,-0.305194675922,0.0498516485095,0.510572075844,-0.305578738451,-0.0474144667387,0.512512683868,-0.306210547686,-0.147559702396,0.512237548828,-0.311231583357,-0.244349986315,0.512145042419,-0.317469388247,-0.363418847322,0.490058749914,-0.303019672632,-0.359338492155,0.328110665083,-0.153005167842,-0.359338492155
1776892343.17,0.496357291937,-0.315386652946,0.44410353899,0.499119728804,-0.31769579649,0.346482992172,0.500621676445,-0.315587371588,0.247109979391,0.502431988716,-0.312926441431,0.147312834859,0.504997372627,-0.311059266329,0.0496951788664,0.505583524704,-0.31051325798,-0.047818928957,0.509618282318,-0.310134410858,-0.146468728781,0.51115500927,-0.312145859003,-0.2450286448,0.514439463615,-0.314562290907,-0.362960338593,0.490058749914,-0.303019672632,-0.359338492155,0.328037559986,-0.153095647693,-0.359338492155
1776892343.19,0.4962644279,-0.314283251762,0.44451624155,0.498087435961,-0.318272024393,0.346409767866,0.498987227678,-0.316669583321,0.24715077877,0.500105500221,-0.315482318401,0.147465124726,0.502613782883,-0.314233332872,0.0499876737595,0.503152966499,-0.314267992973,-0.0473676323891,0.508233308792,-0.312504440546,-0.146619975567,0.510813474655,-0.312981784344,-0.244662255049,0.515743374825,-0.31317999959,-0.36308953166,0.490058749914,-0.303019672632,-0.359338492155,0.327963262796,-0.153129890561,-0.359338492155
1776892343.2,0.496290683746,-0.313313215971,0.444899588823,0.496883183718,-0.318698137999,0.346888303757,0.496532648802,-0.319943338633,0.248636826873,0.496415048838,-0.320191204548,0.14818520844,0.498458653688,-0.320084542036,0.050429686904,0.498776882887,-0.319720596075,-0.0475278794765,0.505065798759,-0.317804634571,-0.1450278759,0.510415792465,-0.315467655659,-0.242489725351,0.518198609352,-0.310257285833,-0.361697018147,0.490058749914,-0.303019672632,-0.359338492155,0.328143209219,-0.152922615409,-0.359338492155
1776892343.22,0.496371895075,-0.312295347452,0.445313155651,0.496503442526,-0.318701207638,0.347101092339,0.49529799819,-0.321091860533,0.248637571931,0.495067745447,-0.322416633368,0.14878217876,0.496280044317,-0.322639286518,0.0505722016096,0.4970882833,-0.322861790657,-0.0475071072578,0.502477407455,-0.319214999676,-0.145674675703,0.509330868721,-0.315881609917,-0.242991745472,0.51905298233,-0.308938354254,-0.361081302166,0.490058749914,-0.303019672632,-0.359338492155,0.328124672174,-0.152988255024,-0.359338492155
1776892343.23,0.496402144432,-0.311604291201,0.445649921894,0.496060878038,-0.319043308496,0.348103970289,0.493708223104,-0.322914838791,0.248871654272,0.49261751771,-0.325887322426,0.149281084538,0.493394821882,-0.327394545078,0.0512627214193,0.494031339884,-0.327384203672,-0.046459197998,0.499553233385,-0.321414887905,-0.146575093269,0.509093403816,-0.316691428423,-0.241346687078,0.520540952682,-0.306846559048,-0.35935395956,0.490058749914,-0.303019672632,-0.359338492155,0.328212827444,-0.1530315727,-0.359338492155
1776892343.25,0.496367514133,-0.311206638813,0.445913285017,0.495763629675,-0.31913587451,0.348377346992,0.493433326483,-0.323602318764,0.249192595482,0.491818875074,-0.327303171158,0.149668425322,0.49239090085,-0.329474747181,0.0519436076283,0.493134766817,-0.32943841815,-0.0459826737642,0.50044298172,-0.323381096125,-0.144407302141,0.508759498596,-0.316984504461,-0.240502506495,0.521349549294,-0.30577775836,-0.358612000942,0.490058749914,-0.303019672632,-0.359338492155,0.328257381916,-0.153009518981,-0.359338492155
1776892343.26,0.496210277081,-0.310968309641,0.446203827858,0.495823293924,-0.318604230881,0.348655939102,0.493122726679,-0.324229449034,0.249842524529,0.49117603898,-0.329107552767,0.150414139032,0.49158129096,-0.331884771585,0.0532313659787,0.491614550352,-0.331521362066,-0.0453574955463,0.500127077103,-0.325247198343,-0.142335116863,0.509118199348,-0.31765922904,-0.239813446999,0.522282123566,-0.30513304472,-0.357674449682,0.490058749914,-0.303019672632,-0.359338492155,0.328006595373,-0.152983635664,-0.359338492155
1776892343.28,0.496050953865,-0.311033010483,0.44634142518,0.49597594142,-0.318652182817,0.349210143089,0.493173331022,-0.324397325516,0.250165462494,0.491115599871,-0.329179495573,0.150645598769,0.491220980883,-0.332028985023,0.0527806133032,0.491593629122,-0.331872493029,-0.0454126745462,0.500301480293,-0.325395673513,-0.142075866461,0.50928914547,-0.317796885967,-0.239582777023,0.522275328636,-0.305096596479,-0.357599258423,0.490058749914,-0.303019672632,-0.359338492155,0.328310966492,-0.152994975448,-0.359338492155
1776892343.29,0.495760977268,-0.311400532722,0.446404486895,0.496335953474,-0.318322122097,0.349322557449,0.49361500144,-0.323723435402,0.249814450741,0.492032796144,-0.328762322664,0.150861829519,0.492267757654,-0.331171035767,0.0531927123666,0.493123799562,-0.331351220608,-0.0443164408207,0.500738143921,-0.324900269508,-0.142748266459,0.509947061539,-0.317400068045,-0.239364355803,0.521867036819,-0.304514020681,-0.357546538115,0.490058749914,-0.303019672632,-0.359338492155,0.328125238419,-0.153039738536,-0.359338492155
1776892343.31,0.495414376259,-0.311966627836,0.446391612291,0.496453672647,-0.318073093891,0.349442899227,0.494101136923,-0.323261767626,0.250032782555,0.492907851934,-0.327633678913,0.150356769562,0.493614584208,-0.330367743969,0.0533697232604,0.493951290846,-0.330357789993,-0.0451923906803,0.501533508301,-0.324096411467,-0.142484992743,0.509922623634,-0.316869586706,-0.240003675222,0.521783947945,-0.304778009653,-0.357821762562,0.490058749914,-0.303019672632,-0.359338492155,0.328155517578,-0.153012275696,-0.359338492155
1776892343.32,0.494943231344,-0.312733560801,0.44632178545,0.496453493834,-0.317630082369,0.34935683012,0.495455414057,-0.321319848299,0.249918997288,0.495280712843,-0.324677884579,0.150543034077,0.496337980032,-0.326809793711,0.0528578534722,0.496835559607,-0.327078729868,-0.0451458096504,0.503298401833,-0.321494042873,-0.143912523985,0.511343121529,-0.316295355558,-0.239414006472,0.520887970924,-0.305852979422,-0.358517736197,0.490058749914,-0.303019672632,-0.359338492155,0.328148573637,-0.153040662408,-0.359338492155
1776892343.34,0.494409501553,-0.313598513603,0.446197390556,0.496344774961,-0.317343086004,0.349088072777,0.496082395315,-0.320538491011,0.250023305416,0.496331840754,-0.32257014513,0.150054290891,0.498351961374,-0.32479685545,0.0529634729028,0.498923033476,-0.324828356504,-0.0452933758497,0.504790663719,-0.319881111383,-0.144104391336,0.511051535606,-0.315115511417,-0.240474373102,0.520082592964,-0.3070114851,-0.359135597944,0.490058749914,-0.303019672632,-0.359338492155,0.32813179493,-0.153131112456,-0.359338492155
1776892343.35,0.493882417679,-0.314483702183,0.446054369211,0.496357768774,-0.317303538322,0.349392414093,0.498071581125,-0.318508803844,0.250470876694,0.499559134245,-0.318789333105,0.150095313787,0.501918673515,-0.31909224391,0.0523754358292,0.502834916115,-0.319646298885,-0.0453147739172,0.507266402245,-0.315501868725,-0.145029067993,0.512242674828,-0.312936365604,-0.241525024176,0.518610239029,-0.308430105448,-0.360188752413,0.490058749914,-0.303019672632,-0.359338492155,0.32830786705,-0.152932822704,-0.359338492155
1776892343.37,0.493388831615,-0.315299868584,0.445934683084,0.496907919645,-0.317049324512,0.348803222179,0.499066621065,-0.317034631968,0.249912366271,0.501358747482,-0.316815316677,0.150049492717,0.504275798798,-0.316052794456,0.0523119494319,0.505198836327,-0.316847532988,-0.0449862629175,0.508823633194,-0.313973903656,-0.145490109921,0.512669086456,-0.312479436398,-0.24210858345,0.517840504646,-0.309421181679,-0.360637634993,0.490058749914,-0.303019672632,-0.359338492155,0.327914118767,-0.153077527881,-0.359338492155
1776892343.38,0.492996692657,-0.315928131342,0.445833534002,0.49732235074,-0.316821575165,0.348758518696,0.501010894775,-0.314860522747,0.249531239271,0.504522442818,-0.312100231647,0.149536862969,0.508486270905,-0.310640275478,0.0524566695094,0.509343028069,-0.310421735048,-0.0456210821867,0.512311220169,-0.309396713972,-0.144671261311,0.514348745346,-0.310624748468,-0.241901993752,0.515653252602,-0.311656028032,-0.361127942801,0.490058749914,-0.303019672632,-0.359338492155,0.328103899956,-0.152996510267,-0.359338492155
1776892343.4,0.492773473263,-0.31629639864,0.445796519518,0.497823268175,-0.316478610039,0.348726332188,0.502071142197,-0.313883990049,0.249871581793,0.506404280663,-0.309914886951,0.149880081415,0.510655999184,-0.30761039257,0.0524749234319,0.511063933372,-0.307616353035,-0.0452816337347,0.514340400696,-0.307183891535,-0.144083887339,0.514195084572,-0.309698939323,-0.242018043995,0.515508174896,-0.312753349543,-0.360535055399,0.490058749914,-0.303019672632,-0.359338492155,0.32811036706,-0.153033480048,-0.359338492155
1776892343.41,0.49266242981,-0.316492527723,0.445808172226,0.498213380575,-0.315905749798,0.348530054092,0.50346660614,-0.311240375042,0.250481903553,0.508902668953,-0.30634406209,0.149992063642,0.513366937637,-0.303272634745,0.0525975972414,0.514181256294,-0.303057044744,-0.0449194908142,0.516147851944,-0.303741037846,-0.144526124001,0.515819311142,-0.30842295289,-0.240032792091,0.513548612595,-0.314777165651,-0.360819250345,0.490058749914,-0.303019672632,-0.359338492155,0.328121453524,-0.15301387012,-0.359338492155
1776892343.43,0.492702543736,-0.31644025445,0.445832014084,0.498358160257,-0.315664410591,0.348817884922,0.504121541977,-0.309903353453,0.249516859651,0.509607553482,-0.304721087217,0.150069326162,0.514609336853,-0.301062643528,0.0527114868164,0.515473604202,-0.300913631916,-0.0445823967457,0.517141342163,-0.301929920912,-0.144938915968,0.515658974648,-0.307941913605,-0.241113185883,0.512902617455,-0.315472334623,-0.360584467649,0.490058749914,-0.303019672632,-0.359338492155,0.328197360039,-0.153060287237,-0.359338492155
1776892343.44,0.492959618568,-0.316097348928,0.445888012648,0.498666197062,-0.315130591393,0.348988831043,0.504780888557,-0.308583974838,0.250462412834,0.510866999626,-0.302395433187,0.150805011392,0.516199827194,-0.297996670008,0.0533616393805,0.516921043396,-0.298301637173,-0.0445897877216,0.517857193947,-0.300701260567,-0.143439412117,0.515728354454,-0.307560622692,-0.240687340498,0.512142300606,-0.316752314568,-0.360007792711,0.490058749914,-0.303019672632,-0.359338492155,0.328134268522,-0.153019607067,-0.359338492155
1776892343.46,0.493334442377,-0.315639168024,0.445984631777,0.498830348253,-0.314610272646,0.348851323128,0.505146026611,-0.307444542646,0.249806925654,0.511253237724,-0.301609903574,0.150377497077,0.516101837158,-0.297359824181,0.0529158338904,0.517094969749,-0.297750324011,-0.0440558493137,0.517675042152,-0.30010831356,-0.143773108721,0.515759944916,-0.3074837327,-0.240601450205,0.512100100517,-0.317114621401,-0.359597086906,0.490058749914,-0.303019672632,-0.359338492155,0.328151613474,-0.153039395809,-0.359338492155
1776892343.47,0.493775695562,-0.315149486065,0.446119844913,0.499253720045,-0.314294338226,0.349121451378,0.505077600479,-0.30733242631,0.250572323799,0.510846614838,-0.300876021385,0.150593116879,0.515641331673,-0.297132074833,0.0530670434237,0.516743659973,-0.297733306885,-0.044180944562,0.517053246498,-0.300377309322,-0.143703758717,0.515295863152,-0.307932198048,-0.240514159203,0.511721491814,-0.317649960518,-0.359438508749,0.490058749914,-0.303019672632,-0.359338492155,0.328131407499,-0.153043121099,-0.359338492155
1776892343.49,0.494493097067,-0.314426988363,0.446369081736,0.499539703131,-0.313991159201,0.349368810654,0.504863858223,-0.307182073593,0.249866202474,0.510343194008,-0.301536023617,0.150801509619,0.515004873276,-0.297716885805,0.0530254393816,0.515060067177,-0.298508703709,-0.044827029109,0.516616821289,-0.300862103701,-0.144161343575,0.514726281166,-0.308219999075,-0.240548014641,0.511304616928,-0.316697925329,-0.360485196114,0.490058749914,-0.303019672632,-0.359338492155,0.328071713448,-0.153001591563,-0.359338492155
1776892343.5,0.495186090469,-0.313813447952,0.446644932032,0.499851673841,-0.313880801201,0.349723994732,0.504285216331,-0.307870209217,0.250892072916,0.509100675583,-0.302839070559,0.150757327676,0.512762188911,-0.300066977739,0.0531488806009,0.512905478477,-0.300875782967,-0.0442908108234,0.514468073845,-0.302771002054,-0.144240498543,0.513299584389,-0.309262245893,-0.240564644337,0.511641740799,-0.316446512938,-0.360467940569,0.490058749914,-0.303019672632,-0.359338492155,0.328095465899,-0.153024062514,-0.359338492155
1776892343.52,0.495917379856,-0.313225150108,0.446981489658,0.499957293272,-0.313889682293,0.349878489971,0.503869652748,-0.308836311102,0.250702738762,0.507698893547,-0.30455416441,0.150667622685,0.511564016342,-0.302054524422,0.0535723865032,0.511997103691,-0.302828431129,-0.0443939119577,0.513559937477,-0.303905755281,-0.143552064896,0.513216495514,-0.309677869081,-0.240709364414,0.512042403221,-0.31617808342,-0.360361963511,0.490058749914,-0.303019672632,-0.359338492155,0.328172564507,-0.153077125549,-0.359338492155
1776892343.53,0.496698111296,-0.31261447072,0.447330355644,0.500313878059,-0.31410703063,0.349729418755,0.502669334412,-0.310529351234,0.250918447971,0.505396604538,-0.307339549065,0.150360718369,0.508061647415,-0.305716305971,0.0532572716475,0.508115172386,-0.307121187449,-0.0443903803825,0.510627031326,-0.307264387608,-0.144152611494,0.511476397514,-0.311231404543,-0.240608543158,0.512664079666,-0.314916938543,-0.35991063714,0.490058749914,-0.303019672632,-0.359338492155,0.328199326992,-0.153026327491,-0.359338492155
1776892343.55,0.497349709272,-0.312092989683,0.447618514299,0.500207424164,-0.314109385014,0.349668860435,0.502154350281,-0.311687082052,0.251341164112,0.504219412804,-0.309548556805,0.151167094707,0.506192445755,-0.308043897152,0.053064674139,0.506176710129,-0.30927708745,-0.0442840307951,0.509575247765,-0.309001982212,-0.143891274929,0.510875463486,-0.311656534672,-0.241106003523,0.513097405434,-0.314290136099,-0.35998287797,0.490058749914,-0.303019672632,-0.359338492155,0.328107774258,-0.153056502342,-0.359338492155
1776892343.56,0.498198777437,-0.311429172754,0.447975635529,0.50057721138,-0.314765065908,0.350147902966,0.501017689705,-0.314333021641,0.25105047226,0.501692533493,-0.31354919076,0.151108473539,0.502974390984,-0.313110411167,0.0535777062178,0.502344727516,-0.313670992851,-0.0441727936268,0.505967020988,-0.31232380867,-0.143752843142,0.508770108223,-0.313376426697,-0.241246342659,0.513699531555,-0.31283146143,-0.359510838985,0.490058749914,-0.303019672632,-0.359338492155,0.328020900488,-0.153102755547,-0.359338492155
1776892343.58,0.498738765717,-0.310984224081,0.448211044073,0.500286698341,-0.31523218751,0.350581467152,0.500291109085,-0.316074281931,0.251876592636,0.500297784805,-0.315359115601,0.151225730777,0.501461982727,-0.315385758877,0.0539422631264,0.500647068024,-0.315988361835,-0.043671682477,0.50530230999,-0.314755707979,-0.142638891935,0.508136868477,-0.313847333193,-0.24060344696,0.514201641083,-0.312323749065,-0.359158933163,0.490058749914,-0.303019672632,-0.359338492155,0.328281879425,-0.152929827571,-0.359338492155
1776892343.59,0.499210268259,-0.310530900955,0.448436826468,0.500380277634,-0.315521895885,0.350701212883,0.499850839376,-0.316585272551,0.251983344555,0.499491661787,-0.317312777042,0.151628673077,0.50018286705,-0.317543655634,0.0544389039278,0.499545663595,-0.318682104349,-0.0434747338295,0.503493309021,-0.315806865692,-0.142893850803,0.507844924927,-0.315154761076,-0.239195585251,0.514496684074,-0.311568021774,-0.358785927296,0.490058749914,-0.303019672632,-0.359338492155,0.328137874603,-0.153011366725,-0.359338492155
1776892343.61,0.499671041965,-0.309997528791,0.448690533638,0.500692009926,-0.316304773092,0.351177692413,0.499032884836,-0.318430691957,0.251829057932,0.498001605272,-0.320883870125,0.152883082628,0.498037129641,-0.32189181447,0.0548676550388,0.497386306524,-0.321900844574,-0.0437842160463,0.50214099884,-0.319297075272,-0.142066925764,0.50639629364,-0.316148728132,-0.239543527365,0.514095067978,-0.310740470886,-0.358062565327,0.490058749914,-0.303019672632,-0.359338492155,0.328086495399,-0.152977585793,-0.359338492155
1776892343.62,0.499882757664,-0.309694826603,0.44883877039,0.500832915306,-0.316677093506,0.351461529732,0.49869248271,-0.320508152246,0.252602696419,0.497270077467,-0.322914808989,0.152910336852,0.496904939413,-0.324664324522,0.0554595515132,0.496235519648,-0.324897915125,-0.0430119037628,0.500992298126,-0.32128444314,-0.141200780869,0.50562608242,-0.31705853343,-0.23863273859,0.513847589493,-0.310202121735,-0.357298702002,0.490058749914,-0.303019672632,-0.359338492155,0.328117400408,-0.152978897095,-0.359338492155
1776892343.64,0.500136375427,-0.30923885107,0.449057251215,0.500799655914,-0.316638737917,0.351599514484,0.498679250479,-0.320671468973,0.252569675446,0.496684342623,-0.323942661285,0.153037190437,0.496437162161,-0.325720906258,0.0550399497151,0.495810598135,-0.32647138834,-0.0423945188522,0.499803751707,-0.321808099747,-0.142779648304,0.505327343941,-0.316982030869,-0.239046245813,0.513775587082,-0.31017100811,-0.35704985261,0.490058749914,-0.303019672632,-0.359338492155,0.328224897385,-0.15302965045,-0.359338492155
1776892343.65,0.500268161297,-0.308922529221,0.449251741171,0.501011133194,-0.316352784634,0.351966232061,0.498884111643,-0.320739626884,0.252739846706,0.497146576643,-0.324542969465,0.153223216534,0.497078627348,-0.326555222273,0.0555439218879,0.495921939611,-0.326688528061,-0.0423585474491,0.500552296638,-0.322637587786,-0.142096579075,0.505215883255,-0.318030893803,-0.238200962543,0.512955188751,-0.309869557619,-0.356857001781,0.490058749914,-0.303019672632,-0.359338492155,0.328142404556,-0.153005629778,-0.359338492155
1776892343.67,0.500364899635,-0.308659464121,0.449525296688,0.501231312752,-0.316252738237,0.352296501398,0.499352365732,-0.320650786161,0.252916306257,0.497515767813,-0.324095785618,0.153199836612,0.497650295496,-0.32656109333,0.0558537021279,0.496574431658,-0.326954454184,-0.0421114563942,0.500383853912,-0.322595059872,-0.142175376415,0.505197167397,-0.318382173777,-0.237857729197,0.5125207901,-0.310664027929,-0.356834828854,0.490058749914,-0.303019672632,-0.359338492155,0.328186422586,-0.153024181724,-0.359338492155
1776892343.68,0.500431776047,-0.308475017548,0.449798613787,0.501816511154,-0.315875262022,0.352324664593,0.500543236732,-0.319894313812,0.253551363945,0.499325186014,-0.323052465916,0.153444588184,0.49952891469,-0.324802905321,0.0557588860393,0.49832084775,-0.325738877058,-0.0417692810297,0.501904964447,-0.322141677141,-0.140992462635,0.50479722023,-0.318801701069,-0.238048970699,0.510866761208,-0.31168076396,-0.356655925512,0.490058749914,-0.303019672632,-0.359338492155,0.328200608492,-0.153027668595,-0.359338492155
1776892343.7,0.500495672226,-0.308319985867,0.450077295303,0.502334833145,-0.315357238054,0.352681428194,0.501465320587,-0.318807691336,0.253264605999,0.500469088554,-0.321405291557,0.153564244509,0.500908255577,-0.324034184217,0.0565128996968,0.49924954772,-0.324715256691,-0.0419734269381,0.502405524254,-0.320956528187,-0.141255289316,0.50540459156,-0.318348377943,-0.237628638744,0.509894132614,-0.312766104937,-0.356609910727,0.490058749914,-0.303019672632,-0.359338492155,0.328231096268,-0.153047978878,-0.359338492155
1776892343.71,0.50054872036,-0.30821403861,0.450355440378,0.503178358078,-0.314229696989,0.35296562314,0.503252863884,-0.316684395075,0.253594696522,0.50309741497,-0.318912088871,0.154041007161,0.50338447094,-0.320542246103,0.0565224662423,0.501847863197,-0.321770071983,-0.0416627973318,0.503881692886,-0.319626092911,-0.14141985774,0.505759119987,-0.317987948656,-0.237571567297,0.508465647697,-0.314016461372,-0.356791168451,0.490058749914,-0.303019672632,-0.359338492155,0.328174293041,-0.152980878949,-0.359338492155
1776892343.73,0.500594079494,-0.308191567659,0.45061096549,0.503424882889,-0.313590973616,0.352801650763,0.5040589571,-0.315481543541,0.254038929939,0.50458407402,-0.317115426064,0.154072746634,0.505066394806,-0.31852594018,0.0565428435802,0.503235936165,-0.319813489914,-0.0412238389254,0.505592107773,-0.318146795034,-0.140449941158,0.505772590637,-0.317373424768,-0.23858499527,0.50757920742,-0.315183281898,-0.356703281403,0.490058749914,-0.303019672632,-0.359338492155,0.32824537158,-0.152968719602,-0.359338492155
1776892343.74,0.500659704208,-0.308223843575,0.450851857662,0.50458741188,-0.312720686197,0.353374630213,0.50602376461,-0.313183397055,0.25373762846,0.506825685501,-0.313242435455,0.15449410677,0.507711172104,-0.313885062933,0.056632488966,0.505879878998,-0.315669357777,-0.0410585552454,0.506909012794,-0.315589666367,-0.140889495611,0.50616133213,-0.316685527563,-0.237880021334,0.505367398262,-0.316867262125,-0.356469988823,0.490058749914,-0.303019672632,-0.359338492155,0.32815477252,-0.153017416596,-0.359338492155
1776892343.76,0.500766396523,-0.308304995298,0.451089948416,0.505183339119,-0.312033236027,0.353383868933,0.506712675095,-0.312351822853,0.254532366991,0.508208751678,-0.311438977718,0.154653817415,0.509390115738,-0.312455058098,0.0572290122509,0.507505536079,-0.313934266567,-0.0408283174038,0.507910370827,-0.314093261957,-0.139943867922,0.506870746613,-0.316208004951,-0.23777794838,0.504996418953,-0.317612558603,-0.356440454721,0.490058749914,-0.303019672632,-0.359338492155,0.328008681536,-0.153116554022,-0.359338492155
1776892343.77,0.500896453857,-0.308392852545,0.451344311237,0.505427360535,-0.311522156,0.353870004416,0.507857918739,-0.309317350388,0.254587560892,0.510456681252,-0.308263301849,0.154761373997,0.511585712433,-0.307944744825,0.0574110224843,0.509841799736,-0.309668749571,-0.0399662703276,0.509785056114,-0.311461478472,-0.139220774174,0.50674533844,-0.315382957458,-0.236700028181,0.503054618835,-0.319733947515,-0.356306880713,0.490058749914,-0.303019672632,-0.359338492155,0.328148812056,-0.153067752719,-0.359338492155
1776892343.79,0.50105124712,-0.308457583189,0.451581478119,0.512141466141,-0.317563414574,0.348982483149,0.511984944344,-0.320726066828,0.249793842435,0.511636257172,-0.323657542467,0.150916740298,0.510568261147,-0.324593871832,0.0525681972504,0.507638335228,-0.325961768627,-0.0450021475554,0.508559584618,-0.323552489281,-0.143042623997,0.506567955017,-0.32076305151,-0.242830246687,0.507845282555,-0.316353350878,-0.360412925482,0.490058749914,-0.303019672632,-0.359338492155,0.328301101923,-0.153030350804,-0.359338492155
1776892343.8,0.501195013523,-0.308486670256,0.451736450195,0.506753563881,-0.310092657804,0.354415655136,0.509304404259,-0.306858778,0.255272865295,0.511768937111,-0.303925395012,0.155306398869,0.51381778717,-0.303205430508,0.0586529821157,0.511467218399,-0.305237084627,-0.0395299643278,0.510856628418,-0.307816624641,-0.138973355293,0.506783127785,-0.314468383789,-0.236278265715,0.501856088638,-0.322028547525,-0.355107575655,0.490058749914,-0.303019672632,-0.359338492155,0.328099370003,-0.153035312891,-0.359338492155
1776892343.82,0.501312851906,-0.308503329754,0.451831102371,0.507043600082,-0.309943526983,0.354539424181,0.509683012962,-0.306605160236,0.255524635315,0.511829972267,-0.302994340658,0.155588388443,0.51375579834,-0.301664710045,0.057939119637,0.511872768402,-0.303959697485,-0.039417386055,0.510567903519,-0.307068526745,-0.138938844204,0.506698131561,-0.314381569624,-0.23579248786,0.501621365547,-0.322549402714,-0.3545152843,0.490058749914,-0.303019672632,-0.359338492155,0.328198999166,-0.153024211526,-0.359338492155
1776892343.83,0.50134241581,-0.308495163918,0.45180696249,0.507311344147,-0.309746861458,0.354671299458,0.509611964226,-0.305566817522,0.255280792713,0.511874675751,-0.302336215973,0.155691832304,0.514117479324,-0.300848424435,0.0582412406802,0.511808395386,-0.303243309259,-0.0395342558622,0.510388493538,-0.306673765182,-0.138952195644,0.506327390671,-0.313771128654,-0.235599219799,0.501497507095,-0.323334723711,-0.354201316833,0.490058749914,-0.303019672632,-0.359338492155,0.328087687492,-0.152996093035,-0.359338492155
1776892343.85,0.501320779324,-0.308444976807,0.451695412397,0.507365345955,-0.309653282166,0.354879260063,0.509484529495,-0.305143088102,0.255415976048,0.511689305305,-0.301842868328,0.155912935734,0.513326883316,-0.300109475851,0.0585554838181,0.510846376419,-0.302550792694,-0.039430141449,0.509546279907,-0.306073874235,-0.138659030199,0.505995988846,-0.314101338387,-0.235172688961,0.501290082932,-0.323914378881,-0.3544267416,0.490058749914,-0.303019672632,-0.359338492155,0.328116089106,-0.152965024114,-0.359338492155
1776892343.86,0.501246750355,-0.308336138725,0.451460748911,0.507258653641,-0.309734076262,0.354717433453,0.509228587151,-0.305841892958,0.256182253361,0.511250257492,-0.302293300629,0.155830293894,0.511918783188,-0.301025390625,0.0582352206111,0.509900450706,-0.303825348616,-0.0384723097086,0.508802294731,-0.306877434254,-0.138846218586,0.505820393562,-0.314397156239,-0.235384225845,0.50154876709,-0.323978841305,-0.354603976011,0.490058749914,-0.303019672632,-0.359338492155,0.328179895878,-0.152998819947,-0.359338492155
1776892343.88,0.50117713213,-0.308112978935,0.451156944036,0.507268667221,-0.309731215239,0.354698240757,0.508979201317,-0.306364893913,0.256062984467,0.510397911072,-0.303102225065,0.155757054687,0.511467576027,-0.302170604467,0.058689288795,0.508806824684,-0.304039120674,-0.0395949035883,0.508024692535,-0.307914793491,-0.138873904943,0.50552546978,-0.314584612846,-0.235615491867,0.501990556717,-0.323885858059,-0.354651063681,0.490058749914,-0.303019672632,-0.359338492155,0.328063815832,-0.153002217412,-0.359338492155
1776892343.89,0.501138627529,-0.307773858309,0.450784683228,0.506068944931,-0.310300737619,0.354474067688,0.507879257202,-0.307269275188,0.255013763905,0.508813500404,-0.305180579424,0.155470684171,0.509273529053,-0.304963201284,0.0578806698322,0.507259488106,-0.306657582521,-0.0401541739702,0.506507754326,-0.309279173613,-0.139267623425,0.504657626152,-0.315447926521,-0.236467808485,0.502915740013,-0.323423206806,-0.355307251215,0.490058749914,-0.303019672632,-0.359338492155,0.328096657991,-0.153066575527,-0.359338492155
1776892343.91,0.501169025898,-0.30725851655,0.45038408041,0.506769061089,-0.309896171093,0.354594767094,0.50834774971,-0.306938529015,0.255700290203,0.509263634682,-0.304026514292,0.155623093247,0.51034617424,-0.303238123655,0.0575458407402,0.507889032364,-0.305401861668,-0.0393908172846,0.507168769836,-0.308579862118,-0.139219582081,0.505114197731,-0.315317302942,-0.235521674156,0.502423524857,-0.323419392109,-0.355196982622,0.490058749914,-0.303019672632,-0.359338492155,0.328166633844,-0.153063476086,-0.359338492155
1776892343.92,0.50119882822,-0.306597143412,0.449923455715,0.504806399345,-0.311052560806,0.353939592838,0.505372405052,-0.310385763645,0.25454929471,0.505282640457,-0.30988791585,0.154740706086,0.505519628525,-0.309897571802,0.0570458397269,0.503679394722,-0.311812788248,-0.0409609079361,0.504505157471,-0.313891619444,-0.140467375517,0.504130005836,-0.317373871803,-0.237256467342,0.503694057465,-0.321832150221,-0.356572955847,0.490058749914,-0.303019672632,-0.359338492155,0.328191757202,-0.153033584356,-0.359338492155
1776892343.94,0.501194000244,-0.305819869041,0.44941419363,0.504778504372,-0.311351150274,0.353607267141,0.504351496696,-0.311152249575,0.254127055407,0.504177927971,-0.311375766993,0.154222473502,0.504616379738,-0.312168121338,0.0566087216139,0.502807736397,-0.314392805099,-0.0409951359034,0.503875255585,-0.315032929182,-0.139563471079,0.50385427475,-0.318148165941,-0.237726986408,0.505031228065,-0.321120768785,-0.356572329998,0.490058749914,-0.303019672632,-0.359338492155,0.328261196613,-0.152912706137,-0.359338492155
1776892343.95,0.501187384129,-0.304948031902,0.448904126883,0.505042076111,-0.310738772154,0.35413813591,0.50605070591,-0.309283435345,0.255142748356,0.506475806236,-0.30796906352,0.154701501131,0.506707787514,-0.307644307613,0.0571163073182,0.504863023758,-0.310469478369,-0.0404742360115,0.504832148552,-0.312012255192,-0.140519827604,0.504261016846,-0.317016005516,-0.236821860075,0.503274917603,-0.322281211615,-0.356305211782,0.490058749914,-0.303019672632,-0.359338492155,0.327953249216,-0.153090506792,-0.359338492155
1776892343.97,0.501119613647,-0.30408886075,0.448387503624,0.503928184509,-0.311389058828,0.352997422218,0.502725720406,-0.313398063183,0.253662586212,0.50220477581,-0.314543396235,0.153993219137,0.502246975899,-0.316164284945,0.0565539821982,0.500846624374,-0.318294346333,-0.0413565337658,0.50299012661,-0.318598926067,-0.139911741018,0.502893567085,-0.319135606289,-0.238981366158,0.505465507507,-0.319253981113,-0.357402980328,0.490058749914,-0.303019672632,-0.359338492155,0.328229367733,-0.153003498912,-0.359338492155
1776892343.98,0.501013636589,-0.303254187107,0.44797757268,0.502528905869,-0.310517966747,0.351246118546,0.501248717308,-0.315087169409,0.252317905426,0.500286102295,-0.31850412488,0.153073117137,0.4999743402,-0.32066360116,0.054953828454,0.498841434717,-0.32344520092,-0.0420739203691,0.500171661377,-0.321719914675,-0.142519325018,0.502635121346,-0.320647984743,-0.239474624395,0.507010340691,-0.317589372396,-0.357900738716,0.490058749914,-0.303019672632,-0.359338492155,0.32818120718,-0.15303824842,-0.359338492155
1776892344,0.500820755959,-0.302586108446,0.447632610798,0.502309203148,-0.310555696487,0.351651161909,0.500902056694,-0.315544635057,0.252390682697,0.499702006578,-0.319106072187,0.152467653155,0.499308615923,-0.321974277496,0.054979801178,0.497881919146,-0.324213981628,-0.0426250398159,0.500138044357,-0.322041928768,-0.142522484064,0.502622723579,-0.321052640676,-0.239658415318,0.507193922997,-0.316966146231,-0.35825368762,0.490058749914,-0.303019672632,-0.359338492155,0.32816901803,-0.153019934893,-0.359338492155
1776892344.01,0.500583052635,-0.302120774984,0.447400122881,0.503081083298,-0.310793787241,0.352311611176,0.501812577248,-0.31441500783,0.252893567085,0.500738859177,-0.317352622747,0.153238996863,0.500669002533,-0.319647848606,0.0557193756104,0.499105542898,-0.32191863656,-0.0416170209646,0.501323580742,-0.320194065571,-0.141691058874,0.503126740456,-0.32001516223,-0.23863235116,0.506377220154,-0.318250507116,-0.357658803463,0.490058749914,-0.303019672632,-0.359338492155,0.328111201525,-0.153022915125,-0.359338492155
1776892344.03,0.500016510487,-0.301656723022,0.44709777832,0.502286195755,-0.308966457844,0.350292682648,0.500651359558,-0.315341204405,0.252101361752,0.499402076006,-0.319495797157,0.151780411601,0.498941630125,-0.323085695505,0.0542894899845,0.497330754995,-0.325640112162,-0.0436007231474,0.499894410372,-0.323639512062,-0.14295193553,0.502189278603,-0.32147705555,-0.24104771018,0.508182644844,-0.316580027342,-0.358524113894,0.490058749914,-0.303019672632,-0.359338492155,0.328127652407,-0.153024867177,-0.359338492155
1776892344.04,0.49941778183,-0.301571130753,0.446926265955,0.501992583275,-0.307835936546,0.350186318159,0.501004099846,-0.313816726208,0.251079082489,0.499579757452,-0.318038463593,0.15112438798,0.499579101801,-0.322264641523,0.0542093887925,0.498089760542,-0.32507583499,-0.0433369427919,0.500244736671,-0.323064565659,-0.14374256134,0.502606630325,-0.321265757084,-0.241601169109,0.508224725723,-0.316304624081,-0.358904719353,0.490058749914,-0.303019672632,-0.359338492155,0.328232437372,-0.153039455414,-0.359338492155
1776892344.06,0.498564898968,-0.301746070385,0.446760416031,0.501861214638,-0.307630091906,0.350030183792,0.500840783119,-0.312352031469,0.25068372488,0.500119328499,-0.317137151957,0.151139110327,0.500396490097,-0.3210247159,0.0538246706128,0.498605340719,-0.324021846056,-0.0431266874075,0.501639604568,-0.322789996862,-0.142566025257,0.503558635712,-0.320959866047,-0.241078138351,0.508267641068,-0.31651315093,-0.359514653683,0.490058749914,-0.303019672632,-0.359338492155,0.328190684319,-0.153004780412,-0.359338492155
1776892344.07,0.497634083033,-0.302235692739,0.446651756763,0.500906348228,-0.306406676769,0.349394142628,0.500891447067,-0.310389786959,0.250235795975,0.500799298286,-0.314274311066,0.150810465217,0.501561999321,-0.317642211914,0.0535056814551,0.500141620636,-0.321135222912,-0.0443670600653,0.502213835716,-0.320221185684,-0.144729107618,0.504358172417,-0.320383548737,-0.24096390605,0.507817983627,-0.317068487406,-0.360329121351,0.490058749914,-0.303019672632,-0.359338492155,0.32817658782,-0.153030902147,-0.359338492155
1776892344.09,0.496880918741,-0.302817374468,0.446634531021,0.502516031265,-0.310029327869,0.350787162781,0.500588417053,-0.315625071526,0.252422511578,0.499321252108,-0.319409281015,0.152115851641,0.498896926641,-0.322545588017,0.0547780841589,0.497410804033,-0.32476991415,-0.0429145395756,0.499603480101,-0.322959601879,-0.143137603998,0.502543449402,-0.321384161711,-0.239907026291,0.5076431036,-0.31687939167,-0.358309715986,0.490058749914,-0.303019672632,-0.359338492155,0.328101307154,-0.153096944094,-0.359338492155
1776892344.1,0.495426923037,-0.304266750813,0.446746438742,0.500026464462,-0.305504143238,0.349181413651,0.501229166985,-0.307780653238,0.250966876745,0.502598881721,-0.309085607529,0.150710746646,0.504040956497,-0.311371654272,0.0525958240032,0.503055930138,-0.314635634422,-0.0447407066822,0.504928708076,-0.314845085144,-0.145125865936,0.505712628365,-0.317677795887,-0.241286367178,0.508077025414,-0.319015681744,-0.360225260258,0.490058749914,-0.303019672632,-0.359338492155,0.328236192465,-0.152900934219,-0.359338492155
1776892344.12,0.494192630053,-0.305743277073,0.44688129425,0.499865919352,-0.305484473705,0.349322736263,0.501194238663,-0.306371897459,0.250686079264,0.502675056458,-0.307481914759,0.15051703155,0.504918813705,-0.309195369482,0.0533732399344,0.503833293915,-0.31203430891,-0.0445486307144,0.506175875664,-0.313238501549,-0.14321243763,0.506902694702,-0.316292256117,-0.2410762012,0.507337450981,-0.319364875555,-0.360554426908,0.490058749914,-0.303019672632,-0.359338492155,0.327905863523,-0.153144642711,-0.359338492155
1776892344.13,0.492921739817,-0.307437986135,0.447016119957,0.498586982489,-0.305259823799,0.349385678768,0.501366019249,-0.304975539446,0.250614017248,0.503694415092,-0.304025024176,0.150683104992,0.506130576134,-0.304573237896,0.0536032691598,0.506209969521,-0.307359308004,-0.0444436222315,0.507620453835,-0.309288173914,-0.144500166178,0.507498502731,-0.315042972565,-0.24076539278,0.507484436035,-0.320504665375,-0.359860867262,0.490058749914,-0.303019672632,-0.359338492155,0.328013777733,-0.153062939644,-0.359338492155
1776892344.15,0.491598665714,-0.309346437454,0.447151601315,0.498016268015,-0.305924266577,0.34947258234,0.501109480858,-0.303946584463,0.250461608171,0.503711223602,-0.302013188601,0.150633916259,0.506694555283,-0.302237600088,0.0529598966241,0.506456375122,-0.304667770863,-0.0442911088467,0.508072853088,-0.307611346245,-0.143935024738,0.508040189743,-0.313255280256,-0.241154402494,0.507178664207,-0.320691257715,-0.359967768192,0.490058749914,-0.303019672632,-0.359338492155,0.328155338764,-0.153038293123,-0.359338492155
1776892344.16,0.490512311459,-0.311006009579,0.447218567133,0.497091799974,-0.306732743979,0.349696606398,0.500651240349,-0.30295830965,0.250544369221,0.504214882851,-0.299998313189,0.150852277875,0.507534980774,-0.298966109753,0.0536454543471,0.507398486137,-0.301502496004,-0.0439042747021,0.509603261948,-0.304724961519,-0.142824262381,0.508325815201,-0.312149524689,-0.240094929934,0.507434248924,-0.321016997099,-0.35920894146,0.490058749914,-0.303019672632,-0.359338492155,0.32812410593,-0.153020322323,-0.359338492155
1776892344.18,0.489468812943,-0.312649279833,0.447243690491,0.496347755194,-0.3072488904,0.349712133408,0.500318646431,-0.303341120481,0.251453816891,0.50408411026,-0.299159795046,0.151286631823,0.507524490356,-0.297548443079,0.0534294471145,0.507614254951,-0.299928575754,-0.0437115579844,0.509060025215,-0.303542137146,-0.143284261227,0.508518457413,-0.311804652214,-0.239751428366,0.507664322853,-0.321059018373,-0.358725965023,0.490058749914,-0.303019672632,-0.359338492155,0.328177690506,-0.153009548783,-0.359338492155
1776892344.19,0.488640666008,-0.31396740675,0.447228163481,0.494994491339,-0.308970451355,0.349953055382,0.499449878931,-0.304062962532,0.251928597689,0.503557443619,-0.29863896966,0.151461675763,0.50714302063,-0.296111434698,0.0540369600058,0.507120132446,-0.29813221097,-0.0433830022812,0.509562253952,-0.301704078913,-0.142251223326,0.508434891701,-0.310272991657,-0.240145891905,0.508073925972,-0.321375370026,-0.358807295561,0.490058749914,-0.303019672632,-0.359338492155,0.328105658293,-0.152959555387,-0.359338492155
1776892344.21,0.487944036722,-0.31515288353,0.447176903486,0.494158416986,-0.310372829437,0.349940240383,0.498925358057,-0.304469555616,0.251488447189,0.502757072449,-0.298699617386,0.151398092508,0.506578326225,-0.296059340239,0.0540228784084,0.506865620613,-0.297703772783,-0.0436988174915,0.509551167488,-0.301318883896,-0.1422970891,0.508675932884,-0.309856653214,-0.239934802055,0.508044838905,-0.320725768805,-0.358950555325,0.490058749914,-0.303019672632,-0.359338492155,0.328185379505,-0.153036504984,-0.359338492155
1776892344.22,0.487618744373,-0.315886229277,0.447136044502,0.49298247695,-0.312025994062,0.35000038147,0.497272223234,-0.306486427784,0.251976728439,0.501359701157,-0.300454944372,0.151400715113,0.505169391632,-0.297410458326,0.0541759878397,0.505867362022,-0.298580318689,-0.0435371398926,0.508497834206,-0.301629751921,-0.14305922389,0.508698582649,-0.309650421143,-0.239809781313,0.50904917717,-0.319713771343,-0.358411699533,0.490058749914,-0.303019672632,-0.359338492155,0.32817748189,-0.153052657843,-0.359338492155
1776892344.24,0.487608611584,-0.316283792257,0.447097718716,0.492241293192,-0.312921881676,0.349697768688,0.4963106215,-0.306944549084,0.2505210042,0.500199079514,-0.301615864038,0.151306375861,0.503994464874,-0.298527210951,0.0539626330137,0.50483071804,-0.299937099218,-0.0435553342104,0.508282065392,-0.302557498217,-0.142583698034,0.508580446243,-0.30938783288,-0.240220874548,0.509720563889,-0.318644672632,-0.358258157969,0.490058749914,-0.303019672632,-0.359338492155,0.328121393919,-0.15304197371,-0.359338492155
1776892344.25,0.487909436226,-0.316328823566,0.447069406509,0.491203397512,-0.315153479576,0.349906504154,0.494651943445,-0.310451716185,0.251023501158,0.497839838266,-0.305700331926,0.150988698006,0.501680612564,-0.302539587021,0.0536293759942,0.50267624855,-0.302397042513,-0.0441458523273,0.507015347481,-0.303956151009,-0.143225640059,0.508168101311,-0.309482425451,-0.240668684244,0.510684013367,-0.317139327526,-0.359283298254,0.490058749914,-0.303019672632,-0.359338492155,0.328080922365,-0.153021320701,-0.359338492155
1776892344.27,0.488432168961,-0.316097289324,0.447090536356,0.490938812494,-0.31574973464,0.349766433239,0.493694096804,-0.312004208565,0.251079499722,0.496779292822,-0.307696819305,0.151028767228,0.501221895218,-0.304979264736,0.0543663427234,0.502030968666,-0.3052957654,-0.0435284078121,0.506200313568,-0.305574029684,-0.143419712782,0.508196473122,-0.309797763824,-0.240721166134,0.511010408401,-0.315913289785,-0.359492659569,0.490058749914,-0.303019672632,-0.359338492155,0.328049629927,-0.153021737933,-0.359338492155
1776892344.28,0.489386975765,-0.315533876419,0.447123110294,0.4908824265,-0.31721290946,0.34982329607,0.492634385824,-0.3152962327,0.250993728638,0.494409650564,-0.31263178587,0.150661677122,0.49759927392,-0.310257315636,0.0532767474651,0.499283879995,-0.310264796019,-0.0440275371075,0.504496455193,-0.30998313427,-0.142505407333,0.507647514343,-0.310959875584,-0.2401714921,0.512324810028,-0.312704503536,-0.359208375216,0.490058749914,-0.303019672632,-0.359338492155,0.327816933393,-0.153140231967,-0.359338492155
1776892344.3,0.490329563618,-0.314949989319,0.447203367949,0.490862041712,-0.317764520645,0.349824130535,0.491946429014,-0.31696203351,0.251300394535,0.49332895875,-0.314764261246,0.150580853224,0.496390074492,-0.313150644302,0.053151704371,0.497862190008,-0.313090622425,-0.0441006869078,0.503198981285,-0.310756325722,-0.142736524343,0.507119178772,-0.31175339222,-0.240477770567,0.512587547302,-0.311068624258,-0.359487682581,0.490058749914,-0.303019672632,-0.359338492155,0.328249365091,-0.152953922749,-0.359338492155
1776892344.31,0.491489320993,-0.314221769571,0.44725716114,0.491607397795,-0.318621963263,0.349947750568,0.491524368525,-0.319380611181,0.250919103622,0.492419928312,-0.319689720869,0.151539936662,0.494381815195,-0.318596065044,0.0535106956959,0.495318502188,-0.318264335394,-0.0444916188717,0.501108527184,-0.315066337585,-0.143236577511,0.505899906158,-0.311949938536,-0.241334855556,0.513837099075,-0.308674365282,-0.359465539455,0.490058749914,-0.303019672632,-0.359338492155,0.328138113022,-0.152960687876,-0.359338492155
1776892344.33,0.492535710335,-0.313519895077,0.447234988213,0.492020219564,-0.318605512381,0.349853485823,0.4917088449,-0.320011913776,0.250172257423,0.492336660624,-0.32126057148,0.150806546211,0.493591398001,-0.321206301451,0.0531472638249,0.49448749423,-0.321287631989,-0.0436365157366,0.500134110451,-0.316898554564,-0.142787724733,0.505589962006,-0.31405171752,-0.239570826292,0.514133810997,-0.307171463966,-0.358543097973,0.490058749914,-0.303019672632,-0.359338492155,0.328119665384,-0.153036847711,-0.359338492155
1776892344.34,0.493699550629,-0.312759488821,0.447109401226,0.493580311537,-0.31903231144,0.350265204906,0.492423027754,-0.322321176529,0.250943660736,0.491970390081,-0.32437607646,0.151275888085,0.492856472731,-0.325792461634,0.0539079457521,0.493265241385,-0.325284540653,-0.0441049486399,0.498523205519,-0.319884896278,-0.142930954695,0.50524866581,-0.314869314432,-0.239540725946,0.514517188072,-0.304746299982,-0.35844618082,0.490058749914,-0.303019672632,-0.359338492155,0.328141868114,-0.153022199869,-0.359338492155
1776892344.36,0.494730323553,-0.312138199806,0.446971237659,0.493999749422,-0.318877160549,0.349916279316,0.492511719465,-0.322601914406,0.251125276089,0.492082685232,-0.32556194067,0.151112630963,0.492424994707,-0.327082574368,0.0534470528364,0.492545813322,-0.326542586088,-0.0447461903095,0.49947360158,-0.320243000984,-0.140466570854,0.505463838577,-0.315521985292,-0.238754928112,0.514444112778,-0.304110705853,-0.35824456811,0.490058749914,-0.303019672632,-0.359338492155,0.328162997961,-0.152941167355,-0.359338492155
1776892344.37,0.495686113834,-0.311603784561,0.446798026562,0.494511812925,-0.319136351347,0.350084960461,0.493580132723,-0.32323512435,0.250848591328,0.492438703775,-0.326442688704,0.150921493769,0.492944866419,-0.328567326069,0.0538128316402,0.492562800646,-0.328471690416,-0.0439878851175,0.498899251223,-0.322545200586,-0.14137840271,0.505489587784,-0.315579921007,-0.238563299179,0.51459145546,-0.303382396698,-0.35782957077,0.490058749914,-0.303019672632,-0.359338492155,0.328254938126,-0.152945712209,-0.359338492155
1776892344.39,0.496498376131,-0.311253160238,0.446652799845,0.496100693941,-0.318597525358,0.349887102842,0.494905680418,-0.323530346155,0.250709533691,0.493528574705,-0.327339321375,0.150949329138,0.493919342756,-0.329560607672,0.0536988228559,0.493224769831,-0.329351514578,-0.0447264760733,0.498962849379,-0.32328414917,-0.140804171562,0.505524873734,-0.315454661846,-0.238609373569,0.51366007328,-0.302045404911,-0.357604235411,0.490058749914,-0.303019672632,-0.359338492155,0.32824459672,-0.152970939875,-0.359338492155
1776892344.4,0.497099727392,-0.311142683029,0.446590155363,0.497446328402,-0.318160265684,0.349784612656,0.496322363615,-0.323011904955,0.251026511192,0.495637029409,-0.32674741745,0.151226937771,0.495828658342,-0.329076170921,0.0534101873636,0.495480686426,-0.328871786594,-0.0439399778843,0.499391227961,-0.321454316378,-0.143966019154,0.505444049835,-0.314978539944,-0.239603430033,0.512635350227,-0.302388012409,-0.358289271593,0.490058749914,-0.303019672632,-0.359338492155,0.32815849781,-0.153012782335,-0.359338492155
1776892344.42,0.497483938932,-0.311299324036,0.446622252464,0.498087316751,-0.317976593971,0.349642246962,0.497198075056,-0.322282940149,0.250923335552,0.496349424124,-0.325652033091,0.15066601336,0.496908396482,-0.32751506567,0.0529910773039,0.496253341436,-0.327522307634,-0.0450553894043,0.49992993474,-0.321269273758,-0.144196122885,0.504885196686,-0.314251303673,-0.240378707647,0.511577367783,-0.302359163761,-0.358968615532,0.490058749914,-0.303019672632,-0.359338492155,0.32816568017,-0.152995437384,-0.359338492155
1776892344.43,0.497712224722,-0.311645805836,0.446731358767,0.499355703592,-0.316694706678,0.349317342043,0.499196380377,-0.320312380791,0.250504165888,0.49916139245,-0.322806835175,0.150494813919,0.500158905983,-0.324292689562,0.0533416420221,0.498856157064,-0.323825836182,-0.0450201332569,0.502578854561,-0.318554401398,-0.143777310848,0.505929350853,-0.312661767006,-0.241038024426,0.510687232018,-0.303650528193,-0.359400451183,0.490058749914,-0.303019672632,-0.359338492155,0.32812076807,-0.153041496873,-0.359338492155
1776892344.45,0.497773915529,-0.312200307846,0.446909755468,0.499997168779,-0.316548317671,0.349379301071,0.500390052795,-0.319258391857,0.250148355961,0.500806570053,-0.320807427168,0.150611639023,0.501793980598,-0.321876049042,0.053203009069,0.500886678696,-0.32172870636,-0.0449666827917,0.503683209419,-0.316673278809,-0.14452791214,0.506074666977,-0.311959594488,-0.241335391998,0.509480476379,-0.30395808816,-0.360077261925,0.490058749914,-0.303019672632,-0.359338492155,0.328096836805,-0.153044834733,-0.359338492155
1776892344.46,0.497690081596,-0.312844276428,0.44712382555,0.500907659531,-0.315499931574,0.349191844463,0.502658486366,-0.316592127085,0.250495970249,0.504089951515,-0.316144794226,0.150448098779,0.505261778831,-0.316136270761,0.0528632849455,0.50457906723,-0.316365540028,-0.0449634045362,0.50671184063,-0.313533186913,-0.143205285072,0.506464719772,-0.310971736908,-0.241632461548,0.507845878601,-0.305966943502,-0.360354214907,0.490058749914,-0.303019672632,-0.359338492155,0.328081279993,-0.152978494763,-0.359338492155
1776892344.48,0.497606217861,-0.313204467297,0.44724971056,0.501514077187,-0.315427780151,0.349758267403,0.503626585007,-0.315134257078,0.250559270382,0.50526869297,-0.313705742359,0.150758624077,0.507122635841,-0.313478559256,0.0528657585382,0.505638718605,-0.313396781683,-0.0448411405087,0.507099032402,-0.310273230076,-0.144197821617,0.507164955139,-0.309793442488,-0.241993516684,0.506930947304,-0.306790083647,-0.360593616962,0.490058749914,-0.303019672632,-0.359338492155,0.327904462814,-0.153096631169,-0.359338492155
1776892344.49,0.497185796499,-0.314367800951,0.447621822357,0.502570033073,-0.314699411392,0.349947243929,0.50531566143,-0.312036693096,0.251438498497,0.508003473282,-0.309005945921,0.151157945395,0.51020526886,-0.307346642017,0.053356282413,0.508571982384,-0.307530075312,-0.0444744378328,0.509677648544,-0.306531995535,-0.142876833677,0.506982803345,-0.307931065559,-0.241985738277,0.505423784256,-0.309426039457,-0.360084891319,0.490058749914,-0.303019672632,-0.359338492155,0.328115254641,-0.152988418937,-0.359338492155
1776892344.51,0.496773064137,-0.315074056387,0.447797805071,0.502903938293,-0.314276516438,0.35006403923,0.506478071213,-0.310454905033,0.251046776772,0.509115934372,-0.306676894426,0.151176035404,0.511298656464,-0.304387629032,0.0536988452077,0.509845614433,-0.304610401392,-0.043403878808,0.509931445122,-0.304162561893,-0.143765330315,0.507746577263,-0.307263374329,-0.240850806236,0.505198597908,-0.310173839331,-0.359491735697,0.490058749914,-0.303019672632,-0.359338492155,0.327979624271,-0.153060987592,-0.359338492155
1776892344.52,0.496334403753,-0.315688878298,0.447876214981,0.503094434738,-0.314069330692,0.350738883018,0.50730240345,-0.308292269707,0.251477599144,0.510957360268,-0.302888333797,0.151853561401,0.513084292412,-0.299350708723,0.054353877902,0.51187980175,-0.299872994423,-0.0427872538567,0.511703014374,-0.30085337162,-0.142758339643,0.508061170578,-0.305838525295,-0.239501476288,0.503957629204,-0.312287867069,-0.358841925859,0.490058749914,-0.303019672632,-0.359338492155,0.328070729971,-0.152993381023,-0.359338492155
1776892344.54,0.495946586132,-0.316173613071,0.447899878025,0.503176689148,-0.314128726721,0.351231455803,0.507436513901,-0.307233244181,0.251650601625,0.511119127274,-0.301378846169,0.152255743742,0.513874769211,-0.297959953547,0.0553248971701,0.512064814568,-0.297586381435,-0.0430193096399,0.512241363525,-0.299297183752,-0.141852229834,0.508141160011,-0.305308014154,-0.239258050919,0.503610610962,-0.312780916691,-0.358917742968,0.490058749914,-0.303019672632,-0.359338492155,0.328223794699,-0.1530148983,-0.359338492155
1776892344.55,0.4956818223,-0.316435486078,0.44786670804,0.502542734146,-0.31392672658,0.351179867983,0.507236361504,-0.306592643261,0.252062737942,0.511399269104,-0.299121975899,0.152498036623,0.514138221741,-0.29494920373,0.0549236387014,0.512695431709,-0.29525411129,-0.0427145659924,0.511953473091,-0.29745438695,-0.142199784517,0.508292913437,-0.304186016321,-0.239559680223,0.503192067146,-0.313988864422,-0.357801675797,0.490058749914,-0.303019672632,-0.359338492155,0.328100532293,-0.153022274375,-0.359338492155
1776892344.57,0.495563030243,-0.316470772028,0.447788000107,0.502173185349,-0.313673257828,0.350858569145,0.506819248199,-0.306578487158,0.252736598253,0.510809898376,-0.298798382282,0.152437895536,0.514003992081,-0.294224590063,0.0552212372422,0.512537360191,-0.294836819172,-0.0424373447895,0.511705040932,-0.296779990196,-0.142015635967,0.508222699165,-0.304024368525,-0.239523142576,0.503263115883,-0.314418703318,-0.35760819912,0.490058749914,-0.303019672632,-0.359338492155,0.328066498041,-0.15299461782,-0.359338492155
1776892344.59,0.495582640171,-0.316242575645,0.447605252266,0.501764535904,-0.314042061567,0.350994348526,0.506297707558,-0.306413084269,0.252992868423,0.510393857956,-0.298635184765,0.152212247252,0.513258814812,-0.294073164463,0.0549965947866,0.511857271194,-0.294195532799,-0.0424595922232,0.511854767799,-0.296780407429,-0.140644788742,0.508143901825,-0.303976327181,-0.239510565996,0.503305673599,-0.314493089914,-0.357604950666,0.490058749914,-0.303019672632,-0.359338492155,0.328168570995,-0.153025358915,-0.359338492155
1776892344.6,0.495687514544,-0.316026926041,0.447505384684,0.500807642937,-0.313922584057,0.350226998329,0.5047301054,-0.307046115398,0.252356380224,0.508616924286,-0.299691468477,0.152228787541,0.511487841606,-0.295272618532,0.0548594072461,0.510900497437,-0.295437574387,-0.0426617413759,0.510537862778,-0.29777726531,-0.142106473446,0.507781028748,-0.304692864418,-0.239141851664,0.503699183464,-0.314404994249,-0.357637256384,0.490058749914,-0.303019672632,-0.359338492155,0.328129202127,-0.152996599674,-0.359338492155
1776892344.61,0.495959728956,-0.31556096673,0.447365641594,0.500380277634,-0.314409703016,0.350371479988,0.503516435623,-0.308447241783,0.251890659332,0.506117224693,-0.302132487297,0.15189948678,0.508897542953,-0.298289895058,0.0543077588081,0.50813293457,-0.297991901636,-0.0431182086468,0.509388566017,-0.300340175629,-0.142100453377,0.507002949715,-0.305758148432,-0.239859551191,0.504364848137,-0.313597291708,-0.358642876148,0.490058749914,-0.303019672632,-0.359338492155,0.328108042479,-0.153019025922,-0.359338492155
1776892344.63,0.496365904808,-0.314915925264,0.447266995907,0.500239729881,-0.314847528934,0.350422084332,0.502599477768,-0.309053003788,0.251216083765,0.504808425903,-0.303853839636,0.151883691549,0.507341623306,-0.300392746925,0.0545900464058,0.506674170494,-0.299928098917,-0.04307949543,0.507911086082,-0.301139295101,-0.143287658691,0.506732940674,-0.306448370218,-0.239854574203,0.504843592644,-0.313465356827,-0.359122097492,0.490058749914,-0.303019672632,-0.359338492155,0.328083723783,-0.152984112501,-0.359338492155
1776892344.85,0.496858805418,-0.314142733812,0.447210282087,0.499529331923,-0.315238207579,0.3502214849,0.500966787338,-0.311343729496,0.250889718533,0.502171635628,-0.307431399822,0.151167035103,0.503908038139,-0.305094629526,0.0535645857453,0.503236055374,-0.30521273613,-0.0438868999481,0.504595279694,-0.304497510195,-0.143521606922,0.505244493484,-0.308384627104,-0.240467816591,0.506206035614,-0.3118878901,-0.359319895506,0.490058749914,-0.303019672632,-0.359338492155,0.328062087297,-0.153029412031,-0.359338492155
