time,rope_p0_x,rope_p0_y,rope_p0_z,rope_p1_x,rope_p1_y,rope_p1_z,rope_p2_x,rope_p2_y,rope_p2_z,rope_p3_x,rope_p3_y,rope_p3_z,rope_p4_x,rope_p4_y,rope_p4_z,rope_p5_x,rope_p5_y,rope_p5_z,rope_p6_x,rope_p6_y,rope_p6_z,rope_p7_x,rope_p7_y,rope_p7_z,rope_p8_x,rope_p8_y,rope_p8_z,goal_traj_x,goal_traj_y,goal_traj_z,obs_x,obs_y,obs_z
1776890912.02,0.480388432741,-0.299713253975,0.44769987464,0.482378900051,-0.29946744442,0.350561022758,0.483230412006,-0.299083828926,0.252197921276,0.484628081322,-0.298799157143,0.152173191309,0.486269533634,-0.298432052135,0.0540825128555,0.485401332378,-0.300013482571,-0.0435700714588,0.487342715263,-0.299500226974,-0.14327147603,0.488627374172,-0.301574826241,-0.24020832777,0.490196287632,-0.302345603704,-0.35863789916,0.492560207844,-0.29896441102,-0.358633846045,0.591255545616,-0.274944901466,-0.358633846045
1776890917.02,0.480579137802,-0.299744129181,0.446792036295,0.482196211815,-0.299834191799,0.34995496273,0.483007490635,-0.2996699512,0.251112341881,0.483921706676,-0.29931679368,0.151231795549,0.485392391682,-0.299662530422,0.0536626651883,0.4844378829,-0.300504237413,-0.0445615947247,0.486826777458,-0.30058863759,-0.144008487463,0.487304925919,-0.30251532793,-0.241027057171,0.488740861416,-0.302886158228,-0.360132426023,0.492562055588,-0.29896441102,-0.358633846045,0.591318368912,-0.274739295244,-0.358633846045
1776890917.03,0.480579555035,-0.299744218588,0.446791529655,0.482233405113,-0.299759209156,0.34991762042,0.482997059822,-0.299805253744,0.251302599907,0.484007000923,-0.299364954233,0.151070982218,0.485399842262,-0.299566745758,0.0536115244031,0.484310805798,-0.300573438406,-0.0446305572987,0.486810088158,-0.300645232201,-0.144127309322,0.487296164036,-0.302606195211,-0.240918785334,0.488598287106,-0.303153723478,-0.360299557447,0.492569386959,-0.29896441102,-0.358633846045,0.591292321682,-0.274788051844,-0.358633846045
1776890917.05,0.480580151081,-0.299743622541,0.446793317795,0.482145130634,-0.300020575523,0.35040640831,0.482879817486,-0.29965120554,0.251181960106,0.483961939812,-0.299309045076,0.15115968883,0.485507130623,-0.299569100142,0.0536658018827,0.484710216522,-0.300271987915,-0.0445317625999,0.486826777458,-0.30058863759,-0.144008487463,0.487578630447,-0.302490353584,-0.240699827671,0.488768339157,-0.302777737379,-0.360075503588,0.492585837841,-0.29896441102,-0.358633846045,0.591299772263,-0.274785667658,-0.358633846045
1776890917.06,0.48058155179,-0.299742728472,0.446793138981,0.482222080231,-0.299724340439,0.349933505058,0.482863485813,-0.299689650536,0.251160025597,0.483952760696,-0.299360245466,0.151152923703,0.485342979431,-0.299607008696,0.0535237118602,0.484438121319,-0.30024176836,-0.0447115898132,0.486770629883,-0.300440818071,-0.144176661968,0.4877191782,-0.302480220795,-0.24064385891,0.488768935204,-0.302746832371,-0.360199004412,0.492615103722,-0.29896441102,-0.358633846045,0.591363251209,-0.274785339832,-0.358633846045
1776890917.08,0.480598121881,-0.299717217684,0.446794956923,0.482104480267,-0.299961030483,0.350397050381,0.482837319374,-0.299562931061,0.251214712858,0.483922660351,-0.299317270517,0.151230871677,0.485399842262,-0.299566745758,0.0536115244031,0.484535336494,-0.300143897533,-0.044686794281,0.486762940884,-0.300376743078,-0.144060492516,0.48766130209,-0.302313089371,-0.240689218044,0.488774776459,-0.30276954174,-0.360084980726,0.492660820484,-0.298964381218,-0.358633846045,0.591404914856,-0.274707406759,-0.358633846045
1776890917.09,0.480685949326,-0.29964402318,0.446809858084,0.48219871521,-0.299837440252,0.349958986044,0.482866287231,-0.299537181854,0.251195132732,0.483963906765,-0.299231946468,0.151097714901,0.485507130623,-0.299569100142,0.0536658018827,0.484710216522,-0.300271987915,-0.0445317625999,0.48671913147,-0.300281494856,-0.144371002913,0.487674891949,-0.302336961031,-0.240658074617,0.488917291164,-0.302583992481,-0.360159665346,0.492726504803,-0.298964351416,-0.358633846045,0.5913169384,-0.274797230959,-0.358633846045
1776890917.11,0.480894178152,-0.299582451582,0.446866512299,0.482221007347,-0.299695521593,0.349802970886,0.48278850317,-0.29950106144,0.251305758953,0.484017729759,-0.299311816692,0.151307210326,0.485507130623,-0.299569100142,0.0536658018827,0.484577894211,-0.299964696169,-0.0447649359703,0.48704713583,-0.299793124199,-0.143854826689,0.487699627876,-0.30216255784,-0.240853637457,0.489018261433,-0.30225867033,-0.36012378335,0.492815852165,-0.298964291811,-0.358633846045,0.591356515884,-0.274805903435,-0.358633846045
1776890917.12,0.481257170439,-0.299501687288,0.446951150894,0.482230186462,-0.299860596657,0.349896550179,0.482912778854,-0.29948091507,0.251270383596,0.483894348145,-0.299109697342,0.151165187359,0.485716998577,-0.299610853195,0.0538654699922,0.484507381916,-0.29990708828,-0.0447033047676,0.48704713583,-0.299793124199,-0.143854826689,0.487794697285,-0.302193492651,-0.240787297487,0.489153563976,-0.302209079266,-0.360092163086,0.492932379246,-0.298964142799,-0.358633846045,0.591360926628,-0.274725317955,-0.358633846045
1776890917.14,0.481850236654,-0.29943305254,0.447122216225,0.482175648212,-0.299822092056,0.349938869476,0.482944309711,-0.299701482058,0.25117212534,0.483922302723,-0.29931718111,0.151231229305,0.485300660133,-0.299612909555,0.0536841079593,0.484594166279,-0.300254404545,-0.0445720255375,0.486826777458,-0.30058863759,-0.144008487463,0.487509071827,-0.302604913712,-0.240715384483,0.488741338253,-0.302879273891,-0.360144525766,0.493079543114,-0.298963874578,-0.358633846045,0.59136980772,-0.274807691574,-0.358633846045
1776890917.15,0.48274859786,-0.299367845058,0.447320193052,0.483099997044,-0.299533814192,0.350027799606,0.48324996233,-0.299391448498,0.251378625631,0.484283804893,-0.299250245094,0.151655748487,0.485311210155,-0.29937466979,0.0538233593106,0.484659731388,-0.300036936998,-0.0443585813046,0.487055361271,-0.299464732409,-0.143579035997,0.488092720509,-0.301841855049,-0.240537106991,0.489425599575,-0.302470356226,-0.359826296568,0.493260920048,-0.298963457346,-0.358633846045,0.59133297205,-0.274984836578,-0.358633846045
1776890917.17,0.483727514744,-0.299331307411,0.44752535224,0.483377993107,-0.299599796534,0.350217044353,0.483660876751,-0.299438774586,0.251603424549,0.484547555447,-0.29927071929,0.151969790459,0.485571026802,-0.299130678177,0.0540883019567,0.485054671764,-0.299961030483,-0.0439686775208,0.487171590328,-0.299481064081,-0.143428891897,0.488194286823,-0.301822096109,-0.240468114614,0.489426255226,-0.302377700806,-0.359678983688,0.493479967117,-0.29896274209,-0.358633846045,0.591254770756,-0.274796932936,-0.358633846045
1776890917.18,0.484937787056,-0.299329012632,0.447791934013,0.482535600662,-0.299899339676,0.350083559752,0.482992768288,-0.299260854721,0.250819474459,0.483889877796,-0.299021065235,0.151106581092,0.485584557056,-0.29949682951,0.0536747798324,0.484604358673,-0.299867928028,-0.0446500778198,0.487055361271,-0.299464732409,-0.143579035997,0.488043427467,-0.301940470934,-0.2406039536,0.489133656025,-0.302152395248,-0.360071539879,0.493739962578,-0.298961699009,-0.358633846045,0.591332674026,-0.274830102921,-0.358633846045
1776890917.2,0.486379235983,-0.29936721921,0.448121547699,0.485310971737,-0.299954473972,0.350564241409,0.485065996647,-0.299665272236,0.252329707146,0.48501086235,-0.298884153366,0.151915535331,0.486010789871,-0.298856168985,0.0542521029711,0.485141396523,-0.299762159586,-0.0433330833912,0.486725330353,-0.299176812172,-0.143187850714,0.488833725452,-0.301524311304,-0.239465802908,0.489838540554,-0.302008092403,-0.358832836151,0.494044363499,-0.298960089684,-0.358633846045,0.591219067574,-0.274931609631,-0.358633846045
1776890917.21,0.48803833127,-0.29944178462,0.448476493359,0.486051857471,-0.299709737301,0.350546091795,0.485835790634,-0.299614876509,0.252756416798,0.485716462135,-0.298768609762,0.15222454071,0.486277520657,-0.298650205135,0.0542162805796,0.485141396523,-0.299762159586,-0.0433330833912,0.486709535122,-0.299104303122,-0.142685621977,0.488828837872,-0.301509320736,-0.239501953125,0.490068435669,-0.302350670099,-0.358590215445,0.494396388531,-0.298957824707,-0.358633846045,0.591219723225,-0.274943560362,-0.358633846045
1776890917.23,0.48994705081,-0.299530863762,0.44890576601,0.488172531128,-0.300527453423,0.351576447487,0.487622797489,-0.299782514572,0.252216756344,0.487299323082,-0.299252361059,0.152768447995,0.48669052124,-0.298954665661,0.0550454482436,0.485085248947,-0.299585670233,-0.0426208823919,0.486893296242,-0.299564272165,-0.142537176609,0.488613367081,-0.301096558571,-0.23884293437,0.490342617035,-0.30206400156,-0.358323216438,0.494799315929,-0.298954606056,-0.358633846045,0.591313064098,-0.274899423122,-0.358633846045
1776890917.24,0.492144972086,-0.299573898315,0.4494587183,0.489443898201,-0.300898313522,0.351673901081,0.488488674164,-0.300176560879,0.253126740456,0.487719416618,-0.299286574125,0.152954891324,0.487331807613,-0.298804879189,0.0549765899777,0.485227525234,-0.29957473278,-0.0424388200045,0.486908435822,-0.299604505301,-0.142184048891,0.488289117813,-0.300944536924,-0.239644438028,0.490281522274,-0.301982134581,-0.35805156827,0.495256304741,-0.298950195312,-0.358633846045,0.591284513474,-0.274907231331,-0.358633846045
1776890917.26,0.494578629732,-0.299512982368,0.449878960848,0.49257338047,-0.301295280457,0.352300226688,0.490918338299,-0.300667464733,0.253440082073,0.489657282829,-0.299719691277,0.153546229005,0.489387631416,-0.299533873796,0.0562728121877,0.486338198185,-0.299977064133,-0.0414605885744,0.487262010574,-0.298789173365,-0.141132235527,0.488342821598,-0.300730615854,-0.239399492741,0.490034222603,-0.301829636097,-0.357565075159,0.495770454407,-0.298944234848,-0.358633846045,0.591398119926,-0.274933725595,-0.358633846045
1776890917.27,0.497242420912,-0.299364835024,0.450312435627,0.493558883667,-0.301735550165,0.352743268013,0.49223959446,-0.300958961248,0.254230350256,0.490946948528,-0.299974441528,0.153928041458,0.489584982395,-0.299179643393,0.056065775454,0.486917495728,-0.299709796906,-0.0413590073586,0.488190412521,-0.299492269754,-0.141247421503,0.488410294056,-0.3008056283,-0.238547712564,0.489891886711,-0.301693767309,-0.357456058264,0.496344804764,-0.298936396837,-0.358633846045,0.591393172741,-0.274958431721,-0.358633846045
1776890917.29,0.500042140484,-0.299196869135,0.450743734837,0.497065961361,-0.301663726568,0.353116691113,0.495150566101,-0.300776779652,0.253935277462,0.49290060997,-0.300332814455,0.154322057962,0.49176710844,-0.299620568752,0.0567929372191,0.488914072514,-0.299950361252,-0.0407829135656,0.489516496658,-0.299494206905,-0.140970408916,0.489548683167,-0.300672352314,-0.236781924963,0.489606678486,-0.30139669776,-0.357158571482,0.49698227644,-0.298926144838,-0.358633846045,0.591278254986,-0.274937570095,-0.358633846045
1776890917.3,0.502734363079,-0.299103051424,0.45120716095,0.499222934246,-0.302032470703,0.353802859783,0.496815919876,-0.301196038723,0.254248023033,0.494572818279,-0.300689965487,0.155190974474,0.492998838425,-0.299846470356,0.0570388138294,0.489648103714,-0.300267696381,-0.0403802990913,0.49009513855,-0.299037456512,-0.140392512083,0.489505171776,-0.300871908665,-0.237472176552,0.489711105824,-0.301286160946,-0.356099307537,0.497685849667,-0.298913002014,-0.358633846045,0.591382145882,-0.274923533201,-0.358633846045
1776890917.32,0.505807518959,-0.299115002155,0.451559185982,0.502664148808,-0.30192142725,0.354311257601,0.500357806683,-0.301841914654,0.255939781666,0.497868478298,-0.300914019346,0.15563800931,0.496009469032,-0.300719022751,0.0581234395504,0.492197036743,-0.300847351551,-0.0400605499744,0.491610527039,-0.299600362778,-0.139136403799,0.490484952927,-0.300854623318,-0.236933559179,0.489457070827,-0.301016628742,-0.355114877224,0.498458206654,-0.298896342516,-0.358633846045,0.591377258301,-0.275020420551,-0.358633846045
1776890917.33,0.50860863924,-0.29938519001,0.451662451029,0.505108594894,-0.302366822958,0.354892075062,0.502460598946,-0.302072167397,0.256429433823,0.49983561039,-0.301451146603,0.155885234475,0.497360706329,-0.300988048315,0.0582909286022,0.493531048298,-0.301179617643,-0.0393515229225,0.492488861084,-0.300204515457,-0.139011710882,0.490869581699,-0.300855338573,-0.236783832312,0.489456892014,-0.300904333591,-0.3549490273,0.499302089214,-0.298875451088,-0.358633846045,0.591320335865,-0.274803429842,-0.358633846045
1776890917.35,0.511373579502,-0.29990914464,0.451774507761,0.509469687939,-0.302746236324,0.355369448662,0.506945550442,-0.302628517151,0.256616711617,0.503929316998,-0.301835626364,0.156380236149,0.501350939274,-0.301668733358,0.0590039640665,0.496601164341,-0.301806896925,-0.0387879908085,0.494923233986,-0.300221979618,-0.138533890247,0.492018818855,-0.300932735205,-0.236534774303,0.488994002342,-0.300632745028,-0.354959964752,0.500220119953,-0.29884955287,-0.358633846045,0.591393232346,-0.274924337864,-0.358633846045
1776890917.36,0.514121115208,-0.300656139851,0.451811790466,0.511854410172,-0.303246080875,0.355654358864,0.509403288364,-0.302302896976,0.256159901619,0.506294727325,-0.301832705736,0.156480103731,0.503205835819,-0.301365017891,0.0587949827313,0.498004376888,-0.302337139845,-0.037954211235,0.495959281921,-0.300930172205,-0.138594180346,0.493068695068,-0.301146328449,-0.235637158155,0.489297926426,-0.300486177206,-0.354561209679,0.501214802265,-0.298817783594,-0.358633846045,0.59137481451,-0.274760603905,-0.358633846045
1776890917.38,0.516908049583,-0.301681011915,0.451554536819,0.515689194202,-0.303686499596,0.355450481176,0.513931155205,-0.303371876478,0.25707167387,0.511136472225,-0.301982313395,0.156502127647,0.507366716862,-0.301912546158,0.0588971972466,0.501854896545,-0.302739053965,-0.0380668491125,0.497804164886,-0.301311165094,-0.138430833817,0.493726193905,-0.301043868065,-0.235801011324,0.4892552495,-0.299989134073,-0.354736894369,0.502288579941,-0.29877910018,-0.358633846045,0.591276824474,-0.274767458439,-0.358633846045
1776890917.39,0.519739687443,-0.302967786789,0.451322853565,0.51766204834,-0.304455369711,0.355235934258,0.51599162817,-0.303677111864,0.256385505199,0.51322978735,-0.302720874548,0.156955972314,0.509615778923,-0.302202224731,0.0591658428311,0.503375768661,-0.302392482758,-0.03836594522,0.49998998642,-0.300953567028,-0.137306272984,0.494606852531,-0.30168518424,-0.235352128744,0.489248633385,-0.300110071898,-0.354753673077,0.503443717957,-0.29873239994,-0.358633846045,0.591338932514,-0.274821668863,-0.358633846045
1776890917.41,0.522388398647,-0.304384768009,0.451071798801,0.522126495838,-0.306674569845,0.355441749096,0.520301520824,-0.304943293333,0.256765007973,0.516861140728,-0.303398758173,0.156689450145,0.513698041439,-0.302622139454,0.0589552521706,0.506857275963,-0.302703738213,-0.0381749868393,0.502363443375,-0.300894290209,-0.138909757137,0.4967674613,-0.301349848509,-0.235191851854,0.490010738373,-0.300545603037,-0.354200422764,0.504682421684,-0.298676520586,-0.358633846045,0.591404736042,-0.274815559387,-0.358633846045
1776890917.42,0.525429666042,-0.306342840195,0.450599163771,0.523752093315,-0.307350248098,0.355245053768,0.52182751894,-0.30586117506,0.256464719772,0.519650161266,-0.303886771202,0.156729385257,0.515674173832,-0.302904009819,0.0587649345398,0.509104371071,-0.302545100451,-0.0386270731688,0.50404638052,-0.301041096449,-0.138425797224,0.498039364815,-0.301471859217,-0.235246926546,0.490466594696,-0.300335019827,-0.353841602802,0.506006777287,-0.298610061407,-0.358633846045,0.591362774372,-0.274876475334,-0.358633846045
1776890917.44,0.52822458744,-0.30849018693,0.45021340251,0.52773141861,-0.309941709042,0.355148136616,0.526058375835,-0.308097749949,0.256226241589,0.523260474205,-0.305388957262,0.156218111515,0.519219338894,-0.303081154823,0.0583867877722,0.512698888779,-0.302434712648,-0.0385879129171,0.50750887394,-0.300777226686,-0.138772904873,0.500657260418,-0.301892578602,-0.234854668379,0.490789830685,-0.300290942192,-0.354483813047,0.507418751717,-0.298531532288,-0.358633846045,0.591381311417,-0.274883180857,-0.358633846045
1776890917.45,0.531210482121,-0.311058402061,0.449779272079,0.529710650444,-0.311200648546,0.354383915663,0.527856945992,-0.308867156506,0.255412608385,0.524912059307,-0.30576005578,0.155588671565,0.520947277546,-0.303664118052,0.0583526194096,0.514108717442,-0.302740633488,-0.0389318615198,0.508714139462,-0.3007376194,-0.139158219099,0.501590251923,-0.301013469696,-0.235640883446,0.491547942162,-0.30056348443,-0.35454505682,0.508920192719,-0.298439383507,-0.358633846045,0.59132874012,-0.274743199348,-0.358633846045
1776890917.47,0.533734679222,-0.313692241907,0.449427127838,0.533534824848,-0.314172297716,0.354092657566,0.531205832958,-0.311250448227,0.254882872105,0.52810806036,-0.307557940483,0.155334070325,0.524547457695,-0.30479696393,0.0576795935631,0.517277777195,-0.302955895662,-0.0396988391876,0.511407673359,-0.300894349813,-0.139086306095,0.503856539726,-0.301525175571,-0.235966801643,0.49273878336,-0.300458490849,-0.354993999004,0.510512769222,-0.298331856728,-0.358633846045,0.591326057911,-0.274816483259,-0.358633846045
1776890917.48,0.536368429661,-0.316813200712,0.449158102274,0.525799810886,-0.308367371559,0.354822516441,0.523808300495,-0.306801527739,0.256268560886,0.521065354347,-0.304400682449,0.156231015921,0.517505764961,-0.30307585001,0.0586961954832,0.510347902775,-0.302816957235,-0.0387741029263,0.506022334099,-0.301004558802,-0.138130873442,0.499167263508,-0.30144533515,-0.235115349293,0.490489006042,-0.300380527973,-0.354301005602,0.512198030949,-0.298207014799,-0.358633846045,0.591340661049,-0.27471742034,-0.358633846045
1776890917.5,0.539211094379,-0.320165812969,0.448743909597,0.539234817028,-0.319376170635,0.35354167223,0.536953926086,-0.3152089715,0.254256159067,0.533599734306,-0.310603052378,0.154846578836,0.528950333595,-0.307618379593,0.0574968233705,0.521206200123,-0.305231660604,-0.0394744575024,0.514750897884,-0.302153080702,-0.139770507812,0.507115900517,-0.302124232054,-0.235827863216,0.497048676014,-0.300888776779,-0.355331510305,0.513977408409,-0.298062890768,-0.358633846045,0.591409742832,-0.274810105562,-0.358633846045
1776890917.51,0.541700661182,-0.323018699884,0.448386669159,0.54116666317,-0.321453809738,0.353597342968,0.538524150848,-0.316745787859,0.254393994808,0.534857749939,-0.312012881041,0.154852673411,0.530150294304,-0.308406025171,0.0574503690004,0.521985113621,-0.305506259203,-0.0398878008127,0.515581190586,-0.302838981152,-0.139789491892,0.508609116077,-0.302582412958,-0.235231429338,0.498477578163,-0.300706624985,-0.35534837842,0.515852153301,-0.29789724946,-0.358633846045,0.591384530067,-0.27478787303,-0.358633846045
1776890917.53,0.544234454632,-0.325577348471,0.447853028774,0.544567346573,-0.325674146414,0.352883219719,0.541475653648,-0.320631504059,0.254627525806,0.537706613541,-0.315636008978,0.155367255211,0.532638013363,-0.311146140099,0.0574831813574,0.524578094482,-0.30769482255,-0.040408089757,0.517647922039,-0.304594665766,-0.140173435211,0.511036515236,-0.303591042757,-0.236025840044,0.501650869846,-0.300619214773,-0.355738639832,0.517823398113,-0.297707736492,-0.358633846045,0.591380655766,-0.27481380105,-0.358633846045
1776890917.54,0.547153651714,-0.328139454126,0.447256058455,0.54629021883,-0.328063905239,0.353360533714,0.543194651604,-0.322473078966,0.253636479378,0.539111435413,-0.316987127066,0.154428094625,0.533313035965,-0.312206953764,0.0569198578596,0.52549725771,-0.308763951063,-0.040700212121,0.518329322338,-0.305618882179,-0.140387952328,0.512504279613,-0.303641557693,-0.236245453358,0.50381475687,-0.300692588091,-0.355224877596,0.51989197731,-0.297491878271,-0.358633846045,0.591301858425,-0.274805903435,-0.358633846045
1776890917.56,0.550013661385,-0.329989224672,0.446570932865,0.549690902233,-0.332626670599,0.352107167244,0.545723259449,-0.327566802502,0.253354549408,0.541255414486,-0.321364939213,0.15392293036,0.535689294338,-0.316026091576,0.0565484836698,0.52726072073,-0.311946123838,-0.0409821420908,0.521188497543,-0.307400256395,-0.141650229692,0.515321731567,-0.305207639933,-0.23621955514,0.506802380085,-0.300661921501,-0.356361597776,0.522058665752,-0.297246962786,-0.358633846045,0.591253221035,-0.274775922298,-0.358633846045
1776890917.57,0.553178608418,-0.331389635801,0.445888996124,0.550949037075,-0.334687024355,0.351762473583,0.547074794769,-0.329662501812,0.252654463053,0.542337715626,-0.323618263006,0.153288662434,0.536809206009,-0.318350762129,0.0562762022018,0.528919100761,-0.313788294792,-0.0414588153362,0.522832214832,-0.308315187693,-0.141412556171,0.51754283905,-0.306038796902,-0.236714869738,0.509354829788,-0.30080601573,-0.35690715909,0.524324059486,-0.296970188618,-0.358633846045,0.591244101524,-0.274674624205,-0.358633846045
1776890917.59,0.556298553944,-0.332112342119,0.445429295301,0.554171383381,-0.338568508625,0.35090726614,0.549425005913,-0.334298014641,0.251707345247,0.544246077538,-0.329187989235,0.152931943536,0.539159119129,-0.322838336229,0.0552003905177,0.531536996365,-0.317118853331,-0.0426736921072,0.526236772537,-0.310738950968,-0.141722917557,0.520789027214,-0.307105869055,-0.238183051348,0.513417005539,-0.301557421684,-0.357253968716,0.52668851614,-0.29665851593,-0.358633846045,0.591358661652,-0.274711877108,-0.358633846045
1776890917.6,0.559583485126,-0.332253575325,0.445001661777,0.556065797806,-0.340136229992,0.350335359573,0.551232993603,-0.336536943913,0.252018749714,0.54570889473,-0.331138163805,0.152103289962,0.540356516838,-0.325281947851,0.0549982562661,0.532521307468,-0.319429129362,-0.0402871966362,0.527387082577,-0.312136441469,-0.142536133528,0.522436857224,-0.30797046423,-0.237080454826,0.516025364399,-0.301596939564,-0.357391238213,0.529152095318,-0.296308755875,-0.358633846045,0.591315209866,-0.274718910456,-0.358633846045
1776890917.62,0.562814831734,-0.331815361977,0.444909870625,0.535432577133,-0.315805435181,0.354173779488,0.533139109612,-0.31259560585,0.255418926477,0.530139744282,-0.308614701033,0.155266135931,0.525805473328,-0.305535644293,0.0575446039438,0.518556594849,-0.303812772036,-0.0402119606733,0.512516200542,-0.301087409258,-0.139378130436,0.504669964314,-0.301460504532,-0.236212581396,0.494569301605,-0.300579279661,-0.354546964169,0.531714737415,-0.295917570591,-0.358633846045,0.591324210167,-0.27479031682,-0.358633846045
1776890917.63,0.566446304321,-0.330611169338,0.444883912802,0.561963140965,-0.342834740877,0.349627077579,0.556388616562,-0.341072022915,0.250718593597,0.550583064556,-0.337499946356,0.151249840856,0.544527471066,-0.332356989384,0.0541034713387,0.537288546562,-0.326646327972,-0.0432723015547,0.532854139805,-0.318362206221,-0.143098205328,0.528071045876,-0.311448574066,-0.239195853472,0.52320933342,-0.302066504955,-0.35804489255,0.5343760252,-0.295481383801,-0.358633846045,0.591365277767,-0.274857878685,-0.358633846045
1776890917.65,0.570260584354,-0.328715324402,0.444958299398,0.566915631294,-0.343573987484,0.349839925766,0.560991644859,-0.342326283455,0.250248014927,0.554331719875,-0.34035307169,0.151369422674,0.54872494936,-0.336501032114,0.0538735166192,0.540820658207,-0.331020593643,-0.04400844872,0.536539018154,-0.322503894567,-0.143612802029,0.533047020435,-0.314956724644,-0.238902568817,0.527951896191,-0.302786678076,-0.358176350594,0.53713542223,-0.294996470213,-0.358633846045,0.591252505779,-0.274589002132,-0.358633846045
1776890917.66,0.574237048626,-0.325998663902,0.445325642824,0.569454371929,-0.342832118273,0.349655687809,0.56297069788,-0.342957884073,0.251096099615,0.556873738766,-0.341368168592,0.151475727558,0.550707221031,-0.337640225887,0.0536589473486,0.542820692062,-0.332995265722,-0.0442568361759,0.538436591625,-0.324429392815,-0.144315063953,0.53555315733,-0.316790342331,-0.238406538963,0.530651986599,-0.30384144187,-0.35805439949,0.539991974831,-0.294458925724,-0.358633846045,0.591433703899,-0.274928510189,-0.358633846045
1776890917.68,0.578298032284,-0.322496116161,0.44577473402,0.575196385384,-0.341298758984,0.349840342999,0.568638086319,-0.342465728521,0.250833779573,0.562082886696,-0.342346489429,0.151278614998,0.555535197258,-0.340947240591,0.0539615154266,0.54778200388,-0.336389034986,-0.0437619835138,0.543387293816,-0.328672498465,-0.143217980862,0.539481520653,-0.31928524375,-0.239174872637,0.536038637161,-0.305450975895,-0.357720285654,0.54294449091,-0.293864637613,-0.358633846045,0.591358661652,-0.274885356426,-0.358633846045
1776890917.69,0.582533597946,-0.318053394556,0.446454107761,0.578083157539,-0.339934468269,0.349947869778,0.571610212326,-0.342105567455,0.251456439495,0.564643085003,-0.342681705952,0.151746422052,0.558180987835,-0.341148674488,0.0541286617517,0.550137460232,-0.337650388479,-0.0432270169258,0.54624825716,-0.329442620277,-0.143506526947,0.543910503387,-0.320946395397,-0.23746946454,0.538858294487,-0.307128399611,-0.357045888901,0.545991301537,-0.293209344149,-0.358633846045,0.591293394566,-0.274912655354,-0.358633846045
1776890917.71,0.587020635605,-0.312500268221,0.447133302689,0.584026277065,-0.336561888456,0.350868523121,0.577608644962,-0.340430766344,0.252577871084,0.57105332613,-0.342216551304,0.152590543032,0.564135551453,-0.341946184635,0.0548395290971,0.556192100048,-0.338798135519,-0.0425963252783,0.551702857018,-0.331276863813,-0.142971098423,0.548352003098,-0.323012143373,-0.238330543041,0.544219553471,-0.308941245079,-0.357926666737,0.549130499363,-0.292488574982,-0.358633846045,0.591327428818,-0.274880975485,-0.358633846045
1776890917.72,0.590098023415,-0.308101385832,0.447626233101,0.586917877197,-0.334418535233,0.350989550352,0.580623924732,-0.338755279779,0.252515077591,0.57422041893,-0.341326653957,0.153049975634,0.567337095737,-0.341265529394,0.0547570735216,0.559500575066,-0.338613301516,-0.0425241589546,0.555243730545,-0.332289367914,-0.141823887825,0.552007436752,-0.324207186699,-0.236060380936,0.546799600124,-0.31068789959,-0.35794454813,0.552359759808,-0.29169768095,-0.358633846045,0.591286361217,-0.274840861559,-0.358633846045
1776890917.74,0.594118654728,-0.301522731781,0.448389351368,0.593159198761,-0.32847699523,0.352121591568,0.587753295898,-0.334436565638,0.253352373838,0.581126868725,-0.338517576456,0.154206290841,0.574805736542,-0.339484363794,0.0563811957836,0.566934883595,-0.337779760361,-0.0415058135986,0.561381161213,-0.331861287355,-0.141769677401,0.55778002739,-0.324658691883,-0.23390725255,0.552179157734,-0.314952015877,-0.357112318277,0.555676162243,-0.290831834078,-0.358633846045,0.591284811497,-0.274824112654,-0.358633846045
1776890917.75,0.598746061325,-0.292780786753,0.449466794729,0.596336066723,-0.324831277132,0.352549940348,0.590762794018,-0.331541836262,0.254374116659,0.584905982018,-0.336102962494,0.155226513743,0.578688085079,-0.337783664465,0.056978687644,0.570779144764,-0.337022602558,-0.0403910577297,0.565303564072,-0.331783473492,-0.140792369843,0.561566054821,-0.327056199312,-0.235839039087,0.554820120335,-0.317864060402,-0.356596827507,0.559076607227,-0.289886057377,-0.358633846045,0.591330826283,-0.274847298861,-0.358633846045
1776890917.77,0.602557420731,-0.284606188536,0.450435847044,0.602530837059,-0.316043406725,0.354144275188,0.597679436207,-0.323684900999,0.254868239164,0.592177391052,-0.329522758722,0.155797690153,0.58664727211,-0.332665264606,0.0583122074604,0.578927218914,-0.334263414145,-0.0381843149662,0.573879182339,-0.33124563098,-0.13904389739,0.568715393543,-0.328593224287,-0.23477345705,0.560685873032,-0.323085308075,-0.355531960726,0.56255710125,-0.288855224848,-0.358633846045,0.591403841972,-0.274736911058,-0.358633846045
1776890917.78,0.606061935425,-0.276330053806,0.451395511627,0.605517327785,-0.310915410519,0.354250699282,0.600878536701,-0.319112330675,0.256141871214,0.596419930458,-0.325718224049,0.156593188643,0.590866804123,-0.329917430878,0.059034474194,0.583247125149,-0.331835240126,-0.0382540971041,0.578202545643,-0.330994904041,-0.138110101223,0.571911692619,-0.329285740852,-0.234191566706,0.563579082489,-0.325103133917,-0.355279177427,0.566113293171,-0.287734031677,-0.358633846045,0.591265559196,-0.274772852659,-0.358633846045
1776890917.8,0.609622716904,-0.266915559769,0.452416718006,0.611436367035,-0.299565672874,0.35599821806,0.608033597469,-0.308044344187,0.256965696812,0.603880226612,-0.315914094448,0.157878473401,0.599434971809,-0.322112411261,0.0606783330441,0.591677188873,-0.326972454786,-0.0373141169548,0.585775971413,-0.32913851738,-0.136869698763,0.579547226429,-0.331230401993,-0.23228046298,0.570004284382,-0.330677092075,-0.353668063879,0.569740176201,-0.286517053843,-0.358633846045,0.591399073601,-0.274862319231,-0.358633846045
1776890917.81,0.6125472188,-0.258333265781,0.453351736069,0.614417910576,-0.293417155743,0.356428325176,0.611226558685,-0.30240175128,0.258040159941,0.608108103275,-0.310642272234,0.158752292395,0.603617668152,-0.31790587306,0.061018884182,0.595827758312,-0.324533104897,-0.0361621081829,0.590069890022,-0.32809907198,-0.136038601398,0.583058297634,-0.332228422165,-0.231475770473,0.573306322098,-0.333698391914,-0.352838248014,0.573431968689,-0.285198748112,-0.358633846045,0.591326653957,-0.274883925915,-0.358633846045
1776890917.83,0.615373551846,-0.249380931258,0.454226762056,0.560133159161,-0.342597544193,0.350138932467,0.554284572601,-0.340005040169,0.25139015913,0.548835992813,-0.335522025824,0.151461139321,0.542947590351,-0.330242782831,0.0541295111179,0.535768449306,-0.324066668749,-0.043426707387,0.531234920025,-0.316168516874,-0.142594695091,0.526433289051,-0.310038119555,-0.239101320505,0.519901037216,-0.301450550556,-0.35863623023,0.577182352543,-0.283773571253,-0.358633846045,0.59137147665,-0.274892032146,-0.358633846045
1776890917.84,0.61736702919,-0.242741107941,0.454818218946,0.619563341141,-0.280404269695,0.357465684414,0.61757594347,-0.289307743311,0.258302867413,0.615197181702,-0.299030542374,0.160079389811,0.611410796642,-0.3087644279,0.062958881259,0.604226052761,-0.317919641733,-0.0340193212032,0.598089694977,-0.325611531734,-0.133805513382,0.590561628342,-0.333007574081,-0.23023417592,0.580824494362,-0.339383065701,-0.349583268166,0.580984055996,-0.28223580122,-0.358633846045,0.591282904148,-0.274695932865,-0.358633846045
1776890917.86,0.620410144329,-0.231602564454,0.455682575703,0.626488268375,-0.261006951332,0.359572052956,0.625999212265,-0.270228564739,0.261281549931,0.624483644962,-0.28113552928,0.161874786019,0.621961414814,-0.293007731438,0.0644447132945,0.615669488907,-0.30646443367,-0.031420186162,0.610123813152,-0.319314330816,-0.129623472691,0.602195382118,-0.332931935787,-0.224918425083,0.5923589468,-0.347458571196,-0.345025658607,0.584828972816,-0.280579805374,-0.358633846045,0.591413676739,-0.274821460247,-0.358633846045
1776890917.87,0.622520685196,-0.222445771098,0.456252247095,0.630161941051,-0.24785323441,0.360577642918,0.630489349365,-0.257698208094,0.261963278055,0.630037665367,-0.269069343805,0.162808597088,0.627615511417,-0.282590091228,0.0662955790758,0.622512578964,-0.298080801964,-0.0297214090824,0.61707007885,-0.313849300146,-0.12824100256,0.61029034853,-0.332216322422,-0.223027914762,0.600399315357,-0.352777302265,-0.342129319906,0.588708162308,-0.278799921274,-0.358633846045,0.591350853443,-0.274822086096,-0.358633846045
1776890917.89,0.623817443848,-0.216026544571,0.456512391567,0.631480038166,-0.2416639328,0.360861212015,0.632333397865,-0.251738399267,0.262369275093,0.632057785988,-0.263079047203,0.163388520479,0.630642771721,-0.27763146162,0.0669836699963,0.625448703766,-0.29385715723,-0.028988391161,0.620950460434,-0.311174422503,-0.12722030282,0.614204108715,-0.33172211051,-0.222132593393,0.604790389538,-0.355594366789,-0.340348273516,0.592611789703,-0.276890605688,-0.358633846045,0.591222703457,-0.274762898684,-0.358633846045
1776890917.9,0.624882698059,-0.20931597054,0.456644564867,0.633187770844,-0.235882043839,0.361207634211,0.634174644947,-0.24596041441,0.262820482254,0.63429492712,-0.257141262293,0.163522422314,0.632871508598,-0.272071093321,0.0672107040882,0.628319501877,-0.289504081011,-0.0285229831934,0.624341011047,-0.308638960123,-0.126469731331,0.618134438992,-0.331007987261,-0.220761418343,0.609175562859,-0.357119232416,-0.338512390852,0.596528887749,-0.274846374989,-0.358633846045,0.591355800629,-0.274745434523,-0.358633846045
1776890917.92,0.62541359663,-0.203742310405,0.456561714411,0.635299086571,-0.224693492055,0.361378461123,0.63676649332,-0.234342545271,0.263355612755,0.637938916683,-0.246299251914,0.164416328073,0.637622594833,-0.261910527945,0.0680985972285,0.633540689945,-0.281674057245,-0.0270169228315,0.630920350552,-0.303335517645,-0.124887034297,0.626440882683,-0.329298436642,-0.218612492085,0.617983937263,-0.360198795795,-0.334395468235,0.600447654724,-0.272662013769,-0.358633846045,0.591368317604,-0.274792850018,-0.358633846045
1776890917.93,0.625634431839,-0.198958158493,0.456195533276,0.622082054615,-0.273706704378,0.357962012291,0.62080681324,-0.283552855253,0.26014316082,0.618700146675,-0.292923271656,0.160369753838,0.615018904209,-0.303582012653,0.0633258223534,0.608022093773,-0.314403623343,-0.0335385650396,0.602299869061,-0.32342761755,-0.132932722569,0.594343543053,-0.332976222038,-0.229513794184,0.584749698639,-0.342448443174,-0.348057836294,0.604355037212,-0.270332574844,-0.358633846045,0.591328561306,-0.274768471718,-0.358633846045
1776890917.95,0.625515937805,-0.194557458162,0.455605447292,0.636844754219,-0.210487127304,0.361270725727,0.639781355858,-0.219148591161,0.26271289587,0.642112374306,-0.23168438673,0.164182513952,0.64364284277,-0.248771354556,0.0685041099787,0.641055464745,-0.270672947168,-0.0270582437515,0.640055894852,-0.296534329653,-0.123300150037,0.637397944927,-0.325847655535,-0.216491252184,0.633382081985,-0.362228572369,-0.330150783062,0.608237206936,-0.267853409052,-0.358633846045,0.591256082058,-0.274755269289,-0.358633846045
1776890917.96,0.625034034252,-0.191758468747,0.45465478301,0.637194037437,-0.207110777497,0.361183047295,0.640236020088,-0.215114101768,0.262427091599,0.643280148506,-0.2271476686,0.163819223642,0.644839763641,-0.244469702244,0.0678401142359,0.643243074417,-0.267594873905,-0.0266789793968,0.642916679382,-0.294144719839,-0.123226433992,0.641682088375,-0.325016945601,-0.215638846159,0.63862234354,-0.362479507923,-0.329047203064,0.612079024315,-0.265220344067,-0.358633846045,0.591180324554,-0.274833232164,-0.358633846045
1776890917.98,0.624300420284,-0.189382687211,0.453538030386,0.636056184769,-0.198760211468,0.35939514637,0.640721321106,-0.20558488369,0.260603874922,0.645078539848,-0.216561689973,0.161742508411,0.648648381233,-0.234656020999,0.066245213151,0.649824500084,-0.259702980518,-0.0276763290167,0.652604162693,-0.288069188595,-0.1232894063,0.653186500072,-0.321025699377,-0.215468019247,0.653977632523,-0.361263900995,-0.32766264677,0.615864574909,-0.262429654598,-0.358633846045,0.591225266457,-0.274848639965,-0.358633846045
1776890917.99,0.622981846333,-0.187396913767,0.451819896698,0.636056184769,-0.198760211468,0.35939514637,0.640721321106,-0.20558488369,0.260603874922,0.645078539848,-0.216561689973,0.161742508411,0.648648381233,-0.234656020999,0.066245213151,0.649824500084,-0.259702980518,-0.0276763290167,0.652604162693,-0.288069188595,-0.1232894063,0.653186500072,-0.321025699377,-0.215468019247,0.653977632523,-0.361263900995,-0.32766264677,0.619576752186,-0.259478271008,-0.358633846045,0.591225266457,-0.274848639965,-0.358633846045
1776890918.01,0.621628701687,-0.186205297709,0.450312376022,0.63646453619,-0.20082090795,0.359558850527,0.640469551086,-0.2082695961,0.261549174786,0.644486606121,-0.21948710084,0.162544474006,0.647569954395,-0.237730249763,0.0669297724962,0.647631287575,-0.262055516243,-0.0272868722677,0.649219930172,-0.28999170661,-0.1228069067,0.649197220802,-0.322271823883,-0.215082585812,0.649098813534,-0.361580759287,-0.328387111425,0.623197674751,-0.256363838911,-0.358633846045,0.591187417507,-0.274847179651,-0.358633846045
1776890918.02,0.619759321213,-0.185123860836,0.448405146599,0.634717643261,-0.19524666667,0.35761860013,0.639778077602,-0.201821997762,0.259084820747,0.645516693592,-0.212576374412,0.159863233566,0.65071195364,-0.230256602168,0.0648388564587,0.653173685074,-0.254523515701,-0.0297341644764,0.658380031586,-0.283974736929,-0.124263375998,0.661035060883,-0.317805916071,-0.215999037027,0.664575517178,-0.358520597219,-0.328333050013,0.626708626747,-0.253084689379,-0.358633846045,0.591284513474,-0.274939149618,-0.358633846045
1776890918.04,0.617796003819,-0.184565246105,0.446599841118,0.631695210934,-0.192571893334,0.354336440563,0.637918353081,-0.199627161026,0.256177663803,0.645333707333,-0.210238099098,0.1572021842,0.653267145157,-0.226842284203,0.0613221079111,0.658404767513,-0.250423133373,-0.0324953496456,0.666064918041,-0.278372704983,-0.128205955029,0.672686457634,-0.312333613634,-0.218910753727,0.679528236389,-0.352447003126,-0.331755667925,0.630090177059,-0.249640122056,-0.358633846045,0.59121131897,-0.274882495403,-0.358633846045
1776890918.05,0.61513954401,-0.184024915099,0.444458097219,0.629041850567,-0.192233294249,0.352616161108,0.636226296425,-0.1999591887,0.253823459148,0.645302414894,-0.211247563362,0.155192196369,0.654039204121,-0.227068409324,0.0592776685953,0.661119043827,-0.248990893364,-0.0357025563717,0.671419739723,-0.275559991598,-0.130829930305,0.679482340813,-0.307622551918,-0.221950143576,0.689651429653,-0.346489459276,-0.334826052189,0.633322358131,-0.24603036046,-0.358633846045,0.591287255287,-0.274942487478,-0.358633846045
1776890918.07,0.612902641296,-0.183791324496,0.44260135293,0.627767682076,-0.19195984304,0.350962162018,0.635671317577,-0.200702637434,0.252398878336,0.644610285759,-0.211877137423,0.153907895088,0.654845774174,-0.227645978332,0.0580666512251,0.663090765476,-0.2487590909,-0.0367821455002,0.673422992229,-0.274267375469,-0.132355809212,0.683542847633,-0.304526925087,-0.224720537663,0.694512248039,-0.342770338058,-0.336498081684,0.636384904385,-0.24225667119,-0.358633846045,0.591290831566,-0.274901360273,-0.358633846045
1776890918.08,0.6100076437,-0.183616816998,0.44037476182,0.626438379288,-0.192144066095,0.349274158478,0.634745657444,-0.201547414064,0.2515797019,0.644814729691,-0.212794423103,0.15270857513,0.655444681644,-0.22838242352,0.0568535029888,0.663910090923,-0.249574422836,-0.0371886789799,0.675802648067,-0.273872405291,-0.133428901434,0.686835408211,-0.302757233381,-0.225946038961,0.699599504471,-0.337489753962,-0.340162783861,0.639257252216,-0.238321363926,-0.358633846045,0.591306686401,-0.274938762188,-0.358633846045
1776890918.1,0.607104063034,-0.183488637209,0.438291728497,0.623391807079,-0.192700445652,0.346899390221,0.633129000664,-0.203219771385,0.248863756657,0.64443552494,-0.215778052807,0.150438636541,0.656145691872,-0.231110736728,0.0547685772181,0.66624122858,-0.250856727362,-0.0394599437714,0.680260181427,-0.272392064333,-0.135713279247,0.692895650864,-0.298239409924,-0.230033218861,0.709163725376,-0.329885214567,-0.343044281006,0.641919016838,-0.23422794044,-0.358633846045,0.591141939163,-0.274792283773,-0.358633846045
1776890918.11,0.604006588459,-0.18348005414,0.436385601759,0.621492564678,-0.193219438195,0.345627307892,0.632058978081,-0.204482361674,0.248050749302,0.643808662891,-0.217309549451,0.15006197989,0.656399846077,-0.232891663909,0.0540094450116,0.667598605156,-0.251973897219,-0.0405249595642,0.682075738907,-0.272187769413,-0.137484908104,0.696074604988,-0.295887172222,-0.231343388557,0.713682830334,-0.325322806835,-0.344497233629,0.644349932671,-0.229981049895,-0.358633846045,0.591260492802,-0.274805814028,-0.358633846045
1776890918.13,0.600763142109,-0.183635473251,0.434435904026,0.617954194546,-0.194098219275,0.343058049679,0.629911541939,-0.20688611269,0.245533183217,0.643249392509,-0.220638483763,0.147585347295,0.657156646252,-0.236156448722,0.052297487855,0.669926822186,-0.254027247429,-0.0424064993858,0.686417162418,-0.271294653416,-0.138470411301,0.702209472656,-0.291784614325,-0.231995463371,0.722075879574,-0.313115686178,-0.348468333483,0.646530508995,-0.225586503744,-0.358633846045,0.591317117214,-0.274826973677,-0.358633846045
1776890918.14,0.597831189632,-0.184009730816,0.43276566267,0.616406142712,-0.195016846061,0.342179954052,0.628682553768,-0.208102107048,0.244672715664,0.642796635628,-0.222473740578,0.14673858881,0.657553613186,-0.238145977259,0.0516437441111,0.671236813068,-0.255290001631,-0.0432725250721,0.688414692879,-0.270637124777,-0.139912158251,0.705230593681,-0.289321660995,-0.23396012187,0.725857913494,-0.306152254343,-0.350919902325,0.648441851139,-0.221051290631,-0.358633846045,0.591238558292,-0.27494981885,-0.358633846045
1776890918.16,0.593775093555,-0.18477872014,0.430814534426,0.614119410515,-0.194807633758,0.3402556777,0.627367436886,-0.209236770868,0.243482992053,0.642005264759,-0.223919540644,0.146231561899,0.657784342766,-0.239616677165,0.0507451817393,0.672434926033,-0.255275219679,-0.0442670285702,0.690817654133,-0.27085646987,-0.139056235552,0.707677006721,-0.286264240742,-0.235177665949,0.729379653931,-0.300714820623,-0.352278262377,0.650066256523,-0.216383546591,-0.358633846045,0.591372489929,-0.274920344353,-0.358633846045
1776890918.17,0.590314388275,-0.185610249639,0.429495483637,0.609954297543,-0.196476846933,0.338632911444,0.624526381493,-0.211304023862,0.241851061583,0.640940785408,-0.226866826415,0.144503712654,0.658260822296,-0.241302981973,0.0490979626775,0.674413621426,-0.256366550922,-0.0449990481138,0.694526851177,-0.267970561981,-0.141181319952,0.712719976902,-0.278319954872,-0.23573666811,0.736485481262,-0.288039326668,-0.354364961386,0.651387393475,-0.211592450738,-0.358633846045,0.591390907764,-0.274955719709,-0.358633846045
1776890918.19,0.58617657423,-0.186802595854,0.427832305431,0.605598330498,-0.197296902537,0.336583167315,0.621644973755,-0.212971612811,0.240131229162,0.639524817467,-0.228213727474,0.143255934119,0.65862095356,-0.241884976625,0.0481920391321,0.675884544849,-0.254053741693,-0.0470379441977,0.697509646416,-0.262852430344,-0.142687022686,0.717614889145,-0.270580500364,-0.237720012665,0.741973161697,-0.27542296052,-0.356150835752,0.652390420437,-0.206688180566,-0.358633846045,0.591365933418,-0.274977713823,-0.358633846045
1776890918.2,0.582601249218,-0.187899157405,0.426680415869,0.603424727917,-0.197745978832,0.33538633585,0.619941353798,-0.213147267699,0.239201456308,0.638888716698,-0.22811242938,0.141895294189,0.658518433571,-0.241082072258,0.0472036376595,0.676503717899,-0.25250852108,-0.0477864593267,0.698704838753,-0.259576231241,-0.143707513809,0.71924161911,-0.265930205584,-0.237969487906,0.744203865528,-0.269297808409,-0.356350183487,0.653062462807,-0.201681807637,-0.358633846045,0.591218471527,-0.274768263102,-0.358633846045
1776890918.22,0.578721821308,-0.189091786742,0.425593435764,0.598508000374,-0.198279723525,0.333418309689,0.617026507854,-0.212948843837,0.236714243889,0.637133896351,-0.226639896631,0.140169680119,0.658257544041,-0.23863722384,0.0455084517598,0.677560865879,-0.247726812959,-0.0493435561657,0.700707018375,-0.252707064152,-0.14526835084,0.722662091255,-0.256370455027,-0.23983708024,0.748674750328,-0.256737440825,-0.357231646776,0.65339243412,-0.196585118771,-0.358633846045,0.591309666634,-0.274881571531,-0.358633846045
1776890918.23,0.574997007847,-0.190287306905,0.424662560225,0.596088111401,-0.198700368404,0.332471132278,0.615128457546,-0.212571576238,0.236444234848,0.63596200943,-0.225140661001,0.139422565699,0.657760739326,-0.236100628972,0.0445999875665,0.67765802145,-0.244455903769,-0.0499323308468,0.701464295387,-0.248001992702,-0.145948320627,0.723426163197,-0.251498550177,-0.240356594324,0.750703692436,-0.250272750854,-0.358315587044,0.653371751308,-0.191410571337,-0.358633846045,0.591309189796,-0.27478864789,-0.358633846045
1776890918.25,0.570968925953,-0.191564917564,0.423765391111,0.59153842926,-0.199101790786,0.331027328968,0.611642479897,-0.210488975048,0.23447149992,0.633362472057,-0.22104409337,0.137806355953,0.65629452467,-0.229494094849,0.0431758537889,0.677616655827,-0.235801011324,-0.0508440881968,0.702280521393,-0.238601461053,-0.14686563611,0.725404024124,-0.240974798799,-0.241538733244,0.75376033783,-0.239031389356,-0.358225643635,0.65299397707,-0.186171025038,-0.358633846045,0.591293036938,-0.274922668934,-0.358633846045
1776890918.26,0.56805986166,-0.192545562983,0.423457890749,0.588981986046,-0.198620870709,0.330111354589,0.609300971031,-0.209106847644,0.234021827579,0.63176035881,-0.218291163445,0.136951312423,0.655255377293,-0.225391700864,0.0430546998978,0.677209675312,-0.231397926807,-0.0522853285074,0.701934397221,-0.233278989792,-0.147839665413,0.726218938828,-0.235461339355,-0.241970598698,0.754696786404,-0.233074128628,-0.358828872442,0.652255177498,-0.1808796525,-0.358633846045,0.591362118721,-0.274888604879,-0.358633846045
1776890918.28,0.564825773239,-0.193618148565,0.423132300377,0.584395706654,-0.1976865381,0.329336285591,0.60479336977,-0.205105364323,0.232808589935,0.628490388393,-0.211575001478,0.135384738445,0.652649521828,-0.216440245509,0.0411757826805,0.675373733044,-0.220626533031,-0.0529452860355,0.701490461826,-0.221643820405,-0.147993713617,0.726546406746,-0.223729014397,-0.242516338825,0.756292998791,-0.222726106644,-0.358469933271,0.651153862476,-0.17554974556,-0.358633846045,0.591332793236,-0.274789869785,-0.358633846045
1776890918.29,0.561610996723,-0.194699212909,0.423027276993,0.582220196724,-0.197195187211,0.328984320164,0.603525161743,-0.203171506524,0.232200175524,0.626472592354,-0.207812026143,0.134855493903,0.650665462017,-0.21105606854,0.0405547618866,0.674008309841,-0.214609503746,-0.0538269430399,0.700885355473,-0.215219303966,-0.149387061596,0.726221859455,-0.217649072409,-0.243318974972,0.756753146648,-0.216313511133,-0.359404742718,0.649691045284,-0.170194551349,-0.358633846045,0.591263532639,-0.274697512388,-0.358633846045
1776890918.31,0.558931827545,-0.195576444268,0.423153758049,0.578092753887,-0.195178002119,0.328207314014,0.59944319725,-0.197718366981,0.231452077627,0.62215679884,-0.199381664395,0.134132906795,0.646757483482,-0.200957104564,0.0406185612082,0.670787811279,-0.202737256885,-0.0539533346891,0.698589920998,-0.202895477414,-0.149897307158,0.724803686142,-0.205419778824,-0.243204772472,0.756467401981,-0.205184444785,-0.35886245966,0.647870182991,-0.164827048779,-0.358633846045,0.591325879097,-0.274770736694,-0.358633846045
1776890918.32,0.556535482407,-0.196289658546,0.423417180777,0.575895965099,-0.194312468171,0.328420490026,0.597449421883,-0.195204332471,0.231035172939,0.620128214359,-0.195254296064,0.133994102478,0.6449021101,-0.195333689451,0.0403484478593,0.66863411665,-0.196874171495,-0.0545592606068,0.697159230709,-0.197313889861,-0.148940175772,0.723768651485,-0.199740856886,-0.242720961571,0.755867183208,-0.200308874249,-0.35785600543,0.645697057247,-0.159459874034,-0.358633846045,0.591218113899,-0.274718731642,-0.358633846045
1776890918.34,0.553624749184,-0.197091907263,0.423821419477,0.612325906754,-0.195657968521,0.339498996735,0.625936746597,-0.210311472416,0.242836251855,0.641693770885,-0.225765883923,0.145156487823,0.658212184906,-0.240810200572,0.0502584800124,0.673309147358,-0.255701929331,-0.0451899319887,0.69227129221,-0.267905652523,-0.141469299793,0.71056085825,-0.282056182623,-0.235997617245,0.732641100883,-0.294810086489,-0.352784961462,0.643179833889,-0.154105126858,-0.358633846045,0.591323196888,-0.274743974209,-0.358633846045
1776890918.35,0.551250994205,-0.197580471635,0.424283355474,0.612325906754,-0.195657968521,0.339498996735,0.625936746597,-0.210311472416,0.242836251855,0.641693770885,-0.225765883923,0.145156487823,0.658212184906,-0.240810200572,0.0502584800124,0.673309147358,-0.255701929331,-0.0451899319887,0.69227129221,-0.267905652523,-0.141469299793,0.71056085825,-0.282056182623,-0.235997617245,0.732641100883,-0.294810086489,-0.352784961462,0.640328645706,-0.148774236441,-0.358633846045,0.59129679203,-0.274847716093,-0.358633846045
1776890918.37,0.549025714397,-0.197746545076,0.424903333187,0.612325906754,-0.195657968521,0.339498996735,0.625936746597,-0.210311472416,0.242836251855,0.641693770885,-0.225765883923,0.145156487823,0.658212184906,-0.240810200572,0.0502584800124,0.673309147358,-0.255701929331,-0.0451899319887,0.69227129221,-0.267905652523,-0.141469299793,0.71056085825,-0.282056182623,-0.235997617245,0.732641100883,-0.294810086489,-0.352784961462,0.637154459953,-0.143476262689,-0.358633846045,0.59130436182,-0.274876922369,-0.358633846045
1776890918.38,0.546952903271,-0.197699144483,0.425560504198,0.612325906754,-0.195657968521,0.339498996735,0.625936746597,-0.210311472416,0.242836251855,0.641693770885,-0.225765883923,0.145156487823,0.658212184906,-0.240810200572,0.0502584800124,0.673309147358,-0.255701929331,-0.0451899319887,0.69227129221,-0.267905652523,-0.141469299793,0.71056085825,-0.282056182623,-0.235997617245,0.732641100883,-0.294810086489,-0.352784961462,0.633668601513,-0.138217866421,-0.358633846045,0.591345369816,-0.274859279394,-0.358633846045
1776890918.4,0.545117676258,-0.197302430868,0.426280528307,0.561693906784,-0.186617210507,0.330211162567,0.581346392632,-0.176738649607,0.233431786299,0.60308688879,-0.166840031743,0.13623522222,0.626397788525,-0.15916891396,0.042340323329,0.649723529816,-0.155066519976,-0.0517815053463,0.677949607372,-0.152774095535,-0.146315515041,0.705430686474,-0.153458327055,-0.240088880062,0.740536212921,-0.153860613704,-0.355000495911,0.629883229733,-0.133004888892,-0.358633846045,0.59134799242,-0.274854272604,-0.358633846045
1776890918.41,0.543473720551,-0.196539968252,0.426966756582,0.560226976871,-0.186009719968,0.330415248871,0.579372286797,-0.175362989306,0.233735516667,0.600806891918,-0.164579793811,0.136319100857,0.623825907707,-0.15635715425,0.0432614162564,0.646645963192,-0.150891199708,-0.0522163063288,0.675114512444,-0.147476449609,-0.147165209055,0.702317595482,-0.148278698325,-0.239741593599,0.736967146397,-0.147114276886,-0.354889124632,0.625810921192,-0.127842396498,-0.358633846045,0.591324627399,-0.274830758572,-0.358633846045
1776890918.43,0.542065620422,-0.195302426815,0.427669137716,0.557226419449,-0.184834852815,0.331548392773,0.575639367104,-0.173400759697,0.234856724739,0.596219837666,-0.161898717284,0.137143358588,0.619166374207,-0.152000069618,0.0440291464329,0.641376793385,-0.144900843501,-0.0511524230242,0.669111013412,-0.13949932158,-0.145981431007,0.695654988289,-0.137930139899,-0.239236712456,0.729418158531,-0.135432586074,-0.353910982609,0.621465086937,-0.122734598815,-0.358633846045,0.591366648674,-0.274861305952,-0.358633846045
1776890918.44,0.540907740593,-0.193524196744,0.428336322308,0.555785238743,-0.184191003442,0.332331597805,0.57399469614,-0.172525972128,0.235372409225,0.594481348991,-0.160621166229,0.137717917562,0.617123663425,-0.150477692485,0.044943369925,0.638611197472,-0.141995429993,-0.0501979887486,0.666367173195,-0.136246547103,-0.145047605038,0.691635429859,-0.132861495018,-0.239371210337,0.725197136402,-0.129203930497,-0.354213088751,0.616859316826,-0.117684900761,-0.358633846045,0.591321587563,-0.274790018797,-0.358633846045
1776890918.46,0.540005385876,-0.190845325589,0.428778886795,0.553424239159,-0.182728677988,0.332607805729,0.570818960667,-0.171416372061,0.236239045858,0.590537488461,-0.159290790558,0.138183653355,0.611916124821,-0.148198381066,0.0453984513879,0.633089005947,-0.138203561306,-0.0499164015055,0.659826874733,-0.129668727517,-0.14560547471,0.684307456017,-0.124329812825,-0.238976716995,0.715865373611,-0.116356141865,-0.354424983263,0.612007558346,-0.112695910037,-0.358633846045,0.591197669506,-0.274879008532,-0.358633846045
1776890918.47,0.539470970631,-0.187941417098,0.429040968418,0.552520513535,-0.18172711134,0.333053767681,0.569621801376,-0.170974850655,0.236351698637,0.589361906052,-0.159040898085,0.139329120517,0.610234677792,-0.147212505341,0.0454245880246,0.630590975285,-0.136963695288,-0.0496450811625,0.656256616116,-0.127074331045,-0.144778162241,0.679916739464,-0.119963429868,-0.239034712315,0.710650265217,-0.109614163637,-0.355060696602,0.606923997402,-0.107769422233,-0.358633846045,0.591239452362,-0.274772465229,-0.358633846045
1776890918.49,0.539120495319,-0.184193268418,0.429064393044,0.550715744495,-0.179247185588,0.333531200886,0.567763864994,-0.169577404857,0.236512005329,0.586062788963,-0.158106029034,0.138528093696,0.605863630772,-0.146640211344,0.0454026162624,0.624998867512,-0.134809240699,-0.0493241101503,0.649183452129,-0.122544251382,-0.14618575573,0.671502590179,-0.112187743187,-0.239469558001,0.699615418911,-0.0974635407329,-0.355734586716,0.601622700691,-0.102906510234,-0.358633846045,0.591459274292,-0.274866640568,-0.358633846045
1776890918.5,0.538967072964,-0.180486008525,0.428901135921,0.550414085388,-0.177723363042,0.333798408508,0.566827714443,-0.168756633997,0.236453190446,0.58438706398,-0.157811447978,0.138556599617,0.603339970112,-0.145971760154,0.0440853387117,0.622328042984,-0.133957356215,-0.0502010136843,0.644802033901,-0.120247624815,-0.146436750889,0.666905999184,-0.108743615448,-0.240160912275,0.693896532059,-0.0912729129195,-0.355277866125,0.596117854118,-0.0981074795127,-0.358633846045,0.591329157352,-0.274896591902,-0.358633846045
1776890918.52,0.538929700851,-0.175041049719,0.428388237953,0.549478709698,-0.173857808113,0.33418032527,0.565042197704,-0.166201204062,0.236523449421,0.581919193268,-0.156467586756,0.137724876404,0.599342048168,-0.144990265369,0.0439498201013,0.616022646427,-0.132201135159,-0.0521465986967,0.637554705143,-0.116828069091,-0.147563546896,0.657181918621,-0.101621940732,-0.240853816271,0.68168592453,-0.0796982795,-0.356965750456,0.590423583984,-0.0933719649911,-0.358633846045,0.591204345226,-0.274864494801,-0.358633846045
1776890918.53,0.539001107216,-0.169743895531,0.427624255419,0.549118041992,-0.171492666006,0.333492815495,0.564455509186,-0.164633497596,0.236106127501,0.580671846867,-0.15584436059,0.137280449271,0.597664356232,-0.144972279668,0.0427314117551,0.612903535366,-0.131462395191,-0.0528328418732,0.633257091045,-0.114847078919,-0.14847022295,0.652456700802,-0.0983719080687,-0.241649329662,0.675190806389,-0.0738188698888,-0.357020974159,0.584553718567,-0.0886989608407,-0.358633846045,0.591258883476,-0.274877786636,-0.358633846045
1776890918.55,0.539161145687,-0.163971066475,0.426566332579,0.548157930374,-0.165910363197,0.332965254784,0.562554895878,-0.160543829203,0.235227957368,0.577767431736,-0.152956232429,0.135857149959,0.593607187271,-0.143010154366,0.041006423533,0.607564806938,-0.129535973072,-0.0537804365158,0.625615000725,-0.11092568934,-0.149614036083,0.641955316067,-0.0916956439614,-0.244203716516,0.661866128445,-0.0636947751045,-0.358731925488,0.578522026539,-0.0840868204832,-0.358633846045,0.591315746307,-0.274862796068,-0.358633846045
1776890918.56,0.539368927479,-0.157616615295,0.425152093172,0.547708392143,-0.162796661258,0.332619428635,0.561898648739,-0.158129751682,0.234219685197,0.576171994209,-0.151144757867,0.135503143072,0.591483771801,-0.141512975097,0.0401346981525,0.604017436504,-0.127970963717,-0.0551402121782,0.620504915714,-0.10841563344,-0.151616036892,0.636761963367,-0.0887042209506,-0.245013475418,0.654740333557,-0.0584102906287,-0.359068721533,0.572341859341,-0.0795333608985,-0.358633846045,0.591387867928,-0.274800717831,-0.358633846045
1776890918.58,0.53954154253,-0.150959357619,0.423446983099,0.54702848196,-0.155588671565,0.330408871174,0.559796571732,-0.152359485626,0.232389613986,0.573017299175,-0.146635323763,0.133013129234,0.585813879967,-0.13689237833,0.0379196405411,0.597825884819,-0.123737677932,-0.0581661015749,0.611788034439,-0.10334482789,-0.154285401106,0.62622231245,-0.0823163017631,-0.247650235891,0.64054018259,-0.0499298274517,-0.362114369869,0.566026449203,-0.0750358775258,-0.358633846045,0.591336369514,-0.274964928627,-0.358633846045
1776890918.59,0.539680361748,-0.145499259233,0.42199242115,0.546501517296,-0.15173022449,0.329651266336,0.558700084686,-0.148643746972,0.231395870447,0.57105410099,-0.143566101789,0.132622525096,0.583646655083,-0.134201839566,0.0371512249112,0.594166040421,-0.120851740241,-0.0598719716072,0.608981192112,-0.101387530565,-0.156349360943,0.620211303234,-0.0788587853312,-0.249485641718,0.633079171181,-0.0463320091367,-0.36408033967,0.559588611126,-0.0705911815166,-0.358633846045,0.591287195683,-0.274857550859,-0.358633846045
1776890918.61,0.539817869663,-0.13701286912,0.419717729092,0.545540213585,-0.143367290497,0.327448755503,0.556685388088,-0.14101319015,0.228517189622,0.5678165555,-0.136405318975,0.12931650877,0.578988552094,-0.127788811922,0.0337810143828,0.587877511978,-0.114463277161,-0.06156937778,0.599211871624,-0.0943932160735,-0.158569157124,0.60876762867,-0.0725650414824,-0.253291964531,0.618300437927,-0.0395388454199,-0.367742419243,0.553040862083,-0.0661956593394,-0.358633846045,0.591349065304,-0.274850606918,-0.358633846045
1776890918.62,0.539864122868,-0.129510954022,0.41764819622,0.545270323753,-0.138542100787,0.325915515423,0.555568695068,-0.136230930686,0.227286726236,0.565929412842,-0.131808072329,0.127623453736,0.577281236649,-0.12406629324,0.031910225749,0.584650218487,-0.111323699355,-0.0638825446367,0.594904303551,-0.0905416831374,-0.161516726017,0.602490961552,-0.0690023452044,-0.25564044714,0.610870420933,-0.0365242175758,-0.370238691568,0.546395480633,-0.0618453137577,-0.358633846045,0.591309189796,-0.274880498648,-0.358633846045
1776890918.64,0.53983271122,-0.121546335518,0.415627896786,0.543785691261,-0.128733605146,0.323389649391,0.552819252014,-0.126433953643,0.22468149662,0.561909377575,-0.121472597122,0.124667994678,0.569985449314,-0.113580033183,0.0287641584873,0.575613021851,-0.101295888424,-0.0688696056604,0.58488291502,-0.0830158814788,-0.164350479841,0.590277194977,-0.0623051002622,-0.259927213192,0.595805704594,-0.0321131423116,-0.37552061677,0.539664447308,-0.057535815984,-0.358633846045,0.591222822666,-0.274842590094,-0.358633846045
1776890918.65,0.539693236351,-0.113218411803,0.413731217384,0.543785691261,-0.128733605146,0.323389649391,0.552819252014,-0.126433953643,0.22468149662,0.561909377575,-0.121472597122,0.124667994678,0.569985449314,-0.113580033183,0.0287641584873,0.575613021851,-0.101295888424,-0.0688696056604,0.58488291502,-0.0830158814788,-0.164350479841,0.590277194977,-0.0623051002622,-0.259927213192,0.595805704594,-0.0321131423116,-0.37552061677,0.532859325409,-0.0532625354826,-0.358633846045,0.591348409653,-0.274870097637,-0.358633846045
1776890918.67,0.53944003582,-0.105844572186,0.41209679842,0.541966736317,-0.112218558788,0.319376975298,0.548931360245,-0.108816035092,0.220296025276,0.55500382185,-0.102804504335,0.120484925807,0.560211658478,-0.0948127880692,0.0231590569019,0.562813103199,-0.0842497646809,-0.0740948915482,0.568148076534,-0.0683869943023,-0.170655429363,0.571165084839,-0.0522380098701,-0.267772197723,0.573436558247,-0.0279746167362,-0.38435074687,0.525991618633,-0.0490205809474,-0.358633846045,0.591278791428,-0.274894714355,-0.358633846045
1776890918.68,0.539168179035,-0.0953182801604,0.410265654325,0.541076958179,-0.10625500232,0.317453622818,0.547514677048,-0.102037921548,0.218551769853,0.552651762962,-0.0955346673727,0.119062229991,0.557061254978,-0.0882118716836,0.0213370397687,0.558088839054,-0.0780041515827,-0.075246706605,0.563394486904,-0.0637988299131,-0.172455042601,0.564480006695,-0.0489252693951,-0.269206374884,0.566135525703,-0.0265502259135,-0.386682778597,0.519072413445,-0.0448048561811,-0.358633846045,0.591185212135,-0.274884819984,-0.358633846045
1776890918.7,0.538959205151,-0.0855745002627,0.409077554941,0.539185643196,-0.0936456918716,0.314963281155,0.543951630592,-0.088120482862,0.215612709522,0.547683775425,-0.0815623924136,0.116520263255,0.549554884434,-0.0736973434687,0.0194910317659,0.548987805843,-0.064569875598,-0.0782575905323,0.551158189774,-0.0526458993554,-0.174824953079,0.551585972309,-0.0425376184285,-0.273952484131,0.550605237484,-0.0260536689311,-0.392164081335,0.512112677097,-0.0406100787222,-0.358633846045,0.591219544411,-0.274902015924,-0.358633846045
1776890918.71,0.538668930531,-0.0755247175694,0.408196598291,0.536770820618,-0.0799734070897,0.312803655863,0.53957593441,-0.0737151801586,0.214139431715,0.540973544121,-0.0663749352098,0.114580623806,0.54181855917,-0.0590915754437,0.0168796107173,0.539400041103,-0.0518448650837,-0.0790449082851,0.539391815662,-0.0426384396851,-0.177935779095,0.537970423698,-0.0358307212591,-0.276051998138,0.535893559456,-0.0258470512927,-0.395749717951,0.505123317242,-0.0364308394492,-0.358633846045,0.591286242008,-0.274848282337,-0.358633846045
1776890918.73,0.538377642632,-0.0648490935564,0.407743096352,0.535482525826,-0.0730018466711,0.312229692936,0.537150323391,-0.0662885978818,0.213364005089,0.537598192692,-0.0589388906956,0.113862164319,0.53739631176,-0.0513983219862,0.0162039548159,0.534016191959,-0.0451344251633,-0.0809972882271,0.533526003361,-0.0376606322825,-0.180435568094,0.531720042229,-0.0331892594695,-0.277450919151,0.528559267521,-0.0256401784718,-0.396915405989,0.498114943504,-0.0322616174817,-0.358633846045,0.591361224651,-0.274881392717,-0.358633846045
1776890918.74,0.53802216053,-0.0554130226374,0.407776206732,0.542666256428,-0.117857292295,0.320087879896,0.550670921803,-0.114691048861,0.22125890851,0.557310581207,-0.109525151551,0.121923007071,0.563879430294,-0.101718634367,0.0245198085904,0.567883551121,-0.0902305468917,-0.0715658515692,0.573529958725,-0.0733757019043,-0.168278098106,0.576992869377,-0.0557045638561,-0.264482796192,0.581324458122,-0.0286266691983,-0.381589919329,0.491098225117,-0.0280968379229,-0.358633846045,0.59142011404,-0.274819552898,-0.358633846045
1776890918.76,0.537456691265,-0.0445704720914,0.408201366663,0.531863868237,-0.051378455013,0.311112821102,0.53004693985,-0.0442046150565,0.211849182844,0.527023732662,-0.036937545985,0.112874418497,0.524596869946,-0.0309981256723,0.0154729709029,0.519774675369,-0.0277389362454,-0.0817778706551,0.517185628414,-0.024170069024,-0.181575208902,0.512662231922,-0.0253158695996,-0.277801781893,0.506795525551,-0.0254552457482,-0.398444026709,0.484083652496,-0.023930888623,-0.358633846045,0.591329932213,-0.274900346994,-0.358633846045
1776890918.77,0.536688327789,-0.0318854823709,0.408982485533,0.530440747738,-0.0441027954221,0.311015367508,0.527557849884,-0.0369146987796,0.212053358555,0.523760378361,-0.02998800762,0.112973451614,0.520320832729,-0.025280367583,0.0159829556942,0.514932513237,-0.0225236527622,-0.0816309303045,0.510689258575,-0.0202139429748,-0.181407541037,0.506379067898,-0.0231546331197,-0.27843773365,0.49896889925,-0.0251296050847,-0.398162037134,0.477081954479,-0.0197581667453,-0.358633846045,0.59130769968,-0.27486795187,-0.358633846045
1776890918.79,0.536004066467,-0.0223325677216,0.409861207008,0.528447449207,-0.0293280147016,0.311383843422,0.523102402687,-0.0228845831007,0.21259188652,0.51742619276,-0.0170932598412,0.113333001733,0.512004554272,-0.0141009688377,0.0164399668574,0.504810869694,-0.0134969819337,-0.0806787908077,0.499922811985,-0.0140007687733,-0.180409878492,0.493324816227,-0.0189587511122,-0.277312010527,0.485281586647,-0.0243994500488,-0.396970003843,0.470103621483,-0.0155731197447,-0.358633846045,0.591282069683,-0.27482098341,-0.358633846045
1776890918.8,0.534886538982,-0.00983395520598,0.41135802865,0.534114837646,-0.0660127028823,0.311576902866,0.534494578838,-0.0588185675442,0.212682157755,0.533645153046,-0.0511732250452,0.11324429512,0.533007085323,-0.0445089228451,0.0158428102732,0.529407799244,-0.0389207452536,-0.0818772464991,0.528118848801,-0.0326633118093,-0.181279033422,0.525180280209,-0.0301672145724,-0.278470665216,0.521085858345,-0.0257100872695,-0.39808383584,0.463159441948,-0.0113702658564,-0.358633846045,0.591363012791,-0.274838596582,-0.358633846045
1776890918.82,0.533613801003,0.00128942052834,0.412894904613,0.525859892368,-0.0152336200699,0.312656193972,0.519259512424,-0.00965210795403,0.213751614094,0.51156771183,-0.00544297322631,0.114616841078,0.503859817982,-0.00408891029656,0.0174846053123,0.494575679302,-0.00570267718285,-0.0792589783669,0.488614559174,-0.008669632487,-0.178283751011,0.480871915817,-0.0157096274197,-0.275475203991,0.471711695194,-0.023055864498,-0.395312279463,0.456260383129,-0.00714424438775,-0.358633846045,0.591314911842,-0.274890869856,-0.358633846045
1776890918.83,0.532116949558,0.0122312493622,0.414539903402,0.524015903473,-0.00166363373864,0.314425975084,0.515798568726,0.00206521805376,0.215567678213,0.506217360497,0.00423289183527,0.116796724498,0.496946752071,0.00377820013091,0.0196917578578,0.485898435116,6.46605622023e-05,-0.0770643055439,0.477616965771,-0.00418209889904,-0.176259368658,0.469623088837,-0.0128148747608,-0.272254556417,0.458913087845,-0.0221214517951,-0.391848891973,0.449417352676,-0.00288984575309,-0.358633846045,0.591316044331,-0.274868369102,-0.358633846045
1776890918.85,0.530416488647,0.0229134596884,0.416268736124,0.525196194649,-0.00845179148018,0.313676446676,0.517591834068,-0.00389932957478,0.21477034688,0.508884549141,-0.000397228635848,0.115886375308,0.500349342823,-1.76120083779e-05,0.0185609906912,0.490615546703,-0.00291738915257,-0.078270688653,0.482728660107,-0.00662000849843,-0.177322298288,0.474990010262,-0.0141463372856,-0.273713111877,0.465576410294,-0.0229249149561,-0.393533438444,0.442641675472,0.00139794591814,-0.358633846045,0.591232419014,-0.274866133928,-0.358633846045
1776890918.86,0.5284101367,0.0334082990885,0.418044745922,0.521854519844,0.0110609065741,0.316944271326,0.512154698372,0.0127296075225,0.217824161053,0.501312851906,0.0125915948302,0.11891233176,0.490307152271,0.0105303013697,0.0219650492072,0.477948367596,0.0048494329676,-0.0746217668056,0.468008637428,-0.000281413085759,-0.17377910018,0.458333194256,-0.00959377922118,-0.269260168076,0.445982635021,-0.0194940771908,-0.389050811529,0.435944914818,0.00572391506284,-0.358633846045,0.591321766376,-0.274786233902,-0.358633846045
1776890918.88,0.526049673557,0.0433974601328,0.41993650794,0.517583310604,0.0290416404605,0.320172488689,0.506844937801,0.0268555339426,0.221420273185,0.494911372662,0.0234195459634,0.123140923679,0.48194950819,0.0183690562844,0.0263093486428,0.467591524124,0.0110434005037,-0.0695781856775,0.455438315868,0.00488420203328,-0.168965131044,0.442561984062,-0.00476209167391,-0.264939427376,0.4275791049,-0.0147261265665,-0.383468657732,0.429338753223,0.010092575103,-0.358633846045,0.591275155544,-0.274884790182,-0.358633846045
1776890918.89,0.523348987103,0.0527803525329,0.421773433685,0.51588088274,0.0346610620618,0.321402609348,0.505127847195,0.0309855267406,0.222794562578,0.492367744446,0.0269617307931,0.123950555921,0.479603290558,0.0210888423026,0.0272404327989,0.464916944504,0.0127430986613,-0.067956969142,0.452046871185,0.00617134105414,-0.167265027761,0.438279390335,-0.00416246801615,-0.262467563152,0.421184003353,-0.0134863415733,-0.38130363822,0.422835290432,0.0145081225783,-0.358633846045,0.591223180294,-0.274788022041,-0.358633846045
1776890918.91,0.520417273045,0.0618473663926,0.423490464687,0.512485802174,0.0458406545222,0.323860049248,0.501316606998,0.0400222577155,0.225472331047,0.488418638706,0.0334447808564,0.127334833145,0.475173890591,0.0256545189768,0.0307979434729,0.459357619286,0.0171113759279,-0.065260052681,0.444858133793,0.00974669028074,-0.163233697414,0.429551720619,-0.000343882478774,-0.258713513613,0.409994602203,-0.00978064350784,-0.377182275057,0.41644692421,0.0189744010568,-0.358633846045,0.591331124306,-0.274875342846,-0.358633846045
1776890918.92,0.517314434052,0.0699527263641,0.425158530474,0.510656714439,0.0510971061885,0.324916124344,0.499267935753,0.0443339012563,0.226663082838,0.486506521702,0.0367472283542,0.128676146269,0.473189949989,0.0283084623516,0.0321401357651,0.456869900227,0.0193162411451,-0.063809260726,0.441632449627,0.0115327173844,-0.16142642498,0.424808382988,0.00239867158234,-0.258495509624,0.404413640499,-0.00816440396011,-0.374842792749,0.410186290741,0.0234948471189,-0.358633846045,0.591269254684,-0.274870336056,-0.358633846045
1776890918.94,0.513717770576,0.077880486846,0.426778793335,0.506755948067,0.0616182759404,0.32776710391,0.495567321777,0.0532568208873,0.229387283325,0.482704639435,0.0438887886703,0.131417557597,0.468808710575,0.0338318385184,0.0351001545787,0.451949596405,0.0236782934517,-0.0597666203976,0.435728430748,0.0151649713516,-0.157940328121,0.416898965836,0.00643142871559,-0.254654556513,0.393819391727,-0.00414099451154,-0.370943486691,0.404066383839,0.0280724540353,-0.358633846045,0.591211676598,-0.274860411882,-0.358633846045
1776890918.95,0.510454654694,0.0840610712767,0.427923500538,0.504790008068,0.066308401525,0.329026639462,0.493232905865,0.0575519353151,0.230683684349,0.48082113266,0.0475544221699,0.132743388414,0.466723024845,0.0368299521506,0.0364085882902,0.449504256248,0.0260340496898,-0.0585288256407,0.43264734745,0.0176074579358,-0.156614154577,0.412995696068,0.00795978866518,-0.252785980701,0.388904333115,-0.00145681807771,-0.368803650141,0.398100435734,0.0327097177505,-0.358633846045,0.591273903847,-0.274839967489,-0.358633846045
1776890918.97,0.506849586964,0.0900411754847,0.428994059563,0.500368893147,0.0759530737996,0.330892682076,0.489560902119,0.0661130696535,0.232802838087,0.476983785629,0.055573772639,0.135254010558,0.462703347206,0.0439860895276,0.0391784906387,0.444721519947,0.0318770259619,-0.0555764585733,0.426500201225,0.0222033206373,-0.153534948826,0.406110584736,0.011714274995,-0.248270899057,0.380241453648,0.00211852462962,-0.365440189838,0.39230209589,0.0374086052179,-0.358633846045,0.591248691082,-0.274811595678,-0.358633846045
1776890918.98,0.503260910511,0.0951320528984,0.429885327816,0.498308360577,0.0802725628018,0.331762462854,0.487665653229,0.0706828311086,0.233373045921,0.475031852722,0.0594368577003,0.135823041201,0.460552155972,0.0475569665432,0.0403773337603,0.441935181618,0.0354121550918,-0.0548826009035,0.423516452312,0.0254102908075,-0.15215626359,0.40286386013,0.0141533724964,-0.246906518936,0.376112222672,0.00469894800335,-0.364258915186,0.386685073376,0.0421704947948,-0.358633846045,0.591313242912,-0.274851560593,-0.358633846045
1776890919,0.499418199062,0.0996641814709,0.430454492569,0.49358445406,0.0881835594773,0.33296957612,0.482778787613,0.0789372250438,0.23479886353,0.470487236977,0.0680413991213,0.136978268623,0.45577609539,0.0556179247797,0.0413273796439,0.436982870102,0.0424674265087,-0.0531730353832,0.417523980141,0.0320499241352,-0.15028578043,0.395950555801,0.0199170131236,-0.245135813951,0.368577480316,0.00938598345965,-0.361742317677,0.381263315678,0.0469961389899,-0.358633846045,0.591295957565,-0.274864673615,-0.358633846045
1776890919.01,0.495901435614,0.103240959346,0.43093419075,0.490971088409,0.0913749933243,0.333528757095,0.480557978153,0.0827006399632,0.235193580389,0.468150317669,0.0722919926047,0.13750103116,0.453569233418,0.0600147545338,0.0417621210217,0.434217751026,0.0469029657543,-0.0526928305626,0.414589762688,0.0359729267657,-0.150046467781,0.392555356026,0.0235454719514,-0.244515508413,0.365394115448,0.0114369699731,-0.360756158829,0.376051008701,0.0518856234848,-0.358633846045,0.591309607029,-0.274866700172,-0.358633846045
1776890919.03,0.492714524269,0.105822965503,0.431239873171,0.485699176788,0.0974187776446,0.334545940161,0.475051343441,0.0896765440702,0.23614192009,0.462390363216,0.0801285430789,0.13801677525,0.447825789452,0.0688882321119,0.0420420393348,0.428435862064,0.0560186505318,-0.0522581189871,0.408968925476,0.0437630303204,-0.149184465408,0.386557102203,0.0302177295089,-0.243901699781,0.359332084656,0.0158424973488,-0.359830677509,0.371062278748,0.0568383224308,-0.358633846045,0.591256856918,-0.274817079306,-0.358633846045
1776890919.04,0.48934802413,0.108104489744,0.4314263165,0.482944965363,0.0997629836202,0.334820330143,0.472198069096,0.0925343409181,0.23635160923,0.459476947784,0.0841471031308,0.138383746147,0.444761931896,0.0730412006378,0.0424956455827,0.425864458084,0.0604404360056,-0.0521543771029,0.40608048439,0.0479879975319,-0.1486094594,0.383737683296,0.0338269583881,-0.243335992098,0.356378734112,0.018362339586,-0.359295517206,0.366311311722,0.0618528723717,-0.358633846045,0.591318845749,-0.27485781908,-0.358633846045
1776890919.06,0.486141383648,0.109798960388,0.431514263153,0.477448701859,0.104007080197,0.335330367088,0.466219067574,0.0982514172792,0.23688134551,0.453099131584,0.0915717482567,0.138869479299,0.438262462616,0.081975646317,0.0425679609179,0.419564664364,0.0701927915215,-0.0520634800196,0.40055090189,0.0571215189993,-0.149101227522,0.379683852196,0.0410961173475,-0.24236947298,0.351773738861,0.0237685870379,-0.358171343803,0.36181217432,0.0669271424413,-0.358633846045,0.591311275959,-0.274851858616,-0.358633846045
1776890919.07,0.483033686876,0.111013814807,0.43162176013,0.475163340569,0.105750575662,0.335405498743,0.463165223598,0.101061403751,0.237044245005,0.449949324131,0.0947492942214,0.139100566506,0.434820830822,0.0863515362144,0.0427052304149,0.416476309299,0.0745303183794,-0.0517108440399,0.397501587868,0.0618038773537,-0.148951381445,0.376827776432,0.0453953966498,-0.243123978376,0.349968492985,0.0268759522587,-0.358778566122,0.35757869482,0.0720581933856,-0.358633846045,0.591369450092,-0.274886488914,-0.358633846045
1776890919.09,0.480577766895,0.111666314304,0.431685626507,0.472483813763,0.107343375683,0.335702896118,0.460122942924,0.103186316788,0.237024024129,0.446339428425,0.0978286042809,0.139153912663,0.431490123272,0.090266212821,0.0426029413939,0.41299533844,0.0791748091578,-0.0517993122339,0.394799947739,0.0661592036486,-0.148550599813,0.374454915524,0.0499713867903,-0.243492722511,0.347984790802,0.0298904404044,-0.3584010005,0.353624343872,0.0772422775626,-0.358633846045,0.591238677502,-0.274904191494,-0.358633846045
1776890919.1,0.477075487375,0.112345062196,0.431692242622,0.467236697674,0.11004563421,0.335787802935,0.454181969166,0.107397571206,0.237361118197,0.439996242523,0.103823557496,0.139129921794,0.424548923969,0.0974545925856,0.0434512719512,0.406429827213,0.0871461704373,-0.0519704967737,0.38886320591,0.0746975541115,-0.149451673031,0.369799077511,0.0570088103414,-0.243385732174,0.345764458179,0.0363281443715,-0.359000205994,0.349962234497,0.0824748426676,-0.358633846045,0.591302990913,-0.274948865175,-0.358633846045
1776890919.12,0.474363535643,0.112631946802,0.431851893663,0.460384726524,0.112974859774,0.33559012413,0.44611120224,0.112343721092,0.23749615252,0.43097358942,0.110280305147,0.13967256248,0.415294706821,0.105635091662,0.0437274202704,0.397576451302,0.0966191738844,-0.0525434762239,0.380951225758,0.0853688567877,-0.149531543255,0.363810002804,0.0688472092152,-0.244693875313,0.343936502934,0.0492437854409,-0.360883325338,0.346604824066,0.0877504870296,-0.358633846045,0.591181874275,-0.274919807911,-0.358633846045
1776890919.13,0.471207380295,0.112968236208,0.432144463062,0.460384726524,0.112974859774,0.33559012413,0.44611120224,0.112343721092,0.23749615252,0.43097358942,0.110280305147,0.13967256248,0.415294706821,0.105635091662,0.0437274202704,0.397576451302,0.0966191738844,-0.0525434762239,0.380951225758,0.0853688567877,-0.149531543255,0.363810002804,0.0688472092152,-0.244693875313,0.343936502934,0.0492437854409,-0.360883325338,0.343563914299,0.0930630266666,-0.358633846045,0.591181874275,-0.274919807911,-0.358633846045
1776890919.15,0.469246894121,0.113167747855,0.432298243046,0.456029772758,0.113894015551,0.336025506258,0.441278934479,0.114317439497,0.237914457917,0.425397396088,0.11342292279,0.139761507511,0.409393012524,0.109003789723,0.0436660721898,0.391811668873,0.101003490388,-0.0519353300333,0.376855313778,0.0908666700125,-0.149943292141,0.361949324608,0.075396515429,-0.244523465633,0.34334218502,0.0585522428155,-0.362036377192,0.340850353241,0.0984054878354,-0.358633846045,0.591278374195,-0.274881392717,-0.358633846045
1776890919.16,0.466973900795,0.113477990031,0.432753384113,0.453898251057,0.114155769348,0.336168527603,0.438804030418,0.114887811244,0.238092720509,0.422734618187,0.113900981843,0.140370368958,0.406993508339,0.110491365194,0.0441368967295,0.390207529068,0.102450139821,-0.0513432472944,0.375089228153,0.0934259518981,-0.149416804314,0.360409557819,0.0794446244836,-0.245438784361,0.342954277992,0.0636407956481,-0.362516403198,0.338474094868,0.103770121932,-0.358633846045,0.591319441795,-0.274930268526,-0.358633846045
1776890919.18,0.4644741714,0.113932907581,0.43341344595,0.469853699207,0.108814962208,0.335760504007,0.457026600838,0.105314515531,0.237473994493,0.44292974472,0.101034596562,0.138856321573,0.428394019604,0.0935774594545,0.0430645868182,0.409875869751,0.0831357985735,-0.0520358085632,0.391928493977,0.0707317143679,-0.149391263723,0.372337043285,0.0533396489918,-0.243270367384,0.347069561481,0.032785307616,-0.35859400034,0.336443841457,0.1091485098,-0.358633846045,0.591292619705,-0.274981200695,-0.358633846045
1776890919.19,0.462633311749,0.114234320819,0.433950990438,0.448188483715,0.113904573023,0.337129116058,0.43263232708,0.114598207176,0.238972127438,0.41652995348,0.114450775087,0.14089743793,0.400837481022,0.111940488219,0.0446492508054,0.384791851044,0.106503225863,-0.0510360300541,0.372076570988,0.100514307618,-0.150156587362,0.358793437481,0.0902471095324,-0.245847523212,0.343784034252,0.0799209326506,-0.364713698626,0.334767103195,0.114531561732,-0.358633846045,0.591251015663,-0.274898141623,-0.358633846045
1776890919.21,0.460550695658,0.114536061883,0.434572815895,0.44559019804,0.113279543817,0.337568759918,0.429521739483,0.113249577582,0.239623606205,0.413379251957,0.113040231168,0.141384601593,0.398871421814,0.111470945179,0.0451211035252,0.383292198181,0.107732757926,-0.0508470833302,0.371119618416,0.104714527726,-0.149713635445,0.35889852047,0.0975183397532,-0.246610939503,0.344928622246,0.0909647494555,-0.365558773279,0.333450078964,0.119909621775,-0.358633846045,0.591299235821,-0.274904310703,-0.358633846045
1776890919.22,0.458531111479,0.114817276597,0.435287117958,0.444630920887,0.113166555762,0.338210493326,0.428490936756,0.112637482584,0.240075275302,0.412600040436,0.111823149025,0.14202657342,0.398324787617,0.110575728118,0.0454203411937,0.38301128149,0.108083419502,-0.0505441427231,0.371444940567,0.105927109718,-0.149006813765,0.358043015003,0.101633600891,-0.247485786676,0.345815956593,0.0965582206845,-0.365534365177,0.332497239113,0.125272527337,-0.358633846045,0.591260612011,-0.274905174971,-0.358633846045
1776890919.24,0.456596642733,0.115071110427,0.436096459627,0.44335436821,0.112971551716,0.338730305433,0.427912771702,0.112050250173,0.240343749523,0.412348985672,0.111298054457,0.142250359058,0.397819757462,0.10988869518,0.0465210527182,0.383035123348,0.108620338142,-0.0506072640419,0.371688187122,0.10804541409,-0.148853033781,0.358829200268,0.104849144816,-0.246076613665,0.345840513706,0.103111326694,-0.365676373243,0.331911742687,0.130609750748,-0.358633846045,0.591298758984,-0.274925321341,-0.358633846045
1776890919.25,0.454556405544,0.115375228226,0.436879575253,0.441680729389,0.11259341985,0.33944350481,0.427072525024,0.110736429691,0.241619959474,0.41217982769,0.10948074609,0.142716139555,0.398530900478,0.10939668119,0.046770863235,0.38470607996,0.108921095729,-0.0498420894146,0.373069405556,0.110860221088,-0.148213535547,0.360991716385,0.111550621688,-0.246384710073,0.347864449024,0.114853642881,-0.365533739328,0.331694841385,0.135910391808,-0.358633846045,0.591260552406,-0.274907261133,-0.358633846045
1776890919.27,0.452861279249,0.115744918585,0.437441587448,0.439919173717,0.112733699381,0.340624451637,0.427056849003,0.110430054367,0.24199539423,0.413743972778,0.109028801322,0.143535420299,0.40070438385,0.108972214162,0.0468198359013,0.386674523354,0.110308915377,-0.0497827976942,0.375376701355,0.114677235484,-0.148675709963,0.363245010376,0.118168145418,-0.245179802179,0.349693596363,0.126921594143,-0.364122271538,0.331846296787,0.141163438559,-0.358633846045,0.591308414936,-0.274871706963,-0.358633846045
1776890919.28,0.45104637742,0.116367958486,0.438068598509,0.439348399639,0.112870186567,0.340702742338,0.427148759365,0.110610410571,0.242302715778,0.414323031902,0.109655238688,0.143207281828,0.402095794678,0.109263725579,0.046585842967,0.388350725174,0.111201256514,-0.0497640073299,0.377315402031,0.116956867278,-0.148629963398,0.364775121212,0.121771484613,-0.245481520891,0.351514160633,0.131182298064,-0.363974630833,0.332363963127,0.14635771513,-0.358633846045,0.591367661953,-0.274906605482,-0.358633846045
1776890919.3,0.449594676495,0.117160394788,0.438617378473,0.438111484051,0.11296171695,0.341272473335,0.427415788174,0.111227884889,0.242692232132,0.416256666183,0.110587932169,0.143846079707,0.404713511467,0.111252553761,0.046819396317,0.391839742661,0.113977052271,-0.049934849143,0.38047927618,0.122003927827,-0.148991286755,0.368343174458,0.128763258457,-0.245021313429,0.354567885399,0.143568098545,-0.364074587822,0.333243966103,0.15148216486,-0.358633846045,0.59134799242,-0.274874120951,-0.358633846045
1776890919.31,0.448073416948,0.118349947035,0.439234167337,0.437565386295,0.113361783326,0.341752231121,0.427739620209,0.112001299858,0.242825061083,0.417022407055,0.111642755568,0.143852174282,0.406832516193,0.112897954881,0.047152377665,0.393850803375,0.116170488298,-0.0488694757223,0.382861971855,0.124895527959,-0.148526579142,0.370522975922,0.132166296244,-0.244074970484,0.355824708939,0.148090437055,-0.363174110651,0.334480881691,0.156525820494,-0.358633846045,0.591281473637,-0.274875968695,-0.358633846045
1776890919.33,0.446808695793,0.11975068599,0.439812153578,0.442211151123,0.112703733146,0.339164614677,0.427402257919,0.111271739006,0.240932643414,0.412096619606,0.109825007617,0.142723679543,0.397940695286,0.109702594578,0.0463249981403,0.383353590965,0.108952149749,-0.0501670837402,0.372023105621,0.109746865928,-0.147474735975,0.360624670982,0.107205323875,-0.245999664068,0.347059488297,0.109027802944,-0.365836143494,0.336067378521,0.161477982998,-0.358633846045,0.59125238657,-0.274934798479,-0.358633846045
1776890919.34,0.445678412914,0.121472068131,0.440307438374,0.436673104763,0.114641368389,0.34242478013,0.428390741348,0.113554410636,0.243470087647,0.419500112534,0.113719344139,0.145038828254,0.410408198833,0.116352535784,0.0481213480234,0.398109376431,0.121046818793,-0.0492737144232,0.388220071793,0.131607994437,-0.146089494228,0.374653935432,0.140167057514,-0.244317919016,0.35919624567,0.158097431064,-0.362587571144,0.337994754314,0.16632835567,-0.358633846045,0.591333091259,-0.274901181459,-0.358633846045
1776890919.36,0.444691121578,0.123449392617,0.440771371126,0.435765326023,0.117651931942,0.343563228846,0.429185807705,0.117818012834,0.244290620089,0.422237873077,0.119676828384,0.146193534136,0.415403306484,0.12406206131,0.0489918217063,0.404331862926,0.131039455533,-0.0478607416153,0.394948363304,0.143544271588,-0.145243912935,0.383159101009,0.154804378748,-0.240825116634,0.36635351181,0.170951977372,-0.361604422331,0.340252697468,0.171067088842,-0.358633846045,0.591300368309,-0.274797290564,-0.358633846045
1776890919.37,0.443875312805,0.125618100166,0.441222906113,0.435552597046,0.118904806674,0.34365105629,0.429564714432,0.119660250843,0.24464969337,0.423382043839,0.122364833951,0.14588072896,0.416953206062,0.127453893423,0.048435524106,0.406230390072,0.135264262557,-0.048168644309,0.397159576416,0.146731838584,-0.146559983492,0.385286271572,0.157606482506,-0.241961300373,0.368537604809,0.174809709191,-0.361030846834,0.342829525471,0.175684958696,-0.358633846045,0.591272711754,-0.27484408021,-0.358633846045
1776890919.39,0.44321128726,0.128008633852,0.441591799259,0.435543715954,0.120675854385,0.344235420227,0.429850816727,0.12195828557,0.244844540954,0.423981904984,0.125768631697,0.145642459393,0.417948126793,0.131132572889,0.0496821328998,0.40870141983,0.139088407159,-0.0467930734158,0.399564981461,0.151384443045,-0.145264327526,0.384391009808,0.163992762566,-0.24593859911,0.371484339237,0.179101988673,-0.361118227243,0.34571236372,0.180173307657,-0.358633846045,0.591365456581,-0.274811983109,-0.358633846045
1776890919.4,0.442762583494,0.130293890834,0.4418605268,0.435500204563,0.124669328332,0.344733834267,0.43042165041,0.127583488822,0.245409935713,0.425815582275,0.132065713406,0.146694228053,0.420780360699,0.138938233256,0.0497253611684,0.41203969717,0.147740632296,-0.0471989661455,0.402869999409,0.160299092531,-0.144153982401,0.392582714558,0.169479116797,-0.24224871397,0.377695262432,0.185771331191,-0.361029148102,0.348887324333,0.184524282813,-0.358633846045,0.591341972351,-0.274834007025,-0.358633846045
1776890919.42,0.442428439856,0.133037626743,0.442131191492,0.435328006744,0.129956513643,0.345076441765,0.431183218956,0.134313344955,0.246172130108,0.427094697952,0.140476956964,0.146622136235,0.422198832035,0.147690847516,0.049930036068,0.414084017277,0.156420215964,-0.0463021397591,0.406259417534,0.168618261814,-0.144001334906,0.396455407143,0.17675332725,-0.242269039154,0.384282648563,0.192309826612,-0.361134618521,0.352339565754,0.18873077631,-0.358633846045,0.591345489025,-0.274779140949,-0.358633846045
1776890919.43,0.442416518927,0.135056942701,0.442271709442,0.435227513313,0.122503340244,0.344477117062,0.430334210396,0.124561235309,0.245234772563,0.424993574619,0.128764629364,0.146265000105,0.418901324272,0.135258004069,0.0493952333927,0.40968555212,0.143450826406,-0.0478529334068,0.401278018951,0.155591920018,-0.145570456982,0.387031912804,0.168284058571,-0.245480656624,0.374060094357,0.182549208403,-0.36102771759,0.35605353117,0.192786484957,-0.358633846045,0.591329097748,-0.274787634611,-0.358633846045
1776890919.45,0.442651748657,0.136957257986,0.442317664623,0.435553431511,0.137686803937,0.345806837082,0.431975066662,0.145258694887,0.246793344617,0.428193628788,0.153081819415,0.147504776716,0.424245715141,0.16092762351,0.0507944896817,0.416407644749,0.169432133436,-0.0458800047636,0.411490917206,0.180241465569,-0.143529593945,0.404100477695,0.187953948975,-0.241977363825,0.395474493504,0.200788408518,-0.360913932323,0.360013246536,0.196685984731,-0.358633846045,0.591257810593,-0.27474796772,-0.358633846045
1776890919.46,0.443147361279,0.138573408127,0.442321896553,0.435876846313,0.140045449138,0.346186697483,0.43215328455,0.148854717612,0.246741250157,0.428190290928,0.157241508365,0.147863268852,0.423717141151,0.165882214904,0.0517599508166,0.417168855667,0.173976629972,-0.0457616597414,0.413117527962,0.183956503868,-0.143766105175,0.406790196896,0.190759882331,-0.242068111897,0.39948117733,0.204372912645,-0.360419034958,0.364202260971,0.200424671173,-0.358633846045,0.591339111328,-0.274793982506,-0.358633846045
1776890919.48,0.443781554699,0.139752432704,0.442207366228,0.436118841171,0.144981920719,0.345978558064,0.432136118412,0.155418559909,0.247569859028,0.429096221924,0.165249451995,0.148857325315,0.424645781517,0.174404636025,0.0523894801736,0.419487535954,0.18185916543,-0.045386120677,0.416384458542,0.19145937264,-0.144662231207,0.413082957268,0.197395175695,-0.241438031197,0.407215833664,0.209405511618,-0.360626906157,0.368604063988,0.203998848796,-0.358633846045,0.591337502003,-0.274816334248,-0.358633846045
1776890919.49,0.444712042809,0.140811979771,0.44199731946,0.435992777348,0.146841824055,0.346181452274,0.432390511036,0.158021166921,0.247780382633,0.429406106472,0.168717131019,0.149261772633,0.42585849762,0.178338736296,0.0524977073073,0.420268177986,0.186068743467,-0.0450524538755,0.419074356556,0.194915488362,-0.144166767597,0.415785074234,0.201245337725,-0.241808801889,0.411561012268,0.211967021227,-0.360863357782,0.373202204704,0.207405596972,-0.358633846045,0.591312766075,-0.274801701307,-0.358633846045
1776890919.51,0.445796728134,0.141538262367,0.441712349653,0.437246084213,0.149594202638,0.346224933863,0.432954549789,0.162686392665,0.247656568885,0.430261850357,0.174621865153,0.149753093719,0.426919698715,0.185866907239,0.0528394728899,0.422902405262,0.194105222821,-0.0450050532818,0.422384083271,0.202990293503,-0.143599867821,0.421591460705,0.207585304976,-0.241496324539,0.419837594032,0.216353267431,-0.360226094723,0.377980232239,0.210642829537,-0.358633846045,0.591264009476,-0.274897396564,-0.358633846045
1776890919.52,0.44703990221,0.141986906528,0.441348463297,0.43766283989,0.150900110602,0.346097052097,0.433647871017,0.16431376338,0.247559159994,0.430547893047,0.177302896976,0.149639472365,0.428036212921,0.188323318958,0.0530552342534,0.424158096313,0.197481378913,-0.0446113944054,0.424386441708,0.206103697419,-0.144263833761,0.42464184761,0.210458949208,-0.240794718266,0.424310803413,0.218366980553,-0.361067086458,0.38292235136,0.213709190488,-0.358633846045,0.59132796526,-0.274829149246,-0.358633846045
1776890919.54,0.44855350256,0.142266854644,0.440918534994,0.439437687397,0.1526979357,0.345598101616,0.435087859631,0.167039901018,0.247609511018,0.43242841959,0.180834904313,0.149707436562,0.430643737316,0.193210288882,0.0527691468596,0.427998900414,0.202687561512,-0.0444671809673,0.429350137711,0.211504817009,-0.143963694572,0.430752813816,0.21602229774,-0.240580171347,0.43235117197,0.223144337535,-0.360615432262,0.388012945652,0.216604083776,-0.358633846045,0.591320931911,-0.274876832962,-0.358633846045
1776890919.55,0.450188994408,0.142460301518,0.440456479788,0.440628767014,0.153265297413,0.34543004632,0.436323821545,0.168081492186,0.247456014156,0.433764219284,0.182240262628,0.149465158582,0.43206512928,0.194637864828,0.052712187171,0.429725170135,0.205280080438,-0.0447120517492,0.431854963303,0.214053481817,-0.143583893776,0.433830320835,0.218739464879,-0.241065680981,0.436498939991,0.22508366406,-0.360262036324,0.393237113953,0.219327494502,-0.358633846045,0.591182291508,-0.274864643812,-0.358633846045
1776890919.57,0.451996743679,0.142673566937,0.439883619547,0.442753255367,0.15393088758,0.344852209091,0.439041852951,0.169014692307,0.246832937002,0.436953485012,0.183815568686,0.148912340403,0.435946583748,0.197473689914,0.0524995774031,0.433715999126,0.208859905601,-0.0447049885988,0.437216877937,0.217728629708,-0.143166840076,0.440411031246,0.222713425756,-0.240836203098,0.444401323795,0.229685455561,-0.36091285944,0.398580729961,0.221880018711,-0.358633846045,0.591290473938,-0.274856358767,-0.358633846045
1776890919.58,0.453818917274,0.142955392599,0.439380824566,0.444495975971,0.154065325856,0.344600826502,0.440757215023,0.16941075027,0.246594965458,0.438568592072,0.1845023036,0.149201139808,0.437984287739,0.198042139411,0.0526366308331,0.437050640583,0.209139376879,-0.0451974272728,0.440080046654,0.218930155039,-0.143509954214,0.443539977074,0.224382728338,-0.241081058979,0.448148071766,0.231720775366,-0.360589951277,0.404030442238,0.224262744188,-0.358633846045,0.591341137886,-0.27485281229,-0.358633846045
1776890919.6,0.455998212099,0.143371686339,0.438723325729,0.44722700119,0.154375493526,0.343939483166,0.444569826126,0.169455423951,0.245913684368,0.443441152573,0.183966442943,0.147676423192,0.443500638008,0.197835609317,0.0516071543097,0.442208886147,0.209446638823,-0.0456950515509,0.446484208107,0.220295593143,-0.143685758114,0.450170993805,0.227156296372,-0.241534501314,0.455734312534,0.23692086339,-0.361336410046,0.409573554993,0.226477205753,-0.358633846045,0.591343402863,-0.274838507175,-0.358633846045
1776890919.61,0.458056539297,0.143932238221,0.438211590052,0.448903501034,0.154661148787,0.343174427748,0.446827530861,0.168985024095,0.245525956154,0.446127712727,0.183561429381,0.147102028131,0.445665359497,0.197278633714,0.0510839521885,0.445181846619,0.209707483649,-0.0461574792862,0.450101912022,0.22091910243,-0.14498513937,0.453682124615,0.228054240346,-0.241800785065,0.45951551199,0.238924503326,-0.36145272851,0.415198564529,0.228525236249,-0.358633846045,0.591305613518,-0.274868309498,-0.358633846045
1776890919.63,0.460735023022,0.1448815763,0.437478691339,0.454346895218,0.154758304358,0.341825336218,0.453219532967,0.167915165424,0.24390861392,0.45393627882,0.180882632732,0.144882202148,0.455406546593,0.193765833974,0.0490183159709,0.45618802309,0.205760389566,-0.048257574439,0.460732758045,0.21942679584,-0.145683676004,0.464739263058,0.230276331306,-0.242970496416,0.470068216324,0.245657250285,-0.362231314182,0.420894622803,0.230408996344,-0.358633846045,0.591281354427,-0.274884790182,-0.358633846045
1776890919.64,0.463287472725,0.145998895168,0.436992257833,0.454346895218,0.154758304358,0.341825336218,0.453219532967,0.167915165424,0.24390861392,0.45393627882,0.180882632732,0.144882202148,0.455406546593,0.193765833974,0.0490183159709,0.45618802309,0.205760389566,-0.048257574439,0.460732758045,0.21942679584,-0.145683676004,0.464739263058,0.230276331306,-0.242970496416,0.470068216324,0.245657250285,-0.362231314182,0.426652014256,0.232130780816,-0.358633846045,0.59139162302,-0.274885326624,-0.358633846045
1776890919.66,0.465983837843,0.147448584437,0.436693370342,0.458566486835,0.154843211174,0.340974509716,0.458292901516,0.166161671281,0.242507308722,0.460096538067,0.17807354033,0.14389808476,0.46261203289,0.190377950668,0.0476030632854,0.464611649513,0.202676221728,-0.0491656512022,0.468759953976,0.21787711978,-0.146900504827,0.47221660614,0.230657845736,-0.244048804045,0.476631581783,0.249765515327,-0.362290263176,0.432461798191,0.233693063259,-0.358633846045,0.59132617712,-0.274899810553,-0.358633846045
1776890919.67,0.468612313271,0.149070516229,0.436368823051,0.44563305378,0.154291689396,0.344178140163,0.44248521328,0.169441834092,0.246058762074,0.441730737686,0.184116646647,0.148587435484,0.440637290478,0.198070123792,0.051764793694,0.439300298691,0.209840536118,-0.0450886934996,0.443291246891,0.219836205244,-0.14389410615,0.446928799152,0.226153820753,-0.241432189941,0.452314138412,0.234224542975,-0.360548704863,0.438315987587,0.235098302364,-0.358633846045,0.591410815716,-0.274912923574,-0.358633846045
1776890919.69,0.47134822607,0.150957003236,0.43608763814,0.463076651096,0.155597478151,0.340360283852,0.46402078867,0.165289491415,0.241762280464,0.466355323792,0.175443485379,0.142779409885,0.470062494278,0.187124401331,0.0465607345104,0.472740292549,0.199489787221,-0.0500847995281,0.476505935192,0.215927034616,-0.147985696793,0.479642748833,0.230777621269,-0.244657367468,0.483131468296,0.253186196089,-0.362291246653,0.444207429886,0.236348971725,-0.358633846045,0.591281890869,-0.274859964848,-0.358633846045
1776890919.7,0.474655807018,0.153529554605,0.436044216156,0.46823745966,0.156398236752,0.339706301689,0.470104575157,0.164316415787,0.240799799562,0.473257422447,0.173262521625,0.14194150269,0.477218091488,0.184326395392,0.045503154397,0.479472696781,0.197059974074,-0.051451459527,0.48398911953,0.21392890811,-0.149070173502,0.487111270428,0.230779290199,-0.244866967201,0.489927232265,0.255475014448,-0.362018972635,0.4501298666,0.237447455525,-0.358633846045,0.591262161732,-0.274856835604,-0.358633846045
1776890919.72,0.477767705917,0.156231150031,0.43585985899,0.473405838013,0.158243194222,0.339244127274,0.476630449295,0.164586976171,0.240207970142,0.480473577976,0.1720443964,0.141221672297,0.484618723392,0.182399153709,0.044697239995,0.487136185169,0.194597825408,-0.0518936663866,0.491610765457,0.21263435483,-0.149302750826,0.493453025818,0.230291947722,-0.245025664568,0.49599057436,0.256421327591,-0.361962378025,0.456077694893,0.238396003842,-0.358633846045,0.591302454472,-0.274862825871,-0.358633846045
1776890919.73,0.481169223785,0.159462288022,0.435940921307,0.460445344448,0.155057772994,0.340851426125,0.461025416851,0.165777534246,0.24226360023,0.462863624096,0.176584914327,0.142931908369,0.46634542942,0.188853815198,0.0471382439137,0.468155741692,0.201339453459,-0.0499003380537,0.47251701355,0.216853782535,-0.147587925196,0.476217567921,0.230925634503,-0.244393110275,0.480060875416,0.25195068121,-0.361978769302,0.462045967579,0.239196673036,-0.358633846045,0.591329455376,-0.274868696928,-0.358633846045
1776890919.75,0.484155893326,0.162509158254,0.43597355485,0.482045650482,0.162046223879,0.339121550322,0.486136496067,0.166568830609,0.240095853806,0.490855395794,0.172689750791,0.140702977777,0.495443165302,0.181537896395,0.0443111509085,0.497453927994,0.194012537599,-0.0527640581131,0.50082463026,0.211725786328,-0.14970523119,0.502987682819,0.229597136378,-0.245560526848,0.505706012249,0.256257981062,-0.362517803907,0.468030393124,0.239851251245,-0.358633846045,0.59137648344,-0.274934440851,-0.358633846045
1776890919.76,0.487430393696,0.165928855538,0.436143934727,0.484473049641,0.163929089904,0.339121818542,0.489076137543,0.168006271124,0.240130782127,0.494062364101,0.173584371805,0.140850365162,0.498325169086,0.182195112109,0.0440364181995,0.500180125237,0.194204956293,-0.0525195747614,0.504238009453,0.211099803448,-0.150033891201,0.506623268127,0.229353666306,-0.245957881212,0.509038627148,0.255327939987,-0.362492412329,0.47402715683,0.240361317992,-0.358633846045,0.591379344463,-0.274892032146,-0.358633846045
1776890919.78,0.49050655961,0.169134780765,0.43627628684,0.489738702774,0.16840223968,0.339010804892,0.494634330273,0.172027274966,0.240306288004,0.499863564968,0.176502615213,0.14091655612,0.504401028156,0.184605181217,0.0437921434641,0.507280707359,0.195060744882,-0.0526537299156,0.511073708534,0.211292102933,-0.150157481432,0.51299983263,0.2283564955,-0.245915353298,0.515462994576,0.253280758858,-0.363627225161,0.480032861233,0.240728095174,-0.358633846045,0.591317892075,-0.274873226881,-0.358633846045
1776890919.79,0.493149995804,0.171872019768,0.436408698559,0.492096364498,0.171000421047,0.339315474033,0.497156381607,0.174408271909,0.240219965577,0.502546846867,0.178685322404,0.141272827983,0.507079601288,0.186298474669,0.043802537024,0.510452747345,0.196061983705,-0.0527567118406,0.51423817873,0.211969271302,-0.150367587805,0.516736388206,0.227646708488,-0.246833622456,0.51850092411,0.251480162144,-0.363636225462,0.486044406891,0.24095249176,-0.358633846045,0.591354072094,-0.274887114763,-0.358633846045
1776890919.81,0.496984273195,0.175587967038,0.436682879925,0.496754169464,0.176571816206,0.339460074902,0.501643836498,0.180036708713,0.240572631359,0.507451117039,0.184284359217,0.141084417701,0.512662470341,0.190846279263,0.0442676618695,0.515368521214,0.199558436871,-0.0531431734562,0.519821643829,0.213157638907,-0.150596529245,0.522630929947,0.227349162102,-0.247663378716,0.525273799896,0.247898459435,-0.365955621004,0.492058932781,0.241035103798,-0.358633846045,0.591313958168,-0.274861723185,-0.358633846045
1776890919.82,0.500690281391,0.178810656071,0.436880171299,0.499107420444,0.179530143738,0.339609384537,0.504211246967,0.183410346508,0.240677654743,0.509719967842,0.187570378184,0.141814216971,0.515404939651,0.19375872612,0.044800080359,0.518189072609,0.201339125633,-0.0525453239679,0.523313701153,0.214107394218,-0.150922358036,0.525915265083,0.226628571749,-0.247167319059,0.528196513653,0.245381191373,-0.366562157869,0.49807369709,0.2409760952,-0.358633846045,0.591310560703,-0.274803310633,-0.358633846045
1776890919.84,0.504709124565,0.181761115789,0.437032431364,0.503818690777,0.185210764408,0.339619159698,0.508505642414,0.189952895045,0.241155058146,0.514024615288,0.194839000702,0.141784518957,0.519562125206,0.200066953897,0.0450276657939,0.523264527321,0.206076875329,-0.0522174239159,0.52885633707,0.216356888413,-0.150979846716,0.531823694706,0.225711211562,-0.248392224312,0.53459405899,0.240815252066,-0.366653591394,0.504085958004,0.240775361657,-0.358633846045,0.59130436182,-0.274937361479,-0.358633846045
1776890919.85,0.50788718462,0.183668553829,0.43723243475,0.506133973598,0.187846079469,0.340186685324,0.510495364666,0.193232908845,0.241460323334,0.516180634499,0.198225185275,0.142260566354,0.521651804447,0.203746020794,0.0447765737772,0.52510881424,0.209161534905,-0.0530188083649,0.530554652214,0.217661187053,-0.151273578405,0.534331023693,0.225017279387,-0.248490124941,0.537684082985,0.23773188889,-0.367839843035,0.5100928545,0.240432366729,-0.358633846045,0.591206848621,-0.27486038208,-0.358633846045
1776890919.87,0.512115716934,0.185613811016,0.437396019697,0.511288642883,0.192971080542,0.340252697468,0.515200138092,0.19977915287,0.241577252746,0.520314753056,0.20544923842,0.14232775569,0.525809884071,0.210790604353,0.0453941822052,0.529821038246,0.214472055435,-0.0520131289959,0.535181999207,0.22034342587,-0.150888323784,0.539656639099,0.224316522479,-0.248618662357,0.544162809849,0.231384918094,-0.367754489183,0.516091287136,0.239946261048,-0.358633846045,0.591301381588,-0.274870961905,-0.358633846045
1776890919.88,0.515193402767,0.186722025275,0.437582224607,0.513535380363,0.195332273841,0.340336441994,0.517473876476,0.202648624778,0.241812199354,0.522316992283,0.209123402834,0.142386883497,0.527481257915,0.213926032186,0.0456389635801,0.530932545662,0.217557325959,-0.0522523075342,0.537297606468,0.221957549453,-0.151137202978,0.542079031467,0.223792165518,-0.248523950577,0.547355592251,0.228292629123,-0.368390053511,0.522078037262,0.239315867424,-0.358633846045,0.591269254684,-0.27486628294,-0.358633846045
1776890919.9,0.519854307175,0.187885612249,0.437742710114,0.518805980682,0.199124768376,0.340527534485,0.522338926792,0.207715660334,0.242120608687,0.526711165905,0.214866250753,0.143129274249,0.531602740288,0.219970107079,0.0457023233175,0.53443479538,0.222766682506,-0.0517531782389,0.541463792324,0.224647209048,-0.150737762451,0.547071754932,0.222363889217,-0.248169720173,0.553735852242,0.222082465887,-0.367639631033,0.52804929018,0.238539665937,-0.358633846045,0.591216444969,-0.274846464396,-0.358633846045
1776890919.91,0.523844122887,0.188531339169,0.437982082367,0.521062731743,0.200415343046,0.340982556343,0.524719536304,0.209701240063,0.242192864418,0.528949260712,0.217201933265,0.143262341619,0.533619582653,0.222496032715,0.0461259111762,0.536520302296,0.224501743913,-0.0514319837093,0.543278038502,0.225613370538,-0.150742888451,0.549262344837,0.222025245428,-0.247724533081,0.556763768196,0.21937584877,-0.367341756821,0.534000813961,0.237615913153,-0.358633846045,0.591247618198,-0.274831682444,-0.358633846045
1776890919.93,0.527276217937,0.188826799393,0.438102245331,0.526495099068,0.202803954482,0.341147214174,0.529335379601,0.212609484792,0.242843210697,0.533493220806,0.221078276634,0.143683508039,0.537603974342,0.22645714879,0.0464563444257,0.540557205677,0.227835848927,-0.0511256605387,0.548138976097,0.2264970541,-0.150037258863,0.554087758064,0.220296680927,-0.24730476737,0.562406241894,0.213501572609,-0.366815894842,0.539927899837,0.23654255271,-0.358633846045,0.591361880302,-0.274890214205,-0.358633846045
1776890919.94,0.531608879566,0.188891395926,0.438494354486,0.516126394272,0.197344347835,0.340627640486,0.519774019718,0.20522774756,0.242001354694,0.524677038193,0.21220959723,0.142755612731,0.529581725597,0.21711063385,0.0458537489176,0.532840847969,0.220210507512,-0.0520056337118,0.539338171482,0.223470598459,-0.151113063097,0.544713258743,0.223355233669,-0.248258560896,0.550815939903,0.225131899118,-0.368066757917,0.545824944973,0.235317409039,-0.358633846045,0.59129679203,-0.274861603975,-0.358633846045
1776890919.96,0.534823954105,0.188653245568,0.438603550196,0.534735798836,0.204306170344,0.341417491436,0.536778569221,0.214583069086,0.243354707956,0.540293812752,0.222951561213,0.144272387028,0.544375598431,0.228248775005,0.0468910336494,0.547699391842,0.228283539414,-0.0506058186293,0.555132269859,0.225319117308,-0.149648755789,0.561749696732,0.21628947556,-0.24660167098,0.570021271706,0.206216931343,-0.365769833326,0.551685810089,0.233938097954,-0.358633846045,0.591239750385,-0.274849593639,-0.358633846045
1776890919.97,0.539693832397,0.188066467643,0.439086914062,0.5373878479,0.204927146435,0.341618061066,0.539191782475,0.214761778712,0.243399709463,0.542906343937,0.222887560725,0.144162863493,0.546811759472,0.227821737528,0.0471096783876,0.55038869381,0.227747961879,-0.0505929589272,0.557263433933,0.22472025454,-0.149987131357,0.564328551292,0.215004757047,-0.246248424053,0.572713077068,0.203874215484,-0.366107523441,0.557503521442,0.232402175665,-0.358633846045,0.591319918633,-0.274857968092,-0.358633846045
1776890919.99,0.54345625639,0.187305688858,0.439267784357,0.543173313141,0.204182848334,0.341985762119,0.544842481613,0.213670700788,0.243717521429,0.548132479191,0.220838665962,0.144633919001,0.552355885506,0.225126445293,0.047684237361,0.555611371994,0.224559083581,-0.0505252480507,0.56289100647,0.220837429166,-0.149467676878,0.5695104599,0.211026251316,-0.246226876974,0.577753961086,0.200190424919,-0.365659683943,0.56327021122,0.230707138777,-0.358633846045,0.591358482838,-0.274896860123,-0.358633846045
1776890920,0.547793209553,0.186132341623,0.439832180738,0.546308577061,0.20355707407,0.342132210732,0.547832131386,0.2125941962,0.243634581566,0.550939261913,0.219636842608,0.144469738007,0.555102109909,0.222989886999,0.0473681911826,0.558194279671,0.22210778296,-0.0504108518362,0.565484523773,0.218369930983,-0.149551510811,0.571974039078,0.208877921104,-0.24613943696,0.579887628555,0.197866782546,-0.366000950336,0.568977177143,0.228850543499,-0.358633846045,0.591197013855,-0.274855017662,-0.358633846045
1776890920.02,0.551743209362,0.184740945697,0.440271705389,0.552245497704,0.201827540994,0.342877984047,0.554270446301,0.209532320499,0.244177520275,0.557641267776,0.214980944991,0.145026743412,0.561188399792,0.217682912946,0.0473311319947,0.563944041729,0.216436207294,-0.0499149858952,0.57127892971,0.212504208088,-0.148841023445,0.576739490032,0.204572796822,-0.246145129204,0.58407920599,0.195667654276,-0.366276532412,0.574614703655,0.226830035448,-0.358633846045,0.591352045536,-0.274841427803,-0.358633846045
1776890920.03,0.55570435524,0.182966992259,0.440732717514,0.529276490211,0.203477680683,0.341275990009,0.531816720963,0.213393181562,0.242808192968,0.535406351089,0.222291171551,0.143734529614,0.53963714838,0.227571040392,0.0465248078108,0.54293102026,0.228448033333,-0.0510855913162,0.550261855125,0.226351410151,-0.149805486202,0.556985199451,0.219259798527,-0.246815383434,0.565369546413,0.210749909282,-0.366559207439,0.580172300339,0.224643468857,-0.358633846045,0.591281473637,-0.274865329266,-0.358633846045
1776890920.05,0.559492468834,0.180866286159,0.441204488277,0.561417400837,0.197437405586,0.343377053738,0.56428194046,0.202166736126,0.244875311852,0.567944765091,0.205093830824,0.145226076245,0.571347296238,0.206404328346,0.0479894131422,0.573822796345,0.204717338085,-0.0501058995724,0.579316914082,0.202676653862,-0.148768246174,0.584018230438,0.197341412306,-0.245768755674,0.589613080025,0.19290830195,-0.366518676281,0.585638403893,0.222288891673,-0.358633846045,0.591431498528,-0.274860084057,-0.358633846045
1776890920.06,0.562880992889,0.178634434938,0.441674828529,0.564529418945,0.195518121123,0.343760371208,0.567666351795,0.199322804809,0.244811281562,0.571415185928,0.201450243592,0.145539492369,0.5749745965,0.202146336436,0.0480670630932,0.577093839645,0.200609639287,-0.0500917732716,0.581233501434,0.199985042214,-0.148626089096,0.58645427227,0.194821372628,-0.245821028948,0.591690480709,0.192000612617,-0.366525530815,0.59100061655,0.219764754176,-0.358633846045,0.591271817684,-0.274858027697,-0.358633846045
1776890920.08,0.566624879837,0.175727233291,0.442116081715,0.570133984089,0.190986424685,0.344486832619,0.574293971062,0.193085566163,0.245448291302,0.578241407871,0.19358099997,0.146046966314,0.581784486771,0.193466708064,0.0485632866621,0.583616614342,0.192424535751,-0.0490863472223,0.588094472885,0.192378357053,-0.148247629404,0.591305434704,0.19018894434,-0.245757192373,0.594827413559,0.190232902765,-0.365753918886,0.596245706081,0.217069879174,-0.358633846045,0.591238439083,-0.274906843901,-0.358633846045
1776890920.09,0.569831371307,0.172727271914,0.442400693893,0.572865664959,0.188499361277,0.344752907753,0.577314198017,0.189612627029,0.245763003826,0.581544280052,0.189625740051,0.146480321884,0.585050880909,0.189214751124,0.0489525720477,0.586512923241,0.188467592001,-0.0485819131136,0.591112017632,0.188683331013,-0.147668302059,0.593823134899,0.187617614865,-0.245381236076,0.596824467182,0.189922943711,-0.365792483091,0.601359546185,0.214203596115,-0.358633846045,0.591385006905,-0.274911254644,-0.358633846045
1776890920.11,0.573044538498,0.169296339154,0.442723453045,0.578381240368,0.183389887214,0.345130741596,0.582919478416,0.182785853744,0.246411770582,0.587812006474,0.181850299239,0.147016689181,0.591833472252,0.180932924151,0.0496987849474,0.593246519566,0.180538207293,-0.0482496768236,0.596895575523,0.182231232524,-0.147146195173,0.5987637043,0.183088585734,-0.245040506124,0.599710404873,0.187935307622,-0.36542531848,0.606327414513,0.211165770888,-0.358633846045,0.591256022453,-0.274882555008,-0.358633846045
1776890920.12,0.575588226318,0.16606862843,0.442966789007,0.580495655537,0.180397212505,0.345720201731,0.58562296629,0.179352328181,0.246798381209,0.590662002563,0.178104937077,0.147233873606,0.595008730888,0.17714817822,0.0501246675849,0.596542716026,0.176942616701,-0.0479227006435,0.599880635738,0.179415762424,-0.147029161453,0.601185619831,0.180855408311,-0.244475990534,0.601362586021,0.186679273844,-0.364613324404,0.611133933067,0.207956954837,-0.358633846045,0.591197133064,-0.274871945381,-0.358633846045
1776890920.14,0.577918887138,0.162481129169,0.442985653877,0.585404157639,0.174911335111,0.345929443836,0.590727925301,0.1729901582,0.246946871281,0.596335470676,0.170800164342,0.148017704487,0.600869774818,0.170018330216,0.050459317863,0.602396726608,0.170258432627,-0.0470912903547,0.605742037296,0.173978254199,-0.146328777075,0.605712354183,0.176908284426,-0.244234621525,0.60502487421,0.18447829783,-0.363791644573,0.615763187408,0.204578340054,-0.358633846045,0.591340124607,-0.274934381247,-0.358633846045
1776890920.15,0.579834938049,0.15885078907,0.442856281996,0.587170779705,0.172402560711,0.346358954906,0.592833518982,0.170002758503,0.247366562486,0.598958492279,0.167718723416,0.148177236319,0.603494763374,0.167041048408,0.0504143610597,0.605144262314,0.167219504714,-0.0470947176218,0.608202636242,0.171090319753,-0.145955920219,0.60812330246,0.174861371517,-0.24359536171,0.606982290745,0.183184221387,-0.363926053047,0.620198845863,0.201031893492,-0.358633846045,0.591329038143,-0.274848341942,-0.358633846045
1776890920.17,0.581199407578,0.155330553651,0.442560195923,0.59068608284,0.167211905122,0.346074193716,0.596968829632,0.164760947227,0.247298926115,0.603595674038,0.162584722042,0.148041114211,0.608012020588,0.161794424057,0.0509154945612,0.609855949879,0.162322774529,-0.0471178591251,0.612209737301,0.167083516717,-0.146385401487,0.611989498138,0.171016737819,-0.243717461824,0.610641479492,0.180147588253,-0.363596409559,0.624424517155,0.197320371866,-0.358633846045,0.591228246689,-0.274849146605,-0.358633846045
1776890920.18,0.582265019417,0.151053115726,0.442218095064,0.591820955276,0.164708405733,0.346217393875,0.598813414574,0.162327811122,0.247195273638,0.605408668518,0.16036978364,0.148172929883,0.610323607922,0.1595479846,0.0510388687253,0.611164450645,0.160902291536,-0.047212600708,0.61432659626,0.164755910635,-0.146306425333,0.613861083984,0.16940009594,-0.243925988674,0.612490296364,0.178643316031,-0.363561242819,0.628423571587,0.193447381258,-0.358633846045,0.591359436512,-0.274954766035,-0.358633846045
1776890920.2,0.582809865475,0.146621719003,0.441728979349,0.593087792397,0.161900103092,0.346114993095,0.600389957428,0.160035222769,0.247235372663,0.607283532619,0.158236145973,0.147810205817,0.612228512764,0.157864674926,0.0505337491632,0.613811671734,0.158466607332,-0.0471661686897,0.61597019434,0.163142710924,-0.146519839764,0.616019785404,0.167608499527,-0.244187712669,0.614783287048,0.176753342152,-0.363679230213,0.632179617882,0.189417347312,-0.358633846045,0.591259837151,-0.274907171726,-0.358633846045
1776890920.21,0.583047389984,0.141947135329,0.441257894039,0.595075070858,0.154624029994,0.345301926136,0.603172063828,0.154228448868,0.246499478817,0.610382437706,0.153829589486,0.147320300341,0.616143107414,0.15399260819,0.0499871373177,0.617809593678,0.155342578888,-0.0477976500988,0.620757162571,0.159788638353,-0.147800683975,0.621633172035,0.162823587656,-0.244479775429,0.62094193697,0.170795425773,-0.364658147097,0.635676562786,0.185235574841,-0.358633846045,0.591271996498,-0.274864673615,-0.358633846045
1776890920.23,0.582934737206,0.13789114356,0.440959692001,0.595041692257,0.151990547776,0.344868302345,0.603120326996,0.152440622449,0.246037483215,0.611032247543,0.152362138033,0.147033900023,0.616666078568,0.153017237782,0.049663066864,0.619043707848,0.154724478722,-0.0480602830648,0.622390508652,0.157988190651,-0.14755320549,0.623202323914,0.16140845418,-0.244721591473,0.623069345951,0.168461591005,-0.36519742012,0.638898789883,0.180908218026,-0.358633846045,0.591317534447,-0.274857401848,-0.358633846045
1776890920.24,0.582369625568,0.132998868823,0.440597236156,0.593860328197,0.159743174911,0.345882833004,0.60157263279,0.157962247729,0.246947318316,0.608571529388,0.156601443887,0.147717237473,0.613802433014,0.15633584559,0.0506833791733,0.61496502161,0.157627791166,-0.0472864210606,0.61768913269,0.161700963974,-0.14736315608,0.617582142353,0.165875181556,-0.244015306234,0.616600215435,0.174866050482,-0.363683909178,0.641831338406,0.176442220807,-0.358633846045,0.591238737106,-0.27487385273,-0.358633846045
1776890920.26,0.581514894962,0.127995818853,0.440132826567,0.593590140343,0.144338786602,0.343740731478,0.601582109928,0.146906599402,0.245198577642,0.610306024551,0.149264201522,0.146021097898,0.617174983025,0.151290163398,0.048731148243,0.620394170284,0.153342008591,-0.0483936369419,0.625762760639,0.15602439642,-0.148792803288,0.62823933363,0.157185569406,-0.245299518108,0.629466891289,0.160949483514,-0.365251690149,0.644460082054,0.171845376492,-0.358633846045,0.591368257999,-0.27487796545,-0.358633846045
1776890920.27,0.580400705338,0.122507214546,0.439681708813,0.592751860619,0.141278237104,0.343745350838,0.601074039936,0.144742965698,0.244751125574,0.609244942665,0.14767755568,0.1461905092,0.616735398769,0.150737971067,0.0488743036985,0.621014535427,0.152523830533,-0.0486838817596,0.626740276814,0.155067056417,-0.148282766342,0.629649102688,0.155428990722,-0.245430201292,0.631991147995,0.159112513065,-0.36602550745,0.646771967411,0.167126148939,-0.358633846045,0.591364681721,-0.274881094694,-0.358633846045
1776890920.29,0.578689038754,0.115474551916,0.439310312271,0.590650320053,0.135003238916,0.34319794178,0.598579525948,0.140724822879,0.24455961585,0.606923341751,0.145346209407,0.145795717835,0.615188837051,0.149137079716,0.0483140125871,0.62017428875,0.151372715831,-0.0492193847895,0.627896845341,0.15344594419,-0.148209691048,0.63237541914,0.152401596308,-0.245613723993,0.636588096619,0.153589427471,-0.365212887526,0.648755192757,0.162293717265,-0.358633846045,0.591344773769,-0.274791091681,-0.358633846045
1776890920.3,0.576770961285,0.109070122242,0.43902361393,0.588936328888,0.132108151913,0.343152225018,0.597098052502,0.138370856643,0.244106948376,0.605660676956,0.14378207922,0.145390465856,0.614119768143,0.148191168904,0.0484299734235,0.619734406471,0.150457084179,-0.0489201694727,0.627747476101,0.152552247047,-0.148932814598,0.633091330528,0.151121735573,-0.245348989964,0.639065027237,0.150936454535,-0.365450233221,0.650399208069,0.157357811928,-0.358633846045,0.591310977936,-0.27486550808,-0.358633846045
1776890920.32,0.574469685555,0.102461189032,0.438549876213,0.586054265499,0.124895647168,0.342556715012,0.593875706196,0.132857650518,0.244090929627,0.602968215942,0.139880314469,0.145191699266,0.611475884914,0.145298987627,0.0483939498663,0.618346691132,0.14774979651,-0.0490144640207,0.627074122429,0.149801388383,-0.148596525192,0.635125935078,0.147323399782,-0.24526193738,0.643573880196,0.146295204759,-0.364930182695,0.651694893837,0.152328670025,-0.358633846045,0.591268002987,-0.274870842695,-0.358633846045
1776890920.33,0.571856975555,0.0959649607539,0.438239514828,0.584311783314,0.121071122587,0.342388361692,0.592223525047,0.129925981164,0.24391323328,0.601587474346,0.137585401535,0.145223841071,0.610124468803,0.143453866243,0.0486443862319,0.617064476013,0.146237164736,-0.0492299199104,0.627166867256,0.147872045636,-0.147765338421,0.635500788689,0.145648404956,-0.245140045881,0.645904123783,0.144376084208,-0.364989489317,0.652634859085,0.147216945887,-0.358633846045,0.59123557806,-0.274866938591,-0.358633846045
1776890920.35,0.56887871027,0.0894063338637,0.437847703695,0.58067959547,0.112444683909,0.342262983322,0.588786303997,0.122507289052,0.24391540885,0.59789866209,0.131581217051,0.145216166973,0.606953382492,0.138281702995,0.0485584512353,0.615253269672,0.141633167863,-0.0488251447678,0.626958370209,0.143627882004,-0.147524803877,0.636961638927,0.141330212355,-0.244608044624,0.650298476219,0.139796063304,-0.363615691662,0.653213202953,0.142033532262,-0.358633846045,0.591307282448,-0.27478441596,-0.358633846045
1776890920.36,0.565623819828,0.0834191814065,0.43747484684,0.578687906265,0.107846722007,0.34177583456,0.586821377277,0.118688493967,0.243570163846,0.596329808235,0.128056123853,0.144888564944,0.605459749699,0.135349288583,0.0481139048934,0.613943636417,0.139023184776,-0.0488683432341,0.625977993011,0.141361579299,-0.147897899151,0.637701511383,0.138831526041,-0.243873357773,0.651707172394,0.137983486056,-0.363085478544,0.653425872326,0.136789500713,-0.358633846045,0.591330468655,-0.27487885952,-0.358633846045
1776890920.38,0.562071204185,0.0777504071593,0.437033683062,0.574155330658,0.098840393126,0.341259658337,0.582238018513,0.109539993107,0.243211001158,0.59221971035,0.119697235525,0.144593954086,0.602526187897,0.127491757274,0.0482247620821,0.612156629562,0.132081493735,-0.0489417165518,0.625918030739,0.13512443006,-0.147959530354,0.638863921165,0.134152635932,-0.244002044201,0.655117213726,0.133936032653,-0.363080829382,0.653270423412,0.131496027112,-0.358633846045,0.591313481331,-0.274854809046,-0.358633846045
1776890920.39,0.558861792088,0.073396101594,0.436728894711,0.571122586727,0.094120234251,0.341106802225,0.579895198345,0.104796908796,0.243012711406,0.590162038803,0.114782750607,0.144453272223,0.601004898548,0.12303185463,0.0483937561512,0.61140358448,0.128231465816,-0.0489907860756,0.625463306904,0.131804972887,-0.147941321135,0.639220297337,0.131630510092,-0.244112402201,0.656497955322,0.132381901145,-0.362651914358,0.652746319771,0.126164138317,-0.358633846045,0.591290295124,-0.274866461754,-0.358633846045
1776890920.41,0.554365634918,0.0684944614768,0.436236619949,0.565716147423,0.0850411355495,0.340718269348,0.574906647205,0.0943728908896,0.242540299892,0.586018323898,0.104215741158,0.143901258707,0.598197460175,0.112866006792,0.0476627126336,0.609657168388,0.119059696794,-0.0491800606251,0.625514388084,0.12420335412,-0.147226214409,0.640323460102,0.125877052546,-0.243564009666,0.658889949322,0.128742650151,-0.361375123262,0.65185457468,0.120804771781,-0.358633846045,0.591342508793,-0.274884790182,-0.358633846045
1776890920.42,0.549989640713,0.0648461803794,0.435875207186,0.562859296799,0.0808897837996,0.340164005756,0.572115421295,0.0895722657442,0.242324650288,0.584344923496,0.0983420014381,0.143796756864,0.596979737282,0.107274189591,0.0478215813637,0.609228491783,0.114097826183,-0.0489139705896,0.625399768353,0.120324760675,-0.146894454956,0.640718817711,0.122902780771,-0.243598043919,0.659387230873,0.126884579659,-0.360647201538,0.650597929955,0.115428522229,-0.358633846045,0.591256380081,-0.274881213903,-0.358633846045
1776890920.44,0.545829534531,0.0622658804059,0.435628831387,0.557202994823,0.0732382312417,0.340255796909,0.567435145378,0.0797372087836,0.241619423032,0.580232322216,0.0870689302683,0.143273591995,0.594107627869,0.0954761654139,0.0469365343451,0.607328474522,0.102817900479,-0.0495760887861,0.624768972397,0.110726259649,-0.147090226412,0.64125341177,0.115904584527,-0.242942035198,0.660693407059,0.123618781567,-0.360548883677,0.648980736732,0.110045619309,-0.358633846045,0.591340661049,-0.274847060442,-0.358633846045
1776890920.45,0.541654706001,0.0603590905666,0.435406059027,0.554672300816,0.0698922201991,0.339538425207,0.565451800823,0.0750600993633,0.241356521845,0.578428685665,0.0815156027675,0.142764359713,0.592915773392,0.0895423218608,0.0473295077682,0.606895327568,0.0967006757855,-0.0496055036783,0.624947845936,0.105450995266,-0.146781951189,0.641257286072,0.112461820245,-0.242584526539,0.661223351955,0.122308269143,-0.360110580921,0.647008955479,0.10466580838,-0.358633846045,0.591306090355,-0.274847865105,-0.358633846045
1776890920.47,0.53758752346,0.0590751841664,0.435344815254,0.549773395061,0.0642002895474,0.339279294014,0.561068832874,0.0670160278678,0.240908294916,0.575183033943,0.071233779192,0.142606675625,0.590556919575,0.0770490244031,0.046792127192,0.605354726315,0.0849751755595,-0.0496123731136,0.623848676682,0.0950426310301,-0.146301776171,0.640773296356,0.104358293116,-0.241230845451,0.661381781101,0.118548057973,-0.358936816454,0.64468973875,0.0992982685566,-0.358633846045,0.591261148453,-0.274877279997,-0.358633846045
1776890920.48,0.533505439758,0.0582746304572,0.435257703066,0.546646595001,0.0619879662991,0.339368969202,0.55924063921,0.0633283257484,0.241027921438,0.573273122311,0.0662745684385,0.142898634076,0.589367032051,0.071813441813,0.0472969338298,0.604014873505,0.0792102366686,-0.0499344468117,0.622669875622,0.0894306972623,-0.146394997835,0.640723705292,0.100002989173,-0.241145193577,0.661478221416,0.116716727614,-0.358806788921,0.642031788826,0.0939515605569,-0.358633846045,0.591273069382,-0.274830400944,-0.358633846045
1776890920.5,0.530121743679,0.0578724369407,0.435259878635,0.542178869247,0.0576431676745,0.339348495007,0.555332303047,0.0571183562279,0.24113085866,0.570643305779,0.0581179894507,0.142706140876,0.587000787258,0.0617375001311,0.0474720597267,0.601762592793,0.0682663396001,-0.0500105470419,0.620938241482,0.0795895978808,-0.146198630333,0.638871312141,0.092253498733,-0.240042358637,0.660017073154,0.112694099545,-0.356797605753,0.639044642448,0.0886335298419,-0.358633846045,0.591359138489,-0.27484318614,-0.358633846045
1776890920.51,0.52604830265,0.0574542395771,0.435309290886,0.544445335865,0.0594917833805,0.33934289217,0.557186365128,0.0600400269032,0.241029053926,0.572057247162,0.0619273558259,0.142596900463,0.588093340397,0.0667176246643,0.0467806383967,0.602985203266,0.0735273063183,-0.0498842149973,0.62180262804,0.0843830630183,-0.146458476782,0.639536321163,0.096041046083,-0.241495668888,0.660942435265,0.114435315132,-0.357404023409,0.635739207268,0.0833512768149,-0.358633846045,0.591354250908,-0.274880409241,-0.358633846045
1776890920.53,0.522669911385,0.0570744387805,0.435383886099,0.535145998001,0.0543976165354,0.339320838451,0.549330592155,0.0503649264574,0.241713255644,0.565679192543,0.0481713823974,0.143499389291,0.582124233246,0.0494625940919,0.0472730249166,0.597531974316,0.0548731610179,-0.0494600832462,0.61737459898,0.0670849755406,-0.144695222378,0.635771095753,0.0809784904122,-0.23935765028,0.657339513302,0.103076927364,-0.35516667366,0.632127046585,0.0781111419201,-0.358633846045,0.591346383095,-0.274934768677,-0.358633846045
1776890920.54,0.519039928913,0.0562467612326,0.435493826866,0.532691597939,0.0535828098655,0.339263737202,0.547392547131,0.0489693656564,0.24175208807,0.563668787479,0.0459469482303,0.14376693964,0.580246865749,0.0463498942554,0.0477883964777,0.596604049206,0.0517116524279,-0.0487312227488,0.616280555725,0.0632094666362,-0.144733697176,0.634473145008,0.0773138999939,-0.239002168179,0.656203150749,0.0995559468865,-0.355186641216,0.628220558167,0.0729186311364,-0.358633846045,0.591263890266,-0.274867147207,-0.358633846045
1776890920.56,0.515907526016,0.055059004575,0.435672223568,0.527726411819,0.0522584952414,0.339690029621,0.542814016342,0.0470069237053,0.24209985137,0.559505343437,0.0427213720977,0.144165366888,0.57672637701,0.0424658618867,0.048318810761,0.593067228794,0.0462198704481,-0.0478294044733,0.612994551659,0.057387534529,-0.143898695707,0.631568014622,0.0704233571887,-0.238961398602,0.653123855591,0.0920293852687,-0.355117559433,0.624032616615,0.0677784606814,-0.358633846045,0.591380298138,-0.274770587683,-0.358633846045
1776890920.57,0.513040781021,0.0533907338977,0.435884416103,0.52503913641,0.0519422888756,0.339829266071,0.540146708488,0.046288728714,0.242330878973,0.557409346104,0.0420933477581,0.144080519676,0.574977874756,0.0413066223264,0.0487251579762,0.590945243835,0.0449034906924,-0.0480129271746,0.61104041338,0.0549627244473,-0.144408613443,0.629149258137,0.0671415403485,-0.239295244217,0.651428282261,0.0871443077922,-0.354882359505,0.61957681179,0.0626945048571,-0.358633846045,0.591419756413,-0.274846285582,-0.358633846045
1776890920.59,0.510350704193,0.0511310957372,0.436081588268,0.520640134811,0.0506801754236,0.339893519878,0.535373687744,0.0460907295346,0.24234816432,0.552331447601,0.0420737527311,0.144391953945,0.570843160152,0.0409236885607,0.0486670061946,0.58724206686,0.0430610179901,-0.0474713146687,0.60775500536,0.0510821379721,-0.144237369299,0.625953912735,0.0609482973814,-0.239248424768,0.647306442261,0.0778800621629,-0.356133848429,0.61486685276,0.0576698333025,-0.358633846045,0.591321468353,-0.274833828211,-0.358633846045
1776890920.6,0.50816732645,0.0488304793835,0.436302065849,0.518283963203,0.0500655286014,0.340413570404,0.533264636993,0.0459791906178,0.242430314422,0.550029039383,0.0426717959344,0.144291803241,0.568128585815,0.0415273234248,0.0489657521248,0.584688961506,0.0427931733429,-0.0476300418377,0.605463802814,0.0496840663254,-0.144438177347,0.623419523239,0.0583937130868,-0.24006947875,0.644933223724,0.0725134015083,-0.356518894434,0.609916746616,0.0527067109942,-0.358633846045,0.59135055542,-0.274845719337,-0.358633846045
1776890920.62,0.505346775055,0.045088082552,0.436483949423,0.514773905277,0.0484895035625,0.340201377869,0.528988063335,0.0466350466013,0.242345109582,0.545429587364,0.0446850769222,0.144054383039,0.562725901604,0.0441635102034,0.0480016618967,0.579577028751,0.0441325679421,-0.0480397343636,0.599861502647,0.0486054942012,-0.14439329505,0.618319809437,0.0528003759682,-0.239847093821,0.639858186245,0.0619573444128,-0.357599079609,0.604740738869,0.0478066280484,-0.358633846045,0.591317594051,-0.274845689535,-0.358633846045
1776890920.63,0.503127396107,0.0416634231806,0.436540514231,0.513100624084,0.0474767759442,0.340424478054,0.526906788349,0.0469451323152,0.242442011833,0.543138504028,0.0460082367063,0.144282564521,0.560667932034,0.0456816963851,0.0485262274742,0.577023983002,0.0454109720886,-0.0481124222279,0.596562504768,0.0481260158122,-0.145516514778,0.61545920372,0.0503139719367,-0.240428328514,0.637637853622,0.0565859526396,-0.358526974916,0.599352955818,0.0429703332484,-0.358633846045,0.591357946396,-0.27488437295,-0.358633846045
1776890920.65,0.501171171665,0.0384504906833,0.436641842127,0.509864449501,0.044938672334,0.340730011463,0.523367881775,0.0468587204814,0.242687374353,0.538722336292,0.0481225438416,0.144260942936,0.555088341236,0.0487964116037,0.047969520092,0.570640623569,0.0478694587946,-0.0482522845268,0.590275883675,0.0477199368179,-0.145311534405,0.608897328377,0.0457173921168,-0.240821689367,0.631661355495,0.045158945024,-0.358889818192,0.593767464161,0.0381978526711,-0.358633846045,0.591329574585,-0.274909436703,-0.358633846045
1776890920.66,0.499186366796,0.0349895432591,0.436682164669,0.508335769176,0.0437977574766,0.34057149291,0.521441757679,0.0469603799284,0.242671698332,0.536832213402,0.0492656975985,0.144409775734,0.552389383316,0.0502494499087,0.0481797978282,0.567729771137,0.0491797998548,-0.0485970079899,0.586740076542,0.0480711571872,-0.14587777853,0.60508710146,0.042983751744,-0.241424024105,0.628035008907,0.0396214313805,-0.359243959188,0.587998330593,0.0334885418415,-0.358633846045,0.59135299921,-0.274914175272,-0.358633846045
1776890920.68,0.49722969532,0.031669870019,0.436754286289,0.504816055298,0.040702521801,0.340803921223,0.518055558205,0.0456793345511,0.242587834597,0.532533824444,0.0501506514847,0.144133538008,0.547131597996,0.0522539056838,0.0481705367565,0.561291515827,0.0507738739252,-0.0487249344587,0.580046951771,0.0469907447696,-0.146047919989,0.597697615623,0.0384335108101,-0.241075187922,0.620769441128,0.0280740745366,-0.35892316699,0.582059442997,0.0288411267102,-0.358633846045,0.591356754303,-0.27482393384,-0.358633846045
1776890920.69,0.495308876038,0.0284905768931,0.436879515648,0.503486871719,0.03912557289,0.340671718121,0.516080021858,0.0450238324702,0.242732584476,0.529944717884,0.0499088950455,0.144248694181,0.544524848461,0.0527372173965,0.0487381592393,0.558238208294,0.0509656183422,-0.0484326183796,0.576245248318,0.046476662159,-0.146121770144,0.593775868416,0.0356997251511,-0.241379708052,0.616379320621,0.0230691470206,-0.358348250389,0.575964272022,0.0242537371814,-0.358633846045,0.59125649929,-0.274878591299,-0.358633846045
1776890920.71,0.493503063917,0.025484053418,0.43721935153,0.500305831432,0.0353988260031,0.340723514557,0.511886894703,0.042797319591,0.242744535208,0.525218427181,0.0487860105932,0.144588515162,0.539155006409,0.0519397296011,0.0481028929353,0.552367329597,0.0496744811535,-0.0485057234764,0.569735348225,0.043308544904,-0.146445214748,0.586473703384,0.0296212919056,-0.241649538279,0.607757210732,0.013101760298,-0.358519494534,0.569726169109,0.0197239611298,-0.358633846045,0.591357350349,-0.274835705757,-0.358633846045
1776890920.72,0.491811126471,0.0226706527174,0.437592089176,0.498665690422,0.0336045250297,0.340810120106,0.509804010391,0.0410846620798,0.242750316858,0.522815644741,0.0476143471897,0.144366890192,0.536670863628,0.0506635084748,0.0480533465743,0.549433767796,0.0484535545111,-0.0488836318254,0.566747844219,0.0409011542797,-0.146228730679,0.582804143429,0.0268329419196,-0.241630673409,0.603268563747,0.00824786536396,-0.358116060495,0.563358187675,0.015248881653,-0.358633846045,0.591241240501,-0.274821311235,-0.358633846045
1776890920.74,0.490139514208,0.0199959743768,0.43806412816,0.495237886906,0.0297500528395,0.341337740421,0.505515217781,0.03717135638,0.243190616369,0.517749965191,0.0435315929353,0.144387662411,0.531164824963,0.0463706292212,0.0475126281381,0.543591499329,0.043577440083,-0.048801407218,0.559502482414,0.0352554321289,-0.146534919739,0.574724078178,0.0194283779711,-0.241612702608,0.593092679977,0.000458710361272,-0.358535379171,0.55687302351,0.0108251348138,-0.358633846045,0.591325342655,-0.274873137474,-0.358633846045
1776890920.75,0.488805890083,0.0178168304265,0.438563257456,0.493825793266,0.027840834111,0.341331124306,0.503796517849,0.0349789485335,0.242862224579,0.515362679958,0.0405767560005,0.144288256764,0.528458297253,0.0431541875005,0.0481656715274,0.540307760239,0.039728898555,-0.0488505214453,0.556182384491,0.0312864594162,-0.146447956562,0.570055007935,0.0161912906915,-0.241807609797,0.588025569916,-0.00322334188968,-0.359331339598,0.550283133984,0.00644894316792,-0.358633846045,0.591226220131,-0.274767756462,-0.358633846045
1776890920.77,0.487392932177,0.0155186001211,0.439294844866,0.490988135338,0.0239280108362,0.341789007187,0.500431954861,0.0294990353286,0.243343174458,0.510945320129,0.033489972353,0.144747167826,0.522857248783,0.0349634103477,0.0480053573847,0.53388351202,0.0312763601542,-0.0492602735758,0.548362851143,0.0228660125285,-0.1463278234,0.561610102654,0.00797701720148,-0.242657601833,0.577312350273,-0.00956058129668,-0.360332757235,0.543600618839,0.0021161637269,-0.358633846045,0.591320455074,-0.274863690138,-0.358633846045
1776890920.78,0.486331373453,0.0135911619291,0.440011054277,0.490328550339,0.0217024441808,0.342375278473,0.499076426029,0.0264608263969,0.243324369192,0.509111940861,0.029672626406,0.144617855549,0.520297408104,0.0303219780326,0.0473732426763,0.53053355217,0.0264783762395,-0.0488604158163,0.544752836227,0.0177718773484,-0.146876841784,0.557169258595,0.00395937776193,-0.242882758379,0.571690618992,-0.0121817113832,-0.361175715923,0.536837339401,-0.00217766501009,-0.358633846045,0.59133207798,-0.274884790182,-0.358633846045
1776890920.8,0.485335409641,0.0113578373566,0.440942674875,0.487973868847,0.0173844266683,0.343263208866,0.496407747269,0.0195270366967,0.244165182114,0.505796909332,0.0201428253204,0.145142734051,0.51541686058,0.0187517013401,0.0482703670859,0.524121582508,0.0141232106835,-0.0486396551132,0.535707235336,0.00728790089488,-0.146821141243,0.547353744507,-0.00500066857785,-0.243463069201,0.560724616051,-0.0176763311028,-0.36255633831,0.530004739761,-0.00643728626892,-0.358633846045,0.591355025768,-0.274896144867,-0.358633846045
1776890920.81,0.48456504941,0.00910767540336,0.441913306713,0.487162232399,0.0149369370192,0.34376963973,0.49550151825,0.0155522786081,0.244538068771,0.50376367569,0.0148727875203,0.145846456289,0.512899041176,0.0125491786748,0.0489083752036,0.52073264122,0.00798313692212,-0.048170119524,0.531426310539,0.00151945836842,-0.146921247244,0.542101144791,-0.00951737165451,-0.243767887354,0.555141031742,-0.0194383896887,-0.36217263341,0.523114204407,-0.0106676807627,-0.358633846045,0.591208040714,-0.274858832359,-0.358633846045
1776890920.83,0.484025031328,0.00698506087065,0.442802011967,0.485618412495,0.00983972195536,0.344873398542,0.492974460125,0.00754720438272,0.24579206109,0.499893665314,0.00450561987236,0.146748065948,0.507632017136,0.000596514903009,0.0493286922574,0.513734936714,-0.00483412621543,-0.0475766807795,0.523093104362,-0.00999358762056,-0.14663246274,0.532036542892,-0.0181121975183,-0.243793785572,0.542724370956,-0.0245429109782,-0.362478524446,0.516176819801,-0.0148740271106,-0.358633846045,0.591220974922,-0.274889051914,-0.358633846045
1776890920.84,0.483509331942,0.00389454001561,0.444008618593,0.484817266464,0.00706992391497,0.345546662807,0.491597115993,0.00312914419919,0.246570974588,0.498656153679,-0.00135866913479,0.147497922182,0.504994630814,-0.00607175845653,0.0497632995248,0.510172963142,-0.0115585848689,-0.0467178374529,0.518813550472,-0.0156797505915,-0.14552411437,0.526806592941,-0.0220905486494,-0.242857277393,0.5372569561,-0.0267659481615,-0.361855506897,0.50920343399,-0.0190616641194,-0.358633846045,0.591257274151,-0.274876832962,-0.358633846045
1776890920.86,0.483249217272,0.001071329345,0.445026636124,0.483284771442,0.00120369298384,0.347084164619,0.489164292812,-0.0051952265203,0.247716277838,0.494141101837,-0.0115662477911,0.148707062006,0.499823689461,-0.0180059559643,0.0517462417483,0.503621578217,-0.0238083936274,-0.0451346635818,0.510573148727,-0.0266701932997,-0.144089818001,0.516918122768,-0.0302416738123,-0.241817981005,0.523938059807,-0.0307415425777,-0.36158785224,0.50220489502,-0.0232360549271,-0.358633846045,0.591284811497,-0.274849116802,-0.358633846045
1776890920.87,0.483062207699,-0.00271463952959,0.446141153574,0.482318520546,-0.00165740598459,0.347641944885,0.48745405674,-0.00954850018024,0.248823553324,0.492119789124,-0.0170540399849,0.149866491556,0.497201502323,-0.0234112404287,0.0523817166686,0.500192940235,-0.0291029550135,-0.0445858538151,0.506742298603,-0.0314260236919,-0.143452942371,0.511312901974,-0.0336825698614,-0.240865916014,0.517594337463,-0.0326376929879,-0.360736012459,0.495191752911,-0.0274027455598,-0.358633846045,0.591352462769,-0.274884015322,-0.358633846045
1776890920.89,0.482933580875,-0.00683481385931,0.447097688913,0.480889260769,-0.00746220862493,0.349197089672,0.484552025795,-0.0174122788012,0.250155687332,0.487795650959,-0.0260121319443,0.151128038764,0.491645872593,-0.033448278904,0.0543086454272,0.493751764297,-0.0390005670488,-0.0431670695543,0.498572587967,-0.040520593524,-0.141972184181,0.501803934574,-0.0408417582512,-0.239798903465,0.504325807095,-0.037246171385,-0.359473049641,0.48817461729,-0.0315673351288,-0.358633846045,0.591363012791,-0.2748028934,-0.358633846045
1776890920.9,0.482884734869,-0.0114698987454,0.447954177856,0.480344831944,-0.0105984471738,0.350048184395,0.482930481434,-0.0206722896546,0.251336276531,0.485610246658,-0.0300486646593,0.152095019817,0.488989293575,-0.0378576889634,0.0549563467503,0.490163207054,-0.0433781892061,-0.0421045422554,0.493988513947,-0.0438818112016,-0.14138135314,0.496465325356,-0.0442595556378,-0.239159017801,0.497736096382,-0.0396876037121,-0.359198570251,0.481164097786,-0.035735424608,-0.358633846045,0.591305136681,-0.274878531694,-0.358633846045
1776890920.92,0.482890099287,-0.0165766980499,0.448665171862,0.479406058788,-0.0169037654996,0.351350098848,0.480462372303,-0.0271884184331,0.252620458603,0.481664836407,-0.0368288457394,0.153576076031,0.483480572701,-0.0452197231352,0.0568419098854,0.483131587505,-0.050084143877,-0.0413929820061,0.485295951366,-0.0510675013065,-0.140137076378,0.485734641552,-0.0503703840077,-0.237966924906,0.484485924244,-0.0451495461166,-0.357879370451,0.474170863628,-0.0399126112461,-0.358633846045,0.591277778149,-0.274842232466,-0.358633846045
1776890920.93,0.482864439487,-0.0220112092793,0.449176818132,0.479406058788,-0.0169037654996,0.351350098848,0.480462372303,-0.0271884184331,0.252620458603,0.481664836407,-0.0368288457394,0.153576076031,0.483480572701,-0.0452197231352,0.0568419098854,0.483131587505,-0.050084143877,-0.0413929820061,0.485295951366,-0.0510675013065,-0.140137076378,0.485734641552,-0.0503703840077,-0.237966924906,0.484485924244,-0.0451495461166,-0.357879370451,0.46720546484,-0.0441044159234,-0.358633846045,0.591311633587,-0.274830520153,-0.358633846045
1776890920.95,0.482734113932,-0.028833322227,0.449618548155,0.478582203388,-0.025719191879,0.352829456329,0.477867603302,-0.0353505238891,0.254134148359,0.476797819138,-0.0439299829304,0.154966637492,0.475588619709,-0.051683537662,0.0574511513114,0.4723290205,-0.0570740438998,-0.0399443358183,0.470545768738,-0.0572320818901,-0.139874994755,0.469192266464,-0.0575871430337,-0.236512303352,0.465715527534,-0.0535667277873,-0.356423914433,0.460278749466,-0.0483162812889,-0.358633846045,0.591209709644,-0.274909555912,-0.358633846045
1776890920.96,0.482452213764,-0.0357784293592,0.449809670448,0.478582203388,-0.025719191879,0.352829456329,0.477867603302,-0.0353505238891,0.254134148359,0.476797819138,-0.0439299829304,0.154966637492,0.475588619709,-0.051683537662,0.0574511513114,0.4723290205,-0.0570740438998,-0.0399443358183,0.470545768738,-0.0572320818901,-0.139874994755,0.469192266464,-0.0575871430337,-0.236512303352,0.465715527534,-0.0535667277873,-0.356423914433,0.453401625156,-0.0525535009801,-0.358633846045,0.591305494308,-0.274823218584,-0.358633846045
1776890920.98,0.482007831335,-0.0429569967091,0.449790090322,0.478582203388,-0.025719191879,0.352829456329,0.477867603302,-0.0353505238891,0.254134148359,0.476797819138,-0.0439299829304,0.154966637492,0.475588619709,-0.051683537662,0.0574511513114,0.4723290205,-0.0570740438998,-0.0399443358183,0.470545768738,-0.0572320818901,-0.139874994755,0.469192266464,-0.0575871430337,-0.236512303352,0.465715527534,-0.0535667277873,-0.356423914433,0.446585297585,-0.0568212158978,-0.358633846045,0.591317951679,-0.274900704622,-0.358633846045
1776890920.99,0.481397092342,-0.0506495758891,0.449629038572,0.478582203388,-0.025719191879,0.352829456329,0.477867603302,-0.0353505238891,0.254134148359,0.476797819138,-0.0439299829304,0.154966637492,0.475588619709,-0.051683537662,0.0574511513114,0.4723290205,-0.0570740438998,-0.0399443358183,0.470545768738,-0.0572320818901,-0.139874994755,0.469192266464,-0.0575871430337,-0.236512303352,0.465715527534,-0.0535667277873,-0.356423914433,0.439841091633,-0.0611243508756,-0.358633846045,0.591350674629,-0.274933606386,-0.358633846045
1776890921.01,0.480607569218,-0.0589500255883,0.449293404818,0.478582203388,-0.025719191879,0.352829456329,0.477867603302,-0.0353505238891,0.254134148359,0.476797819138,-0.0439299829304,0.154966637492,0.475588619709,-0.051683537662,0.0574511513114,0.4723290205,-0.0570740438998,-0.0399443358183,0.470545768738,-0.0572320818901,-0.139874994755,0.469192266464,-0.0575871430337,-0.236512303352,0.465715527534,-0.0535667277873,-0.356423914433,0.433180630207,-0.0654675737023,-0.358633846045,0.591302752495,-0.274897396564,-0.358633846045
1776890921.02,0.479821741581,-0.0656495541334,0.44890448451,0.478582203388,-0.025719191879,0.352829456329,0.477867603302,-0.0353505238891,0.254134148359,0.476797819138,-0.0439299829304,0.154966637492,0.475588619709,-0.051683537662,0.0574511513114,0.4723290205,-0.0570740438998,-0.0399443358183,0.470545768738,-0.0572320818901,-0.139874994755,0.469192266464,-0.0575871430337,-0.236512303352,0.465715527534,-0.0535667277873,-0.356423914433,0.426615774632,-0.0698552802205,-0.358633846045,0.591308891773,-0.274852961302,-0.358633846045
1776890921.04,0.478620350361,-0.0741635560989,0.448292464018,0.471981704235,-0.0589170977473,0.352556556463,0.466532707214,-0.0570748262107,0.253795683384,0.460241854191,-0.0560445636511,0.154769584537,0.452714800835,-0.0563032254577,0.0569635033607,0.442747414112,-0.0599251613021,-0.0398003458977,0.433088004589,-0.0645006000996,-0.138769209385,0.424058556557,-0.0737011283636,-0.233663082123,0.410025835037,-0.082719065249,-0.354261696339,0.420158743858,-0.0742915198207,-0.358633846045,0.591328978539,-0.274924308062,-0.358633846045
1776890921.05,0.476838886738,-0.0846332907677,0.44729462266,0.471981704235,-0.0589170977473,0.352556556463,0.466532707214,-0.0570748262107,0.253795683384,0.460241854191,-0.0560445636511,0.154769584537,0.452714800835,-0.0563032254577,0.0569635033607,0.442747414112,-0.0599251613021,-0.0398003458977,0.433088004589,-0.0645006000996,-0.138769209385,0.424058556557,-0.0737011283636,-0.233663082123,0.410025835037,-0.082719065249,-0.354261696339,0.413822054863,-0.0787799730897,-0.358633846045,0.591236770153,-0.274831086397,-0.358633846045
1776890921.07,0.475135743618,-0.0931598767638,0.446337789297,0.467921435833,-0.0730612501502,0.351613283157,0.460963487625,-0.0670309513807,0.252857416868,0.452815592289,-0.0616972371936,0.153624936938,0.444764435291,-0.0600026063621,0.0567442849278,0.433337628841,-0.0626751333475,-0.0392181575298,0.422662973404,-0.0678554177284,-0.138870060444,0.410310804844,-0.0785674080253,-0.234477579594,0.393637120724,-0.091354586184,-0.353093028069,0.407618463039,-0.0833239033818,-0.358633846045,0.591402113438,-0.274978160858,-0.358633846045
1776890921.08,0.473305135965,-0.101440340281,0.445210158825,0.466492593288,-0.0777636542916,0.35098451376,0.459178388119,-0.0707175433636,0.25243896246,0.450941026211,-0.0647746175528,0.153609469533,0.442389428616,-0.0620026476681,0.0568740740418,0.4299903512,-0.0643094033003,-0.0399554222822,0.419087588787,-0.0698271840811,-0.138626426458,0.405664920807,-0.0807716026902,-0.234832823277,0.388403832912,-0.0936444625258,-0.352664142847,0.401561081409,-0.0879260897636,-0.358633846045,0.591398596764,-0.274904817343,-0.358633846045
1776890921.1,0.471405953169,-0.109359286726,0.443985342979,0.463572740555,-0.0877998694777,0.349981188774,0.455780386925,-0.0794366002083,0.251440763474,0.446477770805,-0.0712337493896,0.152420192957,0.436969518661,-0.067607536912,0.0558434426785,0.424221515656,-0.0686956271529,-0.0410211533308,0.411649227142,-0.0742918476462,-0.139228403568,0.397043883801,-0.0845646262169,-0.234611183405,0.378624022007,-0.098045296967,-0.352806389332,0.395663321018,-0.092588827014,-0.358633846045,0.591233253479,-0.274947911501,-0.358633846045
1776890921.11,0.469462394714,-0.116874113679,0.442684292793,0.461964309216,-0.0932426378131,0.349388003349,0.454103291035,-0.0838474780321,0.251012325287,0.444521248341,-0.0755322873592,0.152149826288,0.434088766575,-0.0710434243083,0.0553594306111,0.421049535275,-0.0727840363979,-0.0406056642532,0.407526612282,-0.0768470540643,-0.140145987272,0.392677843571,-0.0871450379491,-0.236168265343,0.373844921589,-0.100056782365,-0.35351601243,0.389938831329,-0.0973138362169,-0.358633846045,0.591189980507,-0.275010228157,-0.358633846045
1776890921.13,0.467545449734,-0.123871661723,0.441298633814,0.457421183586,-0.108503744006,0.346660256386,0.448555469513,-0.0998737663031,0.248383969069,0.43822735548,-0.0915463268757,0.14998075366,0.426192164421,-0.0851082131267,0.0524394959211,0.411127209663,-0.085050791502,-0.0430467426777,0.396849811077,-0.0873792842031,-0.141932666302,0.380424261093,-0.095222838223,-0.236474245787,0.361037731171,-0.104531757534,-0.355274766684,0.38440144062,-0.10210223496,-0.358633846045,0.591214239597,-0.274864435196,-0.358633846045
1776890921.14,0.46547499299,-0.131172075868,0.439757734537,0.457421183586,-0.108503744006,0.346660256386,0.448555469513,-0.0998737663031,0.248383969069,0.43822735548,-0.0915463268757,0.14998075366,0.426192164421,-0.0851082131267,0.0524394959211,0.411127209663,-0.085050791502,-0.0430467426777,0.396849811077,-0.0873792842031,-0.141932666302,0.380424261093,-0.095222838223,-0.236474245787,0.361037731171,-0.104531757534,-0.355274766684,0.379065275192,-0.10695450753,-0.358633846045,0.591214239597,-0.274864435196,-0.358633846045
1776890921.16,0.463992595673,-0.136335626245,0.438607990742,0.454315245152,-0.118801601231,0.344993591309,0.444615006447,-0.111189298332,0.246409982443,0.433305978775,-0.104138821363,0.147810906172,0.420407295227,-0.0977719575167,0.0516847521067,0.404853701591,-0.095925591886,-0.0447974354029,0.390141665936,-0.0961574241519,-0.142835199833,0.373119235039,-0.101404100657,-0.237857758999,0.352746546268,-0.106601834297,-0.357052356005,0.373944401741,-0.111870445311,-0.358633846045,0.591302216053,-0.27488848567,-0.358633846045
1776890921.17,0.462408721447,-0.141991525888,0.437360554934,0.452846229076,-0.123608909547,0.344090729952,0.442716538906,-0.117064498365,0.245472729206,0.430269241333,-0.110138051212,0.14651119709,0.417121529579,-0.104355767369,0.0494940727949,0.402078211308,-0.101983219385,-0.0454749017954,0.387048602104,-0.100655116141,-0.143706351519,0.369166076183,-0.104283973575,-0.241204112768,0.34940892458,-0.10778965801,-0.35784098506,0.369053006172,-0.116849124432,-0.358633846045,0.591190397739,-0.274826407433,-0.358633846045
1776890921.19,0.460956037045,-0.147045567632,0.436200171709,0.449558675289,-0.132807508111,0.34211447835,0.438148617744,-0.12832686305,0.243694230914,0.425433516502,-0.123458996415,0.144747525454,0.411866903305,-0.118550121784,0.0482576861978,0.396309256554,-0.115244030952,-0.046967625618,0.381055235863,-0.111243963242,-0.145774304867,0.362551748753,-0.110069528222,-0.243496865034,0.343260347843,-0.109733462334,-0.359702259302,0.364405274391,-0.121888868511,-0.358633846045,0.591117560863,-0.27480211854,-0.358633846045
1776890921.2,0.459617733955,-0.151412010193,0.43509465456,0.447766721249,-0.137616366148,0.341340243816,0.435674548149,-0.13403595984,0.243073195219,0.422426879406,-0.129952907562,0.143840655684,0.408866763115,-0.125762715936,0.0477521196008,0.393466889858,-0.122599907219,-0.0471368283033,0.377842247486,-0.117392025888,-0.146769523621,0.35901927948,-0.11423561722,-0.243936985731,0.340072751045,-0.109824456275,-0.360505402088,0.360015153885,-0.126987189054,-0.358633846045,0.591103374958,-0.274826049805,-0.358633846045
1776890921.22,0.458351314068,-0.155285939574,0.434083908796,0.444705605507,-0.146223470569,0.340039402246,0.431700706482,-0.144962623715,0.241493329406,0.417656362057,-0.142856225371,0.14296014607,0.403682649136,-0.139741316438,0.0461718142033,0.388674974442,-0.136012136936,-0.0482697784901,0.37295371294,-0.128248810768,-0.145290702581,0.356561541557,-0.122228205204,-0.24168497324,0.334519863129,-0.112112358212,-0.361064225435,0.355896353722,-0.13214084506,-0.358633846045,0.591331839561,-0.274900317192,-0.358633846045
1776890921.23,0.45718023181,-0.158688738942,0.433251023293,0.443178653717,-0.150307476521,0.339276492596,0.429426670074,-0.150285452604,0.241028875113,0.415135979652,-0.148954898119,0.142024636269,0.401832818985,-0.146889686584,0.0457605198026,0.38429248333,-0.142943263054,-0.0482977777719,0.3708999753,-0.13374017179,-0.145666778088,0.354146063328,-0.126771092415,-0.242213249207,0.332878828049,-0.112969137728,-0.361750602722,0.352062225342,-0.137345731258,-0.358633846045,0.591292560101,-0.274868547916,-0.358633846045
1776890921.25,0.456181913614,-0.161610037088,0.432681113482,0.455908894539,-0.113648556173,0.345900058746,0.44655662775,-0.105499990284,0.24772337079,0.435710430145,-0.0974229350686,0.148589581251,0.42296642065,-0.0910679623485,0.0512868538499,0.407783567905,-0.0898968577385,-0.0446431189775,0.393541932106,-0.091722369194,-0.142093122005,0.376684784889,-0.0987614020705,-0.237812310457,0.357128083706,-0.106176748872,-0.356075406075,0.348525583744,-0.142596945167,-0.358633846045,0.591302216053,-0.274770021439,-0.358633846045
1776890921.26,0.455244332552,-0.164387568831,0.432287096977,0.440936684608,-0.157331064343,0.33800303936,0.426365315914,-0.159555092454,0.240047857165,0.411256372929,-0.160536810756,0.141600698233,0.396479010582,-0.158735111356,0.0444570928812,0.379326760769,-0.154197528958,-0.0505066365004,0.365791857243,-0.143809810281,-0.146541833878,0.34971421957,-0.133977532387,-0.243304759264,0.328769057989,-0.115723952651,-0.361997783184,0.345298707485,-0.147888764739,-0.358633846045,0.59122723341,-0.274860322475,-0.358633846045
1776890921.28,0.454478025436,-0.166698098183,0.432143211365,0.437878787518,-0.166260883212,0.336761534214,0.422744333744,-0.17068362236,0.23836261034,0.406603574753,-0.174217045307,0.140185207129,0.39100253582,-0.174087822437,0.0442970842123,0.373333394527,-0.168682798743,-0.0503442585468,0.359350264072,-0.155819132924,-0.146803945303,0.344080626965,-0.143524810672,-0.243123650551,0.324003219604,-0.121882773936,-0.361818820238,0.342392921448,-0.153214663267,-0.358633846045,0.591268122196,-0.274876713753,-0.358633846045
1776890921.29,0.453780114651,-0.168762713671,0.432176440954,0.437443256378,-0.168542221189,0.3367575109,0.421568751335,-0.173557192087,0.238400697708,0.405540525913,-0.17759424448,0.140602424741,0.38968873024,-0.177287533879,0.0439666435122,0.371665418148,-0.171763971448,-0.0495809614658,0.357718169689,-0.159418404102,-0.146200925112,0.342228531837,-0.146860793233,-0.243117451668,0.323273718357,-0.124851696193,-0.361206352711,0.339818716049,-0.158567354083,-0.358633846045,0.591316640377,-0.274881243706,-0.358633846045
1776890921.31,0.453149467707,-0.170653223991,0.43239942193,0.436251044273,-0.172214031219,0.3367202878,0.42020046711,-0.178204342723,0.238733232021,0.403375446796,-0.182160884142,0.140254721045,0.38674479723,-0.182420700788,0.0437368676066,0.368884265423,-0.176659300923,-0.0523428171873,0.355250298977,-0.164771035314,-0.146323382854,0.339725613594,-0.150994509459,-0.241809517145,0.321308732033,-0.130898684263,-0.360962867737,0.337585628033,-0.163938775659,-0.358633846045,0.591301441193,-0.274917602539,-0.358633846045
1776890921.32,0.452486872673,-0.172568798065,0.432660996914,0.435795366764,-0.173370108008,0.336612820625,0.419926762581,-0.179510951042,0.238418340683,0.403072357178,-0.183938920498,0.140526324511,0.386276841164,-0.184256434441,0.044588573277,0.369506776333,-0.178813993931,-0.0489766746759,0.354392170906,-0.166661828756,-0.146349340677,0.339310586452,-0.155342042446,-0.243152648211,0.320428311825,-0.134943634272,-0.361629515886,0.335701882839,-0.169320240617,-0.358633846045,0.591280758381,-0.274881392717,-0.358633846045
1776890921.34,0.451778352261,-0.174523413181,0.432986676693,0.435240328312,-0.174883693457,0.336607277393,0.419002175331,-0.1807551682,0.23896984756,0.401922941208,-0.184426262975,0.140459552407,0.385698318481,-0.186040982604,0.0448361188173,0.367721915245,-0.181262329221,-0.0492026358843,0.353448569775,-0.170689404011,-0.146571785212,0.338616192341,-0.16050119698,-0.243986994028,0.319107919931,-0.142148673534,-0.362054347992,0.334174335003,-0.174702420831,-0.358633846045,0.591366529465,-0.274963438511,-0.358633846045
1776890921.35,0.451072245836,-0.176533281803,0.433405011892,0.434721171856,-0.175871133804,0.336948812008,0.418787181377,-0.18068768084,0.238903656602,0.401703953743,-0.183935001493,0.140350416303,0.386092305183,-0.186051636934,0.0451921969652,0.367781341076,-0.18125936389,-0.0492237955332,0.353758811951,-0.172106191516,-0.146836817265,0.338015317917,-0.162171691656,-0.243419587612,0.318935424089,-0.146722868085,-0.362079769373,0.33300858736,-0.180075421929,-0.358633846045,0.591336548328,-0.274904757738,-0.358633846045
1776890921.37,0.45026025176,-0.178882792592,0.433854162693,0.43427747488,-0.176624432206,0.336945652962,0.418579101562,-0.179681569338,0.23908893764,0.402231276035,-0.182003095746,0.140429392457,0.386627733707,-0.183337047696,0.0444557517767,0.369431555271,-0.181011155248,-0.0492242872715,0.354360222816,-0.173795029521,-0.147145390511,0.337432801723,-0.168943509459,-0.245308488607,0.318426400423,-0.155594974756,-0.362669736147,0.332208514214,-0.185428932309,-0.358633846045,0.591267168522,-0.274887830019,-0.358633846045
1776890921.38,0.449269771576,-0.181681752205,0.43439245224,0.433996558189,-0.177106887102,0.337226271629,0.418840765953,-0.179066121578,0.239220961928,0.402902901173,-0.180820599198,0.141240566969,0.386835694313,-0.181274011731,0.0438092127442,0.370467543602,-0.180000260472,-0.0496176332235,0.355109035969,-0.174568369985,-0.147195607424,0.337555706501,-0.17256142199,-0.245006740093,0.318562656641,-0.160206869245,-0.363504379988,0.331776559353,-0.190752238035,-0.358633846045,0.59123557806,-0.274853259325,-0.358633846045
1776890921.4,0.448215901852,-0.184544727206,0.434946417809,0.433851897717,-0.178045734763,0.337515711784,0.419211745262,-0.177465572953,0.239436924458,0.404238522053,-0.177031129599,0.140911623836,0.389453232288,-0.177485302091,0.0450402796268,0.369821846485,-0.175917372108,-0.0533905625343,0.357376337051,-0.174857735634,-0.148347407579,0.337203681469,-0.172487601638,-0.248468905687,0.319296091795,-0.169701859355,-0.363599002361,0.33171325922,-0.196034401655,-0.358633846045,0.591239511967,-0.274918556213,-0.358633846045
1776890921.42,0.446786612272,-0.188262581825,0.435602933168,0.433631539345,-0.178818389773,0.33797955513,0.419575214386,-0.17701472342,0.239827930927,0.405149996281,-0.175777360797,0.140845045447,0.389902234077,-0.175315454602,0.0443763360381,0.371574282646,-0.174646213651,-0.053248077631,0.358437299728,-0.174009203911,-0.147113651037,0.339067161083,-0.175136089325,-0.246586531401,0.31998822093,-0.175137460232,-0.363056749105,0.332017660141,-0.201264321804,-0.358633846045,0.591326415539,-0.274871140718,-0.358633846045
1776890921.43,0.445799857378,-0.190762162209,0.43609213829,0.433393716812,-0.180162370205,0.33861503005,0.420826256275,-0.176036953926,0.239903002977,0.407035708427,-0.173009797931,0.140877902508,0.393266141415,-0.171832248569,0.0450083985925,0.37626606226,-0.172958955169,-0.0501884967089,0.360682547092,-0.174758568406,-0.148040354252,0.343385398388,-0.180899456143,-0.244690269232,0.322508662939,-0.185311406851,-0.363216012716,0.332686841488,-0.206430852413,-0.358633846045,0.591304242611,-0.274967908859,-0.358633846045
1776890921.44,0.444489896297,-0.193990394473,0.436711579561,0.433267295361,-0.181301578879,0.338542819023,0.421208500862,-0.176028475165,0.240110337734,0.408158242702,-0.171844273806,0.141099199653,0.394002974033,-0.170166730881,0.0445691645145,0.378040254116,-0.172245815396,-0.0504056066275,0.362526416779,-0.175493940711,-0.14895644784,0.343570411205,-0.181414067745,-0.246093839407,0.323522120714,-0.190090596676,-0.361799955368,0.333716332912,-0.211522951722,-0.358633846045,0.591288805008,-0.274880856276,-0.358633846045
1776890921.46,0.443154811859,-0.197111159563,0.43736794591,0.432770729065,-0.184108763933,0.339616894722,0.421971321106,-0.177233055234,0.24099200964,0.410115301609,-0.171665325761,0.142110943794,0.39696854353,-0.168484434485,0.0452981740236,0.381056845188,-0.170684918761,-0.0508964508772,0.365814983845,-0.17612862587,-0.148853600025,0.347978830338,-0.186731636524,-0.244144976139,0.327082157135,-0.20009188354,-0.360796779394,0.335099875927,-0.216529756784,-0.358633846045,0.591338694096,-0.27487847209,-0.358633846045
1776890921.47,0.441947877407,-0.199804097414,0.438022881746,0.432349383831,-0.185693621635,0.340264081955,0.421986997128,-0.177924513817,0.241443425417,0.410588264465,-0.171889126301,0.142341643572,0.398377418518,-0.168514370918,0.0454577207565,0.383108913898,-0.171783804893,-0.0494641810656,0.367707014084,-0.177518114448,-0.148251205683,0.350393176079,-0.189646065235,-0.242810189724,0.329160511494,-0.203995674849,-0.359926968813,0.336829602718,-0.221440732479,-0.358633846045,0.591192126274,-0.274856090546,-0.358633846045
1776890921.49,0.440714776516,-0.202367901802,0.438722103834,0.431753516197,-0.188958510756,0.34062308073,0.422489464283,-0.180798023939,0.242322474718,0.412265658379,-0.173626601696,0.143086209893,0.401031076908,-0.171086296439,0.0469381213188,0.385613560677,-0.172100141644,-0.0496511012316,0.371519684792,-0.180661514401,-0.147614330053,0.35467594862,-0.194460660219,-0.242701351643,0.333633124828,-0.212153509259,-0.358264833689,0.338896036148,-0.226245760918,-0.358633846045,0.591269493103,-0.274756848812,-0.358633846045
1776890921.5,0.43950265646,-0.204651221633,0.439431220293,0.430968165398,-0.19101241231,0.341147184372,0.422409951687,-0.182803213596,0.243053287268,0.412842512131,-0.17576315999,0.143955633044,0.402395963669,-0.172436982393,0.0469529032707,0.388104379177,-0.174884051085,-0.0490458756685,0.373716235161,-0.183299899101,-0.146857559681,0.357218325138,-0.198050692677,-0.241880446672,0.336773395538,-0.216199636459,-0.358080178499,0.341288328171,-0.230935230851,-0.358633846045,0.591324627399,-0.27485999465,-0.358633846045
1776890921.52,0.438542455435,-0.206209093332,0.440089970827,0.429908752441,-0.194871917367,0.342252075672,0.422612845898,-0.187240734696,0.243307769299,0.413884699345,-0.180362164974,0.144137769938,0.404181420803,-0.177940309048,0.0472107976675,0.391204953194,-0.181789636612,-0.0484313368797,0.377843379974,-0.189266964793,-0.146755278111,0.362247169018,-0.204134106636,-0.241277754307,0.342220723629,-0.222429826856,-0.35890609026,0.343994259834,-0.235500127077,-0.358633846045,0.591327190399,-0.274843841791,-0.358633846045
1776890921.53,0.437813609838,-0.207139506936,0.440693169832,0.429800152779,-0.196589693427,0.342271417379,0.422334194183,-0.189882606268,0.244091421366,0.414228379726,-0.183868616819,0.145155832171,0.405021071434,-0.181226149201,0.0475956276059,0.392353355885,-0.184290215373,-0.049604922533,0.379119098186,-0.192122265697,-0.147877365351,0.364318847656,-0.207360804081,-0.241435259581,0.345622062683,-0.226223900914,-0.358465045691,0.347000598907,-0.23993216455,-0.358633846045,0.591361582279,-0.274953186512,-0.358633846045
1776890921.55,0.437297910452,-0.207459971309,0.441205650568,0.428775310516,-0.200334206223,0.343088448048,0.42182803154,-0.195505931973,0.244680076838,0.414364337921,-0.191488578916,0.144936025143,0.406334102154,-0.190223008394,0.0476077497005,0.394717037678,-0.194147154689,-0.0484303683043,0.383263349533,-0.201039269567,-0.147795289755,0.369935631752,-0.215255364776,-0.24152392149,0.352170705795,-0.231040880084,-0.359807193279,0.350292921066,-0.244223743677,-0.358633846045,0.591301262379,-0.27488347888,-0.358633846045
1776890921.56,0.436940282583,-0.207212135196,0.441657423973,0.428293406963,-0.202178791165,0.343482494354,0.421751976013,-0.198722615838,0.244943961501,0.414493262768,-0.195916086435,0.145444020629,0.406580328941,-0.195489794016,0.0482162162662,0.395666003227,-0.199185952544,-0.0490257889032,0.38539993763,-0.205919399858,-0.147386491299,0.372508168221,-0.218712091446,-0.24169036746,0.356031894684,-0.232832416892,-0.36055713892,0.353856146336,-0.248368129134,-0.358633846045,0.591389715672,-0.274813115597,-0.358633846045
1776890921.58,0.436721622944,-0.206411719322,0.44197177887,0.4280423522,-0.205122470856,0.344513058662,0.421354591846,-0.205017492175,0.245243445039,0.414864718914,-0.205365777016,0.145936086774,0.40757972002,-0.20660084486,0.0484981685877,0.397612810135,-0.210956007242,-0.0483496040106,0.388599276543,-0.216664254665,-0.148086845875,0.37764441967,-0.226703897119,-0.243880063295,0.364048600197,-0.236880600452,-0.361701726913,0.357674479485,-0.252359360456,-0.358633846045,0.59124147892,-0.274845421314,-0.358633846045
1776890921.59,0.436610221863,-0.205177173018,0.442136615515,0.428086519241,-0.206575646996,0.344944864511,0.421278059483,-0.208207711577,0.246003106236,0.4146489501,-0.20993244648,0.14637260139,0.407495141029,-0.212930336595,0.0489731654525,0.398293197155,-0.216947093606,-0.0479119569063,0.390460848808,-0.222201094031,-0.147567123175,0.380094528198,-0.230362132192,-0.244546443224,0.368652820587,-0.23850902915,-0.362081885338,0.36173170805,-0.256192356348,-0.358633846045,0.591225981712,-0.27485024929,-0.358633846045
1776890921.61,0.436587452888,-0.203629598022,0.442183047533,0.427936732769,-0.209083020687,0.345506429672,0.42119717598,-0.214440062642,0.246618837118,0.414972543716,-0.219678118825,0.147336885333,0.408618450165,-0.224889963865,0.0500047430396,0.399806916714,-0.229972481728,-0.0474186092615,0.393457710743,-0.23370975256,-0.146933525801,0.385499477386,-0.238283291459,-0.244312644005,0.377488255501,-0.241881027818,-0.362550914288,0.366011440754,-0.259862929583,-0.358633846045,0.591315925121,-0.274851381779,-0.358633846045
1776890921.62,0.436603933573,-0.20197840035,0.442131817341,0.427996873856,-0.209911748767,0.345491588116,0.421493887901,-0.217464759946,0.246991753578,0.414991080761,-0.224112913013,0.147663265467,0.408809602261,-0.230557590723,0.0502588450909,0.400773346424,-0.235802024603,-0.0468356907368,0.394765377045,-0.23938113451,-0.146952807903,0.388564229012,-0.242365092039,-0.244279623032,0.381948649883,-0.243446886539,-0.362348049879,0.370497047901,-0.263367623091,-0.358633846045,0.591239631176,-0.274849653244,-0.358633846045
1776890921.64,0.436626434326,-0.20028193295,0.442012637854,0.427993297577,-0.21149584651,0.346054494381,0.421695888042,-0.222513213754,0.247972220182,0.41561871767,-0.232398420572,0.148588851094,0.410110294819,-0.240956932306,0.0511408001184,0.403036057949,-0.247270405293,-0.0454629063606,0.398510932922,-0.24858571589,-0.146366298199,0.39445579052,-0.249504178762,-0.24362295866,0.391648709774,-0.247611612082,-0.361542880535,0.375172078609,-0.26670396328,-0.358633846045,0.591343700886,-0.274793624878,-0.358633846045
1776890921.65,0.436572283506,-0.198709115386,0.441806524992,0.428298532963,-0.21175095439,0.346145451069,0.422103345394,-0.224739775062,0.248123109341,0.416177690029,-0.236044898629,0.149295046926,0.410729169846,-0.245551899076,0.0524349361658,0.404086351395,-0.251984387636,-0.0450822860003,0.400597989559,-0.25334957242,-0.145406812429,0.398020088673,-0.252639174461,-0.243426918983,0.396513342857,-0.249070718884,-0.36085242033,0.380020439625,-0.269870102406,-0.358633846045,0.591276407242,-0.274908721447,-0.358633846045
1776890921.67,0.436409950256,-0.197408273816,0.441602259874,0.428754448891,-0.211582571268,0.346339643002,0.422836840153,-0.227231308818,0.248712062836,0.41730684042,-0.24093067646,0.149789109826,0.413162589073,-0.252608001232,0.0530668124557,0.407394647598,-0.259878635406,-0.0445903688669,0.406232178211,-0.260893315077,-0.143723845482,0.404495477676,-0.258369237185,-0.242838829756,0.406024813652,-0.253359228373,-0.360322147608,0.385026216507,-0.272865056992,-0.358633846045,0.59128755331,-0.274892866611,-0.358633846045
1776890921.68,0.436156332493,-0.19658882916,0.441403597593,0.428967535496,-0.211456134915,0.34634578228,0.423321545124,-0.227719351649,0.248535439372,0.418171346188,-0.242920860648,0.150341555476,0.414371192455,-0.255196362734,0.0533397495747,0.409307479858,-0.262945532799,-0.0436588525772,0.409134745598,-0.263785094023,-0.143955469131,0.40826177597,-0.2615904212,-0.241812825203,0.411001622677,-0.255782216787,-0.35978770256,0.390174269676,-0.27568846941,-0.358633846045,0.591266393661,-0.274833470583,-0.358633846045
1776890921.7,0.435777276754,-0.196187004447,0.441227316856,0.429290473461,-0.210386931896,0.34624350071,0.424633443356,-0.22800758481,0.24889883399,0.420520842075,-0.244075998664,0.150167137384,0.417602360249,-0.2577213943,0.053649649024,0.414394199848,-0.26633605361,-0.0437466949224,0.414607644081,-0.267073154449,-0.143863976002,0.416227996349,-0.265621095896,-0.241394370794,0.420302569866,-0.260783225298,-0.359356999397,0.39544993639,-0.278340578079,-0.358633846045,0.591282129288,-0.274876445532,-0.358633846045
1776890921.71,0.435264736414,-0.196301653981,0.441092640162,0.429281413555,-0.209530368447,0.345853447914,0.425095915794,-0.2272759974,0.248740524054,0.421930193901,-0.243587955832,0.150079265237,0.419950902462,-0.258079111576,0.0535761043429,0.416715502739,-0.267072319984,-0.044009283185,0.418307602406,-0.268593937159,-0.14367762208,0.4205031991,-0.269198685884,-0.239796459675,0.425147294998,-0.263657808304,-0.359125912189,0.400839328766,-0.280822187662,-0.358633846045,0.591212391853,-0.274821490049,-0.358633846045
1776890921.73,0.434569776058,-0.19697830081,0.440926074982,0.429745495319,-0.20835699141,0.345505982637,0.427008748055,-0.225096479058,0.247859910131,0.425088942051,-0.241479232907,0.149757623672,0.424478232861,-0.256225526333,0.0533410385251,0.423117041588,-0.266816526651,-0.0443202108145,0.425641775131,-0.27084133029,-0.143991172314,0.429574728012,-0.27276468277,-0.239918500185,0.433698296547,-0.269263327122,-0.359758973122,0.406329393387,-0.283134609461,-0.358633846045,0.591417312622,-0.274818122387,-0.358633846045
1776890921.74,0.433634012938,-0.19825527072,0.44074895978,0.430106282234,-0.207839474082,0.34534573555,0.427985668182,-0.223838701844,0.247601687908,0.426834523678,-0.239566668868,0.149149268866,0.427373230457,-0.254041224718,0.0527759641409,0.426243066788,-0.26543867588,-0.0448336899281,0.429642796516,-0.27060174942,-0.144485116005,0.433705568314,-0.273481011391,-0.239808350801,0.438591182232,-0.27290636301,-0.359870374203,0.41190803051,-0.285279482603,-0.358633846045,0.591289043427,-0.27484408021,-0.358633846045
1776890921.76,0.432489931583,-0.200036093593,0.440519809723,0.430319190025,-0.206868261099,0.345064401627,0.429963827133,-0.220615684986,0.246556788683,0.43082100153,-0.234618604183,0.147915050387,0.432358324528,-0.249209478498,0.051499068737,0.433322489262,-0.260842263699,-0.0456480681896,0.437555551529,-0.268601864576,-0.144909381866,0.442005574703,-0.274212598801,-0.241706490517,0.44715577364,-0.279249489307,-0.360724031925,0.417563855648,-0.287258803844,-0.358633846045,0.591252744198,-0.274888008833,-0.358633846045
1776890921.77,0.430781841278,-0.202853605151,0.440167397261,0.430436432362,-0.206651821733,0.344564318657,0.431264698505,-0.219174593687,0.246275901794,0.432799100876,-0.231932789087,0.147477939725,0.435522258282,-0.245456919074,0.0510967597365,0.436932981014,-0.257751882076,-0.0461527854204,0.441551148891,-0.266785979271,-0.145040094852,0.446254968643,-0.275241047144,-0.240870594978,0.451612532139,-0.282759010792,-0.360992699862,0.423286616802,-0.289074778557,-0.358633846045,0.591337800026,-0.274924874306,-0.358633846045
1776890921.79,0.428766548634,-0.206313997507,0.439785927534,0.431059241295,-0.206591904163,0.343684971333,0.433517038822,-0.216044008732,0.245255663991,0.436943471432,-0.225861400366,0.145908638835,0.441477298737,-0.237807542086,0.0496822595596,0.444217503071,-0.250490009785,-0.0475156456232,0.449649095535,-0.261971861124,-0.146400719881,0.454308986664,-0.275516599417,-0.242017805576,0.459695875645,-0.289562702179,-0.360906481743,0.429066836834,-0.290729790926,-0.358633846045,0.591292202473,-0.274882137775,-0.358633846045
1776890921.8,0.426161050797,-0.210854306817,0.439356803894,0.4310516119,-0.207054272294,0.343458175659,0.434995293617,-0.214545503259,0.244939178228,0.439618229866,-0.223185390234,0.145550578833,0.444823861122,-0.23412103951,0.0489051118493,0.447638988495,-0.246316596866,-0.0479855388403,0.453899919987,-0.259398490191,-0.146806061268,0.457952260971,-0.274223536253,-0.24320268631,0.46377825737,-0.293081849813,-0.360067307949,0.434896051884,-0.292226344347,-0.358633846045,0.591236233711,-0.274910867214,-0.358633846045
1776890921.82,0.423801094294,-0.214940905571,0.438962429762,0.430568575859,-0.207852050662,0.34234637022,0.437152326107,-0.212419107556,0.244455546141,0.444022536278,-0.218199983239,0.144911110401,0.450604379177,-0.226646780968,0.0479345545173,0.454883575439,-0.238866239786,-0.0489433705807,0.461107373238,-0.254077553749,-0.147360086441,0.465979218483,-0.273858010769,-0.242279529572,0.472133696079,-0.298395812511,-0.358533978462,0.440766632557,-0.29356688261,-0.358633846045,0.591293394566,-0.274847388268,-0.358633846045
1776890921.83,0.420530557632,-0.2205735147,0.438473582268,0.430259943008,-0.209209010005,0.342500150204,0.437945842743,-0.211578115821,0.244050234556,0.445984840393,-0.215644598007,0.144724309444,0.453395783901,-0.223554491997,0.047520942986,0.458362162113,-0.236327394843,-0.0488365143538,0.465164840221,-0.251603126526,-0.14731374383,0.470201790333,-0.273739993572,-0.241593718529,0.476165950298,-0.300999313593,-0.35744997859,0.446671724319,-0.294753849506,-0.358633846045,0.591359376907,-0.274883210659,-0.358633846045
1776890921.85,0.41748175025,-0.225715845823,0.438045352697,0.428722918034,-0.212470933795,0.341821223497,0.4387575984,-0.211643218994,0.243769034743,0.449354946613,-0.212353676558,0.144242137671,0.458665072918,-0.218604311347,0.0475271716714,0.464287042618,-0.230598285794,-0.0493946969509,0.471933662891,-0.248270213604,-0.146896332502,0.477692365646,-0.273176938295,-0.240630060434,0.48412835598,-0.304214000702,-0.355343341827,0.452605366707,-0.295789599419,-0.358633846045,0.591315686703,-0.274889171124,-0.358633846045
1776890921.86,0.414351940155,-0.23091673851,0.437650084496,0.427493155003,-0.214475810528,0.341705024242,0.43895983696,-0.211924925447,0.243472516537,0.450547516346,-0.211587399244,0.144652396441,0.460981726646,-0.216902732849,0.0478353872895,0.467478632927,-0.228832170367,-0.0491210967302,0.475526154041,-0.24772362411,-0.14610311389,0.480990767479,-0.272978961468,-0.240184009075,0.487701117992,-0.305165141821,-0.354432553053,0.458562254906,-0.296676307917,-0.358633846045,0.591290652752,-0.274883180857,-0.358633846045
1776890921.88,0.411223560572,-0.236019477248,0.43727889657,0.424710512161,-0.219196364284,0.340993225574,0.438480138779,-0.214893639088,0.243256658316,0.45204180479,-0.211594551802,0.144120201468,0.463923156261,-0.216295436025,0.048614166677,0.472698092461,-0.227460861206,-0.0481124818325,0.481584250927,-0.246682047844,-0.146063953638,0.488267660141,-0.273238390684,-0.238644093275,0.495946824551,-0.306803017855,-0.352914392948,0.464537739754,-0.297415882349,-0.358633846045,0.591365814209,-0.274815171957,-0.358633846045
1776890921.89,0.408614397049,-0.24023938179,0.43706381321,0.422896683216,-0.222235441208,0.340518891811,0.437352120876,-0.217124924064,0.243603795767,0.451993107796,-0.213391274214,0.144823461771,0.465450823307,-0.216358810663,0.0483522862196,0.474966883659,-0.227789491415,-0.0479151755571,0.484949052334,-0.247095182538,-0.144668757915,0.492087960243,-0.273308932781,-0.238449722528,0.499641478062,-0.306740313768,-0.352419227362,0.470527768135,-0.298010081053,-0.358633846045,0.59127086401,-0.274814158678,-0.358633846045
1776890921.91,0.405903577805,-0.244653642178,0.436953991652,0.419580876827,-0.228661343455,0.340922832489,0.435432553291,-0.222382292151,0.242959141731,0.451066195965,-0.217950731516,0.14474388957,0.46691942215,-0.219453573227,0.0497332811356,0.478244304657,-0.230284020305,-0.0470853447914,0.49009001255,-0.248560845852,-0.143987357616,0.498313486576,-0.274103671312,-0.237482815981,0.507553935051,-0.306148558855,-0.35226431489,0.476528644562,-0.298460304737,-0.358633846045,0.591415345669,-0.274742484093,-0.358633846045
1776890921.92,0.403863012791,-0.248060524464,0.437029421329,0.417839705944,-0.23183901608,0.340355634689,0.433690965176,-0.226161316037,0.243343353271,0.450588464737,-0.221694976091,0.144945770502,0.466869592667,-0.222680360079,0.0484820231795,0.479393899441,-0.232377409935,-0.0469834804535,0.492039442062,-0.24931961298,-0.144701480865,0.501403570175,-0.274424135685,-0.2374330163,0.511270463467,-0.305328458548,-0.35256421566,0.482537150383,-0.29876768589,-0.358633846045,0.591363012791,-0.274781376123,-0.358633846045
1776890921.94,0.402494609356,-0.250396072865,0.437213808298,0.414372682571,-0.238794460893,0.340600967407,0.430374622345,-0.234300658107,0.243297919631,0.449211061001,-0.230866000056,0.146405294538,0.4666031003,-0.230829969049,0.0496882274747,0.480398952961,-0.238725796342,-0.0468767732382,0.495360612869,-0.25338730216,-0.144318252802,0.506806313992,-0.275630950928,-0.237495481968,0.518879473209,-0.302677541971,-0.353709489107,0.488550245762,-0.298932939768,-0.358633846045,0.591390252113,-0.274756729603,-0.358633846045
1776890921.95,0.401174396276,-0.252674669027,0.437623918056,0.412754654884,-0.241483107209,0.340089857578,0.42939722538,-0.238503426313,0.242807596922,0.447612226009,-0.235695779324,0.146265953779,0.465504825115,-0.236338615417,0.0503366440535,0.480198562145,-0.243289768696,-0.0468463301659,0.496346592903,-0.255842477083,-0.144300580025,0.509061813354,-0.276960372925,-0.237593889236,0.523104965687,-0.301023989916,-0.354271769524,0.494565248489,-0.298956543207,-0.358633846045,0.591341733932,-0.274731367826,-0.358633846045
1776890921.97,0.400677889585,-0.253547877073,0.438086122274,0.410672664642,-0.248045220971,0.340500801802,0.426553785801,-0.247618615627,0.242852061987,0.443803012371,-0.246295750141,0.144549131393,0.462739825249,-0.247828036547,0.0500772222877,0.479134380817,-0.253546386957,-0.0469566583633,0.497595489025,-0.263198941946,-0.142987877131,0.51238578558,-0.277762115002,-0.238707542419,0.530766546726,-0.296351283789,-0.354694575071,0.500579297543,-0.298838526011,-0.358633846045,0.591340482235,-0.274883002043,-0.358633846045
1776890921.98,0.400802433491,-0.253447651863,0.438713997602,0.410159945488,-0.251001060009,0.341356098652,0.425142526627,-0.252105414867,0.243557676673,0.442277371883,-0.252558529377,0.14469049871,0.461307704449,-0.254497468472,0.0499355942011,0.477574765682,-0.259486228228,-0.0461899638176,0.496837198734,-0.267184376717,-0.143305838108,0.513811051846,-0.279458016157,-0.238040089607,0.533839404583,-0.293778926134,-0.35602030158,0.506589651108,-0.298578590155,-0.358633846045,0.591294705868,-0.274835318327,-0.358633846045
1776890922,0.401483923197,-0.252587914467,0.439495533705,0.409117698669,-0.25592777133,0.341646611691,0.423397004604,-0.260385841131,0.243591696024,0.439747095108,-0.264504820108,0.145739927888,0.457812845707,-0.269179046154,0.0517559945583,0.47443062067,-0.272575467825,-0.0451864153147,0.49556940794,-0.275866627693,-0.142625153065,0.515557646751,-0.282042831182,-0.237418711185,0.540525496006,-0.287783563137,-0.35506644845,0.512593388557,-0.298176109791,-0.358633846045,0.591291189194,-0.274850666523,-0.358633846045
1776890922.01,0.402738302946,-0.250970244408,0.440490305424,0.409004986286,-0.259674429893,0.34274148941,0.421647369862,-0.268402636051,0.245346695185,0.436920285225,-0.275145769119,0.146532401443,0.454083681107,-0.280790776014,0.0514380261302,0.470778465271,-0.284258306026,-0.0452568084002,0.493243694305,-0.284408956766,-0.141428619623,0.516560554504,-0.284620374441,-0.235608488321,0.545514643192,-0.28005489707,-0.352783620358,0.51858741045,-0.297630041838,-0.358633846045,0.591242909431,-0.27482059598,-0.358633846045
1776890922.03,0.404536426067,-0.24864834547,0.441614300013,0.40891546011,-0.260275036097,0.343245863914,0.421349406242,-0.271256893873,0.245958417654,0.435895979404,-0.281039148569,0.148437425494,0.452222049236,-0.287160158157,0.0519860833883,0.469006955624,-0.289940208197,-0.044287994504,0.492598295212,-0.288187175989,-0.140927135944,0.516578733921,-0.285157084465,-0.234348535538,0.547512292862,-0.278011709452,-0.350025653839,0.524568200111,-0.296939074993,-0.358633846045,0.591288745403,-0.274844288826,-0.358633846045
1776890922.04,0.40679526329,-0.245669707656,0.442819446325,0.409316122532,-0.261389046907,0.344281196594,0.420961141586,-0.273476868868,0.246432870626,0.434533596039,-0.283952265978,0.148001104593,0.450975716114,-0.292321562767,0.0538981109858,0.467818081379,-0.295190632343,-0.043713092804,0.492097258568,-0.291774570942,-0.13872474432,0.516908884048,-0.286519795656,-0.232577860355,0.548740267754,-0.275081932545,-0.34784835577,0.53053176403,-0.296101629734,-0.358633846045,0.591334998608,-0.274868249893,-0.358633846045
1776890922.06,0.409449160099,-0.242001578212,0.444016128778,0.410683691502,-0.261716991663,0.346409618855,0.420742988586,-0.276610732079,0.248540937901,0.433094501495,-0.29117000103,0.151377379894,0.449135899544,-0.299995779991,0.0556844845414,0.466086506844,-0.302592039108,-0.0407001525164,0.491741895676,-0.29656419158,-0.134576618671,0.517886757851,-0.286753356457,-0.228381335735,0.549413621426,-0.27317199111,-0.344378888607,0.536473691463,-0.295115798712,-0.358633846045,0.591330587864,-0.274862140417,-0.358633846045
1776890922.07,0.412463903427,-0.237639322877,0.445182055235,0.411855697632,-0.260559976101,0.347164750099,0.420764327049,-0.277627915144,0.249727874994,0.432565569878,-0.292471021414,0.151996120811,0.448173761368,-0.302321493626,0.0558424890041,0.465364813805,-0.304757654667,-0.0398700088263,0.491534173489,-0.298126935959,-0.133285552263,0.517659962177,-0.286828517914,-0.226985037327,0.550489127636,-0.266328364611,-0.339919954538,0.54238897562,-0.293979495764,-0.358633846045,0.591312468052,-0.274842470884,-0.358633846045
1776890922.09,0.415522277355,-0.233061745763,0.446191579103,0.414291679859,-0.257980376482,0.349312394857,0.42224085331,-0.277352929115,0.25206130743,0.432616114616,-0.293559640646,0.154369950294,0.447453379631,-0.305174738169,0.0593289136887,0.46494615078,-0.308210432529,-0.03669449687,0.491107285023,-0.299278795719,-0.132454007864,0.51782232523,-0.286133497953,-0.223894864321,0.550896346569,-0.261255055666,-0.334627866745,0.548271775246,-0.292690396309,-0.358633846045,0.591286480427,-0.274852067232,-0.358633846045
1776890922.1,0.419277518988,-0.227324858308,0.447279453278,0.41628909111,-0.256185173988,0.350429534912,0.423281908035,-0.276211559772,0.253341764212,0.433256864548,-0.29341891408,0.155759811401,0.44735699892,-0.305471926928,0.0608277842402,0.465010583401,-0.308271259069,-0.0360504239798,0.491034805775,-0.298860669136,-0.129919469357,0.51828956604,-0.285227030516,-0.222089827061,0.550418078899,-0.261095821857,-0.333421558142,0.554115533829,-0.291246116161,-0.358633846045,0.591333389282,-0.274752050638,-0.358633846045
1776890922.12,0.421419292688,-0.224036321044,0.447830677032,0.418276488781,-0.253344506025,0.351041048765,0.424769997597,-0.274307727814,0.254534780979,0.433648586273,-0.292214632034,0.156612068415,0.448207437992,-0.30504861474,0.0613168403506,0.465302765369,-0.30780389905,-0.0344595313072,0.491352319717,-0.298391461372,-0.128669023514,0.517507612705,-0.28470274806,-0.221877127886,0.549734830856,-0.259517133236,-0.332260042429,0.559912979603,-0.289644211531,-0.358633846045,0.59132117033,-0.274836212397,-0.358633846045
1776890922.13,0.426621645689,-0.215967327356,0.448965251446,0.4204646945,-0.250523507595,0.3518653512,0.426620841026,-0.271770238876,0.25492888689,0.434958994389,-0.290094912052,0.157643660903,0.449237406254,-0.303960889578,0.0637156665325,0.46560716629,-0.306466519833,-0.0341292321682,0.491236805916,-0.297242492437,-0.128152102232,0.517709970474,-0.283745884895,-0.220299333334,0.548991978168,-0.259401828051,-0.332852095366,0.565655946732,-0.28788214922,-0.358633846045,0.591312527657,-0.27477657795,-0.358633846045
1776890922.15,0.429141402245,-0.211937695742,0.449347496033,0.427817344666,-0.239544525743,0.353859782219,0.433332979679,-0.260924726725,0.257342010736,0.441506683826,-0.279815495014,0.159792363644,0.452942967415,-0.293739616871,0.064178571105,0.468305885792,-0.297730833292,-0.0324629098177,0.49148273468,-0.291052609682,-0.127767771482,0.5163885355,-0.279544591904,-0.220857590437,0.546191334724,-0.257750689983,-0.333666265011,0.571335196495,-0.285957545042,-0.358633846045,0.591254115105,-0.27490028739,-0.358633846045
1776890922.16,0.434212893248,-0.203689515591,0.449850529432,0.430824220181,-0.235463693738,0.354562968016,0.436761617661,-0.256079137325,0.257475376129,0.44404065609,-0.274552643299,0.159910261631,0.455510377884,-0.288267999887,0.0647253841162,0.469460904598,-0.293964058161,-0.0325919240713,0.491076529026,-0.287006646395,-0.128674149513,0.515372157097,-0.27759116888,-0.222431600094,0.545558094978,-0.259975373745,-0.338088899851,0.576940715313,-0.283868074417,-0.358633846045,0.591186404228,-0.274868667126,-0.358633846045
1776890922.18,0.437169730663,-0.198988378048,0.449981302023,0.436757266521,-0.226065605879,0.354854494333,0.442894339561,-0.244778871536,0.257836073637,0.450177311897,-0.262091457844,0.160177737474,0.460582613945,-0.275285124779,0.0634917393327,0.472585856915,-0.28236797452,-0.0325723588467,0.492448508739,-0.279166400433,-0.130227476358,0.514153957367,-0.273796141148,-0.223627448082,0.541269481182,-0.259407609701,-0.339367240667,0.58246165514,-0.281611740589,-0.358633846045,0.591328859329,-0.274930596352,-0.358633846045
1776890922.19,0.441602766514,-0.192226827145,0.449940830469,0.439665317535,-0.22073751688,0.354748547077,0.446119725704,-0.238595172763,0.257793009281,0.453646838665,-0.254710733891,0.159232974052,0.463613033295,-0.268800824881,0.0640310496092,0.47458833456,-0.275964677334,-0.0331359505653,0.493561923504,-0.274510025978,-0.130675554276,0.514303863049,-0.271330922842,-0.225498348475,0.539903402328,-0.261805325747,-0.343002527952,0.587886035442,-0.279186666012,-0.358633846045,0.591296553612,-0.274898409843,-0.358633846045
1776890922.21,0.445267647505,-0.186927184463,0.449763178825,0.445532441139,-0.210420355201,0.354559570551,0.453036427498,-0.22519145906,0.256671339273,0.460732638836,-0.238842859864,0.158704102039,0.470538258553,-0.251891732216,0.062496483326,0.47974640131,-0.260461509228,-0.0352224707603,0.495589733124,-0.263195484877,-0.132523804903,0.51269364357,-0.265365660191,-0.227653950453,0.533602118492,-0.264984190464,-0.34553283453,0.593201100826,-0.276591509581,-0.358633846045,0.591236352921,-0.274843662977,-0.358633846045
1776890922.22,0.448941916227,-0.181889995933,0.44938325882,0.448294639587,-0.205179020762,0.354019343853,0.456140339375,-0.218243420124,0.256821990013,0.464572787285,-0.23075260222,0.158009275794,0.473819077015,-0.242929056287,0.0623757094145,0.482896327972,-0.252012133598,-0.0354784727097,0.497586965561,-0.257029771805,-0.133034229279,0.512746334076,-0.262102752924,-0.229360699654,0.530994057655,-0.266385704279,-0.348400056362,0.598393261433,-0.273825258017,-0.358633846045,0.591377615929,-0.27487167716,-0.358633846045
1776890922.24,0.452083945274,-0.177941516042,0.448961615562,0.45380538702,-0.194134801626,0.353402376175,0.462464749813,-0.203576251864,0.255554765463,0.471894085407,-0.213159307837,0.156994119287,0.481285214424,-0.223903387785,0.0612371191382,0.489498794079,-0.23365971446,-0.0369100421667,0.500925719738,-0.243828937411,-0.134273201227,0.511322021484,-0.254703909159,-0.230294406414,0.524053156376,-0.268068224192,-0.348546683788,0.603448092937,-0.270887494087,-0.358633846045,0.591379702091,-0.274812877178,-0.358633846045
1776890922.25,0.456029981375,-0.173483163118,0.448447167873,0.456876456738,-0.189295694232,0.35337471962,0.465762853622,-0.196249932051,0.254708498716,0.47510612011,-0.204159453511,0.155848756433,0.484860599041,-0.213319316506,0.0592873543501,0.492760181427,-0.224970847368,-0.0369599610567,0.502734005451,-0.236649885774,-0.134933531284,0.510483801365,-0.251263618469,-0.231609076262,0.519983172417,-0.268954753876,-0.348229914904,0.60835069418,-0.267778307199,-0.358633846045,0.591292142868,-0.274841278791,-0.358633846045
1776890922.27,0.459942400455,-0.169700935483,0.447668492794,0.462340593338,-0.179436177015,0.352908790112,0.472042500973,-0.182831704617,0.254602402449,0.482060670853,-0.187669306993,0.155435174704,0.491297185421,-0.195098385215,0.0582258179784,0.49781537056,-0.207442477345,-0.0382749438286,0.505095899105,-0.223271712661,-0.136115759611,0.508737564087,-0.244484677911,-0.230400502682,0.512511909008,-0.269272506237,-0.347341746092,0.613085269928,-0.264498561621,-0.358633846045,0.591320216656,-0.274908423424,-0.358633846045
1776890922.28,0.463653147221,-0.166630446911,0.446873992682,0.465055406094,-0.17492416501,0.352436065674,0.475388765335,-0.176401570439,0.253959000111,0.485180735588,-0.17949488759,0.154480025172,0.494611144066,-0.187355279922,0.058854393661,0.500400424004,-0.199259236455,-0.038852378726,0.505965650082,-0.216471999884,-0.136524230242,0.507628321648,-0.24017983675,-0.230914920568,0.508381962776,-0.268775999546,-0.345642417669,0.617635846138,-0.261049717665,-0.358633846045,0.591588437557,-0.27507853508,-0.358633846045
1776890922.3,0.467123776674,-0.164258792996,0.446064203978,0.470505714417,-0.167090758681,0.351559877396,0.480886042118,-0.164970055223,0.252986431122,0.491002857685,-0.165246590972,0.153684347868,0.499679803848,-0.171330168843,0.0568348690867,0.503645658493,-0.184875294566,-0.0396227687597,0.506267786026,-0.205113649368,-0.136721640825,0.504900217056,-0.233014985919,-0.230249792337,0.501514077187,-0.267269700766,-0.344251096249,0.621986031532,-0.257434129715,-0.358633846045,0.591406285763,-0.274814635515,-0.358633846045
1776890922.31,0.470703035593,-0.162249654531,0.445231646299,0.473035156727,-0.163672238588,0.350722193718,0.483508110046,-0.16022247076,0.252587974072,0.493404567242,-0.159149795771,0.153426513076,0.501510083675,-0.164766222239,0.056551836431,0.504405915737,-0.178256064653,-0.0402122437954,0.505941927433,-0.200039327145,-0.137162894011,0.503213584423,-0.229449898005,-0.23011893034,0.497878670692,-0.266740083694,-0.343148201704,0.62611925602,-0.253654837608,-0.358633846045,0.591313362122,-0.274863004684,-0.358633846045
1776890922.33,0.475038826466,-0.160422459245,0.44416347146,0.478082537651,-0.158139824867,0.349708020687,0.48802614212,-0.152446374297,0.251819193363,0.497273564339,-0.149171218276,0.152422308922,0.504536271095,-0.153195694089,0.0548864454031,0.50514292717,-0.167403668165,-0.0409787595272,0.504105210304,-0.191446736455,-0.137491822243,0.499198913574,-0.222904294729,-0.229457229376,0.491137504578,-0.262475192547,-0.342249900103,0.630019068718,-0.249715819955,-0.358633846045,0.591342568398,-0.274898588657,-0.358633846045
1776890922.34,0.478888034821,-0.159225970507,0.443142354488,0.480402112007,-0.155995711684,0.349216282368,0.490066289902,-0.149397790432,0.250701904297,0.498657464981,-0.145147666335,0.151422858238,0.505312740803,-0.148505672812,0.0546871498227,0.505137622356,-0.163002729416,-0.0419310778379,0.503365635872,-0.187354832888,-0.138004660606,0.497007787228,-0.219191074371,-0.229811698198,0.488069295883,-0.26034155488,-0.34139457345,0.63366907835,-0.245621874928,-0.358633846045,0.591255784035,-0.274858623743,-0.358633846045
1776890922.36,0.483097732067,-0.15845425427,0.442140251398,0.484824895859,-0.153253048658,0.348070263863,0.493296861649,-0.145241290331,0.24969664216,0.500426292419,-0.139555454254,0.149987891316,0.50510263443,-0.142010763288,0.0530372411013,0.503663241863,-0.155944570899,-0.0431463867426,0.500255286694,-0.180816337466,-0.139337480068,0.493165254593,-0.213297709823,-0.23060336709,0.482159376144,-0.254653006792,-0.342210710049,0.63705343008,-0.241378650069,-0.358633846045,0.591239690781,-0.274837017059,-0.358633846045
1776890922.37,0.48684412241,-0.158111840487,0.441332280636,0.486963927746,-0.15214510262,0.34714987874,0.494947314262,-0.144310534,0.248447448015,0.501094937325,-0.138104811311,0.149346768856,0.504764318466,-0.139359533787,0.0519791021943,0.502508699894,-0.153317391872,-0.0441238880157,0.498741030693,-0.177805125713,-0.140480428934,0.490781366825,-0.210142508149,-0.23154091835,0.47920113802,-0.250877141953,-0.343514800072,0.640156745911,-0.236992627382,-0.358633846045,0.591259419918,-0.274870067835,-0.358633846045
1776890922.39,0.490337669849,-0.157997190952,0.440493345261,0.49093157053,-0.151542037725,0.345992654562,0.496770501137,-0.143475010991,0.247085243464,0.501028954983,-0.137344270945,0.147598579526,0.503523111343,-0.138089209795,0.0501625314355,0.499663829803,-0.150843039155,-0.0460364967585,0.494651913643,-0.173460274935,-0.142768591642,0.486301481724,-0.204391539097,-0.234265416861,0.474420726299,-0.243014916778,-0.346594005823,0.642964303493,-0.232471123338,-0.358633846045,0.591285824776,-0.274884283543,-0.358633846045
1776890922.4,0.495079129934,-0.158101305366,0.439702004194,0.49250203371,-0.151774510741,0.345697700977,0.497337162495,-0.143978461623,0.246758550406,0.500657737255,-0.137871980667,0.14699216187,0.501899659634,-0.139062419534,0.0497844144702,0.497898936272,-0.150718271732,-0.0468828529119,0.492628216743,-0.171911194921,-0.143552362919,0.483656466007,-0.201257392764,-0.235927373171,0.471828937531,-0.238545492291,-0.348952800035,0.645462572575,-0.227822214365,-0.358633846045,0.591329395771,-0.274859517813,-0.358633846045
1776890922.42,0.498672664165,-0.158307760954,0.438924223185,0.496237397194,-0.15324819088,0.344206035137,0.498414635658,-0.14656829834,0.245096161962,0.499357998371,-0.141643628478,0.145471870899,0.498502850533,-0.142095163465,0.0479626953602,0.493567466736,-0.15214818716,-0.0487059950829,0.48783570528,-0.170410558581,-0.146288394928,0.479060292244,-0.19645960629,-0.23935803771,0.467539131641,-0.228819027543,-0.354034811258,0.647638916969,-0.223054662347,-0.358633846045,0.591239213943,-0.274843961,-0.358633846045
1776890922.43,0.502526462078,-0.15858836472,0.438304722309,0.497742652893,-0.154098629951,0.343267083168,0.498615920544,-0.14892333746,0.244786292315,0.498537957668,-0.144403249025,0.144866734743,0.496564269066,-0.145108997822,0.0472915172577,0.491042554379,-0.154078155756,-0.049352824688,0.4852643013,-0.170846939087,-0.147121459246,0.476490795612,-0.194030702114,-0.240813791752,0.465512096882,-0.223536014557,-0.356421947479,0.64948195219,-0.218177899718,-0.358633846045,0.591343998909,-0.274894028902,-0.358633846045
1776890922.45,0.507406413555,-0.158972397447,0.437374979258,0.501105189323,-0.157071858644,0.342308521271,0.498849987984,-0.153771802783,0.243378281593,0.496219873428,-0.151700049639,0.143947988749,0.492210805416,-0.153244286776,0.0465749427676,0.48553198576,-0.159949168563,-0.0504494160414,0.479745984077,-0.172239020467,-0.149483948946,0.471858620644,-0.189787790179,-0.244595855474,0.461717545986,-0.21060089767,-0.362117081881,0.650981843472,-0.213201895356,-0.358633846045,0.591245472431,-0.274833798409,-0.358633846045
1776890922.47,0.511385262012,-0.159207075834,0.436711192131,0.502447426319,-0.158958524466,0.341970056295,0.498756527901,-0.157040849328,0.243080675602,0.494585156441,-0.156116038561,0.143204852939,0.489735841751,-0.157329544425,0.0457770824432,0.482766270638,-0.16377979517,-0.0512955635786,0.47695684433,-0.173285335302,-0.150455087423,0.469521701336,-0.18794092536,-0.246090292931,0.46060115099,-0.204365029931,-0.364394426346,0.652130126953,-0.208137020469,-0.358633846045,0.591283977032,-0.274854421616,-0.358633846045
1776890922.48,0.51497143507,-0.159283995628,0.435960531235,0.505175590515,-0.162555456161,0.341217964888,0.498950958252,-0.163772135973,0.242263257504,0.492510914803,-0.165594190359,0.142812669277,0.48559731245,-0.167875424027,0.0447871312499,0.476948559284,-0.172606706619,-0.0519986897707,0.471652090549,-0.176965102553,-0.151393026114,0.465263366699,-0.183906406164,-0.2478505373,0.457288622856,-0.190360620618,-0.367899745703,0.65292006731,-0.202994093299,-0.358633846045,0.591383457184,-0.274867117405,-0.358633846045
1776890922.49,0.518836975098,-0.159289047122,0.43500739336,0.506883919239,-0.164578318596,0.34077706933,0.499072670937,-0.167350590229,0.242263197899,0.491427958012,-0.170096680522,0.142531275749,0.483315944672,-0.173132687807,0.0454479679465,0.474660336971,-0.177063450217,-0.0507009029388,0.469425201416,-0.178755909204,-0.151761442423,0.463005721569,-0.181707367301,-0.248934566975,0.456395804882,-0.183096140623,-0.368448257446,0.653346419334,-0.1977840662,-0.358633846045,0.591289877892,-0.274880409241,-0.358633846045
1776890922.51,0.522342443466,-0.159147784114,0.434334933758,0.509887635708,-0.167828917503,0.339876830578,0.499670088291,-0.174054950476,0.241303861141,0.48964035511,-0.179516300559,0.142600387335,0.480621516705,-0.183624640107,0.0457662418485,0.470743775368,-0.18480220437,-0.0513071417809,0.465021133423,-0.181353136897,-0.151978224516,0.459619939327,-0.177826151252,-0.248212814331,0.453866958618,-0.169444859028,-0.3671631217,0.65340590477,-0.192518085241,-0.358633846045,0.591258823872,-0.274916321039,-0.358633846045
1776890922.52,0.525606751442,-0.158919140697,0.433480888605,0.511456906796,-0.169578015804,0.339863568544,0.50031042099,-0.177281349897,0.241465598345,0.489392995834,-0.183311745524,0.142433255911,0.479015886784,-0.187780633569,0.0455995425582,0.468478441238,-0.188102126122,-0.0523847192526,0.462203741074,-0.18246679008,-0.15233412385,0.458040118217,-0.175466164947,-0.24803262949,0.453039348125,-0.162721320987,-0.366788357496,0.653096854687,-0.187207266688,-0.358633846045,0.591340065002,-0.274797439575,-0.358633846045
1776890922.54,0.528254687786,-0.158597454429,0.432852834463,0.514781296253,-0.171708673239,0.339091539383,0.502205610275,-0.181775048375,0.241090923548,0.489306509495,-0.189660698175,0.14232429862,0.478555321693,-0.194187551737,0.0460511371493,0.466376543045,-0.192276149988,-0.0524584203959,0.459968626499,-0.181890279055,-0.152426451445,0.455844461918,-0.170401468873,-0.246813625097,0.450972616673,-0.149595931172,-0.364500999451,0.65241932869,-0.181862622499,-0.358633846045,0.591368019581,-0.274861097336,-0.358633846045
1776890922.55,0.531418502331,-0.158086448908,0.432153016329,0.516294717789,-0.172095358372,0.338560819626,0.503159999847,-0.183432176709,0.240933567286,0.490162551403,-0.192176833749,0.142654329538,0.478412091732,-0.196473449469,0.0457011312246,0.46599394083,-0.193606555462,-0.0516204237938,0.461387991905,-0.181027293205,-0.146871954203,0.456341803074,-0.166815847158,-0.244370937347,0.449940562248,-0.14334744215,-0.363728106022,0.651375114918,-0.176494941115,-0.358633846045,0.591239631176,-0.27486756444,-0.358633846045
1776890922.57,0.533812701702,-0.157532587647,0.43140399456,0.521856844425,-0.172271445394,0.337580233812,0.508200287819,-0.183928787708,0.239875495434,0.49403744936,-0.193696051836,0.141384571791,0.48063147068,-0.197503328323,0.0445809438825,0.467602491379,-0.192608565092,-0.0517457425594,0.460768043995,-0.175859361887,-0.147666722536,0.454570889473,-0.156588852406,-0.24336796999,0.446364998817,-0.127392470837,-0.360743761063,0.649967610836,-0.171114698052,-0.358633846045,0.591277599335,-0.274873644114,-0.358633846045
1776890922.58,0.535679399967,-0.156885698438,0.430819809437,0.521856844425,-0.172271445394,0.337580233812,0.508200287819,-0.183928787708,0.239875495434,0.49403744936,-0.193696051836,0.141384571791,0.48063147068,-0.197503328323,0.0445809438825,0.467602491379,-0.192608565092,-0.0517457425594,0.460768043995,-0.175859361887,-0.147666722536,0.454570889473,-0.156588852406,-0.24336796999,0.446364998817,-0.127392470837,-0.360743761063,0.648201882839,-0.165731936693,-0.358633846045,0.591277599335,-0.274873644114,-0.358633846045
1776890922.6,0.53739386797,-0.156025394797,0.430229991674,0.525670826435,-0.170926719904,0.33626100421,0.512233197689,-0.182227507234,0.238695770502,0.49771541357,-0.190783798695,0.140339002013,0.48434394598,-0.194398015738,0.0436130166054,0.469907045364,-0.18923895061,-0.0511948168278,0.462569653988,-0.170979842544,-0.148474127054,0.454543530941,-0.149791166186,-0.2435374856,0.444219052792,-0.117824375629,-0.360466063023,0.646084368229,-0.160356163979,-0.358633846045,0.591159105301,-0.274845838547,-0.358633846045
1776890922.61,0.538503468037,-0.155082985759,0.429760783911,0.52716678381,-0.169974803925,0.335867971182,0.514381885529,-0.180665627122,0.237982958555,0.500308454037,-0.188389331102,0.139875382185,0.486419677734,-0.192015886307,0.0432342663407,0.471231997013,-0.184955060482,-0.0537209510803,0.462723076344,-0.167257532477,-0.148547649384,0.45421820879,-0.145511910319,-0.243385761976,0.443553209305,-0.113383680582,-0.35929325223,0.643622934818,-0.154996305704,-0.358633846045,0.591201603413,-0.274815797806,-0.358633846045
1776890922.63,0.539089679718,-0.153997808695,0.42928725481,0.530337095261,-0.167505115271,0.334663808346,0.51850348711,-0.175648003817,0.236461400986,0.505481302738,-0.181676819921,0.1384781003,0.491550624371,-0.182810723782,0.0410694479942,0.475390553474,-0.176738873124,-0.0554292947054,0.465901076794,-0.158694013953,-0.150112628937,0.45509493351,-0.137487977743,-0.245307534933,0.441987633705,-0.106355786324,-0.360737681389,0.640826523304,-0.149660632014,-0.358633846045,0.591356813908,-0.27490696311,-0.358633846045
1776890922.64,0.539221763611,-0.152666434646,0.428894639015,0.531433880329,-0.165810152888,0.334284007549,0.520399808884,-0.172952190042,0.235954508185,0.507994949818,-0.177277430892,0.1374771595,0.494086027145,-0.177315339446,0.040063560009,0.479336380959,-0.1707572788,-0.0553581416607,0.467530190945,-0.154105067253,-0.151157349348,0.45537930727,-0.13338264823,-0.245435327291,0.440292179585,-0.102545507252,-0.365306168795,0.63770544529,-0.144356682897,-0.358633846045,0.591302275658,-0.274773240089,-0.358633846045
1776890922.66,0.538991272449,-0.15113966167,0.428581655025,0.533067166805,-0.16167037189,0.333203792572,0.523529291153,-0.165591076016,0.234775304794,0.512930095196,-0.167288482189,0.135711327195,0.499736964703,-0.16531445086,0.0378564074636,0.484299600124,-0.158026397228,-0.0577641129494,0.471893250942,-0.142260298133,-0.152871578932,0.457893431187,-0.124905124307,-0.248123645782,0.438756108284,-0.0989931076765,-0.366292029619,0.634270727634,-0.139091253281,-0.358633846045,0.591213226318,-0.274913966656,-0.358633846045
1776890922.67,0.538394451141,-0.149325191975,0.428452908993,0.533756673336,-0.158989802003,0.33264541626,0.525024354458,-0.161128148437,0.234143823385,0.514941096306,-0.161394894123,0.135179936886,0.502458572388,-0.158473268151,0.0371981337667,0.486843109131,-0.151331663132,-0.05722412467,0.474689602852,-0.136110633612,-0.154118210077,0.459620893002,-0.119782395661,-0.249760597944,0.438538730145,-0.0964402258396,-0.367533445358,0.630534410477,-0.133870348334,-0.358633846045,0.591251850128,-0.274929195642,-0.358633846045
1776890922.69,0.53741979599,-0.147185444832,0.428497284651,0.53420817852,-0.153196319938,0.331935763359,0.527073800564,-0.151566624641,0.233084648848,0.518965005875,-0.14878448844,0.133891284466,0.507731676102,-0.143220230937,0.0361759662628,0.492506086826,-0.135006383061,-0.0601502656937,0.479571521282,-0.12257026881,-0.155746608973,0.462161064148,-0.110290050507,-0.251279115677,0.438352942467,-0.0941012427211,-0.36835077405,0.626509010792,-0.128699123859,-0.358633846045,0.591345965862,-0.274872213602,-0.358633846045
1776890922.7,0.536182761192,-0.144623830914,0.428835719824,0.534227192402,-0.149889871478,0.33193397522,0.528280138969,-0.146423086524,0.233249396086,0.520399987698,-0.141754761338,0.133911311626,0.510490655899,-0.135539025068,0.0365184694529,0.496635556221,-0.127318322659,-0.0589383095503,0.479207158089,-0.115446522832,-0.15883281827,0.463993906975,-0.106002353132,-0.251411229372,0.438575088978,-0.0928164198995,-0.369541049004,0.622207820415,-0.123581945896,-0.358633846045,0.591299057007,-0.274870365858,-0.358633846045
1776890922.72,0.534720122814,-0.14176684618,0.429324537516,0.533502876759,-0.14303445816,0.331705272198,0.528916239738,-0.135663047433,0.232865467668,0.52281421423,-0.127380102873,0.134294748306,0.513281583786,-0.118690535426,0.0363078936934,0.500697076321,-0.111003242433,-0.0587474554777,0.484862327576,-0.102560952306,-0.156537532806,0.466379463673,-0.0973140969872,-0.252126634121,0.440505743027,-0.0903615579009,-0.369777143002,0.617644429207,-0.118522360921,-0.358633846045,0.591337323189,-0.274974912405,-0.358633846045
1776890922.73,0.532735288143,-0.138257429004,0.429977327585,0.533008992672,-0.139529272914,0.332331895828,0.528772234917,-0.130081117153,0.233395129442,0.523922324181,-0.120100751519,0.135538250208,0.514931261539,-0.110948368907,0.0373101457953,0.502373218536,-0.103686526418,-0.0579940378666,0.485366821289,-0.0958352535963,-0.158599615097,0.46739590168,-0.0931783244014,-0.251378029585,0.44200772047,-0.0891110748053,-0.369267970324,0.612832665443,-0.113523103297,-0.358633846045,0.591300308704,-0.274898588657,-0.358633846045
1776890922.75,0.530213475227,-0.133998185396,0.430619120598,0.531423270702,-0.132158368826,0.33318144083,0.528601169586,-0.11949724704,0.234567761421,0.523863375187,-0.106749095023,0.136225625873,0.517148315907,-0.0963152125478,0.0393195003271,0.504256188869,-0.0894913002849,-0.0565364807844,0.489277541637,-0.0853173285723,-0.155891418457,0.471172869205,-0.0858736857772,-0.250682175159,0.446200251579,-0.086511105299,-0.368789553642,0.607786715031,-0.108586110175,-0.358633846045,0.591275334358,-0.274821937084,-0.358633846045
1776890922.76,0.527605950832,-0.129462182522,0.431538254023,0.530254602432,-0.128018468618,0.333458065987,0.527785480022,-0.114443868399,0.235207900405,0.523738741875,-0.100354902446,0.136881232262,0.516825675964,-0.0895468592644,0.0398921296,0.505289852619,-0.082931920886,-0.0565827935934,0.489961028099,-0.0793499946594,-0.155979037285,0.47252869606,-0.082242064178,-0.25038087368,0.44836473465,-0.0851531624794,-0.368101656437,0.602520763874,-0.103712558746,-0.358633846045,0.591248452663,-0.274861574173,-0.358633846045
1776890922.78,0.525490522385,-0.125753283501,0.432272493839,0.527393341064,-0.120923161507,0.334735035896,0.525670826435,-0.105186887085,0.236591011286,0.522780239582,-0.0902367755771,0.13881765306,0.516495168209,-0.0780288502574,0.0411929488182,0.505259156227,-0.0726513788104,-0.0545677393675,0.492054641247,-0.0711310952902,-0.152962088585,0.475888073444,-0.0763619691133,-0.248886704445,0.454354286194,-0.082499243319,-0.36734482646,0.59704887867,-0.0989028885961,-0.358633846045,0.591306447983,-0.274834156036,-0.358633846045
1776890922.79,0.521903812885,-0.119288399816,0.43336302042,0.525487601757,-0.117190554738,0.33488830924,0.524282038212,-0.101190119982,0.23755787313,0.521204411983,-0.0857563465834,0.139592811465,0.515744447708,-0.0735897272825,0.0421183183789,0.504805386066,-0.0681500434875,-0.0544054210186,0.492810845375,-0.0678495466709,-0.152838081121,0.477696895599,-0.0732803195715,-0.248362660408,0.457364439964,-0.080507569015,-0.366937428713,0.591385185719,-0.0941568464041,-0.358633846045,0.591302275658,-0.274759888649,-0.358633846045
1776890922.81,0.518252372742,-0.112459041178,0.43469747901,0.521009206772,-0.109970681369,0.336524963379,0.520244717598,-0.0940837785602,0.238396406174,0.518567025661,-0.0784449875355,0.140964820981,0.513402700424,-0.0667978599668,0.0428304746747,0.504027426243,-0.0616730488837,-0.0532098561525,0.493664801121,-0.0615313313901,-0.152283966541,0.481140077114,-0.0685940533876,-0.24821344018,0.464690923691,-0.0771096199751,-0.367074489594,0.585543632507,-0.089473515749,-0.358633846045,0.591360747814,-0.27478325367,-0.358633846045
1776890922.82,0.514590084553,-0.105475485325,0.435908704996,0.521009206772,-0.109970681369,0.336524963379,0.520244717598,-0.0940837785602,0.238396406174,0.518567025661,-0.0784449875355,0.140964820981,0.513402700424,-0.0667978599668,0.0428304746747,0.504027426243,-0.0616730488837,-0.0532098561525,0.493664801121,-0.0615313313901,-0.152283966541,0.481140077114,-0.0685940533876,-0.24821344018,0.464690923691,-0.0771096199751,-0.367074489594,0.579537987709,-0.0848513692617,-0.358633846045,0.59126251936,-0.274901807308,-0.358633846045
1776890922.84,0.51068097353,-0.098052315414,0.437167584896,0.513025403023,-0.0985201224685,0.338396430016,0.512367665768,-0.0855914130807,0.240061789751,0.511030495167,-0.072905279696,0.141826197505,0.507911920547,-0.0623028278351,0.044577293098,0.50148755312,-0.057277765125,-0.0527335703373,0.495234966278,-0.0562880188227,-0.151405215263,0.487067222595,-0.0624807178974,-0.248032033443,0.476228356361,-0.069944947958,-0.368026375771,0.573381662369,-0.0802883058786,-0.358633846045,0.591305673122,-0.274797081947,-0.358633846045
1776890922.85,0.50640809536,-0.0903732553124,0.438387334347,0.510080873966,-0.0945602431893,0.339280247688,0.509036958218,-0.0830471739173,0.240874052048,0.508221030235,-0.0718883648515,0.142389521003,0.505397081375,-0.0619682259858,0.0445429384708,0.500376164913,-0.0569467768073,-0.0524967908859,0.495841681957,-0.0559046380222,-0.151136666536,0.489029586315,-0.0611498467624,-0.247973501682,0.480252563953,-0.0675369128585,-0.367675065994,0.567087888718,-0.0757817029953,-0.358633846045,0.591372787952,-0.274931699038,-0.358633846045
1776890922.87,0.502004742622,-0.0821207910776,0.43958646059,0.504111051559,-0.086917206645,0.340740799904,0.502910256386,-0.0782972201705,0.241614729166,0.501367270947,-0.070144020021,0.142743185163,0.500971913338,-0.0626621246338,0.0451499521732,0.498062431812,-0.0584246255457,-0.0524988919497,0.496769666672,-0.0562797449529,-0.150758624077,0.493083238602,-0.0593008026481,-0.248378753662,0.488659441471,-0.0611285716295,-0.368038207293,0.560669541359,-0.071328446269,-0.358633846045,0.591340601444,-0.274926394224,-0.358633846045
1776890922.88,0.497351408005,-0.0735395774245,0.440662682056,0.500732123852,-0.0830580219626,0.341443538666,0.499362468719,-0.0760351940989,0.242610991001,0.499057769775,-0.0699982121587,0.143707334995,0.498892724514,-0.0640272945166,0.0462110191584,0.496673583984,-0.0601752214134,-0.0518329888582,0.49729180336,-0.057533159852,-0.150508463383,0.495718538761,-0.0587747842073,-0.248497217894,0.493103146553,-0.0584188401699,-0.368117511272,0.554139256477,-0.0669249966741,-0.358633846045,0.59131360054,-0.274834066629,-0.358633846045
1776890922.9,0.492810249329,-0.0654257312417,0.441559314728,0.49450969696,-0.0751660317183,0.343235880136,0.493786692619,-0.0720383375883,0.243805497885,0.493079423904,-0.0685521587729,0.144151702523,0.494392991066,-0.0656032338738,0.0467436760664,0.494319498539,-0.0639797449112,-0.0505273044109,0.497743070126,-0.0595447681844,-0.150473892689,0.49957126379,-0.0578526668251,-0.247791528702,0.501734375954,-0.0524108931422,-0.366969943047,0.54750931263,-0.0625674128532,-0.358633846045,0.591261386871,-0.274780154228,-0.358633846045
1776890922.91,0.487485647202,-0.056061822921,0.442495346069,0.491444885731,-0.0712454766035,0.344021826982,0.490764737129,-0.0701243057847,0.244576007128,0.491079330444,-0.0685145035386,0.144995391369,0.492885291576,-0.0671691074967,0.0479299649596,0.493264436722,-0.0650610774755,-0.0503347665071,0.497724294662,-0.0605768449605,-0.149716317654,0.501960158348,-0.0572685785592,-0.246628552675,0.506128251553,-0.0493431426585,-0.366135418415,0.540791749954,-0.0582514218986,-0.358633846045,0.591322898865,-0.274855166674,-0.358633846045
1776890922.93,0.481676608324,-0.0459203198552,0.443205624819,0.485522985458,-0.0630673393607,0.34518891573,0.48576682806,-0.0657145828009,0.24583530426,0.486595153809,-0.0675720199943,0.146303594112,0.489338457584,-0.0684371218085,0.0491710975766,0.49147182703,-0.0671627372503,-0.0491972267628,0.498607575893,-0.0616008192301,-0.147422283888,0.505846381187,-0.0557657554746,-0.244962245226,0.514653027058,-0.0435665845871,-0.363237679005,0.533998191357,-0.0539724379778,-0.358633846045,0.59135556221,-0.274907171726,-0.358633846045
1776890922.94,0.477132618427,-0.0384484566748,0.443665891886,0.482328534126,-0.0589355453849,0.345973134041,0.483368635178,-0.0635179355741,0.246675759554,0.48498916626,-0.0667663440108,0.147080287337,0.488146722317,-0.0686342865229,0.0492920204997,0.490615904331,-0.0682896971703,-0.0477861911058,0.498799145222,-0.0615951791406,-0.14689424634,0.507992327213,-0.0547400377691,-0.243403315544,0.51898431778,-0.0412556119263,-0.361733675003,0.527140080929,-0.0497256144881,-0.358633846045,0.591344058514,-0.274900883436,-0.358633846045
1776890922.96,0.47179454565,-0.0302357301116,0.443967610598,0.476265192032,-0.0499482043087,0.346935063601,0.478325724602,-0.0576921701431,0.248248323798,0.481450676918,-0.0638555362821,0.148892313242,0.486099243164,-0.0676739364862,0.0510265305638,0.490391969681,-0.0680593624711,-0.0464899390936,0.501603782177,-0.0612943023443,-0.144547939301,0.512134432793,-0.0522655285895,-0.240574985743,0.52643507719,-0.0372626855969,-0.358614057302,0.520228683949,-0.0455058775842,-0.358633846045,0.591339766979,-0.274894297123,-0.358633846045
1776890922.97,0.466360569,-0.0224654264748,0.444040566683,0.47314876318,-0.0455244332552,0.347576767206,0.476071476936,-0.0545755550265,0.248520463705,0.479740142822,-0.0616452135146,0.149142801762,0.485237360001,-0.0665444433689,0.0524992793798,0.49083930254,-0.0675948411226,-0.0454449057579,0.502019822598,-0.0598384775221,-0.143732905388,0.514545559883,-0.0509235449135,-0.239679574966,0.529827475548,-0.0354624427855,-0.357264995575,0.513275027275,-0.0413079820573,-0.358633846045,0.591321110725,-0.274883508682,-0.358633846045
1776890922.99,0.460937768221,-0.0153576098382,0.444071263075,0.467030286789,-0.0361718907952,0.3483273983,0.47173255682,-0.0465933866799,0.249423623085,0.477012693882,-0.0556560717523,0.150411456823,0.484483718872,-0.0620446465909,0.0534414574504,0.491588354111,-0.0634345114231,-0.0440777689219,0.505583941936,-0.0565202198923,-0.142031848431,0.51915448904,-0.0474713109434,-0.237386882305,0.536827087402,-0.0316445827484,-0.354676485062,0.506289839745,-0.0371265336871,-0.358633846045,0.591399133205,-0.274803429842,-0.358633846045
1776890923,0.455532342196,-0.00883961562067,0.443830370903,0.463922858238,-0.0314809009433,0.3482401371,0.469324886799,-0.0422621183097,0.249567821622,0.475766003132,-0.052187807858,0.150846272707,0.484062254429,-0.0591124147177,0.0544832795858,0.492112874985,-0.0605423115194,-0.0435088276863,0.507571578026,-0.0546249747276,-0.14207303524,0.521719455719,-0.0459394901991,-0.236584603786,0.539859771729,-0.0307133216411,-0.354306727648,0.499283909798,-0.0329560302198,-0.358633846045,0.591240942478,-0.274842083454,-0.358633846045
1776890923.02,0.450153619051,-0.00301349093206,0.443416148424,0.457450926304,-0.0215731095523,0.348287642002,0.464870393276,-0.0327123217285,0.249729692936,0.473009943962,-0.0427906513214,0.1510720402,0.484024763107,-0.0501976683736,0.0544425994158,0.494416594505,-0.0530270300806,-0.0429532825947,0.510858952999,-0.04910582304,-0.139917820692,0.52637898922,-0.0419630222023,-0.23607134819,0.545551657677,-0.0294919740409,-0.353215515614,0.492267787457,-0.0287908986211,-0.358633846045,0.591226100922,-0.274836629629,-0.358633846045
1776890923.03,0.443882465363,0.00309224007651,0.442792981863,0.454386174679,-0.0171777494252,0.34811732173,0.462882936001,-0.0275995116681,0.249568551779,0.472298800945,-0.0375629626215,0.151061207056,0.484277963638,-0.044606577605,0.0544112846255,0.496168732643,-0.0492991618812,-0.041987106204,0.512431681156,-0.0456774793565,-0.139834076166,0.528552651405,-0.0398667342961,-0.235936045647,0.547913730145,-0.0284565296024,-0.353059977293,0.485252141953,-0.0246255323291,-0.358633846045,0.591317772865,-0.274867385626,-0.358633846045
1776890923.05,0.439803719521,0.0067158555612,0.442247241735,0.454386174679,-0.0171777494252,0.34811732173,0.462882936001,-0.0275995116681,0.249568551779,0.472298800945,-0.0375629626215,0.151061207056,0.484277963638,-0.044606577605,0.0544112846255,0.496168732643,-0.0492991618812,-0.041987106204,0.512431681156,-0.0456774793565,-0.139834076166,0.528552651405,-0.0398667342961,-0.235936045647,0.547913730145,-0.0284565296024,-0.353059977293,0.478247523308,-0.0204543285072,-0.358633846045,0.591373741627,-0.274892270565,-0.358633846045
1776890923.06,0.434772729874,0.0110199330375,0.441501259804,0.454386174679,-0.0171777494252,0.34811732173,0.462882936001,-0.0275995116681,0.249568551779,0.472298800945,-0.0375629626215,0.151061207056,0.484277963638,-0.044606577605,0.0544112846255,0.496168732643,-0.0492991618812,-0.041987106204,0.512431681156,-0.0456774793565,-0.139834076166,0.528552651405,-0.0398667342961,-0.235936045647,0.547913730145,-0.0284565296024,-0.353059977293,0.471264600754,-0.0162717178464,-0.358633846045,0.591233611107,-0.274785786867,-0.358633846045
1776890923.08,0.429926902056,0.0150015065446,0.440631777048,0.441008925438,0.00336793856695,0.346642017365,0.454284369946,-0.00151318777353,0.248053520918,0.469008743763,-0.00702209910378,0.149562433362,0.485470712185,-0.0126784658059,0.0540475621819,0.501119434834,-0.0185561366379,-0.0420802682638,0.520066916943,-0.0219632592052,-0.139263302088,0.5378049016,-0.0263865888119,-0.234914779663,0.558772861958,-0.0275887083262,-0.353606253862,0.464313983917,-0.0120722074062,-0.358633846045,0.591243684292,-0.274791479111,-0.358633846045
1776890923.09,0.424891918898,0.0190067607909,0.439597398043,0.439099788666,0.00722506921738,0.345722794533,0.45314770937,0.00356498314068,0.247646912932,0.468594133854,-0.000734491739422,0.149550125003,0.485829532146,-0.00542542664334,0.0532568842173,0.501425743103,-0.0112826591358,-0.0422331690788,0.520800828934,-0.0159590877593,-0.139898002148,0.53907096386,-0.0221895780414,-0.235292136669,0.560223460197,-0.027403563261,-0.353445649147,0.457406640053,-0.00785041321069,-0.358633846045,0.591274857521,-0.274771869183,-0.358633846045
1776890923.11,0.420370459557,0.0228330995888,0.438706427813,0.434953868389,0.0144525822252,0.344323217869,0.450768947601,0.0136319790035,0.246556922793,0.467797338963,0.0116253811866,0.149140357971,0.485780119896,0.00830480083823,0.0531373620033,0.502716839314,0.00251723872498,-0.0425010025501,0.522126853466,-0.00469240732491,-0.139423131943,0.541029274464,-0.015388449654,-0.234378069639,0.563289701939,-0.0273477137089,-0.352232038975,0.45055347681,-0.00360109820031,-0.358633846045,0.591273903847,-0.274844437838,-0.358633846045
1776890923.12,0.415981084108,0.0267273504287,0.43766617775,0.432545900345,0.0180067420006,0.344237267971,0.449300706387,0.0181941818446,0.246512457728,0.467218518257,0.0178594887257,0.14813785255,0.485898971558,0.0146574303508,0.0527944713831,0.502097845078,0.00952617172152,-0.0424887388945,0.522451400757,0.00103008700535,-0.139659792185,0.54174464941,-0.0119449971244,-0.233947724104,0.564603149891,-0.0281132757664,-0.350998461246,0.443765819073,0.000680788885802,-0.358633846045,0.591246366501,-0.274838835001,-0.358633846045
1776890923.14,0.412060618401,0.0306760501117,0.436759233475,0.428068995476,0.0247196238488,0.342887669802,0.446162223816,0.026984827593,0.245814993978,0.465851843357,0.0283100940287,0.147754967213,0.484969317913,0.0270094834268,0.0526619628072,0.502808272839,0.0210280828178,-0.0428488850594,0.522879123688,0.010788618587,-0.139516413212,0.542386949062,-0.00590331014246,-0.233184993267,0.565671503544,-0.0265224520117,-0.349579185247,0.437055051327,0.00500007346272,-0.358633846045,0.591335535049,-0.274887412786,-0.358633846045
1776890923.15,0.407990068197,0.0349287390709,0.435709685087,0.425539970398,0.0277143828571,0.342513412237,0.444349050522,0.0311276391149,0.245230197906,0.464414179325,0.0329914949834,0.147638589144,0.484241008759,0.032476760447,0.0525133311749,0.502131938934,0.0264885574579,-0.0427945405245,0.522965312004,0.0145720634609,-0.139141380787,0.542248666286,-0.0029310900718,-0.233399719,0.566265523434,-0.0254812370986,-0.348872333765,0.430432975292,0.00936131831259,-0.358633846045,0.591320693493,-0.274794667959,-0.358633846045
1776890923.17,0.403901875019,0.0400084704161,0.434671223164,0.420454919338,0.0338380970061,0.341216683388,0.439698219299,0.0384667702019,0.244309216738,0.460981547832,0.0415424257517,0.146848231554,0.481775999069,0.0413266755641,0.0521946921945,0.501180231571,0.0348707437515,-0.0430484861135,0.523034691811,0.022279119119,-0.139340788126,0.542737364769,0.00307386601344,-0.232399433851,0.566417694092,-0.0220221672207,-0.348224669695,0.423911571503,0.0137687753886,-0.358633846045,0.591307282448,-0.27485370636,-0.358633846045
1776890923.18,0.40049752593,0.0444978401065,0.433731675148,0.417735755444,0.0367315560579,0.340376079082,0.437526702881,0.0418182983994,0.243633702397,0.458875536919,0.0451742447913,0.146786600351,0.480742573738,0.0448240414262,0.0517294630408,0.500466823578,0.0385517552495,-0.0434602946043,0.5224147439,0.0252364911139,-0.139733403921,0.542327105999,0.00502229016274,-0.231995642185,0.566525280476,-0.0203817598522,-0.347680479288,0.417503118515,0.0182263478637,-0.358633846045,0.591330707073,-0.274900019169,-0.358633846045
1776890923.2,0.396936297417,0.0499136522412,0.432770609856,0.412346601486,0.0429755039513,0.339287221432,0.432104229927,0.047719180584,0.242024645209,0.454342901707,0.0508421212435,0.145116776228,0.477017223835,0.0503989160061,0.0508361905813,0.497857749462,0.0434585735202,-0.044454023242,0.521094322205,0.0298915542662,-0.140021055937,0.541687965393,0.0100091379136,-0.232544213533,0.566126763821,-0.0150944441557,-0.347882002592,0.411220312119,0.02273754403,-0.358633846045,0.591406345367,-0.274799376726,-0.358633846045
1776890923.21,0.394040107727,0.0549594908953,0.432038009167,0.409916102886,0.0457294434309,0.338572621346,0.429648637772,0.0501364581287,0.241402536631,0.451747894287,0.0527711473405,0.144802212715,0.475018799305,0.051907222718,0.0503370165825,0.496204853058,0.0449685975909,-0.0448888093233,0.520134985447,0.0319394506514,-0.139833420515,0.541056275368,0.0118882525712,-0.232445687056,0.565467894077,-0.011827214621,-0.349014908075,0.405076026917,0.0273054353893,-0.358633846045,0.591333627701,-0.274827331305,-0.358633846045
1776890923.23,0.391196638346,0.0603388436139,0.431341588497,0.405094921589,0.0515094511211,0.337341755629,0.424742817879,0.0540712475777,0.240160211921,0.446835398674,0.055181838572,0.143282443285,0.470273256302,0.0538494698703,0.04946154356,0.492202818394,0.0465818308294,-0.0460842251778,0.516198515892,0.0349154509604,-0.140585273504,0.53855150938,0.016053924337,-0.233979254961,0.564056813717,-0.00625675637275,-0.349720060825,0.39908349514,0.0319326072931,-0.358633846045,0.591287970543,-0.27486243844,-0.358633846045
1776890923.24,0.388689190149,0.0658476054668,0.430824130774,0.40329682827,0.0540887452662,0.336530029774,0.422609448433,0.0558627620339,0.239090904593,0.444098472595,0.0559192635119,0.142544656992,0.467105686665,0.0535514131188,0.0480559542775,0.48969244957,0.0464598685503,-0.0465150177479,0.514395534992,0.0352959297597,-0.141400188208,0.537072837353,0.0181606728584,-0.235338419676,0.563591063023,-0.00240963022225,-0.350493758917,0.393256247044,0.0366211123765,-0.358633846045,0.591320037842,-0.274857878685,-0.358633846045
1776890923.26,0.386491417885,0.0713416337967,0.430529117584,0.399545192719,0.0596493706107,0.335460066795,0.418330729008,0.0585722662508,0.238554209471,0.439265906811,0.0565971396863,0.14146964252,0.461484134197,0.0528149493039,0.0467007085681,0.483580946922,0.045974586159,-0.0480735301971,0.508756220341,0.0360876694322,-0.143620491028,0.532867908478,0.0217238720506,-0.236597269773,0.56141012907,0.0058447048068,-0.352054864168,0.3876080513,0.0413724333048,-0.358633846045,0.591216504574,-0.274858236313,-0.358633846045
1776890923.27,0.384945958853,0.0762438550591,0.430489510298,0.397997736931,0.0619147494435,0.335454106331,0.416249454021,0.0597775503993,0.238333627582,0.436906099319,0.0564359128475,0.140682443976,0.458710491657,0.0521897152066,0.0461117327213,0.479997694492,0.0447059832513,-0.0489269196987,0.505828082561,0.0358562879264,-0.143894165754,0.530173778534,0.0233260542154,-0.236917823553,0.559605240822,0.0100502036512,-0.353114187717,0.382152795792,0.0461874268949,-0.358633846045,0.591320037842,-0.274997651577,-0.358633846045
1776890923.29,0.3837659657,0.0809336081147,0.430664509535,0.395465731621,0.0666685402393,0.334707170725,0.412772774696,0.0615579113364,0.237566530704,0.431786596775,0.0560695789754,0.139736905694,0.452708482742,0.0497570484877,0.0454644262791,0.47314620018,0.043465655297,-0.0504816025496,0.498676717281,0.0362530760467,-0.145701020956,0.524092495441,0.0273483507335,-0.238519459963,0.55559027195,0.0195327792317,-0.354393303394,0.376904606819,0.0510662943125,-0.358633846045,0.591344177723,-0.274701446295,-0.358633846045
1776890923.3,0.382928401232,0.0863296017051,0.431167393923,0.392579257488,0.0709461793303,0.335260570049,0.408948898315,0.0638136267662,0.23730841279,0.427005767822,0.0553381368518,0.139777064323,0.446537137032,0.0485181547701,0.0452384203672,0.466557860374,0.0415478311479,-0.0502451956272,0.492171764374,0.0360782518983,-0.145381271839,0.517928779125,0.0313002578914,-0.239226996899,0.550239920616,0.0283520594239,-0.354756653309,0.371877610683,0.056008528918,-0.358633846045,0.591219544411,-0.274815529585,-0.358633846045
1776890923.32,0.382777184248,0.0892896428704,0.431663393974,0.391686618328,0.0730220377445,0.334968030453,0.407201588154,0.0645199045539,0.237705290318,0.424847841263,0.0558286160231,0.140190109611,0.443925380707,0.0479492731392,0.0453100726008,0.463397681713,0.0411141887307,-0.0502723008394,0.48881316185,0.0373969934881,-0.145754396915,0.514506816864,0.033799238503,-0.239565700293,0.547067344189,0.0326965153217,-0.354845166206,0.367086052895,0.0610129013658,-0.358633846045,0.591150224209,-0.274730592966,-0.358633846045
1776890923.33,0.382964283228,0.0926140770316,0.432473927736,0.390540361404,0.0751427188516,0.335821866989,0.405862689018,0.0658179223537,0.237519949675,0.422066986561,0.0569127462804,0.139918670058,0.44104373455,0.0479401089251,0.0455077141523,0.459951877594,0.0414204262197,-0.0504755675793,0.485720038414,0.0377696380019,-0.145368874073,0.511336147785,0.0361813269556,-0.239772677422,0.543535470963,0.0371238291264,-0.355174958706,0.362543940544,0.0660773962736,-0.358633846045,0.591246247292,-0.274780035019,-0.358633846045
1776890923.35,0.383652001619,0.095249414444,0.433482050896,0.389551341534,0.0790148079395,0.335969090462,0.402726054192,0.0685396268964,0.238410621881,0.41764074564,0.0582327917218,0.14056815207,0.435573101044,0.0495812445879,0.0455184578896,0.454153358936,0.0431387871504,-0.0503586530685,0.47915494442,0.0418511256576,-0.146397441626,0.50419151783,0.041717518121,-0.240118354559,0.535009086132,0.0462158024311,-0.355292767286,0.358265221119,0.0711992233992,-0.358633846045,0.591323494911,-0.274789571762,-0.358633846045
1776890923.36,0.384739726782,0.0973113775253,0.434684991837,0.389228701591,0.0810476318002,0.336624294519,0.401492416859,0.0702986642718,0.238702252507,0.415697574615,0.0600771009922,0.140780463815,0.432814478874,0.0513515025377,0.0450324416161,0.451411724091,0.0447576120496,-0.0499032884836,0.476093351841,0.0438612885773,-0.145797789097,0.500128388405,0.0451968759298,-0.240424543619,0.530421793461,0.0502326451242,-0.356080591679,0.354263424873,0.0763747617602,-0.358633846045,0.591268658638,-0.274856209755,-0.358633846045
1776890923.38,0.386469125748,0.0992157161236,0.436227530241,0.389192581177,0.0841399133205,0.338148415089,0.400343358517,0.0737894847989,0.239737480879,0.412703573704,0.0638654306531,0.141387403011,0.428950726986,0.0555792562664,0.046818844974,0.445832073689,0.0500989221036,-0.0499287247658,0.469165146351,0.0497212670743,-0.145786046982,0.492036223412,0.0519274435937,-0.24085894227,0.520757734776,0.0581367611885,-0.356856644154,0.350551784039,0.0815996006131,-0.358633846045,0.591377496719,-0.274858295918,-0.358633846045
1776890923.39,0.388528048992,0.100537955761,0.437851428986,0.390005111694,0.0857423841953,0.338850170374,0.40014398098,0.0759457945824,0.240335062146,0.412191808224,0.0662551820278,0.142179980874,0.427568852901,0.0583657063544,0.0467773377895,0.443813979626,0.0532887428999,-0.0496018081903,0.465710103512,0.0536840632558,-0.146204084158,0.487557828426,0.055774487555,-0.241174012423,0.515383064747,0.0622132718563,-0.357236474752,0.347142755985,0.0868684723973,-0.358633846045,0.591232001781,-0.27483817935,-0.358633846045
1776890923.41,0.390998601913,0.101599529386,0.439663231373,0.392026782036,0.0887539237738,0.340548455715,0.40102905035,0.080266289413,0.241664648056,0.411399424076,0.0720057785511,0.143745422363,0.424772977829,0.0662840977311,0.0473849624395,0.438760042191,0.0619579851627,-0.0497303754091,0.458793759346,0.0623429343104,-0.146722435951,0.478969752789,0.0636732801795,-0.241870254278,0.503829479218,0.0688643231988,-0.358489990234,0.344048321247,0.0921753272414,-0.358633846045,0.591322541237,-0.27466827631,-0.358633846045
1776890923.42,0.393844217062,0.102401815355,0.441638380289,0.393359363079,0.0903234556317,0.341583490372,0.401798129082,0.083106637001,0.242796242237,0.411507546902,0.0764729008079,0.143674641848,0.423825621605,0.0709291771054,0.0477355793118,0.436554968357,0.0666504427791,-0.0490065813065,0.45549505949,0.0672798976302,-0.146455287933,0.474140167236,0.0679605454206,-0.241852194071,0.497965693474,0.0722504630685,-0.359119713306,0.341279447079,0.0975133180618,-0.358633846045,0.591216206551,-0.274738579988,-0.358633846045
1776890923.44,0.396335333586,0.102868758142,0.443213492632,0.397061705589,0.0939573049545,0.34323912859,0.404527902603,0.0886734798551,0.244654506445,0.412293791771,0.0846215561032,0.14597016573,0.422121524811,0.0811998546124,0.0488065481186,0.432737827301,0.0776631236076,-0.0481410771608,0.448292195797,0.0772924274206,-0.145884722471,0.464350581169,0.0770123228431,-0.241959631443,0.48533308506,0.0782479792833,-0.360066831112,0.338846325874,0.102874830365,-0.358633846045,0.591398894787,-0.274787694216,-0.358633846045
1776890923.45,0.400466144085,0.103493928909,0.44568413496,0.398944556713,0.0957631543279,0.344851195812,0.405720829964,0.0917592346668,0.246074557304,0.413210511208,0.0887161418796,0.146919384599,0.422390878201,0.0858317762613,0.0501411482692,0.430633306503,0.0836815685034,-0.0470376908779,0.44534599781,0.0828415155411,-0.14572545886,0.459819555283,0.0817079395056,-0.241706997156,0.478625178337,0.0818433687091,-0.360087603331,0.336757838726,0.108251534402,-0.358633846045,0.591246545315,-0.274917900562,-0.358633846045
1776890923.47,0.40394076705,0.103894852102,0.44749891758,0.403103172779,0.0993888378143,0.347544491291,0.409009277821,0.0986286476254,0.248336076736,0.414992153645,0.0978823378682,0.149284332991,0.422207176685,0.0970512256026,0.0524491220713,0.428168118,0.0951727032661,-0.0455650836229,0.43938523531,0.0942693352699,-0.144999355078,0.45046800375,0.090550146997,-0.241016358137,0.464221537113,0.0878338962793,-0.359712839127,0.335021734238,0.113634467125,-0.358633846045,0.591094017029,-0.274823337793,-0.358633846045
1776890923.48,0.40816655755,0.104422084987,0.449523955584,0.405265271664,0.101260565221,0.348866671324,0.41047924757,0.102072171867,0.24978248775,0.4165148139,0.102274693549,0.150528982282,0.422454059124,0.102475263178,0.0532971471548,0.427080512047,0.100902102888,-0.0443071424961,0.436374127865,0.0991801470518,-0.143164902925,0.445390284061,0.0953007414937,-0.240220725536,0.4570505023,0.0909273400903,-0.35934266448,0.333644390106,0.119014054537,-0.358633846045,0.591127753258,-0.274804353714,-0.358633846045
1776890923.5,0.411945819855,0.104991078377,0.451007515192,0.409449338913,0.104838803411,0.35168710351,0.413884937763,0.108519606292,0.252402961254,0.417992889881,0.111162960529,0.153606683016,0.422593533993,0.112526588142,0.0559798106551,0.425476670265,0.111614704132,-0.0418536514044,0.431384861469,0.109396986663,-0.141572386026,0.436597287655,0.103762313724,-0.237226933241,0.441480875015,0.0982668623328,-0.358245909214,0.332630574703,0.124380216002,-0.358633846045,0.591313302517,-0.27484229207,-0.358633846045
1776890923.51,0.416377276182,0.105869375169,0.45248234272,0.411511301994,0.106631718576,0.35318800807,0.415442883968,0.111445583403,0.253643274307,0.419223487377,0.11516585201,0.154340773821,0.423142373562,0.117357499897,0.057483330369,0.424435973167,0.11637198925,-0.0406103879213,0.428196072578,0.113934822381,-0.139634847641,0.431529939175,0.107654646039,-0.236325800419,0.433989167213,0.101368196309,-0.357159107924,0.331983745098,0.129722446203,-0.358633846045,0.591274797916,-0.274846255779,-0.358633846045
1776890923.53,0.420600414276,0.106929033995,0.453443825245,0.416553497314,0.109644524753,0.35507017374,0.419144153595,0.116800524294,0.25595292449,0.421329557896,0.122111037374,0.156839847565,0.423224031925,0.125759854913,0.0598165988922,0.421841919422,0.125663846731,-0.038456633687,0.422484099865,0.123179525137,-0.137600004673,0.421834051609,0.115472540259,-0.234753608704,0.418302297592,0.108948871493,-0.35490450263,0.331705391407,0.135029956698,-0.358633846045,0.591203153133,-0.274817764759,-0.358633846045
1776890923.54,0.424942612648,0.108271919191,0.454192966223,0.418895483017,0.111083157361,0.356042385101,0.420809268951,0.118982210755,0.257119208574,0.422240436077,0.125518962741,0.15816603601,0.423100650311,0.129502236843,0.0608273297548,0.420691907406,0.128975361586,-0.0371976941824,0.419976830482,0.127051234245,-0.136843502522,0.416622161865,0.119797378778,-0.233927935362,0.410467028618,0.112569026649,-0.353507339954,0.33179551363,0.140291705728,-0.358633846045,0.59154188633,-0.274964690208,-0.358633846045
1776890923.56,0.429283201694,0.109869487584,0.454344630241,0.423634648323,0.113841615617,0.357756763697,0.424753546715,0.122363492846,0.258108615875,0.42473757267,0.130050987005,0.159487277269,0.422398865223,0.13517716527,0.0625406205654,0.417797327042,0.135630175471,-0.0352541804314,0.413550436497,0.134535625577,-0.135162889957,0.405848622322,0.12776902318,-0.231744557619,0.395920157433,0.120977394283,-0.351156204939,0.332252383232,0.145496562123,-0.358633846045,0.591737806797,-0.274904072285,-0.358633846045
1776890923.57,0.433729588985,0.111761212349,0.454321175814,0.42649936676,0.114866308868,0.357954978943,0.426639616489,0.123710438609,0.258505880833,0.425177931786,0.13182656467,0.160288229585,0.422647416592,0.136731982231,0.0632008314133,0.415345728397,0.139001339674,-0.0338539034128,0.409632980824,0.137413024902,-0.133501887321,0.40039652586,0.13188137114,-0.231073856354,0.388681352139,0.124948009849,-0.350281238556,0.33307236433,0.150633409619,-0.358633846045,0.591584324837,-0.275275319815,-0.358633846045
1776890923.59,0.438141286373,0.113890215755,0.453702390194,0.431960821152,0.117436096072,0.357943475246,0.429951190948,0.125911846757,0.259265303612,0.42655813694,0.133932858706,0.160573035479,0.421570122242,0.140281125903,0.0635087490082,0.411477327347,0.142594665289,-0.0333157032728,0.402243435383,0.143032103777,-0.132351905107,0.390032112598,0.138701587915,-0.229387193918,0.374335706234,0.134691208601,-0.348605781794,0.334250211716,0.155691280961,-0.358633846045,0.592013716698,-0.275783121586,-0.358633846045
1776890923.6,0.442878425121,0.116527527571,0.452720761299,0.431960821152,0.117436096072,0.357943475246,0.429951190948,0.125911846757,0.259265303612,0.42655813694,0.133932858706,0.160573035479,0.421570122242,0.140281125903,0.0635087490082,0.411477327347,0.142594665289,-0.0333157032728,0.402243435383,0.143032103777,-0.132351905107,0.390032112598,0.138701587915,-0.229387193918,0.374335706234,0.134691208601,-0.348605781794,0.335779070854,0.16065941751,-0.358633846045,0.591201364994,-0.27470523119,-0.358633846045
1776890923.62,0.447228163481,0.119256332517,0.451248198748,0.434204816818,0.11844085902,0.358180880547,0.431768000126,0.126600220799,0.259089827538,0.427011013031,0.134682416916,0.160762608051,0.420562148094,0.140766769648,0.0635117217898,0.408812701702,0.144601494074,-0.0338115543127,0.39861780405,0.145440533757,-0.132621318102,0.384123206139,0.143214061856,-0.231170475483,0.367958128452,0.13875849545,-0.348201662302,0.337650299072,0.165527448058,-0.358633846045,0.592329204082,-0.276113927364,-0.358633846045
1776890923.63,0.451590210199,0.122284814715,0.449521541595,0.438913166523,0.121226847172,0.357388317585,0.434345960617,0.128189310431,0.258285671473,0.427495598793,0.135649517179,0.159535884857,0.418319225311,0.142097875476,0.062853820622,0.404076576233,0.145931959152,-0.03321801126,0.391225397587,0.149327084422,-0.13251376152,0.374858081341,0.147923886776,-0.228268504143,0.354939639568,0.148011565208,-0.34693685174,0.33985388279,0.170285463333,-0.358633846045,0.592402696609,-0.276490300894,-0.358633846045
1776890923.65,0.455923169851,0.125529900193,0.447314620018,0.444301784039,0.12561313808,0.354813694954,0.436717927456,0.13101567328,0.255896627903,0.426143586636,0.136650443077,0.15740403533,0.41387462616,0.142251595855,0.0610674619675,0.396435081959,0.147327110171,-0.0353204011917,0.379875957966,0.152689963579,-0.132776170969,0.360694050789,0.155021250248,-0.228405594826,0.336954951286,0.162098884583,-0.346406728029,0.342378437519,0.174924075603,-0.358633846045,0.5894562006,-0.274896383286,-0.358633846045
1776890923.66,0.46029779315,0.129010543227,0.445007830858,0.445776760578,0.127265393734,0.353397607803,0.437062501907,0.131760284305,0.25485265255,0.425710678101,0.136609837413,0.156862422824,0.411886751652,0.141938850284,0.0601385980844,0.393572092056,0.147290691733,-0.0353962033987,0.376237332821,0.153562217951,-0.133742660284,0.355945825577,0.157708346844,-0.228804260492,0.331345379353,0.167088359594,-0.346500515938,0.345211207867,0.179434582591,-0.358633846045,0.58727312088,-0.273896217346,-0.358633846045
1776890923.68,0.463994324207,0.132059216499,0.442674070597,0.448528647423,0.130662307143,0.350957334042,0.436825454235,0.133751615882,0.252338945866,0.422941625118,0.137583509088,0.154110461473,0.40827703476,0.141732990742,0.0583170577884,0.388401031494,0.148420780897,-0.0365155041218,0.36928075552,0.155984863639,-0.134807795286,0.348220705986,0.162972658873,-0.229091703892,0.321464389563,0.176439538598,-0.347174614668,0.348338484764,0.183808982372,-0.358633846045,0.58111166954,-0.271357089281,-0.358633846045
1776890923.69,0.468825608492,0.136019214988,0.439476519823,0.44984459877,0.132253199816,0.349584817886,0.437158226967,0.134722843766,0.251000106335,0.422091245651,0.1379339993,0.15283742547,0.406053423882,0.142409697175,0.0570161268115,0.385572552681,0.148810595274,-0.0370443463326,0.366112709045,0.158902317286,-0.13302141428,0.345151484013,0.166060879827,-0.228805094957,0.315811783075,0.181247860193,-0.347146898508,0.351745545864,0.188040003181,-0.358633846045,0.576839029789,-0.269778251648,-0.358633846045
1776890923.71,0.473178327084,0.139367997646,0.436604827642,0.452955365181,0.136392772198,0.346251606941,0.436927199364,0.137409940362,0.248246282339,0.419843673706,0.139505133033,0.150594800711,0.401620149612,0.143544003367,0.0548506081104,0.380119919777,0.150113135576,-0.03895573318,0.359849214554,0.161425605416,-0.135794520378,0.337342679501,0.171497881413,-0.230183184147,0.307417362928,0.188982486725,-0.347935080528,0.355417013168,0.192121237516,-0.358633846045,0.566348075867,-0.267139881849,-0.358633846045
1776890923.72,0.47750300169,0.142489597201,0.433582156897,0.454333305359,0.138425752521,0.344577163458,0.437544465065,0.139124393463,0.246573358774,0.418659210205,0.141106754541,0.149104133248,0.399620652199,0.14451558888,0.0537169352174,0.377848625183,0.151324942708,-0.0415072292089,0.356964409351,0.162759363651,-0.136991411448,0.33372849226,0.174065336585,-0.230896174908,0.30353525281,0.192220941186,-0.347451865673,0.359336912632,0.196047112346,-0.358633846045,0.5600720644,-0.265736907721,-0.358633846045
1776890923.74,0.4818533957,0.145315036178,0.430531680584,0.457901299,0.142744749784,0.340836822987,0.438008964062,0.142704814672,0.243717610836,0.417317271233,0.144087433815,0.146572902799,0.396390259266,0.148206681013,0.0515285283327,0.373307168484,0.15531720221,-0.0421784967184,0.35109525919,0.167647913098,-0.137872248888,0.326757669449,0.179988324642,-0.23208874464,0.295440375805,0.198378220201,-0.348951429129,0.363488852978,0.199812889099,-0.358633846045,0.545913994312,-0.262393027544,-0.358633846045
1776890923.75,0.48620402813,0.14764611423,0.427420705557,0.459754407406,0.14523370564,0.338956058025,0.438938975334,0.144797831774,0.241908818483,0.416824638844,0.146381467581,0.145363286138,0.394691586494,0.150483846664,0.0517033711076,0.37105256319,0.157536312938,-0.0431746691465,0.348343074322,0.170039519668,-0.138535916805,0.323856443167,0.182855054736,-0.232606440783,0.292186975479,0.202954292297,-0.35016605258,0.367856383324,0.203414708376,-0.358633846045,0.538563847542,-0.260652750731,-0.358633846045
1776890923.77,0.490590631962,0.149496749043,0.424417585135,0.463725090027,0.149845868349,0.335366427898,0.441002249718,0.150032967329,0.238824367523,0.416721284389,0.151832431555,0.142143309116,0.392129778862,0.156762421131,0.0489525571465,0.366124033928,0.163535386324,-0.0449051707983,0.344203531742,0.175344541669,-0.139885127544,0.316340476274,0.186704710126,-0.235363662243,0.287076205015,0.20858027041,-0.351217329502,0.372422873974,0.206849530339,-0.358633846045,0.522582054138,-0.255684375763,-0.358633846045
1776890923.78,0.494879543781,0.150772631168,0.421323299408,0.465562880039,0.151958048344,0.333384335041,0.441983878613,0.153374880552,0.236789703369,0.417331516743,0.154696837068,0.140886485577,0.39221060276,0.160038068891,0.0473258793354,0.365061283112,0.16651327908,-0.0465335249901,0.342052817345,0.179117292166,-0.139369308949,0.315446764231,0.192470267415,-0.233970284462,0.285108685493,0.210980787873,-0.351056963205,0.377172112465,0.210115119815,-0.358633846045,0.514279186726,-0.252763390541,-0.358633846045
1776890923.8,0.499110072851,0.151658162475,0.418426573277,0.470222353935,0.156411752105,0.32930997014,0.445165634155,0.159364432096,0.233345657587,0.418397545815,0.162688374519,0.137808963656,0.391751468182,0.167581245303,0.0444199740887,0.363792657852,0.174505457282,-0.0481388270855,0.338755846024,0.186320200562,-0.141968071461,0.311847001314,0.198770031333,-0.235847473145,0.280204325914,0.214622467756,-0.354111045599,0.382087945938,0.21321003139,-0.358633846045,0.496772050858,-0.24620705843,-0.358633846045
1776890923.81,0.503267943859,0.152176707983,0.41566029191,0.47234249115,0.158282577991,0.327604651451,0.446656763554,0.16235101223,0.231888800859,0.419000029564,0.166803911328,0.136630371213,0.39189273119,0.172602519393,0.0435754582286,0.362700223923,0.180487170815,-0.0475538372993,0.337125837803,0.192478567362,-0.14039337635,0.310669988394,0.200546458364,-0.237508416176,0.277773797512,0.216763913631,-0.355220794678,0.387154817581,0.216133520007,-0.358633846045,0.487377226353,-0.242581263185,-0.358633846045
1776890923.83,0.507170855999,0.152493059635,0.412961363792,0.440501630306,0.122553825378,0.356964468956,0.435286164284,0.1292783916,0.257973015308,0.427301585674,0.136050894856,0.159168705344,0.416941702366,0.142063826323,0.0629411563277,0.401630222797,0.146642565727,-0.0338581055403,0.386993467808,0.150433689356,-0.132337063551,0.368967592716,0.150823488832,-0.229560434818,0.348852813244,0.152759492397,-0.346901744604,0.392357766628,0.218885481358,-0.358633846045,0.469314455986,-0.234844073653,-0.358633846045
1776890923.84,0.510846734047,0.152735427022,0.41061553359,0.440501630306,0.122553825378,0.356964468956,0.435286164284,0.1292783916,0.257973015308,0.427301585674,0.136050894856,0.159168705344,0.416941702366,0.142063826323,0.0629411563277,0.401630222797,0.146642565727,-0.0338581055403,0.386993467808,0.150433689356,-0.132337063551,0.368967592716,0.150823488832,-0.229560434818,0.348852813244,0.152759492397,-0.346901744604,0.39768242836,0.221466422081,-0.358633846045,0.459957122803,-0.230439960957,-0.358633846045
1776890923.86,0.514108598232,0.153015136719,0.408383697271,0.440501630306,0.122553825378,0.356964468956,0.435286164284,0.1292783916,0.257973015308,0.427301585674,0.136050894856,0.159168705344,0.416941702366,0.142063826323,0.0629411563277,0.401630222797,0.146642565727,-0.0338581055403,0.386993467808,0.150433689356,-0.132337063551,0.368967592716,0.150823488832,-0.229560434818,0.348852813244,0.152759492397,-0.346901744604,0.403115332127,0.223877355456,-0.358633846045,0.441740453243,-0.220994219184,-0.358633846045
1776890923.87,0.516883194447,0.153448462486,0.406432539225,0.440501630306,0.122553825378,0.356964468956,0.435286164284,0.1292783916,0.257973015308,0.427301585674,0.136050894856,0.159168705344,0.416941702366,0.142063826323,0.0629411563277,0.401630222797,0.146642565727,-0.0338581055403,0.386993467808,0.150433689356,-0.132337063551,0.368967592716,0.150823488832,-0.229560434818,0.348852813244,0.152759492397,-0.346901744604,0.408643722534,0.226119741797,-0.358633846045,0.433002650738,-0.21568351984,-0.358633846045
1776890923.89,0.519185125828,0.154214814305,0.404833912849,0.440501630306,0.122553825378,0.356964468956,0.435286164284,0.1292783916,0.257973015308,0.427301585674,0.136050894856,0.159168705344,0.416941702366,0.142063826323,0.0629411563277,0.401630222797,0.146642565727,-0.0338581055403,0.386993467808,0.150433689356,-0.132337063551,0.368967592716,0.150823488832,-0.229560434818,0.348852813244,0.152759492397,-0.346901744604,0.414255857468,0.228195369244,-0.358633846045,0.416276156902,-0.205619007349,-0.358633846045
1776890923.9,0.520899236202,0.155325308442,0.403448671103,0.493292450905,0.169677108526,0.312934339046,0.46705520153,0.184021368623,0.218154132366,0.439385175705,0.198026150465,0.124170079827,0.410590648651,0.21174120903,0.0336294099689,0.380366265774,0.218362733722,-0.0596023947001,0.347308695316,0.221951082349,-0.155542820692,0.314777135849,0.224321320653,-0.24791097641,0.274859428406,0.226147904992,-0.360659480095,0.419940769672,0.230106338859,-0.358633846045,0.408253192902,-0.201100692153,-0.358633846045
1776890923.92,0.521818757057,0.156618744135,0.402544409037,0.497373104095,0.171341150999,0.310579359531,0.472878694534,0.186233580112,0.215002268553,0.446708679199,0.200702279806,0.121009044349,0.418865919113,0.214851334691,0.0294435545802,0.384812414646,0.224466145039,-0.0612501949072,0.354819476604,0.229627177119,-0.155037522316,0.319582551718,0.227768659592,-0.248477637768,0.27767932415,0.22899915278,-0.36258161068,0.425688564777,0.231854960322,-0.358633846045,0.39349257946,-0.193258419633,-0.358633846045
1776890923.93,0.522395074368,0.15925359726,0.401432931423,0.499237298965,0.172220796347,0.309356451035,0.475659310818,0.186890810728,0.213811457157,0.450267314911,0.201872706413,0.119382403791,0.422616899014,0.215945780277,0.0277572646737,0.39460426569,0.221372246742,-0.0677295476198,0.358400046825,0.230919808149,-0.156436234713,0.322085797787,0.22954928875,-0.249122172594,0.279680103064,0.230796992779,-0.363565951586,0.431490182877,0.233443647623,-0.358633846045,0.386674582958,-0.189510643482,-0.358633846045
1776890923.95,0.52215051651,0.162203878164,0.400723844767,0.495339512825,0.170739874244,0.31139588356,0.469850063324,0.185435965657,0.216823130846,0.443700671196,0.199794277549,0.122827105224,0.415410995483,0.212666764855,0.0301241800189,0.382903337479,0.221213743091,-0.0601382255554,0.35192579031,0.226610273123,-0.15445536375,0.31727835536,0.225514218211,-0.248093724251,0.276278406382,0.228308483958,-0.361888408661,0.437337517738,0.234874889255,-0.358633846045,0.400689721107,-0.197008550167,-0.358633846045
1776890923.96,0.521455824375,0.165260523558,0.40026140213,0.503236114979,0.175392791629,0.306269466877,0.482608020306,0.189150944352,0.210309937596,0.460497438908,0.204077035189,0.115878850222,0.433778345585,0.216832280159,0.0225966051221,0.40012794733,0.227061226964,-0.0673347860575,0.368726968765,0.231806248426,-0.162710756063,0.331778943539,0.232245966792,-0.254881978035,0.287866383791,0.235153615475,-0.367263644934,0.443223237991,0.23615115881,-0.358633846045,0.368898689747,-0.177965149283,-0.358633846045
1776890923.98,0.519903481007,0.16991341114,0.399897128344,0.50458419323,0.178194448352,0.304991453886,0.485910594463,0.190424576402,0.208104088902,0.464296162128,0.202747672796,0.112653769553,0.44063347578,0.214517056942,0.0190511867404,0.409955322742,0.223067760468,-0.0734410583973,0.376816868782,0.231036216021,-0.166339576244,0.340908885002,0.239805400372,-0.253024488688,0.295228749514,0.238364338875,-0.370740354061,0.449140906334,0.237274855375,-0.358633846045,0.359921634197,-0.170645698905,-0.358633846045
1776890923.99,0.518022537231,0.174633458257,0.399727076292,0.504489839077,0.179675102234,0.304079890251,0.486745774746,0.190629884601,0.207372546196,0.466461539268,0.2017865628,0.111278064549,0.443215072155,0.212607488036,0.0165057107806,0.412546992302,0.221025839448,-0.0757245123386,0.381237149239,0.229546755552,-0.168261110783,0.345009684563,0.237585127354,-0.256016284227,0.299102842808,0.240465566516,-0.372636139393,0.455084860325,0.238248243928,-0.358633846045,0.3558152318,-0.167318671942,-0.358633846045
1776890924.01,0.515227675438,0.18074426055,0.399672269821,0.503667712212,0.183419123292,0.303505539894,0.487928628922,0.191763177514,0.205763369799,0.469754099846,0.200129777193,0.109139040112,0.448648750782,0.209254264832,0.0149979293346,0.418894171715,0.218822315335,-0.0764885246754,0.388569891453,0.228018224239,-0.170240044594,0.354848980904,0.236332252622,-0.261979371309,0.308754444122,0.244514226913,-0.37751558423,0.461050033569,0.23907341063,-0.358633846045,0.349165022373,-0.162795841694,-0.358633846045
1776890924.02,0.512247145176,0.186409503222,0.399820744991,0.503050029278,0.185026690364,0.303372442722,0.487963199615,0.192221283913,0.20543295145,0.470557510853,0.199074447155,0.108264401555,0.450469195843,0.206998005509,0.0133017450571,0.42237496376,0.215801373124,-0.0800978839397,0.393831849098,0.225656658411,-0.173498094082,0.359460890293,0.23539608717,-0.265045672655,0.314028710127,0.245684668422,-0.379197448492,0.467032074928,0.239752233028,-0.358633846045,0.346621870995,-0.16110740602,-0.358633846045
1776890924.04,0.508628129959,0.192508637905,0.400100588799,0.500458478928,0.189985662699,0.303011775017,0.487255394459,0.193492695689,0.204663008451,0.471978604794,0.197930574417,0.106612816453,0.454237580299,0.203332737088,0.011647567153,0.429897248745,0.211457028985,-0.0820912271738,0.401912152767,0.221938252449,-0.17725455761,0.369065225124,0.232475936413,-0.26869776845,0.328348964453,0.249488383532,-0.379918605089,0.473026990891,0.240286290646,-0.358633846045,0.343159615993,-0.158021211624,-0.358633846045
1776890924.05,0.505198478699,0.197752505541,0.400478303432,0.502289533615,0.174019515514,0.307306289673,0.480520963669,0.188792854548,0.21130079031,0.457040369511,0.203867703676,0.117346554995,0.429968595505,0.216562435031,0.0247994363308,0.394159972668,0.225454941392,-0.0664879530668,0.365356147289,0.232207909226,-0.160133749247,0.328374773264,0.232595548034,-0.253348380327,0.28520950675,0.233521223068,-0.365485519171,0.479031443596,0.240676864982,-0.358633846045,0.374433457851,-0.182091459632,-0.358633846045
1776890924.07,0.501523196697,0.202643468976,0.40102788806,0.495720744133,0.197383418679,0.302917003632,0.484560728073,0.196552187204,0.204333513975,0.471372008324,0.197113528848,0.106142759323,0.456149756908,0.200277611613,0.0106659904122,0.435754776001,0.206855863333,-0.085037574172,0.412316977978,0.219150960445,-0.179927617311,0.384390056133,0.23405611515,-0.271051079035,0.350744366646,0.250270009041,-0.38827034831,0.485042214394,0.240924954414,-0.358633846045,0.342254042625,-0.155152976513,-0.358633846045
1776890924.08,0.497750729322,0.207043305039,0.401848047972,0.49317830801,0.200342446566,0.303333938122,0.482509493828,0.198493078351,0.204816862941,0.470791041851,0.197723150253,0.106223091483,0.456325113773,0.200163379312,0.010500960052,0.436430752277,0.206948146224,-0.0843292027712,0.415448606014,0.218115523458,-0.181730180979,0.391252577305,0.231595605612,-0.274740040302,0.358985960484,0.250890403986,-0.390403419733,0.491056442261,0.241031169891,-0.358633846045,0.34234893322,-0.154606834054,-0.358633846045
1776890924.1,0.49407684803,0.21045795083,0.402789711952,0.488645076752,0.206021502614,0.303931415081,0.479012846947,0.20276388526,0.205478876829,0.468358337879,0.200678572059,0.106653124094,0.455733776093,0.201812416315,0.0101586580276,0.438541948795,0.206418827176,-0.0852772891521,0.42243117094,0.218150213361,-0.182613492012,0.402657866478,0.231944590807,-0.277225613594,0.377343952656,0.252595335245,-0.393110245466,0.497071325779,0.240995764732,-0.358633846045,0.344108819962,-0.154563352466,-0.358633846045
1776890924.11,0.491022109985,0.212713390589,0.403783112764,0.486476778984,0.208633556962,0.304659068584,0.477073788643,0.205318897963,0.205293625593,0.466910123825,0.203075602651,0.106819778681,0.455812335014,0.203098148108,0.0101952180266,0.441145479679,0.207391366363,-0.085498213768,0.425554215908,0.218643337488,-0.183108508587,0.40860915184,0.231323495507,-0.279019057751,0.386724591255,0.250740408897,-0.395319908857,0.503084182739,0.240818679333,-0.358633846045,0.344909071922,-0.155304372311,-0.358633846045
1776890924.13,0.487447977066,0.213965803385,0.405193477869,0.480986952782,0.21388591826,0.305699467659,0.472263157368,0.211375489831,0.206719219685,0.463474810123,0.20876647532,0.107610590756,0.454682588577,0.208742424846,0.0110551714897,0.441864848137,0.212014406919,-0.0858827680349,0.43218511343,0.221034660935,-0.18376454711,0.42061817646,0.230656906962,-0.280736774206,0.40605199337,0.249105393887,-0.399286359549,0.509092211723,0.240499451756,-0.358633846045,0.346361219883,-0.156903445721,-0.358633846045
1776890924.14,0.484513670206,0.213826328516,0.40664806962,0.478362798691,0.215825080872,0.306378722191,0.469885349274,0.214440539479,0.20768558979,0.461901783943,0.212660238147,0.108621679246,0.453429639339,0.212121725082,0.0119901075959,0.443334043026,0.214951068163,-0.0863424390554,0.435692727566,0.222975954413,-0.18372836709,0.426250517368,0.231537669897,-0.281868100166,0.416258335114,0.247276544571,-0.400176912546,0.51509231329,0.24003726244,-0.358633846045,0.347068488598,-0.157685086131,-0.358633846045
1776890924.16,0.481860458851,0.21234549582,0.408033877611,0.474130988121,0.218993708491,0.308000385761,0.465766251087,0.219853147864,0.209174335003,0.458296239376,0.220719441772,0.110528223217,0.452680230141,0.221585169435,0.013199172914,0.446978211403,0.222207784653,-0.0845945477486,0.444035768509,0.227908521891,-0.183259755373,0.439799726009,0.23274192214,-0.281415849924,0.436406850815,0.24372382462,-0.400891929865,0.521081209183,0.239431008697,-0.358633846045,0.348044216633,-0.159473836422,-0.358633846045
1776890924.17,0.479518592358,0.209760516882,0.409665375948,0.472121834755,0.220094844699,0.309163600206,0.463849306107,0.222787111998,0.21045422554,0.457742750645,0.224211573601,0.110995367169,0.453147172928,0.225469529629,0.0138977691531,0.448999583721,0.226289346814,-0.0839771926403,0.447931885719,0.230816170573,-0.183546096087,0.447342932224,0.233748450875,-0.280397355556,0.445697665215,0.241492763162,-0.399881571531,0.527055323124,0.238679230213,-0.358633846045,0.348270595074,-0.160007759929,-0.358633846045
1776890924.19,0.477366000414,0.206133514643,0.411240637302,0.469317317009,0.220448359847,0.311412394047,0.461607277393,0.226981386542,0.212481424212,0.456373035908,0.231905087829,0.113398104906,0.454756617546,0.234767317772,0.0163932442665,0.453073501587,0.23611856997,-0.0811225622892,0.457098126411,0.237140551209,-0.180692583323,0.460892081261,0.235824733973,-0.278378844261,0.465987324715,0.237109810114,-0.398616224527,0.533010482788,0.237780198455,-0.358633846045,0.348025500774,-0.16140833497,-0.358633846045
1776890924.2,0.475453913212,0.201585188508,0.412806808949,0.468258321285,0.220528319478,0.312676340342,0.460988938808,0.228685006499,0.214019864798,0.456972420216,0.234701603651,0.115174882114,0.455843925476,0.239427253604,0.0179428979754,0.456035852432,0.240462765098,-0.0803151875734,0.461769998074,0.24055981636,-0.179237067699,0.467660069466,0.237400844693,-0.276885837317,0.475738525391,0.234330266714,-0.396490603685,0.538941979408,0.236731931567,-0.358633846045,0.347846210003,-0.162110760808,-0.358633846045
1776890924.22,0.47373598814,0.196397423744,0.414512038231,0.46692442894,0.218521162868,0.314894109964,0.462092041969,0.230512097478,0.216332018375,0.459740579128,0.23993614316,0.117948152125,0.459978401661,0.246631294489,0.0205554068089,0.463106870651,0.248102843761,-0.0770871192217,0.47137850523,0.246322333813,-0.175780326128,0.481503725052,0.238845482469,-0.27265766263,0.495214521885,0.229577198625,-0.391659706831,0.544844448566,0.235532239079,-0.358633846045,0.347662091255,-0.163204520941,-0.358633846045
1776890924.23,0.472204387188,0.190661415458,0.416074067354,0.46692442894,0.218521162868,0.314894109964,0.462092041969,0.230512097478,0.216332018375,0.459740579128,0.23993614316,0.117948152125,0.459978401661,0.246631294489,0.0205554068089,0.463106870651,0.248102843761,-0.0770871192217,0.47137850523,0.246322333813,-0.175780326128,0.481503725052,0.238845482469,-0.27265766263,0.495214521885,0.229577198625,-0.391659706831,0.550711810589,0.234178796411,-0.358633846045,0.342065572739,-0.155618816614,-0.358633846045
1776890924.25,0.470843434334,0.184633985162,0.417669862509,0.466673314571,0.211618348956,0.318420410156,0.465307235718,0.228763386607,0.221238076687,0.466702222824,0.24271568656,0.122689701617,0.470695078373,0.252716124058,0.0258696824312,0.476212263107,0.254565536976,-0.07117831707,0.488402724266,0.25098451972,-0.170231223106,0.503178715706,0.239180415869,-0.265543371439,0.522628605366,0.22533082962,-0.383009463549,0.556537210941,0.232669144869,-0.358633846045,0.347866535187,-0.163106128573,-0.358633846045
1776890924.26,0.46960273385,0.178591400385,0.419257730246,0.466957390308,0.208731472492,0.319714993238,0.467089891434,0.226538717747,0.222615867853,0.470064818859,0.242309868336,0.124751068652,0.474517822266,0.25280931592,0.0279951244593,0.481126189232,0.255640983582,-0.0698488503695,0.495197176933,0.250911921263,-0.167364358902,0.510276734829,0.239432454109,-0.262916266918,0.531288206577,0.224212378263,-0.380406826735,0.562313020229,0.23100079596,-0.358633846045,0.348271667957,-0.163018167019,-0.358633846045
1776890924.28,0.468386948109,0.172800451517,0.420784592628,0.46762162447,0.201429322362,0.322673350573,0.470640480518,0.221094638109,0.225418448448,0.476807355881,0.238735496998,0.128392890096,0.483567774296,0.251061409712,0.0316918566823,0.49218082428,0.25495672226,-0.0658642947674,0.508364677429,0.250192165375,-0.163342654705,0.525544881821,0.238212540746,-0.258288234472,0.547738015652,0.222378790379,-0.37538009882,0.568030595779,0.229171290994,-0.358633846045,0.348708033562,-0.16309556365,-0.358633846045
1776890924.29,0.467219203711,0.167408958077,0.422097116709,0.468165338039,0.197536721826,0.323414355516,0.472631454468,0.217727988958,0.226884394884,0.479823768139,0.235760435462,0.129500254989,0.489050209522,0.248458594084,0.033568687737,0.498746395111,0.25298640132,-0.0636987537146,0.515566110611,0.24912238121,-0.161333501339,0.532888531685,0.23717828095,-0.256627976894,0.55586451292,0.222026154399,-0.373185396194,0.573680400848,0.227178275585,-0.358633846045,0.348621606827,-0.163190111518,-0.358633846045
1776890924.31,0.466266572475,0.162740975618,0.42328953743,0.469013810158,0.189155459404,0.326030880213,0.476926028728,0.208989083767,0.229163378477,0.486757218838,0.227170109749,0.131757542491,0.499142408371,0.241357088089,0.0368773043156,0.511351585388,0.247476279736,-0.0604787170887,0.529893815517,0.24483846128,-0.157045781612,0.547951996326,0.23469299078,-0.253006279469,0.570865511894,0.222359061241,-0.37002414465,0.579252064228,0.225019514561,-0.358633846045,0.3484608531,-0.163190558553,-0.358633846045
1776890924.32,0.465231716633,0.157835170627,0.424545258284,0.469790697098,0.184821426868,0.326645046473,0.47896450758,0.204108387232,0.230306863785,0.490755736828,0.22194352746,0.133510947227,0.504227280617,0.236040845513,0.0379873737693,0.518203258514,0.242609262466,-0.0589075237513,0.536898612976,0.241649240255,-0.155657887459,0.555637896061,0.2332354635,-0.251195311546,0.57850587368,0.222436219454,-0.369016766548,0.584734261036,0.222693055868,-0.358633846045,0.348491549492,-0.163165837526,-0.358633846045
1776890924.34,0.464306473732,0.153784126043,0.425472021103,0.470863282681,0.176195174456,0.328485459089,0.483375549316,0.193413794041,0.231902375817,0.498535811901,0.210259497166,0.135455802083,0.514831483364,0.22384250164,0.0405240356922,0.531089782715,0.231834635139,-0.0559596568346,0.551130175591,0.233925610781,-0.152701169252,0.570056378841,0.229251652956,-0.248357474804,0.592410802841,0.222991213202,-0.366168320179,0.590114653111,0.220197275281,-0.358633846045,0.348558485508,-0.163223743439,-0.358633846045
1776890924.35,0.46353545785,0.150080576539,0.426211446524,0.471546649933,0.171931356192,0.329382777214,0.48595482111,0.187866523862,0.232586532831,0.502471446991,0.203529596329,0.13598677516,0.520174145699,0.217166885734,0.0415696576238,0.537472426891,0.225344702601,-0.0547659993172,0.558101058006,0.229222223163,-0.151432722807,0.57689422369,0.22673496604,-0.247554093599,0.599411606789,0.223979666829,-0.365349799395,0.595380246639,0.217530921102,-0.358633846045,0.348560750484,-0.163184657693,-0.358633846045
1776890924.37,0.462944447994,0.146947160363,0.426826894283,0.474344849586,0.163381204009,0.330495297909,0.491243541241,0.176094472408,0.233863711357,0.51010799408,0.189157128334,0.137105613947,0.530425667763,0.20109243691,0.0433600470424,0.549204826355,0.210534200072,-0.0523739308119,0.570467591286,0.21785594523,-0.148821949959,0.589945375919,0.221082150936,-0.244603782892,0.612724244595,0.226271405816,-0.362083733082,0.600516974926,0.21469321847,-0.358633846045,0.348559677601,-0.163170129061,-0.358633846045
1776890924.38,0.462435007095,0.143618375063,0.427289158106,0.475344896317,0.159406721592,0.331200152636,0.493692457676,0.170164719224,0.234535351396,0.514151632786,0.181467488408,0.137890309095,0.535080909729,0.192746713758,0.0438364893198,0.554890811443,0.202196657658,-0.0513755083084,0.57667016983,0.211151987314,-0.147745877504,0.596019864082,0.217673018575,-0.243334054947,0.619036734104,0.227410897613,-0.360628783703,0.605510234833,0.21168397367,-0.358633846045,0.348609805107,-0.163211867213,-0.358633846045
1776890924.4,0.462229698896,0.140543520451,0.427477836609,0.477606236935,0.151512026787,0.332341551781,0.499061703682,0.158872053027,0.235964030027,0.521583974361,0.16673015058,0.139508262277,0.544329464436,0.175625637174,0.0459852740169,0.564948558807,0.185382857919,-0.0495987534523,0.587387025356,0.198340266943,-0.145060539246,0.607317447662,0.210376873612,-0.239353716373,0.63148868084,0.228782236576,-0.356415271759,0.61034476757,0.208503589034,-0.358633846045,0.348622083664,-0.163212090731,-0.358633846045
1776890924.41,0.462312847376,0.137501478195,0.427521377802,0.478670358658,0.147897139192,0.33272588253,0.501249909401,0.153180658817,0.236667692661,0.52491825819,0.159387215972,0.139893472195,0.548400342464,0.167502135038,0.0466464087367,0.569499373436,0.177290454507,-0.0485128462315,0.592184245586,0.192220211029,-0.143581807613,0.61248087883,0.207106813788,-0.238193780184,0.637305438519,0.229227587581,-0.353407382965,0.615004658699,0.205153152347,-0.358633846045,0.348565578461,-0.163187816739,-0.358633846045
1776890924.43,0.462704956532,0.13455542922,0.427391141653,0.480196893215,0.140884667635,0.333326488733,0.504650056362,0.142632141709,0.23755414784,0.530603766441,0.145965978503,0.141563713551,0.555351495743,0.152215078473,0.0478867962956,0.577641665936,0.162018671632,-0.0470124185085,0.600482106209,0.179870963097,-0.141009777784,0.621806800365,0.199859365821,-0.234097391367,0.647937655449,0.229836702347,-0.347334712744,0.619473695755,0.201634511352,-0.358633846045,0.348507285118,-0.163135558367,-0.358633846045
1776890924.44,0.463502496481,0.131521001458,0.427134186029,0.480905234814,0.137351945043,0.333530187607,0.50644826889,0.137820273638,0.23812893033,0.532763302326,0.139738202095,0.142344146967,0.558065772057,0.145121738315,0.0486073046923,0.58101439476,0.155306518078,-0.0457141548395,0.60503590107,0.174725264311,-0.139875173569,0.626112878323,0.196656793356,-0.231957405806,0.653094053268,0.228820383549,-0.344772547483,0.623735487461,0.197950273752,-0.358633846045,0.348492860794,-0.163174405694,-0.358633846045
1776890924.46,0.464564800262,0.12847109139,0.426857978106,0.481723546982,0.131214082241,0.333690792322,0.508067429066,0.128944769502,0.238542348146,0.535499453545,0.128800868988,0.14252910018,0.562730848789,0.133362129331,0.0496710240841,0.587218344212,0.143517225981,-0.0444687157869,0.612487018108,0.165311932564,-0.137185275555,0.634989798069,0.190483465791,-0.228437393904,0.662444412708,0.226906776428,-0.33961212635,0.627773463726,0.194103911519,-0.358633846045,0.348589360714,-0.163189679384,-0.358633846045
1776890924.47,0.465910851955,0.12527923286,0.426456749439,0.482393324375,0.128372088075,0.333475589752,0.508277118206,0.125626593828,0.23817884922,0.536600351334,0.124165818095,0.142699748278,0.564311444759,0.128104314208,0.0497497320175,0.590207755566,0.138839334249,-0.0434597432613,0.616011559963,0.161105766892,-0.136408686638,0.639583289623,0.187435671687,-0.22716230154,0.667095839977,0.2253947258,-0.337253063917,0.631571173668,0.190099716187,-0.358633846045,0.348514974117,-0.16317525506,-0.358633846045
1776890924.49,0.467535942793,0.121942557395,0.425916463137,0.483630657196,0.12329185009,0.332966685295,0.509107470512,0.119001790881,0.237853959203,0.537876307964,0.11675876379,0.142791390419,0.566748976707,0.119748741388,0.0498175770044,0.594421505928,0.130847528577,-0.0427492260933,0.621999144554,0.154211997986,-0.134975224733,0.646914720535,0.18170286715,-0.224870532751,0.675919592381,0.221289739013,-0.334476321936,0.635112404823,0.185942828655,-0.358633846045,0.348408579826,-0.163148015738,-0.358633846045
1776890924.5,0.469432622194,0.11847370863,0.425318479538,0.484254002571,0.121017538011,0.332509964705,0.509769260883,0.116572275758,0.237092405558,0.53788548708,0.1140152812,0.141909644008,0.56741464138,0.117122232914,0.0497644022107,0.595270574093,0.127817943692,-0.0434521734715,0.624403893948,0.151688352227,-0.13418546319,0.650224983692,0.179105207324,-0.2245888412,0.679551899433,0.218811795115,-0.333441674709,0.638381481171,0.181639268994,-0.358633846045,0.348538279533,-0.163188397884,-0.358633846045
1776890924.52,0.471625000238,0.114891588688,0.424713343382,0.48581558466,0.116712421179,0.331759810448,0.510257065296,0.112703844905,0.236230075359,0.538234770298,0.110250383615,0.140661031008,0.568105995655,0.113487288356,0.0485127344728,0.59764623642,0.124231815338,-0.0440813750029,0.628496587276,0.146900489926,-0.134776204824,0.655325710773,0.173709318042,-0.224564939737,0.688073396683,0.212202981114,-0.333323776722,0.641363322735,0.177195861936,-0.358633846045,0.348588824272,-0.163197994232,-0.358633846045
1776890924.53,0.473999083042,0.111389808357,0.4240680933,0.486813783646,0.114801369607,0.331271499395,0.511228919029,0.111166104674,0.235487505794,0.538528680801,0.109155841172,0.13999080658,0.568622231483,0.11258264631,0.0483374893665,0.59802043438,0.123045012355,-0.0442893505096,0.629261493683,0.145485982299,-0.135099828243,0.657898962498,0.171185910702,-0.2250610888,0.691525101662,0.208918094635,-0.333747953176,0.644043624401,0.172620251775,-0.358633846045,0.3485917449,-0.163171559572,-0.358633846045
1776890924.55,0.476462393999,0.108080871403,0.423339277506,0.489616692066,0.111481763422,0.330119609833,0.512872040272,0.109535269439,0.234223872423,0.539294600487,0.108895525336,0.138670057058,0.568260610104,0.113314636052,0.0458355396986,0.597975730896,0.122805505991,-0.0464296787977,0.630576074123,0.143398448825,-0.137379199266,0.661203026772,0.166587933898,-0.226620703936,0.698815703392,0.200645595789,-0.335594087839,0.646409213543,0.167920798063,-0.358633846045,0.348513543606,-0.163164526224,-0.358633846045
1776890924.56,0.479094535112,0.105026230216,0.422610968351,0.490975856781,0.110377252102,0.329773068428,0.513956725597,0.109102189541,0.233603388071,0.539800584316,0.10992269218,0.137644991279,0.568430602551,0.114159181714,0.045139297843,0.597718954086,0.123658046126,-0.0477973520756,0.630672991276,0.143024340272,-0.138700515032,0.662794947624,0.164429813623,-0.227812439203,0.701846301556,0.195997014642,-0.336623191833,0.648447930813,0.163106575608,-0.358633846045,0.348524451256,-0.163162171841,-0.358633846045
1776890924.58,0.481961131096,0.102278605103,0.421979099512,0.4928175807,0.108756147325,0.329342037439,0.515360414982,0.109394401312,0.233016580343,0.540779411793,0.110850915313,0.136769279838,0.568330466747,0.115672461689,0.043896779418,0.597146391869,0.124934822321,-0.0483172982931,0.630838930607,0.142940759659,-0.139456808567,0.663938879967,0.162111788988,-0.229593217373,0.704782426357,0.190015971661,-0.338113307953,0.650149166584,0.15818721056,-0.358633846045,0.348439097404,-0.163155719638,-0.358633846045
1776890924.59,0.484420180321,0.100357651711,0.421471267939,0.494383692741,0.107932023704,0.328762888908,0.516682267189,0.10967862606,0.232450425625,0.541311621666,0.112241506577,0.136067464948,0.568406283855,0.117960117757,0.0432034432888,0.59710675478,0.126608625054,-0.0496785193682,0.630898058414,0.142947167158,-0.140875011683,0.664873540401,0.160141065717,-0.231081873178,0.707371771336,0.184032902122,-0.339572519064,0.651503443718,0.153172895312,-0.358633846045,0.348581135273,-0.163192555308,-0.358633846045
1776890924.61,0.487249165773,0.0985523536801,0.421004414558,0.499543964863,0.105611421168,0.327250272036,0.520725905895,0.111329495907,0.230755150318,0.544045746326,0.117659494281,0.134283155203,0.569715797901,0.1256365031,0.0411040708423,0.597067773342,0.133456453681,-0.0521730780602,0.63115644455,0.144586473703,-0.144133985043,0.666760206223,0.153551355004,-0.234336286783,0.711901009083,0.166600376368,-0.344032555819,0.65250313282,0.148074179888,-0.358633846045,0.348555862904,-0.1632027179,-0.358633846045
1776890924.62,0.491699278355,0.0966885313392,0.420319408178,0.501516342163,0.105222225189,0.326715737581,0.522059381008,0.112306371331,0.230294123292,0.545403540134,0.119897969067,0.134115636349,0.570445179939,0.12839178741,0.0407145023346,0.597436845303,0.135962665081,-0.0525815337896,0.631392717361,0.144664779305,-0.144737750292,0.667093038559,0.151793405414,-0.235776931047,0.712501704693,0.160616114736,-0.345901280642,0.653142094612,0.142901942134,-0.358633846045,0.348524928093,-0.163198143244,-0.358633846045
1776890924.64,0.495167851448,0.0960033982992,0.419904381037,0.505188882351,0.104895226657,0.326136857271,0.524877667427,0.114114664495,0.229631155729,0.547181844711,0.123737618327,0.132923692465,0.572184443474,0.132915616035,0.0400145202875,0.598977267742,0.139819264412,-0.0541112422943,0.633186042309,0.145363867283,-0.146338880062,0.668236613274,0.146944284439,-0.237366348505,0.711888849735,0.148642927408,-0.348641037941,0.65341591835,0.137667253613,-0.358633846045,0.348469734192,-0.163169577718,-0.358633846045
1776890924.65,0.498675525188,0.0959463939071,0.419642239809,0.507134854794,0.104957193136,0.325651556253,0.526575863361,0.115297727287,0.229275479913,0.548446297646,0.125602051616,0.132480293512,0.57349550724,0.134911447763,0.0396068841219,0.600587904453,0.140826448798,-0.054063141346,0.634374916553,0.145200878382,-0.14693582058,0.668281197548,0.143886849284,-0.238141208887,0.711075007915,0.14255964756,-0.349978357553,0.65332198143,0.132381230593,-0.358633846045,0.34854632616,-0.163206577301,-0.358633846045
1776890924.67,0.502154648304,0.0964814573526,0.41941088438,0.511626899242,0.105665527284,0.325129032135,0.530225038528,0.116902761161,0.228542789817,0.552162587643,0.128039434552,0.132411316037,0.576483368874,0.137173190713,0.0386490002275,0.603040635586,0.141942277551,-0.055232539773,0.635600447655,0.142664402723,-0.147737056017,0.667539298534,0.137827977538,-0.240506708622,0.707823932171,0.130793169141,-0.352921903133,0.652859270573,0.127054989338,-0.358633846045,0.348538100719,-0.163141146302,-0.358633846045
1776890924.68,0.505701422691,0.0974487364292,0.419412314892,0.51415848732,0.105867564678,0.32483252883,0.532540261745,0.117444016039,0.228404641151,0.554084420204,0.128528803587,0.132140547037,0.578195214272,0.137512952089,0.0380682572722,0.604283869267,0.141537234187,-0.0558280497789,0.636751234531,0.140947148204,-0.148847609758,0.667204380035,0.134225472808,-0.241485655308,0.705440878868,0.125113233924,-0.354422330856,0.652028620243,0.121699459851,-0.358633846045,0.348527729511,-0.163145750761,-0.358633846045
1776890924.7,0.509167909622,0.0987127050757,0.419513970613,0.519404649734,0.10713082552,0.324645519257,0.537805020809,0.118160001934,0.227962613106,0.558714091778,0.128515660763,0.131400957704,0.582536041737,0.13612703979,0.0375451296568,0.607300043106,0.138718754053,-0.0568060278893,0.636942446232,0.135097548366,-0.151087731123,0.665185332298,0.126241952181,-0.244568347931,0.700122058392,0.114899545908,-0.358571469784,0.650832533836,0.116325296462,-0.358633846045,0.34853386879,-0.163152068853,-0.358633846045
1776890924.71,0.512414693832,0.100074104965,0.419712126255,0.522167801857,0.107599325478,0.32442343235,0.540775716305,0.118016786873,0.227987587452,0.561938405037,0.127810642123,0.131347745657,0.584885776043,0.134553745389,0.0372917726636,0.608230650425,0.136270999908,-0.05751337111,0.636619091034,0.131757482886,-0.152068823576,0.663668274879,0.12202270329,-0.245946675539,0.697092056274,0.109370298684,-0.360011547804,0.649275064468,0.110942810774,-0.358633846045,0.348519384861,-0.163164392114,-0.358633846045
1776890924.73,0.516090512276,0.101567044854,0.420089334249,0.527830302715,0.108681686223,0.324661433697,0.54694890976,0.117509819567,0.228040039539,0.567587912083,0.124938562512,0.130789533257,0.58909791708,0.129425898194,0.035935997963,0.610234856606,0.12913030386,-0.0588885098696,0.635695695877,0.124269783497,-0.155360639095,0.660393774509,0.113546051085,-0.248499929905,0.690475523472,0.100729696453,-0.363875508308,0.647361934185,0.105561830103,-0.358633846045,0.348472833633,-0.163183674216,-0.358633846045
1776890924.74,0.519551575184,0.102769881487,0.420675009489,0.53058809042,0.109222456813,0.324568539858,0.550073564053,0.116729937494,0.228077217937,0.570392847061,0.122659608722,0.130802154541,0.591370522976,0.125627547503,0.0355205759406,0.611238777637,0.124502673745,-0.0597402453423,0.635136902332,0.119040191174,-0.156013071537,0.65858489275,0.109035097063,-0.249925673008,0.687242627144,0.0958925634623,-0.365707844496,0.645100057125,0.100191637874,-0.358633846045,0.348607361317,-0.163190871477,-0.358633846045
1776890924.76,0.523014605045,0.103587158024,0.421336710453,0.535762488842,0.109976276755,0.325225234032,0.555730760098,0.114337019622,0.228172063828,0.575504004955,0.11681651324,0.130772143602,0.595091879368,0.117405205965,0.0352310314775,0.612557768822,0.114232316613,-0.0604477971792,0.633350551128,0.108895361423,-0.158099800348,0.653870165348,0.0987974703312,-0.252406299114,0.677986621857,0.0880812034011,-0.369518190622,0.642497897148,0.0948408916593,-0.358633846045,0.348565280437,-0.163136363029,-0.358633846045
1776890924.77,0.526424050331,0.103807732463,0.422156125307,0.538528561592,0.10980655998,0.325515031815,0.557873308659,0.112784408033,0.228410393,0.57745218277,0.113839544356,0.130769446492,0.596278369427,0.112657941878,0.0351165160537,0.613078415394,0.108724921942,-0.0609265714884,0.632416367531,0.103066772223,-0.15834581852,0.6509552598,0.093858204782,-0.253437280655,0.673405468464,0.0843375101686,-0.371365994215,0.639564931393,0.0895175635815,-0.358633846045,0.348607540131,-0.163157790899,-0.358633846045
1776890924.79,0.529865324497,0.103434167802,0.423243463039,0.540645480156,0.109445787966,0.325583994389,0.559988260269,0.110842466354,0.228548690677,0.579461812973,0.110196135938,0.131066262722,0.597566068172,0.108029507101,0.0350941866636,0.613258779049,0.103226944804,-0.0609373301268,0.631840229034,0.0974164307117,-0.158218175173,0.64835357666,0.0888676419854,-0.254674196243,0.668635845184,0.080542050302,-0.372528672218,0.636311769485,0.084228888154,-0.358633846045,0.348598897457,-0.163211733103,-0.358633846045
1776890924.8,0.533248960972,0.102260693908,0.424275457859,0.543103814125,0.108519114554,0.326144218445,0.561698615551,0.108450077474,0.229031652212,0.580471515656,0.106132015586,0.131244778633,0.598357319832,0.102787509561,0.0355445221066,0.613270640373,0.0976842790842,-0.0610393583775,0.630401492119,0.091326802969,-0.158940523863,0.645780026913,0.0839252099395,-0.254378736019,0.663426101208,0.0771029293537,-0.373662739992,0.632749855518,0.0789813250303,-0.358633846045,0.348585188389,-0.163198173046,-0.358633846045
1776890924.82,0.536206305027,0.100538559258,0.425477266312,0.548832952976,0.104398302734,0.327493011951,0.565424919128,0.0999638810754,0.230283439159,0.582430541515,0.093842253089,0.132335782051,0.598151385784,0.0875314250588,0.0363856479526,0.611537337303,0.0804522931576,-0.0599032044411,0.624925255775,0.0755665376782,-0.158804059029,0.636031866074,0.0698755308986,-0.255497664213,0.647280156612,0.0666518285871,-0.375007450581,0.628891527653,0.0737805366516,-0.358633846045,0.348463654518,-0.16315728426,-0.358633846045
1776890924.83,0.539913654327,0.0974613502622,0.427158296108,0.550176918507,0.102540314198,0.328533411026,0.566624283791,0.0964493080974,0.23085218668,0.582394838333,0.089681558311,0.133098632097,0.59761929512,0.0825551748276,0.0368761345744,0.60938179493,0.0755680203438,-0.0601064115763,0.622541606426,0.0708850845695,-0.158106505871,0.632045984268,0.0657475739717,-0.255367308855,0.641991436481,0.0633507147431,-0.374989569187,0.624749600887,0.0686313509941,-0.358633846045,0.348558604717,-0.163176566362,-0.358633846045
1776890924.85,0.543083131313,0.0937753692269,0.428757667542,0.553682744503,0.0977661907673,0.330243229866,0.567391216755,0.0904418304563,0.232284814119,0.581728518009,0.0815785378218,0.1337749511,0.595075786114,0.0740954428911,0.0373355299234,0.605063915253,0.066844061017,-0.0589064508677,0.616354763508,0.0624681785703,-0.158665001392,0.623696565628,0.0575278103352,-0.254732102156,0.631172478199,0.0557750798762,-0.375211775303,0.620337486267,0.0635377913713,-0.358633846045,0.348612308502,-0.1632027179,-0.358633846045
1776890924.86,0.546129465103,0.0890946611762,0.430402368307,0.554880678654,0.095253482461,0.331043720245,0.568219363689,0.0872015580535,0.23319786787,0.580980658531,0.0783661901951,0.134434267879,0.593607068062,0.0698585212231,0.0382607281208,0.602286577225,0.0628961101174,-0.0584116578102,0.612765848637,0.0587316155434,-0.157623440027,0.619289755821,0.0536332093179,-0.254357010126,0.625613689423,0.0523158200085,-0.37484806776,0.61566889286,0.0585030540824,-0.358633846045,0.348602235317,-0.163217827678,-0.358633846045
1776890924.88,0.548904359341,0.0835798978806,0.432075053453,0.558093488216,0.0896165445447,0.332697421312,0.569274604321,0.080915980041,0.234513193369,0.579453349113,0.0718849375844,0.135953322053,0.589188218117,0.0635047405958,0.0394283458591,0.595911860466,0.0564387738705,-0.0581472963095,0.603844583035,0.0522064939141,-0.156812608242,0.609316587448,0.0474223196507,-0.254117310047,0.614921748638,0.0449737273157,-0.374504834414,0.610757887363,0.0535295493901,-0.358633846045,0.348676979542,-0.163212820888,-0.358633846045
1776890924.89,0.551436841488,0.0773076340556,0.433853179216,0.559461474419,0.0868459790945,0.334031820297,0.569455623627,0.0779194235802,0.235781162977,0.578479409218,0.0691654011607,0.136657714844,0.586713373661,0.0607616379857,0.0395484045148,0.592418432236,0.0531150177121,-0.0572595894337,0.599412977695,0.0488991998136,-0.157028853893,0.604354918003,0.0435938164592,-0.253623962402,0.609403610229,0.0411877185106,-0.373934835196,0.605618476868,0.0486188903451,-0.358633846045,0.348609089851,-0.163189291954,-0.358633846045
1776890924.91,0.553503751755,0.0707711875439,0.435495495796,0.561996638775,0.0799530074,0.33546423912,0.569605708122,0.0724072083831,0.237350642681,0.57566678524,0.0642871558666,0.138121888041,0.581094741821,0.0566272586584,0.0413376688957,0.584546506405,0.0487001799047,-0.0558317750692,0.589829325676,0.0437236279249,-0.155586719513,0.593921303749,0.0375649258494,-0.252732843161,0.5984390378,0.0335843898356,-0.372688561678,0.600265026093,0.0437719412148,-0.358633846045,0.348497629166,-0.163232237101,-0.358633846045
1776890924.92,0.555495321751,0.0625451877713,0.437408566475,0.563040852547,0.0762473419309,0.336923122406,0.569157361984,0.0696267411113,0.238249212503,0.57394272089,0.0622368678451,0.139069452882,0.578618586063,0.0542383119464,0.0419069081545,0.580539345741,0.0467203371227,-0.0552224963903,0.58498865366,0.0416011027992,-0.154388815165,0.588639557362,0.0345492362976,-0.251931518316,0.592990875244,0.0301402620971,-0.371920198202,0.594711482525,0.0389888510108,-0.358633846045,0.348522126675,-0.163079336286,-0.358633846045
1776890924.94,0.557063043118,0.0541839711368,0.439149081707,0.556672692299,0.0927954912186,0.331636667252,0.568847000599,0.0837705135345,0.233740091324,0.580453515053,0.0747657939792,0.135338038206,0.591392874718,0.0663365870714,0.038989238441,0.598982453346,0.0592328682542,-0.0577859580517,0.608279407024,0.0549152083695,-0.157845586538,0.614543795586,0.0501402243972,-0.253916949034,0.620219767094,0.048779591918,-0.374232798815,0.58897203207,0.0342690870166,-0.358633846045,0.348573684692,-0.163205981255,-0.358633846045
1776890924.95,0.558299422264,0.045874837786,0.440899401903,0.563629388809,0.0682259500027,0.339333802462,0.567707479,0.0635290890932,0.24036604166,0.570699095726,0.0580059625208,0.140782430768,0.572857618332,0.0515174232423,0.0434978753328,0.572613179684,0.0439572632313,-0.0534949600697,0.575707912445,0.0375697016716,-0.153126239777,0.57891112566,0.0290930978954,-0.249772667885,0.581895530224,0.0225643869489,-0.370068877935,0.583060443401,0.0296114720404,-0.358633846045,0.348544180393,-0.163144305348,-0.358633846045
1776890924.97,0.559188187122,0.0376826748252,0.442479580641,0.563287973404,0.0543286651373,0.342773377895,0.564068436623,0.0532506816089,0.242999911308,0.563493311405,0.0513585619628,0.14391978085,0.563716828823,0.0470244735479,0.0464773029089,0.561849951744,0.040157224983,-0.0505038797855,0.563285887241,0.0326525494456,-0.149911403656,0.563843905926,0.0223145410419,-0.247283577919,0.564620196819,0.0117020029575,-0.366811305285,0.576990365982,0.0250142291188,-0.358633846045,0.348628222942,-0.163172438741,-0.358633846045
1776890924.98,0.559731483459,0.0296117961407,0.44394120574,0.562884986401,0.0496259666979,0.343541413546,0.562757253647,0.0498089306056,0.244314581156,0.561427235603,0.0485155209899,0.145094096661,0.560941100121,0.0455476976931,0.0470767393708,0.558619201183,0.0388413704932,-0.0496092438698,0.559319257736,0.0311133600771,-0.1481808424,0.558663487434,0.0205421708524,-0.245378285646,0.558650195599,0.00842458754778,-0.365343630314,0.570775210857,0.0204750392586,-0.358633846045,0.348621606827,-0.16311904788,-0.358633846045
1776890925,0.559921264648,0.0218768939376,0.445250242949,0.562340497971,0.0393178611994,0.346191823483,0.56030267477,0.0407914482057,0.246752649546,0.557604193687,0.0418697521091,0.147378623486,0.555204391479,0.0403799489141,0.050025574863,0.552102982998,0.0356168784201,-0.0473513007164,0.551620066166,0.0274394694716,-0.145924955606,0.549459218979,0.016130277887,-0.243398964405,0.546648979187,0.00242254929617,-0.3624612391,0.56442797184,0.0159910675138,-0.358633846045,0.34861189127,-0.163143277168,-0.358633846045
1776890925.01,0.559825778008,0.0147591307759,0.446435272694,0.562074899673,0.0341422893107,0.346937537193,0.559304118156,0.0365906991065,0.24759927392,0.555899679661,0.0383132211864,0.14849242568,0.552967846394,0.0378320813179,0.050740301609,0.54889857769,0.0331587344408,-0.0458695739508,0.547537982464,0.0260511264205,-0.145077675581,0.545000910759,0.0138646364212,-0.241990685463,0.540917992592,-0.000829144846648,-0.361350387335,0.557961463928,0.0115590170026,-0.358633846045,0.348624885082,-0.163288503885,-0.358633846045
1776890925.03,0.559391140938,0.00827095005661,0.447401106358,0.561185240746,0.0238285027444,0.348889291286,0.557195782661,0.0271386634558,0.249733805656,0.552509844303,0.0301324240863,0.150362834334,0.548314750195,0.0307839922607,0.0530046150088,0.542673885822,0.0274173412472,-0.0443215221167,0.539806485176,0.0205136090517,-0.142970502377,0.53528803587,0.00866181775928,-0.239469468594,0.530058681965,-0.0058872802183,-0.359475582838,0.551388204098,0.00717517733574,-0.358633846045,0.348608791828,-0.163260549307,-0.358633846045
1776890925.04,0.558720231056,0.00298580597155,0.448120117188,0.560792565346,0.018969329074,0.349803209305,0.556390881538,0.022220203653,0.250795543194,0.551126301289,0.0256308317184,0.151507258415,0.546133875847,0.02676682733,0.0537729412317,0.539833009243,0.023678233847,-0.042920678854,0.535807192326,0.0180916562676,-0.142410755157,0.530915081501,0.00597762688994,-0.238387525082,0.524184346199,-0.00850330479443,-0.357793390751,0.544720292091,0.0028354646638,-0.358633846045,0.348559439182,-0.163326740265,-0.358633846045
1776890925.06,0.557783961296,-0.00170771265402,0.44864538312,0.559596061707,0.00966935604811,0.350968033075,0.554790556431,0.012688441202,0.252210378647,0.548760354519,0.0160025320947,0.15263427794,0.542401731014,0.0172819569707,0.055513754487,0.53422164917,0.0152530316263,-0.0418990105391,0.527944803238,0.0107643585652,-0.140412420034,0.521588981152,7.4130250141e-05,-0.237351089716,0.513027369976,-0.0119692543522,-0.356093972921,0.537969648838,-0.00146453361958,-0.358633846045,0.348470509052,-0.163156956434,-0.358633846045
1776890925.07,0.556303143501,-0.00665360223502,0.449016302824,0.559056282043,0.00565668009222,0.351730167866,0.55454659462,0.00802457518876,0.252363294363,0.54779535532,0.0107272863388,0.153551742435,0.540397822857,0.0123553285375,0.055692486465,0.531493067741,0.0102304155007,-0.0406255573034,0.524698078632,0.00631600432098,-0.139682859182,0.517151534557,-0.00269679538906,-0.236492276192,0.507971405983,-0.0137724764645,-0.355493813753,0.531147837639,-0.00572951603681,-0.358633846045,0.348515868187,-0.163110673428,-0.358633846045
1776890925.09,0.554734647274,-0.010519022122,0.449124634266,0.557299494743,-0.00224593793973,0.352506756783,0.55235016346,-0.00100558996201,0.253134667873,0.545170605183,0.000396740389988,0.153751894832,0.537146747112,0.000944129191339,0.0566086098552,0.526524484158,-0.000372173264623,-0.0398168563843,0.518108665943,-0.0029714985285,-0.139485061169,0.508763790131,-0.00982903130352,-0.235678583384,0.497282266617,-0.0170017704368,-0.355084449053,0.524266183376,-0.00996442697942,-0.358633846045,0.348524689674,-0.163167387247,-0.358633846045
1776890925.1,0.552889704704,-0.0139079000801,0.449013441801,0.556119143963,-0.00562059320509,0.352698773146,0.551067471504,-0.00536443060264,0.25338947773,0.544004499912,-0.00514527829364,0.154256492853,0.535299420357,-0.00521761830896,0.0572777166963,0.524172544479,-0.00634942017496,-0.0390985310078,0.515043914318,-0.00809406768531,-0.138667345047,0.50490218401,-0.0131950397044,-0.235292196274,0.491909265518,-0.0179814901203,-0.355032652617,0.517335832119,-0.0141744147986,-0.358633846045,0.348515927792,-0.163160011172,-0.358633846045
1776890925.12,0.550868928432,-0.0170692186803,0.44875779748,0.552880108356,-0.0121080959216,0.352913141251,0.547411203384,-0.0138724679127,0.253481149673,0.540399670601,-0.0154745485634,0.154782280326,0.531695008278,-0.0164331197739,0.0573348328471,0.520372629166,-0.0184496752918,-0.0388970971107,0.509431421757,-0.0182911418378,-0.138215452433,0.497510492802,-0.0205792635679,-0.234696060419,0.481546103954,-0.0201888289303,-0.354327529669,0.510367691517,-0.0183647945523,-0.358633846045,0.348576009274,-0.163191974163,-0.358633846045
1776890925.13,0.54858905077,-0.0200613234192,0.44837602973,0.551094830036,-0.0152398366481,0.352797776461,0.545699834824,-0.0183052718639,0.25378370285,0.538622200489,-0.0207051355392,0.154422074556,0.529877781868,-0.0222735218704,0.0573625639081,0.517975926399,-0.0246194582433,-0.0389394015074,0.506964564323,-0.0235696174204,-0.138218730688,0.494070410728,-0.0242379345,-0.235094130039,0.476849138737,-0.0211175046861,-0.353846788406,0.503372609615,-0.0225410088897,-0.358633846045,0.348549425602,-0.163179382682,-0.358633846045
1776890925.15,0.546080887318,-0.023096986115,0.447928756475,0.54950684309,-0.0180439427495,0.352701187134,0.543326675892,-0.0220918208361,0.253673225641,0.536100685596,-0.0253188479692,0.15443328023,0.527893781662,-0.0281578153372,0.0573108494282,0.515595734119,-0.029921753332,-0.0394651591778,0.504247367382,-0.0285964496434,-0.137852519751,0.490509986877,-0.0277999043465,-0.23422691226,0.472060322762,-0.0231578238308,-0.352962523699,0.496361136436,-0.0267085954547,-0.358633846045,0.348466992378,-0.163137108088,-0.358633846045
1776890925.16,0.543431162834,-0.0263841450214,0.447349071503,0.545072615147,-0.023408126086,0.352376550436,0.538833916187,-0.0291222278029,0.253604948521,0.531649768353,-0.0343661829829,0.154152289033,0.523364067078,-0.0382631868124,0.0573767200112,0.511024713516,-0.0405539497733,-0.040055334568,0.499284446239,-0.0372896902263,-0.138138920069,0.483833909035,-0.0339677631855,-0.234359234571,0.463159382343,-0.0251443106681,-0.352812588215,0.489343941212,-0.0308731421828,-0.358633846045,0.348551094532,-0.163184210658,-0.358633846045
1776890925.18,0.540871202946,-0.029600309208,0.446836173534,0.540730774403,-0.0285119712353,0.35179567337,0.534592449665,-0.0358288623393,0.253183186054,0.527115106583,-0.0424664542079,0.154212266207,0.518343269825,-0.0469140186906,0.0571315288544,0.505836069584,-0.049061793834,-0.0397970229387,0.493379592896,-0.044959846884,-0.138670027256,0.477225959301,-0.0400170646608,-0.234380692244,0.455426156521,-0.0291587710381,-0.352304458618,0.482331633568,-0.0350402630866,-0.358633846045,0.348512709141,-0.163187757134,-0.358633846045
1776890925.19,0.537811100483,-0.0337308198214,0.446210175753,0.540730774403,-0.0285119712353,0.35179567337,0.534592449665,-0.0358288623393,0.253183186054,0.527115106583,-0.0424664542079,0.154212266207,0.518343269825,-0.0469140186906,0.0571315288544,0.505836069584,-0.049061793834,-0.0397970229387,0.493379592896,-0.044959846884,-0.138670027256,0.477225959301,-0.0400170646608,-0.234380692244,0.455426156521,-0.0291587710381,-0.352304458618,0.475334763527,-0.0392155461013,-0.358633846045,0.348630845547,-0.163207113743,-0.358633846045
1776890925.21,0.534850299358,-0.0379679910839,0.445711344481,0.547147750854,-0.0209429804236,0.352374792099,0.541366040707,-0.0258456226438,0.253788858652,0.533996284008,-0.0301863774657,0.15473729372,0.5255163908,-0.0331838801503,0.0568988993764,0.513716578484,-0.0355009101331,-0.0390780419111,0.50208067894,-0.0330876633525,-0.138201594353,0.486949980259,-0.0308129675686,-0.234080970287,0.467444837093,-0.0241287089884,-0.352891892195,0.468363940716,-0.0434045344591,-0.358633846045,0.348591327667,-0.163203641772,-0.358633846045
1776890925.22,0.531852662563,-0.0425552353263,0.445181250572,0.547147750854,-0.0209429804236,0.352374792099,0.541366040707,-0.0258456226438,0.253788858652,0.533996284008,-0.0301863774657,0.15473729372,0.5255163908,-0.0331838801503,0.0568988993764,0.513716578484,-0.0355009101331,-0.0390780419111,0.50208067894,-0.0330876633525,-0.138201594353,0.486949980259,-0.0308129675686,-0.234080970287,0.467444837093,-0.0241287089884,-0.352891892195,0.46143001318,-0.0476126819849,-0.358633846045,0.348488211632,-0.163136437535,-0.358633846045
1776890925.24,0.528795838356,-0.0473896600306,0.444592058659,0.547147750854,-0.0209429804236,0.352374792099,0.541366040707,-0.0258456226438,0.253788858652,0.533996284008,-0.0301863774657,0.15473729372,0.5255163908,-0.0331838801503,0.0568988993764,0.513716578484,-0.0355009101331,-0.0390780419111,0.50208067894,-0.0330876633525,-0.138201594353,0.486949980259,-0.0308129675686,-0.234080970287,0.467444837093,-0.0241287089884,-0.352891892195,0.454543888569,-0.0518453158438,-0.358633846045,0.348528146744,-0.163104742765,-0.358633846045
1776890925.25,0.525677800179,-0.052482817322,0.44406196475,0.547147750854,-0.0209429804236,0.352374792099,0.541366040707,-0.0258456226438,0.253788858652,0.533996284008,-0.0301863774657,0.15473729372,0.5255163908,-0.0331838801503,0.0568988993764,0.513716578484,-0.0355009101331,-0.0390780419111,0.50208067894,-0.0330876633525,-0.138201594353,0.486949980259,-0.0308129675686,-0.234080970287,0.467444837093,-0.0241287089884,-0.352891892195,0.447716653347,-0.0561076030135,-0.358633846045,0.348503351212,-0.163164108992,-0.358633846045
1776890925.27,0.522471785545,-0.0577019117773,0.443596601486,0.547147750854,-0.0209429804236,0.352374792099,0.541366040707,-0.0258456226438,0.253788858652,0.533996284008,-0.0301863774657,0.15473729372,0.5255163908,-0.0331838801503,0.0568988993764,0.513716578484,-0.0355009101331,-0.0390780419111,0.50208067894,-0.0330876633525,-0.138201594353,0.486949980259,-0.0308129675686,-0.234080970287,0.467444837093,-0.0241287089884,-0.352891892195,0.440959632397,-0.0604044981301,-0.358633846045,0.348565399647,-0.163170829415,-0.358633846045
1776890925.28,0.519187450409,-0.0629970133305,0.44301328063,0.547147750854,-0.0209429804236,0.352374792099,0.541366040707,-0.0258456226438,0.253788858652,0.533996284008,-0.0301863774657,0.15473729372,0.5255163908,-0.0331838801503,0.0568988993764,0.513716578484,-0.0355009101331,-0.0390780419111,0.50208067894,-0.0330876633525,-0.138201594353,0.486949980259,-0.0308129675686,-0.234080970287,0.467444837093,-0.0241287089884,-0.352891892195,0.434284389019,-0.0647407323122,-0.358633846045,0.34875279665,-0.163172125816,-0.358633846045
1776890925.3,0.515892386436,-0.0685102194548,0.442486852407,0.547147750854,-0.0209429804236,0.352374792099,0.541366040707,-0.0258456226438,0.253788858652,0.533996284008,-0.0301863774657,0.15473729372,0.5255163908,-0.0331838801503,0.0568988993764,0.513716578484,-0.0355009101331,-0.0390780419111,0.50208067894,-0.0330876633525,-0.138201594353,0.486949980259,-0.0308129675686,-0.234080970287,0.467444837093,-0.0241287089884,-0.352891892195,0.427702784538,-0.06912073493,-0.358633846045,0.348659038544,-0.163145586848,-0.358633846045
1776890925.31,0.513010680676,-0.0731560215354,0.442180991173,0.547147750854,-0.0209429804236,0.352374792099,0.541366040707,-0.0258456226438,0.253788858652,0.533996284008,-0.0301863774657,0.15473729372,0.5255163908,-0.0331838801503,0.0568988993764,0.513716578484,-0.0355009101331,-0.0390780419111,0.50208067894,-0.0330876633525,-0.138201594353,0.486949980259,-0.0308129675686,-0.234080970287,0.467444837093,-0.0241287089884,-0.352891892195,0.421226918697,-0.0735486149788,-0.358633846045,0.348651230335,-0.163188427687,-0.358633846045
1776890925.33,0.509134829044,-0.0794170573354,0.441798627377,0.547147750854,-0.0209429804236,0.352374792099,0.541366040707,-0.0258456226438,0.253788858652,0.533996284008,-0.0301863774657,0.15473729372,0.5255163908,-0.0331838801503,0.0568988993764,0.513716578484,-0.0355009101331,-0.0390780419111,0.50208067894,-0.0330876633525,-0.138201594353,0.486949980259,-0.0308129675686,-0.234080970287,0.467444837093,-0.0241287089884,-0.352891892195,0.414869308472,-0.0780281275511,-0.358633846045,0.348673522472,-0.163207992911,-0.358633846045
1776890925.34,0.505767822266,-0.0847256034613,0.441468954086,0.499941647053,-0.0693070366979,0.346146285534,0.489286661148,-0.0648733824492,0.247932612896,0.477910935879,-0.0608215741813,0.148815572262,0.467637956142,-0.0588557682931,0.0516818389297,0.455611884594,-0.0594000928104,-0.0446175187826,0.445789158344,-0.0618460141122,-0.143273949623,0.435423970222,-0.0680574849248,-0.239960134029,0.421829581261,-0.0760146006942,-0.358745664358,0.408642590046,-0.0825626030564,-0.358633846045,0.348593592644,-0.163175612688,-0.358633846045
1776890925.36,0.502386271954,-0.0900782123208,0.441306978464,0.494611382484,-0.0748757794499,0.345861554146,0.484171450138,-0.068645067513,0.246983289719,0.472776889801,-0.0630886405706,0.148515984416,0.46238219738,-0.0598900988698,0.0515945255756,0.450691282749,-0.0609752312303,-0.0452144294977,0.441629528999,-0.064110673964,-0.143862366676,0.432604134083,-0.0725152418017,-0.240047514439,0.420615613461,-0.0819367915392,-0.35965681076,0.402559936047,-0.0871549099684,-0.358633846045,0.348664999008,-0.163235068321,-0.358633846045
1776890925.37,0.498991161585,-0.0951440259814,0.4412496984,0.492343783379,-0.0778573006392,0.345735937357,0.481780230999,-0.0709806010127,0.24705311656,0.47040861845,-0.0646901875734,0.148382902145,0.459813416004,-0.0614593848586,0.0514652729034,0.448197424412,-0.0624225512147,-0.0446606576443,0.439891159534,-0.0656109303236,-0.144292384386,0.43128734827,-0.0748948976398,-0.239559173584,0.419850647449,-0.0841037929058,-0.359704732895,0.396634638309,-0.0918074175715,-0.358633846045,0.348575174809,-0.163211598992,-0.358633846045
1776890925.39,0.495473235846,-0.100475378335,0.441233634949,0.487855255604,-0.0836024209857,0.345074892044,0.47719180584,-0.0760074481368,0.246883869171,0.46614164114,-0.0690914914012,0.147930443287,0.456050336361,-0.065587028861,0.0514852181077,0.444782078266,-0.066537335515,-0.0455665290356,0.43688160181,-0.0699576735497,-0.144028484821,0.428945481777,-0.0792952403426,-0.240308612585,0.41926419735,-0.0896771326661,-0.36003112793,0.390880286694,-0.0965219512582,-0.358633846045,0.348627626896,-0.163237676024,-0.358633846045
1776890925.4,0.492428988218,-0.10511919111,0.44131347537,0.485595285892,-0.0869977623224,0.345141351223,0.475128829479,-0.0791431739926,0.246820509434,0.464332044125,-0.0722344368696,0.148007690907,0.45437836647,-0.0686179101467,0.051572740078,0.443181455135,-0.0691239312291,-0.0458432585001,0.435689806938,-0.0726225450635,-0.144552618265,0.428317785263,-0.081689670682,-0.240501433611,0.41888666153,-0.0913776084781,-0.360291928053,0.385310769081,-0.101299740374,-0.358633846045,0.348780035973,-0.163323566318,-0.358633846045
1776890925.42,0.488307416439,-0.111474484205,0.441510736942,0.481166005135,-0.0940934419632,0.345249176025,0.471308350563,-0.0862111151218,0.246759831905,0.461125195026,-0.0794862136245,0.147485896945,0.451538741589,-0.0761272236705,0.0510776489973,0.440724611282,-0.0759951770306,-0.0460443198681,0.433924019337,-0.0790559053421,-0.144831955433,0.425886213779,-0.0854271128774,-0.243090987206,0.418266177177,-0.0948446318507,-0.361013233662,0.379940032959,-0.106141358614,-0.358633846045,0.348746240139,-0.163331821561,-0.358633846045
1776890925.43,0.484854966402,-0.116671748459,0.441791445017,0.478848040104,-0.0974363386631,0.344979912043,0.469354748726,-0.0903700515628,0.246557280421,0.459653139114,-0.0844486504793,0.147972539067,0.450113773346,-0.0797257125378,0.0506100431085,0.440315008163,-0.080592893064,-0.0456544011831,0.433575809002,-0.0822542086244,-0.145386278629,0.426415979862,-0.0892005041242,-0.242014944553,0.418082356453,-0.0968968868256,-0.36165112257,0.374782323837,-0.111046731472,-0.358633846045,0.348645210266,-0.163228541613,-0.358633846045
1776890925.45,0.480826020241,-0.122830092907,0.442125022411,0.474419891834,-0.105530947447,0.345178753138,0.466035485268,-0.0994065478444,0.246443301439,0.45693641901,-0.0933770313859,0.147147059441,0.448629260063,-0.0904823169112,0.0511475875974,0.439127445221,-0.0890517681837,-0.0470243245363,0.432852447033,-0.0898306742311,-0.145180523396,0.425874829292,-0.0947406962514,-0.243251144886,0.417618572712,-0.0994042009115,-0.362143278122,0.369851708412,-0.116015054286,-0.358633846045,0.348695278168,-0.163253575563,-0.358633846045
1776890925.46,0.47666195035,-0.129289671779,0.442495048046,0.472087800503,-0.109635509551,0.345622122288,0.464171469212,-0.104226209223,0.246666580439,0.455908954144,-0.0989813655615,0.147543206811,0.448524236679,-0.095522172749,0.0503640323877,0.439203858376,-0.0943122133613,-0.0461777299643,0.433318018913,-0.0946436673403,-0.146155834198,0.425493896008,-0.0971878767014,-0.243688851595,0.417966008186,-0.101328872144,-0.362322121859,0.365162372589,-0.121044762433,-0.358633846045,0.348675727844,-0.163211718202,-0.358633846045
1776890925.48,0.473120361567,-0.13478076458,0.442799210548,0.468047261238,-0.118345618248,0.345323801041,0.46115899086,-0.114241421223,0.246657013893,0.454230308533,-0.109791614115,0.147089734674,0.447010815144,-0.106525592506,0.0495385378599,0.440007507801,-0.105576954782,-0.0468993037939,0.433692276478,-0.103053286672,-0.145840495825,0.425266444683,-0.103798151016,-0.244063258171,0.418367266655,-0.103925436735,-0.362724334002,0.360728383064,-0.126133531332,-0.358633846045,0.348589599133,-0.163140356541,-0.358633846045
1776890925.49,0.468718141317,-0.141308709979,0.443108588457,0.465864121914,-0.122985079885,0.345925450325,0.45963716507,-0.119362980127,0.247176125646,0.453420758247,-0.115879416466,0.147536233068,0.447473049164,-0.113093011081,0.0499791279435,0.439358651638,-0.111090868711,-0.0464927852154,0.434087395668,-0.107892252505,-0.146334409714,0.426456034184,-0.10800036788,-0.243203431368,0.417846858501,-0.105109356344,-0.36279168725,0.356563389301,-0.13127823174,-0.358633846045,0.348550498486,-0.163166254759,-0.358633846045
1776890925.51,0.465673178434,-0.145809471607,0.443271428347,0.461346566677,-0.132439509034,0.345974743366,0.456951439381,-0.13014473021,0.247204467654,0.45220386982,-0.127466127276,0.148142665625,0.446943938732,-0.12473654002,0.0498191639781,0.440074026585,-0.121852003038,-0.0469461679459,0.435157477856,-0.117449223995,-0.146042257547,0.426952421665,-0.114438228309,-0.243065387011,0.418839693069,-0.107512757182,-0.362172842026,0.352680921555,-0.136474892497,-0.358633846045,0.348616540432,-0.163151204586,-0.358633846045
1776890925.52,0.460721939802,-0.152926012874,0.443598031998,0.459276616573,-0.137093529105,0.346334636211,0.455292224884,-0.135263666511,0.24709635973,0.451316416264,-0.132922396064,0.147710800171,0.446488797665,-0.130132436752,0.0496411025524,0.440090060234,-0.127403527498,-0.0468169003725,0.435404896736,-0.121632985771,-0.146078497171,0.427669763565,-0.118266575038,-0.24267038703,0.419231057167,-0.109323501587,-0.361785262823,0.349093854427,-0.141718760133,-0.358633846045,0.348451912403,-0.16318051517,-0.358633846045
1776890925.54,0.457137078047,-0.157944068313,0.443872183561,0.455183267593,-0.146465212107,0.346574723721,0.452488422394,-0.145583987236,0.247480869293,0.449492692947,-0.143544375896,0.147804543376,0.445853948593,-0.141630038619,0.0504427328706,0.439976215363,-0.137537866831,-0.0475139319897,0.435307085514,-0.130652591586,-0.1468334198,0.430171728134,-0.124194651842,-0.241180956364,0.420801281929,-0.11224783957,-0.362284779549,0.345814526081,-0.147004246712,-0.358633846045,0.348574817181,-0.163153126836,-0.358633846045
1776890925.55,0.452624976635,-0.163958594203,0.444148123264,0.45300257206,-0.15100069344,0.346760421991,0.45077341795,-0.150394320488,0.247813820839,0.448375344276,-0.149057000875,0.147845342755,0.445554435253,-0.146357536316,0.050310023129,0.440055072308,-0.14252834022,-0.0468668490648,0.435867726803,-0.134400829673,-0.14587572217,0.429118037224,-0.127301797271,-0.242460846901,0.421812772751,-0.113650113344,-0.36142167449,0.342854440212,-0.152324944735,-0.358633846045,0.348599672318,-0.163123726845,-0.358633846045
1776890925.57,0.448884606361,-0.168757870793,0.444432169199,0.448388516903,-0.15917289257,0.347200900316,0.447451412678,-0.159715011716,0.248164579272,0.446109890938,-0.158424526453,0.147733449936,0.443904221058,-0.155952811241,0.0503507480025,0.439388096333,-0.151294082403,-0.0467788875103,0.436732053757,-0.140939503908,-0.143456846476,0.430583834648,-0.133252039552,-0.24182471633,0.423509418964,-0.118081204593,-0.361050009727,0.340224325657,-0.157673701644,-0.358633846045,0.348620414734,-0.16323710978,-0.358633846045
1776890925.58,0.445492297411,-0.172979742289,0.444793701172,0.445994257927,-0.162895470858,0.347258090973,0.445241510868,-0.163875818253,0.248418539762,0.444468379021,-0.162845432758,0.148178040981,0.443100512028,-0.160654842854,0.0504645928741,0.43938344717,-0.155215084553,-0.0459680557251,0.436248421669,-0.145305857062,-0.145962178707,0.432497501373,-0.136233821511,-0.240327686071,0.42478120327,-0.120228111744,-0.361617743969,0.337933778763,-0.163042604923,-0.358633846045,0.34856814146,-0.163286745548,-0.358633846045
1776890925.6,0.442034184933,-0.177144467831,0.445277303457,0.441648006439,-0.169964566827,0.34776943922,0.440961956978,-0.171130612493,0.248976409435,0.441468238831,-0.170466884971,0.148533672094,0.440811991692,-0.167475029826,0.0508096814156,0.438637137413,-0.162369713187,-0.0453191548586,0.436462104321,-0.151638120413,-0.144640535116,0.433667004108,-0.142026051879,-0.240233927965,0.427063286304,-0.125710070133,-0.360151410103,0.33599126339,-0.1684230268,-0.358633846045,0.348434329033,-0.16322350502,-0.358633846045
1776890925.61,0.439730077982,-0.179974108934,0.445629328489,0.439415931702,-0.172734901309,0.348075509071,0.439072370529,-0.174405410886,0.249021708965,0.439447760582,-0.173865228891,0.149141833186,0.439887464046,-0.171017244458,0.0517539530993,0.437637984753,-0.164835348725,-0.0459623336792,0.436312437057,-0.154712736607,-0.145031541586,0.433994889259,-0.144701585174,-0.239950805902,0.428511500359,-0.128243342042,-0.360418438911,0.334403932095,-0.173805758357,-0.358633846045,0.348521947861,-0.163213983178,-0.358633846045
1776890925.63,0.437541753054,-0.182773664594,0.446051210165,0.435425341129,-0.177403628826,0.348447501659,0.435189962387,-0.179048031569,0.24906681478,0.435698747635,-0.178931295872,0.149499371648,0.436226248741,-0.175921455026,0.0516377240419,0.435555458069,-0.170501828194,-0.0454004257917,0.435858309269,-0.160439059138,-0.144270986319,0.434539496899,-0.150671213865,-0.240351855755,0.432070851326,-0.135168582201,-0.359609037638,0.333177566528,-0.17918099463,-0.358633846045,0.348488986492,-0.163219168782,-0.358633846045
1776890925.64,0.435730338097,-0.185307011008,0.44649887085,0.433619201183,-0.17922963202,0.348748803139,0.433395504951,-0.180556848645,0.2494289428,0.434224128723,-0.180815458298,0.150377318263,0.434842348099,-0.177824661136,0.0518944784999,0.43453001976,-0.172976255417,-0.0449189841747,0.435629785061,-0.162612065673,-0.144717276096,0.43553340435,-0.15375174582,-0.240287482738,0.433495163918,-0.138523161411,-0.358779996634,0.332316339016,-0.18453848362,-0.358633846045,0.348539710045,-0.163239359856,-0.358633846045
1776890925.66,0.434474021196,-0.18735691905,0.447035819292,0.43049633503,-0.182473942637,0.349519103765,0.429638683796,-0.183224365115,0.250486642122,0.430352628231,-0.18268571794,0.15017464757,0.431417524815,-0.180747702718,0.0527127310634,0.431071221828,-0.175477102399,-0.0454694628716,0.433213174343,-0.167314916849,-0.145379751921,0.435981929302,-0.15956042707,-0.239848583937,0.436814010143,-0.145813062787,-0.359163224697,0.331822931767,-0.189867585897,-0.358633846045,0.348608613014,-0.163239657879,-0.358633846045
1776890925.67,0.433689534664,-0.189232259989,0.447650164366,0.429397344589,-0.183247864246,0.349649012089,0.428169488907,-0.184019714594,0.250818014145,0.428517043591,-0.183215796947,0.150791943073,0.430220782757,-0.181323647499,0.0526587441564,0.429936885834,-0.177340462804,-0.044451624155,0.432685136795,-0.16838619113,-0.144616484642,0.435494661331,-0.162624642253,-0.240232765675,0.438797950745,-0.149649292231,-0.35940861702,0.33169823885,-0.195157378912,-0.358633846045,0.34856647253,-0.163203373551,-0.358633846045
1776890925.69,0.433363646269,-0.191062256694,0.448368221521,0.428143978119,-0.185413703322,0.350407838821,0.426581323147,-0.185073137283,0.251295804977,0.426145255566,-0.184073224664,0.151398867369,0.427457511425,-0.182533696294,0.0542719438672,0.427523434162,-0.179079562426,-0.0438648760319,0.432285130024,-0.172945514321,-0.143111020327,0.436744272709,-0.168163508177,-0.239369660616,0.441963791847,-0.158061385155,-0.358578383923,0.331941485405,-0.200396776199,-0.358633846045,0.34852796793,-0.163185760379,-0.358633846045
1776890925.7,0.433379948139,-0.192644178867,0.449086666107,0.427412986755,-0.186134949327,0.350575447083,0.425728738308,-0.185452967882,0.251807332039,0.424830913544,-0.183683171868,0.151149049401,0.426124930382,-0.182124957442,0.0540846064687,0.426478981972,-0.179631456733,-0.0439122319221,0.432420372963,-0.17514577508,-0.141640722752,0.437191009521,-0.170835763216,-0.238819390535,0.443736970425,-0.162845954299,-0.35854691267,0.332550168037,-0.205574631691,-0.358633846045,0.34849178791,-0.163075044751,-0.358633846045
1776890925.72,0.433786898851,-0.194282323122,0.449878692627,0.427530050278,-0.18792361021,0.351614415646,0.425046026707,-0.185725092888,0.252628445625,0.423775851727,-0.183857604861,0.152434438467,0.424202620983,-0.182502046227,0.0549770221114,0.424927353859,-0.180711999536,-0.0428558140993,0.430780589581,-0.177090704441,-0.142019867897,0.438131153584,-0.17637039721,-0.237617373466,0.445743262768,-0.173669949174,-0.358729422092,0.333519995213,-0.210679903626,-0.358633846045,0.348403692245,-0.163063645363,-0.358633846045
1776890925.73,0.434584587812,-0.195959344506,0.450707495213,0.427782833576,-0.188411593437,0.351884424686,0.425109446049,-0.186169072986,0.252794712782,0.423445641994,-0.183923512697,0.152736783028,0.423908293247,-0.182423144579,0.0554278641939,0.42435759306,-0.181176245213,-0.0423161387444,0.431322932243,-0.17856310308,-0.141219526529,0.438414812088,-0.179250150919,-0.238320976496,0.447743833065,-0.177406400442,-0.357771813869,0.334845066071,-0.215701669455,-0.358633846045,0.348424732685,-0.163071393967,-0.358633846045
1776890925.75,0.435771256685,-0.197610870004,0.451584219933,0.428692102432,-0.190272092819,0.352895021439,0.425450861454,-0.18724013865,0.253707528114,0.423619866371,-0.184228137136,0.153879657388,0.423909425735,-0.182752341032,0.0564918220043,0.424663126469,-0.181895419955,-0.041097253561,0.431348860264,-0.18080124259,-0.140689998865,0.4399741292,-0.184690654278,-0.236225813627,0.450424730778,-0.186246722937,-0.355398446321,0.336517632008,-0.22062933445,-0.358633846045,0.348493516445,-0.163069367409,-0.358633846045
1776890925.76,0.437308937311,-0.199257835746,0.452355712652,0.429382503033,-0.191315278411,0.353518754244,0.426040768623,-0.188065841794,0.254777848721,0.424362719059,-0.184851512313,0.154811903834,0.424772977829,-0.183326870203,0.0579892918468,0.425770998001,-0.182971060276,-0.0407491773367,0.432400286198,-0.182788401842,-0.139123767614,0.440538406372,-0.187452286482,-0.23563939333,0.451051652431,-0.190277025104,-0.354809343815,0.338528692722,-0.225452691317,-0.358633846045,0.348494708538,-0.163108244538,-0.358633846045
1776890925.78,0.439372509718,-0.200983300805,0.453226447105,0.430115520954,-0.192187741399,0.354243159294,0.427067816257,-0.188532918692,0.255526661873,0.425126671791,-0.18533487618,0.155322164297,0.425402462482,-0.183574050665,0.0584600642323,0.426627635956,-0.183581769466,-0.039878025651,0.434045791626,-0.184719741344,-0.137650519609,0.441130459309,-0.190047234297,-0.236112207174,0.451642036438,-0.194809526205,-0.354151815176,0.340867459774,-0.230162069201,-0.358633846045,0.348352313042,-0.163021892309,-0.358633846045
1776890925.79,0.44160670042,-0.202565401793,0.453956872225,0.431411504745,-0.193392693996,0.354921281338,0.428274273872,-0.189452275634,0.256077826023,0.426516413689,-0.186163038015,0.156341552734,0.426664292812,-0.184120327234,0.0584475472569,0.427869260311,-0.184803813696,-0.0391868650913,0.434569954872,-0.187229588628,-0.138641178608,0.44217133522,-0.192526802421,-0.235773205757,0.452542304993,-0.199243217707,-0.353708326817,0.343522071838,-0.234748318791,-0.358633846045,0.348460376263,-0.163076117635,-0.358633846045
1776890925.81,0.44404271245,-0.204051449895,0.454559743404,0.436456501484,-0.196770593524,0.356497466564,0.433222711086,-0.1929885149,0.257644563913,0.431924283504,-0.18917620182,0.1574690938,0.432389318943,-0.188516229391,0.0601756647229,0.433268368244,-0.190147653222,-0.0372863858938,0.439437329769,-0.194326996803,-0.13664367795,0.445475578308,-0.202044293284,-0.23250362277,0.45292276144,-0.211030513048,-0.350455909967,0.346479296684,-0.239203050733,-0.358633846045,0.348411142826,-0.163207918406,-0.358633846045
1776890925.82,0.446769118309,-0.205383241177,0.454985320568,0.438485622406,-0.198243573308,0.357103735209,0.43554264307,-0.194400250912,0.258213996887,0.434448063374,-0.19088499248,0.158199161291,0.434882521629,-0.19038619101,0.0606263279915,0.435662448406,-0.19289213419,-0.0371447056532,0.441347122192,-0.197392478585,-0.135552495718,0.446493327618,-0.205967441201,-0.23252376914,0.453058719635,-0.217273578048,-0.352414190769,0.349724948406,-0.243518531322,-0.358633846045,0.348394751549,-0.163153663278,-0.358633846045
1776890925.84,0.449568063021,-0.206502243876,0.455196976662,0.442688405514,-0.200978145003,0.357841581106,0.440917551517,-0.198104992509,0.259075641632,0.440074443817,-0.19539180398,0.158768460155,0.440568566322,-0.19518391788,0.0612763166428,0.440796077251,-0.19851256907,-0.0357252955437,0.444867432117,-0.203462064266,-0.13559666276,0.448485434055,-0.212542846799,-0.232159674168,0.453572809696,-0.223694637418,-0.350630015135,0.353244125843,-0.247687876225,-0.358633846045,0.348579764366,-0.163384318352,-0.358633846045
1776890925.85,0.452971935272,-0.207482501864,0.455217957497,0.444877266884,-0.202932059765,0.358055263758,0.44375193119,-0.200034320354,0.25863841176,0.443325638771,-0.197784259915,0.159160777926,0.443847954273,-0.198233887553,0.061542712152,0.443275630474,-0.20181325078,-0.0358354002237,0.44719171524,-0.206884354353,-0.134091317654,0.449445128441,-0.216248467565,-0.231548339128,0.453511893749,-0.227198570967,-0.350923776627,0.357021033764,-0.251705020666,-0.358633846045,0.348564088345,-0.163436084986,-0.358633846045
1776890925.87,0.45670029521,-0.208139210939,0.45496198535,0.449942529202,-0.205835491419,0.358280271292,0.449710845947,-0.204838708043,0.259482055902,0.449754714966,-0.204228490591,0.15942491591,0.450249969959,-0.205321773887,0.0621815025806,0.449050188065,-0.209425032139,-0.0350593179464,0.450724959373,-0.214504063129,-0.134751737118,0.451990902424,-0.223681136966,-0.230610519648,0.453710615635,-0.233342185616,-0.350263863802,0.361039638519,-0.255564719439,-0.358633846045,0.348568320274,-0.163318276405,-0.358633846045
1776890925.88,0.460383534431,-0.208505406976,0.454469323158,0.452397406101,-0.207036331296,0.358457267284,0.452549695969,-0.207229822874,0.259719312191,0.452793180943,-0.207544028759,0.159763932228,0.453194022179,-0.208847463131,0.0619613081217,0.451717197895,-0.21359397471,-0.0349968969822,0.453068912029,-0.218748196959,-0.134536474943,0.453045666218,-0.227180480957,-0.230652093887,0.452981591225,-0.23698541522,-0.351106435061,0.365283429623,-0.2592625916,-0.358633846045,0.348622441292,-0.163388192654,-0.358633846045
1776890925.9,0.463931500912,-0.208578959107,0.453848093748,0.457873642445,-0.210412949324,0.35840255022,0.458575606346,-0.212468802929,0.259786367416,0.459122240543,-0.214278832078,0.159225553274,0.459503054619,-0.21732288599,0.06213677302,0.457024276257,-0.221865192056,-0.0357389599085,0.456877708435,-0.226691141725,-0.135172575712,0.455678284168,-0.234197080135,-0.232059627771,0.453037798405,-0.242702633142,-0.350957870483,0.369735836983,-0.26279515028,-0.358633846045,0.348558843136,-0.1632027179,-0.358633846045
1776890925.91,0.467692792416,-0.208442181349,0.453096240759,0.460623979568,-0.211434438825,0.357739210129,0.461405456066,-0.214726373553,0.25936371088,0.462021589279,-0.217772051692,0.159185022116,0.462238311768,-0.221509978175,0.0616159513593,0.460030436516,-0.226045772433,-0.0357054024935,0.459429144859,-0.231255754828,-0.135174363852,0.456782102585,-0.237771943212,-0.232018440962,0.452827751637,-0.245072796941,-0.351324379444,0.374380469322,-0.266159683466,-0.358633846045,0.348471403122,-0.163166105747,-0.358633846045
1776890925.93,0.472089886665,-0.208080291748,0.45210903883,0.466257989407,-0.213776320219,0.357351958752,0.466981232166,-0.219237908721,0.258425235748,0.467859387398,-0.224395230412,0.158529192209,0.467849075794,-0.229943290353,0.0611200630665,0.465152800083,-0.235379770398,-0.0360224694014,0.462851107121,-0.239493310452,-0.135730803013,0.459471166134,-0.245373472571,-0.231565386057,0.453179061413,-0.250598311424,-0.352499604225,0.379200994968,-0.26935428381,-0.358633846045,0.348547279835,-0.163178622723,-0.358633846045
1776890925.94,0.476276516914,-0.207552015781,0.451015084982,0.46891194582,-0.215028569102,0.357083380222,0.469747066498,-0.221519842744,0.258382439613,0.470640420914,-0.227758899331,0.158583953977,0.470668017864,-0.233825311065,0.0608686879277,0.467143177986,-0.240217372775,-0.0363053679466,0.464668095112,-0.244161680341,-0.136006057262,0.460250854492,-0.249096363783,-0.232251375914,0.454244673252,-0.253505825996,-0.351947426796,0.384181678295,-0.272377818823,-0.358633846045,0.348443448544,-0.163118764758,-0.358633846045
1776890925.96,0.4803173244,-0.206949293613,0.450078219175,0.474332630634,-0.216678202152,0.356137096882,0.474972784519,-0.225140303373,0.257500231266,0.475356638432,-0.23288962245,0.157269567251,0.475065767765,-0.240843996406,0.0600101202726,0.471242487431,-0.248157039285,-0.0368560105562,0.46817690134,-0.251699715853,-0.137058109045,0.462406516075,-0.255885511637,-0.233708798885,0.454361438751,-0.259189933538,-0.352696985006,0.389307022095,-0.275229811668,-0.358633846045,0.34851449728,-0.163120493293,-0.358633846045
1776890925.97,0.484360486269,-0.206232339144,0.44898340106,0.477182269096,-0.217023789883,0.355188906193,0.47765403986,-0.226496770978,0.256620973349,0.477851748466,-0.235618114471,0.157263979316,0.477210104465,-0.244096070528,0.0597776770592,0.472579538822,-0.251690506935,-0.0371520668268,0.469000279903,-0.255659133196,-0.137402802706,0.463321745396,-0.259575903416,-0.233908832073,0.455252885818,-0.262347519398,-0.352953970432,0.394562363625,-0.27791044116,-0.358633846045,0.348551988602,-0.16312366724,-0.358633846045
1776890925.99,0.489068567753,-0.205301806331,0.447848916054,0.483000993729,-0.217826366425,0.353882908821,0.48284047842,-0.22864921391,0.25514537096,0.481806695461,-0.239350110292,0.156392887235,0.480679929256,-0.249112173915,0.0590692013502,0.475572288036,-0.25748565793,-0.0380620807409,0.472121953964,-0.262300342321,-0.136654138565,0.465079963207,-0.265489012003,-0.234707742929,0.456983327866,-0.267641782761,-0.354094713926,0.399933755398,-0.280420392752,-0.358633846045,0.348582088947,-0.16317525506,-0.358633846045
1776890926,0.493510693312,-0.204489842057,0.446738183498,0.485622763634,-0.217964291573,0.353233188391,0.485020577908,-0.229488417506,0.255045503378,0.483738720417,-0.240978047252,0.155865266919,0.482376277447,-0.251387685537,0.0590035691857,0.476642370224,-0.259954869747,-0.0385113656521,0.472035169601,-0.26449906826,-0.138422995806,0.466100871563,-0.268041044474,-0.23589977622,0.457916080952,-0.270334213972,-0.354259312153,0.405407905579,-0.282760888338,-0.358633846045,0.348454773426,-0.163155034184,-0.358633846045
1776890926.02,0.49814414978,-0.203731402755,0.445511490107,0.43452912569,-0.19572083652,0.356093108654,0.431105196476,-0.191722944379,0.257300287485,0.429609239101,-0.188117876649,0.157080233097,0.430490076542,-0.186857283115,0.0602583810687,0.431429922581,-0.188501641154,-0.0375694483519,0.437769174576,-0.1916705966,-0.137231737375,0.444338977337,-0.198998346925,-0.234164118767,0.453377962112,-0.207458212972,-0.352264374495,0.410972595215,-0.284933567047,-0.358633846045,0.348431944847,-0.163091823459,-0.358633846045
1776890926.03,0.502554774284,-0.203226715326,0.444637417793,0.490777790546,-0.217955440283,0.351732909679,0.489555895329,-0.230509728193,0.253908753395,0.487503886223,-0.24242246151,0.154749900103,0.484940588474,-0.253442198038,0.057347252965,0.478569865227,-0.263297826052,-0.0393357276917,0.474293231964,-0.268349826336,-0.139222949743,0.468020379543,-0.273393630981,-0.235631793737,0.460687160492,-0.2759783566,-0.35528331995,0.41661632061,-0.286940306425,-0.358633846045,0.348478019238,-0.163193359971,-0.358633846045
1776890926.05,0.506256937981,-0.202955633402,0.443764001131,0.498766005039,-0.217094257474,0.349958717823,0.495655477047,-0.230234637856,0.251483559608,0.491984367371,-0.242330819368,0.15283100307,0.488296031952,-0.253913909197,0.0557841733098,0.481338262558,-0.265295177698,-0.0408671945333,0.477522671223,-0.271901637316,-0.139322578907,0.47107732296,-0.278650909662,-0.237693846226,0.463996767998,-0.285026341677,-0.356188952923,0.422328591347,-0.288783341646,-0.358633846045,0.348431408405,-0.163196340203,-0.358633846045
1776890926.06,0.511035382748,-0.202784746885,0.442853271961,0.501579940319,-0.216817870736,0.349030673504,0.497853457928,-0.22903175652,0.250712633133,0.493211448193,-0.241638690233,0.152332857251,0.489148557186,-0.253770112991,0.0557739809155,0.482606232166,-0.264655143023,-0.041616126895,0.477949857712,-0.272570967674,-0.141092807055,0.472754597664,-0.2806853652,-0.23758110404,0.466136515141,-0.288087785244,-0.356582552195,0.428099870682,-0.290465027094,-0.358633846045,0.348488628864,-0.163171321154,-0.358633846045
1776890926.08,0.515146076679,-0.202916875482,0.441975563765,0.506682157516,-0.215952813625,0.348064482212,0.501767814159,-0.227523744106,0.249710425735,0.496387839317,-0.239338383079,0.150911733508,0.491577446461,-0.250905394554,0.053844191134,0.484743893147,-0.263131529093,-0.0425745844841,0.480456769466,-0.272712886333,-0.142610490322,0.475465714931,-0.282988876104,-0.238858193159,0.469507694244,-0.294348239899,-0.35757625103,0.433921456337,-0.291987806559,-0.358633846045,0.348602116108,-0.163225144148,-0.358633846045
1776890926.09,0.519151091576,-0.203377902508,0.441232353449,0.509067118168,-0.215585544705,0.347423136234,0.503723800182,-0.226629659534,0.249274402857,0.498113512993,-0.237376883626,0.149940192699,0.492821931839,-0.249646350741,0.0533451884985,0.485884010792,-0.261743932962,-0.0435101538897,0.481779515743,-0.272393643856,-0.142436295748,0.476649105549,-0.284696042538,-0.238652199507,0.471012473106,-0.297471225262,-0.357662379742,0.439785599709,-0.293354183435,-0.358633846045,0.348594963551,-0.163200631738,-0.358633846045
1776890926.11,0.523073613644,-0.204119339585,0.440485477448,0.514430344105,-0.214582264423,0.346381366253,0.508015632629,-0.22433309257,0.247914135456,0.502021253109,-0.235171332955,0.149498894811,0.496588110924,-0.246209561825,0.0524027049541,0.488741099834,-0.259289205074,-0.0440490841866,0.484804093838,-0.271635234356,-0.143500775099,0.479850769043,-0.286355286837,-0.239184290171,0.474548101425,-0.302637994289,-0.357720375061,0.445685386658,-0.294566601515,-0.358633846045,0.3485699296,-0.163211867213,-0.358633846045
1776890926.12,0.526853561401,-0.205150917172,0.439811855555,0.493682265282,-0.217770189047,0.351170003414,0.491560637951,-0.230836197734,0.253266781569,0.488994657993,-0.24342353642,0.154507681727,0.485830664635,-0.254200905561,0.0572595670819,0.479698836803,-0.264094769955,-0.0398575216532,0.475156366825,-0.269665330648,-0.139583706856,0.469012916088,-0.275300711393,-0.236519664526,0.461446940899,-0.278831243515,-0.356082975864,0.451614677906,-0.295627385378,-0.358633846045,0.348500311375,-0.163194000721,-0.358633846045
1776890926.14,0.530484497547,-0.206355512142,0.439083397388,0.521964550018,-0.214085832238,0.344757258892,0.515187144279,-0.22152146697,0.246192842722,0.508632361889,-0.230250716209,0.147478759289,0.502469956875,-0.240778252482,0.050257243216,0.494808137417,-0.254526019096,-0.0464651733637,0.490471422672,-0.269909709692,-0.144787162542,0.485900819302,-0.288601398468,-0.239726811647,0.480184078217,-0.310275524855,-0.35694026947,0.457568049431,-0.296538800001,-0.358633846045,0.348542571068,-0.163147434592,-0.358633846045
1776890926.15,0.53379958868,-0.20763105154,0.438264608383,0.524739742279,-0.214628905058,0.344002813101,0.517756700516,-0.221208840609,0.24567489326,0.511212348938,-0.228998497128,0.146959275007,0.504616677761,-0.239496842027,0.0498090982437,0.497118771076,-0.253719896078,-0.0464844703674,0.492939889431,-0.269166171551,-0.144711077213,0.487874805927,-0.288550585508,-0.240062713623,0.482250392437,-0.312162697315,-0.357141137123,0.463540732861,-0.297302752733,-0.358633846045,0.348498284817,-0.163112819195,-0.358633846045
1776890926.17,0.536838829517,-0.208837360144,0.437641441822,0.529741823673,-0.215341895819,0.343197524548,0.523113787174,-0.221137657762,0.244660466909,0.516224324703,-0.227623537183,0.145130366087,0.509937942028,-0.237646490335,0.0486416295171,0.502457201481,-0.251561552286,-0.0476917177439,0.497384428978,-0.268467098475,-0.145566910505,0.492075383663,-0.289447456598,-0.240543782711,0.485940515995,-0.315257608891,-0.356949537992,0.46952855587,-0.297921091318,-0.358633846045,0.348578751087,-0.163200035691,-0.358633846045
1776890926.18,0.540048837662,-0.21027636528,0.4368275702,0.532332956791,-0.216239467263,0.34261482954,0.526003360748,-0.220882445574,0.243629574776,0.519266188145,-0.227487236261,0.144960805774,0.512738823891,-0.236913397908,0.0472823530436,0.504916071892,-0.251086592674,-0.0484227538109,0.500494480133,-0.268042057753,-0.146570116282,0.494779288769,-0.289879024029,-0.240577161312,0.488255977631,-0.316507011652,-0.357530742884,0.475527882576,-0.298395216465,-0.358633846045,0.348565042019,-0.163153201342,-0.358633846045
1776890926.2,0.542892277241,-0.21160261333,0.436295956373,0.536818385124,-0.217789590359,0.341375529766,0.531242907047,-0.222006678581,0.242487609386,0.525129497051,-0.228062987328,0.143485605717,0.519289374352,-0.236958757043,0.0462399423122,0.511063337326,-0.250682532787,-0.049897685647,0.505561947823,-0.268139690161,-0.147649228573,0.499803543091,-0.290529847145,-0.241399556398,0.492170631886,-0.318142622709,-0.358034044504,0.481535315514,-0.298726350069,-0.358633846045,0.348583102226,-0.163186073303,-0.358633846045
1776890926.21,0.545497477055,-0.212954491377,0.435693114996,0.539391279221,-0.218719661236,0.341113388538,0.533756732941,-0.223293721676,0.242416143417,0.52838152647,-0.228996023536,0.143278539181,0.522646307945,-0.237277179956,0.0457548052073,0.514726817608,-0.251488894224,-0.0498262643814,0.508807301521,-0.268443495035,-0.14817199111,0.50209903717,-0.290193557739,-0.243280500174,0.494465410709,-0.318276882172,-0.358351796865,0.487547874451,-0.298915237188,-0.358633846045,0.348601222038,-0.163190364838,-0.358633846045
1776890926.23,0.547788083553,-0.214371427894,0.435131460428,0.519230425358,-0.214012563229,0.345028936863,0.512846529484,-0.222387671471,0.246658802032,0.506443202496,-0.231922775507,0.14845097065,0.500081062317,-0.242391765118,0.050888620317,0.492654323578,-0.256190270185,-0.0453975945711,0.488341271877,-0.270208448172,-0.144304782152,0.483423709869,-0.287941664457,-0.238811343908,0.478453457355,-0.308102071285,-0.357094228268,0.493562698364,-0.298962444067,-0.358633846045,0.348564267159,-0.163202509284,-0.358633846045
1776890926.24,0.549799978733,-0.215656623244,0.434901028872,0.543585717678,-0.221481025219,0.340543448925,0.539196491241,-0.225891023874,0.241500049829,0.534148752689,-0.231683269143,0.14221650362,0.529040455818,-0.239773973823,0.0447164699435,0.520894348621,-0.253191292286,-0.0515483468771,0.51508641243,-0.270089775324,-0.149638324976,0.508151948452,-0.29109749198,-0.244065999985,0.499154686928,-0.318115770817,-0.360222578049,0.499577105045,-0.29886803031,-0.358633846045,0.348549544811,-0.163165703416,-0.358633846045
1776890926.26,0.551874220371,-0.217228874564,0.434550791979,0.549709260464,-0.225110054016,0.33933788538,0.546623110771,-0.23093983531,0.240747481585,0.543176531792,-0.237833410501,0.141211643815,0.538976550102,-0.246610939503,0.0438519045711,0.531242728233,-0.258902221918,-0.0526374578476,0.525541007519,-0.273918926716,-0.150835573673,0.517263293266,-0.292517185211,-0.246093630791,0.506563365459,-0.315407246351,-0.362974703312,0.505588293076,-0.2986317873,-0.358633846045,0.348552763462,-0.163164421916,-0.358633846045
1776890926.27,0.553584098816,-0.218712553382,0.434354871511,0.551468014717,-0.226643458009,0.339447200298,0.548796951771,-0.233091443777,0.240648627281,0.545657455921,-0.240005105734,0.14067800343,0.541997134686,-0.249365970492,0.0440097525716,0.534484803677,-0.261180967093,-0.0530667304993,0.528666913509,-0.275653034449,-0.151435017586,0.520227015018,-0.292741477489,-0.246503680944,0.508800327778,-0.313797861338,-0.363712519407,0.511593341827,-0.298253118992,-0.358633846045,0.348533213139,-0.163080438972,-0.358633846045
1776890926.29,0.555212914944,-0.220192179084,0.434363603592,0.554819822311,-0.22946588695,0.338794082403,0.55286449194,-0.237068161368,0.239961609244,0.550795137882,-0.245304331183,0.140663713217,0.547584831715,-0.254976183176,0.043610073626,0.540990352631,-0.266559630632,-0.0530019253492,0.534860789776,-0.278731882572,-0.151616364717,0.526157319546,-0.293709903955,-0.247356504202,0.5151232481,-0.310254722834,-0.365470767021,0.517589211464,-0.297731071711,-0.358633846045,0.348556280136,-0.163073420525,-0.358633846045
1776890926.3,0.556623220444,-0.22156830132,0.434496730566,0.556077301502,-0.231093302369,0.338587164879,0.554824888706,-0.23933814466,0.239944159985,0.553205609322,-0.247976318002,0.14087498188,0.550316154957,-0.25841781497,0.0441160351038,0.543946385384,-0.269414782524,-0.0531253367662,0.537594377995,-0.280429422855,-0.152634263039,0.529571771622,-0.29361397028,-0.248293757439,0.518005073071,-0.308287978172,-0.366883784533,0.523572444916,-0.297064363956,-0.358633846045,0.348383426666,-0.163015305996,-0.358633846045
1776890926.32,0.557968974113,-0.222839951515,0.434671998024,0.558977484703,-0.234264135361,0.338994652033,0.558252215385,-0.243714228272,0.239989116788,0.557120263577,-0.253619849682,0.141258254647,0.554910182953,-0.263816893101,0.0442694947124,0.548839211464,-0.274191200733,-0.0530673712492,0.543370604515,-0.283609956503,-0.152269989252,0.535960912704,-0.293595701456,-0.247822374105,0.524999558926,-0.304167628288,-0.367648094893,0.529539227486,-0.296251475811,-0.358633846045,0.348425686359,-0.16303524375,-0.358633846045
1776890926.33,0.55952578783,-0.224146932364,0.434929341078,0.560210764408,-0.235858008265,0.338957875967,0.559792041779,-0.246248051524,0.240665897727,0.558685898781,-0.255988687277,0.140845745802,0.556756198406,-0.266426771879,0.0442638322711,0.551634788513,-0.277224808931,-0.0521401762962,0.545829713345,-0.284882754087,-0.152143895626,0.538580656052,-0.293444216251,-0.248091936111,0.528909444809,-0.301995873451,-0.367992937565,0.535485088825,-0.295290499926,-0.358633846045,0.348481595516,-0.163042739034,-0.358633846045
1776890926.35,0.560857713223,-0.225112035871,0.435410320759,0.562639951706,-0.239145904779,0.339428573847,0.562134802341,-0.250137209892,0.241103455424,0.561610102654,-0.260832250118,0.141421675682,0.56009966135,-0.270314872265,0.0444972515106,0.55527818203,-0.279961258173,-0.0526533424854,0.551039636135,-0.2862162292,-0.152440130711,0.545081317425,-0.292629897594,-0.247913271189,0.536579430103,-0.297165244818,-0.368462175131,0.541405200958,-0.294179409742,-0.358633846045,0.348356306553,-0.163048088551,-0.358633846045
1776890926.36,0.562100827694,-0.225878998637,0.435996830463,0.563357293606,-0.24040466547,0.339754343033,0.562987327576,-0.251931518316,0.24114793539,0.562501490116,-0.26274111867,0.14227065444,0.561457514763,-0.272609323263,0.0452764183283,0.556944668293,-0.281143516302,-0.0524604916573,0.553502976894,-0.286264210939,-0.152484804392,0.547038435936,-0.291582614183,-0.247092425823,0.540327608585,-0.295125961304,-0.368181228638,0.547293782234,-0.292915940285,-0.358633846045,0.348432898521,-0.163058266044,-0.358633846045
1776890926.38,0.5630864501,-0.226390555501,0.436610370874,0.56530559063,-0.24288238585,0.340661346912,0.565032541752,-0.254621803761,0.242277503014,0.564761281013,-0.265081375837,0.142848864198,0.563847601414,-0.274713009596,0.0455521196127,0.560250759125,-0.28222194314,-0.0518851131201,0.558629631996,-0.285861253738,-0.150466948748,0.554380297661,-0.289239406586,-0.248201191425,0.549482345581,-0.290292084217,-0.367592215538,0.553144574165,-0.291497707367,-0.358633846045,0.348395764828,-0.163082793355,-0.358633846045
1776890926.39,0.564114511013,-0.226848766208,0.437430620193,0.56628882885,-0.24349963665,0.340862810612,0.565637290478,-0.255548119545,0.242576271296,0.565462172031,-0.265758097172,0.143291369081,0.565030574799,-0.275221914053,0.0461678430438,0.561782121658,-0.281924366951,-0.0518617033958,0.560074687004,-0.285245597363,-0.150874495506,0.557177960873,-0.288059532642,-0.247195899487,0.553727865219,-0.288113445044,-0.367527246475,0.558950304985,-0.289922237396,-0.358633846045,0.348481118679,-0.163067907095,-0.358633846045
1776890926.41,0.564702570438,-0.227110490203,0.438182979822,0.567969024181,-0.244056046009,0.341868579388,0.567478001118,-0.255777329206,0.243365585804,0.567050635815,-0.265879690647,0.144134789705,0.566783189774,-0.274322986603,0.0466512292624,0.564325749874,-0.280315846205,-0.0512198507786,0.565063714981,-0.282555758953,-0.15022829175,0.563876211643,-0.28459995985,-0.247791737318,0.562772750854,-0.284208536148,-0.366809695959,0.564702928066,-0.28818705678,-0.358633846045,0.348526358604,-0.163170620799,-0.358633846045
1776890926.42,0.565061748028,-0.22739572823,0.439073979855,0.568745970726,-0.2441162467,0.342095792294,0.5681899786,-0.255301147699,0.243673220277,0.568013608456,-0.264913827181,0.144458815455,0.567955493927,-0.273397177458,0.0470805615187,0.566024959087,-0.279317885637,-0.05011741817,0.567410826683,-0.280753135681,-0.149521291256,0.567057013512,-0.282615512609,-0.247385025024,0.567145109177,-0.281822800636,-0.366393834352,0.570393443108,-0.286289691925,-0.358633846045,0.34855645895,-0.163206070662,-0.358633846045
1776890926.44,0.565107047558,-0.22765623033,0.440003216267,0.569764316082,-0.243570581079,0.34309732914,0.569608390331,-0.253452450037,0.244522839785,0.569480001926,-0.262199044228,0.145232081413,0.57010358572,-0.269736379385,0.0475470125675,0.569189310074,-0.275094270706,-0.0501129478216,0.571545302868,-0.277567237616,-0.149082183838,0.573057770729,-0.278575479984,-0.247465461493,0.576096475124,-0.278352826834,-0.365776628256,0.576012074947,-0.284227877855,-0.358633846045,0.348566234112,-0.163188815117,-0.358633846045
1776890926.45,0.564919888973,-0.227867096663,0.440771520138,0.570094645023,-0.242715388536,0.343539714813,0.570099174976,-0.252336978912,0.245244681835,0.570472955704,-0.260145157576,0.145174250007,0.571545898914,-0.267551898956,0.0479824766517,0.571169555187,-0.272674977779,-0.0495368391275,0.573843359947,-0.275166720152,-0.149193644524,0.576362669468,-0.277013003826,-0.246256530285,0.580635845661,-0.276355534792,-0.365824908018,0.581547856331,-0.281999468803,-0.358633846045,0.348540425301,-0.16318513453,-0.358633846045
1776890926.47,0.564482569695,-0.2280728966,0.441447913647,0.545801877975,-0.222209230065,0.339926838875,0.541476786137,-0.227352872491,0.240896999836,0.537394821644,-0.23321056366,0.141479492188,0.532294631004,-0.242218345404,0.0443260371685,0.524536013603,-0.255018681288,-0.0516160875559,0.518996715546,-0.271184563637,-0.150073051453,0.511068046093,-0.291471123695,-0.244751811028,0.501458346844,-0.317522138357,-0.360745847225,0.586989164352,-0.279602617025,-0.358633846045,0.348571658134,-0.163180992007,-0.358633846045
1776890926.48,0.563759207726,-0.228247597814,0.441988736391,0.545801877975,-0.222209230065,0.339926838875,0.541476786137,-0.227352872491,0.240896999836,0.537394821644,-0.23321056366,0.141479492188,0.532294631004,-0.242218345404,0.0443260371685,0.524536013603,-0.255018681288,-0.0516160875559,0.518996715546,-0.271184563637,-0.150073051453,0.511068046093,-0.291471123695,-0.244751811028,0.501458346844,-0.317522138357,-0.360745847225,0.592323422432,-0.27703589201,-0.358633846045,0.348554849625,-0.163197815418,-0.358633846045
1776890926.5,0.562773644924,-0.228334441781,0.442398309708,0.545801877975,-0.222209230065,0.339926838875,0.541476786137,-0.227352872491,0.240896999836,0.537394821644,-0.23321056366,0.141479492188,0.532294631004,-0.242218345404,0.0443260371685,0.524536013603,-0.255018681288,-0.0516160875559,0.518996715546,-0.271184563637,-0.150073051453,0.511068046093,-0.291471123695,-0.244751811028,0.501458346844,-0.317522138357,-0.360745847225,0.59753704071,-0.274298220873,-0.358633846045,0.348583340645,-0.163349285722,-0.358633846045
1776890926.51,0.561576902866,-0.228312924504,0.442690551281,0.545801877975,-0.222209230065,0.339926838875,0.541476786137,-0.227352872491,0.240896999836,0.537394821644,-0.23321056366,0.141479492188,0.532294631004,-0.242218345404,0.0443260371685,0.524536013603,-0.255018681288,-0.0516160875559,0.518996715546,-0.271184563637,-0.150073051453,0.511068046093,-0.291471123695,-0.244751811028,0.501458346844,-0.317522138357,-0.360745847225,0.602615773678,-0.271389037371,-0.358633846045,0.348788499832,-0.163619369268,-0.358633846045
1776890926.53,0.560160815716,-0.228137552738,0.442899495363,0.57077473402,-0.241335377097,0.344446897507,0.571422696114,-0.249242976308,0.245840191841,0.572278618813,-0.255854010582,0.146121412516,0.573870182037,-0.261799842119,0.0487844273448,0.574851751328,-0.267230421305,-0.0486239045858,0.578983426094,-0.269744366407,-0.148520886898,0.583166122437,-0.272906392813,-0.244860380888,0.588956952095,-0.273221343756,-0.364490181208,0.607544839382,-0.268308401108,-0.358633846045,0.348606586456,-0.163204535842,-0.358633846045
1776890926.54,0.558602333069,-0.227726683021,0.443063944578,0.569343626499,-0.235764726996,0.346524208784,0.57432281971,-0.236597508192,0.24810218811,0.580242335796,-0.237067267299,0.147817179561,0.587177991867,-0.238330945373,0.0505875200033,0.592734217644,-0.242201700807,-0.0456528514624,0.600721418858,-0.245675832033,-0.145446330309,0.608151078224,-0.253734707832,-0.241899877787,0.616445064545,-0.261247456074,-0.361016094685,0.612308502197,-0.265056967735,-0.358633846045,0.34862112999,-0.163339287043,-0.358633846045
1776890926.56,0.557022154331,-0.227032005787,0.443089812994,0.568287789822,-0.233889549971,0.347034156322,0.575063228607,-0.23313549161,0.247982263565,0.583214938641,-0.23212915659,0.148617744446,0.59060138464,-0.232523843646,0.0511633530259,0.597478747368,-0.235634312034,-0.0462116003036,0.606889605522,-0.239756643772,-0.144256532192,0.613963425159,-0.247740030289,-0.240953832865,0.623516380787,-0.256966352463,-0.360326111317,0.616890907288,-0.261636197567,-0.358633846045,0.34852796793,-0.163206577301,-0.358633846045
1776890926.57,0.55514061451,-0.225704908371,0.44288417697,0.567850828171,-0.232896059752,0.346665561199,0.575449943542,-0.231698453426,0.24842582643,0.584130525589,-0.230302155018,0.14927905798,0.593058466911,-0.230518490076,0.0528854429722,0.599825501442,-0.232775911689,-0.04576420784,0.609621465206,-0.237436488271,-0.143622338772,0.617479205132,-0.245711997151,-0.24038541317,0.627155125141,-0.25461474061,-0.359790742397,0.621275603771,-0.258048176765,-0.358633846045,0.348482728004,-0.163178756833,-0.358633846045
1776890926.59,0.553388893604,-0.223928123713,0.442447602749,0.569809019566,-0.236082196236,0.346131503582,0.574055790901,-0.238499328494,0.247727513313,0.579046964645,-0.239689230919,0.148063570261,0.584896981716,-0.24190877378,0.0504533722997,0.589339256287,-0.245545402169,-0.0468738526106,0.597542464733,-0.249250397086,-0.145476162434,0.604300320148,-0.256205767393,-0.243260294199,0.612552642822,-0.26339378953,-0.361185133457,0.625446140766,-0.254295915365,-0.358633846045,0.348607122898,-0.163382217288,-0.358633846045
1776890926.6,0.551768600941,-0.221548140049,0.441926121712,0.566498279572,-0.231148421764,0.347495079041,0.576010644436,-0.228564664721,0.248904556036,0.586235165596,-0.226725205779,0.149590864778,0.596441090107,-0.226251333952,0.0527010634542,0.604336500168,-0.228641673923,-0.045074224472,0.615292072296,-0.232643216848,-0.142837494612,0.623616933823,-0.241116523743,-0.239967644215,0.633982598782,-0.250049710274,-0.358814537525,0.629386007786,-0.250383228064,-0.358633846045,0.348654925823,-0.163107559085,-0.358633846045
1776890926.62,0.550196051598,-0.218283250928,0.441270500422,0.565595686436,-0.229727447033,0.346958577633,0.576219975948,-0.227172985673,0.24837577343,0.587321460247,-0.225211754441,0.149535045028,0.597686231136,-0.223961949348,0.0529874935746,0.606654465199,-0.22686047852,-0.0444782227278,0.617643177509,-0.23032297194,-0.143174260855,0.626399993896,-0.238634049892,-0.240114331245,0.63754928112,-0.247155740857,-0.359109848738,0.633078753948,-0.246314734221,-0.358633846045,0.348661184311,-0.163087174296,-0.358633846045
1776890926.63,0.548948287964,-0.214876994491,0.440475344658,0.563942849636,-0.226923793554,0.346637457609,0.575692236423,-0.224821209908,0.248254477978,0.588344156742,-0.222909227014,0.149357244372,0.600772619247,-0.222255527973,0.0536637604237,0.610551834106,-0.224192366004,-0.0441555529833,0.622825086117,-0.22715716064,-0.142061620951,0.631975412369,-0.234475031495,-0.239143103361,0.64425599575,-0.241550520062,-0.358777374029,0.636508464813,-0.242095947266,-0.358633846045,0.34845739603,-0.16329690814,-0.358633846045
1776890926.65,0.547980189323,-0.211618155241,0.439698904753,0.560949444771,-0.22176592052,0.345336794853,0.573857665062,-0.221384331584,0.247573643923,0.588330626488,-0.220727816224,0.148534104228,0.603032052517,-0.220769062638,0.0528013557196,0.614550828934,-0.221881061792,-0.0445790141821,0.628350555897,-0.223594024777,-0.14237883687,0.639962494373,-0.228516221046,-0.239922523499,0.653477549553,-0.232169345021,-0.358671188354,0.639659643173,-0.237733244896,-0.358633846045,0.348493933678,-0.163194224238,-0.358633846045
1776890926.66,0.5465965271,-0.20613181591,0.438270807266,0.559874236584,-0.219703003764,0.345467567444,0.573294520378,-0.220098674297,0.247383892536,0.587872684002,-0.219980984926,0.148211926222,0.602994382381,-0.219964340329,0.0522593855858,0.615581095219,-0.221754223108,-0.0446865111589,0.63005977869,-0.222586616874,-0.14217042923,0.642563462257,-0.226740062237,-0.239532202482,0.656422138214,-0.228854551911,-0.358852535486,0.642517507076,-0.233233779669,-0.358633846045,0.348589837551,-0.163224846125,-0.358633846045
1776890926.68,0.545388221741,-0.20114736259,0.436894565821,0.558608472347,-0.215213567019,0.343875825405,0.571949541569,-0.217268109322,0.246105521917,0.587007045746,-0.218943059444,0.147141695023,0.60265737772,-0.219609364867,0.0508340373635,0.616300582886,-0.22082272172,-0.0453511476517,0.632501006126,-0.220925375819,-0.142708718777,0.64664375782,-0.2230360955,-0.239748924971,0.662268340588,-0.222225099802,-0.359013289213,0.645068228245,-0.228605508804,-0.358633846045,0.348531246185,-0.163163438439,-0.358633846045
1776890926.69,0.544056713581,-0.195456877351,0.435417532921,0.556831002235,-0.209597125649,0.342528641224,0.570607960224,-0.213462457061,0.244179099798,0.585776925087,-0.216722369194,0.14558199048,0.602154791355,-0.21904926002,0.0503502190113,0.616270720959,-0.220312282443,-0.0468153953552,0.634227514267,-0.219477802515,-0.143814474344,0.649603009224,-0.219449982047,-0.240616708994,0.667551636696,-0.215544968843,-0.359438896179,0.647299051285,-0.223857104778,-0.358633846045,0.348583996296,-0.163192346692,-0.358633846045
1776890926.71,0.542749941349,-0.190391227603,0.433868020773,0.555973291397,-0.206522732973,0.341453909874,0.569755136967,-0.211352780461,0.24334011972,0.585015356541,-0.215481713414,0.144594833255,0.601238846779,-0.217847585678,0.0489673912525,0.615904986858,-0.219101697206,-0.0476695299149,0.63383769989,-0.217884406447,-0.144972622395,0.650827407837,-0.217701584101,-0.241163998842,0.669923782349,-0.212788701057,-0.359485417604,0.649198353291,-0.218997865915,-0.358633846045,0.348460078239,-0.163172349334,-0.358633846045
1776890926.72,0.541591227055,-0.186016559601,0.432600259781,0.555217087269,-0.203392103314,0.340444743633,0.569133281708,-0.209199786186,0.242817461491,0.584519505501,-0.2139685601,0.143784686923,0.600624144077,-0.21695278585,0.04868234694,0.615357339382,-0.21824605763,-0.0483629405499,0.633884251118,-0.216619253159,-0.145711660385,0.651675522327,-0.215670108795,-0.241578221321,0.672692239285,-0.209400743246,-0.360035508871,0.650756061077,-0.214037686586,-0.358633846045,0.348536729813,-0.163181900978,-0.358633846045
1776890926.74,0.539861321449,-0.180469572544,0.430939972401,0.55309253931,-0.196351319551,0.338504970074,0.567382574081,-0.203474938869,0.240356981754,0.582667529583,-0.209344148636,0.141938686371,0.599096536636,-0.213755577803,0.0459298342466,0.614640414715,-0.215604752302,-0.0496207326651,0.633920013905,-0.213194429874,-0.147407829762,0.653256058693,-0.211001336575,-0.242860764265,0.676655173302,-0.203475192189,-0.360205799341,0.651963472366,-0.208986893296,-0.358633846045,0.348516404629,-0.1631744802,-0.358633846045
1776890926.75,0.537774264812,-0.174693822861,0.429234445095,0.551738321781,-0.192608386278,0.337338149548,0.566050887108,-0.199971988797,0.239229157567,0.581891536713,-0.206961274147,0.140795439482,0.598287940025,-0.21134519577,0.045018337667,0.614035725594,-0.214012950659,-0.0501569211483,0.634151399136,-0.211418226361,-0.14855197072,0.653798222542,-0.208814665675,-0.243382394314,0.67842066288,-0.200471431017,-0.360346734524,0.65281355381,-0.20385619998,-0.358633846045,0.348506212234,-0.163172751665,-0.358633846045
1776890926.77,0.536006510258,-0.170615032315,0.427978932858,0.548956811428,-0.185209169984,0.33510863781,0.563591003418,-0.192925512791,0.237613707781,0.57940351963,-0.200057625771,0.138987571001,0.596382558346,-0.205050885677,0.0426338911057,0.612590551376,-0.208008036017,-0.0526620596647,0.632458150387,-0.202602028847,-0.154061079025,0.655205249786,-0.203659281135,-0.244887977839,0.681318819523,-0.195418819785,-0.361690402031,0.653300762177,-0.198656588793,-0.358633846045,0.348497092724,-0.163121774793,-0.358633846045
1776890926.78,0.533997118473,-0.166903868318,0.42685264349,0.548075258732,-0.18162754178,0.33412361145,0.562081515789,-0.188855171204,0.23627834022,0.578237175941,-0.19619974494,0.137853085995,0.595471262932,-0.201471865177,0.0430765226483,0.612004935741,-0.204464793205,-0.0540518462658,0.634890317917,-0.202253192663,-0.151561141014,0.655761659145,-0.201097235084,-0.245594412088,0.682282686234,-0.193088710308,-0.36189058423,0.653421580791,-0.1933991611,-0.358633846045,0.348428368568,-0.163010060787,-0.358633846045
1776890926.8,0.531910896301,-0.16377606988,0.426066279411,0.562741160393,-0.225192353129,0.346241891384,0.5753428936,-0.223763138056,0.248739019036,0.588701725006,-0.221938863397,0.149106711149,0.601830542088,-0.221639364958,0.0538258478045,0.612264692783,-0.223195374012,-0.0433804392815,0.624747514725,-0.225618138909,-0.142274230719,0.635152935982,-0.23262694478,-0.239592701197,0.647175729275,-0.238581895828,-0.358308792114,0.653173983097,-0.18809504807,-0.358633846045,0.348398447037,-0.163261726499,-0.358633846045
1776890926.81,0.529706180096,-0.16142064333,0.425370037556,0.544640898705,-0.174105539918,0.332150638103,0.559045553207,-0.180862545967,0.234921172261,0.575683236122,-0.187490552664,0.135813504457,0.593815386295,-0.192442283034,0.0408275946975,0.611275970936,-0.196322575212,-0.0551842451096,0.634661793709,-0.196257814765,-0.152160823345,0.656403064728,-0.194655880332,-0.246548503637,0.683802604675,-0.189714968204,-0.362694442272,0.652557790279,-0.182755276561,-0.358633846045,0.348563790321,-0.163198947906,-0.358633846045
1776890926.83,0.527550339699,-0.159828901291,0.425015300512,0.541569173336,-0.167574778199,0.330379188061,0.556158065796,-0.172575950623,0.232929885387,0.573322176933,-0.177622139454,0.134166881442,0.591953039169,-0.182257786393,0.0396164804697,0.610575556755,-0.186422631145,-0.055737644434,0.634529590607,-0.187275156379,-0.153782695532,0.656344592571,-0.188117459416,-0.247580260038,0.68398630619,-0.185305133462,-0.364827513695,0.651574492455,-0.177390709519,-0.358633846045,0.348496556282,-0.163129672408,-0.358633846045
1776890926.84,0.525353550911,-0.158961609006,0.425028562546,0.538691341877,-0.162032783031,0.329626381397,0.553714334965,-0.164308726788,0.231632262468,0.570993483067,-0.167409554124,0.132777690887,0.590323328972,-0.170655801892,0.0386949181557,0.609920978546,-0.175007998943,-0.0577061474323,0.63323122263,-0.177136957645,-0.152609556913,0.655929327011,-0.180840834975,-0.24816557765,0.682844877243,-0.182135224342,-0.365006953478,0.650227248669,-0.172011852264,-0.358633846045,0.348594129086,-0.163210257888,-0.358633846045
1776890926.86,0.523360192776,-0.158614143729,0.425303667784,0.536105632782,-0.157190084457,0.3288641572,0.551874577999,-0.156948670745,0.231031596661,0.569354891777,-0.157388865948,0.132303208113,0.589161813259,-0.159273952246,0.0381410121918,0.608307003975,-0.16336505115,-0.0585885494947,0.631346642971,-0.166747570038,-0.154061257839,0.6542121768,-0.17299734056,-0.248539954424,0.681602180004,-0.17876458168,-0.36521089077,0.648520827293,-0.166628822684,-0.358633846045,0.348516643047,-0.16317743063,-0.358633846045
1776890926.87,0.52125442028,-0.158584684134,0.425872564316,0.534871220589,-0.155344605446,0.329062342644,0.550729334354,-0.153433158994,0.231269866228,0.568661749363,-0.152292892337,0.132619053125,0.588044345379,-0.153058513999,0.0379097312689,0.607303917408,-0.15731869638,-0.0582215040922,0.630670845509,-0.161794528365,-0.154016852379,0.652787148952,-0.169328287244,-0.248405486345,0.679712891579,-0.176776185632,-0.365688860416,0.646461427212,-0.161251246929,-0.358633846045,0.348566830158,-0.163180664182,-0.358633846045
1776890926.89,0.51913690567,-0.158735588193,0.426919102669,0.53258985281,-0.152097374201,0.329581260681,0.54934835434,-0.147648662329,0.231768339872,0.567381381989,-0.144229933619,0.133490651846,0.586241960526,-0.142764136195,0.0388253554702,0.604777634144,-0.146212890744,-0.0570392310619,0.627923369408,-0.151737391949,-0.153178095818,0.650134921074,-0.161495804787,-0.247641026974,0.676528394222,-0.173583045602,-0.364511042833,0.644056677818,-0.155888140202,-0.358633846045,0.348501861095,-0.163138285279,-0.358633846045
1776890926.9,0.517857551575,-0.158790007234,0.427800923586,0.531608939171,-0.151255697012,0.330292344093,0.548717975616,-0.145061165094,0.232186555862,0.56673681736,-0.140467628837,0.133851483464,0.58584523201,-0.138783201575,0.0387653931975,0.603814542294,-0.142179772258,-0.0560958683491,0.626398563385,-0.147500067949,-0.152659386396,0.647970318794,-0.157893866301,-0.247068583965,0.674407958984,-0.170235574245,-0.364092826843,0.641315460205,-0.150547891855,-0.358633846045,0.348554849625,-0.163175165653,-0.358633846045
1776890926.92,0.51645886898,-0.158616766334,0.429084867239,0.529729485512,-0.149746134877,0.331516802311,0.546512722969,-0.141674265265,0.233915865421,0.564623236656,-0.134825572371,0.135629892349,0.583510458469,-0.131793215871,0.0407609343529,0.601504147053,-0.133296236396,-0.0551325827837,0.62294203043,-0.139189690351,-0.151626616716,0.644406676292,-0.151756301522,-0.245229005814,0.669228971004,-0.165290415287,-0.363478243351,0.638247728348,-0.145238175988,-0.358633846045,0.348443686962,-0.163170695305,-0.358633846045
1776890926.93,0.515303790569,-0.158087924123,0.430331647396,0.528675973415,-0.149390339851,0.332220137119,0.545522928238,-0.140438839793,0.234871715307,0.563575446606,-0.133227795362,0.137257292867,0.582023501396,-0.128366664052,0.0423177406192,0.599909305573,-0.130313381553,-0.0542141497135,0.621307611465,-0.135846316814,-0.151080876589,0.641972899437,-0.148002520204,-0.245091378689,0.666526675224,-0.161870956421,-0.362118154764,0.634864449501,-0.139965891838,-0.358633846045,0.348591387272,-0.163181498647,-0.358633846045
1776890926.95,0.514220833778,-0.156976401806,0.431743890047,0.526559174061,-0.148895442486,0.333645999432,0.542824685574,-0.139225035906,0.236700952053,0.560619235039,-0.130332142115,0.13807529211,0.579358637333,-0.124916657805,0.0429076105356,0.596887111664,-0.125722914934,-0.0523764640093,0.616677224636,-0.130433812737,-0.149055808783,0.636339366436,-0.141781851649,-0.245275139809,0.660038769245,-0.155795544386,-0.361878335476,0.631177544594,-0.134737178683,-0.358633846045,0.348458886147,-0.163157194853,-0.358633846045
1776890926.96,0.513291656971,-0.15516987443,0.43329808116,0.525586903095,-0.148512557149,0.334575235844,0.541675150394,-0.139026299119,0.237295687199,0.559145867825,-0.130111604929,0.138804093003,0.577775359154,-0.124217756093,0.0435466021299,0.594925105572,-0.124171741307,-0.0519817173481,0.615055441856,-0.128344595432,-0.149193376303,0.634439349174,-0.139071583748,-0.243120759726,0.656759917736,-0.152194261551,-0.361469089985,0.627199411392,-0.129557341337,-0.358633846045,0.348557710648,-0.163189545274,-0.358633846045
1776890926.98,0.512695491314,-0.152812540531,0.434891372919,0.523737847805,-0.147706508636,0.336514592171,0.539375782013,-0.138996705413,0.238797709346,0.556149244308,-0.130737096071,0.140297070146,0.574252784252,-0.124392598867,0.046196192503,0.590656578541,-0.123272784054,-0.0510081350803,0.610326468945,-0.125493943691,-0.14806881547,0.628203690052,-0.134224370122,-0.243551701307,0.649246513844,-0.144158154726,-0.36179497838,0.622943282127,-0.124430894852,-0.358633846045,0.34851872921,-0.163169339299,-0.358633846045
1776890927,0.512386322021,-0.150121852756,0.436260193586,0.523494064808,-0.147099331021,0.337422817945,0.538252353668,-0.139263033867,0.239763468504,0.55487459898,-0.131657898426,0.141097307205,0.572091460228,-0.12531799078,0.0463663935661,0.587674021721,-0.123137772083,-0.0507908165455,0.607461869717,-0.124678701162,-0.147915899754,0.625075340271,-0.132256790996,-0.242599219084,0.645283102989,-0.140225589275,-0.361725896597,0.618422627449,-0.119361497462,-0.358633846045,0.3485070467,-0.163154378533,-0.358633846045
1776890927.01,0.512255787849,-0.145722433925,0.437957406044,0.522387802601,-0.145804494619,0.339223921299,0.536532580853,-0.139726087451,0.240955352783,0.551432073116,-0.133989959955,0.142757922411,0.568273842335,-0.128793522716,0.0471847802401,0.583119213581,-0.126134812832,-0.049805983901,0.601200222969,-0.124507524073,-0.147406578064,0.617697954178,-0.128130435944,-0.242500990629,0.637619495392,-0.130773589015,-0.360768377781,0.613651275635,-0.114352032542,-0.358633846045,0.348585546017,-0.163150191307,-0.358633846045
1776890927.02,0.512309610844,-0.141077309847,0.439332664013,0.52178645134,-0.144629925489,0.340419173241,0.535723745823,-0.140157565475,0.242188721895,0.550350487232,-0.135490894318,0.143121942878,0.56565874815,-0.130305483937,0.0483571961522,0.579631447792,-0.127458065748,-0.0490672141314,0.597699761391,-0.125383675098,-0.146787971258,0.613538682461,-0.126383125782,-0.242568165064,0.633062899113,-0.12617751956,-0.360826164484,0.60864341259,-0.109404556453,-0.358633846045,0.348534524441,-0.163194686174,-0.358633846045
1776890927.04,0.512517094612,-0.135881215334,0.440608412027,0.521242976189,-0.142025142908,0.342182576656,0.534081459045,-0.140518546104,0.244031354785,0.547065854073,-0.138194411993,0.144957572222,0.561426818371,-0.134622722864,0.049402423203,0.573356151581,-0.131528332829,-0.048101708293,0.590369641781,-0.126823991537,-0.146027386189,0.605248093605,-0.123692348599,-0.241913050413,0.624078452587,-0.116566382349,-0.360095143318,0.603413105011,-0.104520380497,-0.358633846045,0.348577916622,-0.163194149733,-0.358633846045
1776890927.05,0.512852847576,-0.130393236876,0.441707104445,0.521078109741,-0.140236496925,0.342744171619,0.533566474915,-0.140217080712,0.24449339509,0.545776367188,-0.139000594616,0.145509064198,0.558913350105,-0.136616647243,0.049191698432,0.570283830166,-0.133117109537,-0.0472804158926,0.586319923401,-0.127568468451,-0.14547547698,0.601038277149,-0.122371062636,-0.241611510515,0.619155108929,-0.112229846418,-0.359698802233,0.597974538803,-0.099700063467,-0.358633846045,0.348463952541,-0.163158997893,-0.358633846045
1776890927.07,0.513364732265,-0.123503886163,0.442858219147,0.520546615124,-0.136232957244,0.344776332378,0.531468689442,-0.139086395502,0.245869338512,0.542251229286,-0.140601202846,0.147108376026,0.554367899895,-0.140009731054,0.0499245077372,0.563831090927,-0.136358961463,-0.0471260100603,0.578586876392,-0.128083005548,-0.144809693098,0.592352747917,-0.119886346161,-0.240143328905,0.608811914921,-0.103600002825,-0.358256429434,0.592341840267,-0.0949434638023,-0.358633846045,0.348585367203,-0.163181096315,-0.358633846045
1776890927.08,0.513859629631,-0.117139488459,0.443729013205,0.520546615124,-0.136232957244,0.344776332378,0.531468689442,-0.139086395502,0.245869338512,0.542251229286,-0.140601202846,0.147108376026,0.554367899895,-0.140009731054,0.0499245077372,0.563831090927,-0.136358961463,-0.0471260100603,0.578586876392,-0.128083005548,-0.144809693098,0.592352747917,-0.119886346161,-0.240143328905,0.608811914921,-0.103600002825,-0.358256429434,0.586529016495,-0.0902497693896,-0.358633846045,0.348564505577,-0.163232460618,-0.358633846045
1776890927.1,0.514396429062,-0.109989643097,0.444550007582,0.519661664963,-0.127451181412,0.346954077482,0.527929961681,-0.134438216686,0.24878166616,0.536793291569,-0.139873370528,0.149346604943,0.546450555325,-0.141195684671,0.0521529987454,0.553879380226,-0.137881487608,-0.0460484772921,0.567058682442,-0.126972198486,-0.143013715744,0.579397261143,-0.114515736699,-0.238211065531,0.592294991016,-0.0922380313277,-0.355401337147,0.580549776554,-0.085617557168,-0.358633846045,0.348582208157,-0.163177847862,-0.358633846045
1776890927.11,0.514927506447,-0.102189488709,0.445188820362,0.519203066826,-0.123952552676,0.347704172134,0.526567339897,-0.132177203894,0.249463528395,0.535232126713,-0.138330951333,0.149768263102,0.544627785683,-0.14072227478,0.0526018589735,0.55115801096,-0.137209564447,-0.0453062057495,0.563372731209,-0.125845894217,-0.141723513603,0.573931574821,-0.112404078245,-0.238040477037,0.586505591869,-0.0892069265246,-0.355006337166,0.574417591095,-0.0810448229313,-0.358633846045,0.348428964615,-0.163146853447,-0.358633846045
1776890927.13,0.515421330929,-0.0944196134806,0.445663273335,0.518903851509,-0.120199836791,0.348701715469,0.525958061218,-0.129227951169,0.249475315213,0.53337085247,-0.136202409863,0.150632500648,0.541665256023,-0.138739585876,0.0534594804049,0.54806637764,-0.136031091213,-0.0442321449518,0.559408605099,-0.124284930527,-0.141570389271,0.569787740707,-0.109846919775,-0.237170219421,0.580582201481,-0.0860546305776,-0.353884756565,0.568145811558,-0.0765290111303,-0.358633846045,0.34849023819,-0.163179278374,-0.358633846045
1776890927.14,0.515787065029,-0.0867611318827,0.446031749249,0.518670380116,-0.111817099154,0.349443376064,0.523972630501,-0.122206382453,0.250800132751,0.529797613621,-0.130396023393,0.151747241616,0.536885917187,-0.133969962597,0.0545075386763,0.542194366455,-0.131300002337,-0.0437110364437,0.551365315914,-0.119565546513,-0.14061409235,0.559931635857,-0.105388946831,-0.236095190048,0.568536877632,-0.0812816023827,-0.353994220495,0.56174737215,-0.0720670968294,-0.358633846045,0.348474562168,-0.163163006306,-0.358633846045
1776890927.16,0.515958428383,-0.0794574022293,0.446259140968,0.518427729607,-0.0966097861528,0.350317239761,0.522198915482,-0.107628911734,0.251441657543,0.525354623795,-0.116252370179,0.152633786201,0.530157923698,-0.120841398835,0.0550284907222,0.532895207405,-0.119610644877,-0.0427296608686,0.539551377296,-0.109483338892,-0.140326738358,0.54476493597,-0.0970250293612,-0.237182885408,0.550642728806,-0.0759915262461,-0.355042546988,0.555234909058,-0.067655608058,-0.358633846045,0.348498284817,-0.163135498762,-0.358633846045
1776890927.17,0.515895545483,-0.0724304392934,0.446355015039,0.518427729607,-0.0966097861528,0.350317239761,0.522198915482,-0.107628911734,0.251441657543,0.525354623795,-0.116252370179,0.152633786201,0.530157923698,-0.120841398835,0.0550284907222,0.532895207405,-0.119610644877,-0.0427296608686,0.539551377296,-0.109483338892,-0.140326738358,0.54476493597,-0.0970250293612,-0.237182885408,0.550642728806,-0.0759915262461,-0.355042546988,0.548620760441,-0.0632906705141,-0.358633846045,0.348498284817,-0.163135498762,-0.358633846045
1776890927.19,0.515622913837,-0.0656001716852,0.446318477392,0.518500030041,-0.0857161283493,0.350228399038,0.52101713419,-0.0952875688672,0.251806437969,0.523332357407,-0.103548265994,0.15227073431,0.525603652,-0.108623273671,0.0549351423979,0.526093125343,-0.108505316079,-0.0429406762123,0.530805587769,-0.101334318519,-0.140793651342,0.534350156784,-0.0911230295897,-0.237774908543,0.538515329361,-0.0738470256329,-0.356686502695,0.541916906834,-0.0589680597186,-0.358633846045,0.348525643349,-0.163250669837,-0.358633846045
1776890927.2,0.515113592148,-0.0592835620046,0.446085184813,0.518091678619,-0.0800639912486,0.35015130043,0.520256638527,-0.0887983366847,0.251508951187,0.52209341526,-0.0965727344155,0.152191624045,0.523915112019,-0.101532623172,0.0550004690886,0.523250758648,-0.102635674179,-0.0431729406118,0.526610791683,-0.095988728106,-0.141419887543,0.529416263103,-0.0880781263113,-0.238292187452,0.532154977322,-0.0737453401089,-0.357709288597,0.53513520956,-0.0546832345426,-0.358633846045,0.348537564278,-0.163209453225,-0.358633846045
1776890927.22,0.514402806759,-0.0534933023155,0.445705533028,0.516969799995,-0.068758815527,0.349812150002,0.518850505352,-0.075098104775,0.25103521347,0.5196595788,-0.0807828381658,0.15142314136,0.519740343094,-0.0853911712766,0.0544081479311,0.517627179623,-0.0882134139538,-0.0430874228477,0.518196225166,-0.0848357826471,-0.143210291862,0.519022583961,-0.0811137482524,-0.240644276142,0.519628107548,-0.0731622651219,-0.359858900309,0.528287112713,-0.0504313968122,-0.358633846045,0.348441123962,-0.163121417165,-0.358633846045
1776890927.23,0.513442337513,-0.0482323691249,0.44521355629,0.515349090099,-0.057977270335,0.34940880537,0.516810536385,-0.0611873939633,0.250160574913,0.516645848751,-0.0647303313017,0.150861829519,0.51555877924,-0.0682222396135,0.0532310679555,0.512147605419,-0.0719701424241,-0.0442544817924,0.511097073555,-0.0720856711268,-0.14338105917,0.509136974812,-0.0734426602721,-0.240916490555,0.507062077522,-0.0720119252801,-0.361182242632,0.521383821964,-0.0462075062096,-0.358633846045,0.348428070545,-0.163175985217,-0.358633846045
1776890927.25,0.512233674526,-0.0433329790831,0.44456666708,0.514125168324,-0.0527813620865,0.349137604237,0.515065908432,-0.0541723184288,0.249888956547,0.514804542065,-0.0561927072704,0.150244101882,0.51338404417,-0.059284646064,0.0525390505791,0.509398698807,-0.0637862980366,-0.044151827693,0.507648289204,-0.065256729722,-0.1446621418,0.50454634428,-0.0691512152553,-0.241307407618,0.500600218773,-0.0716173499823,-0.361142039299,0.514436423779,-0.0420063436031,-0.358633846045,0.348611235619,-0.163179650903,-0.358633846045
1776890927.26,0.51082611084,-0.0388097651303,0.44389590621,0.513111293316,-0.0475964099169,0.348570823669,0.513126552105,-0.0477541983128,0.24983496964,0.512883365154,-0.0483055375516,0.14996984601,0.511500060558,-0.0508587099612,0.0529378429055,0.506893873215,-0.0552549995482,-0.0450971126556,0.504044413567,-0.0588981881738,-0.144828468561,0.500162184238,-0.0653325393796,-0.241492807865,0.494191527367,-0.0718083977699,-0.360946029425,0.507455766201,-0.0378225333989,-0.358633846045,0.348579645157,-0.16317114234,-0.358633846045
1776890927.28,0.509104132652,-0.0344298928976,0.442992508411,0.510202825069,-0.0381910465658,0.34797847271,0.509809911251,-0.0350887402892,0.248704999685,0.508319735527,-0.0328841805458,0.149017438293,0.506401598454,-0.0340358689427,0.0516939088702,0.501276195049,-0.0390972010791,-0.0454367101192,0.497389256954,-0.0455349981785,-0.144591271877,0.491204619408,-0.0569618232548,-0.240811139345,0.482096552849,-0.0706885457039,-0.359554439783,0.500452518463,-0.0336505919695,-0.358633846045,0.348531424999,-0.163150459528,-0.358633846045
1776890927.29,0.507112681866,-0.0303306300193,0.442002654076,0.510202825069,-0.0381910465658,0.34797847271,0.509809911251,-0.0350887402892,0.248704999685,0.508319735527,-0.0328841805458,0.149017438293,0.506401598454,-0.0340358689427,0.0516939088702,0.501276195049,-0.0390972010791,-0.0454367101192,0.497389256954,-0.0455349981785,-0.144591271877,0.491204619408,-0.0569618232548,-0.240811139345,0.482096552849,-0.0706885457039,-0.359554439783,0.493437409401,-0.0294849518687,-0.358633846045,0.348517417908,-0.163162052631,-0.358633846045
1776890927.31,0.505063176155,-0.02649201639,0.441055208445,0.510202825069,-0.0381910465658,0.34797847271,0.509809911251,-0.0350887402892,0.248704999685,0.508319735527,-0.0328841805458,0.149017438293,0.506401598454,-0.0340358689427,0.0516939088702,0.501276195049,-0.0390972010791,-0.0454367101192,0.497389256954,-0.0455349981785,-0.144591271877,0.491204619408,-0.0569618232548,-0.240811139345,0.482096552849,-0.0706885457039,-0.359554439783,0.486420989037,-0.025320013985,-0.358633846045,0.348628163338,-0.163156181574,-0.358633846045
1776890927.32,0.502503275871,-0.0222149621695,0.439973115921,0.510202825069,-0.0381910465658,0.34797847271,0.509809911251,-0.0350887402892,0.248704999685,0.508319735527,-0.0328841805458,0.149017438293,0.506401598454,-0.0340358689427,0.0516939088702,0.501276195049,-0.0390972010791,-0.0454367101192,0.497389256954,-0.0455349981785,-0.144591271877,0.491204619408,-0.0569618232548,-0.240811139345,0.482096552849,-0.0706885457039,-0.359554439783,0.479413747787,-0.0211501717567,-0.358633846045,0.348568797112,-0.163155525923,-0.358633846045
1776890927.34,0.500417172909,-0.0189481172711,0.439105004072,0.510202825069,-0.0381910465658,0.34797847271,0.509809911251,-0.0350887402892,0.248704999685,0.508319735527,-0.0328841805458,0.149017438293,0.506401598454,-0.0340358689427,0.0516939088702,0.501276195049,-0.0390972010791,-0.0454367101192,0.497389256954,-0.0455349981785,-0.144591271877,0.491204619408,-0.0569618232548,-0.240811139345,0.482096552849,-0.0706885457039,-0.359554439783,0.472426474094,-0.0169698446989,-0.358633846045,0.348568737507,-0.163183018565,-0.358633846045
1776890927.35,0.497076451778,-0.0138149978593,0.438027322292,0.510202825069,-0.0381910465658,0.34797847271,0.509809911251,-0.0350887402892,0.248704999685,0.508319735527,-0.0328841805458,0.149017438293,0.506401598454,-0.0340358689427,0.0516939088702,0.501276195049,-0.0390972010791,-0.0454367101192,0.497389256954,-0.0455349981785,-0.144591271877,0.491204619408,-0.0569618232548,-0.240811139345,0.482096552849,-0.0706885457039,-0.359554439783,0.465469717979,-0.0127735296264,-0.358633846045,0.348673701286,-0.163251981139,-0.358633846045
1776890927.37,0.494725763798,-0.010301021859,0.43731880188,0.510202825069,-0.0381910465658,0.34797847271,0.509809911251,-0.0350887402892,0.248704999685,0.508319735527,-0.0328841805458,0.149017438293,0.506401598454,-0.0340358689427,0.0516939088702,0.501276195049,-0.0390972010791,-0.0454367101192,0.497389256954,-0.0455349981785,-0.144591271877,0.491204619408,-0.0569618232548,-0.240811139345,0.482096552849,-0.0706885457039,-0.359554439783,0.458554387093,-0.0085558174178,-0.358633846045,0.348504543304,-0.163175627589,-0.358633846045
1776890927.38,0.491213917732,-0.00498116947711,0.436338961124,0.510202825069,-0.0381910465658,0.34797847271,0.509809911251,-0.0350887402892,0.248704999685,0.508319735527,-0.0328841805458,0.149017438293,0.506401598454,-0.0340358689427,0.0516939088702,0.501276195049,-0.0390972010791,-0.0454367101192,0.497389256954,-0.0455349981785,-0.144591271877,0.491204619408,-0.0569618232548,-0.240811139345,0.482096552849,-0.0706885457039,-0.359554439783,0.451691448689,-0.00431144563481,-0.358633846045,0.34855312109,-0.163176968694,-0.358633846045
1776890927.4,0.488473057747,-0.000512095692102,0.435829401016,0.510202825069,-0.0381910465658,0.34797847271,0.509809911251,-0.0350887402892,0.248704999685,0.508319735527,-0.0328841805458,0.149017438293,0.506401598454,-0.0340358689427,0.0516939088702,0.501276195049,-0.0390972010791,-0.0454367101192,0.497389256954,-0.0455349981785,-0.144591271877,0.491204619408,-0.0569618232548,-0.240811139345,0.482096552849,-0.0706885457039,-0.359554439783,0.444892048836,-3.53290233761e-05,-0.358633846045,0.348650336266,-0.163154572248,-0.358633846045
1776890927.41,0.484730780125,0.00545427575707,0.435172438622,0.483487904072,0.0010173600167,0.339590370655,0.47923386097,0.00673257187009,0.24067813158,0.472872912884,0.0119622787461,0.141830042005,0.46537810564,0.0134842433035,0.0444609969854,0.4543851614,0.00920579209924,-0.0514290034771,0.444182157516,-0.00114388926886,-0.150732368231,0.432141721249,-0.0187971927226,-0.244939595461,0.415551543236,-0.0391538701952,-0.362635284662,0.438167691231,0.00427739880979,-0.358633846045,0.348432302475,-0.163192003965,-0.358633846045
1776890927.43,0.481332987547,0.0109750106931,0.434747368097,0.477887690067,0.00541673135012,0.33904889226,0.472404956818,0.0082945432514,0.240019232035,0.465450525284,0.0108816372231,0.140520185232,0.457899391651,0.0106848087162,0.0436743050814,0.446661174297,0.00651335436851,-0.05351524055,0.436063051224,-0.00141177058686,-0.151583850384,0.423926174641,-0.0151750026271,-0.246917515993,0.408497452736,-0.0304744616151,-0.365402877331,0.431529998779,0.00863134581596,-0.358633846045,0.348522543907,-0.163199782372,-0.358633846045
1776890927.44,0.477928489447,0.0163724329323,0.434521734715,0.475297570229,0.00748747121543,0.338384747505,0.468987882137,0.00872385781258,0.239586234093,0.461780548096,0.00958353094757,0.140350088477,0.453544974327,0.00882215984166,0.0431824848056,0.442830920219,0.00455718673766,-0.0531313717365,0.432376980782,-0.00237008882686,-0.15239918232,0.420296609402,-0.0133838541806,-0.247819632292,0.405007839203,-0.0256752651185,-0.366308897734,0.424990952015,0.0130308195949,-0.358633846045,0.348587095737,-0.163184598088,-0.358633846045
1776890927.46,0.474947839975,0.0212677903473,0.434323519468,0.472304821014,0.00943300873041,0.338473409414,0.465552151203,0.0093293953687,0.239230960608,0.457697272301,0.00837270449847,0.139850661159,0.449686527252,0.00691299047321,0.0427140966058,0.438747704029,0.00212082220241,-0.0534625351429,0.428699791431,-0.00349037931301,-0.152568072081,0.416537344456,-0.0121291084215,-0.248845905066,0.401196837425,-0.0206378307194,-0.367329359055,0.418562829494,0.0174797847867,-0.358633846045,0.348561704159,-0.163200676441,-0.358633846045
1776890927.47,0.471169412136,0.0273047592491,0.434327751398,0.466448247433,0.0131958909333,0.33818000555,0.458576738834,0.00956357363611,0.239294826984,0.450480818748,0.00579300057143,0.140084654093,0.441772580147,0.00194545136765,0.0427941530943,0.430674493313,-0.00267639104277,-0.05318762362,0.420636832714,-0.00501223048195,-0.152610510588,0.407876431942,-0.0077007394284,-0.250958144665,0.394538283348,-0.00956739671528,-0.368164747953,0.412258148193,0.0219818186015,-0.358633846045,0.348547279835,-0.163157448173,-0.358633846045
1776890927.49,0.467680096626,0.0330920405686,0.434462636709,0.460856854916,0.0175434686244,0.337938547134,0.45224416256,0.0103289112449,0.239555969834,0.44317561388,0.00355990091339,0.141027063131,0.433932125568,-0.00202757981606,0.0438308045268,0.422807276249,-0.00641617365181,-0.0525892525911,0.41292744875,-0.00577068841085,-0.152132570744,0.400878965855,-0.00410706782714,-0.250265806913,0.388594210148,0.000973171088845,-0.368128180504,0.406089901924,0.0265400670469,-0.358633846045,0.348688483238,-0.163237258792,-0.358633846045
1776890927.5,0.464910805225,0.0375062860548,0.434533774853,0.45818322897,0.0196047909558,0.338442862034,0.449192404747,0.010880485177,0.239845007658,0.439415216446,0.00319988653064,0.141200765967,0.430114269257,-0.003565417137,0.0442591682076,0.419044673443,-0.00758435670286,-0.0523686110973,0.409277439117,-0.00609850697219,-0.151175886393,0.39711111784,-0.0015132536646,-0.250421881676,0.386358857155,0.00544225238264,-0.367505848408,0.400071144104,0.0311572030187,-0.358633846045,0.348443925381,-0.163164064288,-0.358633846045
1776890927.52,0.46162879467,0.0431121736765,0.434869974852,0.453219175339,0.0240286178887,0.338812351227,0.44296336174,0.013265978545,0.240565165877,0.433101296425,0.00287503981963,0.142278909683,0.422939240932,-0.00427872687578,0.0456485971808,0.41091299057,-0.00717783579603,-0.0511876940727,0.402709364891,-0.00352214509621,-0.149269729853,0.393190979958,0.00271172495559,-0.247514426708,0.380988657475,0.0147963389754,-0.366226404905,0.394215404987,0.0358353666961,-0.358633846045,0.348482191563,-0.163242504001,-0.358633846045
1776890927.53,0.458888471127,0.047583527863,0.435167402029,0.450935184956,0.0265494640917,0.339186877012,0.440527021885,0.01448286511,0.241142332554,0.429972290993,0.00400882773101,0.142879426479,0.41962403059,-0.00389539333992,0.0461384505033,0.407745599747,-0.00698090251535,-0.0507060587406,0.399282634258,-0.00204674014822,-0.149066537619,0.387389481068,0.0071368496865,-0.249602675438,0.379033744335,0.0193661060184,-0.365441054106,0.388536393642,0.0405761376023,-0.358633846045,0.348487019539,-0.163157463074,-0.358633846045
1776890927.55,0.455857157707,0.0527578182518,0.435448050499,0.446316957474,0.0320986285806,0.339666545391,0.435691535473,0.0192500669509,0.241911649704,0.424315929413,0.00769366230816,0.143740743399,0.413525044918,-0.00032472005114,0.0466753169894,0.401751220226,-0.00324649782851,-0.0500446557999,0.393472254276,0.00363594805822,-0.147475153208,0.382379889488,0.0132334250957,-0.247810035944,0.374156832695,0.0274488739669,-0.364674150944,0.383047997952,0.0453804880381,-0.358633846045,0.348505020142,-0.163183525205,-0.358633846045
1776890927.56,0.453143507242,0.0573882088065,0.435739547014,0.444562196732,0.0348135009408,0.339972794056,0.433162868023,0.0221916548908,0.241978898644,0.421802580357,0.0103200320154,0.144151449203,0.410810291767,0.00230476912111,0.0472035035491,0.398792505264,-0.000466197729111,-0.0492359250784,0.390651166439,0.00633906852454,-0.147344022989,0.379635095596,0.0160838048905,-0.247475773096,0.372110426426,0.0307621024549,-0.364276945591,0.377764284611,0.0502487234771,-0.358633846045,0.348548531532,-0.163146615028,-0.358633846045
1776890927.58,0.45054680109,0.0620871409774,0.436114132404,0.440609574318,0.0414705835283,0.340331792831,0.42877215147,0.0288089253008,0.242591649294,0.417039871216,0.0176854729652,0.144433692098,0.405907928944,0.00999234057963,0.0477351173759,0.394183516502,0.00710383895785,-0.0487893521786,0.386231958866,0.0138656049967,-0.147173672915,0.3771250844,0.0229259878397,-0.244883954525,0.368190348148,0.0374656133354,-0.363716185093,0.37269949913,0.0551804676652,-0.358633846045,0.348401367664,-0.163104474545,-0.358633846045
1776890927.59,0.44798129797,0.0666140094399,0.436474561691,0.438870489597,0.044827837497,0.34035718441,0.427280962467,0.0327944159508,0.242669314146,0.41509193182,0.0225944574922,0.144500017166,0.403938651085,0.0150121413171,0.0475807264447,0.39180380106,0.0122479647398,-0.0491760522127,0.384043633938,0.0189199540764,-0.146589159966,0.376334667206,0.0257048793137,-0.243820130825,0.366461038589,0.0401306003332,-0.363938182592,0.367867708206,0.0601745992899,-0.358633846045,0.348461747169,-0.163134381175,-0.358633846045
1776890927.61,0.445433199406,0.0712375193834,0.436760157347,0.435698330402,0.0520847477019,0.340658217669,0.424123942852,0.0421323701739,0.242452740669,0.412083387375,0.033161431551,0.144377499819,0.400478422642,0.0267076864839,0.0478003397584,0.389100551605,0.0242046285421,-0.0478569120169,0.380341351032,0.028348736465,-0.148022592068,0.371346533298,0.0336893573403,-0.245406627655,0.362088143826,0.0463141947985,-0.36468565464,0.363283038139,0.0652292445302,-0.358633846045,0.348400592804,-0.163170412183,-0.358633846045
1776890927.62,0.442939549685,0.0757963880897,0.437035501003,0.434012115002,0.056019179523,0.340757578611,0.422649145126,0.047385185957,0.242261439562,0.410722732544,0.0396483540535,0.143898829818,0.399172961712,0.0333623066545,0.0474101603031,0.387610673904,0.0302148424089,-0.0488951206207,0.378422558308,0.0343317650259,-0.149008333683,0.370192706585,0.0388180613518,-0.245011776686,0.360241830349,0.0482566989958,-0.365252584219,0.358959496021,0.0703417435288,-0.358633846045,0.348480284214,-0.163153067231,-0.358633846045
1776890927.64,0.440518677235,0.0803447142243,0.437314599752,0.430840671062,0.0644094496965,0.341033995152,0.420277535915,0.0579716525972,0.242424204946,0.408477902412,0.0527561604977,0.143886700273,0.397643923759,0.0482273809612,0.0461273565888,0.385851442814,0.0448865815997,-0.0494693368673,0.376491844654,0.0472602620721,-0.149475902319,0.367633521557,0.0471061654389,-0.245588243008,0.357310473919,0.0527610480785,-0.36585611105,0.354910612106,0.0755086168647,-0.358633846045,0.348634302616,-0.163247004151,-0.358633846045
1776890927.65,0.438177168369,0.0848426744342,0.437685728073,0.429918169975,0.0681979581714,0.340682148933,0.419288814068,0.0637029632926,0.242391988635,0.408197939396,0.0595712512732,0.143757537007,0.39750289917,0.0553866140544,0.0469228476286,0.385170280933,0.0525531247258,-0.0494113713503,0.376854658127,0.0539620406926,-0.148208647966,0.366369664669,0.052636012435,-0.246868938208,0.355528950691,0.0546615645289,-0.365608125925,0.35114967823,0.0807255804539,-0.358633846045,0.348780751228,-0.163426533341,-0.358633846045
1776890927.67,0.435912519693,0.0892282798886,0.438018143177,0.427334547043,0.0768695101142,0.34114715457,0.417666494846,0.0750842988491,0.242288768291,0.407111465931,0.073664098978,0.143831849098,0.397071838379,0.0712836235762,0.0470242351294,0.385368943214,0.068338856101,-0.0498456060886,0.375496327877,0.0670233219862,-0.149179875851,0.365267932415,0.061898432672,-0.245785355568,0.35232514143,0.0594039261341,-0.365751981735,0.347689390182,0.0859875157475,-0.358633846045,0.348929047585,-0.163657441735,-0.358633846045
1776890927.68,0.434126734734,0.0927931591868,0.438257724047,0.426343858242,0.0810168758035,0.341238826513,0.416559696198,0.0808609053493,0.242769777775,0.406893670559,0.0808882042766,0.143661946058,0.397214114666,0.0790016800165,0.0464087799191,0.384940624237,0.0761446431279,-0.0500800460577,0.375272750854,0.0736032947898,-0.149457812309,0.36480486393,0.0673709586263,-0.246054798365,0.350813686848,0.0619538426399,-0.364939004183,0.344541728497,0.0912884995341,-0.358633846045,0.349391877651,-0.163926303387,-0.358633846045
1776890927.7,0.431496500969,0.0979356169701,0.438583940268,0.42398840189,0.0900901705027,0.341526448727,0.415735244751,0.0920232534409,0.242674827576,0.406572282314,0.0941791087389,0.143574491143,0.397137224674,0.0942703783512,0.0466645136476,0.385625660419,0.0909064412117,-0.0497653484344,0.375799834728,0.0861323103309,-0.149006545544,0.363924562931,0.0763171687722,-0.24509114027,0.348892688751,0.0662892386317,-0.363892704248,0.341717898846,0.0966218039393,-0.358633846045,0.350037097931,-0.16455924511,-0.358633846045
1776890927.71,0.429662466049,0.101634830236,0.438811987638,0.422874212265,0.094195753336,0.341538190842,0.415100514889,0.0976158306003,0.242808997631,0.406669199467,0.100264891982,0.144289940596,0.397701919079,0.100953884423,0.04725997895,0.385817170143,0.097703166306,-0.0495909005404,0.375435829163,0.0921986401081,-0.148714095354,0.363610863686,0.0811953097582,-0.244580209255,0.348470628262,0.0684736967087,-0.363119512796,0.339228153229,0.101979956031,-0.358633846045,0.350491762161,-0.164986327291,-0.358633846045
1776890927.73,0.427726119757,0.105442553759,0.438996195793,0.421278178692,0.101897396147,0.342179000378,0.41420519352,0.107654601336,0.242953181267,0.406144559383,0.11228313297,0.14414024353,0.397706210613,0.113489292562,0.0474119260907,0.386511385441,0.109903737903,-0.0493309944868,0.375493586063,0.103170648217,-0.148430138826,0.363518536091,0.0896904617548,-0.243543833494,0.347385764122,0.0744657516479,-0.361719638109,0.337081670761,0.107354737818,-0.358633846045,0.351864278316,-0.164731532335,-0.358633846045
1776890927.74,0.426030039787,0.108846530318,0.439134091139,0.420437574387,0.105157367885,0.342120945454,0.413428723812,0.11218894273,0.243463784456,0.406507015228,0.117219880223,0.144757643342,0.397840261459,0.11952136457,0.0473324581981,0.386629641056,0.114973567426,-0.0486347079277,0.375746965408,0.107672609389,-0.147367835045,0.363361537457,0.0937288403511,-0.243056863546,0.346765816212,0.0780091136694,-0.361257940531,0.335286319256,0.112737283111,-0.358633846045,0.353539586067,-0.164212808013,-0.358633846045
1776890927.76,0.424525350332,0.111828289926,0.439226925373,0.418531119823,0.111372068524,0.342517077923,0.412411570549,0.119405470788,0.243750393391,0.405890524387,0.126025304198,0.145494252443,0.398313760757,0.128850966692,0.0477138087153,0.387055635452,0.124460801482,-0.0487810224295,0.37587916851,0.116451837122,-0.14756166935,0.363335728645,0.101659521461,-0.242515236139,0.34662258625,0.0853910669684,-0.360553234816,0.333848774433,0.118118107319,-0.358633846045,0.356688320637,-0.161992430687,-0.358633846045
1776890927.77,0.423321604729,0.114352032542,0.439230144024,0.417353451252,0.114054888487,0.34295809269,0.412114620209,0.122685149312,0.243973046541,0.405664801598,0.129404574633,0.145302757621,0.398023486137,0.132250592113,0.0485228672624,0.386932611465,0.12813539803,-0.0484722405672,0.376415908337,0.120162278414,-0.147416651249,0.363178253174,0.105912603438,-0.24271979928,0.347012996674,0.0890242531896,-0.360375523567,0.332774162292,0.123487219214,-0.358633846045,0.358341276646,-0.160003468394,-0.358633846045
1776890927.79,0.422390967607,0.116611346602,0.43931132555,0.416134119034,0.118251800537,0.342872560024,0.410839557648,0.127417579293,0.24396276474,0.40524494648,0.134556263685,0.145671665668,0.397589147091,0.13766951859,0.0488226637244,0.386727809906,0.134494766593,-0.0483437031507,0.376247346401,0.126926168799,-0.147225648165,0.363958597183,0.113213278353,-0.242639482021,0.347796559334,0.0974899083376,-0.360783606768,0.332065939903,0.128834187984,-0.358633846045,0.363728225231,-0.155062824488,-0.358633846045
1776890927.8,0.421855568886,0.118326179683,0.439407527447,0.41550308466,0.119922555983,0.343092441559,0.410431861877,0.129059553146,0.244200572371,0.404285848141,0.136606946588,0.145972400904,0.397349238396,0.139484226704,0.0481542423368,0.386517703533,0.136833041906,-0.0486912876368,0.376545131207,0.129996702075,-0.147515267134,0.363941669464,0.116983234882,-0.243243604898,0.348156154156,0.102313734591,-0.361290961504,0.331726193428,0.134148254991,-0.358633846045,0.366947591305,-0.151558533311,-0.358633846045
1776890927.82,0.421586602926,0.120013058186,0.439524948597,0.414262413979,0.122031539679,0.343042314053,0.408796846867,0.130849376321,0.244132548571,0.402908623219,0.137862965465,0.145513549447,0.39628225565,0.141290411353,0.0485866889358,0.385988771915,0.140125378966,-0.048313587904,0.376327514648,0.135003909469,-0.147904396057,0.364560484886,0.124029025435,-0.244012266397,0.349999547005,0.111630752683,-0.36216494441,0.331754982471,0.139418393373,-0.358633846045,0.374757885933,-0.143661752343,-0.358633846045
1776890927.83,0.421644210815,0.121311374009,0.439717829227,0.41384357214,0.122773915529,0.34342622757,0.408404648304,0.130734845996,0.243852227926,0.402514517307,0.137299194932,0.145696997643,0.395266652107,0.14122992754,0.0491357296705,0.385473370552,0.140811949968,-0.0484122633934,0.376191318035,0.13682153821,-0.148018091917,0.365239679813,0.12711019814,-0.243622630835,0.350924670696,0.116607457399,-0.362863868475,0.332150876522,0.144633501768,-0.358633846045,0.379101991653,-0.139057382941,-0.358633846045
1776890927.85,0.421993523836,0.122372090816,0.439904749393,0.448649644852,0.0294204168022,0.339253902435,0.437850117683,0.0169305168092,0.241273239255,0.427054047585,0.00520426779985,0.143577367067,0.416567385197,-0.00265207467601,0.0466884896159,0.404611766338,-0.00564904604107,-0.0499302148819,0.396134436131,0.000228031072766,-0.148887634277,0.384611368179,0.0101998373866,-0.248631983995,0.37662088871,0.02330153808,-0.364897668362,0.332910656929,0.149782463908,-0.358633846045,0.388352811337,-0.1294388026,-0.358633846045
1776890927.86,0.422705501318,0.123424991965,0.440140217543,0.448649644852,0.0294204168022,0.339253902435,0.437850117683,0.0169305168092,0.241273239255,0.427054047585,0.00520426779985,0.143577367067,0.416567385197,-0.00265207467601,0.0466884896159,0.404611766338,-0.00564904604107,-0.0499302148819,0.396134436131,0.000228031072766,-0.148887634277,0.384611368179,0.0101998373866,-0.248631983995,0.37662088871,0.02330153808,-0.364897668362,0.334029316902,0.154854238033,-0.358633846045,0.393431961536,-0.125068575144,-0.358633846045
1776890927.88,0.423550993204,0.12428162992,0.440383315086,0.448649644852,0.0294204168022,0.339253902435,0.437850117683,0.0169305168092,0.241273239255,0.427054047585,0.00520426779985,0.143577367067,0.416567385197,-0.00265207467601,0.0466884896159,0.404611766338,-0.00564904604107,-0.0499302148819,0.396134436131,0.000228031072766,-0.148887634277,0.384611368179,0.0101998373866,-0.248631983995,0.37662088871,0.02330153808,-0.364897668362,0.335500240326,0.159838065505,-0.358633846045,0.403753817081,-0.115720838308,-0.358633846045
1776890927.89,0.424741894007,0.12518723309,0.44063270092,0.448649644852,0.0294204168022,0.339253902435,0.437850117683,0.0169305168092,0.241273239255,0.427054047585,0.00520426779985,0.143577367067,0.416567385197,-0.00265207467601,0.0466884896159,0.404611766338,-0.00564904604107,-0.0499302148819,0.396134436131,0.000228031072766,-0.148887634277,0.384611368179,0.0101998373866,-0.248631983995,0.37662088871,0.02330153808,-0.364897668362,0.337315022945,0.164723485708,-0.358633846045,0.408665239811,-0.110957853496,-0.358633846045
1776890927.91,0.426087677479,0.125984564424,0.440813958645,0.414499044418,0.123759970069,0.344124525785,0.406296610832,0.125679239631,0.245226442814,0.398338794708,0.128193631768,0.146421402693,0.390421152115,0.132437765598,0.0491588413715,0.382294356823,0.136110022664,-0.0478205382824,0.376679062843,0.143466666341,-0.147010177374,0.370775997639,0.148738607764,-0.244276285172,0.365053653717,0.159851327538,-0.363608032465,0.339464008808,0.169500499964,-0.358633846045,0.419077336788,-0.102543346584,-0.358633846045
1776890927.92,0.427588522434,0.126758888364,0.440907359123,0.415269434452,0.123802810907,0.344272166491,0.406746089458,0.125307828188,0.245378702879,0.398888528347,0.127196654677,0.146886259317,0.390647232533,0.131011739373,0.0491109788418,0.382415413857,0.135508358479,-0.0476092994213,0.377902507782,0.143987193704,-0.146368414164,0.371739685535,0.151076182723,-0.243645399809,0.366876780987,0.165989980102,-0.363603770733,0.341935873032,0.174159646034,-0.358633846045,0.423964083195,-0.098134227097,-0.358633846045
1776890927.94,0.42909565568,0.127412334085,0.440910160542,0.416977822781,0.123987823725,0.344580173492,0.408241808414,0.124501392245,0.245507001877,0.399617671967,0.125684499741,0.147144749761,0.391803622246,0.129003331065,0.0500432476401,0.383090138435,0.135173410177,-0.0470599979162,0.379122972488,0.145729541779,-0.146049052477,0.375192046165,0.157245948911,-0.242542594671,0.371412873268,0.175440490246,-0.36155128479,0.34471821785,0.178692087531,-0.358633846045,0.433702290058,-0.0896753370762,-0.358633846045
1776890927.95,0.430852800608,0.128120735288,0.440775185823,0.418070673943,0.124349817634,0.344623744488,0.409075021744,0.124281525612,0.245759099722,0.400267124176,0.125314489007,0.147315487266,0.392661213875,0.128629028797,0.0503132119775,0.384033083916,0.13522708416,-0.0474927276373,0.380709290504,0.147635489702,-0.146155416965,0.377191364765,0.159359842539,-0.242434561253,0.373149752617,0.18034131825,-0.360823512077,0.347797453403,0.183089673519,-0.358633846045,0.438104569912,-0.0853725150228,-0.358633846045
1776890927.97,0.432638555765,0.128796443343,0.440372109413,0.420505046844,0.124932035804,0.344690084457,0.411594688892,0.1247638762,0.246007293463,0.402844011784,0.125612050295,0.147093430161,0.394882380962,0.130174085498,0.0488921105862,0.387616217136,0.137107804418,-0.0463404506445,0.384097993374,0.151172086596,-0.14429166913,0.381129145622,0.165367737412,-0.24146464467,0.377608001232,0.18883536756,-0.359731972218,0.35115891695,0.187345072627,-0.358633846045,0.44576305151,-0.0772248655558,-0.358633846045
1776890927.98,0.434378772974,0.129387661815,0.439750760794,0.4216324687,0.125725373626,0.344363421202,0.413066148758,0.125377863646,0.245685845613,0.404533624649,0.126649513841,0.147031158209,0.396949589252,0.130270466208,0.0502891242504,0.388441443443,0.138917446136,-0.0480019003153,0.386289179325,0.152693867683,-0.144993841648,0.383295655251,0.168299555779,-0.241612255573,0.379326462746,0.192785441875,-0.360098004341,0.354787409306,0.19145168364,-0.358633846045,0.44911134243,-0.0734816417098,-0.358633846045
1776890928,0.436421960592,0.130051523447,0.438803374767,0.424250006676,0.127153724432,0.344050168991,0.416252911091,0.127625614405,0.245238631964,0.407894670963,0.129790350795,0.145989686251,0.401210010052,0.133802473545,0.0499751493335,0.393103122711,0.143093034625,-0.0487174838781,0.390269458294,0.158956572413,-0.144635111094,0.387533187866,0.173995584249,-0.241696745157,0.383508622646,0.199899315834,-0.359925240278,0.358667016029,0.195403799415,-0.358633846045,0.455065369606,-0.0664359033108,-0.358633846045
1776890928.01,0.438343524933,0.130581796169,0.437690317631,0.425719738007,0.127872139215,0.343498319387,0.418166399002,0.129023686051,0.244378447533,0.410048246384,0.131427034736,0.145429208875,0.403585851192,0.136291563511,0.0487916767597,0.395916998386,0.145570740104,-0.0480540990829,0.393767535686,0.161076143384,-0.14573264122,0.389123022556,0.177414759994,-0.242738813162,0.386018335819,0.202864572406,-0.359937101603,0.362781465054,0.199196562171,-0.358633846045,0.457249760628,-0.0632390975952,-0.358633846045
1776890928.03,0.440741837025,0.131141141057,0.436246097088,0.428602397442,0.130040541291,0.342279613018,0.421962738037,0.132057249546,0.243268847466,0.415386557579,0.135727614164,0.143999695778,0.409578323364,0.142125248909,0.047264225781,0.402283906937,0.15225443244,-0.0492900162935,0.398728489876,0.167887255549,-0.145913958549,0.39491379261,0.183174774051,-0.244394421577,0.390032470226,0.208471909165,-0.361266046762,0.367114186287,0.202825933695,-0.358633846045,0.461448431015,-0.057295653969,-0.358633846045
1776890928.04,0.443313837051,0.131669685245,0.43456324935,0.430285871029,0.131036117673,0.341144531965,0.423927783966,0.134021878242,0.242472469807,0.417583107948,0.138945877552,0.143587991595,0.412049770355,0.145785495639,0.0467768236995,0.405052065849,0.156394332647,-0.04906912148,0.402007758617,0.171599656343,-0.147615164518,0.39727640152,0.186427757144,-0.244817435741,0.391794741154,0.212185770273,-0.36087089777,0.371648669243,0.20628875494,-0.358633846045,0.463025331497,-0.0548257417977,-0.358633846045
1776890928.06,0.44586366415,0.132106289268,0.432668983936,0.433628082275,0.133751556277,0.33982950449,0.428441941738,0.138924255967,0.240493893623,0.422928631306,0.145545005798,0.141969382763,0.418166279793,0.153346642852,0.0451863184571,0.411886632442,0.163593202829,-0.0518708527088,0.4079657197,0.179594516754,-0.148842036724,0.402572154999,0.192906171083,-0.246417790651,0.39686858654,0.215804517269,-0.364101976156,0.376368582249,0.209582686424,-0.358633846045,0.465345442295,-0.0509720742702,-0.358633846045
1776890928.07,0.448566526175,0.132486075163,0.430596023798,0.435870885849,0.135108724236,0.338409692049,0.430757403374,0.141547635198,0.239457175136,0.426226556301,0.148759141564,0.140545338392,0.422047257423,0.157692566514,0.0440850481391,0.415247321129,0.168375387788,-0.0529029220343,0.411895990372,0.182829096913,-0.15199059248,0.406037807465,0.196679487824,-0.247603416443,0.399079024792,0.21738409996,-0.365636914968,0.381257712841,0.212706103921,-0.358633846045,0.46617937088,-0.0490990765393,-0.358633846045
1776890928.09,0.451433330774,0.132847741246,0.428396493196,0.439856171608,0.137773990631,0.336099565029,0.435870885849,0.146578833461,0.237078636885,0.432241201401,0.15613605082,0.138427361846,0.428300738335,0.166163653135,0.042027041316,0.421663105488,0.177309602499,-0.054784476757,0.417400538921,0.191153228283,-0.153474599123,0.412268877029,0.202545806766,-0.250283688307,0.403580009937,0.220310285687,-0.368746876717,0.386300504208,0.215658187866,-0.358633846045,0.467215776443,-0.0460892617702,-0.358633846045
1776890928.1,0.454500436783,0.133221432567,0.426068335772,0.441901564598,0.139480382204,0.334725916386,0.438363194466,0.149169147015,0.236065983772,0.434445738792,0.159700542688,0.137609109282,0.431739449501,0.170794099569,0.040946058929,0.425490856171,0.181546732783,-0.0558146387339,0.421408116817,0.19520945847,-0.154050052166,0.415407836437,0.205484300852,-0.250700950623,0.406324744225,0.221569955349,-0.370108187199,0.391481757164,0.218438714743,-0.358633846045,0.467202246189,-0.0450445301831,-0.358633846045
1776890928.12,0.457948327065,0.133729487658,0.423660516739,0.446706295013,0.142308145761,0.332076966763,0.443235933781,0.154415652156,0.233491331339,0.44104808569,0.166735649109,0.13496029377,0.436955273151,0.178887426853,0.0395726561546,0.431661963463,0.189988210797,-0.0580066144466,0.427242279053,0.202133342624,-0.155823171139,0.420492053032,0.210463792086,-0.253902465105,0.411394178867,0.223365277052,-0.373203963041,0.396787106991,0.221048101783,-0.358633846045,0.467783391476,-0.0433153584599,-0.358633846045
1776890928.13,0.461103469133,0.134353637695,0.421524584293,0.448743641376,0.143828123808,0.330669254065,0.446131527424,0.156898736954,0.232102796435,0.443784475327,0.169921576977,0.133829876781,0.440606832504,0.182727247477,0.0378513336182,0.434876561165,0.193489417434,-0.0594759732485,0.429649233818,0.205415323377,-0.157693773508,0.423147499561,0.212722226977,-0.25549697876,0.414237380028,0.224698662758,-0.374906986952,0.402202904224,0.22348728776,-0.358633846045,0.467588365078,-0.0426527187228,-0.358633846045
1776890928.15,0.464621901512,0.135254338384,0.419283658266,0.453719854355,0.146274417639,0.327786177397,0.451302289963,0.161121681333,0.229546487331,0.44934117794,0.175973728299,0.131375238299,0.446333408356,0.189150586724,0.0349623560905,0.439929783344,0.20071208477,-0.0614970773458,0.435193479061,0.211777612567,-0.161007195711,0.429333567619,0.217075943947,-0.25832182169,0.420500099659,0.226917266846,-0.377627283335,0.407716214657,0.22575764358,-0.358633846045,0.467435896397,-0.0418735891581,-0.358633846045
1776890928.16,0.468227237463,0.136494800448,0.41716593504,0.456268668175,0.147499233484,0.326027363539,0.45400172472,0.163124784827,0.227980583906,0.452391088009,0.178332671523,0.130269557238,0.449256539345,0.192430242896,0.0341724008322,0.442852139473,0.203043803573,-0.0630011260509,0.439297139645,0.213016986847,-0.161629587412,0.432114839554,0.219243645668,-0.259339243174,0.423654615879,0.227463304996,-0.378656595945,0.413315176964,0.227860927582,-0.358633846045,0.467168450356,-0.0410580448806,-0.358633846045
1776890928.18,0.471902489662,0.138072878122,0.415255725384,0.458759129047,0.148745536804,0.324188113213,0.456722378731,0.16453525424,0.226573288441,0.454706549644,0.180263876915,0.128920048475,0.451872944832,0.194164395332,0.0328736305237,0.444964230061,0.205570340157,-0.0645163506269,0.441414833069,0.215356692672,-0.164279550314,0.435155451298,0.220385059714,-0.260721772909,0.426988959312,0.228796437383,-0.380406588316,0.418988645077,0.229799181223,-0.358633846045,0.467128932476,-0.0401933826506,-0.358633846045
1776890928.19,0.475517123938,0.140029594302,0.413394540548,0.463526785374,0.150761455297,0.321835011244,0.461269140244,0.167041540146,0.223868876696,0.459575772285,0.182978078723,0.125953391194,0.456462919712,0.197351008654,0.0297155305743,0.450650155544,0.208338558674,-0.0672042518854,0.446873664856,0.218245729804,-0.166569769382,0.4411226511,0.222879901528,-0.263479024172,0.43380343914,0.230826616287,-0.383242636919,0.42472666502,0.231574699283,-0.358633846045,0.466951131821,-0.0385946594179,-0.358633846045
1776890928.21,0.479056328535,0.142429128289,0.411901116371,0.468417406082,0.153116330504,0.319025188684,0.466235876083,0.168540537357,0.22126185894,0.463932812214,0.183795556426,0.122991032898,0.461726486683,0.198066532612,0.0269699916244,0.456044971943,0.209184214473,-0.0705011934042,0.452519416809,0.219598501921,-0.16932451725,0.447599828243,0.224728122354,-0.266727894545,0.440901756287,0.232482507825,-0.3860245049,0.430519878864,0.233189865947,-0.358633846045,0.466531097889,-0.037718873471,-0.358633846045
1776890928.22,0.482402563095,0.145218729973,0.410530865192,0.4710329175,0.154288887978,0.317485958338,0.46838593483,0.169347763062,0.219854161143,0.466887056828,0.184183016419,0.121967732906,0.463351547718,0.197835505009,0.0256394967437,0.458879351616,0.208650305867,-0.0721107572317,0.455706655979,0.219713315368,-0.169798195362,0.450911283493,0.224904447794,-0.268233120441,0.444762766361,0.233684241772,-0.387893825769,0.436360120773,0.23464718461,-0.358633846045,0.466404795647,-0.0378409214318,-0.358633846045
1776890928.24,0.485605061054,0.148399010301,0.409507125616,0.461263120174,0.149709418416,0.323032110929,0.458920657635,0.165988862514,0.225441038609,0.457034051418,0.18216663599,0.127851590514,0.454687714577,0.195934936404,0.0309138521552,0.447661936283,0.207450836897,-0.0659227371216,0.44462698698,0.21660131216,-0.16517701745,0.43788164854,0.222056269646,-0.261562764645,0.430271327496,0.229754269123,-0.382151156664,0.442239880562,0.235949099064,-0.358633846045,0.467277109623,-0.0397598445415,-0.358633846045
1776890928.25,0.48864236474,0.15201805532,0.408746421337,0.475820600986,0.156736314297,0.315327346325,0.473149001598,0.169857352972,0.217196494341,0.470814228058,0.183509498835,0.118673935533,0.468258261681,0.195933133364,0.0221256017685,0.463328003883,0.207496955991,-0.074345946312,0.460951983929,0.217836394906,-0.173602372408,0.457179188728,0.22515809536,-0.270904004574,0.45219963789,0.235916778445,-0.390592545271,0.448152661324,0.237098067999,-0.358633846045,0.466524660587,-0.0384248197079,-0.358633846045
1776890928.27,0.491427242756,0.155963823199,0.408262997866,0.482727766037,0.16083304584,0.312451422215,0.480257511139,0.170788764954,0.213987737894,0.477676570415,0.181156829,0.114989303052,0.47531235218,0.191788762808,0.0187155529857,0.470812082291,0.202920034528,-0.0792524963617,0.469974756241,0.214140415192,-0.177661597729,0.467538297176,0.223294258118,-0.273971915245,0.463738977909,0.238510146737,-0.393818050623,0.454092621803,0.238096356392,-0.358633846045,0.466636657715,-0.0381835214794,-0.358633846045
1776890928.28,0.494189292192,0.160171285272,0.408256918192,0.484861195087,0.162524461746,0.311871945858,0.482513606548,0.171115830541,0.212916299701,0.480199992657,0.180398494005,0.114196829498,0.477810144424,0.190244093537,0.0177770331502,0.473715424538,0.200055733323,-0.0798196643591,0.472691893578,0.21224924922,-0.178369402885,0.47133910656,0.222903385758,-0.275093913078,0.468224167824,0.239599481225,-0.394105643034,0.460054576397,0.238946095109,-0.358633846045,0.466658473015,-0.0383021049201,-0.358633846045
1776890928.3,0.496137797832,0.163297966123,0.408467382193,0.489416122437,0.166137456894,0.310692042112,0.487264692783,0.172191381454,0.212208628654,0.485133290291,0.17913544178,0.113039128482,0.483677387238,0.187186747789,0.0158240795135,0.480189740658,0.195724502206,-0.0811034590006,0.479159414768,0.208776980639,-0.17990192771,0.477783381939,0.220682248473,-0.276182830334,0.476020991802,0.240087106824,-0.395141035318,0.466034054756,0.239649191499,-0.358633846045,0.466614067554,-0.0382071360946,-0.358633846045
1776890928.31,0.499456107616,0.168962746859,0.409395873547,0.491102337837,0.168094173074,0.310754835606,0.4892359972,0.172746539116,0.211779683828,0.487528562546,0.178525000811,0.112509332597,0.48574590683,0.1854827106,0.0153370648623,0.482222914696,0.194355651736,-0.0815704017878,0.482269048691,0.207322195172,-0.180428951979,0.481835603714,0.220040366054,-0.276692956686,0.479898393154,0.239787459373,-0.395710915327,0.472027122974,0.240207269788,-0.358633846045,0.466606914997,-0.0382436476648,-0.358633846045
1776890928.33,0.501984834671,0.173224911094,0.410367816687,0.495600581169,0.172297939658,0.310986340046,0.493841469288,0.175136327744,0.212091714144,0.492414772511,0.178559422493,0.112873107195,0.491344571114,0.183589726686,0.0155516564846,0.488589882851,0.191815018654,-0.0814124643803,0.489857316017,0.20476552844,-0.18051302433,0.488592207432,0.217881157994,-0.27666503191,0.487898468971,0.239246040583,-0.395579844713,0.478030145168,0.240621685982,-0.358633846045,0.466658890247,-0.0381882712245,-0.358633846045
1776890928.34,0.504463791847,0.177264466882,0.411845326424,0.497443079948,0.174577847123,0.311880171299,0.496155500412,0.176269322634,0.212518945336,0.495233237743,0.178686857224,0.113437712193,0.494385302067,0.18356411159,0.0159095972776,0.492508590221,0.191622063518,-0.0812116414309,0.493800938129,0.203768566251,-0.179942637682,0.492681503296,0.217448100448,-0.276797652245,0.491823196411,0.238296300173,-0.394792348146,0.484040081501,0.240893468261,-0.358633846045,0.466640591621,-0.0383398421109,-0.358633846045
1776890928.36,0.506862103939,0.180775031447,0.413381278515,0.501708805561,0.179472416639,0.312960147858,0.500773429871,0.179921478033,0.214028477669,0.500367164612,0.180902823806,0.114345781505,0.500440776348,0.184481918812,0.0166422128677,0.499072790146,0.19064001739,-0.0798914730549,0.5011754632,0.20278377831,-0.179067224264,0.50054204464,0.215967491269,-0.275425434113,0.500114798546,0.236515879631,-0.39332357049,0.49005395174,0.241023302078,-0.358633846045,0.466114699841,-0.0382986888289,-0.358633846045
1776890928.37,0.509354770184,0.183745995164,0.415282428265,0.503985702991,0.182195648551,0.314248800278,0.503259241581,0.182034909725,0.214846670628,0.503118276596,0.182610601187,0.115424022079,0.503575205803,0.185156360269,0.017990000546,0.502755820751,0.191132694483,-0.0796018093824,0.50499022007,0.202691286802,-0.178067594767,0.504587292671,0.215295538306,-0.275072485209,0.503575265408,0.234102681279,-0.392948776484,0.496068954468,0.241011500359,-0.358633846045,0.466172516346,-0.0383802354336,-0.358633846045
1776890928.39,0.511801183224,0.186088457704,0.41728579998,0.5081204772,0.187706381083,0.316057264805,0.508406877518,0.186917021871,0.216881006956,0.509115338326,0.186853423715,0.11737524718,0.510255038738,0.189220607281,0.0196579620242,0.509396374226,0.193573638797,-0.0778953582048,0.511259257793,0.20335970819,-0.176396518946,0.51259547472,0.213797941804,-0.273443669081,0.512230813503,0.230700418353,-0.391884416342,0.50208234787,0.240858048201,-0.358633846045,0.466045618057,-0.0382890105247,-0.358633846045
1776890928.4,0.514117598534,0.18773072958,0.419335901737,0.510496616364,0.190245956182,0.31713706255,0.510868549347,0.190399333835,0.218253657222,0.511921286583,0.189857751131,0.118584342301,0.513329029083,0.191528201103,0.021420173347,0.512436330318,0.195491150022,-0.0762735158205,0.515097379684,0.204040914774,-0.175670862198,0.516462266445,0.212617099285,-0.272592842579,0.516432881355,0.228394508362,-0.391387969255,0.508091330528,0.240562558174,-0.358633846045,0.466233730316,-0.0383597612381,-0.358633846045
1776890928.42,0.516705155373,0.188832595944,0.421628564596,0.514880895615,0.194667756557,0.319989472628,0.516168117523,0.196056559682,0.220997318625,0.518066167831,0.196600154042,0.121449321508,0.519638717175,0.197880163789,0.0241962000728,0.519933223724,0.199760288,-0.0733584314585,0.521881222725,0.206021159887,-0.173046797514,0.523928821087,0.211941584945,-0.270143598318,0.524986922741,0.222748845816,-0.389843314886,0.514092922211,0.24012427032,-0.358633846045,0.466096043587,-0.0382084622979,-0.358633846045
1776890928.43,0.518571555614,0.189252480865,0.423450499773,0.519330322742,0.198530003428,0.323092192411,0.521007657051,0.201853975654,0.223939701915,0.523596405983,0.203744798899,0.124580569565,0.525964856148,0.205297470093,0.026969820261,0.52641326189,0.205951154232,-0.0706505328417,0.52929097414,0.209092542529,-0.170532882214,0.531095921993,0.211159646511,-0.267393529415,0.532554209232,0.216828167439,-0.387274175882,0.520083963871,0.239542111754,-0.358633846045,0.466114401817,-0.0383052751422,-0.358633846045
1776890928.45,0.52126544714,0.189298212528,0.42620536685,0.52125442028,0.200063660741,0.3244587183,0.523532092571,0.204649522901,0.225618675351,0.526457965374,0.206831544638,0.126005679369,0.529083967209,0.208488360047,0.0287427827716,0.529260933399,0.209302157164,-0.0687602162361,0.533429086208,0.210912495852,-0.168924629688,0.534956991673,0.211011320353,-0.266216933727,0.536676943302,0.214267507195,-0.385648280382,0.526060819626,0.238814711571,-0.358633846045,0.466121017933,-0.0382254756987,-0.358633846045
1776890928.46,0.523439407349,0.188823238015,0.428388595581,0.523288786411,0.201284363866,0.325911194086,0.52589905262,0.206634119153,0.22717794776,0.529175043106,0.210094571114,0.127578869462,0.531947672367,0.212137535214,0.0303588286042,0.532798111439,0.211865693331,-0.0667616277933,0.536585092545,0.212459996343,-0.166410773993,0.538772463799,0.210815131664,-0.264392465353,0.541169822216,0.210865586996,-0.384261161089,0.532019495964,0.237940341234,-0.358633846045,0.466109514236,-0.038240339607,-0.358633846045
1776890928.48,0.525528907776,0.188109412789,0.430598467588,0.526903033257,0.202819347382,0.329408973455,0.530134737492,0.210022270679,0.230593532324,0.5341822505,0.215275868773,0.131387829781,0.538080334663,0.218222051859,0.0339709296823,0.53967666626,0.217714220285,-0.0638021677732,0.543956279755,0.216282978654,-0.163114279509,0.546239554882,0.210614189506,-0.260178297758,0.548780441284,0.204982697964,-0.380420774221,0.537955224514,0.236917093396,-0.358633846045,0.466202676296,-0.0383708067238,-0.358633846045
1776890928.49,0.527818739414,0.186973929405,0.43302705884,0.528756439686,0.203004360199,0.330776721239,0.532348036766,0.211199730635,0.232109665871,0.536696732044,0.217445835471,0.133124366403,0.540813744068,0.220626458526,0.0358479842544,0.542841255665,0.220152378082,-0.061791151762,0.547731876373,0.217330172658,-0.161061704159,0.550093114376,0.210021927953,-0.258279830217,0.552841603756,0.202109143138,-0.378338426352,0.543862938881,0.235742807388,-0.358633846045,0.466113388538,-0.0381581932306,-0.358633846045
1776890928.51,0.529748260975,0.185750350356,0.434986948967,0.532267928123,0.20290993154,0.334101498127,0.536037564278,0.21225105226,0.235520750284,0.541333794594,0.219828560948,0.136332273483,0.546579003334,0.224108800292,0.0391916260123,0.548698067665,0.223888069391,-0.0582994520664,0.553831100464,0.219212591648,-0.157229095697,0.557268619537,0.209279030561,-0.25447499752,0.560828030109,0.196531996131,-0.37384173274,0.549736618996,0.234415143728,-0.358633846045,0.466096937656,-0.0382647328079,-0.358633846045
1776890928.52,0.531978130341,0.184295296669,0.437223166227,0.534117639065,0.202862620354,0.335512638092,0.538276791573,0.212378636003,0.237033784389,0.543534219265,0.220107764006,0.138353854418,0.549052417278,0.225099384785,0.0409353747964,0.551670610905,0.224984094501,-0.056648850441,0.557160258293,0.219286903739,-0.155334591866,0.560952723026,0.20801666379,-0.252087503672,0.564662098885,0.194710195065,-0.371865898371,0.555569529533,0.232931703329,-0.358633846045,0.466067314148,-0.0382350645959,-0.358633846045
1776890928.54,0.533615589142,0.183151245117,0.438749223948,0.537703454494,0.201121121645,0.338657796383,0.542191505432,0.211467251182,0.240350931883,0.548000574112,0.219976171851,0.141479700804,0.553796589375,0.225276693702,0.0447218641639,0.557461500168,0.224487990141,-0.0531146377325,0.563837349415,0.218413382769,-0.151718467474,0.567987978458,0.206081733108,-0.248689591885,0.572458148003,0.190335735679,-0.368226736784,0.561354160309,0.231289982796,-0.358633846045,0.466116070747,-0.038252081722,-0.358633846045
1776890928.55,0.53573769331,0.181593686342,0.440523177385,0.53945183754,0.200217530131,0.340284138918,0.54420030117,0.21040096879,0.241904646158,0.550362765789,0.219206959009,0.143119901419,0.556477129459,0.224104359746,0.0456957370043,0.560148596764,0.223444372416,-0.0514938086271,0.566632688046,0.21753051877,-0.150491982698,0.571163713932,0.204516783357,-0.24668598175,0.576291263103,0.188834249973,-0.366788029671,0.567082047462,0.229487508535,-0.358633846045,0.466098248959,-0.0382882617414,-0.358633846045
1776890928.57,0.53787535429,0.179988071322,0.442223608494,0.542448997498,0.19803096354,0.342836678028,0.547829806805,0.20785471797,0.244634509087,0.5545540452,0.215649917722,0.145727142692,0.560915708542,0.220726266503,0.0481859520078,0.565791606903,0.219610318542,-0.0490851998329,0.57279920578,0.214308097959,-0.148074567318,0.577778995037,0.201407298446,-0.244329065084,0.584247350693,0.186304658651,-0.364054203033,0.57274389267,0.227521896362,-0.358633846045,0.46613407135,-0.0383586920798,-0.358633846045
1776890928.58,0.539657890797,0.17854423821,0.443465650082,0.544059336185,0.19670112431,0.343932569027,0.549795925617,0.20581151545,0.245716363192,0.556544661522,0.213721573353,0.146667540073,0.56324326992,0.218023493886,0.0495834425092,0.568133831024,0.21697165072,-0.048134714365,0.575410962105,0.211714237928,-0.146378338337,0.581034004688,0.199419572949,-0.24343419075,0.587823569775,0.185451418161,-0.363127052784,0.578329384327,0.225390896201,-0.358633846045,0.46618771553,-0.0384478457272,-0.358633846045
1776890928.6,0.541340231895,0.177072674036,0.44439342618,0.547005593777,0.194076031446,0.346049755812,0.552769839764,0.201853170991,0.247507154942,0.560222923756,0.207731679082,0.148492082953,0.567512750626,0.211098402739,0.0516148209572,0.572729349136,0.210128456354,-0.0462340265512,0.580993652344,0.205905750394,-0.14544570446,0.587726771832,0.19564935565,-0.24178403616,0.595688343048,0.183702498674,-0.361621558666,0.583827257156,0.223092526197,-0.358633846045,0.466190457344,-0.0383159965277,-0.358633846045
1776890928.61,0.54295873642,0.175578311086,0.44508177042,0.548327505589,0.192545190454,0.346613377333,0.554910719395,0.199266657233,0.248007446527,0.562219917774,0.204397842288,0.149189695716,0.569634497166,0.207360357046,0.0517823472619,0.575293600559,0.206117600203,-0.0457503795624,0.583652734756,0.202556416392,-0.14462018013,0.591006278992,0.19280809164,-0.240900754929,0.599453687668,0.183456197381,-0.360974192619,0.589225530624,0.220625057817,-0.358633846045,0.466234564781,-0.0384959988296,-0.358633846045
1776890928.63,0.54451841116,0.174018189311,0.44557082653,0.550936877728,0.188543990254,0.347778558731,0.557791590691,0.193403884768,0.249179273844,0.565455496311,0.196627080441,0.150154694915,0.573368728161,0.198528572917,0.0530098304152,0.579437971115,0.197624176741,-0.0441391021013,0.588848233223,0.194852769375,-0.143033653498,0.597039878368,0.188379436731,-0.24016559124,0.606220006943,0.182784453034,-0.360125809908,0.594511210918,0.217987194657,-0.358633846045,0.466149628162,-0.0382923036814,-0.358633846045
1776890928.64,0.546006321907,0.172379478812,0.445900291204,0.552170395851,0.186870321631,0.348104000092,0.55879598856,0.190151393414,0.249824255705,0.567071557045,0.192751079798,0.150773525238,0.575626194477,0.193591713905,0.0536995381117,0.581969261169,0.192085027695,-0.043861746788,0.592191874981,0.190312489867,-0.142695337534,0.599976718426,0.186240360141,-0.239755868912,0.609761834145,0.182908385992,-0.359736144543,0.599670410156,0.215178087354,-0.358633846045,0.466173827648,-0.0383773259819,-0.358633846045
1776890928.66,0.547133624554,0.170894861221,0.445961862803,0.554646730423,0.182568117976,0.348987072706,0.561816751957,0.183745875955,0.250457942486,0.570167899132,0.1838863343,0.151294097304,0.57952028513,0.183713316917,0.0541539639235,0.586676716805,0.182684704661,-0.0431946516037,0.597008049488,0.182583659887,-0.142070889473,0.605598986149,0.181210637093,-0.239106237888,0.616342425346,0.182649895549,-0.358595222235,0.604688644409,0.212197422981,-0.358633846045,0.466508567333,-0.0381893366575,-0.358633846045
1776890928.67,0.548813700676,0.168257594109,0.445801615715,0.557090044022,0.177962943912,0.349137783051,0.564672648907,0.17682518065,0.250615000725,0.573097467422,0.175088346004,0.151543051004,0.582844376564,0.174198523164,0.0545601919293,0.59049052,0.17367464304,-0.0430832207203,0.602342486382,0.175374403596,-0.141005396843,0.611915707588,0.17670853436,-0.238383680582,0.62291097641,0.182322010398,-0.357850492001,0.609550654888,0.209045499563,-0.358633846045,0.466369509697,-0.0380612909794,-0.358633846045
1776890928.69,0.549888134003,0.166128858924,0.44557005167,0.54988694191,0.190771237016,0.347301661968,0.556528031826,0.196573391557,0.248910158873,0.563883244991,0.200891554356,0.149548590183,0.571304440498,0.202974036336,0.0523920506239,0.577583789825,0.201742887497,-0.0450768023729,0.586294353008,0.198462083936,-0.143867224455,0.594050467014,0.190700247884,-0.240686744452,0.602905571461,0.183296948671,-0.360812574625,0.614240825176,0.205723300576,-0.358633846045,0.466232001781,-0.038477126509,-0.358633846045
1776890928.71,0.550978839397,0.163493603468,0.4452444911,0.56044024229,0.17077074945,0.348846137524,0.568605899811,0.167033210397,0.250447720289,0.577851116657,0.163623675704,0.151223182678,0.58824890852,0.161401420832,0.0543256402016,0.596703886986,0.161364793777,-0.0430535674095,0.608828365803,0.166271612048,-0.140821158886,0.619040966034,0.170747891068,-0.23804551363,0.63183671236,0.180987596512,-0.356798738241,0.618742823601,0.202232524753,-0.358633846045,0.46657782793,-0.0385545231402,-0.358633846045
1776890928.72,0.552168190479,0.159819364548,0.444757789373,0.56044024229,0.17077074945,0.348846137524,0.568605899811,0.167033210397,0.250447720289,0.577851116657,0.163623675704,0.151223182678,0.58824890852,0.161401420832,0.0543256402016,0.596703886986,0.161364793777,-0.0430535674095,0.608828365803,0.166271612048,-0.140821158886,0.619040966034,0.170747891068,-0.23804551363,0.63183671236,0.180987596512,-0.356798738241,0.623040318489,0.198575675488,-0.358633846045,0.466697692871,-0.0385223478079,-0.358633846045
1776890928.73,0.553194999695,0.156011193991,0.44428306818,0.562293171883,0.16619682312,0.348441004753,0.571075677872,0.16163726151,0.249757915735,0.581209182739,0.157285317779,0.151180922985,0.591527938843,0.155234664679,0.0543990954757,0.60056078434,0.155413195491,-0.042938247323,0.613047719002,0.160890072584,-0.140538275242,0.624262273312,0.167367562652,-0.237932443619,0.637195289135,0.179103717208,-0.355933129787,0.62711673975,0.194756060839,-0.358633846045,0.46661221981,-0.038295853883,-0.358633846045
1776890928.75,0.554295957088,0.151565656066,0.443848907948,0.56386077404,0.161493673921,0.347969472408,0.573201179504,0.156907901168,0.24971459806,0.583966374397,0.152728036046,0.150799363852,0.5948112607,0.150615692139,0.0539163202047,0.604097425938,0.151203989983,-0.0431796461344,0.617047965527,0.157290756702,-0.141329705715,0.628349661827,0.164116948843,-0.238128572702,0.642560005188,0.176807805896,-0.356682270765,0.630955636501,0.19077783823,-0.358633846045,0.466559946537,-0.0382857844234,-0.358633846045
1776890928.76,0.555406808853,0.146657779813,0.443460077047,0.56445991993,0.159343093634,0.34802249074,0.574248254299,0.154979050159,0.24907065928,0.585175693035,0.151117026806,0.150311619043,0.596497416496,0.1490970999,0.0534393191338,0.606095254421,0.149782001972,-0.0438240170479,0.61911046505,0.155737906694,-0.141420811415,0.630712628365,0.162719815969,-0.238645792007,0.6450766325,0.175557002425,-0.356676280499,0.634540677071,0.186645999551,-0.358633846045,0.466153502464,-0.0383018180728,-0.358633846045
1776890928.78,0.556556284428,0.141310021281,0.443085879087,0.565695524216,0.153778925538,0.347077280283,0.575928986073,0.151266187429,0.248608767986,0.587164878845,0.148734018207,0.149939194322,0.59914046526,0.147603064775,0.0529932677746,0.60921216011,0.148164540529,-0.0440393388271,0.622993946075,0.153621718287,-0.141894072294,0.634692311287,0.160189256072,-0.23876363039,0.64907348156,0.172141462564,-0.357462525368,0.637856185436,0.182366430759,-0.358633846045,0.466192722321,-0.0382363833487,-0.358633846045
1776890928.79,0.557690024376,0.135690793395,0.44271838665,0.566536009312,0.151003658772,0.346741110086,0.576585829258,0.149277061224,0.248470187187,0.588316977024,0.14782436192,0.149378269911,0.600324869156,0.147415935993,0.0525640696287,0.610842466354,0.148327276111,-0.0443877279758,0.624693095684,0.153369292617,-0.142304033041,0.636997163296,0.158970057964,-0.238891839981,0.651066839695,0.170344188809,-0.357378125191,0.640886902809,0.177945822477,-0.358633846045,0.466202616692,-0.0382895283401,-0.358633846045
1776890928.81,0.558791339397,0.129620745778,0.442314088345,0.567988216877,0.145293518901,0.346175789833,0.577886462212,0.145770862699,0.247991144657,0.589938759804,0.146476730704,0.149405747652,0.602370262146,0.147614642978,0.0525348931551,0.613663196564,0.148902818561,-0.0453093647957,0.627912044525,0.15294060111,-0.142445117235,0.640392243862,0.157054170966,-0.239059448242,0.654453158379,0.165908351541,-0.358234077692,0.643618404865,0.17339168489,-0.358633846045,0.466215074062,-0.0382857061923,-0.358633846045
1776890928.82,0.559745252132,0.123395383358,0.441873878241,0.56857329607,0.142175868154,0.34631717205,0.578752279282,0.144047424197,0.24767254293,0.590782403946,0.145987719297,0.148827403784,0.603386163712,0.147884517908,0.0525393262506,0.614655792713,0.149726197124,-0.0453725010157,0.629224956036,0.153415948153,-0.142521202564,0.641525506973,0.156706571579,-0.239428728819,0.656281709671,0.163353353739,-0.358712375164,0.646037340164,0.16871227324,-0.358633846045,0.46630012989,-0.0384850129485,-0.358633846045
1776890928.84,0.56051248312,0.117222622037,0.441345214844,0.569813191891,0.13606184721,0.345814615488,0.580422699451,0.140521839261,0.247128710151,0.592566490173,0.144267067313,0.148719385266,0.605153679848,0.148268133402,0.0521427318454,0.616927027702,0.150568753481,-0.0447109490633,0.631528198719,0.154128596187,-0.142677664757,0.643987715244,0.155394896865,-0.239529520273,0.658848881721,0.158504784107,-0.359170198441,0.64813131094,0.163916513324,-0.358633846045,0.46614086628,-0.0383183285594,-0.358633846045
1776890928.85,0.561113297939,0.111117511988,0.440701693296,0.570857703686,0.132714465261,0.345561087132,0.581329107285,0.138515383005,0.247219592333,0.593421578407,0.143681108952,0.148530036211,0.606192111969,0.148480966687,0.0520492643118,0.617592990398,0.151500403881,-0.0449906289577,0.632140815258,0.154282674193,-0.142314970493,0.645184457302,0.154346242547,-0.239056944847,0.660359978676,0.15597319603,-0.358697146177,0.649889469147,0.159013986588,-0.358633846045,0.466138899326,-0.0383179932833,-0.358633846045
1776890928.87,0.561433434486,0.105286203325,0.439963698387,0.572218060493,0.126053348184,0.345022678375,0.583001375198,0.133945375681,0.247003480792,0.595105409622,0.141737416387,0.148319646716,0.607441723347,0.148152366281,0.0522915348411,0.618857204914,0.15165437758,-0.0446574538946,0.633357524872,0.154503121972,-0.142962783575,0.646564364433,0.152380853891,-0.23954179883,0.662306249142,0.151170149446,-0.358294039965,0.651302158833,0.154014766216,-0.358633846045,0.466252624989,-0.0383778326213,-0.358633846045
1776890928.89,0.561536669731,0.0984844043851,0.438932776451,0.558245956898,0.175608798862,0.348890244961,0.565972447395,0.17324860394,0.250572860241,0.575009465218,0.170900315046,0.151638716459,0.5845028162,0.169413387775,0.0548131987453,0.592908918858,0.169078707695,-0.0426684916019,0.604712367058,0.172168016434,-0.141233414412,0.61457413435,0.174441859126,-0.238207429647,0.625698566437,0.182210102677,-0.357384622097,0.652361452579,0.148929357529,-0.358633846045,0.466477036476,-0.0382115580142,-0.358633846045
1776890928.9,0.561391949654,0.0950169563293,0.438291758299,0.573149442673,0.115411870182,0.343799471855,0.584638476372,0.126228824258,0.246092379093,0.597172915936,0.136636272073,0.147661343217,0.609444797039,0.144753038883,0.051755964756,0.620740830898,0.149221524596,-0.0456093251705,0.634890854359,0.150874048471,-0.143285244703,0.648254990578,0.147913530469,-0.239871561527,0.665028810501,0.144881010056,-0.35872220993,0.653060913086,0.143768623471,-0.358633846045,0.46621131897,-0.0384084396064,-0.358633846045
1776890928.91,0.560972392559,0.090773999691,0.437369316816,0.57304662466,0.112393915653,0.343682408333,0.584757626057,0.123369142413,0.245711073279,0.59733247757,0.134255453944,0.147766262293,0.610115647316,0.142764732242,0.0515314489603,0.621288836002,0.147297024727,-0.045329451561,0.635514974594,0.149160817266,-0.143503010273,0.64874714613,0.145946472883,-0.240169227123,0.665820479393,0.142546474934,-0.35912963748,0.65339577198,0.138543561101,-0.358633846045,0.466321110725,-0.0384995751083,-0.358633846045
1776890928.93,0.560354292393,0.0871097370982,0.436485797167,0.572522580624,0.105796508491,0.342362642288,0.584649682045,0.117174215615,0.244644999504,0.597527325153,0.128115996718,0.146764501929,0.610628664494,0.13715608418,0.050371773541,0.622177481651,0.142264440656,-0.0465457588434,0.636698663235,0.144699722528,-0.144448935986,0.649859905243,0.141767695546,-0.241121649742,0.66585713625,0.139205604792,-0.359694123268,0.653363227844,0.133265331388,-0.358633846045,0.466192901134,-0.0383279770613,-0.358633846045
1776890928.94,0.559622526169,0.0839173421264,0.435667425394,0.572125732899,0.102906256914,0.341371417046,0.584203243256,0.113708145916,0.243961885571,0.5973726511,0.124478787184,0.145879432559,0.610836684704,0.13385862112,0.0501718297601,0.622418045998,0.13893020153,-0.0471779853106,0.637430310249,0.141361087561,-0.144502431154,0.649983286858,0.139479964972,-0.241538226604,0.666207611561,0.137555643916,-0.360818266869,0.652961969376,0.127945020795,-0.358633846045,0.466197729111,-0.0384060814977,-0.358633846045
1776890928.96,0.558837413788,0.081179484725,0.435037732124,0.571467757225,0.0998049601912,0.34111571312,0.583612680435,0.110559508204,0.243352457881,0.597329497337,0.120968095958,0.145114243031,0.611038208008,0.129748165607,0.0494125857949,0.622927725315,0.135099500418,-0.047818467021,0.637067079544,0.138355612755,-0.146215647459,0.650536119938,0.137140214443,-0.242609351873,0.666284918785,0.136071175337,-0.361478477716,0.652192533016,0.12259362638,-0.358633846045,0.466036140919,-0.0382311940193,-0.358633846045
1776890928.97,0.558063626289,0.0789871588349,0.434658318758,0.570191144943,0.0940668284893,0.3394754529,0.582401394844,0.103154212236,0.242247283459,0.596576869488,0.11216108501,0.14372703433,0.610622823238,0.120423391461,0.0480328723788,0.623120903969,0.125996679068,-0.0489263087511,0.637566864491,0.130763739347,-0.147586286068,0.65061122179,0.131033048034,-0.243418008089,0.665786385536,0.133259981871,-0.362744450569,0.651057124138,0.117221839726,-0.358633846045,0.466215848923,-0.0383841507137,-0.358633846045
1776890928.99,0.557360827923,0.077254511416,0.434585183859,0.568659722805,0.08875015378,0.338737875223,0.581238687038,0.0954861864448,0.240855157375,0.59512835741,0.102773219347,0.14277485013,0.610176920891,0.109822444618,0.0471733212471,0.622138977051,0.116120345891,-0.0508949458599,0.637272238731,0.121488586068,-0.148647069931,0.649895727634,0.12484011054,-0.244651138783,0.664363980293,0.130752727389,-0.363237977028,0.649559557438,0.111840046942,-0.358633846045,0.466203093529,-0.0383604131639,-0.358633846045
1776890929,0.55671864748,0.0758058130741,0.434749156237,0.567976713181,0.0862831249833,0.338470757008,0.580443382263,0.0917624011636,0.240565419197,0.594612061977,0.0978623181581,0.142031386495,0.609039187431,0.104529440403,0.0462825745344,0.621439635754,0.110274799168,-0.0508613139391,0.63672721386,0.116749867797,-0.148475825787,0.649372279644,0.121460646391,-0.245207160711,0.663997411728,0.129344344139,-0.363606333733,0.647705197334,0.10645814985,-0.358633846045,0.466199576855,-0.0382813699543,-0.358633846045
1776890929.02,0.556217133999,0.0746324807405,0.435150235891,0.56692802906,0.0818519368768,0.338241577148,0.579475283623,0.0849291011691,0.239983379841,0.593010485172,0.0884641557932,0.141457080841,0.607097089291,0.0935344621539,0.0452321171761,0.619364976883,0.0988570526242,-0.0514603704214,0.634692013264,0.106816388667,-0.148964136839,0.64767819643,0.114495836198,-0.245528608561,0.662743747234,0.126639947295,-0.363998144865,0.645500898361,0.101085543633,-0.358633846045,0.466213583946,-0.0384303629398,-0.358633846045
1776890929.03,0.555893182755,0.0734302923083,0.435750603676,0.569605588913,0.0912317559123,0.33912178874,0.581641554832,0.0994034409523,0.241351142526,0.59600007534,0.107469074428,0.143159687519,0.610289812088,0.115186989307,0.0470830053091,0.622806310654,0.121183879673,-0.0497345626354,0.63757199049,0.125752538443,-0.147763043642,0.650123000145,0.128007888794,-0.244121342897,0.665116250515,0.13221411407,-0.363080650568,0.642954826355,0.0957309827209,-0.358633846045,0.466189205647,-0.0383400171995,-0.358633846045
1776890929.05,0.555823266506,0.0720066204667,0.436670899391,0.565608203411,0.0760708674788,0.338714212179,0.577184796333,0.0757943838835,0.240492790937,0.589876115322,0.0762444585562,0.141699463129,0.602988779545,0.0788110718131,0.0455394610763,0.614589393139,0.0841813459992,-0.0520183295012,0.629762768745,0.0932973995805,-0.149607360363,0.643525421619,0.104058384895,-0.244880080223,0.659436702728,0.120924912393,-0.36254298687,0.64007627964,0.0904025658965,-0.358633846045,0.466137051582,-0.0382442884147,-0.358633846045
1776890929.06,0.555945575237,0.0706841722131,0.437579214573,0.565195560455,0.074337542057,0.339232981205,0.576152920723,0.0731137990952,0.241110756993,0.588912725449,0.0725241526961,0.142224386334,0.601404547691,0.0746575593948,0.0457063391805,0.613054335117,0.0792613700032,-0.0513339936733,0.627732753754,0.0893013775349,-0.148833036423,0.64160078764,0.100535541773,-0.244378775358,0.658039152622,0.11898022145,-0.361757546663,0.63687568903,0.0851076468825,-0.358633846045,0.466164529324,-0.0382630676031,-0.358633846045
1776890929.08,0.556232094765,0.0689243525267,0.438598543406,0.564227640629,0.0715632811189,0.340181291103,0.574582576752,0.0688184052706,0.242119640112,0.586019992828,0.066996499896,0.143276125193,0.598065674305,0.0681208148599,0.0458948984742,0.609155356884,0.0720476955175,-0.0507038682699,0.62409645319,0.0818935930729,-0.14828774333,0.638004481792,0.0940991491079,-0.2436606884,0.654954016209,0.113752052188,-0.361190497875,0.633364439011,0.0798528194427,-0.358633846045,0.466169834137,-0.0382540151477,-0.358633846045
1776890929.09,0.556764006615,0.0664214119315,0.439724206924,0.564137578011,0.0704376772046,0.340881079435,0.57356184721,0.06732596457,0.242479071021,0.584648668766,0.0651405379176,0.143330007792,0.596135437489,0.0652072578669,0.0467519760132,0.607235848904,0.0692502781749,-0.0504938662052,0.622330546379,0.0788193121552,-0.147615194321,0.636203050613,0.0912059098482,-0.243113458157,0.653093576431,0.110636584461,-0.360067397356,0.629554629326,0.0746438726783,-0.358633846045,0.466154456139,-0.0382236950099,-0.358633846045
1776890929.11,0.557320475578,0.0640820488334,0.440548717976,0.563795685768,0.0684290975332,0.34222650528,0.572101652622,0.0646094158292,0.243623614311,0.581938862801,0.0615823194385,0.144674956799,0.593044340611,0.0617270693183,0.048027202487,0.603230476379,0.0649243444204,-0.0497160702944,0.618006885052,0.0740858688951,-0.147802501917,0.632099330425,0.0850272998214,-0.242612749338,0.649112522602,0.103665441275,-0.359397500753,0.625459074974,0.069485783577,-0.358633846045,0.466148495674,-0.0382934398949,-0.358633846045
1776890929.12,0.558107018471,0.0609191656113,0.441467285156,0.563806295395,0.0667905509472,0.342723309994,0.571474552155,0.0636776611209,0.244126170874,0.580824255943,0.0609265491366,0.145239055157,0.591378927231,0.0604548677802,0.0483442917466,0.601216375828,0.0635664388537,-0.0492595732212,0.615984380245,0.0719876736403,-0.146498203278,0.630050957203,0.0824068784714,-0.242161512375,0.646986186504,0.0998498722911,-0.359630703926,0.621091008186,0.0643827095628,-0.358633846045,0.466163754463,-0.0382987596095,-0.358633846045
1776890929.14,0.559009850025,0.0573169514537,0.442362159491,0.564244627953,0.0641747862101,0.344018757343,0.570748806,0.0620713531971,0.245458185673,0.578679025173,0.0603237971663,0.145922675729,0.588070452213,0.0598307102919,0.049421325326,0.597588181496,0.0622389093041,-0.048110678792,0.61185157299,0.0691134855151,-0.14655354619,0.625317394733,0.077195122838,-0.241878330708,0.641771316528,0.0915390700102,-0.359512269497,0.616464197636,0.0593379810452,-0.358633846045,0.466168403625,-0.0383804552257,-0.358633846045
1776890929.15,0.559846520424,0.0541499368846,0.443031668663,0.563803076744,0.0693070814013,0.341963946819,0.572771549225,0.0658740699291,0.242888689041,0.583198547363,0.0632169097662,0.144034296274,0.594442725182,0.0630967840552,0.0475750043988,0.605340301991,0.0667318999767,-0.0497036874294,0.620038449764,0.0761410072446,-0.147326797247,0.634386181831,0.0878824964166,-0.242634057999,0.651021182537,0.107092097402,-0.360011667013,0.611592590809,0.0543541386724,-0.358633846045,0.466171622276,-0.0383192934096,-0.358633846045
1776890929.17,0.561297893524,0.0491436496377,0.44403859973,0.565437078476,0.059209138155,0.346212118864,0.571068942547,0.0600090995431,0.247004136443,0.577621877193,0.0604989379644,0.147893577814,0.585294127464,0.0616595074534,0.050610922277,0.59285056591,0.0629345029593,-0.0469621866941,0.605455517769,0.067245900631,-0.145367920399,0.617927074432,0.0702048614621,-0.241639643908,0.633294999599,0.078038200736,-0.360588461161,0.606490314007,0.0494329221547,-0.358633846045,0.466198444366,-0.0383273214102,-0.358633846045
1776890929.18,0.562632024288,0.0446888692677,0.444776177406,0.566258013248,0.0573337189853,0.347045302391,0.57152056694,0.0592659860849,0.247706353664,0.577498972416,0.0607773810625,0.148306727409,0.584623396397,0.062460154295,0.0508514195681,0.5914965868,0.0634157434106,-0.0456763803959,0.603358745575,0.0666415020823,-0.145386457443,0.615715742111,0.067900493741,-0.24130538106,0.630443871021,0.0730712413788,-0.360545486212,0.60117149353,0.0445753261447,-0.358633846045,0.466184735298,-0.0382889285684,-0.358633846045
1776890929.2,0.56407135725,0.0398932993412,0.445493966341,0.564850568771,0.0608758106828,0.345415115356,0.570725619793,0.0607124641538,0.246197342873,0.577723622322,0.060152515769,0.147541865706,0.58608341217,0.0606786757708,0.0502793490887,0.594581365585,0.062391795218,-0.0475209355354,0.607525110245,0.0672123357654,-0.145234376192,0.620403647423,0.0725869089365,-0.242017567158,0.636272013187,0.0826368927956,-0.360288143158,0.595650374889,0.0397816151381,-0.358633846045,0.466217756271,-0.0384099632502,-0.358633846045
1776890929.21,0.565550923347,0.0349522829056,0.446211278439,0.567501723766,0.0532674230635,0.347875595093,0.572518110275,0.0576229356229,0.248662382364,0.57768791914,0.061092056334,0.14948964119,0.584140717983,0.0638770014048,0.0519539564848,0.589466571808,0.0646730661392,-0.0453582406044,0.599805653095,0.0661547854543,-0.144476205111,0.610186696053,0.0638074725866,-0.240460634232,0.623652160168,0.0631216093898,-0.360305219889,0.589940965176,0.0350513607264,-0.358633846045,0.466140687466,-0.0382529944181,-0.358633846045
1776890929.23,0.567013978958,0.0298214051872,0.446787893772,0.570198655128,0.0465063080192,0.349282473326,0.574434816837,0.0539361536503,0.250314831734,0.579044699669,0.0601466596127,0.150987043977,0.584078729153,0.0641553625464,0.0544366315007,0.587812483311,0.0647394806147,-0.0434464812279,0.595951676369,0.0634705796838,-0.14187386632,0.602916538715,0.0564567260444,-0.239593118429,0.611716032028,0.049078322947,-0.359830111265,0.584057092667,0.0303834937513,-0.358633846045,0.466067612171,-0.0382753536105,-0.358633846045
1776890929.24,0.5684004426,0.0246114078909,0.44729924202,0.571313619614,0.0439481586218,0.349740028381,0.575074791908,0.0522043071687,0.250893056393,0.579467236996,0.0587691515684,0.152041345835,0.584119260311,0.0635331198573,0.0544722527266,0.587397933006,0.0639120340347,-0.0427164286375,0.594213306904,0.0620364025235,-0.141669631004,0.600353240967,0.0535867288709,-0.239292353392,0.607610762119,0.0448126420379,-0.359229922295,0.578012526035,0.0257763359696,-0.358633846045,0.466180384159,-0.0382974259555,-0.358633846045
1776890929.26,0.569702208042,0.0196710787714,0.447775363922,0.572512209415,0.0410516187549,0.35005530715,0.575711727142,0.049961078912,0.251539289951,0.579835832119,0.057746309787,0.152668178082,0.58413875103,0.0624023005366,0.0554933622479,0.587244510651,0.0627244412899,-0.042230322957,0.593105435371,0.060268945992,-0.141399145126,0.597872614861,0.0507130101323,-0.238629370928,0.603747308254,0.0405948534608,-0.358474612236,0.571820616722,0.0212276540697,-0.358633846045,0.466273248196,-0.0382895581424,-0.358633846045
1776890929.27,0.570716798306,0.0154290236533,0.448067158461,0.572970211506,0.0381674654782,0.350799918175,0.576481699944,0.0477506816387,0.251686692238,0.58046412468,0.0558203309774,0.153083413839,0.584324359894,0.0609538182616,0.0554803013802,0.586529672146,0.0610669255257,-0.0417771339417,0.591485500336,0.0582541003823,-0.140888750553,0.595345318317,0.047687958926,-0.237784892321,0.599383175373,0.0365514196455,-0.357807308435,0.565494477749,0.0167346969247,-0.358633846045,0.466261684895,-0.0383939743042,-0.358633846045
1776890929.29,0.571707844734,0.0103795584291,0.448307037354,0.575910687447,0.0284426286817,0.351973831654,0.57932215929,0.0385750494897,0.253365457058,0.582488775253,0.0472948588431,0.154146939516,0.58495593071,0.0526638552547,0.0566294789314,0.585328161716,0.0523506067693,-0.0408027023077,0.587110042572,0.0482857711613,-0.14057725668,0.587647020817,0.0375532656908,-0.236820489168,0.586858510971,0.0258546601981,-0.356873750687,0.559046983719,0.0122942393646,-0.358633846045,0.4662296772,-0.0383309423923,-0.358633846045
1776890929.3,0.57224971056,0.00636137090623,0.448338955641,0.576794505119,0.0250439010561,0.352187752724,0.580000042915,0.0347281433642,0.253279715776,0.583251059055,0.0433594994247,0.154171198606,0.585215628147,0.0488350912929,0.056565977633,0.584438204765,0.048357333988,-0.0403284281492,0.585772514343,0.0442241355777,-0.140010565519,0.584486305714,0.0342974364758,-0.236672788858,0.582744836807,0.0224806722254,-0.357231140137,0.552490651608,0.00790263805538,-0.358633846045,0.466240227222,-0.0383842401206,-0.358633846045
1776890929.32,0.572475969791,0.00257380795665,0.448179244995,0.578323364258,0.017887448892,0.352414101362,0.58200109005,0.0264914035797,0.253588110209,0.584354281425,0.0339518338442,0.15453954041,0.584921658039,0.0393205061555,0.0562419816852,0.583010494709,0.0391375049949,-0.0408119261265,0.581775724888,0.0361075513065,-0.140785872936,0.578887045383,0.0267941057682,-0.237023800611,0.57458794117,0.0168795101345,-0.357174962759,0.545837700367,0.00355586921796,-0.358633846045,0.46620464325,-0.0383139587939,-0.358633846045
1776890929.33,0.572360336781,-0.000760528317187,0.447959840298,0.579280257225,0.0146077759564,0.351909786463,0.582547545433,0.021725634113,0.25323599577,0.584931850433,0.0286227278411,0.153916150331,0.585133373737,0.0336278267205,0.0559382066131,0.581920444965,0.0333658717573,-0.0404662340879,0.58018475771,0.0312409363687,-0.140797942877,0.576204121113,0.0230246763676,-0.237063109875,0.571146667004,0.0138972233981,-0.357266664505,0.539099991322,-0.00075042899698,-0.358633846045,0.466222763062,-0.0383706688881,-0.358633846045
1776890929.35,0.572013020515,-0.00401181494817,0.447590738535,0.579446852207,0.007568012923,0.351986408234,0.582717597485,0.0127133112401,0.25276529789,0.584885060787,0.0175717715174,0.153207659721,0.583985328674,0.0212235394865,0.055816821754,0.57970392704,0.0218517947942,-0.041233330965,0.576244711876,0.020573515445,-0.141083151102,0.570759534836,0.0146041754633,-0.238131701946,0.562994420528,0.00949597358704,-0.358019083738,0.532289266586,-0.00502091040835,-0.358633846045,0.466466963291,-0.038283213973,-0.358633846045
1776890929.36,0.571425914764,-0.00693918159232,0.447302818298,0.578975617886,0.00443032616749,0.351600050926,0.582531094551,0.00798695813864,0.25243216753,0.584402859211,0.0114845437929,0.153270348907,0.583378851414,0.01434892416,0.0550392046571,0.578641176224,0.0153642725199,-0.0417423546314,0.574183642864,0.0146613903344,-0.141344159842,0.568167924881,0.00966601539403,-0.238398581743,0.559155225754,0.00720739550889,-0.358015477657,0.525416791439,-0.00926048122346,-0.358633846045,0.46641856432,-0.0382533892989,-0.358633846045
1776890929.38,0.570382595062,-0.0102403331548,0.44692799449,0.577642798424,-0.00206648465246,0.351179987192,0.581062972546,-0.00114358309656,0.251591324806,0.582178294659,-5.55717851967e-05,0.152175679803,0.58081305027,0.00103302812204,0.0545200332999,0.575316369534,0.00121149793267,-0.0425328463316,0.570152997971,0.00231175869703,-0.142258167267,0.562637269497,0.000935751013458,-0.23913821578,0.552795231342,0.00208164611831,-0.35916852951,0.518493831158,-0.0134742567316,-0.358633846045,0.466180622578,-0.0382127091289,-0.358633846045
1776890929.39,0.569091141224,-0.0136926453561,0.446539759636,0.576943874359,-0.00532244797796,0.350754499435,0.579306960106,-0.00586328841746,0.251847803593,0.580446660519,-0.00584804546088,0.152159243822,0.579271197319,-0.00556499976665,0.0544125959277,0.573697090149,-0.00566647062078,-0.0427588671446,0.567634761333,-0.00325686554424,-0.14259275794,0.560253858566,-0.00351195223629,-0.23976111412,0.549273371696,0.00035137264058,-0.359106898308,0.511531233788,-0.0176675282419,-0.358633846045,0.466214716434,-0.0383460111916,-0.358633846045
1776890929.41,0.567548215389,-0.0171925500035,0.446320086718,0.575698435307,-0.00850939191878,0.350786209106,0.577838778496,-0.00991796515882,0.251140028238,0.578520774841,-0.0111498525366,0.1517239362,0.577095866203,-0.0120148640126,0.0542890876532,0.571339786053,-0.0123960245401,-0.0429509133101,0.56586843729,-0.00998139102012,-0.142451703548,0.557443976402,-0.00848907791078,-0.238994628191,0.546077668667,-0.00187127152458,-0.359102457762,0.504539847374,-0.021845722571,-0.358633846045,0.466035783291,-0.0383308976889,-0.358633846045
1776890929.42,0.5657979846,-0.0209691207856,0.446207225323,0.57280921936,-0.0146269025281,0.35037791729,0.573927402496,-0.0187119282782,0.250955432653,0.573856651783,-0.021756703034,0.151454865932,0.57256257534,-0.0241545513272,0.0539421588182,0.566713154316,-0.024993903935,-0.0434001386166,0.560867667198,-0.0210896395147,-0.143390476704,0.55234837532,-0.0172841716558,-0.239478468895,0.54063886404,-0.0073958709836,-0.358756393194,0.497530400753,-0.0260143596679,-0.358633846045,0.466124296188,-0.038286279887,-0.358633846045
1776890929.44,0.563776195049,-0.0250092018396,0.446170657873,0.569294214249,-0.0209199544042,0.349965810776,0.569327831268,-0.0264976676553,0.250960171223,0.568948447704,-0.0312664881349,0.151347473264,0.567083001137,-0.0346136316657,0.0537664666772,0.56108289957,-0.0359388440847,-0.0433688610792,0.555774569511,-0.0315923169255,-0.14234405756,0.5469211936,-0.0254341177642,-0.239397764206,0.535258769989,-0.0137644745409,-0.358292609453,0.490513443947,-0.0301790237427,-0.358633846045,0.466105699539,-0.0382876247168,-0.358633846045
1776890929.45,0.561523616314,-0.0292737409472,0.446227669716,0.57443356514,-0.0116707244888,0.350603878498,0.576198935509,-0.0143774617463,0.250987738371,0.576456725597,-0.0168422535062,0.151963308454,0.575057566166,-0.0183693356812,0.0545354932547,0.569369375706,-0.0185115337372,-0.0434294342995,0.563457131386,-0.0157278887928,-0.142457425594,0.554858624935,-0.0125988842919,-0.23977842927,0.543154418468,-0.00440640049055,-0.359012365341,0.483499586582,-0.0343453250825,-0.358633846045,0.466156065464,-0.0384518504143,-0.358633846045
1776890929.47,0.559026122093,-0.0338701270521,0.446317076683,0.563563764095,-0.0296435654163,0.349471986294,0.56205779314,-0.0364510528743,0.250827491283,0.560245513916,-0.0425511151552,0.1511862427,0.557211458683,-0.0470131523907,0.0537319555879,0.55085080862,-0.0482205785811,-0.0434799343348,0.545592069626,-0.0432327538729,-0.14334449172,0.538058698177,-0.036648362875,-0.240009099245,0.528711259365,-0.0238297693431,-0.358277380466,0.476499378681,-0.0385188609362,-0.358633846045,0.466308295727,-0.0385768562555,-0.358633846045
1776890929.48,0.556319952011,-0.0388433560729,0.446656554937,0.561428487301,-0.0331037715077,0.349876612425,0.559653520584,-0.039447132498,0.250544965267,0.557352900505,-0.0455930046737,0.151243075728,0.553974330425,-0.0497698001564,0.0536748692393,0.547450959682,-0.0513677112758,-0.0431456267834,0.542267262936,-0.046370126307,-0.143579900265,0.535579741001,-0.039718657732,-0.23981076479,0.526930034161,-0.0273110717535,-0.358741253614,0.469523489475,-0.0427051857114,-0.358633846045,0.466141879559,-0.0382945537567,-0.358633846045
1776890929.5,0.553332567215,-0.0441089645028,0.447043627501,0.559224665165,-0.0356576964259,0.349636107683,0.557192981243,-0.0425043515861,0.251101374626,0.554500222206,-0.0484077073634,0.15151669085,0.550671458244,-0.0524113178253,0.0538082048297,0.543948113918,-0.0536519624293,-0.0431486517191,0.539250195026,-0.0491256304085,-0.143289774656,0.532502472401,-0.0430380254984,-0.239506691694,0.525161504745,-0.0305637028068,-0.359505683184,0.4625826478,-0.0469097681344,-0.358633846045,0.466174006462,-0.0383413136005,-0.358633846045
1776890929.51,0.550154805183,-0.0494182147086,0.44739818573,0.559224665165,-0.0356576964259,0.349636107683,0.557192981243,-0.0425043515861,0.251101374626,0.554500222206,-0.0484077073634,0.15151669085,0.550671458244,-0.0524113178253,0.0538082048297,0.543948113918,-0.0536519624293,-0.0431486517191,0.539250195026,-0.0491256304085,-0.143289774656,0.532502472401,-0.0430380254984,-0.239506691694,0.525161504745,-0.0305637028068,-0.359505683184,0.455687820911,-0.0511379577219,-0.358633846045,0.466082632542,-0.0383168682456,-0.358633846045
1776890929.53,0.547310233116,-0.0540574453771,0.447752475739,0.549526453018,-0.0476322881877,0.350461602211,0.545912027359,-0.0514031276107,0.251458644867,0.54139560461,-0.0544021353126,0.151918813586,0.536922872066,-0.0567376948893,0.0544003546238,0.530480623245,-0.0588200427592,-0.0424509644508,0.527070522308,-0.0559134706855,-0.142222255468,0.522444963455,-0.0541029497981,-0.239784747362,0.518364429474,-0.0481980890036,-0.358238786459,0.448849976063,-0.0553949475288,-0.358633846045,0.466162085533,-0.0381805934012,-0.358633846045
1776890929.54,0.543441951275,-0.0599556602538,0.448373317719,0.546780228615,-0.0504081360996,0.350861251354,0.542850971222,-0.0532534755766,0.251688152552,0.538329303265,-0.0552401617169,0.152128264308,0.533846497536,-0.057532928884,0.0550114065409,0.527295947075,-0.0587761290371,-0.0430869311094,0.524496674538,-0.0570941120386,-0.142901957035,0.520655930042,-0.0568761564791,-0.239637702703,0.516857326031,-0.0529864989221,-0.35929530859,0.442080438137,-0.0596857443452,-0.358633846045,0.466098845005,-0.0382293574512,-0.358633846045
1776890929.56,0.539854466915,-0.0651361271739,0.448830574751,0.546780228615,-0.0504081360996,0.350861251354,0.542850971222,-0.0532534755766,0.251688152552,0.538329303265,-0.0552401617169,0.152128264308,0.533846497536,-0.057532928884,0.0550114065409,0.527295947075,-0.0587761290371,-0.0430869311094,0.524496674538,-0.0570941120386,-0.142901957035,0.520655930042,-0.0568761564791,-0.239637702703,0.516857326031,-0.0529864989221,-0.35929530859,0.435390770435,-0.0640151053667,-0.358633846045,0.466087818146,-0.0381990708411,-0.358633846045
1776890929.57,0.53622841835,-0.0704316794872,0.449268460274,0.538636505604,-0.0584654696286,0.351591348648,0.533837556839,-0.0580093078315,0.252964675426,0.529072403908,-0.0574073567986,0.153137028217,0.525160312653,-0.057560570538,0.0557628646493,0.519750714302,-0.0591441951692,-0.0417636483908,0.517466902733,-0.0606145150959,-0.14169549942,0.51453012228,-0.064766228199,-0.238516777754,0.511510074139,-0.0668819993734,-0.358147472143,0.428792715073,-0.0683875158429,-0.358633846045,0.466118216515,-0.0382613763213,-0.358633846045
1776890929.59,0.532451093197,-0.0757264122367,0.449792176485,0.533445358276,-0.0639521628618,0.352458953857,0.528483390808,-0.0614800304174,0.253202080727,0.52391910553,-0.0591928549111,0.154036283493,0.520116209984,-0.0582457222044,0.0565050989389,0.515304148197,-0.0603908598423,-0.0412271618843,0.513748049736,-0.0629526823759,-0.140655606985,0.511429131031,-0.0693237259984,-0.238160699606,0.508668959141,-0.0762361213565,-0.357340067625,0.422298371792,-0.0728071480989,-0.358633846045,0.466021478176,-0.0382232069969,-0.358633846045
1776890929.6,0.528648376465,-0.0809782445431,0.450155764818,0.53056037426,-0.0665572807193,0.352855861187,0.526031851768,-0.0632828623056,0.253646373749,0.521360754967,-0.0600081756711,0.154092177749,0.517952084541,-0.0592246055603,0.05695733428,0.513352274895,-0.0612110421062,-0.0406715422869,0.512117624283,-0.0646192282438,-0.139878183603,0.509936094284,-0.0725376009941,-0.237212479115,0.506466388702,-0.0807439759374,-0.356700897217,0.415920138359,-0.0772778168321,-0.358633846045,0.466052830219,-0.0382814630866,-0.358633846045
1776890929.62,0.524650871754,-0.0865348428488,0.450680047274,0.525835573673,-0.0719755887985,0.353456348181,0.521578729153,-0.0672939568758,0.25429469347,0.517399728298,-0.0628028139472,0.154749304056,0.514187932014,-0.0614436753094,0.0570774897933,0.509572982788,-0.0640572384,-0.0396460443735,0.508505642414,-0.0682696327567,-0.139934509993,0.506219029427,-0.0777379125357,-0.23665818572,0.503679275513,-0.0894411206245,-0.355174332857,0.409670710564,-0.0818029120564,-0.358633846045,0.466040372849,-0.0386749356985,-0.358633846045
1776890929.63,0.521069824696,-0.0916782170534,0.451165527105,0.523124575615,-0.0747095271945,0.353808671236,0.519225358963,-0.0696306154132,0.254834473133,0.515436410904,-0.0648863688111,0.155453547835,0.5126054883,-0.0636285543442,0.0578428581357,0.50803565979,-0.0660676285625,-0.0396828353405,0.507090210915,-0.0705959051847,-0.139211237431,0.504593372345,-0.0812370404601,-0.235255718231,0.501998901367,-0.0922911763191,-0.355950713158,0.403563141823,-0.0863854065537,-0.358633846045,0.466159164906,-0.0384010598063,-0.358633846045
1776890929.65,0.518232941628,-0.0957593917847,0.451459258795,0.518577873707,-0.0810788795352,0.354364275932,0.515509784222,-0.0749892517924,0.255050390959,0.512272238731,-0.0700418576598,0.155930161476,0.509746134281,-0.0685440227389,0.0581197068095,0.505372583866,-0.0714041218162,-0.0386575758457,0.504145145416,-0.0768758505583,-0.138861805201,0.501671493053,-0.0870628803968,-0.235242247581,0.499581158161,-0.0996251106262,-0.355098426342,0.397610664368,-0.0910277366638,-0.358633846045,0.466165840626,-0.0385110937059,-0.358633846045
1776890929.66,0.513542592525,-0.102894775569,0.452010452747,0.516531765461,-0.0844509974122,0.354505449533,0.513757169247,-0.0782709345222,0.255506515503,0.510928988457,-0.0734864622355,0.156102567911,0.508024036884,-0.0715903043747,0.0589161887765,0.50428712368,-0.074209831655,-0.0387516319752,0.502686202526,-0.0798861160874,-0.138517767191,0.500229239464,-0.090732216835,-0.234122306108,0.49762648344,-0.10331376642,-0.354236215353,0.391826868057,-0.095731832087,-0.358633846045,0.466285347939,-0.0383924432099,-0.358633846045
1776890929.68,0.50990909338,-0.108313173056,0.452420026064,0.511726081371,-0.091806486249,0.355534911156,0.510042190552,-0.0858706086874,0.256004214287,0.507589101791,-0.0809349045157,0.156655818224,0.505739271641,-0.0795302018523,0.0590537264943,0.501777946949,-0.0819982290268,-0.038594186306,0.500620424747,-0.0875001698732,-0.137026280165,0.497991740704,-0.0978483557701,-0.234602421522,0.495315611362,-0.109513483942,-0.353274166584,0.386225581169,-0.100499011576,-0.358633846045,0.466165423393,-0.0384112335742,-0.358633846045
1776890929.69,0.50551456213,-0.114983163774,0.452826499939,0.511726081371,-0.091806486249,0.355534911156,0.510042190552,-0.0858706086874,0.256004214287,0.507589101791,-0.0809349045157,0.156655818224,0.505739271641,-0.0795302018523,0.0590537264943,0.501777946949,-0.0819982290268,-0.038594186306,0.500620424747,-0.0875001698732,-0.137026280165,0.497991740704,-0.0978483557701,-0.234602421522,0.495315611362,-0.109513483942,-0.353274166584,0.38082075119,-0.105329982936,-0.358633846045,0.466335237026,-0.0381641611457,-0.358633846045
1776890929.71,0.501735806465,-0.120860718191,0.453202426434,0.504427850246,-0.104582063854,0.355928599834,0.503813683987,-0.0993789583445,0.256655395031,0.503174960613,-0.0954079777002,0.157168835402,0.501970112324,-0.0940390005708,0.0596587583423,0.498839616776,-0.0966069549322,-0.0378011167049,0.497561216354,-0.100818738341,-0.137699633837,0.49463647604,-0.108663752675,-0.234067887068,0.490469396114,-0.11926831305,-0.353955537081,0.375626564026,-0.110224768519,-0.358633846045,0.466258168221,-0.0384952798486,-0.358633846045
1776890929.72,0.49799233675,-0.126744627953,0.453597426414,0.501948595047,-0.108852893114,0.356095224619,0.501693964005,-0.104820765555,0.257145345211,0.501496613026,-0.101258195937,0.157594010234,0.500932693481,-0.0998673886061,0.059822678566,0.497646272182,-0.101537458599,-0.0376752465963,0.496489524841,-0.105373829603,-0.136802703142,0.494005441666,-0.112610027194,-0.232998907566,0.489355146885,-0.120137147605,-0.354835510254,0.370657086372,-0.115182682872,-0.358633846045,0.466272115707,-0.0385153666139,-0.358633846045
1776890929.74,0.494366109371,-0.132231116295,0.453895837069,0.497202455997,-0.118151091039,0.356924414635,0.497751712799,-0.115535140038,0.257012605667,0.497673690319,-0.112955845892,0.157878667116,0.49757540226,-0.112106114626,0.0598126500845,0.4956163764,-0.113387852907,-0.037705630064,0.494761228561,-0.115459747612,-0.137398809195,0.491430163383,-0.119962289929,-0.233548372984,0.486591160297,-0.125264644623,-0.354147434235,0.36592656374,-0.120202302933,-0.358633846045,0.466269731522,-0.0383288040757,-0.358633846045
1776890929.75,0.490848839283,-0.137408584356,0.454038321972,0.494672477245,-0.122624889016,0.356673508883,0.495265305042,-0.121158644557,0.257559835911,0.496109008789,-0.119296349585,0.158509522676,0.496746897697,-0.118802331388,0.0606274306774,0.493675947189,-0.119330666959,-0.0378028303385,0.493510007858,-0.120380610228,-0.136724948883,0.491371572018,-0.124183021486,-0.23299112916,0.485431969166,-0.127303361893,-0.35417971015,0.361449062824,-0.12528142333,-0.358633846045,0.466238379478,-0.0383072607219,-0.358633846045
1776890929.77,0.487493157387,-0.142198398709,0.45423707366,0.489988565445,-0.131705105305,0.357110053301,0.490892589092,-0.131988480687,0.258010208607,0.492128372192,-0.132165700197,0.159161984921,0.492894411087,-0.131407409906,0.0613387301564,0.491036355495,-0.132160738111,-0.0364347249269,0.490714430809,-0.130844786763,-0.136181294918,0.488365530968,-0.131763398647,-0.232485979795,0.484614670277,-0.131305932999,-0.354134619236,0.357238292694,-0.130417048931,-0.358633846045,0.466200530529,-0.0383687764406,-0.358633846045
1776890929.78,0.484249174595,-0.146509289742,0.45435243845,0.487845361233,-0.136245906353,0.357567608356,0.488662958145,-0.137240603566,0.258325636387,0.48982834816,-0.137825861573,0.158633619547,0.490870714188,-0.138210356236,0.0610424354672,0.488662302494,-0.137716606259,-0.0364917218685,0.48960018158,-0.136325970292,-0.135524094105,0.487651646137,-0.136051863432,-0.233065992594,0.483585417271,-0.133712604642,-0.353351861238,0.353307843208,-0.135605365038,-0.358633846045,0.466208219528,-0.0383090898395,-0.358633846045
1776890929.8,0.481976985931,-0.149350717664,0.454372853041,0.483575701714,-0.144311398268,0.357861876488,0.484490811825,-0.147120967507,0.258823633194,0.485705077648,-0.149238228798,0.159107074142,0.486805558205,-0.149915203452,0.0613008588552,0.48513931036,-0.149607524276,-0.0367589443922,0.485878109932,-0.146410748363,-0.135825097561,0.484274804592,-0.144170701504,-0.232583403587,0.481878936291,-0.138042882085,-0.353842377663,0.349670648575,-0.14084173739,-0.358633846045,0.466279506683,-0.0382861159742,-0.358633846045
1776890929.81,0.478295743465,-0.153785824776,0.454143375158,0.481523096561,-0.148048266768,0.357932448387,0.482368052006,-0.151714488864,0.258791267872,0.483960390091,-0.154225766659,0.158745616674,0.484489321709,-0.155612230301,0.0613256469369,0.482720136642,-0.155412957072,-0.036431863904,0.48388928175,-0.151225313544,-0.135441988707,0.48333054781,-0.148155033588,-0.232799112797,0.48161149025,-0.140138104558,-0.353203445673,0.346339166164,-0.14612069726,-0.358633846045,0.466204941273,-0.0382854677737,-0.358633846045
1776890929.83,0.475665211678,-0.156817212701,0.453920334578,0.477165520191,-0.154552385211,0.358105361462,0.47807353735,-0.15956133604,0.258650183678,0.479410231113,-0.163931086659,0.159321576357,0.480388104916,-0.166313916445,0.0622685551643,0.4783192873,-0.16578567028,-0.0362810194492,0.480190455914,-0.160928741097,-0.135606557131,0.480372369289,-0.155691459775,-0.232577353716,0.481716096401,-0.145114406943,-0.351760566235,0.343325138092,-0.151436015964,-0.358633846045,0.466246306896,-0.0382499210536,-0.358633846045
1776890929.84,0.473321706057,-0.159546881914,0.45368334651,0.475067913532,-0.157160520554,0.357780665159,0.47572863102,-0.163531020284,0.259083449841,0.477166473866,-0.168203443289,0.159090995789,0.478068053722,-0.17035344243,0.0614801943302,0.476412773132,-0.170082286,-0.0366562902927,0.478382825851,-0.165061429143,-0.135740727186,0.478867888451,-0.159639790654,-0.23212108016,0.480717837811,-0.1477111727,-0.351537436247,0.340639352798,-0.15678063035,-0.358633846045,0.466239571571,-0.0382992140949,-0.358633846045
1776890929.86,0.471189022064,-0.162117958069,0.453439831734,0.47116792202,-0.161871537566,0.357667446136,0.471465110779,-0.169060975313,0.258821070194,0.472853899002,-0.175116822124,0.159626871347,0.473256886005,-0.178249269724,0.0617233216763,0.47217208147,-0.178331688046,-0.0361240059137,0.475156486034,-0.172665730119,-0.136023432016,0.476551771164,-0.166372254491,-0.232310295105,0.479366958141,-0.154348388314,-0.351809799671,0.338291585445,-0.162146747112,-0.358633846045,0.466208040714,-0.0383513011038,-0.358633846045
1776890929.87,0.469299077988,-0.164606049657,0.453134328127,0.469523489475,-0.163802310824,0.357756227255,0.469259858131,-0.171405941248,0.258706092834,0.469801008701,-0.177341401577,0.158828794956,0.471060395241,-0.180994510651,0.0612943097949,0.470202147961,-0.181395500898,-0.0366739332676,0.473679244518,-0.176090940833,-0.135126084089,0.47531992197,-0.169754743576,-0.232589811087,0.478674471378,-0.157714292407,-0.352000623941,0.336290538311,-0.167525872588,-0.358633846045,0.466177821159,-0.0383186303079,-0.358633846045
1776890929.89,0.467824310064,-0.166852355003,0.45284512639,0.466071903706,-0.167013064027,0.356904685497,0.465119481087,-0.17475630343,0.258173346519,0.465273320675,-0.181095138192,0.158734768629,0.466288268566,-0.185429275036,0.0610141828656,0.46609389782,-0.186188563704,-0.0366188287735,0.470182240009,-0.181220263243,-0.135537654161,0.473540663719,-0.176412060857,-0.231816589832,0.476708948612,-0.164319038391,-0.352580934763,0.334643542767,-0.172908887267,-0.358633846045,0.466183960438,-0.0383908189833,-0.358633846045
1776890929.9,0.466185152531,-0.169780179858,0.452568233013,0.464497506618,-0.168302327394,0.356798052788,0.463385879993,-0.176007688046,0.258222430944,0.463201999664,-0.181822374463,0.158011808991,0.464124321938,-0.186832487583,0.060621663928,0.464239895344,-0.188401818275,-0.0366516113281,0.467764496803,-0.183508187532,-0.136516690254,0.472153842449,-0.179023474455,-0.231922835112,0.476621687412,-0.168101653457,-0.352388769388,0.333356678486,-0.178286075592,-0.358633846045,0.466099798679,-0.0383412018418,-0.358633846045
1776890929.92,0.465129971504,-0.17219491303,0.452288389206,0.461872577667,-0.170829474926,0.356239795685,0.460076332092,-0.177423730493,0.257686316967,0.459883391857,-0.183450326324,0.157841160893,0.460919678211,-0.187768310308,0.0600632280111,0.460915744305,-0.190394625068,-0.037163823843,0.46516764164,-0.187856972218,-0.137293428183,0.469803333282,-0.184741422534,-0.234045922756,0.474774241447,-0.176035657525,-0.353747993708,0.332434415817,-0.18364726007,-0.358633846045,0.466181278229,-0.0382725596428,-0.358633846045
1776890929.93,0.464043229818,-0.175608620048,0.452078223228,0.461132586002,-0.172370702028,0.356112420559,0.459104180336,-0.178270891309,0.257326006889,0.458264827728,-0.183445945382,0.157514899969,0.459128975868,-0.187741905451,0.059989772737,0.45946508646,-0.190270662308,-0.0379137545824,0.464201569557,-0.189208373427,-0.136450588703,0.468683481216,-0.186689004302,-0.233092576265,0.473924577236,-0.180272400379,-0.353893190622,0.331879556179,-0.188981831074,-0.358633846045,0.466120898724,-0.0381780229509,-0.358633846045
1776890929.95,0.463283032179,-0.17897464335,0.452015519142,0.459568977356,-0.174797818065,0.35558116436,0.457612335682,-0.178902074695,0.25634354353,0.456529796124,-0.182969123125,0.157291546464,0.457089662552,-0.186587363482,0.0593675374985,0.456804156303,-0.190303564072,-0.0385938733816,0.462132036686,-0.190627574921,-0.135630398989,0.465857684612,-0.191833615303,-0.234349638224,0.472483813763,-0.189618214965,-0.354702472687,0.331693410873,-0.194278940558,-0.358633846045,0.466122806072,-0.0382325872779,-0.358633846045
1776890929.96,0.462733983994,-0.182493075728,0.451903343201,0.458797454834,-0.175969958305,0.355304181576,0.456980288029,-0.179275393486,0.256140172482,0.455813109875,-0.182021260262,0.156882062554,0.456322133541,-0.186190590262,0.0589971020818,0.456095457077,-0.189615994692,-0.0386735200882,0.460538327694,-0.190283551812,-0.137398719788,0.465483248234,-0.193610161543,-0.234491705894,0.470426440239,-0.194412991405,-0.354360103607,0.331875503063,-0.19952750206,-0.358633846045,0.466130435467,-0.0381620302796,-0.358633846045
1776890929.98,0.462360560894,-0.186196118593,0.451831072569,0.458359599113,-0.178963765502,0.355213046074,0.45638024807,-0.180165961385,0.256429374218,0.455513000488,-0.181597277522,0.156564205885,0.455253958702,-0.184368684888,0.0590452849865,0.454599201679,-0.188296467066,-0.0390318632126,0.458816945553,-0.191129311919,-0.137708216906,0.462676048279,-0.197558239102,-0.235137939453,0.468762636185,-0.203531235456,-0.355371445417,0.332423508167,-0.204716399312,-0.358633846045,0.466258585453,-0.0384909324348,-0.358633846045
1776890929.99,0.462254345417,-0.189728170633,0.451755106449,0.458295226097,-0.180656522512,0.355371743441,0.456343650818,-0.180591285229,0.25619289279,0.455391168594,-0.181362852454,0.156187951565,0.455424189568,-0.1834846735,0.0585966929793,0.454454183578,-0.187929451466,-0.0387235432863,0.459280848503,-0.192508608103,-0.13623842597,0.462314963341,-0.199520602822,-0.234329760075,0.467182338238,-0.207819849253,-0.354869365692,0.333333492279,-0.20983453095,-0.358633846045,0.466417968273,-0.0381184965372,-0.358633846045
1776890930.01,0.462446987629,-0.193870052695,0.451653122902,0.458151519299,-0.183857083321,0.354923129082,0.45654040575,-0.181993797421,0.255448907614,0.455548584461,-0.18134996295,0.156155779958,0.455429196358,-0.182338088751,0.0583544895053,0.454397559166,-0.186907291412,-0.0391193926334,0.45783418417,-0.193135648966,-0.137773096561,0.460485160351,-0.203876048326,-0.234351724386,0.464253246784,-0.216226920485,-0.353938043118,0.334599852562,-0.21487095952,-0.358633846045,0.466290235519,-0.0382322482765,-0.358633846045
1776890930.02,0.462711930275,-0.196822151542,0.451564103365,0.458511471748,-0.185910567641,0.354816615582,0.456640958786,-0.183434203267,0.256001710892,0.455750584602,-0.181577086449,0.156056374311,0.455773293972,-0.182133570313,0.0583892017603,0.454605937004,-0.187223091722,-0.0389242619276,0.457269728184,-0.193823754787,-0.138381391764,0.459891974926,-0.205796256661,-0.234214007854,0.462672948837,-0.220423132181,-0.352999299765,0.336215138435,-0.219815030694,-0.358633846045,0.466682553291,-0.0384357757866,-0.358633846045
1776890930.04,0.463431626558,-0.201934963465,0.45129352808,0.459179878235,-0.190089270473,0.354923963547,0.457513570786,-0.186314031482,0.255755841732,0.456631958485,-0.183242574334,0.156031802297,0.45713531971,-0.183556765318,0.0586063116789,0.455544710159,-0.188731312752,-0.0384041517973,0.457623422146,-0.196469172835,-0.138059556484,0.458598852158,-0.210694596171,-0.233931988478,0.459615767002,-0.227745100856,-0.352654308081,0.338170468807,-0.224656462669,-0.358633846045,0.466618180275,-0.038361530751,-0.358633846045
1776890930.05,0.46425190568,-0.206032976508,0.450905293226,0.458200871944,-0.182283803821,0.35518732667,0.456448495388,-0.181496992707,0.256157159805,0.455362141132,-0.18119238317,0.15623524785,0.455354392529,-0.182393729687,0.0581789985299,0.454200685024,-0.187091559172,-0.0391470491886,0.458258748055,-0.192653343081,-0.137957841158,0.46121263504,-0.201945409179,-0.234681665897,0.466114282608,-0.212442502379,-0.354336947203,0.340455412865,-0.229385480285,-0.358633846045,0.46642267704,-0.0381528735161,-0.358633846045
1776890930.07,0.465358942747,-0.210054174066,0.450472474098,0.460389077663,-0.194961696863,0.354679435492,0.459213197231,-0.190026730299,0.255531489849,0.458347380161,-0.186404183507,0.155969709158,0.458418667316,-0.186667993665,0.058572165668,0.456902980804,-0.191810101271,-0.0388495475054,0.458070755005,-0.201042175293,-0.137883394957,0.457460224628,-0.215861842036,-0.233455747366,0.456348478794,-0.234347462654,-0.352086484432,0.343058228493,-0.233992859721,-0.358633846045,0.466345071793,-0.0382179506123,-0.358633846045
1776890930.08,0.466763317585,-0.213867008686,0.449912786484,0.461959660053,-0.200460284948,0.353979825974,0.46079826355,-0.195420354605,0.255539774895,0.460179030895,-0.191314488649,0.155612364411,0.459821641445,-0.191820785403,0.0584338903427,0.457708060741,-0.19683419168,-0.0394076108932,0.458162248135,-0.206411391497,-0.137892901897,0.456103801727,-0.221549138427,-0.233886092901,0.453351140022,-0.239536553621,-0.352567702532,0.345965981483,-0.238470062613,-0.358633846045,0.466553986073,-0.0382209941745,-0.358633846045
1776890930.1,0.468508243561,-0.217272847891,0.449191570282,0.461046159267,-0.197539165616,0.35477399826,0.46043330431,-0.192558899522,0.25589799881,0.459134101868,-0.188413590193,0.155418038368,0.459124803543,-0.188803866506,0.0581920221448,0.45723760128,-0.194459870458,-0.0387465804815,0.457813441753,-0.203788086772,-0.137911736965,0.456704437733,-0.218754306436,-0.233392059803,0.455090343952,-0.237146139145,-0.351986885071,0.349164605141,-0.242809265852,-0.358633846045,0.466512084007,-0.0382646508515,-0.358633846045
1776890930.11,0.470504194498,-0.220292583108,0.448327302933,0.464004218578,-0.206654071808,0.353515684605,0.463057756424,-0.202029630542,0.254706740379,0.46227312088,-0.198697328568,0.154935479164,0.462102651596,-0.199134483933,0.0577675923705,0.458460509777,-0.204521536827,-0.0396084040403,0.457358419895,-0.213339909911,-0.139463186264,0.454165816307,-0.22709967196,-0.234913289547,0.450504720211,-0.244372472167,-0.353035539389,0.352639257908,-0.247003406286,-0.358633846045,0.465935707092,-0.0384865477681,-0.358633846045
1776890930.13,0.472748070955,-0.222917497158,0.447492331266,0.465320169926,-0.209788560867,0.353021591902,0.464357435703,-0.206135720015,0.254584670067,0.46341240406,-0.20267136395,0.1542429775,0.462524414062,-0.203223615885,0.0571912229061,0.458689928055,-0.208230808377,-0.0400965213776,0.457421720028,-0.21711525321,-0.138799309731,0.453939914703,-0.230328202248,-0.235491722822,0.449231684208,-0.246495068073,-0.354003876448,0.356374323368,-0.251046299934,-0.358633846045,0.466700553894,-0.0383162274957,-0.358633846045
1776890930.14,0.475159019232,-0.225184291601,0.446503967047,0.469280004501,-0.219606742263,0.35208851099,0.46809142828,-0.218622013927,0.253198087215,0.466516911983,-0.217600911856,0.152900293469,0.464462339878,-0.219208419323,0.0558671951294,0.45973688364,-0.223664104939,-0.0413667559624,0.456437051296,-0.229394823313,-0.14093875885,0.452031552792,-0.239667326212,-0.237347900867,0.445294618607,-0.251661658287,-0.356779068708,0.360353767872,-0.254932552576,-0.358633846045,0.465913414955,-0.0382609702647,-0.358633846045
1776890930.16,0.477721273899,-0.227030441165,0.445379316807,0.472242355347,-0.225519642234,0.350564658642,0.470553815365,-0.227399364114,0.252106308937,0.4684035182,-0.228661417961,0.152196854353,0.465659320354,-0.231094941497,0.0547537431121,0.460095405579,-0.234687522054,-0.0430815666914,0.455803394318,-0.238714963198,-0.1426448524,0.450651824474,-0.245925277472,-0.239231288433,0.443257570267,-0.254008382559,-0.358597099781,0.364561200142,-0.258657664061,-0.358633846045,0.466609120369,-0.038600191474,-0.358633846045
1776890930.17,0.480384141207,-0.228501215577,0.444358468056,0.47375112772,-0.228492736816,0.350274920464,0.47181481123,-0.231400296092,0.251251429319,0.469102799892,-0.234076887369,0.151444762945,0.465779185295,-0.236842617393,0.0535529181361,0.459754765034,-0.24028287828,-0.043579891324,0.456066191196,-0.243566066027,-0.142097651958,0.450184941292,-0.249462530017,-0.240241974592,0.442814052105,-0.255127072334,-0.35878098011,0.368979990482,-0.262217998505,-0.358633846045,0.466668903828,-0.0385628938675,-0.358633846045
1776890930.19,0.482994288206,-0.22957931459,0.443122237921,0.476256966591,-0.233373984694,0.348678648472,0.473642766476,-0.239161252975,0.249789014459,0.470560014248,-0.243873566389,0.150335341692,0.466500282288,-0.247924208641,0.0527500510216,0.46001958847,-0.252394080162,-0.0443319827318,0.454749703407,-0.253262996674,-0.144231468439,0.449260056019,-0.256238728762,-0.240655243397,0.441040575504,-0.257328122854,-0.36018255353,0.373593688011,-0.265610694885,-0.358633846045,0.466747105122,-0.038584318012,-0.358633846045
1776890930.2,0.485154926777,-0.230303049088,0.442003399134,0.477955758572,-0.23587398231,0.347990632057,0.474637031555,-0.24305818975,0.249614208937,0.471088945866,-0.248388081789,0.14990721643,0.466952443123,-0.253670752048,0.052381195128,0.459762394428,-0.257515490055,-0.0449653714895,0.454777359962,-0.258313566446,-0.145009666681,0.448979020119,-0.260124504566,-0.241285145283,0.440250694752,-0.258463710546,-0.360474616289,0.378386080265,-0.268833726645,-0.358633846045,0.466589987278,-0.0384761057794,-0.358633846045
1776890930.22,0.487832546234,-0.231080397964,0.440625071526,0.48065161705,-0.239671334624,0.346566945314,0.476700901985,-0.249143585563,0.248379617929,0.472228348255,-0.257009357214,0.148931473494,0.467203557491,-0.263361901045,0.0510371625423,0.45979732275,-0.267431557178,-0.0458566844463,0.454365432262,-0.266912579536,-0.145658522844,0.447489202023,-0.265760779381,-0.242670625448,0.439308524132,-0.26057446003,-0.361297935247,0.38334107399,-0.271885812283,-0.358633846045,0.466630160809,-0.0385305471718,-0.358633846045
1776890930.23,0.489934712648,-0.231814920902,0.439464718103,0.482321977615,-0.241403490305,0.345923453569,0.477789163589,-0.25141620636,0.247256398201,0.47307831049,-0.260654777288,0.148308679461,0.467805862427,-0.268072605133,0.0514250472188,0.459909200668,-0.271872699261,-0.0465536564589,0.454167425632,-0.271038711071,-0.146331459284,0.447474479675,-0.268617153168,-0.242707669735,0.439363181591,-0.262198835611,-0.361123085022,0.388443350792,-0.274766385555,-0.358633846045,0.466630876064,-0.0385151691735,-0.358633846045
1776890930.25,0.491708308458,-0.232667952776,0.438421070576,0.48373901844,-0.242799311876,0.345589160919,0.478733479977,-0.253898352385,0.247034445405,0.473512947559,-0.264058768749,0.148591339588,0.468263626099,-0.271568983793,0.0510263442993,0.460269570351,-0.275863051414,-0.0464394688606,0.453899621964,-0.274531006813,-0.146348357201,0.446161448956,-0.270934611559,-0.244428902864,0.439163148403,-0.263650357723,-0.361618131399,0.393678069115,-0.27747553587,-0.358633846045,0.466658592224,-0.0385794229805,-0.358633846045
1776890930.26,0.493113785982,-0.233709409833,0.437534362078,0.486054122448,-0.244779765606,0.344049394131,0.480798900127,-0.256979465485,0.245472848415,0.474931240082,-0.26826646924,0.146640196443,0.468972504139,-0.277163475752,0.0494138598442,0.459677875042,-0.282075852156,-0.0472323894501,0.453934669495,-0.279836058617,-0.147314846516,0.446772933006,-0.276160269976,-0.244167298079,0.438776612282,-0.266983747482,-0.362459570169,0.399031043053,-0.280013859272,-0.358633846045,0.466588437557,-0.0385833717883,-0.358633846045
1776890930.28,0.494158536196,-0.235035464168,0.436739981174,0.488176286221,-0.246466696262,0.342687904835,0.482671797276,-0.258933246136,0.244556963444,0.476438522339,-0.27043774724,0.145332828164,0.470199227333,-0.280095040798,0.048378020525,0.461324989796,-0.285091608763,-0.0479916930199,0.45425337553,-0.283391535282,-0.148600935936,0.447037577629,-0.280064284801,-0.244748234749,0.438826918602,-0.271327912807,-0.363602280617,0.404488921165,-0.282382518053,-0.358633846045,0.466664731503,-0.0385718643665,-0.358633846045
1776890930.29,0.494760930538,-0.236483991146,0.436276167631,0.489020466805,-0.246737256646,0.341875135899,0.483511090279,-0.259313881397,0.243360668421,0.477340996265,-0.271271139383,0.145064920187,0.470689117908,-0.280047625303,0.0478122979403,0.46178483963,-0.285949200392,-0.0493205040693,0.454593598843,-0.284588426352,-0.149954348803,0.447357296944,-0.281626909971,-0.246033102274,0.438745260239,-0.27387753129,-0.365177065134,0.410039365292,-0.284583032131,-0.358633846045,0.466598987579,-0.0385759659111,-0.358633846045
1776890930.31,0.495137304068,-0.238756135106,0.436039328575,0.490227460861,-0.247865185142,0.340754985809,0.48531806469,-0.259429991245,0.242248773575,0.47916328907,-0.269891619682,0.143490761518,0.472227096558,-0.279403448105,0.0466842576861,0.462643682957,-0.285388380289,-0.0507818162441,0.454806685448,-0.284895956516,-0.151488214731,0.447185814381,-0.284234374762,-0.247973293066,0.439874947071,-0.279410004616,-0.366104900837,0.415670633316,-0.286617279053,-0.358633846045,0.466656863689,-0.0385259017348,-0.358633846045
1776890930.32,0.495085984468,-0.240793883801,0.435999006033,0.490806043148,-0.248320832849,0.340033113956,0.485683262348,-0.259015262127,0.241616055369,0.479424476624,-0.269047349691,0.142967313528,0.473178446293,-0.277597218752,0.0457709655166,0.463748812675,-0.284118175507,-0.0513702780008,0.455981016159,-0.285528123379,-0.151849597692,0.448690295219,-0.285966038704,-0.24774235487,0.440043210983,-0.282141625881,-0.366786390543,0.421372175217,-0.288487434387,-0.358633846045,0.466680347919,-0.0385538674891,-0.358633846045
1776890930.34,0.494641929865,-0.243564337492,0.436154901981,0.491375088692,-0.249135568738,0.33947634697,0.48674428463,-0.25736489892,0.240654528141,0.481193125248,-0.2660369277,0.142346531153,0.474682509899,-0.273393541574,0.0443509295583,0.465905606747,-0.280761569738,-0.0517267584801,0.457956969738,-0.283475846052,-0.15270575881,0.450741112232,-0.286553859711,-0.249273955822,0.440542638302,-0.288196325302,-0.367848455906,0.427134275436,-0.290195852518,-0.358633846045,0.466526210308,-0.0382517054677,-0.358633846045
1776890930.35,0.493750989437,-0.246623322368,0.436497598886,0.491534173489,-0.249809965491,0.339294075966,0.486828505993,-0.256789267063,0.240408062935,0.481544971466,-0.263707876205,0.141612067819,0.475786864758,-0.270733565092,0.0437767058611,0.467094540596,-0.278041452169,-0.0529113262892,0.459133446217,-0.28258189559,-0.152942448854,0.451486647129,-0.287278234959,-0.249054282904,0.441635072231,-0.291439086199,-0.367879658937,0.432948052883,-0.291744947433,-0.358633846045,0.466200888157,-0.0381241962314,-0.358633846045
1776890930.37,0.492625057697,-0.249390304089,0.436946094036,0.491289258003,-0.25135949254,0.339700847864,0.487270593643,-0.255442976952,0.240562319756,0.482638537884,-0.259341627359,0.140858903527,0.477158784866,-0.265283972025,0.0435130596161,0.469213545322,-0.272322744131,-0.0536958575249,0.459322392941,-0.277125686407,-0.15535736084,0.454037308693,-0.287797033787,-0.248910278082,0.442792773247,-0.297100007534,-0.367986232042,0.438805580139,-0.293137222528,-0.358633846045,0.466188251972,-0.0381480976939,-0.358633846045
1776890930.38,0.491102814674,-0.25237518549,0.437441021204,0.490814566612,-0.251849293709,0.339204132557,0.487382471561,-0.255062192678,0.240743771195,0.483163118362,-0.257914155722,0.140949174762,0.478030800819,-0.262843310833,0.0435749217868,0.470113813877,-0.270074605942,-0.053839802742,0.463248133659,-0.277289837599,-0.153016626835,0.455212414265,-0.287708818913,-0.249470859766,0.444200515747,-0.300187706947,-0.367710024118,0.444699883461,-0.294375121593,-0.358633846045,0.466468930244,-0.0382793694735,-0.358633846045
1776890930.4,0.489245027304,-0.255526214838,0.438027441502,0.490044593811,-0.253845691681,0.340061187744,0.487214505672,-0.253977745771,0.241088241339,0.483694195747,-0.254698425531,0.141138285398,0.479500055313,-0.258230686188,0.0438169166446,0.472095608711,-0.265273422003,-0.0528607815504,0.465812504292,-0.274577021599,-0.152771174908,0.457321941853,-0.288264274597,-0.247933864594,0.44656765461,-0.305446088314,-0.365677148104,0.450624644756,-0.295461028814,-0.358633846045,0.466498732567,-0.0382582694292,-0.358633846045
1776890930.41,0.487060219049,-0.258859932423,0.438743263483,0.489146411419,-0.254695355892,0.340565145016,0.487054109573,-0.253895819187,0.241376489401,0.483880758286,-0.253777831793,0.14184910059,0.480238258839,-0.256351113319,0.0443555563688,0.472932755947,-0.26347899437,-0.0528284758329,0.46706867218,-0.27323821187,-0.151875555515,0.458808779716,-0.288740724325,-0.246948927641,0.447987020016,-0.307416975498,-0.365242779255,0.456574320793,-0.296397179365,-0.358633846045,0.466520011425,-0.0383099205792,-0.358633846045
1776890930.43,0.485030472279,-0.261725336313,0.439411133528,0.487646877766,-0.257246017456,0.341242313385,0.486100196838,-0.254291117191,0.241968035698,0.483922719955,-0.25219219923,0.142229020596,0.481109857559,-0.254493832588,0.0453146100044,0.473831534386,-0.260973036289,-0.0516807585955,0.468434214592,-0.272104531527,-0.15068474412,0.461181879044,-0.289582431316,-0.245776027441,0.451467454433,-0.311352163553,-0.363216012716,0.4625441432,-0.297185599804,-0.358633846045,0.466156482697,-0.0382614657283,-0.358633846045
1776890930.44,0.482580751181,-0.264931231737,0.440228134394,0.486311674118,-0.258365929127,0.341201305389,0.48547577858,-0.254789590836,0.242754399776,0.483810961246,-0.251920878887,0.142365127802,0.48112142086,-0.254017323256,0.0459907278419,0.474499702454,-0.260760515928,-0.0514792352915,0.469698548317,-0.272256314754,-0.150117725134,0.462673425674,-0.290195763111,-0.245621979237,0.453118622303,-0.312726557255,-0.362577915192,0.468529701233,-0.29782807827,-0.358633846045,0.466220974922,-0.0383163541555,-0.358633846045
1776890930.46,0.480421066284,-0.267542600632,0.440987169743,0.483724236488,-0.26171579957,0.342831373215,0.48386400938,-0.256992697716,0.243474543095,0.482826769352,-0.253915429115,0.143731147051,0.4810962677,-0.254750430584,0.0464118644595,0.475921094418,-0.261848211288,-0.0505482554436,0.471367776394,-0.273180186749,-0.14998281002,0.465409815311,-0.29203248024,-0.244698941708,0.457344770432,-0.31503328681,-0.361357152462,0.474527359009,-0.298326164484,-0.358633846045,0.466146171093,-0.0381884872913,-0.358633846045
1776890930.47,0.478311479092,-0.269870311022,0.44171872735,0.482575833797,-0.263432383537,0.343508422375,0.482556760311,-0.258783102036,0.24419131875,0.482356905937,-0.25533926487,0.144336044788,0.481124222279,-0.256274193525,0.0471355989575,0.476240754128,-0.263498038054,-0.049604639411,0.472702741623,-0.275199323893,-0.148972809315,0.467054963112,-0.292862057686,-0.243846595287,0.459550917149,-0.315726011992,-0.360975623131,0.480533659458,-0.298681050539,-0.358633846045,0.466152071953,-0.0382542237639,-0.358633846045
1776890930.49,0.475773870945,-0.272443234921,0.44250908494,0.484893918037,-0.243910193443,0.344762504101,0.479983568192,-0.255724579096,0.24636015296,0.474166333675,-0.266478478909,0.147583916783,0.468230187893,-0.274645745754,0.049932539463,0.460071444511,-0.27907961607,-0.0474140942097,0.453135371208,-0.277445971966,-0.14780318737,0.446570754051,-0.274113714695,-0.243746519089,0.439030945301,-0.265523523092,-0.362197846174,0.486545562744,-0.298893600702,-0.358633846045,0.46660399437,-0.0385202802718,-0.358633846045
1776890930.5,0.473588198423,-0.274407953024,0.443147271872,0.47927749157,-0.267260283232,0.344175636768,0.479973733425,-0.263076871634,0.24497038126,0.480446100235,-0.260178625584,0.145574465394,0.479928910732,-0.261001586914,0.0484296232462,0.476510107517,-0.267600536346,-0.0491100400686,0.474128544331,-0.278395831585,-0.148236691952,0.47017377615,-0.295485585928,-0.243442267179,0.463947236538,-0.316124737263,-0.360967963934,0.492560207844,-0.29896441102,-0.358633846045,0.466119945049,-0.0382731892169,-0.358633846045
1776890930.52,0.471445173025,-0.276117384434,0.443663060665,0.474880933762,-0.273746997118,0.345727801323,0.475731372833,-0.271725922823,0.246672064066,0.47689306736,-0.270918667316,0.146898195148,0.477838039398,-0.271816700697,0.0494588464499,0.476140081882,-0.277187556028,-0.0481114983559,0.476498901844,-0.286163777113,-0.14738291502,0.474168121815,-0.298804193735,-0.243898034096,0.470990657806,-0.314597964287,-0.361850947142,0.492560207844,-0.29896441102,-0.358633846045,0.466161191463,-0.0382552780211,-0.358633846045
1776890930.53,0.469378173351,-0.27757743001,0.444041520357,0.473371684551,-0.275792986155,0.346207678318,0.474333703518,-0.275391340256,0.247395694256,0.475864708424,-0.275060594082,0.147173002362,0.477486431599,-0.276570171118,0.0498039424419,0.476168096066,-0.28203189373,-0.0470673441887,0.477034509182,-0.28871268034,-0.146750181913,0.475718021393,-0.30076956749,-0.24312415719,0.47368568182,-0.314042299986,-0.36209282279,0.492560207844,-0.29896441102,-0.358633846045,0.466134011745,-0.0382364019752,-0.358633846045
1776890930.55,0.467403978109,-0.278957784176,0.44442281127,0.470661342144,-0.279781848192,0.346685349941,0.471577525139,-0.281839042902,0.247722476721,0.473286032677,-0.283548235893,0.147976338863,0.475663363934,-0.286226868629,0.0505899190903,0.475147664547,-0.291117548943,-0.0472298711538,0.477586567402,-0.295618265867,-0.146742731333,0.478169262409,-0.303332179785,-0.243706405163,0.479190707207,-0.311679929495,-0.361854761839,0.492560207844,-0.29896441102,-0.358633846045,0.46618950367,-0.0383891649544,-0.358633846045
1776890930.56,0.465586841106,-0.280252277851,0.444820553064,0.469491183758,-0.281995624304,0.347257435322,0.470571100712,-0.284968048334,0.247947275639,0.472151875496,-0.28785738349,0.148365423083,0.474435091019,-0.291355252266,0.0510810092092,0.474705278873,-0.295678257942,-0.0466233193874,0.477710425854,-0.299381256104,-0.146360009909,0.479453802109,-0.305311590433,-0.242757588625,0.481899619102,-0.310692876577,-0.361861437559,0.492560207844,-0.29896441102,-0.358633846045,0.466114223003,-0.0383352525532,-0.358633846045
1776890930.58,0.463933706284,-0.281390368938,0.445115327835,0.466700315475,-0.285685926676,0.34772837162,0.468272328377,-0.291372597218,0.249363705516,0.469631016254,-0.295944452286,0.149209529161,0.472583830357,-0.30089738965,0.0521894022822,0.47383493185,-0.304429024458,-0.04571826756,0.478263914585,-0.30517539382,-0.145073115826,0.481554031372,-0.30785381794,-0.242919653654,0.487277567387,-0.308141887188,-0.361712634563,0.492560207844,-0.29896441102,-0.358633846045,0.466219127178,-0.0382473170757,-0.358633846045
1776890930.59,0.462645232677,-0.282255649567,0.445281803608,0.478012979031,-0.269245713949,0.3446803689,0.47852152586,-0.265776097775,0.245841026306,0.478884160519,-0.262929916382,0.145932242274,0.47951155901,-0.264102309942,0.0483738556504,0.476704418659,-0.2703589499,-0.0488691478968,0.475031912327,-0.280364304781,-0.148297816515,0.471310853958,-0.296581625938,-0.243440449238,0.46624559164,-0.31574895978,-0.360922157764,0.492560207844,-0.29896441102,-0.358633846045,0.466119706631,-0.0382682420313,-0.358633846045
1776890930.61,0.461282342672,-0.283199250698,0.445461452007,0.46387809515,-0.290754377842,0.348894119263,0.464842915535,-0.298905432224,0.24995046854,0.467155754566,-0.306590765715,0.150762528181,0.47073841095,-0.312757015228,0.0536197498441,0.473147809505,-0.316045552492,-0.0445557832718,0.479323267937,-0.314291357994,-0.143608778715,0.485954403877,-0.311726689339,-0.239807128906,0.494665265083,-0.304773062468,-0.359585940838,0.492560207844,-0.29896441102,-0.358633846045,0.46619528532,-0.0382961332798,-0.358633846045
1776890930.62,0.460222959518,-0.284068048,0.445599228144,0.462582349777,-0.29213526845,0.349146902561,0.4642624259,-0.301539897919,0.250943183899,0.466483533382,-0.309099882841,0.150348290801,0.470311701298,-0.31534036994,0.0542066246271,0.472859919071,-0.319341599941,-0.0441067814827,0.47998458147,-0.316750824451,-0.142605900764,0.487031698227,-0.312394410372,-0.240166515112,0.496926546097,-0.304412692785,-0.358511686325,0.492560207844,-0.29896441102,-0.358633846045,0.46615511179,-0.0382840260863,-0.358633846045
1776890930.64,0.459482491016,-0.284848481417,0.445709437132,0.460756480694,-0.294216275215,0.349231213331,0.462490022182,-0.303782254457,0.250656306744,0.465334355831,-0.3135663867,0.15162704885,0.46963083744,-0.320317476988,0.0544245168567,0.473103880882,-0.324037760496,-0.042915686965,0.481548726559,-0.319688230753,-0.142376214266,0.489749312401,-0.313466787338,-0.239177405834,0.501646697521,-0.302951276302,-0.357643872499,0.492560207844,-0.29896441102,-0.358633846045,0.466152489185,-0.0382897816598,-0.358633846045
1776890930.65,0.458922624588,-0.285670906305,0.445824325085,0.460397899151,-0.29493033886,0.34957164526,0.462069034576,-0.305423498154,0.250850260258,0.464430332184,-0.314391553402,0.151584878564,0.469203472137,-0.32165145874,0.0538681969047,0.473717749119,-0.324759155512,-0.0432364195585,0.48223477602,-0.320382714272,-0.142359346151,0.491556465626,-0.314048469067,-0.2385212183,0.503635823727,-0.302870720625,-0.357219785452,0.492560207844,-0.29896441102,-0.358633846045,0.466149270535,-0.0381796471775,-0.358633846045
1776890930.67,0.458455711603,-0.286552786827,0.445932745934,0.459569871426,-0.295854389668,0.349338531494,0.460974514484,-0.306311130524,0.251508772373,0.464389681816,-0.315693795681,0.151557281613,0.469533503056,-0.322538137436,0.0542065873742,0.474870145321,-0.325313061476,-0.0429786592722,0.484134435654,-0.320825517178,-0.141684472561,0.493898868561,-0.314175784588,-0.238502800465,0.507099807262,-0.302701473236,-0.356449812651,0.492560207844,-0.29896441102,-0.358633846045,0.46613919735,-0.0382703095675,-0.358633846045
1776890930.68,0.458107829094,-0.287294894457,0.446004271507,0.459188103676,-0.296305984259,0.349576145411,0.460856497288,-0.30625885725,0.251554727554,0.464452505112,-0.315385520458,0.151641890407,0.4700345397,-0.321958184242,0.0544488951564,0.475834727287,-0.324813485146,-0.0429329276085,0.485575377941,-0.320249468088,-0.141490101814,0.495985925198,-0.314345985651,-0.237398087978,0.508635699749,-0.303076088428,-0.355749309063,0.492560207844,-0.29896441102,-0.358633846045,0.465997934341,-0.0383291356266,-0.358633846045
1776890930.7,0.457735002041,-0.288254261017,0.446088552475,0.458835601807,-0.296805351973,0.349950790405,0.461613237858,-0.305827260017,0.251399487257,0.465657234192,-0.313550144434,0.151855826378,0.471444666386,-0.319132775068,0.0540243238211,0.477951645851,-0.32209327817,-0.0417364686728,0.487420260906,-0.318470180035,-0.142532616854,0.498943209648,-0.314056038857,-0.237553715706,0.511643767357,-0.303977787495,-0.356698572636,0.492560207844,-0.29896441102,-0.358633846045,0.466189086437,-0.0383310653269,-0.358633846045
1776890930.71,0.457524448633,-0.289039194584,0.446137607098,0.459066927433,-0.296624332666,0.34965673089,0.462018311024,-0.304224699736,0.250453829765,0.466136515141,-0.311970025301,0.151623904705,0.472563862801,-0.31715092063,0.0543153956532,0.479054987431,-0.320027261972,-0.041678711772,0.489321291447,-0.317328453064,-0.140809774399,0.500061094761,-0.313761264086,-0.237439543009,0.512976765633,-0.304729014635,-0.355974376202,0.492560207844,-0.29896441102,-0.358633846045,0.466320514679,-0.03835728392,-0.358633846045
1776890930.73,0.457437723875,-0.289743453264,0.446168214083,0.459485888481,-0.29613673687,0.349318861961,0.463227987289,-0.302005439997,0.251046776772,0.467986881733,-0.306849241257,0.150973692536,0.475019514561,-0.311649799347,0.0540876835585,0.480998456478,-0.314417421818,-0.0435972511768,0.491227030754,-0.312553703785,-0.143270134926,0.501819908619,-0.311540156603,-0.238116025925,0.5153170228,-0.306874871254,-0.357367962599,0.492560207844,-0.29896441102,-0.358633846045,0.466198503971,-0.0382116362453,-0.358633846045
1776890930.74,0.457453340292,-0.290413856506,0.446181386709,0.459756731987,-0.295562028885,0.349123954773,0.464032530785,-0.300798237324,0.25098362565,0.469519495964,-0.304404944181,0.150544196367,0.476124167442,-0.308229476213,0.0537201985717,0.482200920582,-0.31090721488,-0.0440298169851,0.492272257805,-0.309833556414,-0.142945438623,0.502960324287,-0.310559332371,-0.238876998425,0.516080319881,-0.308059602976,-0.357746601105,0.492560207844,-0.29896441102,-0.358633846045,0.466139674187,-0.0382101647556,-0.358633846045
1776890930.76,0.457581460476,-0.291082859039,0.446203410625,0.460298359394,-0.294825285673,0.349382579327,0.465752840042,-0.296952098608,0.250410765409,0.472052693367,-0.298882395029,0.150573849678,0.479314804077,-0.301386803389,0.0538575649261,0.485628306866,-0.303808122873,-0.0434210002422,0.495527863503,-0.304678559303,-0.142569452524,0.505307078362,-0.308108538389,-0.238785892725,0.518223941326,-0.310494571924,-0.357602715492,0.492560207844,-0.29896441102,-0.358633846045,0.466133773327,-0.0382902286947,-0.358633846045
1776890930.77,0.457799464464,-0.29172000289,0.446211725473,0.460794866085,-0.294178783894,0.349544644356,0.46680098772,-0.294704526663,0.250803440809,0.473042964935,-0.295925885439,0.150659427047,0.480495274067,-0.297867745161,0.0535697042942,0.486994564533,-0.300633460283,-0.0438069403172,0.49707365036,-0.302394479513,-0.142229825258,0.506576240063,-0.307117968798,-0.238957136869,0.518321990967,-0.311491549015,-0.357935905457,0.492560207844,-0.29896441102,-0.358633846045,0.466077446938,-0.0383103899658,-0.358633846045
1776890930.79,0.458138257265,-0.292464077473,0.446184933186,0.462182939053,-0.292883604765,0.349561810493,0.468510746956,-0.291945368052,0.251076340675,0.47585862875,-0.290589988232,0.150828540325,0.483940124512,-0.291200757027,0.0537681728601,0.490175664425,-0.29467856884,-0.0432717651129,0.499736607075,-0.297192394733,-0.142359018326,0.508470237255,-0.305058032274,-0.238267719746,0.518762469292,-0.313844770193,-0.357856750488,0.492560207844,-0.29896441102,-0.358633846045,0.466157972813,-0.038346670568,-0.358633846045
1776890930.8,0.458618402481,-0.293149769306,0.446147829294,0.462319374084,-0.292419165373,0.349609315395,0.469409167767,-0.289914667606,0.250526100397,0.477026462555,-0.288439869881,0.151467844844,0.48554122448,-0.28847143054,0.054147824645,0.491804122925,-0.291368842125,-0.0430149435997,0.501472115517,-0.295324057341,-0.141851365566,0.509677171707,-0.304211705923,-0.238244205713,0.51941639185,-0.314404189587,-0.356689959764,0.492560207844,-0.29896441102,-0.358633846045,0.466188371181,-0.0383369736373,-0.358633846045
1776890930.82,0.459306359291,-0.293814629316,0.446025878191,0.463749229908,-0.29159963131,0.349613875151,0.470940113068,-0.287562787533,0.251102745533,0.47923707962,-0.283913642168,0.151662915945,0.48818397522,-0.283339053392,0.0546551719308,0.49437224865,-0.286683261395,-0.0427051633596,0.503848075867,-0.291991680861,-0.141525954008,0.511239171028,-0.303053170443,-0.23746919632,0.519824147224,-0.315788269043,-0.355586230755,0.492560207844,-0.29896441102,-0.358633846045,0.46612906456,-0.0381924510002,-0.358633846045
1776890930.83,0.460191577673,-0.294431716204,0.445887029171,0.464243888855,-0.291181415319,0.349362492561,0.471660256386,-0.286847770214,0.251644790173,0.48040497303,-0.282532155514,0.151724338531,0.489598929882,-0.281286150217,0.0542607009411,0.496234893799,-0.28535553813,-0.0422242134809,0.505292534828,-0.290835469961,-0.141078829765,0.511800467968,-0.302391201258,-0.237678170204,0.519895136356,-0.316141396761,-0.355292797089,0.492560207844,-0.29896441102,-0.358633846045,0.466158926487,-0.0382764600217,-0.358633846045
1776890930.85,0.461199253798,-0.294950604439,0.445664465427,0.465361297131,-0.291305303574,0.349305987358,0.473667323589,-0.285404354334,0.251003205776,0.482397317886,-0.280838549137,0.151949971914,0.491470575333,-0.278798371553,0.0550056546926,0.497971832752,-0.282987415791,-0.0424467474222,0.506697177887,-0.28982013464,-0.140170097351,0.512689292431,-0.301366239786,-0.238068550825,0.519785404205,-0.316275626421,-0.355629056692,0.492560207844,-0.29896441102,-0.358633846045,0.466139376163,-0.0382344387472,-0.358633846045
1776890930.86,0.462339013815,-0.295359969139,0.445335924625,0.466094374657,-0.291623979807,0.349172651768,0.474362969398,-0.285636365414,0.251241832972,0.483397483826,-0.280224263668,0.151436313987,0.492445886135,-0.278682887554,0.0544156059623,0.498699069023,-0.282373577356,-0.0423853099346,0.506939709187,-0.289428591728,-0.141317874193,0.512911617756,-0.301233530045,-0.237778991461,0.519787251949,-0.315985769033,-0.355893701315,0.492560207844,-0.29896441102,-0.358633846045,0.466271996498,-0.0383702926338,-0.358633846045
1776890930.88,0.463704884052,-0.295636057854,0.444926738739,0.467861890793,-0.29280424118,0.34880656004,0.47621101141,-0.286695092916,0.250383406878,0.484991252422,-0.281177103519,0.150861337781,0.493464767933,-0.27959677577,0.0540988668799,0.499645531178,-0.283291220665,-0.0426180809736,0.507588207722,-0.288593828678,-0.141359180212,0.513136565685,-0.300911873579,-0.237982183695,0.519836902618,-0.315166175365,-0.356243699789,0.492560207844,-0.29896441102,-0.358633846045,0.466343581676,-0.0384251028299,-0.358633846045
1776890930.89,0.465194672346,-0.295769572258,0.444446235895,0.468407273293,-0.293548643589,0.348799884319,0.476695120335,-0.287557512522,0.250189602375,0.485487043858,-0.282608002424,0.15072901547,0.494226872921,-0.280942112207,0.0547479316592,0.499762535095,-0.28374376893,-0.0433420091867,0.508028149605,-0.289681971073,-0.141332685947,0.513001084328,-0.300481468439,-0.23898088932,0.519847691059,-0.314143270254,-0.357279986143,0.492560207844,-0.29896441102,-0.358633846045,0.466191530228,-0.0382971651852,-0.358633846045
1776890930.91,0.467134922743,-0.295698702335,0.443891316652,0.470106244087,-0.294902324677,0.348355382681,0.477880656719,-0.290347069502,0.249400258064,0.485766589642,-0.286298602819,0.149959787726,0.494171440601,-0.284637868404,0.0535550415516,0.499760150909,-0.286987960339,-0.0444733798504,0.50731664896,-0.291323035955,-0.14329200983,0.513017296791,-0.300697743893,-0.239998817444,0.520264863968,-0.31212207675,-0.357883006334,0.492560207844,-0.29896441102,-0.358633846045,0.466146051884,-0.0382267311215,-0.358633846045
1776890930.92,0.469071000814,-0.295449197292,0.443363368511,0.471011042595,-0.295597851276,0.347737371922,0.478193640709,-0.292187303305,0.249457716942,0.486037433147,-0.288442671299,0.149941563606,0.493838191032,-0.286966502666,0.0526710227132,0.499292135239,-0.288926869631,-0.044680044055,0.507234036922,-0.292531639338,-0.1430785954,0.512977063656,-0.30082193017,-0.240066319704,0.520062088966,-0.31095162034,-0.358625918627,0.492560207844,-0.29896441102,-0.358633846045,0.466195821762,-0.038267519325,-0.358633846045
1776890930.94,0.471068888903,-0.295116484165,0.442992985249,0.472885131836,-0.296911746264,0.34715783596,0.479222238064,-0.295373916626,0.249022960663,0.486180365086,-0.293638497591,0.14923761785,0.493917703629,-0.292444974184,0.0521467626095,0.499421596527,-0.29424265027,-0.0447256118059,0.506843149662,-0.296409696341,-0.144124597311,0.512122690678,-0.302029073238,-0.241615533829,0.519937753677,-0.307730674744,-0.360564678907,0.492560207844,-0.29896441102,-0.358633846045,0.466153919697,-0.0382424294949,-0.358633846045
1776890930.95,0.473998576403,-0.294581145048,0.442468523979,0.473888516426,-0.297696143389,0.346844911575,0.479839980602,-0.296826153994,0.247806936502,0.485954582691,-0.296398311853,0.148543924093,0.492771565914,-0.295957475901,0.051089681685,0.497905492783,-0.296670943499,-0.0461011976004,0.50541639328,-0.29736071825,-0.145507693291,0.511835098267,-0.302557170391,-0.242006212473,0.519315183163,-0.305943846703,-0.361131459475,0.492560207844,-0.29896441102,-0.358633846045,0.466132879257,-0.0383579842746,-0.358633846045
1776890930.97,0.476540595293,-0.294161677361,0.442014753819,0.476260602474,-0.299558490515,0.346466809511,0.480703294277,-0.300696998835,0.24796795845,0.485897839069,-0.301372110844,0.14757321775,0.492081463337,-0.302246153355,0.05033659935,0.496668756008,-0.303168833256,-0.0473261475563,0.503825306892,-0.302593797445,-0.146870493889,0.510603666306,-0.303144425154,-0.243164330721,0.518891394138,-0.302117317915,-0.362134128809,0.492560207844,-0.29896441102,-0.358633846045,0.466126561165,-0.038314383477,-0.358633846045
1776890930.98,0.478826344013,-0.29381018877,0.441678643227,0.477663099766,-0.300108373165,0.346246808767,0.481590628624,-0.302115291357,0.247146591544,0.485907912254,-0.303847551346,0.147455692291,0.491359710693,-0.305233299732,0.0499182417989,0.495552897453,-0.306013703346,-0.0471419692039,0.503772556782,-0.304384768009,-0.146192133427,0.510284900665,-0.30413928628,-0.242994636297,0.519045054913,-0.301504611969,-0.362331658602,0.492560207844,-0.29896441102,-0.358633846045,0.466101229191,-0.0383529923856,-0.358633846045
1776890931,0.48187828064,-0.293551921844,0.441291123629,0.480494856834,-0.301239997149,0.345791518688,0.483113884926,-0.304869860411,0.24686011672,0.486432790756,-0.308213740587,0.147182375193,0.491130530834,-0.310390025377,0.049530133605,0.49476313591,-0.311813861132,-0.0478833317757,0.501599371433,-0.308195114136,-0.147462964058,0.508958399296,-0.30512496829,-0.243531137705,0.51803791523,-0.297353178263,-0.363583087921,0.492560207844,-0.29896441102,-0.358633846045,0.466151058674,-0.0383371338248,-0.358633846045
1776890931.01,0.484645217657,-0.293523520231,0.441196680069,0.48168361187,-0.301327705383,0.345433235168,0.484230160713,-0.3063159585,0.247234866023,0.486943900585,-0.30983799696,0.14668853581,0.490606963634,-0.312475055456,0.0492096915841,0.494759678841,-0.313903778791,-0.0468728393316,0.501173377037,-0.309711754322,-0.147464245558,0.508501648903,-0.305686742067,-0.243386656046,0.517532110214,-0.296483933926,-0.363558828831,0.492560207844,-0.29896441102,-0.358633846045,0.46607208252,-0.0383030883968,-0.358633846045
1776890931.03,0.487560808659,-0.293776541948,0.441104799509,0.485092401505,-0.3018681705,0.344957351685,0.486336886883,-0.307815432549,0.246501356363,0.488182604313,-0.312027961016,0.146310374141,0.491004407406,-0.315115720034,0.0484032779932,0.493347346783,-0.316208839417,-0.0488951951265,0.499237537384,-0.311283767223,-0.148446679115,0.505228936672,-0.305551111698,-0.245700180531,0.516034424305,-0.294127702713,-0.363437652588,0.492560207844,-0.29896441102,-0.358633846045,0.466159045696,-0.0384019352496,-0.358633846045
1776890931.04,0.49005061388,-0.294218927622,0.44113522768,0.486903071404,-0.302255839109,0.344629228115,0.488056778908,-0.308109492064,0.246087372303,0.489131629467,-0.313050031662,0.146369338036,0.491544008255,-0.316297501326,0.0486835092306,0.493519604206,-0.317068755627,-0.048195630312,0.499556779861,-0.312111705542,-0.14745092392,0.505779981613,-0.305487573147,-0.244335621595,0.514793932438,-0.293498247862,-0.363051474094,0.492560207844,-0.29896441102,-0.358633846045,0.466037034988,-0.0382324159145,-0.358633846045
1776890931.06,0.492883473635,-0.295039087534,0.441469341516,0.490270912647,-0.303021758795,0.34500002861,0.490733623505,-0.308598220348,0.245601117611,0.490609288216,-0.313327282667,0.145757853985,0.49250125885,-0.316721469164,0.0487525612116,0.494049370289,-0.316799044609,-0.048570945859,0.498133540154,-0.310908913612,-0.149112462997,0.504942834377,-0.304989755154,-0.244965642691,0.512846529484,-0.292664319277,-0.363165169954,0.492560207844,-0.29896441102,-0.358633846045,0.46604269743,-0.0382957085967,-0.358633846045
1776890931.07,0.495240837336,-0.296041458845,0.441774904728,0.492253065109,-0.303129851818,0.344839394093,0.492071032524,-0.309049487114,0.246599256992,0.492325484753,-0.312871098518,0.145954057574,0.493291974068,-0.315934658051,0.0488675907254,0.494007587433,-0.315642148256,-0.0490104109049,0.497784435749,-0.30986893177,-0.1491740942,0.504712700844,-0.304507493973,-0.244588732719,0.511447787285,-0.291771650314,-0.364178806543,0.492560207844,-0.29896441102,-0.358633846045,0.466053307056,-0.0382691137493,-0.358633846045
1776890931.09,0.497490823269,-0.297261863947,0.442201763391,0.495605945587,-0.303997784853,0.345028400421,0.495586276054,-0.308248281479,0.24676977098,0.49523717165,-0.311401963234,0.146023690701,0.495959341526,-0.313532263041,0.0488408431411,0.495536804199,-0.313019663095,-0.0491548031569,0.498186051846,-0.307698190212,-0.149536639452,0.503310978413,-0.302302628756,-0.245054215193,0.509157717228,-0.292588561773,-0.363892376423,0.492560207844,-0.29896441102,-0.358633846045,0.466097354889,-0.0383044816554,-0.358633846045
1776890931.1,0.499998867512,-0.298947453499,0.442959070206,0.497659921646,-0.304076880217,0.345300674438,0.497201502323,-0.307472407818,0.246065616608,0.49691259861,-0.310373544693,0.14684458077,0.497627317905,-0.311542421579,0.0489554405212,0.497084498405,-0.310434430838,-0.0483829826117,0.49965852499,-0.306424409151,-0.14868158102,0.502944111824,-0.301808476448,-0.244421005249,0.507403671741,-0.291967242956,-0.364470601082,0.492560207844,-0.29896441102,-0.358633846045,0.466160237789,-0.0382874980569,-0.358633846045
1776890931.12,0.502358853817,-0.30082949996,0.443781852722,0.501243889332,-0.304982274771,0.345870018005,0.501011371613,-0.306497454643,0.247331082821,0.500825583935,-0.306798040867,0.14737381041,0.500755369663,-0.306465595961,0.0493976697326,0.499175131321,-0.305636644363,-0.0484569370747,0.500730991364,-0.30242151022,-0.148447245359,0.502294003963,-0.299275457859,-0.244215637445,0.504336297512,-0.294107913971,-0.363507986069,0.492560207844,-0.29896441102,-0.358633846045,0.466121196747,-0.0383856780827,-0.358633846045
1776890931.13,0.504352092743,-0.302560180426,0.444535940886,0.502701103687,-0.305324673653,0.346356600523,0.503045499325,-0.305518388748,0.247490733862,0.502443552017,-0.304527968168,0.147269010544,0.502468168736,-0.303944855928,0.0498705208302,0.500328719616,-0.303039044142,-0.0477941334248,0.500736713409,-0.299496054649,-0.149007886648,0.501451969147,-0.297739356756,-0.245135307312,0.503005564213,-0.294606387615,-0.363342404366,0.492560207844,-0.29896441102,-0.358633846045,0.466167807579,-0.0384224206209,-0.358633846045
1776890931.15,0.506365358829,-0.304418772459,0.445445626974,0.506320953369,-0.305740237236,0.347175270319,0.506658017635,-0.303055107594,0.248069941998,0.506562173367,-0.300514608622,0.14848344028,0.506042480469,-0.298540771008,0.0511528626084,0.503700256348,-0.297340542078,-0.0467215180397,0.503788232803,-0.295629382133,-0.145439773798,0.501152575016,-0.29569914937,-0.24406632781,0.499930024147,-0.295510858297,-0.362295210361,0.492560207844,-0.29896441102,-0.358633846045,0.466169476509,-0.0382250733674,-0.358633846045
1776890931.16,0.507882416248,-0.305819392204,0.446162045002,0.507970333099,-0.306072324514,0.347631335258,0.508655846119,-0.302725940943,0.249014422297,0.508333206177,-0.298716753721,0.14946141839,0.507786393166,-0.295922935009,0.0515111610293,0.504930436611,-0.294730216265,-0.0459562093019,0.503468990326,-0.293560504913,-0.145680189133,0.501397192478,-0.295642346144,-0.242141187191,0.497961401939,-0.296416848898,-0.362166106701,0.492560207844,-0.29896441102,-0.358633846045,0.466214835644,-0.0383334457874,-0.358633846045
1776890931.18,0.510095238686,-0.307665556669,0.447249382734,0.511408507824,-0.307343959808,0.349214583635,0.512229681015,-0.301415592432,0.250502467155,0.512097299099,-0.295460432768,0.150477796793,0.511487543583,-0.292124092579,0.0540717318654,0.507449150085,-0.290346950293,-0.0440916866064,0.505480408669,-0.290188699961,-0.143732577562,0.501324176788,-0.293265968561,-0.241016358137,0.49551230669,-0.297783136368,-0.359852284193,0.492560207844,-0.29896441102,-0.358633846045,0.466057479382,-0.0382989682257,-0.358633846045
1776890931.19,0.511819958687,-0.308833003044,0.447955101728,0.513320982456,-0.308744847775,0.350381225348,0.514036476612,-0.301243752241,0.251347243786,0.513785600662,-0.294365376234,0.151337340474,0.512684643269,-0.289893478155,0.0537361651659,0.508980512619,-0.2888045609,-0.043312177062,0.505808830261,-0.28874912858,-0.143418937922,0.500963330269,-0.292943239212,-0.240253686905,0.493983209133,-0.297442257404,-0.359548717737,0.492560207844,-0.29896441102,-0.358633846045,0.466084122658,-0.0383139364421,-0.358633846045
1776890931.21,0.513398349285,-0.309608757496,0.4486143291,0.515554666519,-0.309648185968,0.351137578487,0.516523420811,-0.301407545805,0.252940893173,0.516614079475,-0.293453454971,0.152903407812,0.515399158001,-0.287572085857,0.0554370880127,0.510374128819,-0.286185145378,-0.04186424613,0.506996631622,-0.287153989077,-0.141245633364,0.500662505627,-0.29173091054,-0.238095849752,0.491625726223,-0.298233836889,-0.357149422169,0.492560207844,-0.29896441102,-0.358633846045,0.466135501862,-0.0383337438107,-0.358633846045
1776890931.22,0.514855086803,-0.310079991817,0.449184179306,0.517062783241,-0.310404568911,0.351720660925,0.518051326275,-0.301959037781,0.25321239233,0.517935276031,-0.293140232563,0.153486430645,0.516858696938,-0.287887603045,0.0568552911282,0.511516690254,-0.285416007042,-0.0416440367699,0.507336735725,-0.286588430405,-0.1406866014,0.500434696674,-0.291386604309,-0.237919807434,0.490928351879,-0.298111379147,-0.356542289257,0.492560207844,-0.29896441102,-0.358633846045,0.466215372086,-0.0383032783866,-0.358633846045
1776890931.24,0.516119897366,-0.310139864683,0.449666112661,0.51919823885,-0.311508715153,0.352558612823,0.520146608353,-0.302895158529,0.253656983376,0.51965290308,-0.294384866953,0.154176011682,0.517705559731,-0.288231492043,0.0570971518755,0.51271623373,-0.285651147366,-0.0403814017773,0.507360398769,-0.286257982254,-0.140002518892,0.499961078167,-0.291738390923,-0.236022293568,0.489631175995,-0.298286944628,-0.35536056757,0.492560207844,-0.29896441102,-0.358633846045,0.466085314751,-0.0382488369942,-0.358633846045
1776890931.25,0.517139136791,-0.309811294079,0.44998472929,0.520165979862,-0.312236011028,0.352965891361,0.521012485027,-0.303862154484,0.253885835409,0.520597398281,-0.295861631632,0.154702529311,0.518904030323,-0.289418637753,0.0573028475046,0.5130636096,-0.286623716354,-0.0398729592562,0.507217645645,-0.286683768034,-0.139307528734,0.499688267708,-0.291585505009,-0.235964298248,0.488888144493,-0.297413140535,-0.355250865221,0.492560207844,-0.29896441102,-0.358633846045,0.466120421886,-0.0382965281606,-0.358633846045
1776890931.27,0.517868757248,-0.309206783772,0.45013359189,0.521996080875,-0.313325732946,0.353773713112,0.522502779961,-0.306218773127,0.254720389843,0.521683752537,-0.298637539148,0.155628830194,0.51922917366,-0.292655259371,0.0581279322505,0.513052642345,-0.289815932512,-0.0397164970636,0.50714045763,-0.288813769817,-0.139121204615,0.499032914639,-0.292460471392,-0.23536336422,0.488113939762,-0.29700705409,-0.354761332273,0.492560207844,-0.29896441102,-0.358633846045,0.466041445732,-0.0382997281849,-0.358633846045
1776890931.28,0.518353044987,-0.308299988508,0.450159966946,0.522228837013,-0.313570469618,0.35391291976,0.522851645947,-0.306775093079,0.254666417837,0.521629154682,-0.300362378359,0.155143618584,0.518854081631,-0.294464588165,0.0576666593552,0.512800335884,-0.291957169771,-0.0396946668625,0.506896495819,-0.290639430285,-0.139017999172,0.498821437359,-0.293078958988,-0.235221326351,0.487800061703,-0.295968979597,-0.355142444372,0.492560207844,-0.29896441102,-0.358633846045,0.466128885746,-0.0382825769484,-0.358633846045
1776890931.3,0.518568098545,-0.307445406914,0.45003926754,0.522607266903,-0.31347733736,0.353959918022,0.523278594017,-0.309403061867,0.255391895771,0.521109938622,-0.304298937321,0.155542954803,0.518601119518,-0.300461709499,0.0581171363592,0.511594235897,-0.29694005847,-0.0397719144821,0.505884706974,-0.294295459986,-0.1394328475,0.498272299767,-0.29506289959,-0.236005812883,0.488355875015,-0.294783324003,-0.35528665781,0.492560207844,-0.29896441102,-0.358633846045,0.466101050377,-0.0382709391415,-0.358633846045
1776890931.31,0.51861590147,-0.306068569422,0.449793547392,0.522627830505,-0.313117802143,0.353727281094,0.522863030434,-0.310162454844,0.255245119333,0.521418631077,-0.306036829948,0.15502807498,0.518395841122,-0.302385628223,0.0572660788894,0.511372089386,-0.300310701132,-0.0403653681278,0.505891263485,-0.296837687492,-0.140104264021,0.498183608055,-0.296267807484,-0.236143767834,0.488715350628,-0.294098526239,-0.355360239744,0.492560207844,-0.29896441102,-0.358633846045,0.466149806976,-0.0382621996105,-0.358633846045
1776890931.33,0.518375694752,-0.304863870144,0.449536383152,0.52230489254,-0.312736451626,0.353716999292,0.521581828594,-0.311550021172,0.25498020649,0.519904255867,-0.309774726629,0.154969200492,0.516832053661,-0.308458983898,0.0575037002563,0.51058858633,-0.305747956038,-0.0405288785696,0.504220664501,-0.301674872637,-0.140093535185,0.497518539429,-0.298305809498,-0.236851394176,0.489606678486,-0.292626798153,-0.355122685432,0.492560207844,-0.29896441102,-0.358633846045,0.466077327728,-0.0382305011153,-0.358633846045
1776890931.34,0.517872273922,-0.303656876087,0.449236422777,0.522095322609,-0.312549889088,0.353640198708,0.521074771881,-0.311921477318,0.254038393497,0.51894569397,-0.311442703009,0.154498159885,0.515931367874,-0.310510575771,0.0570254474878,0.511310636997,-0.309262633324,-0.0388126522303,0.503808200359,-0.302986353636,-0.140766918659,0.497703075409,-0.299973398447,-0.236313641071,0.490087509155,-0.29180508852,-0.354948073626,0.492560207844,-0.29896441102,-0.358633846045,0.466109991074,-0.0381602421403,-0.358633846045
1776890931.36,0.517163395882,-0.302433013916,0.448953866959,0.521002531052,-0.311956971884,0.353169083595,0.519210577011,-0.313684523106,0.25462013483,0.516805648804,-0.314241141081,0.154157876968,0.513864457607,-0.315150111914,0.0570361837745,0.508223772049,-0.313739687204,-0.0411707907915,0.502964794636,-0.307824701071,-0.141190350056,0.497740983963,-0.301452279091,-0.238131701946,0.491477191448,-0.29085290432,-0.355380564928,0.492560207844,-0.29896441102,-0.358633846045,0.466123700142,-0.0382171198726,-0.358633846045
1776890931.37,0.516284704208,-0.301327437162,0.448653668165,0.52008920908,-0.311463266611,0.35254457593,0.518214941025,-0.313852757215,0.253471672535,0.515936613083,-0.315535902977,0.15425939858,0.512814939022,-0.316394239664,0.0564446747303,0.507074475288,-0.315542757511,-0.0406266152859,0.502819478512,-0.309891164303,-0.140967220068,0.497580647469,-0.302126646042,-0.238119184971,0.492167055607,-0.290419071913,-0.355424493551,0.492560207844,-0.29896441102,-0.358633846045,0.466109395027,-0.0382546298206,-0.358633846045
1776890931.39,0.514976561069,-0.300070971251,0.448250561953,0.5183557868,-0.310801506042,0.352414339781,0.515998542309,-0.314918607473,0.254116177559,0.513461589813,-0.317041307688,0.154118165374,0.510706782341,-0.318700760603,0.0559952110052,0.505249857903,-0.317966371775,-0.0411771684885,0.501362502575,-0.311320364475,-0.141583561897,0.498946487904,-0.304106026888,-0.236217111349,0.494013428688,-0.290842950344,-0.355520218611,0.492560207844,-0.29896441102,-0.358633846045,0.466161370277,-0.0383221395314,-0.358633846045
1776890931.4,0.513504564762,-0.298967063427,0.448012083769,0.517108380795,-0.310367554426,0.352709442377,0.514900505543,-0.314669728279,0.253388792276,0.512274086475,-0.317915350199,0.153626427054,0.509614825249,-0.319599062204,0.0564645975828,0.504808783531,-0.318343341351,-0.0413464456797,0.501258432865,-0.312003582716,-0.141530364752,0.49886482954,-0.304995954037,-0.237184822559,0.495155096054,-0.291307866573,-0.355950802565,0.492560207844,-0.29896441102,-0.358633846045,0.466140151024,-0.0381838046014,-0.358633846045
1776890931.42,0.511724889278,-0.297960847616,0.447688043118,0.514931023121,-0.309441536665,0.352105081081,0.512664198875,-0.314064800739,0.253138273954,0.510054588318,-0.31718865037,0.153220757842,0.507711708546,-0.319020360708,0.0556136593223,0.503626227379,-0.317539691925,-0.0420689731836,0.500556826591,-0.311580717564,-0.141534119844,0.497775793076,-0.304164707661,-0.239390403032,0.497251451015,-0.29309374094,-0.355947315693,0.492560207844,-0.29896441102,-0.358633846045,0.466266155243,-0.0384120456874,-0.358633846045
1776890931.43,0.509547770023,-0.296993494034,0.447272866964,0.512488007545,-0.307067215443,0.351426720619,0.510312318802,-0.312450110912,0.252970695496,0.507900714874,-0.315349549055,0.1530123353,0.505955696106,-0.316762328148,0.0549563989043,0.502804875374,-0.316463977098,-0.041472107172,0.500634014606,-0.310243725777,-0.142511844635,0.499334692955,-0.304134577513,-0.239995986223,0.499471962452,-0.294884204865,-0.357268810272,0.492560207844,-0.29896441102,-0.358633846045,0.466161966324,-0.0383371971548,-0.358633846045
1776890931.45,0.50744754076,-0.296305626631,0.446826964617,0.511187195778,-0.305752933025,0.351300895214,0.509187757969,-0.310234308243,0.252007395029,0.506987631321,-0.31363222003,0.152681991458,0.505253434181,-0.315519541502,0.0548966750503,0.502223372459,-0.314810991287,-0.0423411130905,0.500423252583,-0.309588372707,-0.142762839794,0.499992370605,-0.304603427649,-0.240403205156,0.50032132864,-0.295777499676,-0.357999175787,0.492560207844,-0.29896441102,-0.358633846045,0.46616178751,-0.0382665209472,-0.358633846045
1776890931.46,0.505017757416,-0.295756965876,0.446565032005,0.509853303432,-0.304302752018,0.350839555264,0.508002102375,-0.308845937252,0.252494603395,0.506193161011,-0.311589866877,0.152218952775,0.504511833191,-0.313380211592,0.0546889081597,0.501794815063,-0.313401132822,-0.0425010323524,0.501473605633,-0.308085054159,-0.14269721508,0.500951588154,-0.304696261883,-0.240083068609,0.501730918884,-0.297398120165,-0.358705341816,0.492560207844,-0.29896441102,-0.358633846045,0.466152012348,-0.0382171049714,-0.358633846045
1776890931.48,0.502407550812,-0.295339345932,0.44630792737,0.50667154789,-0.301494449377,0.350603461266,0.50547337532,-0.304273813963,0.251550078392,0.504326462746,-0.30609357357,0.151216715574,0.504346549511,-0.308047771454,0.0542804449797,0.501499593258,-0.308609694242,-0.0437109470367,0.501963853836,-0.306874454021,-0.143386602402,0.502290427685,-0.304350227118,-0.241333603859,0.504026889801,-0.299992889166,-0.359668433666,0.492560207844,-0.29896441102,-0.358633846045,0.466119289398,-0.0381849147379,-0.358633846045
1776890931.49,0.499677866697,-0.295146882534,0.445958614349,0.5047519207,-0.299841493368,0.350004404783,0.503985345364,-0.301346182823,0.250643789768,0.503339409828,-0.302935212851,0.151393979788,0.503603518009,-0.304670572281,0.0537274628878,0.501785695553,-0.306271016598,-0.0445702821016,0.502501249313,-0.304382175207,-0.143831551075,0.503718674183,-0.304607123137,-0.239875376225,0.504874289036,-0.301485389471,-0.359817326069,0.492560207844,-0.29896441102,-0.358633846045,0.466103732586,-0.038217779249,-0.358633846045
1776890931.51,0.49698510766,-0.295146912336,0.445782542229,0.501628696918,-0.297245085239,0.349217951298,0.501712322235,-0.297161698341,0.250676572323,0.501894772053,-0.29705414176,0.150532692671,0.503375172615,-0.298331260681,0.0530607178807,0.50228792429,-0.301283836365,-0.0442221015692,0.503508388996,-0.301552653313,-0.144211560488,0.504722952843,-0.303765267134,-0.242133200169,0.506687164307,-0.305003494024,-0.360357344151,0.492560207844,-0.29896441102,-0.358633846045,0.466177284718,-0.0382754057646,-0.358633846045
1776890931.52,0.494255840778,-0.295317292213,0.445678114891,0.499785363674,-0.296149581671,0.349650979042,0.500101923943,-0.295006155968,0.25051420927,0.500977635384,-0.294341564178,0.150461748242,0.502831041813,-0.295379817486,0.0528691858053,0.502615451813,-0.298305094242,-0.0449402630329,0.504782319069,-0.300410866737,-0.144253492355,0.506039917469,-0.303883343935,-0.241893440485,0.507894635201,-0.306917160749,-0.360336601734,0.492560207844,-0.29896441102,-0.358633846045,0.466146588326,-0.0382799059153,-0.358633846045
1776890931.54,0.491918921471,-0.295580238104,0.445728778839,0.496900558472,-0.294402837753,0.349412351847,0.49777418375,-0.29134619236,0.250385344028,0.499820172787,-0.28917580843,0.150316074491,0.502543389797,-0.289889544249,0.053174726665,0.503228008747,-0.29376333952,-0.0439864695072,0.506202101707,-0.296713203192,-0.144562602043,0.507638514042,-0.30288118124,-0.241459012032,0.509972333908,-0.310284644365,-0.360491096973,0.492560207844,-0.29896441102,-0.358633846045,0.466227948666,-0.0383538380265,-0.358633846045
1776890931.55,0.488979041576,-0.296066850424,0.445800155401,0.494604885578,-0.293238162994,0.34833240509,0.496709346771,-0.290299743414,0.250486344099,0.499087095261,-0.28758597374,0.150081574917,0.502475261688,-0.287519663572,0.0525810271502,0.503433048725,-0.290773361921,-0.0448364317417,0.506662130356,-0.294909447432,-0.144286155701,0.508282780647,-0.302496433258,-0.240958839655,0.510565638542,-0.311492413282,-0.36039313674,0.492560207844,-0.29896441102,-0.358633846045,0.466125547886,-0.0382444001734,-0.358633846045
1776890931.57,0.486543685198,-0.29656496644,0.446023106575,0.491600811481,-0.292741149664,0.348923742771,0.494340121746,-0.288365989923,0.250103592873,0.498145520687,-0.284498780966,0.150328248739,0.501872599125,-0.28378868103,0.0529454872012,0.50381320715,-0.286745995283,-0.0446672588587,0.507674574852,-0.291923433542,-0.144073814154,0.509842216969,-0.302038490772,-0.239778220654,0.512678325176,-0.313938766718,-0.359400302172,0.492560207844,-0.29896441102,-0.358633846045,0.466181516647,-0.0383329987526,-0.358633846045
1776890931.58,0.484306693077,-0.297027796507,0.446370750666,0.490221202374,-0.292765527964,0.34907785058,0.493422746658,-0.287872105837,0.250228524208,0.497527658939,-0.284050792456,0.150548100471,0.50144636631,-0.282616794109,0.052990667522,0.503571808338,-0.285356014967,-0.0445726066828,0.508469045162,-0.291079252958,-0.142616987228,0.510410904884,-0.302076250315,-0.239432126284,0.513559520245,-0.314917653799,-0.359124809504,0.492560207844,-0.29896441102,-0.358633846045,0.466208577156,-0.0382292084396,-0.358633846045
1776890931.6,0.482349514961,-0.297377258539,0.446839123964,0.487841963768,-0.293019711971,0.349649071693,0.491195261478,-0.287842839956,0.250516355038,0.495489120483,-0.283236920834,0.150920644403,0.500455379486,-0.281787216663,0.0537020489573,0.503129899502,-0.284338980913,-0.0439981669188,0.50895178318,-0.290684968233,-0.141090333462,0.511938750744,-0.302019715309,-0.239491015673,0.515544116497,-0.316893160343,-0.357961148024,0.492560207844,-0.29896441102,-0.358633846045,0.466165244579,-0.0382552146912,-0.358633846045
1776890931.61,0.480702936649,-0.2975256145,0.447348594666,0.486206233501,-0.293248295784,0.34938532114,0.490238308907,-0.287952929735,0.250569492579,0.495030224323,-0.283341258764,0.151268720627,0.500066936016,-0.281761795282,0.0537637174129,0.502839028835,-0.284357249737,-0.0438823997974,0.508508086205,-0.290656685829,-0.142669826746,0.512311220169,-0.302195727825,-0.23919737339,0.516784369946,-0.317054212093,-0.356833547354,0.492560207844,-0.29896441102,-0.358633846045,0.466149032116,-0.0382161848247,-0.358633846045
1776890931.63,0.479433476925,-0.297459900379,0.447899192572,0.483638584614,-0.29383417964,0.349999517202,0.487697005272,-0.289400219917,0.251665890217,0.492809951305,-0.285039901733,0.151351720095,0.498589992523,-0.283415496349,0.0541046112776,0.502217113972,-0.286119520664,-0.0433349311352,0.508449673653,-0.291307598352,-0.141528218985,0.51304268837,-0.302932322025,-0.238919168711,0.518708229065,-0.317204236984,-0.356810182333,0.492560207844,-0.29896441102,-0.358633846045,0.466210544109,-0.0382496193051,-0.358633846045
1776890931.64,0.478502810001,-0.2972651124,0.448518574238,0.482574939728,-0.294025808573,0.350185275078,0.486530482769,-0.289813220501,0.251697957516,0.492176949978,-0.285980850458,0.15190961957,0.498137891293,-0.285284101963,0.0549908578396,0.501819550991,-0.287752449512,-0.0429424494505,0.509212851524,-0.293308615685,-0.14071983099,0.513226926327,-0.303818613291,-0.238247036934,0.519366919994,-0.317063689232,-0.35661444068,0.492560207844,-0.29896441102,-0.358633846045,0.466193914413,-0.0381701141596,-0.358633846045
1776890931.66,0.477925270796,-0.296960324049,0.44910877943,0.480748951435,-0.295166611671,0.351529955864,0.48477435112,-0.291890144348,0.252564430237,0.490049362183,-0.289895266294,0.153155237436,0.496280789375,-0.289596319199,0.0553242489696,0.500872612,-0.292399257421,-0.0422707647085,0.508209586143,-0.297193914652,-0.141148090363,0.514137208462,-0.305651128292,-0.237980127335,0.521352052689,-0.315469384193,-0.356249839067,0.492560207844,-0.29896441102,-0.358633846045,0.466189444065,-0.0381747111678,-0.358633846045
1776890931.67,0.477581262589,-0.296543091536,0.449765861034,0.480226576328,-0.295118480921,0.35153990984,0.483858406544,-0.29331317544,0.252856045961,0.488886892796,-0.29140663147,0.15281675756,0.495439827442,-0.292160093784,0.0556441619992,0.499893128872,-0.294822007418,-0.0417507886887,0.508324205875,-0.299240201712,-0.13968282938,0.51456284523,-0.306667536497,-0.236968040466,0.5221965909,-0.314702004194,-0.355843514204,0.492560207844,-0.29896441102,-0.358633846045,0.466159522533,-0.0382764041424,-0.358633846045
1776890931.69,0.477568179369,-0.296163976192,0.450285196304,0.479337632656,-0.296104967594,0.352608472109,0.482755601406,-0.295526623726,0.253580391407,0.487145185471,-0.295942097902,0.153732433915,0.493611216545,-0.297816604376,0.0565315186977,0.498598515987,-0.300687164068,-0.0412385314703,0.507178127766,-0.303595781326,-0.139476805925,0.514320254326,-0.308529317379,-0.237531870604,0.523752391338,-0.313082337379,-0.355724126101,0.492560207844,-0.29896441102,-0.358633846045,0.466127276421,-0.03822882846,-0.358633846045
1776890931.7,0.477767914534,-0.295832246542,0.45072722435,0.479073882103,-0.296544760466,0.352819263935,0.482371032238,-0.297814697027,0.254282355309,0.486699700356,-0.2982596457,0.154033139348,0.493003427982,-0.300554603338,0.0566405430436,0.497864186764,-0.303788691759,-0.0410588234663,0.506380558014,-0.305233001709,-0.139684408903,0.514750778675,-0.309400975704,-0.236091792583,0.524120390415,-0.312314242125,-0.355150490999,0.492560207844,-0.29896441102,-0.358633846045,0.46617436409,-0.038311637938,-0.358633846045
1776890931.72,0.478318721056,-0.295421242714,0.451167404652,0.478828072548,-0.297660887241,0.35364151001,0.481886386871,-0.300912886858,0.255186021328,0.486212790012,-0.303673237562,0.15516166389,0.492304801941,-0.306730657816,0.0586533248425,0.497213304043,-0.309745699167,-0.038316398859,0.505625963211,-0.309785693884,-0.138268351555,0.513989925385,-0.311039537191,-0.235782682896,0.525469243526,-0.310827851295,-0.354017794132,0.492560207844,-0.29896441102,-0.358633846045,0.466113328934,-0.0382478386164,-0.358633846045
1776890931.73,0.478892117739,-0.295180082321,0.451435834169,0.479182779789,-0.298553347588,0.354001879692,0.482040166855,-0.302275449038,0.255539953709,0.485807955265,-0.305826485157,0.155897915363,0.491477429867,-0.309125572443,0.0582744255662,0.496835887432,-0.311877787113,-0.037969186902,0.505074322224,-0.311435550451,-0.138094067574,0.513756871223,-0.312088429928,-0.234936565161,0.525925517082,-0.309991568327,-0.353349089622,0.492560207844,-0.29896441102,-0.358633846045,0.466162502766,-0.038411077112,-0.358633846045
1776890931.75,0.479626864195,-0.295114219189,0.451536953449,0.4802069664,-0.299754828215,0.354787886143,0.482624232769,-0.304563850164,0.2554859519,0.486014425755,-0.309446930885,0.156188696623,0.490746378899,-0.313232392073,0.0586282685399,0.495354652405,-0.316312760115,-0.0386920720339,0.504691004753,-0.314951509237,-0.137025713921,0.514193832874,-0.313432276249,-0.233592391014,0.52631431818,-0.308526903391,-0.352692633867,0.492560207844,-0.29896441102,-0.358633846045,0.466155767441,-0.0383034981787,-0.358633846045
1776890931.76,0.480543494225,-0.295357137918,0.451611816883,0.480805873871,-0.300352156162,0.355192750692,0.483206570148,-0.306323170662,0.256510317326,0.486106395721,-0.311334103346,0.156278401613,0.491227328777,-0.315515726805,0.0599555820227,0.495579242706,-0.317501187325,-0.0386713445187,0.504331290722,-0.315659463406,-0.137461364269,0.514469981194,-0.313972622156,-0.233488470316,0.525915682316,-0.307964503765,-0.352225989103,0.492560207844,-0.29896441102,-0.358633846045,0.466122567654,-0.0382939614356,-0.358633846045
1776890931.78,0.48155978322,-0.295894175768,0.451620608568,0.48179680109,-0.300870776176,0.354836881161,0.484130501747,-0.307920187712,0.256589651108,0.487354278564,-0.31358063221,0.156928092241,0.491584062576,-0.317773163319,0.0591867938638,0.495967745781,-0.32019802928,-0.0384922325611,0.50500190258,-0.31726500392,-0.136921137571,0.513606607914,-0.313971489668,-0.233685493469,0.525274097919,-0.306925624609,-0.351944565773,0.492560207844,-0.29896441102,-0.358633846045,0.466114580631,-0.0383294187486,-0.358633846045
1776890931.79,0.482422798872,-0.296525150537,0.451609671116,0.482753396034,-0.301438331604,0.355339109898,0.484495699406,-0.307894766331,0.256384015083,0.487531960011,-0.313687562943,0.1569031775,0.492205679417,-0.318479567766,0.0598123595119,0.496360898018,-0.320151120424,-0.0381813049316,0.504652142525,-0.317463457584,-0.137680709362,0.513561189175,-0.31397035718,-0.233669757843,0.524964749813,-0.306980162859,-0.351979792118,0.492560207844,-0.29896441102,-0.358633846045,0.466089367867,-0.038299549371,-0.358633846045
1776890931.81,0.483596116304,-0.297508776188,0.451528578997,0.483976662159,-0.301730901003,0.355080723763,0.48618465662,-0.30808198452,0.256602525711,0.48939371109,-0.313603878021,0.157047882676,0.493667721748,-0.317716240883,0.0594582259655,0.497600913048,-0.319778114557,-0.0380761921406,0.504387617111,-0.316317260265,-0.138130873442,0.513600885868,-0.313826531172,-0.233857125044,0.524095535278,-0.307528346777,-0.352295577526,0.492560207844,-0.29896441102,-0.358633846045,0.466175436974,-0.0383905917406,-0.358633846045
1776890931.82,0.484646052122,-0.298434108496,0.45139092207,0.479770183563,-0.299272686243,0.354607760906,0.482148945332,-0.30349189043,0.255203396082,0.485865414143,-0.307948887348,0.155832335353,0.491014480591,-0.311611205339,0.0584519580007,0.495516598225,-0.313581287861,-0.0388275831938,0.505025088787,-0.313087791204,-0.13735678792,0.513907313347,-0.312877297401,-0.23406881094,0.526093780994,-0.309426635504,-0.353121548891,0.492560207844,-0.29896441102,-0.358633846045,0.466173827648,-0.0382537171245,-0.358633846045
1776890931.84,0.485881477594,-0.299444913864,0.451259285212,0.486122369766,-0.302552968264,0.355358511209,0.488451898098,-0.307601720095,0.25624358654,0.491662502289,-0.312284052372,0.156363755465,0.495912075043,-0.315672308207,0.0591192319989,0.498960196972,-0.317792326212,-0.0386715382338,0.506990432739,-0.316311895847,-0.136376857758,0.513711869717,-0.313589304686,-0.233537405729,0.52240562439,-0.307451754808,-0.353122204542,0.492560207844,-0.29896441102,-0.358633846045,0.466103136539,-0.0382412597537,-0.358633846045
1776890931.85,0.48718342185,-0.300410062075,0.451151758432,0.487830638885,-0.303230971098,0.354776442051,0.490645706654,-0.306747347116,0.255715250969,0.49430334568,-0.310103654861,0.156339436769,0.498171269894,-0.312516361475,0.0586175248027,0.501035153866,-0.314733952284,-0.0387845486403,0.507823884487,-0.313574433327,-0.137289553881,0.513230264187,-0.312569379807,-0.234662860632,0.520143389702,-0.308200836182,-0.35386261344,0.492560207844,-0.29896441102,-0.358633846045,0.466079413891,-0.0381956137717,-0.358633846045
1776890931.87,0.488579571247,-0.301299899817,0.451096177101,0.490275621414,-0.303694278002,0.354859232903,0.493095934391,-0.305700838566,0.256085753441,0.496957361698,-0.307014614344,0.155766710639,0.501422166824,-0.308846890926,0.058574154973,0.503516256809,-0.310495823622,-0.0388823598623,0.508382499218,-0.309470981359,-0.139129191637,0.512679040432,-0.311043083668,-0.235390484333,0.518222987652,-0.309768617153,-0.354014188051,0.492560207844,-0.29896441102,-0.358633846045,0.466149628162,-0.0382986404002,-0.358633846045
1776890931.88,0.489993929863,-0.302126199007,0.451136380434,0.491152584553,-0.303866475821,0.354323238134,0.4948797822,-0.305192500353,0.256387412548,0.498499453068,-0.305769532919,0.15600258112,0.502498984337,-0.306522905827,0.0583905503154,0.504430830479,-0.308062404394,-0.0391892194748,0.508848667145,-0.308047741652,-0.13893160224,0.512692511082,-0.310109496117,-0.235026806593,0.51732647419,-0.310489565134,-0.354552030563,0.492560207844,-0.29896441102,-0.358633846045,0.466339290142,-0.0381280481815,-0.358633846045
1776890931.9,0.491343140602,-0.302866697311,0.451094925404,0.493238866329,-0.304381281137,0.354158997536,0.497263789177,-0.303530186415,0.255457371473,0.501327931881,-0.302525699139,0.15546657145,0.504962921143,-0.302643299103,0.0583184882998,0.506098091602,-0.303554862738,-0.0397026389837,0.509754121304,-0.304367631674,-0.139293879271,0.512324154377,-0.307346433401,-0.235748440027,0.514789879322,-0.312099397182,-0.355009108782,0.492560207844,-0.29896441102,-0.358633846045,0.466042995453,-0.0383245460689,-0.358633846045
1776890931.91,0.49259185791,-0.30348187685,0.451032549143,0.494841873646,-0.304708808661,0.354550093412,0.498614728451,-0.303339719772,0.255497097969,0.502252340317,-0.301477342844,0.155865311623,0.506085813046,-0.300499469042,0.0583867281675,0.507077693939,-0.30109578371,-0.0399037748575,0.511326491833,-0.302625000477,-0.136748462915,0.512385249138,-0.307241916656,-0.235325545073,0.513915002346,-0.31271481514,-0.354747653008,0.492560207844,-0.29896441102,-0.358633846045,0.465982615948,-0.038264837116,-0.358633846045
1776890931.93,0.493902951479,-0.304099172354,0.450904160738,0.495744287968,-0.304709851742,0.354550719261,0.499688327312,-0.302633106709,0.255603671074,0.503519833088,-0.299762010574,0.155662938952,0.50722694397,-0.298575222492,0.0580495372415,0.507631540298,-0.299826651812,-0.0390396565199,0.511375248432,-0.3011739254,-0.136852443218,0.51201403141,-0.30670362711,-0.235759228468,0.512453138828,-0.312880605459,-0.354894667864,0.492560207844,-0.29896441102,-0.358633846045,0.46599906683,-0.0382652319968,-0.358633846045
1776890931.94,0.495024889708,-0.304612874985,0.450784295797,0.497496724129,-0.304424136877,0.354377150536,0.501714468002,-0.301856189966,0.256341516972,0.505339086056,-0.297754496336,0.155696034431,0.509095191956,-0.296234935522,0.0586628168821,0.509332060814,-0.297337025404,-0.0390176177025,0.511857688427,-0.298826903105,-0.137817531824,0.511002719402,-0.305893599987,-0.235902488232,0.510204255581,-0.31362080574,-0.355261981487,0.492560207844,-0.29896441102,-0.358633846045,0.466061115265,-0.0382016301155,-0.358633846045
1776890931.96,0.496080219746,-0.305059611797,0.450683772564,0.499419152737,-0.304482042789,0.354338109493,0.50333660841,-0.300607085228,0.255850106478,0.506473302841,-0.296463131905,0.155835539103,0.509889602661,-0.294647812843,0.0579712688923,0.509428560734,-0.295713692904,-0.039244145155,0.511864960194,-0.298296391964,-0.137834280729,0.510336697102,-0.305351376534,-0.235715985298,0.508200466633,-0.313237190247,-0.355366945267,0.492560207844,-0.29896441102,-0.358633846045,0.466156244278,-0.038443941623,-0.358633846045
1776890931.97,0.496970325708,-0.305418223143,0.450438559055,0.499852955341,-0.304670006037,0.354267239571,0.503966867924,-0.300539553165,0.255982607603,0.506990790367,-0.296106129885,0.155643165112,0.510007441044,-0.294308841228,0.0580003336072,0.509404063225,-0.29564204812,-0.0391954630613,0.511002123356,-0.297991484404,-0.138945788145,0.509609818459,-0.305101752281,-0.234982728958,0.507721722126,-0.313647925854,-0.354850530624,0.492560207844,-0.29896441102,-0.358633846045,0.466086447239,-0.0381402373314,-0.358633846045
1776890931.99,0.497678369284,-0.30568382144,0.450130224228,0.501184165478,-0.305265039206,0.354054152966,0.504939734936,-0.300851404667,0.25590723753,0.50790053606,-0.296586960554,0.155339732766,0.510119259357,-0.295009195805,0.0578655079007,0.509262502193,-0.296377599239,-0.0394352972507,0.510050177574,-0.29910966754,-0.139376103878,0.50826561451,-0.305600851774,-0.236081749201,0.506004989147,-0.313280045986,-0.354907870293,0.492560207844,-0.29896441102,-0.358633846045,0.466180443764,-0.0382608361542,-0.358633846045
1776890932,0.498241454363,-0.305891036987,0.449663817883,0.501862585545,-0.305493175983,0.353858023882,0.505406200886,-0.301097393036,0.255156874657,0.507952511311,-0.297522753477,0.155354574323,0.510034024715,-0.295524179935,0.0580048635602,0.508947849274,-0.297287642956,-0.0395925045013,0.50946521759,-0.299336463213,-0.138731300831,0.507710397243,-0.30586078763,-0.236038058996,0.50487691164,-0.312211811543,-0.355386316776,0.492560207844,-0.29896441102,-0.358633846045,0.466100752354,-0.0381828583777,-0.358633846045
1776890932.02,0.498753726482,-0.306001573801,0.449072659016,0.502567589283,-0.307005494833,0.353523790836,0.505395710468,-0.302909225225,0.254525899887,0.507576346397,-0.299735873938,0.154696285725,0.509178340435,-0.298425108194,0.0571121647954,0.507730126381,-0.299524128437,-0.0403678566217,0.507862985134,-0.300803244114,-0.139867246151,0.506473243237,-0.305924385786,-0.237114429474,0.503736078739,-0.310848504305,-0.356576174498,0.492560207844,-0.29896441102,-0.358633846045,0.466107964516,-0.0383938774467,-0.358633846045
1776890932.03,0.499139487743,-0.305979788303,0.448530733585,0.50246065855,-0.307691276073,0.353515028954,0.505208969116,-0.304418891668,0.254974842072,0.507226109505,-0.301614373922,0.154344782233,0.508862376213,-0.29977285862,0.0568147450686,0.506950139999,-0.300871700048,-0.0407901704311,0.506900548935,-0.302337050438,-0.140278697014,0.50563532114,-0.305623114109,-0.237999081612,0.503611445427,-0.31022760272,-0.356948018074,0.492560207844,-0.29896441102,-0.358633846045,0.465953707695,-0.0383185222745,-0.358633846045
1776890932.05,0.499501287937,-0.305847048759,0.44789108634,0.502750575542,-0.30851534009,0.352323502302,0.504633188248,-0.306595176458,0.253202736378,0.506251215935,-0.30519080162,0.153504014015,0.507297337055,-0.304227054119,0.0560602992773,0.505317091942,-0.303974241018,-0.0417149215937,0.505442559719,-0.303723722696,-0.141706347466,0.504598021507,-0.30663728714,-0.237675070763,0.502259612083,-0.309006750584,-0.357783347368,0.492560207844,-0.29896441102,-0.358633846045,0.466095626354,-0.0382624417543,-0.358633846045
1776890932.06,0.499771058559,-0.305646032095,0.447444885969,0.50267291069,-0.309075504541,0.352126985788,0.504497468472,-0.308797627687,0.253633379936,0.505785167217,-0.307099670172,0.153198316693,0.506474554539,-0.306149333715,0.0557415187359,0.504574656487,-0.306160777807,-0.042082875967,0.504340410233,-0.305284500122,-0.141994565725,0.503497242928,-0.307082414627,-0.238461881876,0.502146363258,-0.308249264956,-0.358170121908,0.492560207844,-0.29896441102,-0.358633846045,0.466252565384,-0.0383175127208,-0.358633846045
1776890932.08,0.500134050846,-0.305306106806,0.447001725435,0.50267291069,-0.309075504541,0.352126985788,0.504497468472,-0.308797627687,0.253633379936,0.505785167217,-0.307099670172,0.153198316693,0.506474554539,-0.306149333715,0.0557415187359,0.504574656487,-0.306160777807,-0.042082875967,0.504340410233,-0.305284500122,-0.141994565725,0.503497242928,-0.307082414627,-0.238461881876,0.502146363258,-0.308249264956,-0.358170121908,0.492560207844,-0.29896441102,-0.358633846045,0.466225624084,-0.0384131558239,-0.358633846045
1776890932.09,0.500514090061,-0.304957687855,0.44669598341,0.502022027969,-0.310658305883,0.351155281067,0.50258243084,-0.311934173107,0.252389907837,0.502952873707,-0.31212323904,0.151967719197,0.503125548363,-0.312330901623,0.0546579435468,0.501619100571,-0.311266720295,-0.0430046319962,0.501612663269,-0.308706820011,-0.143356651068,0.501274168491,-0.308022856712,-0.240554571152,0.501241445541,-0.305670827627,-0.358946800232,0.492560207844,-0.29896441102,-0.358633846045,0.466164112091,-0.0382835119963,-0.358633846045
1776890932.11,0.5009547472,-0.304536581039,0.446544736624,0.501707136631,-0.310910433531,0.350490361452,0.501350164413,-0.313188433647,0.251396805048,0.501015365124,-0.314508527517,0.151614874601,0.501510679722,-0.315304368734,0.05389855057,0.500060081482,-0.315773129463,-0.0430320799351,0.500006914139,-0.311549186707,-0.14344856143,0.49987924099,-0.309639424086,-0.240776032209,0.500572562218,-0.303758591413,-0.359378963709,0.492560207844,-0.29896441102,-0.358633846045,0.466192007065,-0.0382915176451,-0.358633846045
1776890932.12,0.501453280449,-0.304040700197,0.446527838707,0.501689732075,-0.310989916325,0.350488483906,0.500984251499,-0.313284784555,0.251122742891,0.500368535519,-0.315290778875,0.151321470737,0.500659346581,-0.316566169262,0.0536296218634,0.498746156693,-0.316494852304,-0.0439952611923,0.500301420689,-0.31314393878,-0.142158746719,0.49904936552,-0.309603571892,-0.241630166769,0.50002104044,-0.302878975868,-0.359101325274,0.492560207844,-0.29896441102,-0.358633846045,0.466213226318,-0.0382896438241,-0.358633846045
1776890932.14,0.501909434795,-0.303547143936,0.446614474058,0.501665115356,-0.310683310032,0.350445091724,0.500409841537,-0.313875108957,0.251074790955,0.499356389046,-0.316403210163,0.151234075427,0.498657286167,-0.318038612604,0.0536414757371,0.496786892414,-0.318408757448,-0.044165790081,0.496855676174,-0.314560949802,-0.14436507225,0.497658789158,-0.310261040926,-0.241916656494,0.499794244766,-0.302655607462,-0.359044641256,0.492560207844,-0.29896441102,-0.358633846045,0.46609634161,-0.0381749235094,-0.358633846045
1776890932.15,0.502518236637,-0.302815258503,0.446838378906,0.501624286175,-0.31051659584,0.350261628628,0.50031286478,-0.313887506723,0.251026451588,0.498565077782,-0.316763192415,0.151393353939,0.497987985611,-0.318500965834,0.0535124614835,0.496257781982,-0.31863796711,-0.0440212637186,0.496875226498,-0.314899891615,-0.144006043673,0.497173666954,-0.310597330332,-0.241326272488,0.499622583389,-0.302541226149,-0.359054654837,0.492560207844,-0.29896441102,-0.358633846045,0.466087043285,-0.0382709279656,-0.358633846045
1776890932.17,0.502984762192,-0.302229702473,0.447092354298,0.496371924877,-0.304791778326,0.354635238647,0.500576674938,-0.301974624395,0.256061434746,0.50434076786,-0.299030095339,0.156050801277,0.507830858231,-0.297348469496,0.0582141652703,0.5082269907,-0.297974228859,-0.0392468720675,0.511819064617,-0.299925357103,-0.137765884399,0.51163572073,-0.306205302477,-0.235866576433,0.511344134808,-0.313240736723,-0.354874402285,0.492560207844,-0.29896441102,-0.358633846045,0.466079235077,-0.0383366942406,-0.358633846045
1776890932.18,0.503394126892,-0.301709532738,0.44738560915,0.502786457539,-0.309657365084,0.350361168385,0.500639379025,-0.312991261482,0.251263260841,0.498537421227,-0.315726667643,0.151441335678,0.496913969517,-0.317440778017,0.0541685223579,0.493556559086,-0.31764537096,-0.0446005612612,0.494445800781,-0.314149051905,-0.143800079823,0.495694220066,-0.310053795576,-0.241195499897,0.498370468616,-0.302842289209,-0.359225898981,0.492560207844,-0.29896441102,-0.358633846045,0.466253340244,-0.0384505353868,-0.358633846045
1776890932.2,0.503667533398,-0.301354110241,0.447659492493,0.503363728523,-0.308495759964,0.350873410702,0.501219809055,-0.311526089907,0.251583337784,0.498692810535,-0.313915163279,0.15210609138,0.497081816196,-0.315280914307,0.0538024753332,0.493903279305,-0.315252244473,-0.0434734076262,0.494423508644,-0.311736613512,-0.143839895725,0.495174944401,-0.309003919363,-0.240856379271,0.497836589813,-0.303374707699,-0.358852684498,0.492560207844,-0.29896441102,-0.358633846045,0.466084897518,-0.0382529646158,-0.358633846045
1776890932.21,0.503826141357,-0.301136791706,0.447984367609,0.503737211227,-0.30806145072,0.351085722446,0.501455128193,-0.310304880142,0.251512378454,0.499116063118,-0.312712490559,0.1523091048,0.496946513653,-0.313687622547,0.0544502586126,0.494375765324,-0.314113914967,-0.0432080775499,0.494273006916,-0.310974925756,-0.143460333347,0.495983660221,-0.308725863695,-0.238701879978,0.497275233269,-0.304177552462,-0.359064280987,0.492560207844,-0.29896441102,-0.358633846045,0.46614998579,-0.0382793098688,-0.358633846045
1776890932.23,0.503825366497,-0.301147937775,0.448276668787,0.504455029964,-0.306331545115,0.351181298494,0.502273738384,-0.308158189058,0.252342164516,0.499922394753,-0.308985710144,0.152401715517,0.498118877411,-0.310124456882,0.0549547150731,0.495033323765,-0.310631364584,-0.0424879640341,0.494910657406,-0.308616369963,-0.142600744963,0.49570786953,-0.307964324951,-0.238814771175,0.496103286743,-0.304816514254,-0.358714580536,0.492560207844,-0.29896441102,-0.358633846045,0.466182529926,-0.0384164042771,-0.358633846045
1776890932.24,0.503695428371,-0.301333248615,0.448539882898,0.504698574543,-0.306107580662,0.351366221905,0.503044605255,-0.306473523378,0.251893818378,0.500711560249,-0.30708912015,0.152427360415,0.498787343502,-0.307826966047,0.0547759309411,0.495770514011,-0.308381915092,-0.0422943085432,0.494355499744,-0.307143628597,-0.142746806145,0.495302319527,-0.307537078857,-0.239530175924,0.495526432991,-0.305528521538,-0.358829915524,0.492560207844,-0.29896441102,-0.358633846045,0.466458141804,-0.0382571518421,-0.358633846045
1776890932.26,0.503480017185,-0.30166092515,0.448770076036,0.505107998848,-0.304463237524,0.35139337182,0.503721237183,-0.303796350956,0.252936065197,0.502158820629,-0.30295035243,0.152965351939,0.500656545162,-0.303343266249,0.0552804991603,0.49742436409,-0.304328083992,-0.0424963235855,0.49710381031,-0.304223179817,-0.141209870577,0.495587468147,-0.306666612625,-0.239101916552,0.494732141495,-0.307152926922,-0.358486622572,0.492560207844,-0.29896441102,-0.358633846045,0.466115653515,-0.0382516160607,-0.358633846045
1776890932.27,0.503198087215,-0.302083581686,0.448930114508,0.505254983902,-0.303755164146,0.351536124945,0.504215240479,-0.302582889795,0.252815634012,0.502856194973,-0.301449596882,0.153002858162,0.501973748207,-0.301132500172,0.0551535487175,0.498594641685,-0.302788496017,-0.0411552786827,0.497296273708,-0.303054630756,-0.142639786005,0.496271729469,-0.305555999279,-0.239510148764,0.493528306484,-0.30793607235,-0.358891546726,0.492560207844,-0.29896441102,-0.358633846045,0.466229081154,-0.0384229123592,-0.358633846045
1776890932.29,0.502884566784,-0.302539288998,0.449029624462,0.505310952663,-0.303075730801,0.35211879015,0.505129814148,-0.300567924976,0.253730475903,0.504337668419,-0.298148930073,0.15353821218,0.503841102123,-0.29751086235,0.0560251250863,0.500760793686,-0.298667877913,-0.0418854951859,0.498716473579,-0.300496637821,-0.142076522112,0.49663156271,-0.30510315299,-0.237946182489,0.492858767509,-0.309274703264,-0.357371032238,0.492560207844,-0.29896441102,-0.358633846045,0.466184020042,-0.038347132504,-0.358633846045
1776890932.3,0.502577960491,-0.30298730731,0.449078649282,0.505594849586,-0.302942633629,0.352459877729,0.505795359612,-0.299644440413,0.253588229418,0.505608320236,-0.296593785286,0.153386369348,0.504902124405,-0.295893549919,0.0562545210123,0.500963509083,-0.297646194696,-0.0418758094311,0.499449789524,-0.299642115831,-0.140979200602,0.496712267399,-0.304762482643,-0.23839867115,0.49276971817,-0.309681266546,-0.357069581747,0.492560207844,-0.29896441102,-0.358633846045,0.466113746166,-0.0382969193161,-0.358633846045
1776890932.32,0.50228279829,-0.303394645452,0.449091494083,0.505531013012,-0.302932620049,0.352387338877,0.506567597389,-0.299051851034,0.253874182701,0.506931185722,-0.295218765736,0.153857842088,0.506572723389,-0.293493300676,0.0560024082661,0.502713859081,-0.29497563839,-0.0413154065609,0.500718832016,-0.297534316778,-0.141279757023,0.497084021568,-0.303841739893,-0.237853556871,0.491864562035,-0.31122559309,-0.356871932745,0.492560207844,-0.29896441102,-0.358633846045,0.466158688068,-0.0382435545325,-0.358633846045
1776890932.33,0.502020835876,-0.303693056107,0.44905513525,0.505271553993,-0.30292442441,0.352264761925,0.506832897663,-0.298926502466,0.253498613834,0.507728934288,-0.294554412365,0.153921052814,0.507563054562,-0.293063551188,0.0563795641065,0.503833293915,-0.294505655766,-0.0408981144428,0.501557230949,-0.297027766705,-0.140954583883,0.497563540936,-0.303380697966,-0.237603724003,0.491512537003,-0.311158180237,-0.356949448586,0.492560207844,-0.29896441102,-0.358633846045,0.466183960438,-0.0382115766406,-0.358633846045
1776890932.35,0.501789808273,-0.303899466991,0.448962122202,0.505266785622,-0.303874880075,0.35228395462,0.506893277168,-0.299236416817,0.253822296858,0.508116781712,-0.294709175825,0.153718054295,0.507959723473,-0.292549282312,0.0563423261046,0.504611909389,-0.293470293283,-0.0409554690123,0.501799881458,-0.296179443598,-0.140601992607,0.497992932796,-0.302775710821,-0.237843483686,0.491430640221,-0.311193466187,-0.356628924608,0.492560207844,-0.29896441102,-0.358633846045,0.466172635555,-0.0382795184851,-0.358633846045
1776890932.36,0.501613914967,-0.304026126862,0.448810249567,0.505210995674,-0.304143726826,0.352414548397,0.506646454334,-0.299901127815,0.254043728113,0.508065104485,-0.295245438814,0.153695166111,0.508173048496,-0.29300865531,0.0562619492412,0.504691660404,-0.293640702963,-0.0410319715738,0.502395808697,-0.296691328287,-0.139817237854,0.498085796833,-0.302848011255,-0.237850189209,0.491434693336,-0.311242640018,-0.356825113297,0.492560207844,-0.29896441102,-0.358633846045,0.466090261936,-0.0381918102503,-0.358633846045
1776890932.38,0.501522839069,-0.304040759802,0.448619604111,0.504570543766,-0.305038422346,0.352468550205,0.506384372711,-0.301590979099,0.253789007664,0.507669627666,-0.297598451376,0.153830811381,0.508221745491,-0.2948179245,0.0558453500271,0.504874110222,-0.295275479555,-0.0416138321161,0.502928972244,-0.297810614109,-0.14034062624,0.498448431492,-0.303421616554,-0.238205492496,0.492239654064,-0.311079621315,-0.356644660234,0.492560207844,-0.29896441102,-0.358633846045,0.466095983982,-0.0382556766272,-0.358633846045
1776890932.39,0.501486957073,-0.303946107626,0.448393493891,0.504380524158,-0.305513322353,0.352360248566,0.506150007248,-0.30202677846,0.253972709179,0.507281839848,-0.298570126295,0.153510004282,0.507769823074,-0.296769589186,0.0564295351505,0.504553675652,-0.296660900116,-0.0413393825293,0.502285778522,-0.298395097256,-0.141095072031,0.498419761658,-0.303439974785,-0.238660812378,0.49293500185,-0.310511827469,-0.356520146132,0.492560207844,-0.29896441102,-0.358633846045,0.466133832932,-0.0382512770593,-0.358633846045
1776890932.41,0.501510441303,-0.303713291883,0.448137402534,0.504440963268,-0.306005358696,0.352064371109,0.505294203758,-0.30394205451,0.253530085087,0.506270468235,-0.30103290081,0.153089880943,0.506472826004,-0.299914032221,0.0557247400284,0.503960490227,-0.300583451986,-0.0418359041214,0.501659214497,-0.300842702389,-0.141922563314,0.49864667654,-0.304942220449,-0.238594383001,0.493383944035,-0.30939874053,-0.357290714979,0.492560207844,-0.29896441102,-0.358633846045,0.466102361679,-0.038283392787,-0.358633846045
1776890932.42,0.501613557339,-0.303329348564,0.447861433029,0.504111409187,-0.306268841028,0.351779937744,0.504808008671,-0.304464429617,0.253216803074,0.50576376915,-0.3025572896,0.152955532074,0.505785107613,-0.301699906588,0.0555638298392,0.503893017769,-0.302621424198,-0.0415710508823,0.501187264919,-0.301953196526,-0.142264455557,0.498758673668,-0.305995136499,-0.239439159632,0.494223773479,-0.307803481817,-0.358872056007,0.492560207844,-0.29896441102,-0.358633846045,0.466222643852,-0.0384009480476,-0.358633846045
1776890932.44,0.501809537411,-0.302797436714,0.447554320097,0.503502428532,-0.30660417676,0.351227551699,0.503524184227,-0.30606764555,0.252965450287,0.504078090191,-0.305653303862,0.15292775631,0.504210889339,-0.305604159832,0.0550305098295,0.501471102238,-0.307025879622,-0.0426757782698,0.5001257658,-0.305882155895,-0.142972201109,0.498688697815,-0.306772470474,-0.240017682314,0.496069192886,-0.307182461023,-0.358717441559,0.492560207844,-0.29896441102,-0.358633846045,0.466157793999,-0.0383091457188,-0.358633846045
1776890932.45,0.502052009106,-0.302140831947,0.447232395411,0.503356277943,-0.307138949633,0.351617276669,0.503382027149,-0.306703239679,0.25203114748,0.503168344498,-0.30739954114,0.152791395783,0.502690553665,-0.307681560516,0.0547843500972,0.500481903553,-0.308619618416,-0.0429983586073,0.499758064747,-0.307683318853,-0.142723917961,0.498347520828,-0.307531177998,-0.240753412247,0.497061729431,-0.306443363428,-0.358496725559,0.492560207844,-0.29896441102,-0.358633846045,0.466137707233,-0.0382968075573,-0.358633846045
1776890932.47,0.50233989954,-0.301404476166,0.446915328503,0.50248759985,-0.30995631218,0.350512862206,0.500448763371,-0.313304781914,0.25127017498,0.498363137245,-0.31668099761,0.151408985257,0.497305870056,-0.31809258461,0.0539734140038,0.495904743671,-0.318356484175,-0.0421925783157,0.495315611362,-0.314554899931,-0.144272565842,0.49587059021,-0.31018063426,-0.241395711899,0.498649835587,-0.302532047033,-0.359134018421,0.492560207844,-0.29896441102,-0.358633846045,0.466083347797,-0.0383117944002,-0.358633846045
1776890932.48,0.502622067928,-0.30064868927,0.446646332741,0.502982437611,-0.307777047157,0.35116943717,0.502247333527,-0.308763712645,0.251661479473,0.50162923336,-0.31059601903,0.152521237731,0.501129031181,-0.311441808939,0.0545381456614,0.498899638653,-0.312516033649,-0.0420632809401,0.498816430569,-0.310881525278,-0.143284499645,0.497963190079,-0.308848202229,-0.240550130606,0.498430609703,-0.304595947266,-0.358755797148,0.492560207844,-0.29896441102,-0.358633846045,0.466187119484,-0.0382994227111,-0.358633846045
1776890932.5,0.502846837044,-0.299919009209,0.44642162323,0.502620458603,-0.308178335428,0.350944310427,0.50088351965,-0.31108212471,0.251158773899,0.499439358711,-0.314241141081,0.151734575629,0.498290836811,-0.316060632467,0.0541868433356,0.496234595776,-0.316305041313,-0.0434878021479,0.496799111366,-0.313090324402,-0.144041419029,0.498728632927,-0.309550523758,-0.240454226732,0.501505255699,-0.303663820028,-0.358763337135,0.492560207844,-0.29896441102,-0.358633846045,0.466103315353,-0.0382366254926,-0.358633846045
1776890932.51,0.502971470356,-0.299242824316,0.446230381727,0.502494931221,-0.307891458273,0.350440561771,0.500733733177,-0.311443030834,0.250884979963,0.498750388622,-0.314606070518,0.151407927275,0.49781191349,-0.316629528999,0.0539004281163,0.495636999607,-0.316983014345,-0.0437468141317,0.497807264328,-0.313779950142,-0.142284572124,0.499179542065,-0.309882521629,-0.239646345377,0.5025151968,-0.303412735462,-0.359235554934,0.492560207844,-0.29896441102,-0.358633846045,0.465985298157,-0.0383162982762,-0.358633846045
1776890932.53,0.502931118011,-0.298738449812,0.446060627699,0.502451777458,-0.306982576847,0.350062459707,0.50033301115,-0.311293572187,0.250601649284,0.498101949692,-0.315304994583,0.151380240917,0.496994256973,-0.317324966192,0.0535133033991,0.496530175209,-0.317781478167,-0.0428769141436,0.496940553188,-0.314116925001,-0.144082188606,0.500094413757,-0.30958533287,-0.240458458662,0.503810942173,-0.303694009781,-0.359153568745,0.492560207844,-0.29896441102,-0.358633846045,0.46639829874,-0.0382747687399,-0.358633846045
1776890932.55,0.502780497074,-0.298518270254,0.445962309837,0.502495825291,-0.306458204985,0.349716097116,0.500222206116,-0.310893625021,0.250425100327,0.497999489307,-0.314699590206,0.15102314949,0.497079193592,-0.316904842854,0.0533203184605,0.496296703815,-0.317494630814,-0.0432798564434,0.497028768063,-0.31396907568,-0.144257128239,0.500274777412,-0.309651106596,-0.24063539505,0.504559159279,-0.303557515144,-0.359245568514,0.492560207844,-0.29896441102,-0.358633846045,0.466124176979,-0.0382940135896,-0.358633846045
1776890932.56,0.50214856863,-0.298354774714,0.445783376694,0.502676308155,-0.304931133986,0.349519610405,0.500369012356,-0.309545695782,0.250403821468,0.498374164104,-0.313272058964,0.150620058179,0.49750483036,-0.315319120884,0.0531131178141,0.495977878571,-0.315979033709,-0.0443521589041,0.498850762844,-0.312660068274,-0.143817424774,0.501009404659,-0.309983044863,-0.241458505392,0.505377531052,-0.303523689508,-0.359596997499,0.492560207844,-0.29896441102,-0.358633846045,0.466144740582,-0.0383240245283,-0.358633846045
1776890932.57,0.501214683056,-0.298729658127,0.445651888847,0.502579152584,-0.30388212204,0.349300026894,0.50079369545,-0.30719640851,0.250692099333,0.499575793743,-0.309481531382,0.150384888053,0.499192178249,-0.312679588795,0.0529054328799,0.497710943222,-0.313773751259,-0.0446845442057,0.499829530716,-0.311313569546,-0.143915444613,0.502414703369,-0.30953553319,-0.242353022099,0.506815075874,-0.305190980434,-0.360168814659,0.492560207844,-0.29896441102,-0.358633846045,0.466065943241,-0.0383024141192,-0.358633846045
1776890932.59,0.500260770321,-0.299311041832,0.445558041334,0.502424776554,-0.303538411856,0.349245548248,0.501209199429,-0.305633425713,0.250818639994,0.500305593014,-0.308304905891,0.150136739016,0.500146090984,-0.310340702534,0.0524868220091,0.499051272869,-0.312321931124,-0.0453186035156,0.501290559769,-0.310214668512,-0.144230693579,0.503451943398,-0.308986991644,-0.241624772549,0.507015228271,-0.305908828974,-0.360367834568,0.492560207844,-0.29896441102,-0.358633846045,0.466089129448,-0.0382088534534,-0.358633846045
1776890932.6,0.49887150526,-0.300383120775,0.445522755384,0.502413153648,-0.30305108428,0.349372684956,0.501752972603,-0.304455369711,0.250217795372,0.501375973225,-0.306416243315,0.150171607733,0.501430988312,-0.308271020651,0.0524387508631,0.50045800209,-0.310643941164,-0.0449755042791,0.501861870289,-0.30964282155,-0.144787013531,0.50396668911,-0.308530420065,-0.241927951574,0.507238328457,-0.306398898363,-0.360724657774,0.492560207844,-0.29896441102,-0.358633846045,0.466072618961,-0.0382519289851,-0.358633846045
1776890932.62,0.49727293849,-0.301785945892,0.445517331362,0.501757204533,-0.302484750748,0.34958088398,0.502339780331,-0.301742166281,0.249401554465,0.503123402596,-0.302677869797,0.150194182992,0.503975450993,-0.30370336771,0.0522509589791,0.502515912056,-0.305838644505,-0.0454086661339,0.50426286459,-0.305734574795,-0.145226508379,0.506201088428,-0.307599693537,-0.242969512939,0.507791638374,-0.308077216148,-0.360898375511,0.492560207844,-0.29896441102,-0.358633846045,0.466123521328,-0.0382298603654,-0.358633846045
1776890932.63,0.495474427938,-0.303495585918,0.445633232594,0.501757204533,-0.302484750748,0.34958088398,0.502339780331,-0.301742166281,0.249401554465,0.503123402596,-0.302677869797,0.150194182992,0.503975450993,-0.30370336771,0.0522509589791,0.502515912056,-0.305838644505,-0.0454086661339,0.50426286459,-0.305734574795,-0.145226508379,0.506201088428,-0.307599693537,-0.242969512939,0.507791638374,-0.308077216148,-0.360898375511,0.492560207844,-0.29896441102,-0.358633846045,0.466255366802,-0.0383701436222,-0.358633846045
1776890932.65,0.493550628424,-0.305359989405,0.445825815201,0.499934017658,-0.301748126745,0.348674416542,0.502786338329,-0.299560308456,0.249912112951,0.505572676659,-0.297300577164,0.149873659015,0.507612168789,-0.29715064168,0.0526224449277,0.50739210844,-0.299281477928,-0.0445420742035,0.509161829948,-0.300752013922,-0.144639998674,0.508957326412,-0.304757744074,-0.242429077625,0.508680462837,-0.309940844774,-0.360818088055,0.492560207844,-0.29896441102,-0.358633846045,0.466162025928,-0.0382452793419,-0.358633846045
1776890932.66,0.491573065519,-0.307272404432,0.446018218994,0.49906873703,-0.302293509245,0.348939269781,0.502618849277,-0.299071967602,0.24996522069,0.505618572235,-0.296232104301,0.149937570095,0.508506596088,-0.295311063528,0.0526662096381,0.509228050709,-0.296899586916,-0.044450044632,0.511036276817,-0.2986086905,-0.142487972975,0.510184288025,-0.304731637239,-0.241534292698,0.509069800377,-0.311183363199,-0.360759884119,0.492560207844,-0.29896441102,-0.358633846045,0.466062664986,-0.0382603369653,-0.358633846045
1776890932.68,0.489676624537,-0.309032618999,0.446213245392,0.497242808342,-0.303729891777,0.348838120699,0.501934409142,-0.299080133438,0.250619113445,0.506173372269,-0.294664531946,0.150622040033,0.510342657566,-0.292374640703,0.052905805409,0.511076390743,-0.294026196003,-0.0436108708382,0.512964308262,-0.296290129423,-0.143301695585,0.512054383755,-0.303383111954,-0.240817278624,0.509830832481,-0.312566637993,-0.359815955162,0.492560207844,-0.29896441102,-0.358633846045,0.466014862061,-0.0382830798626,-0.358633846045
1776890932.69,0.487962990999,-0.310510367155,0.446423113346,0.502950251102,-0.308066546917,0.351240694523,0.501727461815,-0.309832304716,0.25162640214,0.500478684902,-0.312058746815,0.152180060744,0.500123023987,-0.313661903143,0.0543720498681,0.497921526432,-0.314272552729,-0.0434707552195,0.497578144073,-0.311473190784,-0.14343687892,0.497962534428,-0.309062838554,-0.240794181824,0.499549388885,-0.303848385811,-0.35896718502,0.492560207844,-0.29896441102,-0.358633846045,0.466127753258,-0.0383727103472,-0.358633846045
1776890932.71,0.486621141434,-0.311578243971,0.446684658527,0.494122624397,-0.306943535805,0.349977254868,0.499820947647,-0.300504714251,0.250700443983,0.505837380886,-0.294979721308,0.151605814695,0.511058926582,-0.291202783585,0.0544185861945,0.512473583221,-0.291557222605,-0.043460547924,0.515197098255,-0.294442743063,-0.141969263554,0.513680279255,-0.303140521049,-0.23941257596,0.511642694473,-0.313033878803,-0.358706504107,0.492560207844,-0.29896441102,-0.358633846045,0.461287856102,-0.0437216684222,-0.358633846045
1776890932.72,0.485448122025,-0.312404423952,0.447011530399,0.493196904659,-0.308152645826,0.349986046553,0.499191761017,-0.301884502172,0.252072989941,0.505297005177,-0.295334845781,0.151910498738,0.511343002319,-0.291232168674,0.0549693480134,0.51227170229,-0.291543364525,-0.0433035492897,0.515677630901,-0.294557362795,-0.141486942768,0.514232993126,-0.302973210812,-0.239652484655,0.512187898159,-0.313147157431,-0.358523011208,0.492560207844,-0.29896441102,-0.358633846045,0.462120175362,-0.0415552183986,-0.358633846045
1776890932.74,0.484775602818,-0.312709450722,0.447413444519,0.490869045258,-0.309866428375,0.350434869528,0.497048854828,-0.304062098265,0.252374529839,0.503265440464,-0.297547310591,0.152158886194,0.509505808353,-0.29377835989,0.0547388717532,0.511761724949,-0.294263422489,-0.0428493022919,0.515472352505,-0.296475380659,-0.140483140945,0.515027403831,-0.303203105927,-0.239230513573,0.51402848959,-0.312247544527,-0.358134418726,0.492560207844,-0.29896441102,-0.358633846045,0.459365844727,-0.0322193056345,-0.358633846045
1776890932.75,0.484500318766,-0.312617242336,0.447826296091,0.490048766136,-0.310779005289,0.350722193718,0.495989620686,-0.305157035589,0.252333045006,0.502508401871,-0.299134343863,0.152038499713,0.508763074875,-0.295494019985,0.0556982532144,0.511194169521,-0.295844763517,-0.0418150871992,0.5150000453,-0.296891331673,-0.140306353569,0.514933943748,-0.303409218788,-0.239210486412,0.515275239944,-0.311362445354,-0.357543826103,0.492560207844,-0.29896441102,-0.358633846045,0.461909115314,-0.0424947552383,-0.358633846045
1776890932.77,0.484573066235,-0.312198132277,0.44822588563,0.488531470299,-0.311654508114,0.350749850273,0.49375462532,-0.307823181152,0.252161800861,0.499468505383,-0.303300261497,0.152495667338,0.505360484123,-0.300295323133,0.0552933216095,0.508379936218,-0.299810320139,-0.0424400269985,0.513521790504,-0.300448507071,-0.139646798372,0.514758348465,-0.305231720209,-0.238782346249,0.517378628254,-0.309697240591,-0.357622772455,0.492560207844,-0.29896441102,-0.358633846045,0.456978023052,-0.0279602762312,-0.358633846045
1776890932.78,0.484966278076,-0.311438381672,0.448631346226,0.488321185112,-0.312352627516,0.35138374567,0.492739021778,-0.308754235506,0.252106308937,0.497652292252,-0.305451691151,0.152347788215,0.503799200058,-0.302792668343,0.0554841086268,0.507053732872,-0.302538722754,-0.0424613207579,0.512120008469,-0.302001982927,-0.140368372202,0.515170514584,-0.305659294128,-0.238400638103,0.518405079842,-0.309475630522,-0.357774734497,0.492560207844,-0.29896441102,-0.358633846045,0.45857667923,-0.0293399747461,-0.358633846045
1776890932.8,0.485599845648,-0.310395359993,0.448911160231,0.487549901009,-0.313128471375,0.351675659418,0.490653514862,-0.31216442585,0.253139555454,0.495093643665,-0.310004979372,0.152709499002,0.500018656254,-0.308807760477,0.0556745231152,0.503801286221,-0.308554530144,-0.0422111600637,0.509879231453,-0.306436210871,-0.14129152894,0.514277160168,-0.307885974646,-0.238096356392,0.520441889763,-0.307581841946,-0.356971502304,0.492560207844,-0.29896441102,-0.358633846045,0.466141998768,-0.0383192114532,-0.358633846045
1776890932.81,0.486377805471,-0.309094250202,0.449069261551,0.487420141697,-0.313620179892,0.35188126564,0.490161180496,-0.313241660595,0.25359159708,0.493519842625,-0.312291711569,0.153009697795,0.498119771481,-0.311809539795,0.0566506162286,0.501438260078,-0.31124868989,-0.0423633307219,0.507776260376,-0.308657675982,-0.141039013863,0.513838648796,-0.309008657932,-0.238089680672,0.521606326103,-0.305950760841,-0.357041805983,0.492560207844,-0.29896441102,-0.358633846045,0.466291189194,-0.0385677218437,-0.358633846045
1776890932.83,0.487212121487,-0.307717382908,0.449121683836,0.487389206886,-0.313775509596,0.35202562809,0.489178776741,-0.315729916096,0.253681600094,0.490911900997,-0.316799521446,0.15353628993,0.495085299015,-0.317780673504,0.0561853349209,0.498125195503,-0.3171890378,-0.041926920414,0.505080103874,-0.313619703054,-0.141296744347,0.512534499168,-0.309922665358,-0.237714916468,0.523449957371,-0.30421552062,-0.355894625187,0.492560207844,-0.29896441102,-0.358633846045,0.46613663435,-0.0381971001625,-0.358633846045
1776890932.84,0.488078385592,-0.306324541569,0.449105381966,0.487627208233,-0.313932031393,0.352229773998,0.488839805126,-0.317144602537,0.253880649805,0.490321457386,-0.318211168051,0.153308525681,0.493328809738,-0.320083141327,0.0564875602722,0.497084140778,-0.319718718529,-0.040201202035,0.504650592804,-0.315568983555,-0.139205545187,0.513299643993,-0.311709076166,-0.236074358225,0.524192154408,-0.303484261036,-0.355135977268,0.492560207844,-0.29896441102,-0.358633846045,0.466145992279,-0.0381811149418,-0.358633846045
1776890932.86,0.488927185535,-0.30492413044,0.449027091265,0.488297224045,-0.31380084157,0.352640926838,0.488416314125,-0.31823694706,0.253686606884,0.489145278931,-0.321956217289,0.153889626265,0.49159091711,-0.323547720909,0.0562822595239,0.494160532951,-0.323287516832,-0.0413347929716,0.502861440182,-0.318841665983,-0.139336854219,0.512890398502,-0.312953680754,-0.235648930073,0.525367379189,-0.3023262918,-0.354445755482,0.492560207844,-0.29896441102,-0.358633846045,0.466082751751,-0.0382109358907,-0.358633846045
1776890932.87,0.489729702473,-0.303536355495,0.448866516352,0.488808810711,-0.313442379236,0.352689146996,0.488264977932,-0.318959385157,0.253786891699,0.488577961922,-0.322656661272,0.154191598296,0.490992069244,-0.325101554394,0.056211926043,0.493528902531,-0.32537856698,-0.041389003396,0.501717448235,-0.318624854088,-0.140626072884,0.512937784195,-0.313296049833,-0.235368609428,0.52607101202,-0.302059143782,-0.354097664356,0.492560207844,-0.29896441102,-0.358633846045,0.466115057468,-0.038270868361,-0.358633846045
1776890932.89,0.49036949873,-0.302354842424,0.448674231768,0.489386320114,-0.312379479408,0.352735310793,0.488727927208,-0.318586140871,0.253374040127,0.488388538361,-0.323558807373,0.15419049561,0.490631520748,-0.326861828566,0.056503020227,0.493586838245,-0.326812982559,-0.0411342978477,0.501663863659,-0.320846289396,-0.140350282192,0.51249563694,-0.313817590475,-0.235336780548,0.525937616825,-0.302020937204,-0.353902488947,0.492560207844,-0.29896441102,-0.358633846045,0.466110944748,-0.0383483432233,-0.358633846045
1776890932.9,0.490922808647,-0.301246762276,0.448419034481,0.489738821983,-0.311621397734,0.352367609739,0.489062488079,-0.318263232708,0.254063904285,0.488526284695,-0.323442906141,0.15406139195,0.490880727768,-0.326663017273,0.0561594665051,0.49410289526,-0.326654434204,-0.0398944765329,0.501663863659,-0.320846289396,-0.140350282192,0.512720823288,-0.314058214426,-0.235374540091,0.525904357433,-0.30215331912,-0.354114145041,0.492560207844,-0.29896441102,-0.358633846045,0.466112017632,-0.0383350476623,-0.358633846045
1776890932.92,0.491357445717,-0.300232708454,0.448108881712,0.491012990475,-0.309676855803,0.352344959974,0.489743709564,-0.316137909889,0.25317466259,0.490097522736,-0.32181417942,0.153849422932,0.492145359516,-0.32513615489,0.0559532120824,0.495554089546,-0.325953364372,-0.0399129241705,0.503013253212,-0.320133298635,-0.140536785126,0.512923300266,-0.313818633556,-0.237002909184,0.524846196175,-0.303261220455,-0.354665249586,0.492560207844,-0.29896441102,-0.358633846045,0.466215789318,-0.0384739264846,-0.358633846045
1776890932.93,0.491616845131,-0.299493908882,0.447776764631,0.491416096687,-0.308761924505,0.351854383945,0.490898907185,-0.315197885036,0.253562867641,0.491372585297,-0.32024294138,0.153500586748,0.49372279644,-0.324098140001,0.0564278140664,0.496911585331,-0.324415326118,-0.0409753024578,0.503866732121,-0.319785952568,-0.140795916319,0.513297200203,-0.313944458961,-0.237188816071,0.524259567261,-0.303620189428,-0.355126976967,0.492560207844,-0.29896441102,-0.358633846045,0.46620029211,-0.0384076721966,-0.358633846045
1776890932.95,0.491709858179,-0.299051851034,0.447463095188,0.492514491081,-0.306455850601,0.351255506277,0.492882907391,-0.311908334494,0.253407120705,0.494227647781,-0.316722780466,0.153067722917,0.496971189976,-0.319550603628,0.0553061142564,0.499105453491,-0.320909023285,-0.0423112213612,0.50570255518,-0.316932737827,-0.141229867935,0.51337492466,-0.313356608152,-0.237794488668,0.523004591465,-0.305796653032,-0.356742322445,0.492560207844,-0.29896441102,-0.358633846045,0.466286182404,-0.0385039113462,-0.358633846045
1776890932.96,0.491692721844,-0.298819959164,0.447140812874,0.493129849434,-0.305647879839,0.351560771465,0.494131088257,-0.309744864702,0.252325534821,0.495617985725,-0.313628464937,0.152728050947,0.498643636703,-0.316816180944,0.0550844073296,0.500827670097,-0.318445146084,-0.0422642529011,0.506654083729,-0.315143197775,-0.142204076052,0.513825714588,-0.313449114561,-0.238207489252,0.522030174732,-0.306576997042,-0.357248038054,0.492560207844,-0.29896441102,-0.358633846045,0.465911448002,-0.0382941178977,-0.358633846045
1776890932.98,0.491573512554,-0.298842579126,0.446896135807,0.494051575661,-0.302942156792,0.350730538368,0.496558248997,-0.305983185768,0.252205610275,0.499463498592,-0.307871371508,0.151649788022,0.502744734287,-0.31093120575,0.055022329092,0.504411101341,-0.312497615814,-0.0434845685959,0.50995028019,-0.312245875597,-0.141586869955,0.514186620712,-0.311598360538,-0.239164412022,0.519924342632,-0.309562712908,-0.358333349228,0.492560207844,-0.29896441102,-0.358633846045,0.466175615788,-0.0382664985955,-0.358633846045
1776890932.99,0.491423368454,-0.298976451159,0.446729362011,0.494051575661,-0.302942156792,0.350730538368,0.496558248997,-0.305983185768,0.252205610275,0.499463498592,-0.307871371508,0.151649788022,0.502744734287,-0.31093120575,0.055022329092,0.504411101341,-0.312497615814,-0.0434845685959,0.50995028019,-0.312245875597,-0.141586869955,0.514186620712,-0.311598360538,-0.239164412022,0.519924342632,-0.309562712908,-0.358333349228,0.492560207844,-0.29896441102,-0.358633846045,0.46620118618,-0.0383488051593,-0.358633846045
1776890933.01,0.491302698851,-0.299180209637,0.446629464626,0.495704770088,-0.300391882658,0.350026547909,0.500128567219,-0.299719244242,0.251492351294,0.504889845848,-0.299576878548,0.151476040483,0.508918642998,-0.300239264965,0.054012618959,0.510475873947,-0.3030590415,-0.0436690300703,0.513882339001,-0.304997622967,-0.142331331968,0.515163421631,-0.309404104948,-0.239797264338,0.516636133194,-0.313482105732,-0.35907921195,0.492560207844,-0.29896441102,-0.358633846045,0.466145932674,-0.03821047768,-0.358633846045
1776890933.02,0.491245180368,-0.299397021532,0.446604579687,0.495887637138,-0.299326449633,0.349862933159,0.501309871674,-0.298041880131,0.251373827457,0.506176352501,-0.296718537807,0.151195034385,0.510796844959,-0.29699164629,0.0540039539337,0.511986851692,-0.300002515316,-0.0427271723747,0.515178024769,-0.302477627993,-0.142002403736,0.515362679958,-0.308907598257,-0.239763021469,0.515153646469,-0.314822614193,-0.359703302383,0.492560207844,-0.29896441102,-0.358633846045,0.466189205647,-0.0381690785289,-0.358633846045
1776890933.04,0.491247564554,-0.2995467484,0.446586430073,0.496787011623,-0.298317790031,0.350036382675,0.502709388733,-0.294850260019,0.251204848289,0.508139789104,-0.291709542274,0.151395946741,0.513470590115,-0.291403710842,0.0539266318083,0.5144084692,-0.294376403093,-0.0431677848101,0.516311407089,-0.298636585474,-0.142944902182,0.515615880489,-0.30664819479,-0.23981782794,0.513090670109,-0.317129462957,-0.358973950148,0.492560207844,-0.29896441102,-0.358633846045,0.466305553913,-0.038514316082,-0.358633846045
1776890933.05,0.491342812777,-0.299570858479,0.446598142385,0.496927678585,-0.29812052846,0.350087940693,0.503093481064,-0.293888241053,0.25180208683,0.509198665619,-0.290106862783,0.151988655329,0.51441681385,-0.28927230835,0.0544219762087,0.515181481838,-0.291551440954,-0.04388679564,0.517183244228,-0.296904414892,-0.142856180668,0.515423178673,-0.306084066629,-0.239715725183,0.512582421303,-0.317954003811,-0.358268499374,0.492560207844,-0.29896441102,-0.358633846045,0.46629601717,-0.0383979566395,-0.358633846045
1776890933.07,0.491614103317,-0.299429476261,0.446649163961,0.48744225502,-0.313806265593,0.352004349232,0.489366710186,-0.31430748105,0.253040313721,0.492184817791,-0.314944446087,0.153303593397,0.496392786503,-0.314674049616,0.0555554777384,0.498258292675,-0.314487606287,-0.042853936553,0.50687789917,-0.31102257967,-0.140877246857,0.513914525509,-0.309592068195,-0.236943244934,0.522453129292,-0.304931610823,-0.35663408041,0.492560207844,-0.29896441102,-0.358633846045,0.466126084328,-0.0382814891636,-0.358633846045
1776890933.08,0.492089241743,-0.299160629511,0.44676849246,0.497035443783,-0.297528028488,0.350146204233,0.503575742245,-0.292043417692,0.251961529255,0.509848296642,-0.286925494671,0.151449352503,0.515168368816,-0.285980015993,0.0545608773828,0.51613676548,-0.288566887379,-0.043258368969,0.518322944641,-0.294731169939,-0.141974419355,0.515098690987,-0.305463671684,-0.238513410091,0.510777533054,-0.319228827953,-0.357696861029,0.492560207844,-0.29896441102,-0.358633846045,0.466138005257,-0.0382935591042,-0.358633846045
1776890933.1,0.49283438921,-0.298751860857,0.4470051229,0.497246146202,-0.297098308802,0.350164234638,0.503043830395,-0.291210651398,0.251705884933,0.509186148643,-0.286010056734,0.151695877314,0.514349639416,-0.284141868353,0.0546656474471,0.51491355896,-0.286519646645,-0.0427203625441,0.516905605793,-0.293555259705,-0.140092521906,0.513649761677,-0.304986298084,-0.239046543837,0.509090900421,-0.319883316755,-0.357157379389,0.492560207844,-0.29896441102,-0.358633846045,0.466115891933,-0.0382496006787,-0.358633846045
1776890933.11,0.493752598763,-0.298238933086,0.447290152311,0.497253596783,-0.297095179558,0.350159615278,0.502861618996,-0.291644990444,0.251713573933,0.508409559727,-0.286318987608,0.151566967368,0.513320982456,-0.284543931484,0.0545278117061,0.513981640339,-0.287151664495,-0.0431072562933,0.51551502943,-0.293341875076,-0.141575455666,0.512857377529,-0.305231183767,-0.238676458597,0.508984327316,-0.31948697567,-0.357481718063,0.492560207844,-0.29896441102,-0.358633846045,0.466131985188,-0.0382317267358,-0.358633846045
1776890933.13,0.494701206684,-0.297720253468,0.447566062212,0.49746799469,-0.296601772308,0.349971115589,0.502283632755,-0.292553991079,0.251562416553,0.506550848484,-0.288497298956,0.151963710785,0.51076900959,-0.287068754435,0.054337464273,0.511414408684,-0.289960563183,-0.0428571403027,0.512929201126,-0.295340418816,-0.142269283533,0.511391222477,-0.30539304018,-0.239453881979,0.508828997612,-0.318579167128,-0.357782572508,0.492560207844,-0.29896441102,-0.358633846045,0.466142356396,-0.038340780884,-0.358633846045
1776890933.14,0.496140211821,-0.297023504972,0.448029369116,0.497301757336,-0.296897053719,0.350026905537,0.502633690834,-0.292021334171,0.251520991325,0.507368862629,-0.287719190121,0.151866465807,0.512107789516,-0.285492986441,0.0546339154243,0.512927949429,-0.28831782937,-0.0426426976919,0.514728307724,-0.293724119663,-0.141974598169,0.51227748394,-0.305219948292,-0.23894494772,0.508939862251,-0.319117873907,-0.357431292534,0.492560207844,-0.29896441102,-0.358633846045,0.466163694859,-0.0383324287832,-0.358633846045
1776890933.16,0.497549593449,-0.29642984271,0.448447823524,0.49895966053,-0.298251152039,0.35140901804,0.500771641731,-0.295782655478,0.252552479506,0.502897083759,-0.293517142534,0.151958554983,0.505673468113,-0.293937265873,0.0547736212611,0.505250096321,-0.296514719725,-0.0428784042597,0.507526159286,-0.299862802029,-0.142594665289,0.508455097675,-0.307452946901,-0.239044487476,0.508925974369,-0.315693497658,-0.358463734388,0.492560207844,-0.29896441102,-0.358633846045,0.466204285622,-0.0383935347199,-0.358633846045
1776890933.17,0.499031603336,-0.295891940594,0.448902845383,0.499329209328,-0.298436462879,0.351638913155,0.500506103039,-0.296956837177,0.253023505211,0.501727998257,-0.29615187645,0.15234169364,0.503727316856,-0.296677201986,0.055257588625,0.503627598286,-0.299407213926,-0.0416455566883,0.505687057972,-0.30193439126,-0.142738699913,0.507062733173,-0.308011174202,-0.237466067076,0.509222209454,-0.314111441374,-0.35806670785,0.492560207844,-0.29896441102,-0.358633846045,0.466117620468,-0.0382855013013,-0.358633846045
1776890933.19,0.500561833382,-0.295510202646,0.449308335781,0.499933600426,-0.298803508282,0.351987928152,0.499757111073,-0.299527436495,0.252812027931,0.49941444397,-0.300380498171,0.153021097183,0.500330984592,-0.302478998899,0.055606327951,0.499556779861,-0.3049300313,-0.0426341146231,0.502510309219,-0.305977851152,-0.141403049231,0.504660189152,-0.309259295464,-0.239019423723,0.509650528431,-0.311950773001,-0.357586473227,0.492560207844,-0.29896441102,-0.358633846045,0.466085612774,-0.0382215492427,-0.358633846045
1776890933.2,0.501949310303,-0.295321464539,0.449771165848,0.500128686428,-0.299220442772,0.352019250393,0.499378681183,-0.301540762186,0.253783941269,0.49882632494,-0.302877634764,0.15365691483,0.498649060726,-0.305021673441,0.0557448714972,0.49753677845,-0.30757445097,-0.0421574264765,0.500557899475,-0.308473676443,-0.141678780317,0.504159927368,-0.310288757086,-0.238859891891,0.509372413158,-0.310488343239,-0.356948584318,0.492560207844,-0.29896441102,-0.358633846045,0.466107666492,-0.0382668562233,-0.358633846045
1776890933.22,0.503706932068,-0.295283168554,0.450329184532,0.499604821205,-0.298271298409,0.351574361324,0.499995470047,-0.298565506935,0.253026992083,0.500688374043,-0.298450797796,0.15304094553,0.50175344944,-0.299322396517,0.0551545619965,0.501767396927,-0.302262067795,-0.0422421246767,0.504141509533,-0.304101526737,-0.142541378736,0.506378412247,-0.308925509453,-0.238157659769,0.509445428848,-0.313180446625,-0.357798695564,0.492560207844,-0.29896441102,-0.358633846045,0.466161072254,-0.0383182801306,-0.358633846045
1776890933.23,0.505142271519,-0.295501738787,0.45079061389,0.502158641815,-0.301636129618,0.35354924202,0.499306261539,-0.305404365063,0.254070043564,0.496754765511,-0.309330105782,0.15464784205,0.495538175106,-0.312633067369,0.0572812110186,0.494286835194,-0.314791500568,-0.040009945631,0.497917234898,-0.313117086887,-0.139259815216,0.501624584198,-0.310832232237,-0.237632870674,0.508566498756,-0.306734323502,-0.355563402176,0.492560207844,-0.29896441102,-0.358633846045,0.466260194778,-0.0380894616246,-0.358633846045
1776890933.25,0.5064458251,-0.295922487974,0.451178401709,0.503744542599,-0.302908837795,0.354320883751,0.499664068222,-0.308165580034,0.255263775587,0.496036946774,-0.31284853816,0.155601650476,0.494573414326,-0.316517233849,0.057905472815,0.4934694767,-0.318721741438,-0.0394950658083,0.496598899364,-0.315632641315,-0.138739675283,0.501100480556,-0.312001556158,-0.235845863819,0.507226228714,-0.304481327534,-0.354572862387,0.492560207844,-0.29896441102,-0.358633846045,0.466133058071,-0.0382565259933,-0.358633846045
1776890933.26,0.50737631321,-0.296364039183,0.451407760382,0.504345834255,-0.303114682436,0.35411670804,0.500327050686,-0.309242099524,0.255744636059,0.496426165104,-0.314303487539,0.15593251586,0.494848012924,-0.317522287369,0.0583264455199,0.493289530277,-0.319384425879,-0.0397142320871,0.496419727802,-0.315863460302,-0.138584405184,0.500229895115,-0.311835318804,-0.235026746988,0.506652951241,-0.304166167974,-0.354385375977,0.492560207844,-0.29896441102,-0.358633846045,0.466125607491,-0.0384035408497,-0.358633846045
1776890933.28,0.508606791496,-0.297188073397,0.451764643192,0.50525611639,-0.303933084011,0.354481577873,0.500809311867,-0.30978167057,0.255684018135,0.49716347456,-0.315198391676,0.156512498856,0.495137512684,-0.318564534187,0.0584657043219,0.492892026901,-0.319682091475,-0.0393861681223,0.496419727802,-0.315863460302,-0.138584405184,0.499975681305,-0.312172234058,-0.234746992588,0.506217420101,-0.303675174713,-0.3537735641,0.492560207844,-0.29896441102,-0.358633846045,0.466204285622,-0.0383691117167,-0.358633846045
1776890933.29,0.509437739849,-0.297985076904,0.452044427395,0.507223308086,-0.305157214403,0.355230212212,0.503131091595,-0.311212927103,0.256785333157,0.498999595642,-0.316191583872,0.156899884343,0.496778309345,-0.319242298603,0.0592729821801,0.494891762733,-0.320194125175,-0.0387421995401,0.496586322784,-0.316409379244,-0.138472795486,0.499450623989,-0.311627835035,-0.23499250412,0.504240870476,-0.302271097898,-0.353178471327,0.492560207844,-0.29896441102,-0.358633846045,0.466132164001,-0.0383885279298,-0.358633846045
1776890933.31,0.510084271431,-0.298808246851,0.45224827528,0.509205937386,-0.306231528521,0.355663090944,0.505844414234,-0.311289012432,0.256455391645,0.502493441105,-0.315376222134,0.157394364476,0.499968111515,-0.317880630493,0.0593380630016,0.497378647327,-0.318523228168,-0.0385949760675,0.497228264809,-0.31446275115,-0.138456285,0.498504459858,-0.31018781662,-0.235799282789,0.502702951431,-0.30242946744,-0.353499770164,0.492560207844,-0.29896441102,-0.358633846045,0.466406643391,-0.0382842421532,-0.358633846045
1776890933.32,0.510544121265,-0.299692779779,0.452419102192,0.510148048401,-0.30662587285,0.356127619743,0.507483124733,-0.310958564281,0.257158756256,0.504205405712,-0.314585566521,0.157260686159,0.501607656479,-0.316538453102,0.0594184920192,0.498370885849,-0.317839115858,-0.0384165048599,0.498647034168,-0.313596725464,-0.137223780155,0.500039517879,-0.309399008751,-0.234493553638,0.501795232296,-0.30242177844,-0.353451281786,0.492560207844,-0.29896441102,-0.358633846045,0.466033577919,-0.0381717011333,-0.358633846045
1776890933.34,0.510779380798,-0.300679892302,0.452537298203,0.512021124363,-0.306635499001,0.355773031712,0.510296106339,-0.309919446707,0.257068574429,0.508016526699,-0.312173604965,0.1571983248,0.505573987961,-0.313545137644,0.0596314892173,0.501722812653,-0.31414860487,-0.0383087992668,0.501753926277,-0.311450153589,-0.135948687792,0.499559819698,-0.308364480734,-0.235093772411,0.499376237392,-0.302637755871,-0.353621155024,0.492560207844,-0.29896441102,-0.358633846045,0.466394305229,-0.0382834486663,-0.358633846045
1776890933.35,0.510735332966,-0.301726609468,0.452623665333,0.513315200806,-0.306923121214,0.356194108725,0.513085544109,-0.308585107327,0.257364034653,0.511929750443,-0.308899074793,0.15734051168,0.509851753712,-0.309512555599,0.0597839578986,0.505732119083,-0.31009837985,-0.0384545922279,0.50284922123,-0.307343661785,-0.138486504555,0.500733375549,-0.306755006313,-0.235148876905,0.497084438801,-0.30359312892,-0.353524714708,0.492560207844,-0.29896441102,-0.358633846045,0.466167747974,-0.038312099874,-0.358633846045
1776890933.37,0.510345518589,-0.302914470434,0.452612131834,0.513995885849,-0.306627988815,0.356209337711,0.51407045126,-0.306767433882,0.256862521172,0.513629555702,-0.306987255812,0.156980827451,0.512053608894,-0.307196170092,0.0599157437682,0.507062792778,-0.307450026274,-0.0386865139008,0.504478275776,-0.305710315704,-0.137731552124,0.50056630373,-0.30565354228,-0.235011965036,0.496067404747,-0.303884118795,-0.353691637516,0.492560207844,-0.29896441102,-0.358633846045,0.466210305691,-0.0384638532996,-0.358633846045
1776890933.38,0.509669184685,-0.304176658392,0.452539414167,0.514603316784,-0.306323707104,0.356149971485,0.515306890011,-0.306531965733,0.257758647203,0.51495718956,-0.305267602205,0.156906455755,0.514326393604,-0.304936408997,0.0596639961004,0.510345339775,-0.305243045092,-0.0376096218824,0.506577074528,-0.303988516331,-0.137866795063,0.501669466496,-0.304878532887,-0.234827250242,0.494968116283,-0.30446985364,-0.353942960501,0.492560207844,-0.29896441102,-0.358633846045,0.466163814068,-0.0383209697902,-0.358633846045
1776890933.4,0.508792102337,-0.305419296026,0.452391982079,0.51497387886,-0.306304454803,0.355821967125,0.51661413908,-0.304558575153,0.257635086775,0.517913997173,-0.302179634571,0.157289549708,0.517551124096,-0.300402224064,0.0595693066716,0.512615323067,-0.301053255796,-0.038350045681,0.509940564632,-0.300535619259,-0.135697394609,0.502429902554,-0.303367704153,-0.23410141468,0.494023501873,-0.305663496256,-0.353457838297,0.492560207844,-0.29896441102,-0.358633846045,0.466121375561,-0.0382122136652,-0.358633846045
1776890933.41,0.507778286934,-0.306656450033,0.452167212963,0.514915823936,-0.306260049343,0.355815052986,0.517566382885,-0.304234653711,0.25754326582,0.518707275391,-0.300538629293,0.157274127007,0.518480598927,-0.298947900534,0.0598686784506,0.514362514019,-0.299054175615,-0.0376172959805,0.511416912079,-0.29857134819,-0.136169612408,0.502893984318,-0.30242806673,-0.234687119722,0.49298542738,-0.305959373713,-0.35336047411,0.492560207844,-0.29896441102,-0.358633846045,0.4661064744,-0.038281980902,-0.358633846045
1776890933.43,0.506663799286,-0.307779639959,0.451878815889,0.514800131321,-0.306356847286,0.355643510818,0.51786917448,-0.303155213594,0.25761026144,0.519576370716,-0.298962891102,0.15715098381,0.519797742367,-0.296972960234,0.0596664696932,0.515466451645,-0.297179043293,-0.0375526845455,0.511049866676,-0.297970622778,-0.137448608875,0.503404915333,-0.301670223475,-0.23425719142,0.49214297533,-0.305617839098,-0.35432612896,0.492560207844,-0.29896441102,-0.358633846045,0.466122210026,-0.0382074452937,-0.358633846045
1776890933.44,0.505495905876,-0.308686494827,0.451506465673,0.513887882233,-0.307406276464,0.355933785439,0.517919957638,-0.301826238632,0.256672412157,0.520196855068,-0.297040432692,0.157088577747,0.521038174629,-0.294364124537,0.0596981272101,0.51673322916,-0.294714480639,-0.0368040800095,0.513104498386,-0.295291900635,-0.135946720839,0.50426441431,-0.301133781672,-0.233329415321,0.491797566414,-0.306339025497,-0.353755176067,0.492560207844,-0.29896441102,-0.358633846045,0.46612393856,-0.0382633917034,-0.358633846045
1776890933.46,0.50437271595,-0.309338778257,0.451063096523,0.514204800129,-0.306726157665,0.35563325882,0.518031001091,-0.302131354809,0.256734579802,0.520092368126,-0.298018276691,0.157219737768,0.520655751228,-0.295296698809,0.0597933679819,0.516499817371,-0.295341610909,-0.0378926247358,0.512305319309,-0.296221256256,-0.135168641806,0.503717660904,-0.301309853792,-0.234191775322,0.491836428642,-0.306258112192,-0.353720039129,0.492560207844,-0.29896441102,-0.358633846045,0.466144025326,-0.0381838679314,-0.358633846045
1776890933.47,0.503318965435,-0.309772104025,0.450565963984,0.512411296368,-0.3077249825,0.35523557663,0.516523182392,-0.301458209753,0.255944252014,0.519864320755,-0.296111315489,0.157155886292,0.520880937576,-0.29262176156,0.0591347441077,0.516833782196,-0.29259210825,-0.0382938981056,0.511862754822,-0.294307470322,-0.137326002121,0.503957748413,-0.29993763566,-0.234536170959,0.492557525635,-0.306594967842,-0.353387117386,0.492560207844,-0.29896441102,-0.358633846045,0.46615165472,-0.0382507555187,-0.358633846045
1776890933.49,0.502358078957,-0.309930443764,0.449998706579,0.509900033474,-0.309816211462,0.355057656765,0.513585865498,-0.303539812565,0.256087332964,0.516609847546,-0.297128379345,0.156546115875,0.517976760864,-0.293540239334,0.0585306733847,0.5144790411,-0.292527496815,-0.0386488437653,0.511090874672,-0.294257700443,-0.138502836227,0.504039943218,-0.299541890621,-0.235392093658,0.494676530361,-0.305920988321,-0.353925973177,0.492560207844,-0.29896441102,-0.358633846045,0.466122210026,-0.038276758045,-0.358633846045
1776890933.5,0.501469373703,-0.309770613909,0.449379146099,0.511692285538,-0.308927416801,0.355327069759,0.515962660313,-0.301759421825,0.256009548903,0.519088029861,-0.296291083097,0.157126799226,0.519928872585,-0.29255759716,0.0588616132736,0.516118407249,-0.292426913977,-0.0382229536772,0.512206912041,-0.2940980196,-0.13701325655,0.504014849663,-0.299738794565,-0.234676361084,0.493292927742,-0.306445717812,-0.353250682354,0.492560207844,-0.29896441102,-0.358633846045,0.466100156307,-0.0382285788655,-0.358633846045
1776890933.52,0.500688552856,-0.309331387281,0.448682487011,0.505874037743,-0.311141490936,0.353721797466,0.508564293385,-0.305663377047,0.254287779331,0.510599076748,-0.301051944494,0.155258670449,0.512339890003,-0.297459483147,0.0579809844494,0.509668588638,-0.296445637941,-0.0402078181505,0.508554279804,-0.296199291945,-0.138891875744,0.503982543945,-0.300328463316,-0.236515015364,0.49730360508,-0.304076552391,-0.356513381004,0.492560207844,-0.29896441102,-0.358633846045,0.466153800488,-0.0384068116546,-0.358633846045
1776890933.53,0.500030577183,-0.308712989092,0.448074996471,0.504925131798,-0.311446368694,0.353566735983,0.506526768208,-0.306347042322,0.253842890263,0.508533298969,-0.30268061161,0.154703170061,0.509582519531,-0.299050360918,0.0569254085422,0.507872164249,-0.298032820225,-0.0404917448759,0.506669938564,-0.297798842192,-0.14043867588,0.503926515579,-0.301045775414,-0.236702382565,0.499422371387,-0.30391985178,-0.356268614531,0.492560207844,-0.29896441102,-0.358633846045,0.465876698494,-0.0382425040007,-0.358633846045
1776890933.55,0.499340295792,-0.307755738497,0.447303771973,0.502310752869,-0.31111690402,0.352027475834,0.502915501595,-0.308707088232,0.253118991852,0.503805339336,-0.305807590485,0.15332749486,0.504583179951,-0.30349817872,0.05590159446,0.50378793478,-0.302508413792,-0.0398201346397,0.503719091415,-0.300644040108,-0.141962647438,0.502692818642,-0.301693856716,-0.238634437323,0.501686692238,-0.301961660385,-0.357631832361,0.492560207844,-0.29896441102,-0.358633846045,0.46616756916,-0.0382788553834,-0.358633846045
1776890933.56,0.499040126801,-0.307185232639,0.446923643351,0.500917136669,-0.310765028,0.351488411427,0.501207709312,-0.309738576412,0.253291100264,0.501401603222,-0.307529628277,0.15271358192,0.502330362797,-0.306083738804,0.0560373961926,0.502254009247,-0.304741233587,-0.0401893556118,0.501935958862,-0.302329391241,-0.142370969057,0.50228869915,-0.301997214556,-0.240132689476,0.503215253353,-0.301220297813,-0.358332931995,0.492560207844,-0.29896441102,-0.358633846045,0.466073334217,-0.0382703281939,-0.358633846045
1776890933.58,0.498513042927,-0.305974155664,0.446193009615,0.507396101952,-0.310495048761,0.353869378567,0.510194540024,-0.304693430662,0.25526458025,0.51287072897,-0.299405783415,0.155384495854,0.514502286911,-0.295837253332,0.0580934211612,0.511645317078,-0.294691294432,-0.0400349497795,0.510229468346,-0.295112013817,-0.136810690165,0.504161655903,-0.299677729607,-0.236101776361,0.496314406395,-0.305008918047,-0.355551809072,0.492560207844,-0.29896441102,-0.358633846045,0.466049015522,-0.0383344851434,-0.358633846045
1776890933.59,0.498107016087,-0.305010169744,0.445648193359,0.499402940273,-0.311220020056,0.350805342197,0.498060166836,-0.311128765345,0.252324461937,0.497178077698,-0.310973405838,0.152070775628,0.497104525566,-0.310100853443,0.054347679019,0.49643099308,-0.309423983097,-0.0436559617519,0.499182283878,-0.305705964565,-0.142665028572,0.502012848854,-0.303423911333,-0.23978382349,0.50599527359,-0.299211591482,-0.358848571777,0.492560207844,-0.29896441102,-0.358633846045,0.466106176376,-0.0384118817747,-0.358633846045
1776890933.61,0.49765637517,-0.304079204798,0.445191800594,0.496776759624,-0.31033244729,0.349448204041,0.49419426918,-0.312721639872,0.251111000776,0.492445290089,-0.314566493034,0.150862365961,0.491621732712,-0.315279573202,0.0528659969568,0.490707159042,-0.314579159021,-0.0445100218058,0.495584368706,-0.310146808624,-0.143474191427,0.501637518406,-0.305719941854,-0.240361332893,0.510018646717,-0.297306120396,-0.358743190765,0.492560207844,-0.29896441102,-0.358633846045,0.466181218624,-0.0383321270347,-0.358633846045
1776890933.62,0.497120410204,-0.303213953972,0.444733977318,0.496502578259,-0.310443848372,0.349456787109,0.493389725685,-0.313131004572,0.250747740269,0.490907430649,-0.31509026885,0.150202870369,0.490264296532,-0.316621571779,0.0529247820377,0.489278078079,-0.31601074338,-0.0449819266796,0.494418859482,-0.311366736889,-0.144593924284,0.501990914345,-0.305846124887,-0.24062910676,0.510953903198,-0.297175705433,-0.358842104673,0.492560207844,-0.29896441102,-0.358633846045,0.466160833836,-0.0382835157216,-0.358633846045
1776890933.64,0.496471852064,-0.302477926016,0.444387704134,0.495437085629,-0.309629112482,0.348624229431,0.491961836815,-0.313396692276,0.249908819795,0.489183425903,-0.316086798906,0.149735227227,0.488585352898,-0.317924946547,0.0522126182914,0.487828493118,-0.317750453949,-0.0462119281292,0.494061231613,-0.312830865383,-0.145445942879,0.502867102623,-0.306939721107,-0.240453183651,0.512816011906,-0.296441227198,-0.360321462154,0.492560207844,-0.29896441102,-0.358633846045,0.466152191162,-0.0383176580071,-0.358633846045
1776890933.65,0.495700418949,-0.301884651184,0.444110542536,0.494769394398,-0.308895409107,0.348056674004,0.491433560848,-0.313004732132,0.249426692724,0.48868906498,-0.316077709198,0.14915907383,0.488313257694,-0.318259596825,0.0521889775991,0.48798763752,-0.318137258291,-0.0462261885405,0.494483947754,-0.312548667192,-0.144510805607,0.50280892849,-0.307119131088,-0.240601837635,0.513094842434,-0.296622484922,-0.360338956118,0.492560207844,-0.29896441102,-0.358633846045,0.46620196104,-0.0383642017841,-0.358633846045
1776890933.67,0.494881957769,-0.301396846771,0.443881779909,0.493913173676,-0.307730823755,0.347705423832,0.490921676159,-0.311821043491,0.249331906438,0.488715529442,-0.315304100513,0.149080216885,0.488588511944,-0.317303180695,0.0509615391493,0.488687098026,-0.316895008087,-0.0470401346684,0.495195269585,-0.312196016312,-0.146210551262,0.503183484077,-0.307115763426,-0.241687744856,0.51376414299,-0.297241061926,-0.360449612141,0.492560207844,-0.29896441102,-0.358633846045,0.466094613075,-0.0383330620825,-0.358633846045
1776890933.68,0.493871629238,-0.300909131765,0.443656623363,0.493764340878,-0.307277560234,0.34756475687,0.490958809853,-0.310910075903,0.249176710844,0.489640474319,-0.314499616623,0.149010181427,0.489712119102,-0.316657572985,0.0514734610915,0.490078389645,-0.316364943981,-0.0463026314974,0.496164739132,-0.311454117298,-0.145579397678,0.503833711147,-0.306502580643,-0.242188185453,0.513894915581,-0.298039078712,-0.3606133461,0.492560207844,-0.29896441102,-0.358633846045,0.46620452404,-0.0383350215852,-0.358633846045
1776890933.7,0.492910146713,-0.300552815199,0.443515568972,0.493075609207,-0.305726438761,0.347163200378,0.491772294044,-0.309191614389,0.248661279678,0.491306483746,-0.31162711978,0.148500964046,0.492304086685,-0.313348650932,0.0506990253925,0.493296980858,-0.313525944948,-0.0467205345631,0.498761534691,-0.309621065855,-0.145668536425,0.506144404411,-0.306386470795,-0.242017477751,0.514378786087,-0.300115168095,-0.361363559961,0.492560207844,-0.29896441102,-0.358633846045,0.466100156307,-0.0383182354271,-0.358633846045
1776890933.71,0.492056071758,-0.300263464451,0.443436682224,0.492894768715,-0.305132091045,0.347233951092,0.492425560951,-0.30764862895,0.247972428799,0.492309987545,-0.309946030378,0.148311823606,0.493959069252,-0.311127722263,0.0505062788725,0.495092391968,-0.311947822571,-0.0472493767738,0.499361693859,-0.307548969984,-0.146688312292,0.506126821041,-0.306022256613,-0.242618590593,0.513850152493,-0.300840049982,-0.361882984638,0.492560207844,-0.29896441102,-0.358633846045,0.466056585312,-0.0382511205971,-0.358633846045
1776890933.73,0.490876287222,-0.299927681684,0.443368732929,0.49273866415,-0.303076773882,0.346748530865,0.493744134903,-0.304394245148,0.248252406716,0.495287179947,-0.305419743061,0.147799924016,0.497562170029,-0.30629375577,0.0503955036402,0.498972833157,-0.30726519227,-0.0474426448345,0.503109335899,-0.305735349655,-0.14719170332,0.507238030434,-0.30481800437,-0.244231462479,0.513421475887,-0.302339553833,-0.362679719925,0.492560207844,-0.29896441102,-0.358633846045,0.46612739563,-0.0382599532604,-0.358633846045
1776890933.74,0.489846915007,-0.299709349871,0.443362772465,0.492634356022,-0.303678631783,0.346559524536,0.492946207523,-0.3061427176,0.247702568769,0.493885457516,-0.307796835899,0.147829815745,0.495782077312,-0.308987259865,0.0506214499474,0.497359752655,-0.309680581093,-0.0470506846905,0.501597940922,-0.307428598404,-0.147063404322,0.506462454796,-0.305730134249,-0.244001835585,0.513540148735,-0.301333814859,-0.362233608961,0.492560207844,-0.29896441102,-0.358633846045,0.466148734093,-0.0382807776332,-0.358633846045
1776890933.76,0.48888579011,-0.299610197544,0.443454563618,0.492646634579,-0.300777256489,0.346651822329,0.495866835117,-0.299531519413,0.248089939356,0.499374628067,-0.298452824354,0.147754654288,0.503729224205,-0.29883685708,0.0502124726772,0.504711747169,-0.300626814365,-0.0471665710211,0.508141756058,-0.300424277782,-0.146770298481,0.509508132935,-0.303442209959,-0.243869036436,0.512160301208,-0.306262999773,-0.362695872784,0.492560207844,-0.29896441102,-0.358633846045,0.466116249561,-0.03828619048,-0.358633846045
1776890933.77,0.487978875637,-0.299609810114,0.443564683199,0.492499828339,-0.299874871969,0.347126722336,0.496532320976,-0.298029601574,0.247634485364,0.501127660275,-0.296484649181,0.148124650121,0.505421459675,-0.296325087547,0.0504546687007,0.50673365593,-0.29845893383,-0.0469654351473,0.509306907654,-0.299251228571,-0.147258102894,0.510698199272,-0.302708864212,-0.24412432313,0.511331915855,-0.307206124067,-0.363154798746,0.492560207844,-0.29896441102,-0.358633846045,0.466163158417,-0.0383701063693,-0.358633846045
1776890933.79,0.487164318562,-0.299653023481,0.443760633469,0.492577135563,-0.297962069511,0.346493244171,0.49756783247,-0.294906973839,0.247402116656,0.503187894821,-0.292615503073,0.148220434785,0.508234024048,-0.292160332203,0.0506767556071,0.509962081909,-0.293824166059,-0.0468554198742,0.51285636425,-0.296181917191,-0.145947962999,0.511609613895,-0.302150428295,-0.243740588427,0.510633289814,-0.308926552534,-0.362624526024,0.492560207844,-0.29896441102,-0.358633846045,0.466045081615,-0.038195323199,-0.358633846045
1776890933.8,0.486511617899,-0.299710214138,0.443962961435,0.492448508739,-0.297552138567,0.346748352051,0.498201727867,-0.293810129166,0.247688472271,0.504061877728,-0.291077107191,0.148496583104,0.509258449078,-0.290287315845,0.0508061945438,0.510533213615,-0.292073428631,-0.0467834174633,0.513020575047,-0.295518964529,-0.146331965923,0.51232790947,-0.302205532789,-0.242696195841,0.510442435741,-0.309780836105,-0.362335979939,0.492560207844,-0.29896441102,-0.358633846045,0.466103076935,-0.0382413305342,-0.358633846045
1776890933.82,0.486128270626,-0.299788355827,0.444167137146,0.492083787918,-0.297160744667,0.346725344658,0.498612165451,-0.293522179127,0.248458474874,0.504619717598,-0.289959907532,0.148722156882,0.510109186172,-0.288851201534,0.0509743466973,0.511462330818,-0.29102152586,-0.0464417934418,0.514429926872,-0.293918222189,-0.144162535667,0.512742936611,-0.302044004202,-0.242130994797,0.510379552841,-0.310376793146,-0.361937224865,0.492560207844,-0.29896441102,-0.358633846045,0.466112017632,-0.0382909141481,-0.358633846045
1776890933.83,0.485800594091,-0.299986332655,0.444594800472,0.491782188416,-0.296761095524,0.347534656525,0.498118817806,-0.291445910931,0.247963190079,0.505287766457,-0.287882715464,0.148292273283,0.510681211948,-0.286702930927,0.0517382696271,0.512071549892,-0.288953244686,-0.0460820049047,0.514974296093,-0.293023943901,-0.143854290247,0.51308465004,-0.301322549582,-0.242521166801,0.510893404484,-0.311800092459,-0.360439956188,0.492560207844,-0.29896441102,-0.358633846045,0.466108798981,-0.0382663458586,-0.358633846045
1776890933.85,0.485683768988,-0.300244182348,0.444982111454,0.491099238396,-0.296870440245,0.348010361195,0.497530043125,-0.291695982218,0.248843878508,0.504372656345,-0.287633985281,0.148850157857,0.510331690311,-0.286077529192,0.0518102422357,0.511775672436,-0.28853315115,-0.0456759035587,0.514332294464,-0.292665362358,-0.143310695887,0.513079345226,-0.301674515009,-0.241561889648,0.511131227016,-0.312037974596,-0.360062360764,0.492560207844,-0.29896441102,-0.358633846045,0.466158688068,-0.0383656360209,-0.358633846045
1776890933.86,0.485689222813,-0.300480812788,0.445317178965,0.490704059601,-0.296836286783,0.347703576088,0.497064828873,-0.292182743549,0.249489381909,0.503311932087,-0.288199663162,0.149646311998,0.50953567028,-0.286336958408,0.0520848184824,0.511143624783,-0.288762271404,-0.0455605983734,0.514642357826,-0.29348102212,-0.142378360033,0.5131701231,-0.30201870203,-0.241155833006,0.511299312115,-0.312014430761,-0.359869241714,0.492560207844,-0.29896441102,-0.358633846045,0.466206848621,-0.0382063388824,-0.358633846045
1776890933.88,0.485744446516,-0.30068308115,0.445568621159,0.490078806877,-0.297358095646,0.348163992167,0.495792210102,-0.292880028486,0.249584391713,0.50122988224,-0.289683699608,0.150056481361,0.506801724434,-0.288213431835,0.0521478652954,0.508685648441,-0.290224969387,-0.0451294928789,0.51277756691,-0.294300556183,-0.142761677504,0.512407958508,-0.302474915981,-0.241079300642,0.51208615303,-0.311529636383,-0.36018627882,0.492560207844,-0.29896441102,-0.358633846045,0.466108798981,-0.0382221825421,-0.358633846045
1776890933.89,0.485882937908,-0.300937950611,0.445863008499,0.490023851395,-0.298332601786,0.349033355713,0.495158195496,-0.294126629829,0.249976709485,0.500421583652,-0.290872007608,0.150174900889,0.505359172821,-0.289929986,0.0528256222606,0.507244944572,-0.291854411364,-0.0448361635208,0.512146830559,-0.295422762632,-0.141950041056,0.512284219265,-0.302442401648,-0.24120336771,0.512447297573,-0.310947567225,-0.360121697187,0.492560207844,-0.29896441102,-0.358633846045,0.466138064861,-0.0383127108216,-0.358633846045
1776890933.91,0.486076623201,-0.30108293891,0.446024686098,0.489582479,-0.29926392436,0.348740458488,0.493350803852,-0.296812742949,0.250666886568,0.497127771378,-0.293864637613,0.150134399533,0.502210557461,-0.29339402914,0.0527572631836,0.504274189472,-0.294964492321,-0.044942393899,0.508468747139,-0.297866433859,-0.14442256093,0.51059705019,-0.303314954042,-0.242031604052,0.514002740383,-0.309954583645,-0.359613001347,0.492560207844,-0.29896441102,-0.358633846045,0.466487526894,-0.0382362753153,-0.358633846045
1776890933.92,0.486342340708,-0.301136553288,0.446111738682,0.489180505276,-0.299810916185,0.348742604256,0.492453455925,-0.297490209341,0.249886795878,0.496191620827,-0.295784652233,0.150344476104,0.500489532948,-0.295398890972,0.0526460707188,0.502568185329,-0.297046303749,-0.0446285009384,0.50720000267,-0.298987835646,-0.143855512142,0.510234594345,-0.304363042116,-0.241420269012,0.514713287354,-0.309253573418,-0.359602063894,0.492560207844,-0.29896441102,-0.358633846045,0.46631115675,-0.0385906361043,-0.358633846045
1776890933.94,0.48664572835,-0.301118165255,0.446127593517,0.488522291183,-0.301255494356,0.348990350962,0.490978300571,-0.300856202841,0.251002877951,0.49342161417,-0.300395101309,0.150457218289,0.496542036533,-0.300011217594,0.0531886592507,0.498953461647,-0.30192437768,-0.0447704643011,0.503753662109,-0.301680266857,-0.144108474255,0.508848547935,-0.304628700018,-0.241331547499,0.515161037445,-0.307334572077,-0.359279215336,0.492560207844,-0.29896441102,-0.358633846045,0.466197252274,-0.0382940135896,-0.358633846045
1776890933.95,0.486909240484,-0.301041096449,0.446022599936,0.488405287266,-0.301548838615,0.349210441113,0.490146577358,-0.302429199219,0.251051723957,0.49212795496,-0.301918804646,0.150574401021,0.49535369873,-0.30258205533,0.0537911728024,0.497054100037,-0.303995758295,-0.0447820574045,0.50326693058,-0.304315119982,-0.142612338066,0.508334994316,-0.305935293436,-0.240443736315,0.516030550003,-0.306734293699,-0.360197395086,0.492560207844,-0.29896441102,-0.358633846045,0.466146707535,-0.0383003093302,-0.358633846045
1776890933.97,0.487144529819,-0.300933152437,0.44591370225,0.488103568554,-0.302752882242,0.349583745003,0.489735901356,-0.303674161434,0.251114606857,0.491035282612,-0.303898066282,0.150495916605,0.493857324123,-0.305384069681,0.0536596924067,0.495053768158,-0.30632776022,-0.0446871817112,0.501400589943,-0.305316120386,-0.144311547279,0.507955849171,-0.306769996881,-0.240452319384,0.516196489334,-0.305798500776,-0.359620571136,0.492560207844,-0.29896441102,-0.358633846045,0.466146767139,-0.0382928140461,-0.358633846045
1776890933.98,0.487415760756,-0.300859212875,0.445775300264,0.487918078899,-0.304185152054,0.349517524242,0.488267660141,-0.306175857782,0.250161468983,0.489227294922,-0.308162838221,0.15052305162,0.491125464439,-0.309376955032,0.052743896842,0.493482291698,-0.310663580894,-0.0446813255548,0.500161468983,-0.30859670043,-0.143198907375,0.506857693195,-0.307572484016,-0.240319103003,0.516471207142,-0.304278105497,-0.35929825902,0.492560207844,-0.29896441102,-0.358633846045,0.466171681881,-0.0382719412446,-0.358633846045
1776890934,0.487649738789,-0.300903409719,0.445656806231,0.487772285938,-0.304578125477,0.349142551422,0.487823307514,-0.307045727968,0.249787643552,0.488278567791,-0.309701740742,0.150397822261,0.490345418453,-0.311351925135,0.0529661476612,0.492312014103,-0.312494546175,-0.0449839830399,0.49892526865,-0.30994912982,-0.144108712673,0.506632804871,-0.307889044285,-0.241056084633,0.516390919685,-0.303717881441,-0.359302192926,0.492560207844,-0.29896441102,-0.358633846045,0.465995311737,-0.0382476076484,-0.358633846045
1776890934.01,0.487831443548,-0.301082462072,0.445561140776,0.487660884857,-0.305482387543,0.348917663097,0.486819028854,-0.309515625238,0.249892264605,0.487119317055,-0.313442587852,0.15068615973,0.489330530167,-0.3154758811,0.0525832548738,0.490810275078,-0.316133528948,-0.04511757195,0.497241556644,-0.312075287104,-0.144810289145,0.505693614483,-0.309528023005,-0.240408062935,0.515627086163,-0.302402228117,-0.359255552292,0.492560207844,-0.29896441102,-0.358633846045,0.466150045395,-0.0383019559085,-0.358633846045
1776890934.03,0.487943708897,-0.301372647285,0.445502519608,0.487779855728,-0.305513203144,0.348762750626,0.486983418465,-0.309772133827,0.249935254455,0.487216293812,-0.313610941172,0.150450497866,0.489392220974,-0.316242724657,0.0526620596647,0.490954577923,-0.31674259901,-0.0452596843243,0.497768104076,-0.312978625298,-0.144175112247,0.505494356155,-0.309445410967,-0.240190297365,0.515064120293,-0.301911950111,-0.358925789595,0.492560207844,-0.29896441102,-0.358633846045,0.466117501259,-0.038321249187,-0.358633846045
1776890934.04,0.488044559956,-0.301830291748,0.445491820574,0.488191783428,-0.305976837873,0.348997950554,0.487299859524,-0.310059607029,0.249783545732,0.487450182438,-0.313962459564,0.15021045506,0.489600121975,-0.316478937864,0.05259437114,0.491361200809,-0.317232847214,-0.0457834750414,0.498126387596,-0.313276261091,-0.144080340862,0.505746543407,-0.309869170189,-0.240298390388,0.5143648386,-0.301801949739,-0.359363436699,0.492560207844,-0.29896441102,-0.358633846045,0.466126680374,-0.0382162854075,-0.358633846045
1776890934.06,0.488181442022,-0.30241009593,0.445558637381,0.488744497299,-0.306257337332,0.34898763895,0.48846244812,-0.309930920601,0.249614387751,0.48935765028,-0.313404530287,0.149813905358,0.491078853607,-0.315824300051,0.0524772405624,0.493325471878,-0.316841155291,-0.0449719578028,0.4989554286,-0.312736004591,-0.144162267447,0.505253493786,-0.309412330389,-0.240439683199,0.513119935989,-0.301986396313,-0.359924346209,0.492560207844,-0.29896441102,-0.358633846045,0.466265797615,-0.0384488366544,-0.358633846045
1776890934.07,0.48840585351,-0.303068995476,0.445682823658,0.489125967026,-0.306471049786,0.349208682775,0.489444732666,-0.309651702642,0.249631941319,0.490323483944,-0.312995105982,0.149762257934,0.492506682873,-0.315410852432,0.052668467164,0.493827581406,-0.316162973642,-0.0453416109085,0.499467611313,-0.31244507432,-0.144340366125,0.505211174488,-0.309448063374,-0.240379333496,0.512000620365,-0.302708208561,-0.360024482012,0.492560207844,-0.29896441102,-0.358633846045,0.466091573238,-0.0382576584816,-0.358633846045
1776890934.09,0.488760054111,-0.303738802671,0.445940047503,0.489904522896,-0.306877285242,0.349193423986,0.490997314453,-0.309015780687,0.250209599733,0.492675840855,-0.310936957598,0.149679079652,0.495054483414,-0.312536656857,0.0525705739856,0.495945811272,-0.313420802355,-0.0451941788197,0.498911798,-0.310154616833,-0.145181566477,0.504509150982,-0.308660060167,-0.24100446701,0.509942531586,-0.302868723869,-0.360509902239,0.492560207844,-0.29896441102,-0.358633846045,0.466110050678,-0.0382930710912,-0.358633846045
1776890934.1,0.489179253578,-0.304380714893,0.446239441633,0.490319132805,-0.30681848526,0.349103987217,0.4921028018,-0.308475017548,0.250365585089,0.494435727596,-0.309722930193,0.149744510651,0.49640005827,-0.310885816813,0.0524065047503,0.497751414776,-0.31207460165,-0.0442868471146,0.500835835934,-0.309557706118,-0.144497066736,0.504508912563,-0.308679252863,-0.24097147584,0.509035885334,-0.303614675999,-0.360521405935,0.492560207844,-0.29896441102,-0.358633846045,0.466105520725,-0.0382355712354,-0.358633846045
1776890934.12,0.489724785089,-0.304975390434,0.446659982204,0.491409301758,-0.306992918253,0.349697142839,0.493837296963,-0.30754879117,0.250710457563,0.49645781517,-0.307195991278,0.15008354187,0.499334275723,-0.307765424252,0.0532138869166,0.499922811985,-0.307928085327,-0.0449828952551,0.501575469971,-0.306216955185,-0.144994199276,0.503873407841,-0.306376427412,-0.242285639048,0.506690919399,-0.305336683989,-0.360433846712,0.492560207844,-0.29896441102,-0.358633846045,0.46592181921,-0.0383314341307,-0.358633846045
1776890934.13,0.490392893553,-0.305480092764,0.447187095881,0.491873145103,-0.306889533997,0.349672913551,0.494964003563,-0.306803286076,0.251085847616,0.497337400913,-0.30571475625,0.150690153241,0.500303328037,-0.305554747581,0.0529807880521,0.501004755497,-0.306509524584,-0.0441122949123,0.503938674927,-0.305271178484,-0.142992585897,0.504386007786,-0.305599719286,-0.241417855024,0.505473911762,-0.305607706308,-0.360636562109,0.492560207844,-0.29896441102,-0.358633846045,0.466087162495,-0.0382131002843,-0.358633846045
1776890934.15,0.491226017475,-0.305872321129,0.447835505009,0.493230044842,-0.306955188513,0.350231707096,0.496354758739,-0.305062353611,0.250980645418,0.49925839901,-0.303093135357,0.151328504086,0.502366960049,-0.302064418793,0.0535814389586,0.502822220325,-0.302127867937,-0.0439898222685,0.504449486732,-0.301776885986,-0.143434673548,0.504310965538,-0.304780334234,-0.240585148335,0.502921104431,-0.307385206223,-0.360265821218,0.492560207844,-0.29896441102,-0.358633846045,0.466163516045,-0.038188315928,-0.358633846045
1776890934.16,0.491979748011,-0.306076020002,0.448370754719,0.493601799011,-0.30696117878,0.350562512875,0.496928751469,-0.304161220789,0.251282811165,0.500206708908,-0.301924824715,0.15142378211,0.503397881985,-0.300128132105,0.0538434460759,0.503253400326,-0.30040743947,-0.043394997716,0.504590988159,-0.301002413034,-0.14305126667,0.50414031744,-0.304546177387,-0.240291982889,0.502318680286,-0.308237284422,-0.358746379614,0.492560207844,-0.29896441102,-0.358633846045,0.466206908226,-0.0384437069297,-0.358633846045
1776890934.18,0.493257164955,-0.30607226491,0.44917756319,0.495046019554,-0.306560099125,0.351116240025,0.49819278717,-0.303311377764,0.252360224724,0.501490831375,-0.299946576357,0.15254189074,0.504417896271,-0.29762840271,0.0551318079233,0.504278659821,-0.297904938459,-0.0426234304905,0.504456341267,-0.298764109612,-0.14195483923,0.503061115742,-0.303085207939,-0.239407420158,0.50011575222,-0.309083670378,-0.358603894711,0.492560207844,-0.29896441102,-0.358633846045,0.466242074966,-0.03830800578,-0.358633846045
1776890934.19,0.494447141886,-0.305835306644,0.449808359146,0.495947539806,-0.306566357613,0.35161998868,0.499118685722,-0.303129911423,0.253031015396,0.502003014088,-0.298764258623,0.152924641967,0.505007624626,-0.296612262726,0.0553596913815,0.50434833765,-0.296792268753,-0.0416470617056,0.504598140717,-0.298415958881,-0.141636639833,0.502601742744,-0.30329439044,-0.239012032747,0.499469697475,-0.310014367104,-0.357697069645,0.492560207844,-0.29896441102,-0.358633846045,0.466160416603,-0.0383296869695,-0.358633846045
1776890934.21,0.495543807745,-0.305460602045,0.450424909592,0.497705996037,-0.306707859039,0.352920413017,0.5001770854,-0.3026894629,0.254466176033,0.502859711647,-0.297899723053,0.154078006744,0.504983246326,-0.295411586761,0.0566453710198,0.503921866417,-0.29602304101,-0.0412527620792,0.503929078579,-0.297839611769,-0.140451282263,0.501559555531,-0.303612023592,-0.237557262182,0.498203992844,-0.310263872147,-0.356548696756,0.492560207844,-0.29896441102,-0.358633846045,0.46619540453,-0.038250464946,-0.358633846045
1776890934.22,0.496990382671,-0.304759293795,0.451143831015,0.498056352139,-0.306337624788,0.352814733982,0.50097900629,-0.302483737469,0.254806637764,0.502937078476,-0.297827064991,0.154249176383,0.504942238331,-0.295432150364,0.0569506362081,0.503089308739,-0.295961171389,-0.0410864204168,0.502845644951,-0.298118501902,-0.140577584505,0.50126850605,-0.303554475307,-0.236809909344,0.497624695301,-0.310086280107,-0.355682462454,0.492560207844,-0.29896441102,-0.358633846045,0.466245353222,-0.0382690355182,-0.358633846045
1776890934.24,0.498115092516,-0.304063498974,0.451654434204,0.500004827976,-0.306018769741,0.353810966015,0.501838564873,-0.302467644215,0.255610704422,0.503207564354,-0.298591583967,0.15539817512,0.503960311413,-0.2965747118,0.0581229776144,0.501904726028,-0.297223836184,-0.0399271398783,0.501670837402,-0.298743486404,-0.139746427536,0.499356329441,-0.303579300642,-0.236923247576,0.497118532658,-0.310134232044,-0.355562329292,0.492560207844,-0.29896441102,-0.358633846045,0.466241717339,-0.0382862724364,-0.358633846045
1776890934.25,0.499633967876,-0.302925556898,0.452232211828,0.501271784306,-0.306261509657,0.354917347431,0.502281665802,-0.302722513676,0.255343914032,0.502422094345,-0.300013333559,0.155960023403,0.502765655518,-0.298566639423,0.0583393871784,0.499928474426,-0.299115985632,-0.0392546057701,0.498653829098,-0.299508482218,-0.139612495899,0.498168051243,-0.304904848337,-0.23546525836,0.496413707733,-0.309508889914,-0.35511225462,0.492560207844,-0.29896441102,-0.358633846045,0.466150164604,-0.0382757112384,-0.358633846045
1776890934.27,0.5010201931,-0.301742076874,0.452668815851,0.5021956563,-0.306466728449,0.355831861496,0.502646386623,-0.303677946329,0.256254732609,0.502271473408,-0.301091492176,0.156399577856,0.502119421959,-0.300006181002,0.0586378797889,0.499529778957,-0.300592601299,-0.0386932194233,0.498891592026,-0.30143943429,-0.138635337353,0.497506201267,-0.305170089006,-0.235528856516,0.495947003365,-0.309212177992,-0.354842334986,0.492560207844,-0.29896441102,-0.358633846045,0.466327726841,-0.0385710187256,-0.358633846045
1776890934.28,0.502392828465,-0.300430983305,0.452998638153,0.502677857876,-0.305695950985,0.355415582657,0.502619206905,-0.304663360119,0.257237553596,0.50208735466,-0.30239251256,0.156700089574,0.501520633698,-0.30184969306,0.0591401159763,0.498588085175,-0.302266895771,-0.0382724553347,0.498064577579,-0.302737534046,-0.138245582581,0.497033953667,-0.305325746536,-0.235393494368,0.495639681816,-0.308314979076,-0.354346841574,0.492560207844,-0.29896441102,-0.358633846045,0.466322779655,-0.0385350696743,-0.358633846045
1776890934.3,0.503673732281,-0.299070209265,0.453222543001,0.503809332848,-0.305301219225,0.356308400631,0.502731740475,-0.305160284042,0.25682413578,0.501261293888,-0.305032968521,0.157076194882,0.499951064587,-0.304757148027,0.059198603034,0.497136354446,-0.305814296007,-0.0380140990019,0.495582401752,-0.304421752691,-0.138595104218,0.495870649815,-0.306975930929,-0.234854251146,0.495195627213,-0.307643204927,-0.354015767574,0.492560207844,-0.29896441102,-0.358633846045,0.466205537319,-0.0383926965296,-0.358633846045
1776890934.31,0.504683256149,-0.297951757908,0.453285902739,0.504271507263,-0.305123269558,0.356396019459,0.503036677837,-0.305665612221,0.257368803024,0.500984311104,-0.306014358997,0.157589152455,0.499803960323,-0.30719062686,0.0606324076653,0.496737480164,-0.307634830475,-0.0371792316437,0.496243178844,-0.306514263153,-0.137511998415,0.49495947361,-0.307372361422,-0.235256969929,0.495237231255,-0.307232916355,-0.353638261557,0.492560207844,-0.29896441102,-0.358633846045,0.46619874239,-0.0383115448058,-0.358633846045
1776890934.33,0.50577545166,-0.296687275171,0.453213423491,0.505642950535,-0.304536163807,0.357025563717,0.503470003605,-0.307161033154,0.258603036404,0.500850319862,-0.308544933796,0.157947599888,0.498930573463,-0.309945940971,0.0607503056526,0.495841503143,-0.310674875975,-0.0372546613216,0.495066046715,-0.309418052435,-0.137174665928,0.494549691677,-0.30855178833,-0.234822839499,0.494335651398,-0.305726259947,-0.353182226419,0.492560207844,-0.29896441102,-0.358633846045,0.466276943684,-0.0384872555733,-0.358633846045
1776890934.34,0.506396353245,-0.295899778605,0.45303440094,0.506376743317,-0.304192960262,0.357147157192,0.503812193871,-0.306927472353,0.258141636848,0.500776290894,-0.309150785208,0.158154338598,0.498818814754,-0.311199486256,0.0606921985745,0.495544970036,-0.312295258045,-0.0368586480618,0.494580984116,-0.310234338045,-0.137534528971,0.494129300117,-0.309556573629,-0.233679920435,0.494311988354,-0.305489689112,-0.35300257802,0.492560207844,-0.29896441102,-0.358633846045,0.466128587723,-0.038328230381,-0.358633846045
1776890934.36,0.50687199831,-0.29516646266,0.452665537596,0.507369339466,-0.302989780903,0.357131183147,0.504992961884,-0.307197451591,0.258082300425,0.501893699169,-0.310681700706,0.158301651478,0.499299764633,-0.312847971916,0.0605807676911,0.49523204565,-0.314384847879,-0.0373123288155,0.49435120821,-0.312083691359,-0.137090116739,0.493253171444,-0.310049682856,-0.234690666199,0.493778645992,-0.304826289415,-0.352826863527,0.492560207844,-0.29896441102,-0.358633846045,0.466061770916,-0.0382252968848,-0.358633846045
1776890934.37,0.506995201111,-0.294893056154,0.452289670706,0.508049368858,-0.302449226379,0.356710791588,0.505365610123,-0.306972563267,0.257745504379,0.502156674862,-0.310723990202,0.158323466778,0.499884188175,-0.313218593597,0.0603635758162,0.49528503418,-0.315305352211,-0.0372446477413,0.494106709957,-0.312381774187,-0.136600911617,0.492990255356,-0.310248464346,-0.235056102276,0.492997705936,-0.304920703173,-0.352808624506,0.492560207844,-0.29896441102,-0.358633846045,0.4660987854,-0.0382693782449,-0.358633846045
1776890934.39,0.506877481937,-0.294955849648,0.451964259148,0.508972764015,-0.301413089037,0.355877280235,0.506425201893,-0.306065797806,0.257765859365,0.503354668617,-0.310111254454,0.157744139433,0.500649690628,-0.313649982214,0.0598849132657,0.496381998062,-0.315680533648,-0.037029594183,0.494671046734,-0.313752502203,-0.137676268816,0.493089616299,-0.310720741749,-0.235168248415,0.493013799191,-0.305131733418,-0.353212237358,0.492560207844,-0.29896441102,-0.358633846045,0.466077327728,-0.0382930524647,-0.358633846045
1776890934.4,0.506464838982,-0.295366883278,0.451602041721,0.509220182896,-0.301248371601,0.355712890625,0.507063508034,-0.305854141712,0.257820934057,0.504272460938,-0.309594124556,0.157328635454,0.501467764378,-0.313384503126,0.0598295927048,0.4966558218,-0.315306812525,-0.0383463650942,0.494684994221,-0.312664628029,-0.137954205275,0.493143081665,-0.310576111078,-0.235595613718,0.492674410343,-0.305345565081,-0.353187918663,0.492560207844,-0.29896441102,-0.358633846045,0.46611225605,-0.038272485137,-0.358633846045
1776890934.42,0.505853116512,-0.296062111855,0.451260775328,0.509391605854,-0.300876796246,0.355156421661,0.507995784283,-0.30445471406,0.256227999926,0.505783855915,-0.307528942823,0.156232774258,0.502933740616,-0.311382949352,0.059001609683,0.498473107815,-0.313339143991,-0.0381461232901,0.496286511421,-0.312136828899,-0.139024287462,0.493366003036,-0.310374855995,-0.236147910357,0.492114663124,-0.305877506733,-0.354489654303,0.492560207844,-0.29896441102,-0.358633846045,0.466081559658,-0.0382569245994,-0.358633846045
1776890934.43,0.505042254925,-0.297036767006,0.450940549374,0.509285628796,-0.30087095499,0.354913204908,0.508172810078,-0.304306030273,0.256243288517,0.506454229355,-0.307032167912,0.156597360969,0.504412829876,-0.309842973948,0.0586419403553,0.499626338482,-0.312120854855,-0.038504883647,0.497070491314,-0.311291873455,-0.13863581419,0.493752777576,-0.310076266527,-0.236514538527,0.491985142231,-0.306566923857,-0.354728132486,0.492560207844,-0.29896441102,-0.358633846045,0.466164290905,-0.0382777303457,-0.358633846045
1776890934.45,0.504053115845,-0.298189967871,0.450632840395,0.508738338947,-0.300874114037,0.354544460773,0.508144915104,-0.302404820919,0.255485594273,0.507380545139,-0.304675251245,0.155902713537,0.505584418774,-0.306304007769,0.0581122562289,0.501916825771,-0.309055268764,-0.0380035340786,0.499108731747,-0.308602303267,-0.139196038246,0.495889544487,-0.30901029706,-0.23630669713,0.491630852222,-0.307735711336,-0.355284243822,0.492560207844,-0.29896441102,-0.358633846045,0.466174602509,-0.0383119955659,-0.358633846045
1776890934.46,0.502897024155,-0.299413949251,0.450307905674,0.508056104183,-0.301075875759,0.354534745216,0.508121967316,-0.301841974258,0.255081295967,0.507332921028,-0.302923589945,0.155453875661,0.506656527519,-0.304583400488,0.0579440593719,0.502854347229,-0.306552946568,-0.0392604023218,0.49984806776,-0.306318581104,-0.139378368855,0.496501505375,-0.308485329151,-0.236407637596,0.491149485111,-0.308257639408,-0.355562180281,0.492560207844,-0.29896441102,-0.358633846045,0.466215848923,-0.0386431850493,-0.358633846045
1776890934.48,0.501672804356,-0.300607085228,0.449997007847,0.506980776787,-0.301332205534,0.353700399399,0.507529020309,-0.301108390093,0.255609095097,0.508267700672,-0.300417244434,0.154895752668,0.50771099329,-0.300872117281,0.0574751496315,0.504501760006,-0.302467852831,-0.0403017550707,0.501965522766,-0.303635716438,-0.139956265688,0.497417747974,-0.306626170874,-0.237513422966,0.490862846375,-0.309893578291,-0.356272429228,0.492560207844,-0.29896441102,-0.358633846045,0.466195523739,-0.0383251570165,-0.358633846045
1776890934.49,0.500459671021,-0.301663964987,0.449730038643,0.506231725216,-0.301794290543,0.353607237339,0.507362425327,-0.300861388445,0.255455136299,0.508100986481,-0.298934698105,0.155035078526,0.508409738541,-0.299143224955,0.0570702701807,0.504981935024,-0.300629973412,-0.0404042899609,0.502192437649,-0.302071660757,-0.140166252851,0.497878491879,-0.306053727865,-0.237454921007,0.490988016129,-0.310889005661,-0.356439560652,0.492560207844,-0.29896441102,-0.358633846045,0.466179490089,-0.0383397564292,-0.358633846045
1776890934.51,0.499593555927,-0.302325487137,0.449528098106,0.504795908928,-0.302477836609,0.352936387062,0.506699025631,-0.300162225962,0.254802078009,0.50782752037,-0.297442793846,0.154608607292,0.50852316618,-0.296292960644,0.056978918612,0.505267560482,-0.297135800123,-0.0407904684544,0.503313422203,-0.299378305674,-0.140080422163,0.49851089716,-0.305251419544,-0.236679583788,0.49169254303,-0.311717271805,-0.356834203005,0.492560207844,-0.29896441102,-0.358633846045,0.466226637363,-0.0383134521544,-0.358633846045
1776890934.52,0.498300164938,-0.303032815456,0.449283361435,0.504278242588,-0.302747905254,0.352960288525,0.506107747555,-0.299615859985,0.253844678402,0.507571101189,-0.29629740119,0.15438593924,0.508595049381,-0.294677376747,0.056709446013,0.505352318287,-0.295994669199,-0.0405585020781,0.503405153751,-0.298503488302,-0.140451401472,0.498784303665,-0.304786354303,-0.237175375223,0.492020249367,-0.312067329884,-0.356873095036,0.492560207844,-0.29896441102,-0.358633846045,0.466226160526,-0.0382865332067,-0.358633846045
1776890934.54,0.497500389814,-0.303164482117,0.449155569077,0.502411186695,-0.303232520819,0.352729082108,0.504411220551,-0.299292594194,0.253594219685,0.506457030773,-0.295716941357,0.153958946466,0.507765412331,-0.293364286423,0.0564645826817,0.504721283913,-0.294321864843,-0.0411770939827,0.503273785114,-0.297435820103,-0.140504390001,0.499383270741,-0.303839713335,-0.237789183855,0.493945240974,-0.31268799305,-0.356513351202,0.492560207844,-0.29896441102,-0.358633846045,0.466365814209,-0.0386527962983,-0.358633846045
1776890934.55,0.496910095215,-0.302935779095,0.4490480721,0.501643359661,-0.303366631269,0.352440595627,0.503986060619,-0.299823701382,0.254524111748,0.505426704884,-0.295280337334,0.153777658939,0.506885766983,-0.293179750443,0.0562006533146,0.504227042198,-0.294337511063,-0.0412223786116,0.502858936787,-0.297245383263,-0.140374600887,0.499582707882,-0.303595900536,-0.238081067801,0.494654536247,-0.312518775463,-0.356659471989,0.492560207844,-0.29896441102,-0.358633846045,0.466361701488,-0.0385242700577,-0.358633846045
1776890934.57,0.496500790119,-0.302422106266,0.448984593153,0.500303983688,-0.304193347692,0.353074759245,0.501830399036,-0.300105005503,0.2536495924,0.503249108791,-0.295665174723,0.15358966589,0.504547357559,-0.293954342604,0.0561840385199,0.502600550652,-0.294932484627,-0.041428104043,0.502000689507,-0.297572225332,-0.140819340944,0.499879717827,-0.30374777317,-0.238289117813,0.496928274632,-0.312286317348,-0.356118261814,0.492560207844,-0.29896441102,-0.358633846045,0.466190874577,-0.0382766127586,-0.358633846045
1776890934.58,0.496257901192,-0.301627665758,0.448992133141,0.499377667904,-0.304297626019,0.352775961161,0.500787973404,-0.300045520067,0.253284811974,0.502091467381,-0.296757489443,0.153811395168,0.503211379051,-0.295025646687,0.0560866892338,0.501678943634,-0.296057373285,-0.0412469506264,0.501965761185,-0.297989666462,-0.140934407711,0.50008803606,-0.304400980473,-0.238573163748,0.497219860554,-0.311548233032,-0.357365697622,0.492560207844,-0.29896441102,-0.358633846045,0.466134548187,-0.0382503718138,-0.358633846045
1776890934.6,0.496116310358,-0.300529956818,0.449012815952,0.49829775095,-0.303530097008,0.352516531944,0.498611867428,-0.301493763924,0.254120290279,0.499164640903,-0.298815369606,0.153587013483,0.500356316566,-0.297749936581,0.0561151057482,0.499989211559,-0.298725694418,-0.041505753994,0.500425040722,-0.300353914499,-0.140912890434,0.500263035297,-0.30495005846,-0.238860547543,0.499516546726,-0.310588389635,-0.358104646206,0.492560207844,-0.29896441102,-0.358633846045,0.46613150835,-0.0382531024516,-0.358633846045
1776890934.61,0.496061205864,-0.29946526885,0.449036598206,0.497717499733,-0.303196340799,0.352296441793,0.497767865658,-0.301964402199,0.253813385963,0.497966766357,-0.300226211548,0.153601303697,0.498916745186,-0.299200087786,0.0559184402227,0.49808883667,-0.300431281328,-0.0416239500046,0.499563574791,-0.301750212908,-0.142161160707,0.500270605087,-0.305613845587,-0.238554298878,0.501500606537,-0.310136407614,-0.357504606247,0.492560207844,-0.29896441102,-0.358633846045,0.466339111328,-0.0382260084152,-0.358633846045
1776890934.63,0.495964765549,-0.297879993916,0.449049949646,0.497280180454,-0.303065389395,0.352489441633,0.495999157429,-0.303062707186,0.25384953618,0.495791733265,-0.303019523621,0.153768792748,0.496742606163,-0.303355276585,0.0563132762909,0.496111273766,-0.304149538279,-0.0417176187038,0.49813503027,-0.304651558399,-0.141526669264,0.500393569469,-0.306592583656,-0.238961577415,0.503602683544,-0.307916045189,-0.357480734587,0.492560207844,-0.29896441102,-0.358633846045,0.466158986092,-0.03826777637,-0.358633846045
1776890934.64,0.49587854743,-0.296981275082,0.449068248272,0.496898055077,-0.302494347095,0.352303624153,0.495526134968,-0.30348187685,0.253202497959,0.494767546654,-0.30395925045,0.153513520956,0.495177686214,-0.304603546858,0.0558780953288,0.495250821114,-0.30626103282,-0.0417019575834,0.497622609138,-0.30534350872,-0.14120182395,0.500406980515,-0.307212382555,-0.239231497049,0.504765629768,-0.307496607304,-0.357467234135,0.492560207844,-0.29896441102,-0.358633846045,0.46612739563,-0.0383131168783,-0.358633846045
1776890934.66,0.495636343956,-0.295381814241,0.449131727219,0.49642598629,-0.301802307367,0.352257549763,0.494717717171,-0.304404884577,0.253301590681,0.493816792965,-0.306629002094,0.153639286757,0.494023144245,-0.308512479067,0.0558960735798,0.493665039539,-0.309812813997,-0.0418868362904,0.496335864067,-0.30842089653,-0.141446501017,0.500967741013,-0.308722704649,-0.238106906414,0.506757318974,-0.305844575167,-0.356981933117,0.492560207844,-0.29896441102,-0.358633846045,0.46611648798,-0.0382779575884,-0.358633846045
1776890934.67,0.495331704617,-0.294308483601,0.449233323336,0.487511336803,-0.304871171713,0.349079072475,0.487020909786,-0.308354377747,0.250281333923,0.48761421442,-0.310914129019,0.150256663561,0.489895343781,-0.313015788794,0.0529027506709,0.491609454155,-0.313485652208,-0.0449447929859,0.499298334122,-0.311336576939,-0.143112361431,0.506273686886,-0.308777272701,-0.240390479565,0.51633054018,-0.303554296494,-0.359228312969,0.492560207844,-0.29896441102,-0.358633846045,0.466154515743,-0.0382810346782,-0.358633846045
1776890934.69,0.494864344597,-0.293317764997,0.449389398098,0.495856881142,-0.300205737352,0.352328062057,0.494299530983,-0.304887831211,0.253634750843,0.492829918861,-0.308774441481,0.1538195014,0.493284106255,-0.311739057302,0.0561591535807,0.492160499096,-0.313879728317,-0.0414204746485,0.496661603451,-0.311285763979,-0.141312807798,0.501736581326,-0.309911459684,-0.237468242645,0.509429991245,-0.303948044777,-0.35629144311,0.492560207844,-0.29896441102,-0.358633846045,0.466094553471,-0.0383570753038,-0.358633846045
1776890934.7,0.494254529476,-0.29270580411,0.449591249228,0.495669007301,-0.299743294716,0.352592170238,0.494190990925,-0.304908722639,0.25385838747,0.493119478226,-0.308896750212,0.153808802366,0.493607342243,-0.312649667263,0.0563073679805,0.492903470993,-0.314567893744,-0.0415937304497,0.496493816376,-0.311444342136,-0.141646504402,0.502133965492,-0.310179173946,-0.237673819065,0.51038557291,-0.304021030664,-0.356442481279,0.492560207844,-0.29896441102,-0.358633846045,0.466137766838,-0.0383131168783,-0.358633846045
1776890934.72,0.493533343077,-0.292382866144,0.449810504913,0.496268689632,-0.301488339901,0.352362662554,0.49454754591,-0.304777830839,0.253632724285,0.493271529675,-0.307477891445,0.153684645891,0.493164896965,-0.309991806746,0.0560188442469,0.492453038692,-0.311289578676,-0.0414858907461,0.496662318707,-0.310081809759,-0.141664534807,0.500944554806,-0.309102803469,-0.238329529762,0.507929325104,-0.305215805769,-0.356686323881,0.492560207844,-0.29896441102,-0.358633846045,0.466210186481,-0.0382653623819,-0.358633846045
1776890934.73,0.492759734392,-0.292344272137,0.450038582087,0.495398938656,-0.298580914736,0.352767527103,0.494322419167,-0.303600519896,0.253662735224,0.493742704391,-0.308398216963,0.154042094946,0.494523823261,-0.312558501959,0.0564363896847,0.49485874176,-0.314694404602,-0.0413466542959,0.498798906803,-0.312777280807,-0.140837311745,0.503751218319,-0.309189587831,-0.237807750702,0.511077165604,-0.303566545248,-0.356099784374,0.492560207844,-0.29896441102,-0.358633846045,0.466099739075,-0.0383030101657,-0.358633846045
1776890934.75,0.491954803467,-0.292609512806,0.45030272007,0.495104908943,-0.297049164772,0.35352730751,0.495184659958,-0.301046043634,0.254126876593,0.495627939701,-0.305773705244,0.15428391099,0.497799992561,-0.309670567513,0.056853055954,0.498022019863,-0.312168449163,-0.0406910330057,0.501733958721,-0.310478806496,-0.14116114378,0.506498336792,-0.308921784163,-0.236503332853,0.511807441711,-0.303845107555,-0.355810880661,0.492560207844,-0.29896441102,-0.358633846045,0.466133475304,-0.0382679328322,-0.358633846045
1776890934.76,0.491123914719,-0.293171197176,0.450531959534,0.495144426823,-0.297823965549,0.352755129337,0.494466722012,-0.302821934223,0.253692150116,0.49434953928,-0.307893812656,0.154056102037,0.495421171188,-0.312052458525,0.0567056685686,0.495439589024,-0.314449936152,-0.0409822463989,0.499682307243,-0.311588734388,-0.140666753054,0.504567027092,-0.30881562829,-0.237604826689,0.511429071426,-0.30363664031,-0.356099009514,0.492560207844,-0.29896441102,-0.358633846045,0.466120183468,-0.0383165478706,-0.358633846045
1776890934.78,0.490303844213,-0.294001668692,0.450720965862,0.494802117348,-0.296090781689,0.354366540909,0.496299982071,-0.298284292221,0.254715502262,0.498457729816,-0.300674915314,0.154647231102,0.501555979252,-0.303932577372,0.0575660914183,0.502966225147,-0.306382983923,-0.0406327396631,0.506413340569,-0.305712789297,-0.139615774155,0.508401036263,-0.306477069855,-0.237447917461,0.512115716934,-0.30483135581,-0.355577200651,0.492560207844,-0.29896441102,-0.358633846045,0.466206014156,-0.0383669175208,-0.358633846045
1776890934.79,0.489578574896,-0.295002400875,0.450830847025,0.494670331478,-0.295863062143,0.354373782873,0.496864199638,-0.297124773264,0.254603326321,0.499664187431,-0.299025684595,0.154973849654,0.503244519234,-0.301536917686,0.0581266656518,0.504320919514,-0.303887039423,-0.0404716581106,0.507684230804,-0.304146915674,-0.139702111483,0.509534060955,-0.305554389954,-0.237165600061,0.512057185173,-0.305315315723,-0.355192273855,0.492560207844,-0.29896441102,-0.358633846045,0.466099500656,-0.0382442064583,-0.358633846045
1776890934.81,0.488586634398,-0.296695530415,0.450880676508,0.494390904903,-0.295657157898,0.354453921318,0.497880935669,-0.295373141766,0.255170375109,0.501720547676,-0.295189410448,0.155390292406,0.505659878254,-0.296301931143,0.057711713016,0.506703913212,-0.298925429583,-0.0395712852478,0.509805619717,-0.299553245306,-0.138674169779,0.510887682438,-0.303737789392,-0.235374420881,0.512284100056,-0.306701630354,-0.355080753565,0.492560207844,-0.29896441102,-0.358633846045,0.466093719006,-0.0381331294775,-0.358633846045
1776890934.82,0.487642407417,-0.298439741135,0.450820147991,0.494355499744,-0.295616984367,0.354493558407,0.498240351677,-0.294583827257,0.25514408946,0.502476453781,-0.293445527554,0.155355468392,0.506592035294,-0.293918341398,0.0581998825073,0.507507026196,-0.29610106349,-0.039800465107,0.511466681957,-0.297904551029,-0.138367623091,0.511855304241,-0.302367269993,-0.236496299505,0.512422502041,-0.306788116693,-0.355068564415,0.492560207844,-0.29896441102,-0.358633846045,0.466017246246,-0.0382349342108,-0.358633846045
1776890934.84,0.486724257469,-0.30022507906,0.45060223341,0.493865072727,-0.296211332083,0.354415476322,0.498554587364,-0.293126553297,0.255975186825,0.503633439541,-0.290363937616,0.155707940459,0.508176743984,-0.289877086878,0.0582588538527,0.509401500225,-0.29176697135,-0.0390289127827,0.51279938221,-0.294476687908,-0.137056589127,0.512526631355,-0.300774484873,-0.235721826553,0.513008058071,-0.307998299599,-0.354142576456,0.492560207844,-0.29896441102,-0.358633846045,0.466074585915,-0.0382381975651,-0.358633846045
1776890934.85,0.485720694065,-0.302307367325,0.45022726059,0.493296861649,-0.296306490898,0.354107260704,0.498630225658,-0.292929828167,0.256192535162,0.503994524479,-0.288984149694,0.155602708459,0.508739113808,-0.288294225931,0.0585413277149,0.509961783886,-0.289530545473,-0.0394476652145,0.513464272022,-0.292348116636,-0.136845499277,0.513494133949,-0.299670249224,-0.235556930304,0.513211548328,-0.308031082153,-0.354045689106,0.492560207844,-0.29896441102,-0.358633846045,0.466185212135,-0.0382177755237,-0.358633846045
1776890934.87,0.484764873981,-0.304443657398,0.449711561203,0.492846190929,-0.298040896654,0.354501545429,0.498183012009,-0.292001307011,0.254950791597,0.504025757313,-0.287436276674,0.155558079481,0.509200692177,-0.285170406103,0.0584703087807,0.510479152203,-0.286894530058,-0.0393251180649,0.514056444168,-0.290472000837,-0.138440042734,0.513913631439,-0.298789829016,-0.235075563192,0.513732075691,-0.308445483446,-0.354422748089,0.492560207844,-0.29896441102,-0.358633846045,0.461276113987,-0.0441724285483,-0.358633846045
1776890934.88,0.48403429985,-0.30620983243,0.449191391468,0.492258667946,-0.298713624477,0.354083418846,0.497982561588,-0.292094528675,0.254884183407,0.5038189888,-0.28710269928,0.155591934919,0.509278655052,-0.284641593695,0.0584045574069,0.510738372803,-0.286110788584,-0.0389266610146,0.514091551304,-0.289882928133,-0.138617992401,0.514348983765,-0.298279643059,-0.235217481852,0.5140183568,-0.30841499567,-0.354071736336,0.492560207844,-0.29896441102,-0.358633846045,0.459040462971,-0.0313292294741,-0.358633846045
1776890934.9,0.483377784491,-0.307962179184,0.448605924845,0.490813910961,-0.300729185343,0.353359162807,0.496584951878,-0.293846517801,0.255181193352,0.502861261368,-0.287655085325,0.15536314249,0.508269429207,-0.284202992916,0.0575495064259,0.510040163994,-0.285383313894,-0.0397068113089,0.514118492603,-0.289304494858,-0.138354569674,0.51459890604,-0.296792268753,-0.236392468214,0.515584230423,-0.307549476624,-0.354724615812,0.492560207844,-0.29896441102,-0.358633846045,0.459580779076,-0.0337451212108,-0.358633846045
1776890934.91,0.482927858829,-0.309488892555,0.448003739119,0.489929914474,-0.301931291819,0.3528393507,0.496103942394,-0.294995516539,0.254797637463,0.501967847347,-0.288226038218,0.154271200299,0.507342755795,-0.284987002611,0.0572698861361,0.509513258934,-0.285830706358,-0.0396519303322,0.514490962029,-0.289470911026,-0.137230753899,0.514458537102,-0.296845048666,-0.236061275005,0.515840411186,-0.307186484337,-0.35533452034,0.492560207844,-0.29896441102,-0.358633846045,0.459353387356,-0.031551875174,-0.358633846045
1776890934.93,0.482723683119,-0.310719847679,0.447445839643,0.488426446915,-0.304385840893,0.351756393909,0.494158625603,-0.297702103853,0.253874063492,0.499635100365,-0.29107260704,0.15358223021,0.505120873451,-0.287768274546,0.056923776865,0.508230805397,-0.28788715601,-0.0404697805643,0.512867450714,-0.289403647184,-0.139818429947,0.514763653278,-0.296608150005,-0.237518370152,0.517679214478,-0.305616378784,-0.355952858925,0.492560207844,-0.29896441102,-0.358633846045,0.471334278584,-0.0235979426652,-0.358633846045
1776890934.94,0.482804447412,-0.311567217112,0.446856856346,0.48797672987,-0.30553022027,0.351288855076,0.49302148819,-0.299636781216,0.253596663475,0.498365879059,-0.293131619692,0.153015911579,0.504159212112,-0.289199739695,0.0558684915304,0.50671172142,-0.28908932209,-0.0416437238455,0.512717604637,-0.29085406661,-0.139164716005,0.514458119869,-0.296494424343,-0.238305330276,0.517804980278,-0.304668456316,-0.35656490922,0.492560207844,-0.29896441102,-0.358633846045,0.466081976891,-0.0382426641881,-0.358633846045
1776890934.96,0.483096808195,-0.311966359615,0.446377128363,0.486844182014,-0.308729887009,0.350421130657,0.491248250008,-0.303847581148,0.252139568329,0.495826303959,-0.298434048891,0.152299061418,0.500991821289,-0.294319331646,0.0546138286591,0.504443347454,-0.294062167406,-0.0422905832529,0.511138856411,-0.293687522411,-0.140832901001,0.514638721943,-0.297475874424,-0.238384753466,0.519169449806,-0.302032798529,-0.358154833317,0.492560207844,-0.29896441102,-0.358633846045,0.466232776642,-0.0384066514671,-0.358633846045
1776890934.97,0.483807206154,-0.312099665403,0.445874035358,0.486499011517,-0.309968709946,0.350220739841,0.490228772163,-0.305924266577,0.251857846975,0.494350671768,-0.300976097584,0.151470303535,0.499700307846,-0.29785707593,0.0541219338775,0.502668440342,-0.29627558589,-0.0431501716375,0.509215950966,-0.295232117176,-0.142428547144,0.513775408268,-0.298115342855,-0.23995834589,0.519800901413,-0.300719290972,-0.358155995607,0.492560207844,-0.29896441102,-0.358633846045,0.466027855873,-0.038164164871,-0.358633846045
1776890934.99,0.484658926725,-0.311914414167,0.445493966341,0.485926866531,-0.312187373638,0.349402308464,0.488859772682,-0.310127615929,0.250405013561,0.492249071598,-0.30682399869,0.150581419468,0.496539831161,-0.304390609264,0.0529993623495,0.500045239925,-0.302210867405,-0.0442819595337,0.506683886051,-0.299346745014,-0.143949717283,0.513296365738,-0.299344629049,-0.239499598742,0.520626366138,-0.298001587391,-0.359218627214,0.492560207844,-0.29896441102,-0.358633846045,0.466134250164,-0.0382794290781,-0.358633846045
1776890935.12,0.485551476479,-0.311515599489,0.445255637169,0.48622149229,-0.313390880823,0.349378675222,0.488500952721,-0.311987310648,0.250211775303,0.491272807121,-0.309776365757,0.150112897158,0.495367646217,-0.307204216719,0.0526654198766,0.498712599277,-0.305477291346,-0.0445917695761,0.506058096886,-0.302038818598,-0.143023937941,0.512559890747,-0.299286723137,-0.240576028824,0.521152019501,-0.296741634607,-0.359481453896,0.492560207844,-0.29896441102,-0.358633846045,0.466314613819,-0.0385802611709,-0.358633846045
