frame,video_frame,time_s,video_time_s,goal_pos_x,goal_pos_y,goal_pos_z,rope_p8_x,rope_p8_y,rope_p8_z,obs_x,obs_y,obs_z,rope_p8_x_px,rope_p8_y_px,obs_x_px,obs_y_px
0,27,0.0,0.45,0.5060993433,-0.296376079321,-0.364384412766,0.4964893523204505,-0.3082257321364329,-0.364384412766,0.4531738144137995,-0.0850490450513532,-0.364384412766,946.5959359124656,750.3771004298553,730.0,735.0
1,28,0.0166666666666666,0.4666666666666667,0.508760136023008,-0.2961146134411178,-0.364384412766,0.4959362381894063,-0.307462486657497,-0.364384412766,0.4531738144137995,-0.0850490450513532,-0.364384412766,945.8366445916114,750.7761589403973,730.0,735.0
2,29,0.0333333333333333,0.4833333333333333,0.5105003351631003,-0.2959298884950502,-0.364384412766,0.4983795591782728,-0.3102728117579071,-0.364384412766,0.4531738144137995,-0.0850490450513532,-0.364384412766,948.6976840363936,748.9677419354839,730.0,735.0
3,30,0.05,0.5,0.5123058665535336,-0.2957257913262366,-0.364384412766,0.5005270154960352,-0.3116173367224152,-0.364384412766,0.4531738144137995,-0.0850490450513532,-0.364384412766,950.2235142118864,747.2868217054264,730.0,735.0
4,31,0.0666666666666666,0.5166666666666667,0.5161475888217792,-0.2952412347051031,-0.364384412766,0.5034754511577172,-0.3123804316443656,-0.364384412766,0.4531738144137995,-0.0850490450513532,-0.364384412766,951.3670995670996,744.8909090909091,730.0,735.0
5,32,0.0833333333333333,0.5333333333333333,0.5185781020463934,-0.2949041710305104,-0.364384412766,0.5038528066685377,-0.3135504967799946,-0.364384412766,0.4531738144137995,-0.0850490450513532,-0.364384412766,952.4555800293684,744.6714390602056,730.0,735.0
6,33,0.1,0.55,0.5219619401043054,-0.2943963983720973,-0.364384412766,0.5084993344179985,-0.3120278037510818,-0.364384412766,0.4531738144137995,-0.0850490450513532,-0.364384412766,951.863596491228,740.6741228070174,730.0,735.0
7,34,0.1166666666666666,0.5666666666666667,0.5241797317101896,-0.2940329090329469,-0.364384412766,0.5130362619117794,-0.311995519567677,-0.364384412766,0.4531738144137995,-0.0850490450513532,-0.364384412766,952.5633680555557,736.8893229166666,730.0,735.0
8,35,0.1333333333333333,0.5833333333333334,0.5278587324242019,-0.2933857059082143,-0.364384412766,0.520562154538217,-0.3136536143349008,-0.364384412766,0.4531738144137995,-0.0850490450513532,-0.364384412766,955.2278614855934,730.7501982553529,730.0,735.0
9,36,0.15,0.6,0.5302392666682619,-0.2929377470838349,-0.364384412766,0.5246038847841668,-0.3121681401261275,-0.364384412766,0.4531738144137995,-0.0850490450513532,-0.364384412766,954.571510957324,727.260092272203,730.0,735.0
10,37,0.1666666666666666,0.6166666666666667,0.5342072922114806,-0.2921250389229047,-0.364384412766,0.5270654494290773,-0.3106868085309603,-0.364384412766,0.4531738144137995,-0.0850490450513532,-0.364384412766,953.6651982378854,725.0876162506117,730.0,735.0
11,38,0.1833333333333333,0.6333333333333333,0.5367617308646054,-0.2915680481057656,-0.364384412766,0.5308092783138059,-0.3107091953766837,-0.364384412766,0.4531738144137995,-0.0850490450513532,-0.364384412766,954.2857142857144,721.9684210526316,730.0,735.0
12,39,0.2,0.65,0.5393776818777042,-0.2909674065604493,-0.364384412766,0.5367955648486186,-0.3096845685749664,-0.364384412766,0.4531738144137995,-0.0850490450513532,-0.364384412766,954.3463073852296,716.8947105788423,730.0,735.0
13,40,0.2166666666666666,0.6666666666666666,0.5448178742207638,-0.2895992823154557,-0.364384412766,0.5425246568865126,-0.3087228097318392,-0.364384412766,0.4531738144137995,-0.0850490450513532,-0.364384412766,954.4208535926524,712.0405186385738,730.0,735.0
14,41,0.2333333333333333,0.6833333333333333,0.5481903128622332,-0.2886801468899698,-0.364384412766,0.5490312888831504,-0.3066105589357478,-0.364384412766,0.4531738144137995,-0.0850490450513532,-0.364384412766,953.6094643785752,706.4446177847113,730.0,735.0
15,42,0.25,0.7,0.552804350853,-0.287334054708,-0.364384412766,0.5587132434291916,-0.3055865064938968,-0.364384412766,0.4531738144137995,-0.0850490450513532,-0.364384412766,954.2636815920398,698.2900880214313,730.0,735.0
16,43,0.2666666666666666,0.7166666666666667,0.5557677972766627,-0.2863997261752882,-0.364384412766,0.5612009117721513,-0.3026953674857647,-0.364384412766,0.4531738144137995,-0.0850490450513532,-0.364384412766,952.1230228471002,695.9812536613942,730.0,735.0
17,44,0.2833333333333333,0.7333333333333333,0.5587784506908755,-0.2854015410469973,-0.364384412766,0.5688469624438873,-0.3015682421180355,-0.364384412766,0.4531738144137995,-0.0850490450513532,-0.364384412766,952.3599458728012,689.5155615696888,730.0,735.0
18,45,0.3,0.75,0.5636792272334783,-0.2836775745741103,-0.364384412766,0.5754244019479237,-0.2990437159671538,-0.364384412766,0.4531738144137995,-0.0850490450513532,-0.364384412766,951.19773095624,683.8271204754186,730.0,735.0
19,46,0.3166666666666666,0.7666666666666667,0.5668045004223043,-0.2824899260598138,-0.364384412766,0.5822624192733212,-0.2975833190817442,-0.364384412766,0.4531738144137995,-0.0850490450513532,-0.364384412766,951.0121886592474,678.0079491255962,730.0,735.0
20,47,0.3333333333333333,0.7833333333333333,0.5725129353604896,-0.2801626193049815,-0.364384412766,0.5884467098428656,-0.296279758938183,-0.364384412766,0.4531738144137995,-0.0850490450513532,-0.364384412766,950.8595127008812,672.746500777605,730.0,735.0
21,48,0.35,0.8,0.5770158356629346,-0.2781686846978431,-0.364384412766,0.5959259414983472,-0.2945006148473873,-0.364384412766,0.4531738144137995,-0.0850490450513532,-0.364384412766,950.496855345912,666.3668763102725,730.0,735.0
22,49,0.3666666666666666,0.8166666666666667,0.5815578736075819,-0.2760058528342186,-0.364384412766,0.6031891401382583,-0.293374417619035,-0.364384412766,0.4531738144137995,-0.0850490450513532,-0.364384412766,950.6731496488384,660.2204213938412,730.0,735.0
23,50,0.3833333333333333,0.8333333333333334,0.585470462907929,-0.2740066020854522,-0.364384412766,0.6087170020717897,-0.2919678698956235,-0.364384412766,0.4531738144137995,-0.0850490450513532,-0.364384412766,950.3246471226926,655.4978284473398,730.0,735.0
24,51,0.4,0.85,0.5906949322740446,-0.2711408269687372,-0.364384412766,0.6150534264129444,-0.2895596879145737,-0.364384412766,0.4531738144137995,-0.0850490450513532,-0.364384412766,949.2259615384615,650.0197649572649,730.0,735.0
25,52,0.4166666666666667,0.8666666666666667,0.5939509989672653,-0.2691996491539619,-0.364384412766,0.6217964981864442,-0.2882882208968794,-0.364384412766,0.4531738144137995,-0.0850490450513532,-0.364384412766,949.1911589008364,644.295101553166,730.0,735.0
26,53,0.4333333333333333,0.8833333333333333,0.5991246975524903,-0.2658934031189628,-0.364384412766,0.6269743148397692,-0.2855532839446858,-0.364384412766,0.4531738144137995,-0.0850490450513532,-0.364384412766,947.6194690265488,639.7563421828909,730.0,735.0
27,54,0.45,0.9,0.6023262647582427,-0.2636991802047221,-0.364384412766,0.6333518555993869,-0.2821973779820089,-0.364384412766,0.4531738144137995,-0.0850490450513532,-0.364384412766,945.6947935368044,634.1669658886894,730.0,735.0
28,55,0.4666666666666667,0.9166666666666666,0.6073491514329808,-0.259924694619769,-0.364384412766,0.6395309784883502,-0.2801460907307428,-0.364384412766,0.4531738144137995,-0.0850490450513532,-0.364384412766,944.884399551066,628.8490460157127,730.0,735.0
29,56,0.4833333333333333,0.9333333333333332,0.6110309304855983,-0.2569189617862612,-0.364384412766,0.6441962836721773,-0.2772463023401806,-0.364384412766,0.4531738144137995,-0.0850490450513532,-0.364384412766,943.085632183908,624.7241379310345,730.0,735.0
30,57,0.5,0.95,0.6152004003525,-0.2532030940055,-0.364384412766,0.6493637884180488,-0.2758548016737868,-0.364384412766,0.4531738144137995,-0.0850490450513532,-0.364384412766,942.6925148088312,620.3031771674744,730.0,735.0
31,58,0.5166666666666667,0.9666666666666668,0.6192102088634065,-0.2492671355493358,-0.364384412766,0.6531578748772626,-0.2730759387295166,-0.364384412766,0.4531738144137995,-0.0850490450513532,-0.364384412766,940.8601598173516,616.9143835616438,730.0,735.0
32,59,0.5333333333333333,0.9833333333333332,0.6224921993135132,-0.2457124384487663,-0.364384412766,0.6568326703199524,-0.2689282104982672,-0.364384412766,0.4531738144137995,-0.0850490450513532,-0.364384412766,937.8060925600467,613.5137668424136,730.0,735.0
33,60,0.55,1.0,0.6266321012312175,-0.2407354916684873,-0.364384412766,0.660177693446253,-0.264934234737613,-0.364384412766,0.4531738144137995,-0.0850490450513532,-0.364384412766,934.8341736694676,610.4005602240896,730.0,735.0
34,61,0.5666666666666667,1.0166666666666666,0.62902572670729,-0.2374560658209832,-0.364384412766,0.6637488657087434,-0.2603926476428219,-0.364384412766,0.4531738144137995,-0.0850490450513532,-0.364384412766,931.4174653887112,607.0543130990416,730.0,735.0
35,62,0.5833333333333334,1.0333333333333334,0.6325714287394342,-0.2319989383345237,-0.364384412766,0.6683113223985248,-0.2550545592098824,-0.364384412766,0.4531738144137995,-0.0850490450513532,-0.364384412766,927.460111317254,602.8169449598021,730.0,735.0
36,63,0.6,1.05,0.6345972030696162,-0.228459837846302,-0.364384412766,0.6693970363281936,-0.2519073235740768,-0.364384412766,0.4531738144137995,-0.0850490450513532,-0.364384412766,924.8694677871148,601.6560224089635,730.0,735.0
37,64,0.6166666666666667,1.0666666666666669,0.6374148634106663,-0.2225535706707977,-0.364384412766,0.6728279897356698,-0.2470624691267468,-0.364384412766,0.4531738144137995,-0.0850490450513532,-0.364384412766,921.1638311279142,598.4020163831127,730.0,735.0
38,65,0.6333333333333333,1.0833333333333333,0.6392305501234935,-0.2179741464581753,-0.364384412766,0.6737974141617927,-0.2426039184334779,-0.364384412766,0.4531738144137995,-0.0850490450513532,-0.364384412766,917.4025157232704,597.2314465408805,730.0,735.0
39,66,0.65,1.1,0.6409740463743296,-0.2124668228136313,-0.364384412766,0.6739425795011563,-0.2373611730527861,-0.364384412766,0.4531738144137995,-0.0850490450513532,-0.364384412766,912.8199886428164,596.6842703009653,730.0,735.0
40,67,0.6666666666666666,1.1166666666666667,0.6423032601429837,-0.2068018061266746,-0.364384412766,0.673538381932156,-0.2332154124679489,-0.364384412766,0.4531738144137995,-0.0850490450513532,-0.364384412766,909.1130104463437,596.6842355175688,730.0,735.0
41,68,0.6833333333333333,1.1333333333333333,0.6430856762817767,-0.2018294443891794,-0.364384412766,0.6745659252970417,-0.2270330629305564,-0.364384412766,0.4531738144137995,-0.0850490450513532,-0.364384412766,903.8466413181242,595.3250950570342,730.0,735.0
42,69,0.7,1.15,0.6436396821495726,-0.1950639729339295,-0.364384412766,0.6736815022050325,-0.2215567447699179,-0.364384412766,0.4531738144137995,-0.0850490450513532,-0.364384412766,898.8936781609195,595.6172413793104,730.0,735.0
43,70,0.7166666666666667,1.1666666666666667,0.6436223984093026,-0.1907518339940628,-0.364384412766,0.6738342810614325,-0.2150620982179162,-0.364384412766,0.4531738144137995,-0.0850490450513532,-0.364384412766,893.2125603864733,594.9619565217391,730.0,735.0
44,71,0.7333333333333333,1.1833333333333331,0.643118044327265,-0.1837679636803757,-0.364384412766,0.6720600623856079,-0.209298480274871,-0.364384412766,0.4531738144137995,-0.0850490450513532,-0.364384412766,887.8643966547191,595.9725209080048,730.0,735.0
45,72,0.75,1.2,0.642502427101,-0.179358482361,-0.364384412766,0.6714396973989394,-0.2035309327232982,-0.364384412766,0.4531738144137995,-0.0850490450513532,-0.364384412766,882.6979632389467,596.0208643815201,730.0,735.0
46,73,0.7666666666666667,1.2166666666666666,0.6409134455817895,-0.1722435064270699,-0.364384412766,0.6697555727760817,-0.1977011665129556,-0.364384412766,0.4531738144137995,-0.0850490450513532,-0.364384412766,877.3061465721039,596.9509456264775,730.0,735.0
47,74,0.7833333333333333,1.2333333333333334,0.6393312952651519,-0.1668841966228192,-0.364384412766,0.667655845955189,-0.1920380387516077,-0.364384412766,0.4531738144137995,-0.0850490450513532,-0.364384412766,871.9940239043825,598.2410358565737,730.0,735.0
48,75,0.8,1.25,0.6370308347387174,-0.160622278470646,-0.364384412766,0.6649552959431516,-0.1869093315851316,-0.364384412766,0.4531738144137995,-0.0850490450513532,-0.364384412766,867.0549707602339,600.0754385964913,730.0,735.0
49,76,0.8166666666666667,1.2666666666666666,0.6342660823365763,-0.1543688383990685,-0.364384412766,0.6617844629898617,-0.1817002838361715,-0.364384412766,0.4531738144137995,-0.0850490450513532,-0.364384412766,861.9698613622664,602.295358649789,730.0,735.0
50,77,0.8333333333333334,1.2833333333333334,0.6315262601726221,-0.1490300085902578,-0.364384412766,0.6589768903380556,-0.1761903039072981,-0.364384412766,0.4531738144137995,-0.0850490450513532,-0.364384412766,856.6786786786786,604.187987987988,730.0,735.0
51,78,0.85,1.3,0.6274016929348316,-0.1419550674749887,-0.364384412766,0.6562567478666493,-0.1711098816689177,-0.364384412766,0.4531738144137995,-0.0850490450513532,-0.364384412766,851.7789001122334,606.0426487093154,730.0,735.0
52,79,0.8666666666666667,1.3166666666666669,0.6244967584603036,-0.1375730664059868,-0.364384412766,0.6518778762990078,-0.1656420596821267,-0.364384412766,0.4531738144137995,-0.0850490450513532,-0.364384412766,846.2725752508361,609.2486064659977,730.0,735.0
53,80,0.8833333333333333,1.3333333333333333,0.6194516757499349,-0.1306232705315593,-0.364384412766,0.6478704238841206,-0.1595163929674713,-0.364384412766,0.4531738144137995,-0.0850490450513532,-0.364384412766,840.2479338842975,612.0914600550964,730.0,735.0
54,81,0.9,1.35,0.6160580490256178,-0.1263211532920404,-0.364384412766,0.6424345235649122,-0.1538393850270935,-0.364384412766,0.4531738144137995,-0.0850490450513532,-0.364384412766,834.3881932021467,616.1615980918306,730.0,735.0
55,82,0.9166666666666666,1.3666666666666667,0.6101770981380369,-0.1195302160567163,-0.364384412766,0.6388659098914765,-0.148686460427298,-0.364384412766,0.4531738144137995,-0.0850490450513532,-0.364384412766,829.2885487528343,618.7176870748299,730.0,735.0
56,83,0.9333333333333332,1.3833333333333333,0.605489324581058,-0.114500765432179,-0.364384412766,0.6336050124791128,-0.1431077848582073,-0.364384412766,0.4531738144137995,-0.0850490450513532,-0.364384412766,823.5432807269249,622.6499282639885,730.0,735.0
57,84,0.95,1.4,0.5997129799926653,-0.1087115077411734,-0.364384412766,0.6278521252605492,-0.1383060428951542,-0.364384412766,0.4531738144137995,-0.0850490450513532,-0.364384412766,818.4016,627.0554666666666,730.0,735.0
58,85,0.9666666666666668,1.4166666666666667,0.5936370461818617,-0.103006326220129,-0.364384412766,0.6219779341800323,-0.1318635544368108,-0.364384412766,0.4531738144137995,-0.0850490450513532,-0.364384412766,811.7990325417766,631.4287598944591,730.0,735.0
59,86,0.9833333333333332,1.4333333333333331,0.5882000569541965,-0.0981859900945305,-0.364384412766,0.6159834299220843,-0.1249621168871112,-0.364384412766,0.4531738144137995,-0.0850490450513532,-0.364384412766,804.7739628040057,635.8650453028135,730.0,735.0
60,87,1.0,1.45,0.580670833588,-0.0918507948518,-0.364384412766,0.6074871966489133,-0.1175081033508101,-0.364384412766,0.4531738144137995,-0.0850490450513532,-0.364384412766,796.8619436875567,642.341961852861,730.0,735.0
61,88,1.0166666666666666,1.4666666666666666,0.5757792744080457,-0.0879566210126931,-0.364384412766,0.601767405521913,-0.1108085261950363,-0.364384412766,0.4531738144137995,-0.0850490450513532,-0.364384412766,790.0582999554962,646.5656430796618,730.0,735.0
62,89,1.0333333333333334,1.4833333333333334,0.567739178847546,-0.0818067331755806,-0.364384412766,0.5934695028289924,-0.1025801575012156,-0.364384412766,0.4531738144137995,-0.0850490450513532,-0.364384412766,781.4978292329956,652.8142788229618,730.0,735.0
63,90,1.05,1.5,0.5625890192250332,-0.0780121693135076,-0.364384412766,0.5861676733172348,-0.0948171197961637,-0.364384412766,0.4531738144137995,-0.0850490450513532,-0.364384412766,773.5060185185184,658.2703703703703,730.0,735.0
64,91,1.0666666666666669,1.5166666666666666,0.5541277124474548,-0.0720331279207784,-0.364384412766,0.5787167201217536,-0.0880982039043064,-0.364384412766,0.4531738144137995,-0.0850490450513532,-0.364384412766,766.4075504075504,663.93564993565,730.0,735.0
65,92,1.0833333333333333,1.5333333333333334,0.548744493533795,-0.0683374068815141,-0.364384412766,0.5708292385864217,-0.079215730693582,-0.364384412766,0.4531738144137995,-0.0850490450513532,-0.364384412766,757.3383084577115,669.7889718076284,730.0,735.0
66,93,1.1,1.55,0.5432880483110749,-0.0646744477119319,-0.364384412766,0.5634339831419285,-0.071209329137244,-0.364384412766,0.4531738144137995,-0.0850490450513532,-0.364384412766,749.1177052423343,675.3031651829871,730.0,735.0
67,94,1.1166666666666667,1.5666666666666669,0.5321552401901032,-0.0574510971541852,-0.364384412766,0.5571135452681013,-0.0612031041011318,-0.364384412766,0.4531738144137995,-0.0850490450513532,-0.364384412766,739.3127272727273,679.7587878787879,730.0,735.0
68,95,1.1333333333333333,1.5833333333333333,0.5253748858445378,-0.0531657650082883,-0.364384412766,0.5504939019665729,-0.0508029259202512,-0.364384412766,0.4531738144137995,-0.0850490450513532,-0.364384412766,729.1136363636364,684.4318181818181,730.0,735.0
69,96,1.15,1.6,0.516238759142957,-0.0474993806552174,-0.364384412766,0.5428426544005002,-0.0415341095190672,-0.364384412766,0.4531738144137995,-0.0850490450513532,-0.364384412766,719.7428998505231,690.0568011958146,730.0,735.0
70,97,1.1666666666666667,1.6166666666666667,0.5104728677256231,-0.043986315211984,-0.364384412766,0.5312544459005357,-0.0332332546681556,-0.364384412766,0.4531738144137995,-0.0850490450513532,-0.364384412766,710.5906862745098,699.0424836601306,730.0,735.0
71,98,1.1833333333333331,1.6333333333333333,0.5011950009723364,-0.0383923819895231,-0.364384412766,0.5197071705281846,-0.0268001105701995,-0.364384412766,0.4531738144137995,-0.0850490450513532,-0.364384412766,703.0858519491895,708.1458607095926,730.0,735.0
72,99,1.2,1.65,0.4953705537068773,-0.0349096792739924,-0.364384412766,0.5115377548027353,-0.0184649685432496,-0.364384412766,0.4531738144137995,-0.0850490450513532,-0.364384412766,694.4522003034901,714.2787051087506,730.0,735.0
73,100,1.2166666666666666,1.6666666666666667,0.4860232683287842,-0.0293521953509481,-0.364384412766,0.5059623808091784,-0.0104603192066514,-0.364384412766,0.4531738144137995,-0.0850490450513532,-0.364384412766,686.5252100840336,718.2759103641456,730.0,735.0
74,101,1.2333333333333334,1.6833333333333331,0.4790072651937068,-0.025187024638571,-0.364384412766,0.4998393437856637,-0.0040454316136786,-0.364384412766,0.4531738144137995,-0.0850490450513532,-0.364384412766,679.9069529652352,722.8588957055215,730.0,735.0
75,102,1.25,1.7,0.4708300232885,-0.02032335754485,-0.364384412766,0.4924666313104716,0.0018093111184975,-0.364384412766,0.4531738144137995,-0.0850490450513532,-0.364384412766,673.5802298850574,728.5291954022988,730.0,735.0
76,103,1.2666666666666666,1.7166666666666666,0.4626769411908945,-0.0154469586202406,-0.364384412766,0.4854606438095236,0.0062027536008312,-0.364384412766,0.4531738144137995,-0.0850490450513532,-0.364384412766,668.5961352657005,734.0125603864734,730.0,735.0
77,104,1.2833333333333334,1.7333333333333334,0.45572137722318,-0.0112500403328839,-0.364384412766,0.4775443761724932,0.0111178571647527,-0.364384412766,0.4531738144137995,-0.0850490450513532,-0.364384412766,663.007662835249,740.2123700054734,730.0,735.0
78,105,1.3,1.75,0.4465075866149284,-0.0056230636394846,-0.364384412766,0.4710018807520422,0.0138871030424008,-0.364384412766,0.4531738144137995,-0.0850490450513532,-0.364384412766,659.5248335893497,745.4413722478238,730.0,735.0
79,106,1.3166666666666669,1.7666666666666666,0.4408050557990713,-0.0020777284508978,-0.364384412766,0.463901472455667,0.0162914810524397,-0.364384412766,0.4531738144137995,-0.0850490450513532,-0.364384412766,656.2730061349694,751.1651329243354,730.0,735.0
80,107,1.3333333333333333,1.7833333333333334,0.431772741886772,0.0036401279107509,-0.364384412766,0.456864774809008,0.0182284372627545,-0.364384412766,0.4531738144137995,-0.0850490450513532,-0.364384412766,653.4420401854715,756.8737764039155,730.0,735.0
81,108,1.35,1.8,0.4261920716176734,0.0072451268649885,-0.364384412766,0.4508710762524938,0.0179303158950911,-0.364384412766,0.4531738144137995,-0.0850490450513532,-0.364384412766,652.7420123986647,761.8946113495468,730.0,735.0
82,109,1.3666666666666667,1.8166666666666669,0.4174181159142172,0.0130856189649563,-0.364384412766,0.4460267365230996,0.0191243623723187,-0.364384412766,0.4531738144137995,-0.0850490450513532,-0.364384412766,650.9155555555556,765.836,730.0,735.0
83,110,1.3833333333333333,1.8333333333333333,0.410952973593312,0.0175181090021551,-0.364384412766,0.4413814856194342,0.0179161681316942,-0.364384412766,0.4531738144137995,-0.0850490450513532,-0.364384412766,651.2314524555903,769.8066875653082,730.0,735.0
84,111,1.4,1.85,0.4035638198133252,0.0227557996158825,-0.364384412766,0.4380039531796328,0.0163521330920352,-0.364384412766,0.4531738144137995,-0.0850490450513532,-0.364384412766,652.0634171907757,772.7494758909853,730.0,735.0
85,112,1.4166666666666667,1.8666666666666667,0.3963536212440299,0.0280677175810955,-0.364384412766,0.4336635571725618,0.0137767616945119,-0.364384412766,0.4531738144137995,-0.0850490450513532,-0.364384412766,653.6293245469523,776.5771554091158,730.0,735.0
86,113,1.4333333333333331,1.8833333333333333,0.3903363238685897,0.032685117955749,-0.364384412766,0.4312104526487919,0.012099931618945,-0.364384412766,0.4531738144137995,-0.0850490450513532,-0.364384412766,654.7087431693989,778.7584699453552,730.0,735.0
87,114,1.45,1.9,0.3825493433396653,0.0389297529511371,-0.364384412766,0.4284581054670178,0.010524771189627,-0.364384412766,0.4531738144137995,-0.0850490450513532,-0.364384412766,655.65081799591,781.180981595092,730.0,735.0
88,115,1.4666666666666666,1.9166666666666667,0.3778684725240254,0.0428980091025397,-0.364384412766,0.4262714277212519,0.0078786434749782,-0.364384412766,0.4531738144137995,-0.0850490450513532,-0.364384412766,657.6245370370369,783.2189814814815,730.0,735.0
89,116,1.4833333333333334,1.9333333333333331,0.3706418217918733,0.0493322193258831,-0.364384412766,0.4248667090197793,0.0076486749629876,-0.364384412766,0.4531738144137995,-0.0850490450513532,-0.364384412766,657.6011235955057,784.4087078651686,730.0,735.0
90,117,1.5,1.95,0.366298228502,0.0534067936242,-0.364384412766,0.4245043587235959,0.0076450014678799,-0.364384412766,0.4531738144137995,-0.0850490450513532,-0.364384412766,657.5461970393058,784.7110770801429,730.0,735.0
91,118,1.5166666666666666,1.9666666666666663,0.3597258390979337,0.0600310132023433,-0.364384412766,0.4235363650816306,0.0094386687146382,-0.364384412766,0.4531738144137995,-0.0850490450513532,-0.364384412766,655.8150816522574,785.3722382324687,730.0,735.0
92,119,1.5333333333333334,1.9833333333333332,0.3550588047532804,0.0650654819982187,-0.364384412766,0.4238781627704853,0.0089175827170401,-0.364384412766,0.4531738144137995,-0.0850490450513532,-0.364384412766,656.3277182235835,785.1296579887697,730.0,735.0
93,120,1.55,2.0,0.3499426442775887,0.0710138502861403,-0.364384412766,0.4232436839103909,0.0090641100471206,-0.364384412766,0.4531738144137995,-0.0850490450513532,-0.364384412766,656.0971641097163,785.6466759646676,730.0,735.0
94,121,1.5666666666666669,2.0166666666666666,0.3451896555145563,0.0770354526024511,-0.364384412766,0.4237596129167877,0.00999217988207,-0.364384412766,0.4531738144137995,-0.0850490450513532,-0.364384412766,655.3646435452794,785.1411368015414,730.0,735.0
95,122,1.5833333333333333,2.033333333333333,0.3414301428710709,0.0822518452309321,-0.364384412766,0.4235499988206923,0.01241157329874,-0.364384412766,0.4531738144137995,-0.0850490450513532,-0.364384412766,653.2055317119695,785.1192179303766,730.0,735.0
96,123,1.6,2.05,0.3368520293667985,0.0892716825010872,-0.364384412766,0.4235757801317881,0.0142884050600304,-0.364384412766,0.4531738144137995,-0.0850490450513532,-0.364384412766,651.5608465608465,784.945165945166,730.0,735.0
97,124,1.6166666666666667,2.066666666666667,0.3343179354775982,0.0936988030873684,-0.364384412766,0.4258554597457283,0.0170084332921509,-0.364384412766,0.4531738144137995,-0.0850490450513532,-0.364384412766,649.5371308016878,782.8236286919831,730.0,735.0
98,125,1.6333333333333333,2.083333333333333,0.3307015148719751,0.1008207977648742,-0.364384412766,0.4257498229056107,0.0187565647859845,-0.364384412766,0.4531738144137995,-0.0850490450513532,-0.364384412766,647.9844192634561,782.7695939565626,730.0,735.0
99,126,1.65,2.1,0.3287212856266567,0.1052913690076946,-0.364384412766,0.4277293435863224,0.0217090946967174,-0.364384412766,0.4531738144137995,-0.0850490450513532,-0.364384412766,645.7082748948106,780.8793828892005,730.0,735.0
100,127,1.6666666666666667,2.1166666666666667,0.3261321651006472,0.112464009193653,-0.364384412766,0.4289162931680649,0.0243235161315306,-0.364384412766,0.4531738144137995,-0.0850490450513532,-0.364384412766,643.6019634091923,779.6773761713521,730.0,735.0
101,128,1.6833333333333331,2.1333333333333333,0.3245753332268015,0.117845384359849,-0.364384412766,0.4299942109430142,0.0277614929177186,-0.364384412766,0.4531738144137995,-0.0850490450513532,-0.364384412766,640.7546485260771,778.4993197278911,730.0,735.0
102,129,1.7,2.15,0.3232208662101783,0.1241122319088246,-0.364384412766,0.4311867755705578,0.0323112371339845,-0.364384412766,0.4531738144137995,-0.0850490450513532,-0.364384412766,636.9490302210194,777.1353179972937,730.0,735.0
103,130,1.7166666666666666,2.1666666666666665,0.3223541099566728,0.1303518294500742,-0.364384412766,0.4336424633690499,0.0372093659378137,-0.364384412766,0.4531738144137995,-0.0850490450513532,-0.364384412766,633.0400704535447,774.6900044033464,730.0,735.0
104,131,1.7333333333333334,2.183333333333333,0.3220143518583541,0.1356646773810916,-0.364384412766,0.43508595794379,0.0415528084684828,-0.364384412766,0.4531738144137995,-0.0850490450513532,-0.364384412766,629.4559629161398,773.1335861778339,730.0,735.0
105,132,1.75,2.2,0.322093516588,0.142684608698,-0.364384412766,0.435681654260631,0.0473875309880149,-0.364384412766,0.4531738144137995,-0.0850490450513532,-0.364384412766,624.4256816182937,772.1627088830254,730.0,735.0
106,133,1.7666666666666666,2.216666666666667,0.3225248807810476,0.1470131766352107,-0.364384412766,0.4354312671159498,0.0516867400669111,-0.364384412766,0.4531738144137995,-0.0850490450513532,-0.364384412766,620.6085818942961,772.021978021978,730.0,735.0
107,134,1.7833333333333334,2.2333333333333334,0.3236973404680262,0.1538439522880157,-0.364384412766,0.4356627714645416,0.056334697013739,-0.364384412766,0.4531738144137995,-0.0850490450513532,-0.364384412766,616.562441314554,771.4511737089201,730.0,735.0
108,135,1.8,2.25,0.3247281090571556,0.1580470142467734,-0.364384412766,0.4357011949871883,0.0626305350680894,-0.364384412766,0.4531738144137995,-0.0850490450513532,-0.364384412766,611.0376266280753,770.9073806078147,730.0,735.0
109,136,1.8166666666666669,2.2666666666666666,0.3269570829145404,0.1646159594466009,-0.364384412766,0.4373072633032588,0.070680647382027,-0.364384412766,0.4531738144137995,-0.0850490450513532,-0.364384412766,604.2232496697491,768.9141347424043,730.0,735.0
110,137,1.8333333333333333,2.283333333333333,0.3289946397775371,0.169429141193437,-0.364384412766,0.435153594646064,0.0768771005968531,-0.364384412766,0.4531738144137995,-0.0850490450513532,-0.364384412766,598.4339360222531,770.2058414464534,730.0,735.0
111,138,1.85,2.3,0.3317883435577851,0.1748972159287404,-0.364384412766,0.4348231028001104,0.0839940462745337,-0.364384412766,0.4531738144137995,-0.0850490450513532,-0.364384412766,592.1285594639866,769.9028475711892,730.0,735.0
112,139,1.8666666666666667,2.316666666666667,0.3349986695130665,0.1801984114149841,-0.364384412766,0.4341161290792987,0.0932234624827074,-0.364384412766,0.4531738144137995,-0.0850490450513532,-0.364384412766,583.9069264069263,769.7419913419913,730.0,735.0
113,140,1.8833333333333333,2.333333333333333,0.3380762441155419,0.1845951555631147,-0.364384412766,0.4336369752926113,0.1025366096239531,-0.364384412766,0.4531738144137995,-0.0850490450513532,-0.364384412766,575.6482974910394,769.3844086021505,730.0,735.0
114,141,1.9,2.35,0.3425868121190593,0.1902519754573706,-0.364384412766,0.4336238266253077,0.111431364940461,-0.364384412766,0.4531738144137995,-0.0850490450513532,-0.364384412766,567.8320209973754,768.6723534558179,730.0,735.0
115,142,1.9166666666666667,2.3666666666666667,0.3456817493560946,0.1936316955969526,-0.364384412766,0.4323857554584288,0.119777488921169,-0.364384412766,0.4531738144137995,-0.0850490450513532,-0.364384412766,560.3011363636364,769.0260416666665,730.0,735.0
116,143,1.9333333333333331,2.3833333333333333,0.3509586220929689,0.1988302573920245,-0.364384412766,0.4311114213253001,0.12807628009221,-0.364384412766,0.4531738144137995,-0.0850490450513532,-0.364384412766,552.8060144006777,769.413807708598,730.0,735.0
117,144,1.95,2.4,0.3544494707846018,0.2019458323982684,-0.364384412766,0.4310150266092212,0.1367424249345913,-0.364384412766,0.4531738144137995,-0.0850490450513532,-0.364384412766,545.1772151898734,768.7897327707453,730.0,735.0
118,145,1.9666666666666663,2.4166666666666665,0.3603839900524452,0.2066555962454478,-0.364384412766,0.4324937312938677,0.1460808766745788,-0.364384412766,0.4531738144137995,-0.0850490450513532,-0.364384412766,537.2105734767025,766.7979390681003,730.0,735.0
119,146,1.9833333333333332,2.433333333333333,0.3650420927555226,0.2100058394875525,-0.364384412766,0.4334017355377346,0.1555168489076491,-0.364384412766,0.4531738144137995,-0.0850490450513532,-0.364384412766,529.0666666666666,765.2739784946235,730.0,735.0
120,147,2.0,2.45,0.3706985116005,0.213697180152,-0.364384412766,0.4329130488295899,0.1645844843936205,-0.364384412766,0.4531738144137995,-0.0850490450513532,-0.364384412766,521.0221932114882,764.9442993907745,730.0,735.0
121,148,2.0166666666666666,2.466666666666667,0.3765633087802894,0.2171602940876466,-0.364384412766,0.4340125796347056,0.1744284952518291,-0.364384412766,0.4531738144137995,-0.0850490450513532,-0.364384412766,512.5505569837189,763.2275064267352,730.0,735.0
122,149,2.033333333333333,2.4833333333333334,0.3817429526239331,0.2199408653947488,-0.364384412766,0.4340510616767571,0.1819237661451748,-0.364384412766,0.4531738144137995,-0.0850490450513532,-0.364384412766,505.9720332577475,762.5861678004535,730.0,735.0
123,150,2.05,2.5,0.3888279627551389,0.2234011945308656,-0.364384412766,0.4349832873353985,0.191502840231745,-0.364384412766,0.4531738144137995,-0.0850490450513532,-0.364384412766,497.70629678555696,761.0303830911492,730.0,735.0
124,151,2.066666666666667,2.5166666666666666,0.3933693939836853,0.2253868009894875,-0.364384412766,0.436347965186069,0.1999029339126335,-0.364384412766,0.4531738144137995,-0.0850490450513532,-0.364384412766,490.5457154571545,759.209922099221,730.0,735.0
125,152,2.083333333333333,2.533333333333333,0.4007582987351344,0.2283397224469831,-0.364384412766,0.4410025323043118,0.2070542908841631,-0.364384412766,0.4531738144137995,-0.0850490450513532,-0.364384412766,485.010162601626,754.7483739837398,730.0,735.0
126,153,2.1,2.55,0.4054458114909483,0.2300464153704766,-0.364384412766,0.4434322098178734,0.2143735325943694,-0.364384412766,0.4531738144137995,-0.0850490450513532,-0.364384412766,478.9700470688917,752.1279418057338,730.0,735.0
127,154,2.1166666666666667,2.566666666666667,0.4101925312461064,0.2316162169467227,-0.364384412766,0.4459542444366471,0.2203648074306998,-0.364384412766,0.4531738144137995,-0.0850490450513532,-0.364384412766,474.1113913408995,749.5384615384615,730.0,735.0
128,155,2.1333333333333333,2.583333333333333,0.4188359025766267,0.2341727316348008,-0.364384412766,0.4481440833936144,0.2263432227507364,-0.364384412766,0.4531738144137995,-0.0850490450513532,-0.364384412766,469.21071863581,747.2269589930978,730.0,735.0
129,156,2.15,2.6,0.425636119668661,0.2359168546261571,-0.364384412766,0.4499484768394499,0.2333196625140098,-0.364384412766,0.4531738144137995,-0.0850490450513532,-0.364384412766,463.371407241508,745.1556550951848,730.0,735.0
130,157,2.1666666666666665,2.6166666666666667,0.4324907887663118,0.2374532421378968,-0.364384412766,0.4538186030921524,0.2374078906461623,-0.364384412766,0.4531738144137995,-0.0850490450513532,-0.364384412766,460.4009603841537,741.5970388155262,730.0,735.0
131,158,2.183333333333333,2.6333333333333333,0.4384029220027293,0.2386024609060107,-0.364384412766,0.4599657495840937,0.2421001878606435,-0.364384412766,0.4531738144137995,-0.0850490450513532,-0.364384412766,457.2652705061082,736.0910994764398,730.0,735.0
132,159,2.2,2.65,0.4463248863325176,0.2399171694589648,-0.364384412766,0.4598884916618923,0.2451864384182548,-0.364384412766,0.4531738144137995,-0.0850490450513532,-0.364384412766,454.5415573053368,735.9046369203849,730.0,735.0
133,160,2.216666666666667,2.6666666666666665,0.4512984657793437,0.2405843970368693,-0.364384412766,0.4633730661570041,0.2484726549343842,-0.364384412766,0.4531738144137995,-0.0850490450513532,-0.364384412766,452.2138114209827,732.7326250553342,730.0,735.0
134,161,2.2333333333333334,2.683333333333333,0.4562827996540013,0.2411542281274541,-0.364384412766,0.46731497838419,0.2518283559059231,-0.364384412766,0.4531738144137995,-0.0850490450513532,-0.364384412766,449.8984208279982,729.1737089201878,730.0,735.0
135,162,2.25,2.7,0.464274376631,0.241882488132,-0.364384412766,0.4709541139840202,0.2539922531335662,-0.364384412766,0.4531738144137995,-0.0850490450513532,-0.364384412766,448.5814536340852,725.9640768588137,730.0,735.0
136,163,2.2666666666666666,2.716666666666667,0.4722839343642184,0.2423240643536678,-0.364384412766,0.4740633914863872,0.2555090601262697,-0.364384412766,0.4531738144137995,-0.0850490450513532,-0.364384412766,447.7479270315091,723.2487562189054,730.0,735.0
137,164,2.283333333333333,2.7333333333333334,0.4782964877750144,0.2425011995082835,-0.364384412766,0.4788895114906183,0.2576348299879866,-0.364384412766,0.4531738144137995,-0.0850490450513532,-0.364384412766,446.6549549549549,719.0527027027027,730.0,735.0
138,165,2.3,2.75,0.4853135490768292,0.2425267694973124,-0.364384412766,0.4836131517364586,0.2579435563826624,-0.364384412766,0.4531738144137995,-0.0850490450513532,-0.364384412766,447.1418338108883,715.0897803247373,730.0,735.0
139,166,2.316666666666667,2.7666666666666666,0.4903250229748143,0.2424303535198846,-0.364384412766,0.4890144808630134,0.2578384925699083,-0.364384412766,0.4531738144137995,-0.0850490450513532,-0.364384412766,448.1009957325747,710.5955429113324,730.0,735.0
140,167,2.333333333333333,2.783333333333333,0.4963355343098067,0.2421821974274519,-0.364384412766,0.4942552083394728,0.2567645236896392,-0.364384412766,0.4531738144137995,-0.0850490450513532,-0.364384412766,449.8855791962175,706.3139479905437,730.0,735.0
141,168,2.35,2.8,0.5063385056823606,0.241467428182046,-0.364384412766,0.5006808844634086,0.2542923591717387,-0.364384412766,0.4531738144137995,-0.0850490450513532,-0.364384412766,453.0886699507389,701.1581828133552,730.0,735.0
142,169,2.3666666666666667,2.816666666666667,0.5113275185485874,0.2409420996602204,-0.364384412766,0.5055778131376535,0.2528178530964404,-0.364384412766,0.4531738144137995,-0.0850490450513532,-0.364384412766,455.1699544764795,697.195751138088,730.0,735.0
143,170,2.3833333333333333,2.833333333333333,0.5163061203715276,0.2403195649707058,-0.364384412766,0.5124038326786357,0.2506085726710488,-0.364384412766,0.4531738144137995,-0.0850490450513532,-0.364384412766,458.2063492063492,691.6848739495798,730.0,735.0
144,171,2.4,2.85,0.524248088745703,0.2391370679378071,-0.364384412766,0.517337631921254,0.2475666046412192,-0.364384412766,0.4531738144137995,-0.0850490450513532,-0.364384412766,461.6705882352941,687.8191176470589,730.0,735.0
145,172,2.4166666666666665,2.8666666666666667,0.5321407481152256,0.2376553464936215,-0.364384412766,0.5229919150661468,0.2432742544733916,-0.364384412766,0.4531738144137995,-0.0850490450513532,-0.364384412766,466.3489361702128,683.4543735224586,730.0,735.0
146,173,2.433333333333333,2.8833333333333333,0.537048937127271,0.2366086983818827,-0.364384412766,0.5306157237380562,0.2398321453675567,-0.364384412766,0.4531738144137995,-0.0850490450513532,-0.364384412766,470.59642560266,677.3786367414796,730.0,735.0
147,174,2.45,2.9,0.5419330457184532,0.235459271381537,-0.364384412766,0.5365885289024331,0.2350123768236237,-0.364384412766,0.4531738144137995,-0.0850490450513532,-0.364384412766,475.78923766816143,672.7912306925759,730.0,735.0
148,175,2.466666666666667,2.9166666666666665,0.55159519269698,0.2327933266003822,-0.364384412766,0.5428495301290649,0.2300003965672866,-0.364384412766,0.4531738144137995,-0.0850490450513532,-0.364384412766,481.1971631205674,667.9791962174941,730.0,735.0
149,176,2.4833333333333334,2.933333333333333,0.5573220605002207,0.2309905802061574,-0.364384412766,0.5505111353031243,0.2252350586993764,-0.364384412766,0.4531738144137995,-0.0850490450513532,-0.364384412766,486.6131934032984,661.9795102448776,730.0,735.0
150,177,2.5,2.95,0.564861893654,0.228351205587,-0.364384412766,0.5574044183778052,0.2202495921671626,-0.364384412766,0.4531738144137995,-0.0850490450513532,-0.364384412766,492.0993013972056,656.6382235528941,730.0,735.0
151,178,2.5166666666666666,2.966666666666667,0.5694932783108325,0.226529065023438,-0.364384412766,0.5642854029512243,0.214842171197967,-0.364384412766,0.4531738144137995,-0.0850490450513532,-0.364384412766,497.95412844036696,651.341488277268,730.0,735.0
152,179,2.533333333333333,2.9833333333333334,0.5767793541944208,0.2233893682171543,-0.364384412766,0.57122291743423,0.2090118385448105,-0.364384412766,0.4531738144137995,-0.0850490450513532,-0.364384412766,504.18956179222056,646.0320039389462,730.0,735.0
153,180,2.55,3.0,0.5812478315595596,0.2212859114648224,-0.364384412766,0.57851502866736,0.2044048999225151,-0.364384412766,0.4531738144137995,-0.0850490450513532,-0.364384412766,509.4071358748778,640.327468230694,730.0,735.0
154,181,2.566666666666667,3.0166666666666666,0.5881975257041421,0.2176356125156561,-0.364384412766,0.5844662051481889,0.1988705227597752,-0.364384412766,0.4531738144137995,-0.0850490450513532,-0.364384412766,515.2242703533026,635.8161802355351,730.0,735.0
155,182,2.583333333333333,3.033333333333333,0.5932627516422483,0.2147121337028444,-0.364384412766,0.5899545710241888,0.1937243033785852,-0.364384412766,0.4531738144137995,-0.0850490450513532,-0.364384412766,520.6261261261261,631.6591591591591,730.0,735.0
156,183,2.6,3.05,0.5989779463127884,0.2110825177011581,-0.364384412766,0.5953089686036518,0.1896564650299301,-0.364384412766,0.4531738144137995,-0.0850490450513532,-0.364384412766,525.0591085271317,627.5261627906976,730.0,735.0
157,184,2.6166666666666667,3.066666666666667,0.6044674037377271,0.2072256775294857,-0.364384412766,0.6008042091507726,0.1864535500829481,-0.364384412766,0.4531738144137995,-0.0850490450513532,-0.364384412766,528.7548476454293,623.2054478301015,730.0,735.0
158,185,2.6333333333333333,3.083333333333333,0.6089675708498505,0.2037351899372785,-0.364384412766,0.6075200045468832,0.1812957074878479,-0.364384412766,0.4531738144137995,-0.0850490450513532,-0.364384412766,534.3639053254437,618.0261341222879,730.0,735.0
159,186,2.65,3.1,0.6146717357565789,0.1988415143045162,-0.364384412766,0.6118672031557487,0.1758903146193771,-0.364384412766,0.4531738144137995,-0.0850490450513532,-0.364384412766,539.8103021297671,614.841505695889,730.0,735.0
160,187,2.6666666666666665,3.1166666666666667,0.6180042942383948,0.1956140575266899,-0.364384412766,0.6180325636432795,0.1708773599244358,-0.364384412766,0.4531738144137995,-0.0850490450513532,-0.364384412766,545.2037342119714,610.1092806150466,730.0,735.0
161,188,2.683333333333333,3.1333333333333333,0.6230096705853571,0.190241568666176,-0.364384412766,0.6243173625916628,0.1668453570658284,-0.364384412766,0.4531738144137995,-0.0850490450513532,-0.364384412766,549.7545551982851,605.1977491961414,730.0,735.0
162,189,2.7,3.15,0.6259237444477679,0.1867567549511319,-0.364384412766,0.6298632614910032,0.1622708987703176,-0.364384412766,0.4531738144137995,-0.0850490450513532,-0.364384412766,554.6633444075304,600.9462901439645,730.0,735.0
163,190,2.716666666666667,3.1666666666666665,0.6301234913941686,0.1809407295238514,-0.364384412766,0.6347373529923693,0.1579413251550323,-0.364384412766,0.4531738144137995,-0.0850490450513532,-0.364384412766,559.2491803278689,597.2349726775956,730.0,735.0
164,191,2.7333333333333334,3.183333333333333,0.6329547919766259,0.1764311168141608,-0.364384412766,0.6395359809377803,0.153178100428737,-0.364384412766,0.4531738144137995,-0.0850490450513532,-0.364384412766,564.203873598369,593.6218144750254,730.0,735.0
165,192,2.75,3.2,0.6358632445335,0.1710069328545,-0.364384412766,0.6441556397790965,0.1500929122717343,-0.364384412766,0.4531738144137995,-0.0850490450513532,-0.364384412766,567.6556655665566,590.0214521452145,730.0,735.0
166,193,2.7666666666666666,3.216666666666667,0.6376802539695081,0.1670365046795247,-0.364384412766,0.6480312690618795,0.1453920871628765,-0.364384412766,0.4531738144137995,-0.0850490450513532,-0.364384412766,572.4074074074074,587.1726726726727,730.0,735.0
167,194,2.783333333333333,3.2333333333333334,0.639550452690189,0.1621695699341646,-0.364384412766,0.6520374528138142,0.1403934684831975,-0.364384412766,0.4531738144137995,-0.0850490450513532,-0.364384412766,577.4417177914111,584.239263803681,730.0,735.0
168,195,2.8,3.25,0.6419421456810539,0.1538498279766883,-0.364384412766,0.6554262689202428,0.1358339077081689,-0.364384412766,0.4531738144137995,-0.0850490450513532,-0.364384412766,581.9912280701755,581.7848297213623,730.0,735.0
169,196,2.816666666666667,3.2666666666666666,0.6427254508014052,0.149590053799251,-0.364384412766,0.658560441747292,0.1305546282590279,-0.364384412766,0.4531738144137995,-0.0850490450513532,-0.364384412766,587.1321533923303,579.6011799410029,730.0,735.0
170,197,2.833333333333333,3.283333333333333,0.643495838692573,0.1426806763050709,-0.364384412766,0.6611731507948414,0.1262330923248182,-0.364384412766,0.4531738144137995,-0.0850490450513532,-0.364384412766,591.3479977439367,577.774393683023,730.0,735.0
171,198,2.85,3.3,0.6436730608425222,0.1383106203704536,-0.364384412766,0.6640240495216707,0.122308466319557,-0.364384412766,0.4531738144137995,-0.0850490450513532,-0.364384412766,595.2533783783783,575.7167792792792,730.0,735.0
172,199,2.8666666666666667,3.316666666666667,0.6433429291500211,0.1312398713241402,-0.364384412766,0.6662707274814863,0.1178352787527592,-0.364384412766,0.4531738144137995,-0.0850490450513532,-0.364384412766,599.5437062937064,574.2074592074591,730.0,735.0
173,200,2.8833333333333333,3.333333333333333,0.6426962898024394,0.1258987847960654,-0.364384412766,0.6681099891379445,0.1131503691482159,-0.364384412766,0.4531738144137995,-0.0850490450513532,-0.364384412766,603.9546485260771,573.0549886621314,730.0,735.0
174,201,2.9,3.35,0.6414734706205503,0.1196378107355814,-0.364384412766,0.6690072575103869,0.108773177495054,-0.364384412766,0.4531738144137995,-0.0850490450513532,-0.364384412766,607.9440753045404,572.6627906976744,730.0,735.0
175,202,2.9166666666666665,3.3666666666666667,0.6397670635956426,0.1133611332011764,-0.364384412766,0.6692944782468124,0.1061088209601968,-0.364384412766,0.4531738144137995,-0.0850490450513532,-0.364384412766,610.3308457711443,572.6399253731344,730.0,735.0
176,203,2.933333333333333,3.3833333333333333,0.6379134320316526,0.1079802659306413,-0.364384412766,0.6707219943241531,0.1033467567354889,-0.364384412766,0.4531738144137995,-0.0850490450513532,-0.364384412766,612.9864603481625,571.6744036105738,730.0,735.0
177,204,2.95,3.4,0.6349369398078977,0.1008194642904486,-0.364384412766,0.6699959966513692,0.1000696441982774,-0.364384412766,0.4531738144137995,-0.0850490450513532,-0.364384412766,615.7489335770871,572.5460085313832,730.0,735.0
178,205,2.966666666666667,3.4166666666666665,0.6327220243736069,0.0963638571945382,-0.364384412766,0.6690138848090129,0.0975419075125624,-0.364384412766,0.4531738144137995,-0.0850490450513532,-0.364384412766,617.8119658119658,573.5702075702076,730.0,735.0
179,206,2.9833333333333334,3.433333333333333,0.6287409888154263,0.0892743286746781,-0.364384412766,0.66753762055864,0.0957647052774843,-0.364384412766,0.4531738144137995,-0.0850490450513532,-0.364384412766,619.1363363363363,574.9453453453452,730.0,735.0
180,207,3.0,3.45,0.625986456871,0.0848724469543,-0.364384412766,0.6647085253444095,0.0950907065171015,-0.364384412766,0.4531738144137995,-0.0850490450513532,-0.364384412766,619.2744107744107,577.3585858585859,730.0,735.0
181,208,3.0166666666666666,3.466666666666667,0.6229763200978099,0.0805056637107276,-0.364384412766,0.6622910493983961,0.0927205471561912,-0.364384412766,0.4531738144137995,-0.0850490450513532,-0.364384412766,620.9686468646864,579.5665566556655,730.0,735.0
182,209,3.033333333333333,3.4833333333333334,0.6170718139398796,0.0727263947838893,-0.364384412766,0.6594138308957532,0.0915813968588193,-0.364384412766,0.4531738144137995,-0.0850490450513532,-0.364384412766,621.5076400679117,582.0577249575551,730.0,735.0
183,210,3.05,3.5,0.6120519531830234,0.0667576407874932,-0.364384412766,0.6564772688161884,0.0890846940387531,-0.364384412766,0.4531738144137995,-0.0850490450513532,-0.364384412766,623.2297379646557,584.7087141986593,730.0,735.0
184,211,3.066666666666667,3.5166666666666666,0.6066840587621917,0.060865862013968,-0.364384412766,0.6518358167292385,0.0867425450313185,-0.364384412766,0.4531738144137995,-0.0850490450513532,-0.364384412766,624.5424395727937,588.7684092186621,730.0,735.0
185,212,3.083333333333333,3.533333333333333,0.6018139721944564,0.0558822355146383,-0.364384412766,0.6485822845835295,0.0853339693583787,-0.364384412766,0.4531738144137995,-0.0850490450513532,-0.364384412766,625.2577319587629,591.5951890034363,730.0,735.0
186,213,3.1,3.55,0.5949879627810238,0.0493277751264272,-0.364384412766,0.6423227767730967,0.0826925571327779,-0.364384412766,0.4531738144137995,-0.0850490450513532,-0.364384412766,626.5736579275905,597.0280898876405,730.0,735.0
187,214,3.1166666666666667,3.566666666666667,0.5904981392900279,0.0452975256162151,-0.364384412766,0.6368713096449984,0.079688197719052,-0.364384412766,0.4531738144137995,-0.0850490450513532,-0.364384412766,628.3381208856972,601.8168761220826,730.0,735.0
188,215,3.1333333333333333,3.583333333333333,0.5830530952194682,0.0389341077311962,-0.364384412766,0.6317466596457537,0.0765294074236773,-0.364384412766,0.4531738144137995,-0.0850490450513532,-0.364384412766,630.2907045589105,606.3457667258732,730.0,735.0
189,216,3.15,3.6,0.578245435637476,0.0350096455005149,-0.364384412766,0.62610320992781,0.0721528586669576,-0.364384412766,0.4531738144137995,-0.0850490450513532,-0.364384412766,633.2298435619734,611.4061371841156,730.0,735.0
190,217,3.1666666666666665,3.6166666666666663,0.5702749335577232,0.0288331852352323,-0.364384412766,0.6178512780198623,0.0671020716786433,-0.364384412766,0.4531738144137995,-0.0850490450513532,-0.364384412766,636.3426736719206,618.6958552247519,730.0,735.0
191,218,3.183333333333333,3.633333333333333,0.5641321340441615,0.0242650107697347,-0.364384412766,0.6108455573719944,0.0619999979128641,-0.364384412766,0.4531738144137995,-0.0850490450513532,-0.364384412766,639.7005649717514,624.9508474576271,730.0,735.0
192,219,3.2,3.65,0.5567894133758231,0.019007602200131,-0.364384412766,0.6040641859530198,0.0559067078903392,-0.364384412766,0.4531738144137995,-0.0850490450513532,-0.364384412766,643.9652594547053,631.0993843447669,730.0,735.0
193,220,3.216666666666667,3.6666666666666665,0.5492819753816574,0.0138209012955591,-0.364384412766,0.5944720575733387,0.0504105037224749,-0.364384412766,0.4531738144137995,-0.0850490450513532,-0.364384412766,647.2543059777103,639.5425531914893,730.0,735.0
194,221,3.2333333333333334,3.683333333333333,0.5427269590615119,0.0094288473337479,-0.364384412766,0.5857093517750086,0.0435362084765329,-0.364384412766,0.4531738144137995,-0.0850490450513532,-0.364384412766,651.8871391076116,647.4062992125985,730.0,735.0
195,222,3.25,3.7,0.533847808838,0.00363733409904,-0.364384412766,0.5768587401387565,0.0383233957215949,-0.364384412766,0.4531738144137995,-0.0850490450513532,-0.364384412766,655.0462287104622,655.2082725060827,730.0,735.0
196,223,3.2666666666666666,3.716666666666667,0.5282117869355707,5.913982991637232e-05,-0.364384412766,0.5680771594195299,0.0327048496203002,-0.364384412766,0.4531738144137995,-0.0850490450513532,-0.364384412766,658.5728395061727,662.9856790123456,730.0,735.0
197,224,3.283333333333333,3.733333333333333,0.5191035558536119,-0.0056211886026123,-0.364384412766,0.5578680889695464,0.0261815240044211,-0.364384412766,0.4531738144137995,-0.0850490450513532,-0.364384412766,662.6652131782945,672.0266472868217,730.0,735.0
198,225,3.3,3.75,0.513361420929941,-0.0091465306808414,-0.364384412766,0.5484192379004882,0.0214791625660704,-0.364384412766,0.4531738144137995,-0.0850490450513532,-0.364384412766,665.2798524665744,680.285846011987,730.0,735.0
199,226,3.316666666666667,3.7666666666666666,0.5040995753657542,-0.0147487492863856,-0.364384412766,0.5377662038928346,0.0144778786729842,-0.364384412766,0.4531738144137995,-0.0850490450513532,-0.364384412766,669.7208672086721,689.7357723577236,730.0,735.0
200,227,3.333333333333333,3.783333333333333,0.4971177518478896,-0.0189319907577758,-0.364384412766,0.527374352266121,0.0105228662715792,-0.364384412766,0.4531738144137995,-0.0850490450513532,-0.364384412766,671.5276073619632,698.7203476482617,730.0,735.0
201,228,3.35,3.8,0.4889455103247005,-0.0237982499724981,-0.364384412766,0.51733125232852,0.0041526268388975,-0.364384412766,0.4531738144137995,-0.0850490450513532,-0.364384412766,675.5121293800539,707.61051212938,730.0,735.0
202,229,3.3666666666666667,3.816666666666667,0.4807608042238686,-0.0286580135607814,-0.364384412766,0.5059677570578244,-0.0001701908154837,-0.364384412766,0.4531738144137995,-0.0850490450513532,-0.364384412766,677.4860520094562,717.434988179669,730.0,735.0
203,230,3.3833333333333333,3.8333333333333335,0.4737481128499415,-0.032824917188103,-0.364384412766,0.4966997014532464,-0.0042344144409578,-0.364384412766,0.4531738144137995,-0.0850490450513532,-0.364384412766,679.5690943043884,725.4915966386554,730.0,735.0
204,231,3.4,3.85,0.4644180336091319,-0.0383914710885946,-0.364384412766,0.4838506457205106,-0.0085194146424115,-0.364384412766,0.4531738144137995,-0.0850490450513532,-0.364384412766,681.2713754646841,736.551425030979,730.0,735.0
205,232,3.4166666666666665,3.8666666666666663,0.4586135982778522,-0.041884603342857,-0.364384412766,0.477007272660217,-0.0113310194377004,-0.364384412766,0.4531738144137995,-0.0850490450513532,-0.364384412766,682.6431131592421,742.4848950332821,730.0,735.0
206,233,3.433333333333333,3.883333333333333,0.4493798037438103,-0.0475013009616118,-0.364384412766,0.4666975801507956,-0.0166664770388795,-0.364384412766,0.4531738144137995,-0.0850490450513532,-0.364384412766,685.6757793764988,751.5131894484412,730.0,735.0
207,234,3.45,3.9,0.4436488613533577,-0.0510323207384714,-0.364384412766,0.4599222814653043,-0.0206836961166562,-0.364384412766,0.4531738144137995,-0.0850490450513532,-0.364384412766,688.117591275486,757.4879089615931,730.0,735.0
208,235,3.466666666666667,3.9166666666666665,0.4345844594543035,-0.0567344172447779,-0.364384412766,0.452282497218556,-0.0256239919290351,-0.364384412766,0.4531738144137995,-0.0850490450513532,-0.364384412766,691.2315972222221,764.2583333333333,730.0,735.0
209,236,3.4833333333333334,3.933333333333333,0.4278681682118617,-0.06105091477516,-0.364384412766,0.4433252241726808,-0.02916436143534,-0.364384412766,0.4531738144137995,-0.0850490450513532,-0.364384412766,692.9043040293041,772.0132783882783,730.0,735.0
210,237,3.5,3.95,0.4201454222199999,-0.0661402568221,-0.364384412766,0.435387616386397,-0.0351448600546916,-0.364384412766,0.4531738144137995,-0.0850490450513532,-0.364384412766,696.8843447669304,779.1165347405451,730.0,735.0
211,238,3.5166666666666666,3.966666666666667,0.4125582969868162,-0.0712916101992196,-0.364384412766,0.4306900564246555,-0.0411608870913166,-0.364384412766,0.4531738144137995,-0.0850490450513532,-0.364384412766,701.4155945419102,783.5216374269006,730.0,735.0
212,239,3.533333333333333,3.983333333333333,0.4061814942570945,-0.0757626589949444,-0.364384412766,0.4194065328740374,-0.0475724081283389,-0.364384412766,0.4531738144137995,-0.0850490450513532,-0.364384412766,705.2373068432671,793.4492273730684,730.0,735.0
213,240,3.55,4.0,0.3978656683980631,-0.0818027442149778,-0.364384412766,0.4138210062797375,-0.0523415287343544,-0.364384412766,0.4531738144137995,-0.0850490450513532,-0.364384412766,708.5306217858812,798.4932211313698,730.0,735.0
214,241,3.566666666666667,4.016666666666667,0.392817845559084,-0.085637903190637,-0.364384412766,0.4087731284948832,-0.0579154666770893,-0.364384412766,0.4531738144137995,-0.0850490450513532,-0.364384412766,712.6172674677347,803.1544281263907,730.0,735.0
215,242,3.583333333333333,4.033333333333333,0.3849564364570668,-0.0918551771840341,-0.364384412766,0.403739148336259,-0.0637283203697598,-0.364384412766,0.4531738144137995,-0.0850490450513532,-0.364384412766,716.9160343955488,807.8234699038948,730.0,735.0
216,243,3.6,4.05,0.3801859983212768,-0.0957927117433723,-0.364384412766,0.3984560174445214,-0.0694951042649681,-0.364384412766,0.4531738144137995,-0.0850490450513532,-0.364384412766,721.1343420449334,812.6964695093992,730.0,735.0
217,244,3.6166666666666663,4.066666666666666,0.3728699089260156,-0.102198516003704,-0.364384412766,0.3939740258584354,-0.0761732937738369,-0.364384412766,0.4531738144137995,-0.0850490450513532,-0.364384412766,726.2819074333801,816.9756895745675,730.0,735.0
218,245,3.633333333333333,4.083333333333333,0.3676054720606645,-0.1070720458267745,-0.364384412766,0.3880153304444795,-0.0812545277307221,-0.364384412766,0.4531738144137995,-0.0850490450513532,-0.364384412766,729.7895282529807,822.3561430793158,730.0,735.0
219,246,3.65,4.1,0.3617459179265659,-0.112838620666983,-0.364384412766,0.3838779996601597,-0.0873716390374034,-0.364384412766,0.4531738144137995,-0.0850490450513532,-0.364384412766,734.499493414387,826.3024316109422,730.0,735.0
220,247,3.6666666666666665,4.116666666666666,0.3562017750558887,-0.1186877436256745,-0.364384412766,0.3787720136618114,-0.0926977023163403,-0.364384412766,0.4531738144137995,-0.0850490450513532,-0.364384412766,738.3590519415028,830.9919314170448,730.0,735.0
221,248,3.683333333333333,4.133333333333334,0.3517257611438305,-0.1237665625265267,-0.364384412766,0.3749835767668927,-0.0979777783060801,-0.364384412766,0.4531738144137995,-0.0850490450513532,-0.364384412766,742.3896640826873,834.5793281653746,730.0,735.0
222,249,3.7,4.15,0.3461435931629883,-0.1306196503464298,-0.364384412766,0.3726099923258575,-0.1020866279755688,-0.364384412766,0.4531738144137995,-0.0850490450513532,-0.364384412766,745.618407960199,836.892039800995,730.0,735.0
223,250,3.716666666666667,4.166666666666667,0.3429484726338553,-0.1349570718130483,-0.364384412766,0.3688847368130644,-0.1072660103115784,-0.364384412766,0.4531738144137995,-0.0850490450513532,-0.364384412766,749.570699336396,840.4185809086267,730.0,735.0
224,251,3.733333333333333,4.183333333333334,0.3382349933996599,-0.1419577407502689,-0.364384412766,0.3661827969474377,-0.1108567844284559,-0.364384412766,0.4531738144137995,-0.0850490450513532,-0.364384412766,752.2916087158089,842.9629114510893,730.0,735.0
225,252,3.75,4.2,0.335545927286,-0.1463675946,-0.364384412766,0.3635043871619664,-0.1166823522905448,-0.364384412766,0.4531738144137995,-0.0850490450513532,-0.364384412766,756.9795918367347,845.6692830978544,730.0,735.0
226,253,3.7666666666666666,4.216666666666667,0.3331244366125199,-0.1508058476059812,-0.364384412766,0.3607156495345831,-0.1219279140520449,-0.364384412766,0.4531738144137995,-0.0850490450513532,-0.364384412766,761.1403249630724,848.4204825209256,730.0,735.0
227,254,3.783333333333333,4.233333333333333,0.3293215660791976,-0.1588366748776389,-0.364384412766,0.358246524949823,-0.1277864687326705,-0.364384412766,0.4531738144137995,-0.0850490450513532,-0.364384412766,765.8908757450711,850.9550664832644,730.0,735.0
228,255,3.8,4.25,0.3268909558447261,-0.1651083508284244,-0.364384412766,0.357586776772136,-0.1331551076825131,-0.364384412766,0.4531738144137995,-0.0850490450513532,-0.364384412766,770.5014164305949,851.9414542020774,730.0,735.0
229,256,3.816666666666667,4.266666666666667,0.3249307177702926,-0.1713872248386794,-0.364384412766,0.3559440944130863,-0.1404009879458069,-0.364384412766,0.4531738144137995,-0.0850490450513532,-0.364384412766,776.6033881415046,853.8998505231689,730.0,735.0
230,257,3.8333333333333335,4.283333333333333,0.3236443850763973,-0.176763272774075,-0.364384412766,0.3564718546759691,-0.1470962379038437,-0.364384412766,0.4531738144137995,-0.0850490450513532,-0.364384412766,782.5699588477366,854.0041152263374,730.0,735.0
231,258,3.85,4.3,0.3224557319551346,-0.1839077875535238,-0.364384412766,0.3551944204060365,-0.1548816487163439,-0.364384412766,0.4531738144137995,-0.0850490450513532,-0.364384412766,789.2045344910756,855.7018813314038,730.0,735.0
232,259,3.8666666666666663,4.316666666666666,0.3220957443926571,-0.1883438798891111,-0.364384412766,0.3545885800792753,-0.161620612384305,-0.364384412766,0.4531738144137995,-0.0850490450513532,-0.364384412766,795.0275761973875,856.7547169811321,730.0,735.0
233,260,3.883333333333333,4.333333333333333,0.3220112144431641,-0.1953849181251353,-0.364384412766,0.3545080656451886,-0.1715807669715495,-0.364384412766,0.4531738144137995,-0.0850490450513532,-0.364384412766,803.7647887323943,857.6314553990609,730.0,735.0
234,261,3.9,4.35,0.3222648895149231,-0.1997432255711218,-0.364384412766,0.3536453564961065,-0.1785353974897751,-0.364384412766,0.4531738144137995,-0.0850490450513532,-0.364384412766,809.7360717658167,858.9159584513692,730.0,735.0
235,262,3.9166666666666665,4.366666666666666,0.323277250808498,-0.2066070284761294,-0.364384412766,0.35401762452509,-0.1870096194999831,-0.364384412766,0.4531738144137995,-0.0850490450513532,-0.364384412766,817.2405391394504,859.2944530844997,730.0,735.0
236,263,3.933333333333333,4.383333333333334,0.3244247547243287,-0.2116706847712271,-0.364384412766,0.3537387264610451,-0.1959380194190684,-0.364384412766,0.4531738144137995,-0.0850490450513532,-0.364384412766,825.0395021645021,860.2527056277056,730.0,735.0
237,264,3.95,4.4,0.3262119699005771,-0.2174640627838104,-0.364384412766,0.3545083040083381,-0.2052003527671645,-0.364384412766,0.4531738144137995,-0.0850490450513532,-0.364384412766,833.3001007049345,860.3640483383685,730.0,735.0
238,265,3.966666666666667,4.416666666666667,0.3284544382366455,-0.2231228993572114,-0.364384412766,0.3558100535222258,-0.2146397246987607,-0.364384412766,0.4531738144137995,-0.0850490450513532,-0.364384412766,841.8016386373437,860.0461405778352,730.0,735.0
239,266,3.983333333333333,4.433333333333334,0.330738115396442,-0.2278509003404739,-0.364384412766,0.357019864894629,-0.2216061940120964,-0.364384412766,0.4531738144137995,-0.0850490450513532,-0.364384412766,848.1159420289855,859.6038647342995,730.0,735.0
240,267,4.0,4.45,0.334241479635,-0.233978956938,-0.364384412766,0.3601940270562144,-0.2282771309362697,-0.364384412766,0.4531738144137995,-0.0850490450513532,-0.364384412766,854.4858757062146,857.5,730.0,735.0
241,268,4.016666666666667,4.466666666666667,0.3367467645850592,-0.2376723250211036,-0.364384412766,0.3616759331315713,-0.2363599814755496,-0.364384412766,0.4531738144137995,-0.0850490450513532,-0.364384412766,861.8246041412912,856.921640276086,730.0,735.0
242,269,4.033333333333333,4.483333333333333,0.3411340174089328,-0.2433933110348295,-0.364384412766,0.3641039229726007,-0.242793286099984,-0.364384412766,0.4531738144137995,-0.0850490450513532,-0.364384412766,867.8660209846649,855.4205004035512,730.0,735.0
243,270,4.05,4.5,0.3441033843442486,-0.2468469780266921,-0.364384412766,0.3663027326555897,-0.2475319429386763,-0.364384412766,0.4531738144137995,-0.0850490450513532,-0.364384412766,872.3818849449204,853.9726642186862,730.0,735.0
244,271,4.066666666666666,4.516666666666667,0.3492741217052612,-0.2521158677991107,-0.364384412766,0.3690780926155347,-0.2523630045301525,-0.364384412766,0.4531738144137995,-0.0850490450513532,-0.364384412766,877.0714585960487,852.0517023959646,730.0,735.0
245,272,4.083333333333333,4.533333333333333,0.353405539431292,-0.2558947397914561,-0.364384412766,0.3719173801295454,-0.25689106840805,-0.364384412766,0.4531738144137995,-0.0850490450513532,-0.364384412766,881.5051043053705,850.0528184642698,730.0,735.0
246,273,4.1,4.55,0.358501485517562,-0.2600941229086967,-0.364384412766,0.3737567678096962,-0.2598952265253075,-0.364384412766,0.4531738144137995,-0.0850490450513532,-0.364384412766,884.4395032051282,848.7636217948717,730.0,735.0
247,274,4.116666666666666,4.566666666666666,0.3638610068560444,-0.2640707168644913,-0.364384412766,0.3791593043804528,-0.2642073054736774,-0.364384412766,0.4531738144137995,-0.0850490450513532,-0.364384412766,889.0947802197802,844.6103479853479,730.0,735.0
248,275,4.133333333333334,4.583333333333333,0.368651569912412,-0.267293572687123,-0.364384412766,0.3831938370454364,-0.2660957607194417,-0.364384412766,0.4531738144137995,-0.0850490450513532,-0.364384412766,891.401318500206,841.4004944375772,730.0,735.0
249,276,4.15,4.6,0.3752734731293419,-0.2713439070463979,-0.364384412766,0.3868616526543594,-0.2691365220116489,-0.364384412766,0.4531738144137995,-0.0850490450513532,-0.364384412766,894.6613190730837,838.5900178253119,730.0,735.0
250,277,4.166666666666667,4.616666666666666,0.3795634703873495,-0.273696724924945,-0.364384412766,0.3921480893599584,-0.2714616585903263,-0.364384412766,0.4531738144137995,-0.0850490450513532,-0.364384412766,897.5524066576697,834.3720197930724,730.0,735.0
251,278,4.183333333333334,4.633333333333334,0.3865953711212334,-0.2772330016483347,-0.364384412766,0.3948028016243156,-0.2742017827642532,-0.364384412766,0.4531738144137995,-0.0850490450513532,-0.364384412766,900.385699899295,832.3816717019133,730.0,735.0
252,279,4.2,4.65,0.391086535717675,-0.2793010116063761,-0.364384412766,0.3977855632255382,-0.2762989269431216,-0.364384412766,0.4531738144137995,-0.0850490450513532,-0.364384412766,902.7067750677506,830.0655826558266,730.0,735.0
253,280,4.216666666666667,4.666666666666667,0.3984361500286533,-0.2823283936268127,-0.364384412766,0.4023544951569365,-0.2792630452265411,-0.364384412766,0.4531738144137995,-0.0850490450513532,-0.364384412766,906.0440642820112,826.49766718507,730.0,735.0
254,281,4.233333333333333,4.683333333333334,0.4040405163672995,-0.2844180830649506,-0.364384412766,0.4069566025048066,-0.2817709266939924,-0.364384412766,0.4531738144137995,-0.0850490450513532,-0.364384412766,908.9858674463936,822.8650097465886,730.0,735.0
255,282,4.25,4.7,0.410672456026,-0.2866456210615,-0.364384412766,0.4109834321962802,-0.2851375757353765,-0.364384412766,0.4531738144137995,-0.0850490450513532,-0.364384412766,912.5897832817336,819.78173374613,730.0,735.0
256,283,4.266666666666667,4.716666666666667,0.4173873258117543,-0.2886569526279071,-0.364384412766,0.4158553774919282,-0.2879263178644843,-0.364384412766,0.4531738144137995,-0.0850490450513532,-0.364384412766,915.8216328653144,815.9469578783152,730.0,735.0
257,284,4.283333333333333,4.733333333333333,0.4232002092669633,-0.2902063254463765,-0.364384412766,0.4214918662475612,-0.2909799047150262,-0.364384412766,0.4531738144137995,-0.0850490450513532,-0.364384412766,919.4088541666666,811.4963541666666,730.0,735.0
258,285,4.3,4.75,0.4310138664368492,-0.2920457153009522,-0.364384412766,0.4268851213654514,-0.2945497318210123,-0.364384412766,0.4531738144137995,-0.0850490450513532,-0.364384412766,923.410563029397,807.2904833084204,730.0,735.0
259,286,4.316666666666666,4.766666666666667,0.4359347809314656,-0.2930348553242697,-0.364384412766,0.4336116718987554,-0.2975389552168047,-0.364384412766,0.4531738144137995,-0.0850490450513532,-0.364384412766,927.1161846778284,801.9259259259258,730.0,735.0
260,287,4.333333333333333,4.783333333333333,0.4438454248784028,-0.294416217552133,-0.364384412766,0.4404629977941293,-0.2999041921452045,-0.364384412766,0.4531738144137995,-0.0850490450513532,-0.364384412766,930.2936507936508,796.4066293183939,730.0,735.0
261,288,4.35,4.8,0.4488095316937184,-0.2951551448301381,-0.364384412766,0.4471760722388718,-0.3018943080655519,-0.364384412766,0.4531738144137995,-0.0850490450513532,-0.364384412766,933.1193798449611,790.9720930232559,730.0,735.0
262,289,4.366666666666666,4.816666666666666,0.4567816690051596,-0.2960927817499234,-0.364384412766,0.4540888878821426,-0.3036171483934681,-0.364384412766,0.4531738144137995,-0.0850490450513532,-0.364384412766,935.7423601316408,785.3493182886695,730.0,735.0
263,290,4.383333333333334,4.833333333333333,0.462775356383496,-0.2966389911995623,-0.364384412766,0.4611367250998816,-0.304476475090352,-0.364384412766,0.4531738144137995,-0.0850490450513532,-0.364384412766,937.6284013605442,779.5437925170068,730.0,735.0
264,291,4.4,4.85,0.4697801244361186,-0.2970928255409228,-0.364384412766,0.4675653000279915,-0.3034289354421541,-0.364384412766,0.4531738144137995,-0.0850490450513532,-0.364384412766,937.7398482820169,774.0995091477018,730.0,735.0
265,292,4.416666666666667,4.866666666666666,0.4767930526488327,-0.2973566836896789,-0.364384412766,0.4745089098669484,-0.3030450772608973,-0.364384412766,0.4531738144137995,-0.0850490450513532,-0.364384412766,938.5170068027212,768.2798185941042,730.0,735.0
266,293,4.433333333333334,4.883333333333334,0.4828074482598031,-0.2974275051799666,-0.364384412766,0.4816847222780336,-0.3016167718937265,-0.364384412766,0.4531738144137995,-0.0850490450513532,-0.364384412766,938.4138702460848,762.1816554809842,730.0,735.0
267,294,4.45,4.9,0.4908264886667521,-0.2973173564337504,-0.364384412766,0.4889475067507398,-0.2992635032401795,-0.364384412766,0.4531738144137995,-0.0850490450513532,-0.364384412766,937.512098765432,755.9358024691358,730.0,735.0
268,295,4.466666666666667,4.916666666666667,0.4958351357616245,-0.297100743070824,-0.364384412766,0.4973932300977249,-0.2970158243810709,-0.364384412766,0.4531738144137995,-0.0850490450513532,-0.364384412766,936.8929398148148,748.7123842592592,730.0,735.0
269,296,4.483333333333333,4.933333333333334,0.5038396271120889,-0.2965639287594762,-0.364384412766,0.5047236840333698,-0.2937455297120838,-0.364384412766,0.4531738144137995,-0.0850490450513532,-0.364384412766,935.1964085297418,742.3355780022447,730.0,735.0
270,297,4.5,4.95,0.508834600449,-0.296108871698,-0.364384412766,0.5137180616942494,-0.2898673234549452,-0.364384412766,0.4531738144137995,-0.0850490450513532,-0.364384412766,933.2328623757194,734.5222396650968,730.0,735.0
271,298,4.516666666666667,4.966666666666667,0.516803309094086,-0.295138755768791,-0.364384412766,0.5219612513005976,-0.2856320831749664,-0.364384412766,0.4531738144137995,-0.0850490450513532,-0.364384412766,930.8350983358548,727.3061018658598,730.0,735.0
272,299,4.533333333333333,4.983333333333333,0.5227596551320405,-0.2942518461201246,-0.364384412766,0.5292104620136144,-0.2818245805406284,-0.364384412766,0.4531738144137995,-0.0850490450513532,-0.364384412766,928.6535836177476,720.9533560864618,730.0,735.0
273,300,4.55,5.0,0.5296785376436498,-0.2930264743888401,-0.364384412766,0.5366111334119451,-0.2785440572997849,-0.364384412766,0.4531738144137995,-0.0850490450513532,-0.364384412766,926.959335624284,714.5171821305842,730.0,735.0
274,301,4.566666666666666,5.016666666666667,0.5365581091745806,-0.2915989177921186,-0.364384412766,0.5461666066422627,-0.2752054773032982,-0.364384412766,0.4531738144137995,-0.0850490450513532,-0.364384412766,925.5599091425324,706.2799545712663,730.0,735.0
275,302,4.583333333333333,5.033333333333333,0.5424148871253657,-0.2902063669989408,-0.364384412766,0.5541289087096052,-0.2724353492500541,-0.364384412766,0.4531738144137995,-0.0850490450513532,-0.364384412766,924.4041867954912,699.4170692431562,730.0,735.0
276,303,4.6,5.05,0.5501601969859115,-0.2881230329888241,-0.364384412766,0.560608940968524,-0.2692461393934718,-0.364384412766,0.4531738144137995,-0.0850490450513532,-0.364384412766,922.6424050632912,693.7558016877637,730.0,735.0
277,304,4.616666666666666,5.066666666666666,0.5549460571617301,-0.2866546463292949,-0.364384412766,0.5684555489643958,-0.2666340626283617,-0.364384412766,0.4531738144137995,-0.0850490450513532,-0.364384412766,921.6069651741292,687.0022111663902,730.0,735.0
278,305,4.633333333333334,5.083333333333333,0.5625167249389174,-0.2840881165143241,-0.364384412766,0.5725153999740225,-0.2656954658265648,-0.364384412766,0.4531738144137995,-0.0850490450513532,-0.364384412766,921.433962264151,683.5414522584333,730.0,735.0
279,306,4.65,5.1,0.5671879842878703,-0.2823468720016244,-0.364384412766,0.5784222069164207,-0.2641859756825108,-0.364384412766,0.4531738144137995,-0.0850490450513532,-0.364384412766,921.0558404558404,678.4945868945869,730.0,735.0
280,307,4.666666666666667,5.116666666666666,0.5745169503517621,-0.2792822218937231,-0.364384412766,0.5827113549417994,-0.263865177763669,-0.364384412766,0.4531738144137995,-0.0850490450513532,-0.364384412766,921.4623824451412,674.8928944618599,730.0,735.0
281,308,4.683333333333334,5.133333333333334,0.5799048801100256,-0.2768004602279093,-0.364384412766,0.5870998436812702,-0.2637376061888027,-0.364384412766,0.4531738144137995,-0.0850490450513532,-0.364384412766,922.0546197039304,671.2240939254722,730.0,735.0
282,309,4.7,5.15,0.5860443587489127,-0.2736872202542639,-0.364384412766,0.5912043436590593,-0.2645592767951304,-0.364384412766,0.4531738144137995,-0.0850490450513532,-0.364384412766,923.4352019288727,667.8691983122362,730.0,735.0
283,310,4.716666666666667,5.166666666666667,0.5920103230321082,-0.2703455879299088,-0.364384412766,0.5947874544227497,-0.2642995990124203,-0.364384412766,0.4531738144137995,-0.0850490450513532,-0.364384412766,923.7821265492496,664.8610567514677,730.0,735.0
284,311,4.733333333333333,5.183333333333334,0.5969636798677589,-0.2672935351602954,-0.364384412766,0.599386887883447,-0.2645015272146435,-0.364384412766,0.4531738144137995,-0.0850490450513532,-0.364384412766,924.6976885644768,661.0431873479318,730.0,735.0
285,312,4.75,5.2,0.603332519531,-0.262977391481,-0.364384412766,0.604870216150629,-0.2642383335230215,-0.364384412766,0.4531738144137995,-0.0850490450513532,-0.364384412766,925.34649122807,656.4506578947369,730.0,735.0
286,313,4.766666666666667,5.216666666666667,0.6071246699891432,-0.2601033521101025,-0.364384412766,0.6101711221950595,-0.2641692433752133,-0.364384412766,0.4531738144137995,-0.0850490450513532,-0.364384412766,926.1365395245992,652.0259812050856,730.0,735.0
287,314,4.783333333333333,5.233333333333333,0.6129221584534229,-0.2552830715511379,-0.364384412766,0.6149966491583218,-0.263330994307838,-0.364384412766,0.4531738144137995,-0.0850490450513532,-0.364384412766,926.1745771958538,647.9350791052918,730.0,735.0
288,315,4.8,5.25,0.6163665242187737,-0.2521336486862823,-0.364384412766,0.6196988323439215,-0.2616922403657246,-0.364384412766,0.4531738144137995,-0.0850490450513532,-0.364384412766,925.489564698867,643.8819320214669,730.0,735.0
289,316,4.816666666666666,5.266666666666667,0.621482979933223,-0.2468299884593535,-0.364384412766,0.6238873737750754,-0.2597100574118393,-0.364384412766,0.4531738144137995,-0.0850490450513532,-0.364384412766,924.420410427066,640.2290626733222,730.0,735.0
290,317,4.833333333333333,5.283333333333333,0.62504441248877,-0.2426862627805132,-0.364384412766,0.6278980358671034,-0.2567926922707048,-0.364384412766,0.4531738144137995,-0.0850490450513532,-0.364384412766,922.5011376564275,636.6484641638225,730.0,735.0
291,318,4.85,5.3,0.6288523225945613,-0.2376644476722942,-0.364384412766,0.6316929203006524,-0.2543525634333735,-0.364384412766,0.4531738144137995,-0.0850490450513532,-0.364384412766,920.9664933564412,633.2865395725014,730.0,735.0
292,319,4.866666666666666,5.316666666666666,0.6322756920694813,-0.2324570709057923,-0.364384412766,0.6350554459523795,-0.2500175137586821,-0.364384412766,0.4531738144137995,-0.0850490450513532,-0.364384412766,917.69774527727,630.1310176721511,730.0,735.0
293,320,4.883333333333334,5.333333333333333,0.634877022096249,-0.2278506509930044,-0.364384412766,0.6378130776237542,-0.2463921689711642,-0.364384412766,0.4531738144137995,-0.0850490450513532,-0.364384412766,914.9554030874784,627.5374499714122,730.0,735.0
294,321,4.9,5.35,0.6378861797548443,-0.2215334573270579,-0.364384412766,0.6413407789505896,-0.2409706228452232,-0.364384412766,0.4531738144137995,-0.0850490450513532,-0.364384412766,910.758661887694,624.1559139784946,730.0,735.0
295,322,4.916666666666667,5.366666666666666,0.63942197592471,-0.2174695330396504,-0.364384412766,0.6450118832931588,-0.2352484440392915,-0.364384412766,0.4531738144137995,-0.0850490450513532,-0.364384412766,906.3208255159476,620.6303939962477,730.0,735.0
296,323,4.933333333333334,5.383333333333334,0.6414204203338455,-0.2108365955031522,-0.364384412766,0.6465999525935258,-0.2304503158927703,-0.364384412766,0.4531738144137995,-0.0850490450513532,-0.364384412766,902.3604732080724,618.9164926931106,730.0,735.0
297,324,4.95,5.4,0.6423773738181342,-0.2066158624046142,-0.364384412766,0.647430286575073,-0.2261657404592899,-0.364384412766,0.4531738144137995,-0.0850490450513532,-0.364384412766,898.729674796748,617.8760162601626,730.0,735.0
298,325,4.966666666666667,5.416666666666667,0.643309393840903,-0.1997362557414562,-0.364384412766,0.648545599262744,-0.220475975080025,-0.364384412766,0.4531738144137995,-0.0850490450513532,-0.364384412766,893.9101338432123,616.4837476099426,730.0,735.0
299,326,4.983333333333333,5.433333333333334,0.6436035831298919,-0.1953852367528629,-0.364384412766,0.6500217939210278,-0.2147584901752003,-0.364384412766,0.4531738144137995,-0.0850490450513532,-0.364384412766,889.1241590214066,614.7883792048929,730.0,735.0
300,327,5.0,5.45,0.643653154373,-0.190996915102,-0.364384412766,0.6499711546763965,-0.2108747233186007,-0.364384412766,0.4531738144137995,-0.0850490450513532,-0.364384412766,885.7040887040886,614.5148995148994,730.0,735.0
301,328,5.016666666666667,5.466666666666667,0.6428923993468618,-0.1821229919279087,-0.364384412766,0.6504645282241581,-0.2065994373357343,-0.364384412766,0.4531738144137995,-0.0850490450513532,-0.364384412766,882.0273722627737,613.7560827250608,730.0,735.0
302,329,5.033333333333333,5.483333333333333,0.6419703943818372,-0.1767629895722921,-0.364384412766,0.6500444747548286,-0.2021307890784972,-0.364384412766,0.4531738144137995,-0.0850490450513532,-0.364384412766,878.034188034188,613.7430199430199,730.0,735.0
303,330,5.05,5.5,0.6402147966251724,-0.1695935150794846,-0.364384412766,0.6493304271816946,-0.1988359949740797,-0.364384412766,0.4531738144137995,-0.0850490450513532,-0.364384412766,875.0250677506775,614.070460704607,730.0,735.0
304,331,5.066666666666666,5.516666666666667,0.6387433552243965,-0.1651078763358128,-0.364384412766,0.6481666531066896,-0.1953617528144128,-0.364384412766,0.4531738144137995,-0.0850490450513532,-0.364384412766,871.7861230329041,614.758226037196,730.0,735.0
305,332,5.083333333333333,5.533333333333333,0.6359213095452998,-0.1579416628284831,-0.364384412766,0.6454799147703998,-0.1932678167504916,-0.364384412766,0.4531738144137995,-0.0850490450513532,-0.364384412766,869.5153751537515,616.8277982779827,730.0,735.0
306,333,5.1,5.55,0.6338700981483163,-0.153475084680002,-0.364384412766,0.643650931492645,-0.1905787514226334,-0.364384412766,0.4531738144137995,-0.0850490450513532,-0.364384412766,866.8594594594595,618.1339339339339,730.0,735.0
307,334,5.116666666666666,5.566666666666666,0.6300333564704454,-0.1463714493292383,-0.364384412766,0.6417855727601637,-0.1874988971166326,-0.364384412766,0.4531738144137995,-0.0850490450513532,-0.364384412766,863.8543922984356,619.4386281588447,730.0,735.0
308,335,5.133333333333334,5.583333333333333,0.6268077254641735,-0.1410803025982027,-0.364384412766,0.638698822620519,-0.184533997206736,-0.364384412766,0.4531738144137995,-0.0850490450513532,-0.364384412766,860.7542924807577,621.7708703374778,730.0,735.0
309,336,5.15,5.6,0.6226497844025827,-0.1349596244442644,-0.364384412766,0.6365866673762635,-0.1804952623065933,-0.364384412766,0.4531738144137995,-0.0850490450513532,-0.364384412766,856.8672268907563,623.2033613445378,730.0,735.0
310,337,5.166666666666667,5.616666666666666,0.6180980525448398,-0.1289017363089054,-0.364384412766,0.6343959620186004,-0.1760364745682517,-0.364384412766,0.4531738144137995,-0.0850490450513532,-0.364384412766,852.5985324947588,624.6671907756813,730.0,735.0
311,338,5.183333333333334,5.633333333333334,0.6138887542124623,-0.1237665180117527,-0.364384412766,0.6301583959681084,-0.1709480850969099,-0.364384412766,0.4531738144137995,-0.0850490450513532,-0.364384412766,847.4482225656878,627.7861926841833,730.0,735.0
312,339,5.2,5.65,0.6078917005696813,-0.1170012149080041,-0.364384412766,0.6276167350502707,-0.1643780152409596,-0.364384412766,0.4531738144137995,-0.0850490450513532,-0.364384412766,841.2684124386252,629.3709765411893,730.0,735.0
313,340,5.216666666666667,5.666666666666667,0.6038818833222664,-0.1128351507072802,-0.364384412766,0.6241644354043228,-0.1575466210787076,-0.364384412766,0.4531738144137995,-0.0850490450513532,-0.364384412766,834.7128764278297,631.6936656282451,730.0,735.0
314,341,5.233333333333333,5.683333333333334,0.5971562506880059,-0.106252685336821,-0.364384412766,0.6203816610335491,-0.1512018322318508,-0.364384412766,0.4531738144137995,-0.0850490450513532,-0.364384412766,828.5317919075145,634.3314065510597,730.0,735.0
315,342,5.25,5.7,0.592767953873,-0.102191388607,-0.364384412766,0.6177945967300535,-0.1437910324129704,-0.364384412766,0.4531738144137995,-0.0850490450513532,-0.364384412766,821.606102003643,635.8857012750456,730.0,735.0
316,343,5.266666666666667,5.716666666666667,0.5854082062531829,-0.0957997006209143,-0.364384412766,0.6129838926919355,-0.1365513265557595,-0.364384412766,0.4531738144137995,-0.0850490450513532,-0.364384412766,814.4738475177304,639.3076241134752,730.0,735.0
317,344,5.283333333333333,5.733333333333333,0.5806587841645204,-0.091855113711656,-0.364384412766,0.6083933022649654,-0.1271042312126916,-0.364384412766,0.4531738144137995,-0.0850490450513532,-0.364384412766,805.4376968061177,642.366621682411,730.0,735.0
318,345,5.3,5.75,0.5757908534738269,-0.0879523235695671,-0.364384412766,0.6037499088377468,-0.1191237995933297,-0.364384412766,0.4531738144137995,-0.0850490450513532,-0.364384412766,797.6815561959654,645.5888568683957,730.0,735.0
319,346,5.316666666666666,5.766666666666667,0.5656809812777671,-0.0802881278557967,-0.364384412766,0.5996201328866584,-0.110265787254128,-0.364384412766,0.4531738144137995,-0.0850490450513532,-0.364384412766,789.2368794326242,648.3115839243499,730.0,735.0
320,347,5.333333333333333,5.783333333333333,0.5594330378621001,-0.075762715909452,-0.364384412766,0.5958495206093594,-0.0997411442949395,-0.364384412766,0.4531738144137995,-0.0850490450513532,-0.364384412766,779.3856868395773,650.599423631124,730.0,735.0
321,348,5.35,5.8,0.5509167598231456,-0.0698072551323961,-0.364384412766,0.5911054097044288,-0.0916927943727118,-0.364384412766,0.4531738144137995,-0.0850490450513532,-0.364384412766,771.5537148594377,653.9001004016063,730.0,735.0
322,349,5.366666666666666,5.816666666666666,0.5454748505658366,-0.0661377103036788,-0.364384412766,0.5878015861443724,-0.082921083847632,-0.364384412766,0.4531738144137995,-0.0850490450513532,-0.364384412766,763.3174129353233,655.9412935323382,730.0,735.0
323,350,5.383333333333334,5.833333333333333,0.5366369257445125,-0.0603268834477755,-0.364384412766,0.5820701954631005,-0.0753333324753434,-0.364384412766,0.4531738144137995,-0.0850490450513532,-0.364384412766,755.7316341829086,660.1024487756122,730.0,735.0
324,351,5.4,5.85,0.5310389023757361,-0.0567301905493448,-0.364384412766,0.57736170604087,-0.0675815255406927,-0.364384412766,0.4531738144137995,-0.0850490450513532,-0.364384412766,748.1658962506419,663.3975346687212,730.0,735.0
325,352,5.416666666666667,5.866666666666666,0.521959371797375,-0.0510356768839764,-0.364384412766,0.5713191539906601,-0.0601043777486253,-0.364384412766,0.4531738144137995,-0.0850490450513532,-0.364384412766,740.627345844504,667.8270777479893,730.0,735.0
326,353,5.433333333333334,5.883333333333334,0.515083515875187,-0.0467978922092235,-0.364384412766,0.5634481716690444,-0.0546394707515877,-0.364384412766,0.4531738144137995,-0.0850490450513532,-0.364384412766,734.5631313131313,673.9444444444445,730.0,735.0
327,354,5.45,5.9,0.5069990919911831,-0.0418857696900223,-0.364384412766,0.5571943854843482,-0.0478465498024276,-0.364384412766,0.4531738144137995,-0.0850490450513532,-0.364384412766,727.5917826375082,678.6056991385022,730.0,735.0
328,355,5.466666666666667,5.916666666666667,0.4988654875287623,-0.036999192963679,-0.364384412766,0.5520105304218638,-0.0420667292873877,-0.364384412766,0.4531738144137995,-0.0850490450513532,-0.364384412766,721.6821705426356,682.4573643410853,730.0,735.0
329,356,5.483333333333333,5.933333333333334,0.4918664451491515,-0.0328250312173548,-0.364384412766,0.5432035525235579,-0.0347140073430142,-0.364384412766,0.4531738144137995,-0.0850490450513532,-0.364384412766,713.809265944645,689.2015643802647,730.0,735.0
330,357,5.5,5.95,0.482515007257,-0.0272697284818,-0.364384412766,0.5401217774698464,-0.0310042997053976,-0.364384412766,0.4531738144137995,-0.0850490450513532,-0.364384412766,710.055640632976,691.4691168963757,730.0,735.0
331,358,5.516666666666667,5.966666666666667,0.4766686304281272,-0.0237985865947944,-0.364384412766,0.5296194546087779,-0.0256300152693501,-0.364384412766,0.4531738144137995,-0.0850490450513532,-0.364384412766,703.6487341772151,699.7874472573839,730.0,735.0
332,359,5.533333333333333,5.983333333333333,0.4673309115842663,-0.018236049943013,-0.364384412766,0.5205933377497424,-0.0207344492930823,-0.364384412766,0.4531738144137995,-0.0850490450513532,-0.364384412766,697.8993055555555,706.9140625,730.0,735.0
333,360,5.55,6.0,0.4615117874118447,-0.0147505276822547,-0.364384412766,0.5138584231046291,-0.0170807349391505,-0.364384412766,0.4531738144137995,-0.0850490450513532,-0.364384412766,693.6085769980506,712.2315789473685,730.0,735.0
334,361,5.566666666666666,6.016666666666667,0.4522587338054577,-0.0091437591143249,-0.364384412766,0.5041134785039757,-0.0092426393296445,-0.364384412766,0.4531738144137995,-0.0850490450513532,-0.364384412766,685.1587301587301,719.718253968254,730.0,735.0
335,362,5.583333333333333,6.033333333333333,0.4453694176422335,-0.0049127709640296,-0.364384412766,0.4984055279292286,-0.005723962108472,-0.364384412766,0.4531738144137995,-0.0850490450513532,-0.364384412766,681.1514515564882,724.1906260930394,730.0,735.0
336,363,5.6,6.05,0.437406835376395,6.103578329198474e-05,-0.364384412766,0.489799618695974,0.0021554746468099,-0.364384412766,0.4531738144137995,-0.0850490450513532,-0.364384412766,672.8480902777777,730.724392361111,730.0,735.0
337,364,5.616666666666666,6.066666666666666,0.4295391190445826,0.0050815303665056,-0.364384412766,0.4812525654996176,0.0079829787107974,-0.364384412766,0.4531738144137995,-0.0850490450513532,-0.364384412766,666.3568262411347,737.3758865248226,730.0,735.0
338,365,5.633333333333334,6.083333333333333,0.4228875116692674,0.0094287680519049,-0.364384412766,0.47218581894167,0.0146657312021457,-0.364384412766,0.4531738144137995,-0.0850490450513532,-0.364384412766,659.03080872914,744.3910997004706,730.0,735.0
339,366,5.65,6.1,0.4141587454676749,0.0152899764792999,-0.364384412766,0.4632249427237928,0.0218275808436283,-0.364384412766,0.4531738144137995,-0.0850490450513532,-0.364384412766,651.3008888888888,751.279111111111,730.0,735.0
340,367,5.666666666666667,6.116666666666666,0.4088184265463124,0.0190045802456278,-0.364384412766,0.4561555120686295,0.0285574950264889,-0.364384412766,0.4531738144137995,-0.0850490450513532,-0.364384412766,644.2539893617021,756.6254432624113,730.0,735.0
341,368,5.683333333333334,6.133333333333334,0.4004435039175085,0.0250200148749006,-0.364384412766,0.4488834635967416,0.0364508059167069,-0.364384412766,0.4531738144137995,-0.0850490450513532,-0.364384412766,636.152511415525,762.0461187214611,730.0,735.0
342,369,5.7,6.15,0.3953232613661314,0.0288265946378879,-0.364384412766,0.4400073016260112,0.0429780346591284,-0.364384412766,0.4531738144137995,-0.0850490450513532,-0.364384412766,628.9937106918239,768.9150943396227,730.0,735.0
343,370,5.716666666666667,6.166666666666667,0.3873883081711702,0.0350166050080147,-0.364384412766,0.4331550009349136,0.0494590734458237,-0.364384412766,0.4531738144137995,-0.0850490450513532,-0.364384412766,622.2002989536621,774.1006477329347,730.0,735.0
344,371,5.733333333333333,6.183333333333334,0.3816207439079072,0.0397260486065382,-0.364384412766,0.4259036175912194,0.0559947579531795,-0.364384412766,0.4531738144137995,-0.0850490450513532,-0.364384412766,615.2948312236286,779.6144514767932,730.0,735.0
345,372,5.75,6.2,0.375127643347,0.04530110023915,-0.364384412766,0.4190518669488471,0.0614182266786108,-0.364384412766,0.4531738144137995,-0.0850490450513532,-0.364384412766,609.4305977710233,784.8855116514691,730.0,735.0
346,373,5.766666666666667,6.216666666666667,0.3689012146025537,0.0509611830673582,-0.364384412766,0.4130145536823292,0.0665663973410218,-0.364384412766,0.4531738144137995,-0.0850490450513532,-0.364384412766,603.9389269406392,789.5,730.0,735.0
347,374,5.783333333333333,6.233333333333333,0.3638004878724639,0.0558822953776111,-0.364384412766,0.4062867990507812,0.0701588873870934,-0.364384412766,0.4531738144137995,-0.0850490450513532,-0.364384412766,599.7031339031339,794.8165242165242,730.0,735.0
348,375,5.8,6.25,0.35733326186675,0.0625340835798082,-0.364384412766,0.3999786625006133,0.0731929634429823,-0.364384412766,0.4531738144137995,-0.0850490450513532,-0.364384412766,596.0252600297176,799.8286280336799,730.0,735.0
349,376,5.816666666666666,6.266666666666667,0.3535481646311667,0.0667545000278777,-0.364384412766,0.3933377045860882,0.0760760847964686,-0.364384412766,0.4531738144137995,-0.0850490450513532,-0.364384412766,592.4265873015872,805.1304563492063,730.0,735.0
350,377,5.833333333333333,6.283333333333333,0.3478454589772753,0.0735830038310945,-0.364384412766,0.3866897054012268,0.0785059230777484,-0.364384412766,0.4531738144137995,-0.0850490450513532,-0.364384412766,589.225,810.475,730.0,735.0
351,378,5.85,6.3,0.344510609277001,0.0778959817274935,-0.364384412766,0.37984858413454,0.0797666813531342,-0.364384412766,0.4531738144137995,-0.0850490450513532,-0.364384412766,587.019471488178,816.0755679184051,730.0,735.0
352,379,5.866666666666666,6.316666666666666,0.339662642189884,0.0848770906584227,-0.364384412766,0.3735935705631735,0.0817505210169312,-0.364384412766,0.4531738144137995,-0.0850490450513532,-0.364384412766,584.2727706247019,821.1287553648069,730.0,735.0
353,380,5.883333333333334,6.333333333333333,0.336874216989095,0.0892741520840567,-0.364384412766,0.368855292242408,0.0832945342157406,-0.364384412766,0.4531738144137995,-0.0850490450513532,-0.364384412766,582.1558849955076,824.9532794249774,730.0,735.0
354,381,5.9,6.35,0.3342955014398437,0.0936965737395236,-0.364384412766,0.3631495884281014,0.0843043779966156,-0.364384412766,0.4531738144137995,-0.0850490450513532,-0.364384412766,580.3530120481928,829.6277108433735,730.0,735.0
355,382,5.916666666666667,6.366666666666666,0.3307156361466975,0.1008216376639773,-0.364384412766,0.359322910154162,0.086168401957804,-0.364384412766,0.4531738144137995,-0.0850490450513532,-0.364384412766,578.1012956419316,832.6662740478995,730.0,735.0
356,383,5.933333333333334,6.383333333333334,0.3283973965705896,0.1061882009991372,-0.364384412766,0.3541426879463202,0.0876005100115131,-0.364384412766,0.4531738144137995,-0.0850490450513532,-0.364384412766,576.0117924528302,836.8683176100628,730.0,735.0
357,384,5.95,6.4,0.3252689921192571,0.1151556115961521,-0.364384412766,0.3500733565925349,0.0910399454184305,-0.364384412766,0.4531738144137995,-0.0850490450513532,-0.364384412766,572.3371116708647,839.9811083123426,730.0,735.0
358,385,5.966666666666667,6.416666666666667,0.3241211744186123,0.1196386182233679,-0.364384412766,0.3479232836311219,0.0934120401593784,-0.364384412766,0.4531738144137995,-0.0850490450513532,-0.364384412766,569.9081272084806,841.5806831566549,730.0,735.0
359,386,5.983333333333333,6.433333333333334,0.3227700099519351,0.1267917535965395,-0.364384412766,0.3456134109672618,0.0973640175179539,-0.364384412766,0.4531738144137995,-0.0850490450513532,-0.364384412766,566.0655475619504,843.1850519584332,730.0,735.0
360,387,6.0,6.45,0.322230935097,0.131243616343,-0.364384412766,0.3437212471193197,0.1018144702424581,-0.364384412766,0.4531738144137995,-0.0850490450513532,-0.364384412766,561.8520886615515,844.4006820119351,730.0,735.0
361,388,6.016666666666667,6.466666666666667,0.3219826619546465,0.1383050473626663,-0.364384412766,0.3426930576727307,0.1061014644727421,-0.364384412766,0.4531738144137995,-0.0850490450513532,-0.364384412766,557.920889987639,844.9093531108364,730.0,735.0
362,389,6.033333333333333,6.483333333333333,0.3221950446185893,0.1435478445448086,-0.364384412766,0.3426302385928383,0.1115063534003005,-0.364384412766,0.4531738144137995,-0.0850490450513532,-0.364384412766,553.1625380269447,844.5223815732289,730.0,735.0
363,390,6.05,6.5,0.3229095955369891,0.1495861682582104,-0.364384412766,0.3421423755187361,0.1156842389405637,-0.364384412766,0.4531738144137995,-0.0850490450513532,-0.364384412766,549.4139100932994,844.5894826123832,730.0,735.0
364,391,6.066666666666666,6.516666666666667,0.3241048232102257,0.1555265261434438,-0.364384412766,0.342431953240929,0.1209131110682449,-0.364384412766,0.4531738144137995,-0.0850490450513532,-0.364384412766,544.8667476711219,843.9230457675171,730.0,735.0
365,392,6.083333333333333,6.533333333333333,0.325516657149361,0.1605245618742863,-0.364384412766,0.3427312823974917,0.1269447221628313,-0.364384412766,0.4531738144137995,-0.0850490450513532,-0.364384412766,539.6159329140461,843.1832285115304,730.0,735.0
366,393,6.1,6.55,0.327897529380516,0.1670486408850064,-0.364384412766,0.3433119471551065,0.1315171905170714,-0.364384412766,0.4531738144137995,-0.0850490450513532,-0.364384412766,535.6921470342522,842.3274853801169,730.0,735.0
367,394,6.116666666666666,6.566666666666666,0.3297338508967686,0.1710136573955074,-0.364384412766,0.3440360008302244,0.1378434603169662,-0.364384412766,0.4531738144137995,-0.0850490450513532,-0.364384412766,530.2506347479144,841.2096481682988,730.0,735.0
368,395,6.133333333333334,6.583333333333333,0.3330978037216194,0.1771970255845585,-0.364384412766,0.3450594860812588,0.1436282111515098,-0.364384412766,0.4531738144137995,-0.0850490450513532,-0.364384412766,525.332910321489,839.8862098138746,730.0,735.0
369,396,6.15,6.6,0.335458472403031,0.1809558153048587,-0.364384412766,0.3472901284852429,0.1490661022653537,-0.364384412766,0.4531738144137995,-0.0850490450513532,-0.364384412766,520.9136442141623,837.5846286701208,730.0,735.0
370,397,6.166666666666667,6.616666666666666,0.339721378059876,0.1867404759687512,-0.364384412766,0.3501511952315724,0.1540636648634776,-0.364384412766,0.4531738144137995,-0.0850490450513532,-0.364384412766,516.982389937107,834.7932914046121,730.0,735.0
371,398,6.183333333333334,6.633333333333334,0.343216564757084,0.1909215588175195,-0.364384412766,0.3542508765192441,0.1601054204626387,-0.364384412766,0.4531738144137995,-0.0850490450513532,-0.364384412766,512.3325834270715,830.8845144356955,730.0,735.0
372,399,6.2,6.65,0.3476241733552225,0.1956053357104761,-0.364384412766,0.3573022491036991,0.1644821722101364,-0.364384412766,0.4531738144137995,-0.0850490450513532,-0.364384412766,508.9772623919964,827.9849931787176,730.0,735.0
373,400,6.216666666666667,6.666666666666667,0.3523520794649912,0.20007878834924,-0.364384412766,0.3608458458118468,0.168004248003582,-0.364384412766,0.4531738144137995,-0.0850490450513532,-0.364384412766,506.4517833553501,824.7446059004843,730.0,735.0
374,401,6.233333333333333,6.683333333333334,0.3566477562053288,0.2037352692268618,-0.364384412766,0.3650471825218643,0.1723308283369174,-0.364384412766,0.4531738144137995,-0.0850490450513532,-0.364384412766,503.3250968992248,820.890503875969,730.0,735.0
375,402,6.25,6.7,0.362670093775,0.208370700479,-0.364384412766,0.3704918143594281,0.1763800726703838,-0.364384412766,0.4531738144137995,-0.0850490450513532,-0.364384412766,500.6415910073497,816.0224816255943,730.0,735.0
376,403,6.266666666666667,6.716666666666667,0.3666277962918592,0.2110920276367598,-0.364384412766,0.3766189647083069,0.1802484675435421,-0.364384412766,0.4531738144137995,-0.0850490450513532,-0.364384412766,498.2265016047684,810.600183402109,730.0,735.0
377,404,6.283333333333333,6.733333333333333,0.3731796523997499,0.2152184542794311,-0.364384412766,0.3811248033216218,0.1834441371151405,-0.364384412766,0.4531738144137995,-0.0850490450513532,-0.364384412766,496.1422056384743,806.5841625207296,730.0,735.0
378,405,6.3,6.75,0.377402062191618,0.2176547032683867,-0.364384412766,0.3872707561821508,0.1885834482259172,-0.364384412766,0.4531738144137995,-0.0850490450513532,-0.364384412766,492.61361626878863,801.0428824049512,730.0,735.0
379,406,6.316666666666666,6.766666666666667,0.3843798905996599,0.2212669732759307,-0.364384412766,0.393788745746376,0.191534026408215,-0.364384412766,0.4531738144137995,-0.0850490450513532,-0.364384412766,491.0675675675676,795.3693693693692,730.0,735.0
380,407,6.333333333333333,6.783333333333333,0.3897406592602142,0.2237912558390618,-0.364384412766,0.3998860500308983,0.1956793084077243,-0.364384412766,0.4531738144137995,-0.0850490450513532,-0.364384412766,488.4044389642417,789.9494451294698,730.0,735.0
381,408,6.35,6.8,0.3961267734929448,0.2265197294590414,-0.364384412766,0.407100202674076,0.2007043426309487,-0.364384412766,0.4531738144137995,-0.0850490450513532,-0.364384412766,485.1476793248945,783.5269573370839,730.0,735.0
382,409,6.366666666666666,6.816666666666666,0.4026324280661303,0.2290246866615354,-0.364384412766,0.4151901369063242,0.204178261826731,-0.364384412766,0.4531738144137995,-0.0850490450513532,-0.364384412766,483.3941504178273,776.5004642525532,730.0,735.0
383,410,6.383333333333334,6.833333333333333,0.4082930548820663,0.2309905312759625,-0.364384412766,0.4240905899580023,0.207779292255128,-0.364384412766,0.4531738144137995,-0.0850490450513532,-0.364384412766,481.6590330788804,768.787955894826,730.0,735.0
384,411,6.4,6.85,0.4159358260739513,0.2333761418250524,-0.364384412766,0.4327317761214082,0.2111756650427632,-0.364384412766,0.4531738144137995,-0.0850490450513532,-0.364384412766,480.06210045662095,761.3082191780821,730.0,735.0
385,412,6.416666666666667,6.866666666666666,0.4207704548013469,0.2347000333889299,-0.364384412766,0.4407474518847335,0.212215917401402,-0.364384412766,0.4531738144137995,-0.0850490450513532,-0.364384412766,480.4346639372228,754.5414534288639,730.0,735.0
386,413,6.433333333333334,6.883333333333334,0.425635607330472,0.235918974300201,-0.364384412766,0.4490807492604657,0.2163340299030691,-0.364384412766,0.4531738144137995,-0.0850490450513532,-0.364384412766,478.1542597187759,747.2597187758477,730.0,735.0
387,414,6.45,6.9,0.4334704297266721,0.2376723228632667,-0.364384412766,0.4591963882320413,0.2184479527852516,-0.364384412766,0.4531738144137995,-0.0850490450513532,-0.364384412766,477.9206128133705,738.6550603528318,730.0,735.0
388,415,6.466666666666667,6.916666666666667,0.4413694346843306,0.2391204868185057,-0.364384412766,0.4670447547914276,0.2209114981829906,-0.364384412766,0.4531738144137995,-0.0850490450513532,-0.364384412766,477.01594202898553,731.912077294686,730.0,735.0
389,416,6.483333333333333,6.933333333333334,0.4473204617259368,0.2400444683230982,-0.364384412766,0.4763308497201105,0.2232410911549099,-0.364384412766,0.4531738144137995,-0.0850490450513532,-0.364384412766,476.4596920289855,723.9814311594201,730.0,735.0
390,417,6.5,6.95,0.4542882740495,0.240933991969,-0.364384412766,0.4853936165613469,0.2250769799110632,-0.364384412766,0.4531738144137995,-0.0850490450513532,-0.364384412766,476.30132601737535,716.2770919067216,730.0,735.0
391,418,6.516666666666667,6.966666666666667,0.4612759148990046,0.2416294424281958,-0.364384412766,0.4943313584580016,0.2266775186034486,-0.364384412766,0.4531738144137995,-0.0850490450513532,-0.364384412766,476.3296529968454,708.6961093585699,730.0,735.0
392,419,6.533333333333333,6.983333333333333,0.4672771887054963,0.2420678442964684,-0.364384412766,0.5015239082077421,0.2273325476967622,-0.364384412766,0.4531738144137995,-0.0850490450513532,-0.364384412766,476.9085365853659,702.6468495934959,730.0,735.0
393,420,6.55,7.0,0.4752894485340502,0.2424461248072376,-0.364384412766,0.5089254091800238,0.2271758455704048,-0.364384412766,0.4531738144137995,-0.0850490450513532,-0.364384412766,478.2340720221607,696.489381348107,730.0,735.0
394,421,6.566666666666666,7.016666666666667,0.480301309869567,0.2425346377891502,-0.364384412766,0.5159646687805941,0.2266873724239503,-0.364384412766,0.4531738144137995,-0.0850490450513532,-0.364384412766,479.7929366231253,690.6608611514272,730.0,735.0
395,422,6.583333333333333,7.033333333333333,0.4883207122996362,0.2424874199349918,-0.364384412766,0.5230512422363855,0.2264478776378791,-0.364384412766,0.4531738144137995,-0.0850490450513532,-0.364384412766,481.1406636948984,684.7726597325409,730.0,735.0
396,423,6.6,7.05,0.4933314598370837,0.2423398464276057,-0.364384412766,0.5283041254763641,0.2247489171428695,-0.364384412766,0.4531738144137995,-0.0850490450513532,-0.364384412766,483.4762618690654,680.5317341329335,730.0,735.0
397,424,6.616666666666666,7.066666666666666,0.5013394888243654,0.2418665562191254,-0.364384412766,0.5346990425422073,0.2240775459804218,-0.364384412766,0.4531738144137995,-0.0850490450513532,-0.364384412766,485.0923940786115,675.2552322613578,730.0,735.0
398,425,6.633333333333334,7.083333333333333,0.5073358979409134,0.2413563402890776,-0.364384412766,0.540670801348092,0.2228602931639914,-0.364384412766,0.4531738144137995,-0.0850490450513532,-0.364384412766,487.120178041543,670.375865479723,730.0,735.0
399,426,6.65,7.1,0.5143154930760497,0.24057628869782,-0.364384412766,0.5448627827135861,0.2209377007589182,-0.364384412766,0.4531738144137995,-0.0850490450513532,-0.364384412766,489.481975308642,667.0375308641975,730.0,735.0
400,427,6.666666666666667,7.116666666666666,0.5212726119737912,0.2396010529915359,-0.364384412766,0.5515508302186126,0.2194885955191849,-0.364384412766,0.4531738144137995,-0.0850490450513532,-0.364384412766,491.8284023668639,661.5798816568048,730.0,735.0
401,428,6.683333333333334,7.133333333333334,0.5272120446159289,0.2386025273350205,-0.364384412766,0.5566909852339804,0.218144872246998,-0.364384412766,0.4531738144137995,-0.0850490450513532,-0.364384412766,493.8338278931751,657.4040553907023,730.0,735.0
402,429,6.7,7.15,0.5350916104200912,0.237053414939585,-0.364384412766,0.5625664090103296,0.2155421179369629,-0.364384412766,0.4531738144137995,-0.0850490450513532,-0.364384412766,497.0633333333333,652.717619047619,730.0,735.0
403,430,6.716666666666667,7.166666666666667,0.539981097590737,0.2359255424794079,-0.364384412766,0.567114683928043,0.2124663067432489,-0.364384412766,0.4531738144137995,-0.0850490450513532,-0.364384412766,500.49543106873256,649.176003178387,730.0,735.0
404,431,6.733333333333333,7.183333333333334,0.5477470312311282,0.2339122581825525,-0.364384412766,0.5713555335827037,0.2092360313898906,-0.364384412766,0.4531738144137995,-0.0850490450513532,-0.364384412766,504.01388888888886,645.9032258064516,730.0,735.0
405,432,6.75,7.2,0.552560210228,0.2325219661,-0.364384412766,0.5770787779623155,0.2065210174935989,-0.364384412766,0.4531738144137995,-0.0850490450513532,-0.364384412766,507.3175925925925,641.3527777777778,730.0,735.0
406,433,6.766666666666667,7.216666666666667,0.5573249107344724,0.2309973771735387,-0.364384412766,0.5815752795786279,0.2042160142668936,-0.364384412766,0.4531738144137995,-0.0850490450513532,-0.364384412766,510.0642156862745,637.7916666666666,730.0,735.0
407,434,6.783333333333333,7.233333333333333,0.5657848694220016,0.227979851853477,-0.364384412766,0.5860770087106238,0.2013495722177305,-0.364384412766,0.4531738144137995,-0.0850490450513532,-0.364384412766,513.3049095607234,634.271834625323,730.0,735.0
408,435,6.8,7.25,0.5722403657015881,0.2253774498067849,-0.364384412766,0.5914655203710198,0.1986459640087954,-0.364384412766,0.4531738144137995,-0.0850490450513532,-0.364384412766,516.5448717948717,629.999506903353,730.0,735.0
409,436,6.816666666666666,7.266666666666667,0.5767749321634886,0.2233822912107863,-0.364384412766,0.5963721909068966,0.1953171402697527,-0.364384412766,0.4531738144137995,-0.0850490450513532,-0.364384412766,520.256763654926,626.1796835119959,730.0,735.0
410,437,6.833333333333333,7.283333333333333,0.5821170827992173,0.2208296395033673,-0.364384412766,0.6006412450960344,0.1926232490282796,-0.364384412766,0.4531738144137995,-0.0850490450513532,-0.364384412766,523.308527131783,622.8397932816537,730.0,735.0
411,438,6.85,7.3,0.5907641887350255,0.2162143742597889,-0.364384412766,0.6057933019553084,0.1894738574115982,-0.364384412766,0.4531738144137995,-0.0850490450513532,-0.364384412766,526.9021675454012,618.8008201523139,730.0,735.0
412,439,6.866666666666666,7.316666666666666,0.594925292295863,0.2137066678682538,-0.364384412766,0.6111025379707018,0.1860074625188855,-0.364384412766,0.4531738144137995,-0.0850490450513532,-0.364384412766,530.7995255041518,614.6565836298932,730.0,735.0
413,440,6.883333333333334,7.333333333333333,0.5989805369984941,0.2110848671646397,-0.364384412766,0.6159025219276628,0.1816599898107723,-0.364384412766,0.4531738144137995,-0.0850490450513532,-0.364384412766,535.3891924711596,611.0085003035822,730.0,735.0
414,441,6.9,7.35,0.6052519722306249,0.2066742721525887,-0.364384412766,0.6202319715394192,0.177897187707845,-0.364384412766,0.4531738144137995,-0.0850490450513532,-0.364384412766,539.3897018970189,607.7051490514905,730.0,735.0
415,442,6.916666666666667,7.366666666666666,0.6111415057907154,0.2019276169311921,-0.364384412766,0.6234251260674843,0.1742315537406319,-0.364384412766,0.4531738144137995,-0.0850490450513532,-0.364384412766,543.1224832214765,605.341163310962,730.0,735.0
416,443,6.933333333333334,7.383333333333334,0.6153286438755473,0.198189347601869,-0.364384412766,0.6269370854263823,0.1699548157911841,-0.364384412766,0.4531738144137995,-0.0850490450513532,-0.364384412766,547.4432930339666,602.7610823258491,730.0,735.0
417,444,6.95,7.4,0.6199195294434032,0.1936229935387546,-0.364384412766,0.6289267827996695,0.165804439537056,-0.364384412766,0.4531738144137995,-0.0850490450513532,-0.364384412766,551.4087837837837,601.4397522522522,730.0,735.0
418,445,6.966666666666667,7.416666666666667,0.6241792327843854,0.1888496411864021,-0.364384412766,0.632578029602929,0.1640317559454632,-0.364384412766,0.4531738144137995,-0.0850490450513532,-0.364384412766,553.552101324122,598.5400115141047,730.0,735.0
419,446,6.983333333333333,7.433333333333334,0.6275390360603025,0.1845949624411652,-0.364384412766,0.6334574575718251,0.1605732654336215,-0.364384412766,0.4531738144137995,-0.0850490450513532,-0.364384412766,556.7315731573157,598.0880088008801,730.0,735.0
420,447,7.0,7.45,0.631610512733,0.178717032075,-0.364384412766,0.6348796101287588,0.1576626751865222,-0.364384412766,0.4531738144137995,-0.0850490450513532,-0.364384412766,559.5168091168091,597.1390313390314,730.0,735.0
421,448,7.016666666666667,7.466666666666667,0.6338440995856144,0.1749040199711283,-0.364384412766,0.6366311414237,0.1555469013321776,-0.364384412766,0.4531738144137995,-0.0850490450513532,-0.364384412766,561.6566499721758,595.8508625486922,730.0,735.0
422,449,7.033333333333333,7.483333333333333,0.6369961929939569,0.1686395901418255,-0.364384412766,0.6391058778758124,0.1533533643982013,-0.364384412766,0.4531738144137995,-0.0850490450513532,-0.364384412766,563.9808743169399,593.9661202185792,730.0,735.0
423,450,7.05,7.5,0.638695128923132,0.1646277222906172,-0.364384412766,0.6388840878232882,0.1505795498090006,-0.364384412766,0.4531738144137995,-0.0850490450513532,-0.364384412766,566.3821138211381,594.3764853033146,730.0,735.0
424,451,7.066666666666666,7.516666666666667,0.6408478064676579,0.1580369263432393,-0.364384412766,0.6399454112297309,0.1478930902319984,-0.364384412766,0.4531738144137995,-0.0850490450513532,-0.364384412766,568.9125382262996,593.7100917431193,730.0,735.0
425,452,7.083333333333333,7.533333333333333,0.6419173121437447,0.1538442592873393,-0.364384412766,0.6396628007591126,0.1449108308709334,-0.364384412766,0.4531738144137995,-0.0850490450513532,-0.364384412766,571.4871382636655,594.1881028938907,730.0,735.0
426,453,7.1,7.55,0.6427503885166203,0.1495953007006501,-0.364384412766,0.6419036089460937,0.1420405737992245,-0.364384412766,0.4531738144137995,-0.0850490450513532,-0.364384412766,574.3683274021353,592.5533807829181,730.0,735.0
427,454,7.116666666666666,7.566666666666666,0.6435718964202873,0.1409332616840847,-0.364384412766,0.6423737317566676,0.1393646719897904,-0.364384412766,0.4531738144137995,-0.0850490450513532,-0.364384412766,576.7945945945946,592.3789789789789,730.0,735.0
428,455,7.133333333333334,7.583333333333333,0.6436005427424313,0.1356643747980052,-0.364384412766,0.6437014469124667,0.1372504573152521,-0.364384412766,0.4531738144137995,-0.0850490450513532,-0.364384412766,578.8650472334682,591.4439946018892,730.0,735.0
429,456,7.15,7.6,0.643106454629791,0.128576121171688,-0.364384412766,0.644842664977788,0.1337184238923089,-0.364384412766,0.4531738144137995,-0.0850490450513532,-0.364384412766,582.1511423550088,590.7797305213825,730.0,735.0
430,457,7.166666666666667,7.616666666666666,0.6424142536138358,0.1241132288781976,-0.364384412766,0.6447772848227407,0.1307509694631096,-0.364384412766,0.4531738144137995,-0.0850490450513532,-0.364384412766,584.7475994513031,591.0754458161865,730.0,735.0
431,458,7.183333333333334,7.633333333333334,0.6408202101630666,0.1169494027634774,-0.364384412766,0.6454456020538673,0.1274338766344354,-0.364384412766,0.4531738144137995,-0.0850490450513532,-0.364384412766,587.7689701897018,590.7879403794037,730.0,735.0
432,459,7.2,7.65,0.6395223177852999,0.112463993745858,-0.364384412766,0.6448613376274037,0.1235384376158884,-0.364384412766,0.4531738144137995,-0.0850490450513532,-0.364384412766,591.0973986690865,591.5916515426497,730.0,735.0
433,460,7.216666666666667,7.666666666666667,0.6379279922062696,0.1079798389075132,-0.364384412766,0.6454477870936434,0.1191739969805985,-0.364384412766,0.4531738144137995,-0.0850490450513532,-0.364384412766,595.02574002574,591.457528957529,730.0,735.0
434,461,7.233333333333333,7.683333333333334,0.6344798844689311,0.0999292344463234,-0.364384412766,0.6448532473163102,0.115194157183855,-0.364384412766,0.4531738144137995,-0.0850490450513532,-0.364384412766,598.4266666666666,592.2766666666666,730.0,735.0
435,462,7.25,7.7,0.6312786340709999,0.0937003977597,-0.364384412766,0.6438382868657325,0.1090774918963379,-0.364384412766,0.4531738144137995,-0.0850490450513532,-0.364384412766,603.6373507057546,593.6199782844733,730.0,735.0
436,463,7.266666666666667,7.716666666666667,0.6276433813523282,0.0875129416963354,-0.364384412766,0.6435227936396998,0.1034755863261022,-0.364384412766,0.4531738144137995,-0.0850490450513532,-0.364384412766,608.5080690038953,594.3383416805787,730.0,735.0
437,464,7.283333333333333,7.733333333333333,0.6241843643793901,0.0822516745367151,-0.364384412766,0.6426514996585907,0.0986024965172374,-0.364384412766,0.4531738144137995,-0.0850490450513532,-0.364384412766,612.6493117893476,595.4608019150209,730.0,735.0
438,465,7.3,7.75,0.6191387077758678,0.075301694514273,-0.364384412766,0.6408209848590751,0.0931645322460438,-0.364384412766,0.4531738144137995,-0.0850490450513532,-0.364384412766,617.1328588374851,597.4288256227758,730.0,735.0
439,466,7.316666666666666,7.766666666666667,0.615687098846657,0.0710107023741474,-0.364384412766,0.638292930548242,0.0877189458235063,-0.364384412766,0.4531738144137995,-0.0850490450513532,-0.364384412766,621.5111536010197,599.9789674952199,730.0,735.0
440,467,7.333333333333333,7.783333333333333,0.6098066184176589,0.0642198186229324,-0.364384412766,0.635823064685137,0.0824285867014947,-0.364384412766,0.4531738144137995,-0.0850490450513532,-0.364384412766,625.7624177139437,602.4679832435667,730.0,735.0
441,468,7.35,7.8,0.605916095628389,0.060024176790618,-0.364384412766,0.6327115553185035,0.0770750663512982,-0.364384412766,0.4531738144137995,-0.0850490450513532,-0.364384412766,629.9661921708185,605.4970344009489,730.0,735.0
442,469,7.366666666666666,7.816666666666666,0.5992919318075823,0.0534138058625525,-0.364384412766,0.6297455624438708,0.0724520814489394,-0.364384412766,0.4531738144137995,-0.0850490450513532,-0.364384412766,633.5515350877192,608.3453947368421,730.0,735.0
443,470,7.383333333333334,7.833333333333333,0.5940811748066214,0.0485243491420957,-0.364384412766,0.6261509578635334,0.0675627283227708,-0.364384412766,0.4531738144137995,-0.0850490450513532,-0.364384412766,637.27,611.7394444444444,730.0,735.0
444,471,7.4,7.85,0.5877354674891616,0.0429015605502746,-0.364384412766,0.6220034512540902,0.0621230729590643,-0.364384412766,0.4531738144137995,-0.0850490450513532,-0.364384412766,641.3831775700935,615.6391484942886,730.0,735.0
445,472,7.416666666666667,7.866666666666666,0.5811324178334307,0.0373635493299831,-0.364384412766,0.617398326746731,0.0570679077287967,-0.364384412766,0.4531738144137995,-0.0850490450513532,-0.364384412766,645.0851318944843,619.8890887290167,730.0,735.0
446,473,7.433333333333334,7.883333333333334,0.5752781817487854,0.0326851940695459,-0.364384412766,0.6124167100697073,0.0520760263040913,-0.364384412766,0.4531738144137995,-0.0850490450513532,-0.364384412766,648.6710671067106,624.4477447744774,730.0,735.0
447,474,7.45,7.9,0.567237644529128,0.0265354211794744,-0.364384412766,0.6067943265964947,0.0476769364205519,-0.364384412766,0.4531738144137995,-0.0850490450513532,-0.364384412766,651.6333897349125,629.4923857868021,730.0,735.0
448,475,7.466666666666667,7.916666666666667,0.5620582798563272,0.0227527482561215,-0.364384412766,0.601557770589281,0.0425748294354716,-0.364384412766,0.4531738144137995,-0.0850490450513532,-0.364384412766,655.2752442996742,634.272529858849,730.0,735.0
449,476,7.483333333333333,7.933333333333334,0.5535974752634569,0.0167735660901806,-0.364384412766,0.5954294585722523,0.0380781485530919,-0.364384412766,0.4531738144137995,-0.0850490450513532,-0.364384412766,658.2421052631579,639.7468671679197,730.0,735.0
450,477,7.5,7.95,0.548208713531,0.0130801871419,-0.364384412766,0.5899569335168271,0.0328654554852034,-0.364384412766,0.4531738144137995,-0.0850490450513532,-0.364384412766,661.9432404540763,644.7327141382868,730.0,735.0
451,478,7.516666666666667,7.966666666666667,0.5394127713298618,0.0072497731355094,-0.364384412766,0.5835139224933619,0.0266706678511802,-0.364384412766,0.4531738144137995,-0.0850490450513532,-0.364384412766,666.3514056224899,650.6074297188754,730.0,735.0
452,479,7.533333333333333,7.983333333333333,0.5327172859490732,0.0029232883556732,-0.364384412766,0.5772655215997322,0.0211322095668532,-0.364384412766,0.4531738144137995,-0.0850490450513532,-0.364384412766,670.2142094017094,656.2665598290598,730.0,735.0
453,480,7.55,8.0,0.524805946775161,-0.0020758651157021,-0.364384412766,0.5693251600098845,0.0153461717596026,-0.364384412766,0.4531738144137995,-0.0850490450513532,-0.364384412766,674.0229716520039,663.3563049853373,730.0,735.0
454,481,7.566666666666666,8.016666666666667,0.5168072342445333,-0.0070316469393212,-0.364384412766,0.563778763123585,0.0099493807270581,-0.364384412766,0.4531738144137995,-0.0850490450513532,-0.364384412766,677.8739837398374,668.4186991869918,730.0,735.0
455,482,7.583333333333333,8.033333333333333,0.5098931116648986,-0.0112499321152413,-0.364384412766,0.5564306477332597,0.0037072708326201,-0.364384412766,0.4531738144137995,-0.0850490450513532,-0.364384412766,682.1784615384615,675.0517948717949,730.0,735.0
456,483,7.6,8.05,0.5006148481609607,-0.0168436443267606,-0.364384412766,0.5504534474837536,-0.0015722325937267,-0.364384412766,0.4531738144137995,-0.0850490450513532,-0.364384412766,685.8572949946752,680.4637912673056,730.0,735.0
457,484,7.616666666666666,8.066666666666666,0.4947856325184538,-0.0203238262602209,-0.364384412766,0.5430435852853922,-0.0051952740067181,-0.364384412766,0.4531738144137995,-0.0850490450513532,-0.364384412766,687.8509749303621,686.9354688950789,730.0,735.0
458,485,7.633333333333334,8.083333333333334,0.4854387790854985,-0.0258815429142501,-0.364384412766,0.535862370143439,-0.0096257338067831,-0.364384412766,0.4531738144137995,-0.0850490450513532,-0.364384412766,690.5906788247213,693.2821681864234,730.0,735.0
459,486,7.65,8.1,0.4795910607034301,-0.0293520316532784,-0.364384412766,0.527242799716179,-0.0121535479327155,-0.364384412766,0.4531738144137995,-0.0850490450513532,-0.364384412766,691.4280397022333,700.6732837055417,730.0,735.0
460,487,7.666666666666667,8.116666666666667,0.4702465911584236,-0.0349108373610333,-0.364384412766,0.5181821033511373,-0.0144473991515174,-0.364384412766,0.4531738144137995,-0.0850490450513532,-0.364384412766,691.9890643985419,708.4131227217497,730.0,735.0
461,488,7.683333333333334,8.133333333333333,0.4644202016858366,-0.0383925273718519,-0.364384412766,0.5097646068815301,-0.0168162814184898,-0.364384412766,0.4531738144137995,-0.0850490450513532,-0.364384412766,692.7192323738005,715.6228619107217,730.0,735.0
462,489,7.7,8.15,0.4586111771367528,-0.0418833543324638,-0.364384412766,0.501901374891838,-0.0179944825252686,-0.364384412766,0.4531738144137995,-0.0850490450513532,-0.364384412766,692.4923245614035,722.2737573099415,730.0,735.0
463,490,7.716666666666667,8.166666666666666,0.4470865051307547,-0.0489132542963398,-0.364384412766,0.4902167078935259,-0.0179686075703702,-0.364384412766,0.4531738144137995,-0.0850490450513532,-0.364384412766,690.594315245478,732.0124892334194,730.0,735.0
464,491,7.733333333333333,8.183333333333334,0.4402396236478045,-0.053165667096935,-0.364384412766,0.4810480165765667,-0.0185820884673588,-0.364384412766,0.4531738144137995,-0.0850490450513532,-0.364384412766,689.6617790811339,739.7057673509286,730.0,735.0
465,492,7.75,8.2,0.431206852198,-0.0588833279908,-0.364384412766,0.4712571838150889,-0.0177665522637602,-0.364384412766,0.4531738144137995,-0.0850490450513532,-0.364384412766,687.3739837398374,747.8015303682448,730.0,735.0
466,493,7.766666666666667,8.216666666666667,0.4256441440779879,-0.0624968599220161,-0.364384412766,0.4614179524581672,-0.0164190839311946,-0.364384412766,0.4531738144137995,-0.0850490450513532,-0.364384412766,684.611111111111,755.8944020356234,730.0,735.0
467,494,7.783333333333333,8.233333333333333,0.4168706830723787,-0.0683375518367658,-0.364384412766,0.4516287403009211,-0.0148724983727751,-0.364384412766,0.4531738144137995,-0.0850490450513532,-0.364384412766,681.6813388353966,763.9293901879871,730.0,735.0
468,495,7.8,8.25,0.4114741081825227,-0.0720274661995011,-0.364384412766,0.444664655673718,-0.013531111334459,-0.364384412766,0.4531738144137995,-0.0850490450513532,-0.364384412766,679.3852423852422,769.6259116259115,730.0,735.0
469,496,7.816666666666666,8.266666666666667,0.4030409356701097,-0.0780184636616231,-0.364384412766,0.4365285168706894,-0.0107321460078863,-0.364384412766,0.4531738144137995,-0.0850490450513532,-0.364384412766,675.6205395996518,776.1810269799826,730.0,735.0
470,497,7.833333333333333,8.283333333333333,0.3968622101733627,-0.082572238384178,-0.364384412766,0.4281207350239079,-0.0075082388645573,-0.364384412766,0.4531738144137995,-0.0850490450513532,-0.364384412766,671.438923395445,782.9280538302277,730.0,735.0
471,498,7.85,8.3,0.3898444787249518,-0.0879600158155561,-0.364384412766,0.421928834114363,-0.0067173780217072,-0.364384412766,0.4531738144137995,-0.0850490450513532,-0.364384412766,669.7504,788.0256,730.0,735.0
472,499,7.866666666666666,8.316666666666666,0.3830455596758697,-0.0934293223448966,-0.364384412766,0.4168016924030402,-0.0067287124252911,-0.364384412766,0.4531738144137995,-0.0850490450513532,-0.364384412766,668.9375,792.300724637681,730.0,735.0
473,500,7.883333333333334,8.333333333333334,0.377414459342927,-0.0981860042392273,-0.364384412766,0.4110806726851043,-0.0078440189557088,-0.364384412766,0.4531738144137995,-0.0850490450513532,-0.364384412766,668.9991431019708,797.1606683804628,730.0,735.0
474,501,7.9,8.35,0.3701872158695941,-0.1046202235605761,-0.364384412766,0.4044778230950659,-0.0102878329228125,-0.364384412766,0.4531738144137995,-0.0850490450513532,-0.364384412766,670.0863731656184,802.8637316561844,730.0,735.0
475,502,7.916666666666667,8.366666666666667,0.3658891720723351,-0.1087079894440065,-0.364384412766,0.3992074940384738,-0.0130040392477309,-0.364384412766,0.4531738144137995,-0.0850490450513532,-0.364384412766,671.6267605633802,807.478090766823,730.0,735.0
476,503,7.933333333333334,8.383333333333333,0.3593173871495113,-0.1153321528481398,-0.364384412766,0.3927758759150971,-0.0162347155091111,-0.364384412766,0.4531738144137995,-0.0850490450513532,-0.364384412766,673.4327411167512,813.1023688663282,730.0,735.0
477,504,7.95,8.4,0.3554096035702586,-0.1195235803012296,-0.364384412766,0.3863699310463835,-0.0217955376183328,-0.364384412766,0.4531738144137995,-0.0850490450513532,-0.364384412766,677.2899075190992,818.8946521913952,730.0,735.0
478,505,7.966666666666667,8.416666666666666,0.3495872782307522,-0.1263272531517111,-0.364384412766,0.3794383470654687,-0.0291071132792948,-0.364384412766,0.4531738144137995,-0.0850490450513532,-0.364384412766,682.6007751937984,825.2674418604652,730.0,735.0
479,506,7.983333333333333,8.433333333333334,0.3455164593576891,-0.1314892735934552,-0.364384412766,0.3718069543930398,-0.0366737870801231,-0.364384412766,0.4531738144137995,-0.0850490450513532,-0.364384412766,688.0234375,832.2443576388888,730.0,735.0
480,507,8.0,8.45,0.341134607792,-0.1375756561755,-0.364384412766,0.365617141539475,-0.0461985172517005,-0.364384412766,0.4531738144137995,-0.0850490450513532,-0.364384412766,695.3976393976393,838.1786731786731,730.0,735.0
481,508,8.016666666666667,8.466666666666667,0.3371548501183093,-0.1437212561133964,-0.364384412766,0.3588947536169867,-0.0563395683456692,-0.364384412766,0.4531738144137995,-0.0850490450513532,-0.364384412766,703.2278145695365,844.6070640176599,730.0,735.0
482,509,8.033333333333333,8.483333333333333,0.3340883505977324,-0.1490302170443631,-0.364384412766,0.3517903244732396,-0.0681875270647138,-0.364384412766,0.4531738144137995,-0.0850490450513532,-0.364384412766,712.4962178517397,851.4926878466969,730.0,735.0
483,510,8.05,8.5,0.3304715399969054,-0.1561525443054753,-0.364384412766,0.3455943831755291,-0.0809119129630108,-0.364384412766,0.4531738144137995,-0.0850490450513532,-0.364384412766,722.6803782505909,857.6921985815603,730.0,735.0
484,511,8.066666666666666,8.516666666666667,0.3285627490982072,-0.1606266346381334,-0.364384412766,0.3419412580964704,-0.0925460240012564,-0.364384412766,0.4531738144137995,-0.0850490450513532,-0.364384412766,732.3148148148148,861.6832858499524,730.0,735.0
485,512,8.083333333333334,8.533333333333333,0.3259739216676727,-0.1677989999762407,-0.364384412766,0.3392091177611482,-0.1050425709165207,-0.364384412766,0.4531738144137995,-0.0850490450513532,-0.364384412766,742.85472257518,864.9767047861076,730.0,735.0
486,513,8.1,8.55,0.3246511460482277,-0.1722846138491482,-0.364384412766,0.3357152093820275,-0.119163072713626,-0.364384412766,0.4531738144137995,-0.0850490450513532,-0.364384412766,754.6990407673861,869.037170263789,730.0,735.0
487,514,8.116666666666667,8.566666666666666,0.3236291737677656,-0.1767639816818398,-0.364384412766,0.3331915731417053,-0.1302480939860585,-0.364384412766,0.4531738144137995,-0.0850490450513532,-0.364384412766,764.0323665405632,872.0420344682639,730.0,735.0
488,515,8.133333333333333,8.583333333333334,0.322399083459663,-0.184793748669104,-0.364384412766,0.3297608046188949,-0.1409157740567314,-0.364384412766,0.4531738144137995,-0.0850490450513532,-0.364384412766,772.8534661685345,875.769198837692,730.0,735.0
489,516,8.15,8.6,0.3220078049603561,-0.1909913185713556,-0.364384412766,0.3283182791088614,-0.1516392025767546,-0.364384412766,0.4531738144137995,-0.0850490450513532,-0.364384412766,782.0426356589147,877.8434108527131,730.0,735.0
490,517,8.166666666666666,8.616666666666667,0.3220265398694241,-0.195382653715819,-0.364384412766,0.3290849194445273,-0.1622618527498435,-0.364384412766,0.4531738144137995,-0.0850490450513532,-0.364384412766,791.4978200554895,878.0677764565993,730.0,735.0
491,518,8.183333333333334,8.633333333333333,0.322391595546763,-0.2006015249707167,-0.364384412766,0.3283621974314755,-0.1714591177022854,-0.364384412766,0.4531738144137995,-0.0850490450513532,-0.364384412766,799.4617552334943,879.4178743961353,730.0,735.0
492,519,8.2,8.65,0.3232822991137496,-0.2066060853475714,-0.364384412766,0.3278519503632419,-0.1802500535629901,-0.364384412766,0.4531738144137995,-0.0850490450513532,-0.364384412766,807.1028248587571,880.5578154425612,730.0,735.0
493,520,8.216666666666667,8.666666666666666,0.3246505715051372,-0.2125065614085545,-0.364384412766,0.3289667850463923,-0.1893674501921781,-0.364384412766,0.4531738144137995,-0.0850490450513532,-0.364384412766,815.291504959034,880.3695558430358,730.0,735.0
494,521,8.233333333333333,8.683333333333334,0.3271000518314412,-0.2199120532879031,-0.364384412766,0.3312848204740722,-0.1971877660024076,-0.364384412766,0.4531738144137995,-0.0850490450513532,-0.364384412766,822.5337837837837,879.0728228228228,730.0,735.0
495,522,8.25,8.7,0.328775912523,-0.223931521177,-0.364384412766,0.334772887899006,-0.2062786846363732,-0.364384412766,0.4531738144137995,-0.0850490450513532,-0.364384412766,831.0800838574423,876.9039832285115,730.0,735.0
496,523,8.266666666666667,8.716666666666667,0.3307248869250203,-0.2278560064905143,-0.364384412766,0.3378813069992883,-0.2128633460722514,-0.364384412766,0.4531738144137995,-0.0850490450513532,-0.364384412766,837.3636721828211,874.8479117415287,730.0,735.0
497,524,8.283333333333333,8.733333333333333,0.3342621671470534,-0.2339696110561124,-0.364384412766,0.3424563392165702,-0.2196167656314552,-0.364384412766,0.4531738144137995,-0.0850490450513532,-0.364384412766,844.030894308943,871.5829268292683,730.0,735.0
498,525,8.3,8.75,0.3367265319614884,-0.2376819011708349,-0.364384412766,0.3475688181954589,-0.2274574754628243,-0.364384412766,0.4531738144137995,-0.0850490450513532,-0.364384412766,851.7395711500974,867.9582846003898,730.0,735.0
499,526,8.316666666666666,8.766666666666667,0.3411452385398411,-0.243387156071003,-0.364384412766,0.3546793561084568,-0.2332424375992151,-0.364384412766,0.4531738144137995,-0.0850490450513532,-0.364384412766,857.9629144851657,862.500872600349,730.0,735.0
500,527,8.333333333333334,8.783333333333333,0.3447503449671962,-0.2475057861577596,-0.364384412766,0.3599437132742843,-0.2404973225434933,-0.364384412766,0.4531738144137995,-0.0850490450513532,-0.364384412766,865.181311018131,858.7019990701998,730.0,735.0
501,528,8.35,8.8,0.3512868785559921,-0.2540435669318453,-0.364384412766,0.365895699004241,-0.2461189987724529,-0.364384412766,0.4531738144137995,-0.0850490450513532,-0.364384412766,871.0752688172043,854.1971326164874,730.0,735.0
502,529,8.366666666666667,8.816666666666666,0.3548233745153243,-0.257125130005653,-0.364384412766,0.3716644990492346,-0.2537470677616315,-0.364384412766,0.4531738144137995,-0.0850490450513532,-0.364384412766,878.7024710035299,850.008068582955,730.0,735.0
503,530,8.383333333333333,8.833333333333334,0.3607571917036385,-0.2618347570631462,-0.364384412766,0.3776107164226302,-0.2613205729750593,-0.364384412766,0.4531738144137995,-0.0850490450513532,-0.364384412766,886.31021194605,845.6666666666665,730.0,735.0
504,531,8.4,8.85,0.3646277580795943,-0.2646385590250786,-0.364384412766,0.3830424636208998,-0.2688348784637816,-0.364384412766,0.4531738144137995,-0.0850490450513532,-0.364384412766,893.7833775419982,841.7493368700266,730.0,735.0
505,532,8.416666666666666,8.866666666666667,0.3711084227531903,-0.2688409466602064,-0.364384412766,0.389978009705528,-0.2761581635797717,-0.364384412766,0.4531738144137995,-0.0850490450513532,-0.364384412766,901.3300744878956,836.5628491620112,730.0,735.0
506,533,8.433333333333334,8.883333333333333,0.3761373134432441,-0.2718072948331672,-0.364384412766,0.396031354557174,-0.2838997525541619,-0.364384412766,0.4531738144137995,-0.0850490450513532,-0.364384412766,909.1026722925455,832.14580403188,730.0,735.0
507,534,8.45,8.9,0.3821819001312773,-0.275048949883875,-0.364384412766,0.4021212768928829,-0.290697811294507,-0.364384412766,0.4531738144137995,-0.0850490450513532,-0.364384412766,916.0522360015032,827.6215708380307,730.0,735.0
508,535,8.466666666666667,8.916666666666666,0.386600038812728,-0.2772259175618689,-0.364384412766,0.4102134312376607,-0.2975347283643522,-0.364384412766,0.4531738144137995,-0.0850490450513532,-0.364384412766,923.3572764683876,821.4313505424616,730.0,735.0
509,536,8.483333333333333,8.933333333333334,0.3920056832250638,-0.2796793840875454,-0.364384412766,0.4169375174043765,-0.302746220433716,-0.364384412766,0.4531738144137995,-0.0850490450513532,-0.364384412766,929.0147965474722,816.2494862309904,730.0,735.0
510,537,8.5,8.95,0.401219815016,-0.283412396908,-0.364384412766,0.4251594506786079,-0.3072900445527297,-0.364384412766,0.4531738144137995,-0.0850490450513532,-0.364384412766,934.3261512463032,809.7646810308406,730.0,735.0
511,538,8.516666666666667,8.966666666666667,0.4059229239970678,-0.2850846813178148,-0.364384412766,0.4331025488171378,-0.309689037746813,-0.364384412766,0.4531738144137995,-0.0850490450513532,-0.364384412766,937.7084917617236,803.3379805661174,730.0,735.0
512,539,8.533333333333333,8.983333333333333,0.4135377002103768,-0.2875424550879696,-0.364384412766,0.4397083748085271,-0.3120425252982891,-0.364384412766,0.4531738144137995,-0.0850490450513532,-0.364384412766,940.8362354892204,798.0223880597015,730.0,735.0
513,540,8.55,9.0,0.4183471182425105,-0.2889438642161854,-0.364384412766,0.4470566251377833,-0.3141832961604441,-0.364384412766,0.4531738144137995,-0.0850490450513532,-0.364384412766,943.896256684492,792.0705882352942,730.0,735.0
514,541,8.566666666666666,9.016666666666667,0.4261234092369608,-0.2909220997215992,-0.364384412766,0.4522867222832799,-0.313909043295613,-0.364384412766,0.4531738144137995,-0.0850490450513532,-0.364384412766,944.4947025264872,787.6882640586797,730.0,735.0
515,542,8.583333333333334,9.033333333333331,0.4319994620470058,-0.2922371622914424,-0.364384412766,0.4583142117726221,-0.3135633412255528,-0.364384412766,0.4531738144137995,-0.0850490450513532,-0.364384412766,945.158353127474,782.6353919239905,730.0,735.0
516,543,8.6,9.05,0.4388972803560907,-0.2935758283657164,-0.364384412766,0.4646561897584479,-0.3123038081859849,-0.364384412766,0.4531738144137995,-0.0850490450513532,-0.364384412766,945.0696629213484,777.2460674157303,730.0,735.0
517,544,8.616666666666667,9.066666666666666,0.4438463880012339,-0.294410025183629,-0.364384412766,0.4709035301665597,-0.3101065163201643,-0.364384412766,0.4531738144137995,-0.0850490450513532,-0.364384412766,944.1419501133786,771.8594104308389,730.0,735.0
518,545,8.633333333333333,9.083333333333334,0.4498062396553359,-0.2952722904868372,-0.364384412766,0.4783382125956467,-0.3083442466199678,-0.364384412766,0.4531738144137995,-0.0850490450513532,-0.364384412766,943.7869674185464,765.5182957393483,730.0,735.0
519,546,8.65,9.1,0.4597758185810579,-0.2963999245701701,-0.364384412766,0.4867622517236686,-0.3064299993453149,-0.364384412766,0.4531738144137995,-0.0850490450513532,-0.364384412766,943.4572526416906,758.3400576368877,730.0,735.0
520,547,8.666666666666666,9.116666666666667,0.4647752026732059,-0.2967950245261749,-0.364384412766,0.4944611419079904,-0.3030483882334959,-0.364384412766,0.4531738144137995,-0.0850490450513532,-0.364384412766,941.7220588235294,751.6470588235294,730.0,735.0
521,548,8.683333333333334,9.133333333333333,0.4727846093577383,-0.2972366605160434,-0.364384412766,0.5009037671283104,-0.2974727820180073,-0.364384412766,0.4531738144137995,-0.0850490450513532,-0.364384412766,937.857791225416,745.8229954614221,730.0,735.0
522,549,8.7,9.15,0.4777950799169285,-0.2973940665986576,-0.364384412766,0.5090128053561819,-0.2934896336722515,-0.364384412766,0.4531738144137995,-0.0850490450513532,-0.364384412766,935.6599634369288,738.739183424741,730.0,735.0
523,550,8.716666666666667,9.166666666666666,0.4858147108323489,-0.2974098028254001,-0.364384412766,0.516798835156611,-0.2894382668190912,-0.364384412766,0.4531738144137995,-0.0850490450513532,-0.364384412766,933.3503649635036,731.9190997566909,730.0,735.0
524,551,8.733333333333333,9.183333333333334,0.491828044635131,-0.2972681128758319,-0.364384412766,0.5248514932508219,-0.2858780473422783,-0.364384412766,0.4531738144137995,-0.0850490450513532,-0.364384412766,931.515037593985,724.9166666666666,730.0,735.0
525,552,8.75,9.2,0.498838052154,-0.296921283007,-0.364384412766,0.5327978216878777,-0.2827916655491721,-0.364384412766,0.4531738144137995,-0.0850490450513532,-0.364384412766,930.0789183222956,718.0413907284768,730.0,735.0
526,553,8.766666666666667,9.216666666666669,0.5058378473851877,-0.296383916501894,-0.364384412766,0.5395855570843993,-0.2814077154675533,-0.364384412766,0.4531738144137995,-0.0850490450513532,-0.364384412766,929.9524658348188,712.2703505644681,730.0,735.0
527,554,8.783333333333333,9.233333333333333,0.5118252928784358,-0.2957654286752956,-0.364384412766,0.5453050233384422,-0.2786219783617017,-0.364384412766,0.4531738144137995,-0.0850490450513532,-0.364384412766,928.4230769230768,707.2759197324415,730.0,735.0
528,555,8.8,9.25,0.5197864912649098,-0.2947303033808527,-0.364384412766,0.5507329601211843,-0.2780031368742269,-0.364384412766,0.4531738144137995,-0.0850490450513532,-0.364384412766,928.750548245614,702.7006578947369,730.0,735.0
529,556,8.816666666666666,9.266666666666667,0.5247413307693793,-0.2939294893788037,-0.364384412766,0.5549762554229424,-0.2763450777884296,-0.364384412766,0.4531738144137995,-0.0850490450513532,-0.364384412766,927.9749287749288,699.02849002849,730.0,735.0
530,557,8.833333333333334,9.283333333333331,0.5326339041736421,-0.2924476563394186,-0.364384412766,0.5590443946193935,-0.2758606614419948,-0.364384412766,0.4531738144137995,-0.0850490450513532,-0.364384412766,928.2022598870057,695.5977401129943,730.0,735.0
531,558,8.85,9.3,0.5375410876345529,-0.2913947566196641,-0.364384412766,0.5635087947696148,-0.2749082770890226,-0.364384412766,0.4531738144137995,-0.0850490450513532,-0.364384412766,928.0820707070708,691.7986111111111,730.0,735.0
532,559,8.866666666666667,9.316666666666666,0.5453270996732265,-0.2894513718064943,-0.364384412766,0.5673099864500777,-0.2739389095034309,-0.364384412766,0.4531738144137995,-0.0850490450513532,-0.364384412766,927.8405228758168,688.5509803921568,730.0,735.0
533,560,8.883333333333333,9.333333333333334,0.5501563517413484,-0.2881118594556749,-0.364384412766,0.5711036856520516,-0.273027008454905,-0.364384412766,0.4531738144137995,-0.0850490450513532,-0.364384412766,927.6482577251808,685.3142669296515,730.0,735.0
534,561,8.9,9.35,0.5549501994674604,-0.2866658594995992,-0.364384412766,0.5751432317265298,-0.2717235457669037,-0.364384412766,0.4531738144137995,-0.0850490450513532,-0.364384412766,927.1514563106796,681.8407766990291,730.0,735.0
535,562,8.916666666666666,9.366666666666667,0.562513527796445,-0.2840812586222542,-0.364384412766,0.5794836027201323,-0.270779930266238,-0.364384412766,0.4531738144137995,-0.0850490450513532,-0.364384412766,927.019065190652,678.1457564575646,730.0,735.0
536,563,8.933333333333334,9.383333333333333,0.5681045100793708,-0.2819639188665233,-0.364384412766,0.5852907215883963,-0.2678694933693289,-0.364384412766,0.4531738144137995,-0.0850490450513532,-0.364384412766,925.394193188163,673.0681183696258,730.0,735.0
537,564,8.95,9.4,0.5772363880097964,-0.2780814583150909,-0.364384412766,0.588606318730304,-0.2667508528039343,-0.364384412766,0.4531738144137995,-0.0850490450513532,-0.364384412766,924.9435736677116,670.2131661442006,730.0,735.0
538,565,8.966666666666667,9.416666666666666,0.5816816205432505,-0.2759425134523701,-0.364384412766,0.5932789914384838,-0.2635472289534512,-0.364384412766,0.4531738144137995,-0.0850490450513532,-0.364384412766,922.8790650406504,666.0574186991869,730.0,735.0
539,566,8.983333333333333,9.433333333333334,0.5886307318381624,-0.2722921891288469,-0.364384412766,0.595813797428961,-0.2617772327718225,-0.364384412766,0.4531738144137995,-0.0850490450513532,-0.364384412766,921.7309110057924,663.8004212743549,730.0,735.0
540,567,9.0,9.45,0.592862963676,-0.269867867231,-0.364384412766,0.5996003049480435,-0.259131239222775,-0.364384412766,0.4531738144137995,-0.0850490450513532,-0.364384412766,920.0140672782874,660.4287461773699,730.0,735.0
541,568,9.016666666666667,9.466666666666669,0.5993799406402035,-0.2657034172599903,-0.364384412766,0.6024447871671834,-0.255003779447461,-0.364384412766,0.4531738144137995,-0.0850490450513532,-0.364384412766,916.8445487741262,657.7219613980177,730.0,735.0
542,569,9.033333333333331,9.483333333333333,0.6040832347314207,-0.2623955299989875,-0.364384412766,0.6043443744997732,-0.2520502520267716,-0.364384412766,0.4531738144137995,-0.0850490450513532,-0.364384412766,914.5546995377504,655.8983050847457,730.0,735.0
543,570,9.05,9.5,0.609330485784299,-0.2583210084724835,-0.364384412766,0.6087118651331556,-0.2479117653438022,-0.364384412766,0.4531738144137995,-0.0850490450513532,-0.364384412766,911.619922092376,651.9209794101279,730.0,735.0
544,571,9.066666666666666,9.516666666666667,0.614303178282252,-0.2540254751697418,-0.364384412766,0.6113211902652496,-0.243507104176584,-0.364384412766,0.4531738144137995,-0.0850490450513532,-0.364384412766,908.1691378363536,649.387699066447,730.0,735.0
545,572,9.083333333333334,9.533333333333331,0.6183199244333066,-0.2501662714770293,-0.364384412766,0.6156282576336579,-0.2398515462789775,-0.364384412766,0.4531738144137995,-0.0850490450513532,-0.364384412766,905.6489226869454,645.5,730.0,735.0
546,573,9.1,9.55,0.6233259603014356,-0.244793543964237,-0.364384412766,0.617604113815691,-0.2367932571753869,-0.364384412766,0.4531738144137995,-0.0850490450513532,-0.364384412766,903.2792792792792,643.6042471042471,730.0,735.0
547,574,9.116666666666667,9.566666666666666,0.6261841050855083,-0.2412778848156097,-0.364384412766,0.6222207821060914,-0.2336450502733712,-0.364384412766,0.4531738144137995,-0.0850490450513532,-0.364384412766,901.2544670363524,639.4996919285273,730.0,735.0
548,575,9.133333333333333,9.583333333333334,0.6303832116619477,-0.23546213527881,-0.364384412766,0.6257075586646674,-0.2310742248139986,-0.364384412766,0.4531738144137995,-0.0850490450513532,-0.364384412766,899.5555555555555,636.3839953943581,730.0,735.0
549,576,9.15,9.6,0.632764733562524,-0.2317125433225693,-0.364384412766,0.6293743786748573,-0.2290001741440225,-0.364384412766,0.4531738144137995,-0.0850490450513532,-0.364384412766,898.3219628964691,633.1585876720526,730.0,735.0
550,577,9.166666666666666,9.616666666666667,0.6360590369265936,-0.2255015561914805,-0.364384412766,0.6333793331309595,-0.2252569288414926,-0.364384412766,0.4531738144137995,-0.0850490450513532,-0.364384412766,895.6762268961121,629.5156150414276,730.0,735.0
551,578,9.183333333333334,9.633333333333333,0.6378628352506319,-0.2215260769422856,-0.364384412766,0.6359844567385213,-0.2242855284435417,-0.364384412766,0.4531738144137995,-0.0850490450513532,-0.364384412766,895.2409356725146,627.2649122807018,730.0,735.0
552,579,9.2,9.65,0.6394455387608489,-0.2174767073613394,-0.364384412766,0.6379741531119328,-0.2223557750721957,-0.364384412766,0.4531738144137995,-0.0850490450513532,-0.364384412766,893.8649478207489,625.4493554327809,730.0,735.0
553,580,9.216666666666669,9.666666666666666,0.6414057394547749,-0.210832926711694,-0.364384412766,0.6403893684503794,-0.2194719843527096,-0.364384412766,0.4531738144137995,-0.0850490450513532,-0.364384412766,891.7191166321601,623.2015182884747,730.0,735.0
554,581,9.233333333333333,9.683333333333334,0.6424940810998305,-0.2057555002063589,-0.364384412766,0.6423396933296177,-0.2188332654387009,-0.364384412766,0.4531738144137995,-0.0850490450513532,-0.364384412766,891.4710017574693,621.5237258347979,730.0,735.0
555,582,9.25,9.7,0.6433044075965,-0.1997352242465,-0.364384412766,0.6432781902312514,-0.2175071617090226,-0.364384412766,0.4531738144137995,-0.0850490450513532,-0.364384412766,890.4566210045662,620.6335616438356,730.0,735.0
556,583,9.266666666666667,9.716666666666669,0.6436285179786081,-0.1936304585018686,-0.364384412766,0.643879195734454,-0.2147327865775002,-0.364384412766,0.4531738144137995,-0.0850490450513532,-0.364384412766,888.1157495256167,619.9070208728652,730.0,735.0
557,584,9.283333333333331,9.733333333333333,0.6433184733135869,-0.1856839075253203,-0.364384412766,0.6446620388571749,-0.2124273839044926,-0.364384412766,0.4531738144137995,-0.0850490450513532,-0.364384412766,886.216060080878,619.0670132871172,730.0,735.0
558,585,9.3,9.75,0.6428049779337752,-0.1812340936308631,-0.364384412766,0.6449345459167265,-0.2103750003880414,-0.364384412766,0.4531738144137995,-0.0850490450513532,-0.364384412766,884.4567474048442,618.6730103806228,730.0,735.0
559,586,9.316666666666666,9.766666666666667,0.6419856119690336,-0.1767636168333178,-0.364384412766,0.6444001713924717,-0.2072648854374864,-0.364384412766,0.4531738144137995,-0.0850490450513532,-0.364384412766,881.6387061403508,618.8656798245614,730.0,735.0
560,587,9.333333333333334,9.783333333333331,0.6399056378493754,-0.1686962961511501,-0.364384412766,0.6455741787490578,-0.2022421000716893,-0.364384412766,0.4531738144137995,-0.0850490450513532,-0.364384412766,877.4145363408521,617.4786967418546,730.0,735.0
561,588,9.35,9.8,0.6377383372332216,-0.1624188390251962,-0.364384412766,0.6447816082880936,-0.2003967671226599,-0.364384412766,0.4531738144137995,-0.0850490450513532,-0.364384412766,875.6661856661856,617.9894179894179,730.0,735.0
562,589,9.366666666666667,9.816666666666666,0.6351054639295807,-0.1561546126336095,-0.364384412766,0.6438384345916087,-0.1949884651893704,-0.364384412766,0.4531738144137995,-0.0850490450513532,-0.364384412766,870.7635467980296,618.3360700602079,730.0,735.0
563,590,9.383333333333333,9.833333333333334,0.6324764315844579,-0.1508067705455831,-0.364384412766,0.6431420001051368,-0.1902011612143418,-0.364384412766,0.4531738144137995,-0.0850490450513532,-0.364384412766,866.4460625674217,618.5275080906149,730.0,735.0
564,591,9.4,9.85,0.6284949537521692,-0.1437169681390986,-0.364384412766,0.6418346830057524,-0.1845963855108708,-0.364384412766,0.4531738144137995,-0.0850490450513532,-0.364384412766,861.3123772102161,619.161755075311,730.0,735.0
565,592,9.416666666666666,9.866666666666667,0.6256755856337308,-0.1393234461989727,-0.364384412766,0.6408073370324866,-0.1796403709268653,-0.364384412766,0.4531738144137995,-0.0850490450513532,-0.364384412766,856.7935702199661,619.6153412295544,730.0,735.0
566,593,9.433333333333334,9.883333333333333,0.6207617846428236,-0.1323527187859418,-0.364384412766,0.6400743097027038,-0.1739430123856916,-0.364384412766,0.4531738144137995,-0.0850490450513532,-0.364384412766,851.6707175925926,619.7633101851851,730.0,735.0
567,594,9.45,9.9,0.6174466704796179,-0.1280361835477065,-0.364384412766,0.6389334958914281,-0.1686308010062692,-0.364384412766,0.4531738144137995,-0.0850490450513532,-0.364384412766,846.8207762557078,620.2825342465753,730.0,735.0
568,595,9.466666666666669,9.916666666666666,0.611683654023394,-0.1212199336395978,-0.364384412766,0.6370401257999935,-0.1629410518002497,-0.364384412766,0.4531738144137995,-0.0850490450513532,-0.364384412766,841.5183845690174,621.3984327908378,730.0,735.0
569,596,9.483333333333333,9.933333333333334,0.6070794340312005,-0.1161705136446714,-0.364384412766,0.6346258327868557,-0.1576278382945798,-0.364384412766,0.4531738144137995,-0.0850490450513532,-0.364384412766,836.4631815626756,622.9792017987633,730.0,735.0
570,597,9.5,9.95,0.6013945937155001,-0.1103571243585,-0.364384412766,0.6312782114906891,-0.1521921733490393,-0.364384412766,0.4531738144137995,-0.0850490450513532,-0.364384412766,831.1506129597198,625.328079392878,730.0,735.0
571,598,9.516666666666667,9.966666666666669,0.5954037821603083,-0.1046272612468035,-0.364384412766,0.6280263296628218,-0.1464862312209985,-0.364384412766,0.4531738144137995,-0.0850490450513532,-0.364384412766,825.6159673659673,627.5751748251748,730.0,735.0
572,599,9.533333333333331,9.983333333333333,0.5900346351642903,-0.0997856580094384,-0.364384412766,0.6244111725304594,-0.1414219549444159,-0.364384412766,0.4531738144137995,-0.0850490450513532,-0.364384412766,820.5867319195214,630.1772702555736,730.0,735.0
573,600,9.55,10.0,0.5825890164072768,-0.0934222824723496,-0.364384412766,0.6202984960022222,-0.1360761782895604,-0.364384412766,0.4531738144137995,-0.0850490450513532,-0.364384412766,815.2303473491774,633.1712370505788,730.0,735.0
574,601,9.566666666666666,10.016666666666667,0.5777450416477028,-0.0895108667315497,-0.364384412766,0.6148119758830887,-0.1305829920623259,-0.364384412766,0.4531738144137995,-0.0850490450513532,-0.364384412766,809.5239726027397,637.2985159817351,730.0,735.0
575,602,9.583333333333334,10.033333333333331,0.5697749212102644,-0.0833342464854858,-0.364384412766,0.6102335117378455,-0.1251309771229637,-0.364384412766,0.4531738144137995,-0.0850490450513532,-0.364384412766,803.9995017438963,640.6721474838066,730.0,735.0
576,603,9.6,10.05,0.5646647808850241,-0.0795236097258217,-0.364384412766,0.605185787461754,-0.1187836429748193,-0.364384412766,0.4531738144137995,-0.0850490450513532,-0.364384412766,797.6131687242798,644.3641975308642,730.0,735.0
577,604,9.616666666666667,10.066666666666666,0.5562601528251399,-0.0735205114019333,-0.364384412766,0.5996476000416587,-0.1131194604619324,-0.364384412766,0.4531738144137995,-0.0850490450513532,-0.364384412766,791.7482792527039,648.5206489675517,730.0,735.0
578,605,9.633333333333333,10.083333333333334,0.5509091201628811,-0.0698106505140164,-0.364384412766,0.5948535919655848,-0.1073839064015734,-0.364384412766,0.4531738144137995,-0.0850490450513532,-0.364384412766,785.9401225836868,652.050919377652,730.0,735.0
579,606,9.65,10.1,0.5454820640461577,-0.0661343754791965,-0.364384412766,0.5883334764507564,-0.1002830750240119,-0.364384412766,0.4531738144137995,-0.0850490450513532,-0.364384412766,778.655526992288,656.9091688089117,730.0,735.0
580,607,9.666666666666666,10.116666666666667,0.534398767978493,-0.0588877941975238,-0.364384412766,0.5820784672347107,-0.0934693299109362,-0.364384412766,0.4531738144137995,-0.0850490450513532,-0.364384412766,771.6656877141457,661.5697503671072,730.0,735.0
581,608,9.683333333333334,10.133333333333333,0.5276429868751222,-0.054590353083072,-0.364384412766,0.574378459097238,-0.0855942039504508,-0.364384412766,0.4531738144137995,-0.0850490450513532,-0.364384412766,763.51150202977,667.3486693730266,730.0,735.0
582,609,9.7,10.15,0.518534335365302,-0.0489102469472618,-0.364384412766,0.5666439745975245,-0.0767872627091225,-0.364384412766,0.4531738144137995,-0.0850490450513532,-0.364384412766,754.5331705331705,673.080586080586,730.0,735.0
583,610,9.716666666666669,10.166666666666666,0.5127815713934956,-0.0453903245510996,-0.364384412766,0.5604223170058034,-0.0674671679039173,-0.364384412766,0.4531738144137995,-0.0850490450513532,-0.364384412766,745.3468208092486,677.5096339113679,730.0,735.0
584,611,9.733333333333333,10.183333333333334,0.5035201813622101,-0.0397878750880969,-0.364384412766,0.5535844058021372,-0.0582690545510379,-0.364384412766,0.4531738144137995,-0.0850490450513532,-0.364384412766,736.1687306501548,682.4623323013416,730.0,735.0
585,612,9.75,10.2,0.497702986002,-0.0363013632596,-0.364384412766,0.5484745794564073,-0.0466928327194748,-0.364384412766,0.4531738144137995,-0.0850490450513532,-0.364384412766,725.1787802840433,685.7811194653299,730.0,735.0
586,613,9.766666666666667,10.216666666666669,0.4918669406546465,-0.0328247389817825,-0.364384412766,0.5383543296601369,-0.0343404285194508,-0.364384412766,0.4531738144137995,-0.0850490450513532,-0.364384412766,712.702817650186,693.2137161084529,730.0,735.0
587,614,9.783333333333331,10.233333333333333,0.4813458001093791,-0.0265754558614397,-0.364384412766,0.533608485351912,-0.0267552379491705,-0.364384412766,0.4531738144137995,-0.0850490450513532,-0.364384412766,705.2774594078319,696.5534861509074,730.0,735.0
588,615,9.8,10.25,0.4731645715064188,-0.0217139127898617,-0.364384412766,0.5223415408928057,-0.0179737845877075,-0.364384412766,0.4531738144137995,-0.0850490450513532,-0.364384412766,695.7545931758531,705.2322834645669,730.0,735.0
589,616,9.816666666666666,10.266666666666667,0.465002740702068,-0.0168420909552436,-0.364384412766,0.5152009290554306,-0.0091676814058635,-0.364384412766,0.4531738144137995,-0.0850490450513532,-0.364384412766,686.8723088344468,710.4691907943577,730.0,735.0
590,617,9.833333333333334,10.283333333333331,0.4580358288413083,-0.0126511148136889,-0.364384412766,0.508117097950056,0.0002780852798051,-0.364384412766,0.4531738144137995,-0.0850490450513532,-0.364384412766,677.4371839751069,715.6067677946324,730.0,735.0
591,618,9.85,10.3,0.4522592393621014,-0.0091434832711568,-0.364384412766,0.4992485225134453,0.0111979611162366,-0.364384412766,0.4531738144137995,-0.0850490450513532,-0.364384412766,666.4205992509362,722.1123595505618,730.0,735.0
592,619,9.866666666666667,10.316666666666666,0.4442262382654991,-0.0042050187108313,-0.364384412766,0.4910251456001291,0.0192836227432066,-0.364384412766,0.4531738144137995,-0.0850490450513532,-0.364384412766,657.9974593495934,728.3104674796747,730.0,735.0
593,620,9.883333333333333,10.333333333333334,0.4374056920248722,6.049617657825435e-05,-0.364384412766,0.4825058052633386,0.0272963328166947,-0.364384412766,0.4531738144137995,-0.0850490450513532,-0.364384412766,649.5909090909091,734.7612330198536,730.0,735.0
594,621,9.9,10.35,0.4284148160812208,0.0057986312313861,-0.364384412766,0.4743411831116089,0.034673647861161,-0.364384412766,0.4531738144137995,-0.0850490450513532,-0.364384412766,641.7994910941475,740.9679389312977,730.0,735.0
595,622,9.916666666666666,10.366666666666667,0.4195975623091956,0.0116189894225487,-0.364384412766,0.4662950803780392,0.0403921694195609,-0.364384412766,0.4531738144137995,-0.0850490450513532,-0.364384412766,635.4843674843675,747.2106782106782,730.0,735.0
596,623,9.933333333333334,10.383333333333333,0.4130955051779411,0.0160349492248082,-0.364384412766,0.4578586519721762,0.0458404357196048,-0.364384412766,0.4531738144137995,-0.0850490450513532,-0.364384412766,629.3440233236151,753.8007774538387,730.0,735.0
597,624,9.95,10.4,0.4056577236760461,0.0212519610997045,-0.364384412766,0.4476559564990419,0.0496525471353557,-0.364384412766,0.4531738144137995,-0.0850490450513532,-0.364384412766,624.3575949367089,761.9963080168776,730.0,735.0
598,625,9.966666666666669,10.416666666666666,0.3983932234230121,0.026541806547438,-0.364384412766,0.4388131034334703,0.0545067777488875,-0.364384412766,0.4531738144137995,-0.0850490450513532,-0.364384412766,618.6738921001927,768.9735067437379,730.0,735.0
599,626,9.983333333333333,10.433333333333334,0.3923246212949504,0.0311393241646929,-0.364384412766,0.4293226843497251,0.0570011002857674,-0.364384412766,0.4531738144137995,-0.0850490450513532,-0.364384412766,614.9594731509625,776.6823708206687,730.0,735.0
600,627,10.0,10.45,0.384462624788,0.0373565368354,-0.364384412766,0.4207732067565032,0.0575685067886622,-0.364384412766,0.4531738144137995,-0.0850490450513532,-0.364384412766,613.0888888888888,783.7634567901233,730.0,735.0
601,628,10.016666666666667,10.466666666666669,0.3797301108205561,0.0413071830248633,-0.364384412766,0.4120937636661003,0.0597790041225925,-0.364384412766,0.4531738144137995,-0.0850490450513532,-0.364384412766,609.7539682539682,790.8193277310925,730.0,735.0
602,629,10.033333333333331,10.483333333333333,0.3724145904637558,0.0477130384884258,-0.364384412766,0.4043130587138236,0.0612272469886815,-0.364384412766,0.4531738144137995,-0.0850490450513532,-0.364384412766,607.2329376854599,797.1879327398615,730.0,735.0
603,630,10.05,10.5,0.3680114802611974,0.0517699171328116,-0.364384412766,0.3969314828877233,0.0632741867412954,-0.364384412766,0.4531738144137995,-0.0850490450513532,-0.364384412766,604.25,803.1751412429378,730.0,735.0
604,631,10.066666666666666,10.516666666666667,0.361336106596469,0.0583663642219986,-0.364384412766,0.3896334807349957,0.0646453962908613,-0.364384412766,0.4531738144137995,-0.0850490450513532,-0.364384412766,601.8741134751773,809.1476063829788,730.0,735.0
605,632,10.083333333333334,10.533333333333331,0.3565866682156142,0.0633806913467164,-0.364384412766,0.3833511807264875,0.0657335978324914,-0.364384412766,0.4531738144137995,-0.0850490450513532,-0.364384412766,599.9098639455782,814.2963435374148,730.0,735.0
606,633,10.1,10.55,0.351368466264725,0.0693066885471681,-0.364384412766,0.3769207958466727,0.067823015633001,-0.364384412766,0.4531738144137995,-0.0850490450513532,-0.364384412766,597.042265795207,819.4871459694989,730.0,735.0
607,634,10.116666666666667,10.566666666666666,0.3465074148299298,0.0753075533797896,-0.364384412766,0.3721541846891506,0.0688270276717322,-0.364384412766,0.4531738144137995,-0.0850490450513532,-0.364384412766,595.3952315451627,823.3791838606144,730.0,735.0
608,635,10.133333333333333,10.583333333333334,0.3426505187449369,0.080507795898726,-0.364384412766,0.3665280826943611,0.0692256367436522,-0.364384412766,0.4531738144137995,-0.0850490450513532,-0.364384412766,594.142112125163,828.0369404606691,730.0,735.0
609,636,10.15,10.6,0.337936587469416,0.0875087238020749,-0.364384412766,0.3613385405469678,0.069764374809313,-0.364384412766,0.4531738144137995,-0.0850490450513532,-0.364384412766,592.8359511343804,832.3193717277487,730.0,735.0
610,637,10.166666666666666,10.616666666666667,0.3353135648326067,0.0919261618436568,-0.364384412766,0.3566124808777747,0.0703323478513333,-0.364384412766,0.4531738144137995,-0.0850490450513532,-0.364384412766,591.5784913353721,836.2130479102955,730.0,735.0
611,638,10.183333333333334,10.633333333333333,0.3315501689588623,0.099035982394127,-0.364384412766,0.3532668270954356,0.0692936127921152,-0.364384412766,0.4531738144137995,-0.0850490450513532,-0.364384412766,591.9540889526543,839.0865614538498,730.0,735.0
612,639,10.2,10.65,0.3294753789660219,0.1035011133951575,-0.364384412766,0.3501466644828724,0.0690400656317699,-0.364384412766,0.4531738144137995,-0.0850490450513532,-0.364384412766,591.6760772659733,841.7082714214957,730.0,735.0
613,640,10.216666666666669,10.666666666666666,0.3267304329798757,0.1106700811666665,-0.364384412766,0.3482902828612769,0.0691809545520191,-0.364384412766,0.4531738144137995,-0.0850490450513532,-0.364384412766,591.2543728135931,843.2443778110944,730.0,735.0
614,641,10.233333333333333,10.683333333333334,0.3250543895362516,0.1160520527667349,-0.364384412766,0.3462722043829316,0.0684533742461664,-0.364384412766,0.4531738144137995,-0.0850490450513532,-0.364384412766,591.5696798493408,844.9858757062146,730.0,735.0
615,642,10.25,10.7,0.3235587030645,0.1223238408565,-0.364384412766,0.3450872772990103,0.0669783241953967,-0.364384412766,0.4531738144137995,-0.0850490450513532,-0.364384412766,592.6753623188405,846.0935817805382,730.0,735.0
616,643,10.266666666666667,10.716666666666669,0.3225492525766904,0.1285730486664295,-0.364384412766,0.3464862163251901,0.0661778270657144,-0.364384412766,0.4531738144137995,-0.0850490450513532,-0.364384412766,593.6031265758951,844.9924357034796,730.0,735.0
617,644,10.283333333333331,10.733333333333333,0.3220866515802256,0.1338980779078233,-0.364384412766,0.3461939221766849,0.0646737055850861,-0.364384412766,0.4531738144137995,-0.0850490450513532,-0.364384412766,594.8776077885952,845.3583681038479,730.0,735.0
618,645,10.3,10.75,0.3220022032159569,0.1409395759467993,-0.364384412766,0.3474084747177393,0.0634265835555824,-0.364384412766,0.4531738144137995,-0.0850490450513532,-0.364384412766,596.1681459566074,844.447238658777,730.0,735.0
619,646,10.316666666666666,10.766666666666667,0.3223321400747759,0.1452855037530655,-0.364384412766,0.3478894901163343,0.0613784770746824,-0.364384412766,0.4531738144137995,-0.0850490450513532,-0.364384412766,598.0446343779677,844.2127255460588,730.0,735.0
620,647,10.333333333333334,10.783333333333331,0.3233443543059929,0.152148949888939,-0.364384412766,0.3491286589351481,0.0598781989961784,-0.364384412766,0.4531738144137995,-0.0850490450513532,-0.364384412766,599.5615243342515,843.301652892562,730.0,735.0
621,648,10.35,10.8,0.3242765805322637,0.1563754557025277,-0.364384412766,0.3515083666286041,0.0591561466656688,-0.364384412766,0.4531738144137995,-0.0850490450513532,-0.364384412766,600.5777777777778,841.3765199161425,730.0,735.0
622,649,10.366666666666667,10.816666666666666,0.3263523878291587,0.1629877362234413,-0.364384412766,0.3530329330952806,0.0602401326087875,-0.364384412766,0.4531738144137995,-0.0850490450513532,-0.364384412766,599.870159453303,840.0174639331814,730.0,735.0
623,650,10.383333333333333,10.833333333333334,0.328278618561082,0.1678370546759351,-0.364384412766,0.3555068415053026,0.0622560211015972,-0.364384412766,0.4531738144137995,-0.0850490450513532,-0.364384412766,598.4962121212121,837.7912457912457,730.0,735.0
624,651,10.4,10.85,0.3309471636676595,0.1733512486925741,-0.364384412766,0.3597080763649231,0.0653204808850322,-0.364384412766,0.4531738144137995,-0.0850490450513532,-0.364384412766,596.4782997762863,834.0398210290828,730.0,735.0
625,652,10.416666666666666,10.866666666666667,0.3340379672662221,0.1787024078173566,-0.364384412766,0.3616742268304496,0.0676243456195881,-0.364384412766,0.4531738144137995,-0.0850490450513532,-0.364384412766,594.7698709945901,832.2134831460675,730.0,735.0
626,653,10.433333333333334,10.883333333333333,0.3370182515643645,0.1831449676824373,-0.364384412766,0.3643085519586774,0.0719086127541746,-0.364384412766,0.4531738144137995,-0.0850490450513532,-0.364384412766,591.4288668320926,829.6691480562447,730.0,735.0
627,654,10.45,10.9,0.3397253969631386,0.1867385330663281,-0.364384412766,0.3677699177956912,0.0761115684178207,-0.364384412766,0.4531738144137995,-0.0850490450513532,-0.364384412766,588.292028087567,826.4419661296985,730.0,735.0
628,655,10.466666666666669,10.916666666666666,0.3438251201203225,0.1916039703874227,-0.364384412766,0.3710099132840871,0.0804222874137708,-0.364384412766,0.4531738144137995,-0.0850490450513532,-0.364384412766,585.0249899234179,823.3905683192261,730.0,735.0
629,656,10.483333333333333,10.933333333333334,0.349599974064293,0.1975570936657799,-0.364384412766,0.3735010646414605,0.0861892783638812,-0.364384412766,0.4531738144137995,-0.0850490450513532,-0.364384412766,580.3584142394822,820.845064724919,730.0,735.0
630,657,10.5,10.95,0.353028684855,0.20071773231,-0.364384412766,0.376632922757815,0.0922309747623587,-0.364384412766,0.4531738144137995,-0.0850490450513532,-0.364384412766,575.5533333333333,817.743111111111,730.0,735.0
631,658,10.516666666666667,10.966666666666669,0.3588729040103535,0.2055013803343391,-0.364384412766,0.3806570691076347,0.1005618278745861,-0.364384412766,0.4531738144137995,-0.0850490450513532,-0.364384412766,568.8804001819009,813.7112323783537,730.0,735.0
632,659,10.533333333333331,10.983333333333333,0.3634692083835469,0.2089079127118028,-0.364384412766,0.3839777823341073,0.1084126521961396,-0.364384412766,0.4531738144137995,-0.0850490450513532,-0.364384412766,562.5162846803378,810.3047848813832,730.0,735.0
633,660,10.55,11.0,0.3690603790026069,0.2126655727588148,-0.364384412766,0.3899100438953192,0.1164852279227168,-0.364384412766,0.4531738144137995,-0.0850490450513532,-0.364384412766,556.3764861294584,804.7032144429766,730.0,735.0
634,661,10.566666666666666,11.016666666666667,0.3731858791282839,0.215211311426431,-0.364384412766,0.395869137735314,0.1263291709522608,-0.364384412766,0.4531738144137995,-0.0850490450513532,-0.364384412766,548.6848230912476,798.9352886405959,730.0,735.0
635,662,10.583333333333334,11.033333333333331,0.3782748495046051,0.2181062223956634,-0.364384412766,0.4028191936014147,0.1373889553501019,-0.364384412766,0.4531738144137995,-0.0850490450513532,-0.364384412766,540.0840664711632,792.2424242424241,730.0,735.0
636,663,10.6,11.05,0.3870343526165581,0.2225692835529561,-0.364384412766,0.4085943494137887,0.1462749921779711,-0.364384412766,0.4531738144137995,-0.0850490450513532,-0.364384412766,533.2044170518747,786.7057010785825,730.0,735.0
637,664,10.616666666666667,11.066666666666666,0.3915475212814848,0.2246019404722822,-0.364384412766,0.4156006315229905,0.156186109570795,-0.364384412766,0.4531738144137995,-0.0850490450513532,-0.364384412766,525.6218041485769,780.0593342981186,730.0,735.0
638,665,10.633333333333333,11.083333333333334,0.3988966304397774,0.2276293744258322,-0.364384412766,0.4223291455726055,0.1659741832274944,-0.364384412766,0.4531738144137995,-0.0850490450513532,-0.364384412766,518.1027077497665,773.6545284780577,730.0,735.0
639,666,10.65,11.1,0.403562477922755,0.2293821254473061,-0.364384412766,0.4301675537998468,0.1731752244682299,-0.364384412766,0.4531738144137995,-0.0850490450513532,-0.364384412766,513.0344827586207,766.5347564313081,730.0,735.0
640,667,10.666666666666666,11.116666666666667,0.4111485153914687,0.2319121836600516,-0.364384412766,0.4371567430186955,0.180214798604938,-0.364384412766,0.4531738144137995,-0.0850490450513532,-0.364384412766,507.97181729834784,760.1360544217687,730.0,735.0
641,668,10.683333333333334,11.133333333333333,0.4169049192700366,0.2336342480410371,-0.364384412766,0.4441376232129538,0.186535778785041,-0.364384412766,0.4531738144137995,-0.0850490450513532,-0.364384412766,503.5391131041355,753.8026905829596,730.0,735.0
642,669,10.7,11.15,0.4236872056952647,0.2354396919434782,-0.364384412766,0.4509429690030994,0.1925368136421016,-0.364384412766,0.4531738144137995,-0.0850490450513532,-0.364384412766,499.35931372549015,747.6416666666667,730.0,735.0
643,670,10.716666666666669,11.166666666666666,0.4305271617420625,0.2370362935799881,-0.364384412766,0.4578534330141589,0.197400540487354,-0.364384412766,0.4531738144137995,-0.0850490450513532,-0.364384412766,496.1955257270693,741.4854586129753,730.0,735.0
644,671,10.733333333333333,11.183333333333334,0.436428949504606,0.2382362475798806,-0.364384412766,0.4652492508714712,0.2027559013038813,-0.364384412766,0.4531738144137995,-0.0850490450513532,-0.364384412766,492.6777251184834,734.8846761453397,730.0,735.0
645,672,10.75,11.2,0.444339841604,0.239617526531,-0.364384412766,0.472446982400036,0.2071458631075815,-0.364384412766,0.4531738144137995,-0.0850490450513532,-0.364384412766,489.97625,728.5275,730.0,735.0
646,673,10.766666666666667,11.216666666666669,0.4493081418371406,0.2403256428038123,-0.364384412766,0.4790745243200052,0.2119446367896305,-0.364384412766,0.4531738144137995,-0.0850490450513532,-0.364384412766,486.8241179568193,722.6124275934702,730.0,735.0
647,674,10.783333333333331,11.233333333333333,0.4572801287857345,0.241263375573209,-0.364384412766,0.4857930664127956,0.2160990130156319,-0.364384412766,0.4531738144137995,-0.0850490450513532,-0.364384412766,484.2527027027027,716.6738738738738,730.0,735.0
648,675,10.8,11.25,0.4622743713996681,0.2417284419030923,-0.364384412766,0.4921574794357958,0.2204777868952212,-0.364384412766,0.4531738144137995,-0.0850490450513532,-0.364384412766,481.4273166447079,711.012296881862,730.0,735.0
649,676,10.816666666666666,11.266666666666667,0.4702806961850912,0.2422334510779734,-0.364384412766,0.4996420371113246,0.2262895444866799,-0.364384412766,0.4531738144137995,-0.0850490450513532,-0.364384412766,477.5228070175438,704.3004385964912,730.0,735.0
650,677,10.833333333333334,11.283333333333331,0.4762919725089924,0.2424579173711608,-0.364384412766,0.5059036765203173,0.2311699733136818,-0.364384412766,0.4531738144137995,-0.0850490450513532,-0.364384412766,474.2402159244264,698.6837606837606,730.0,735.0
651,678,10.85,11.3,0.4833087015867953,0.2425385713017249,-0.364384412766,0.51181057494798,0.2347858397755948,-0.364384412766,0.4531738144137995,-0.0850490450513532,-0.364384412766,472.0116279069768,693.4656007751938,730.0,735.0
652,679,10.866666666666667,11.316666666666666,0.4903251701099506,0.2424303673519922,-0.364384412766,0.5161473449837259,0.239092203174952,-0.364384412766,0.4531738144137995,-0.0850490450513532,-0.364384412766,468.9244380679101,689.5002391200383,730.0,735.0
653,680,10.883333333333333,11.333333333333334,0.4963355943137858,0.2421822231099899,-0.364384412766,0.5233111004916243,0.2455013384734048,-0.364384412766,0.4531738144137995,-0.0850490450513532,-0.364384412766,464.4436381228833,683.0072568940493,730.0,735.0
654,681,10.9,11.35,0.5043402146643731,0.2416454362951231,-0.364384412766,0.5278145866875547,0.2492231162282547,-0.364384412766,0.4531738144137995,-0.0850490450513532,-0.364384412766,461.89677125966347,678.950432014552,730.0,735.0
655,682,10.916666666666666,11.366666666666667,0.5093326449577852,0.2411603094781325,-0.364384412766,0.5326543718501902,0.2531423779040397,-0.364384412766,0.4531738144137995,-0.0850490450513532,-0.364384412766,459.2303848075961,674.5972013993003,730.0,735.0
656,683,10.933333333333334,11.383333333333333,0.5173011630098601,0.2401901561002177,-0.364384412766,0.5374292485557643,0.2570202582650622,-0.364384412766,0.4531738144137995,-0.0850490450513532,-0.364384412766,456.5899352267065,670.3014449427005,730.0,735.0
657,684,10.95,11.4,0.5222667313603948,0.2394615134586633,-0.364384412766,0.5431240274466426,0.2603085466181289,-0.364384412766,0.4531738144137995,-0.0850490450513532,-0.364384412766,454.6150859678313,665.2867443150304,730.0,735.0
658,685,10.966666666666669,11.416666666666666,0.5301716631131705,0.2380468367324791,-0.364384412766,0.5501867899459082,0.2625772869510406,-0.364384412766,0.4531738144137995,-0.0850490450513532,-0.364384412766,453.7554721701063,659.2145090681676,730.0,735.0
659,686,10.983333333333333,11.433333333333334,0.5360680725196942,0.2368214250849333,-0.364384412766,0.554293797934389,0.2638722885962369,-0.364384412766,0.4531738144137995,-0.0850490450513532,-0.364384412766,453.27693089430886,655.6854674796747,730.0,735.0
660,687,11.0,11.45,0.542900323868,0.235194593668,-0.364384412766,0.5576703034300741,0.2655074477718906,-0.364384412766,0.4531738144137995,-0.0850490450513532,-0.364384412766,452.3823178016726,652.7377538829151,730.0,735.0
661,688,11.016666666666667,11.466666666666669,0.5496732088480989,0.2333583905032195,-0.364384412766,0.5624765306197599,0.2645390820930823,-0.364384412766,0.4531738144137995,-0.0850490450513532,-0.364384412766,454.0043942247332,648.8097928436912,730.0,735.0
662,689,11.033333333333331,11.483333333333333,0.5554200104522401,0.2316095005633749,-0.364384412766,0.5677001734639293,0.2635400910074297,-0.364384412766,0.4531738144137995,-0.0850490450513532,-0.364384412766,455.72036673215456,644.5363457760315,730.0,735.0
663,690,11.05,11.5,0.5629911555897206,0.2290430614212947,-0.364384412766,0.5720224293097432,0.2619840834818312,-0.364384412766,0.4531738144137995,-0.0850490450513532,-0.364384412766,457.7810218978102,641.059610705596,730.0,735.0
664,691,11.066666666666666,11.516666666666667,0.5676456867394605,0.2272672262593931,-0.364384412766,0.5762723803064262,0.2584202444896264,-0.364384412766,0.4531738144137995,-0.0850490450513532,-0.364384412766,461.59398069278814,637.8063600227143,730.0,735.0
665,692,11.083333333333334,11.533333333333331,0.5749742404554988,0.2242024418019855,-0.364384412766,0.5800697568512319,0.255220992883076,-0.364384412766,0.4531738144137995,-0.0850490450513532,-0.364384412766,465.0140105078809,634.9007589025102,730.0,735.0
666,693,11.1,11.55,0.5794728306356548,0.2221462027993526,-0.364384412766,0.5853972690333198,0.2505570602932467,-0.364384412766,0.4531738144137995,-0.0850490450513532,-0.364384412766,469.9663551401869,630.838629283489,730.0,735.0
667,694,11.116666666666667,11.566666666666666,0.586478182566168,0.2185719800683063,-0.364384412766,0.5877995976345662,0.2446503963351471,-0.364384412766,0.4531738144137995,-0.0850490450513532,-0.364384412766,475.5409924487594,629.3160733549083,730.0,735.0
668,695,11.133333333333333,11.583333333333334,0.5915904683208756,0.2157056648011899,-0.364384412766,0.5922440542190207,0.2376472769083212,-0.364384412766,0.4531738144137995,-0.0850490450513532,-0.364384412766,482.4066232356134,626.1802388707926,730.0,735.0
669,696,11.15,11.6,0.5973668752453336,0.2121426276546556,-0.364384412766,0.5969019075110963,0.230403719245915,-0.364384412766,0.4531738144137995,-0.0850490450513532,-0.364384412766,489.5177304964539,622.8860520094562,730.0,735.0
670,697,11.166666666666666,11.616666666666667,0.6029245878048396,0.2083518967808241,-0.364384412766,0.599735118668753,0.2230274434297641,-0.364384412766,0.4531738144137995,-0.0850490450513532,-0.364384412766,496.4525948103792,621.12375249501,730.0,735.0
671,698,11.183333333333334,11.633333333333333,0.6074893728826627,0.2049172979302213,-0.364384412766,0.6025814377520778,0.2161406902718552,-0.364384412766,0.4531738144137995,-0.0850490450513532,-0.364384412766,502.9595103578154,619.3107344632768,730.0,735.0
672,699,11.2,11.65,0.6132875475999277,0.200096863064233,-0.364384412766,0.6062818229547318,0.2100342687110886,-0.364384412766,0.4531738144137995,-0.0850490450513532,-0.364384412766,508.9179632248939,616.7223008015087,730.0,735.0
673,700,11.216666666666669,11.666666666666666,0.6166845296602915,0.1969138394906197,-0.364384412766,0.6092787598524426,0.2033306838591111,-0.364384412766,0.4531738144137995,-0.0850490450513532,-0.364384412766,515.2881355932203,614.7688323917138,730.0,735.0
674,701,11.233333333333333,11.683333333333334,0.6218003403464822,0.1916103718728603,-0.364384412766,0.6117956791408707,0.1974876994880008,-0.364384412766,0.4531738144137995,-0.0850490450513532,-0.364384412766,520.8252202132592,613.1455725544738,730.0,735.0
675,702,11.25,11.7,0.624787926674,0.18816716969,-0.364384412766,0.614826754863214,0.1916832677778738,-0.364384412766,0.4531738144137995,-0.0850490450513532,-0.364384412766,526.4109529969815,611.0905562742562,730.0,735.0
676,703,11.266666666666667,11.716666666666669,0.6275508032763847,0.1846008589630675,-0.364384412766,0.618134545938673,0.1850536132884467,-0.364384412766,0.4531738144137995,-0.0850490450513532,-0.364384412766,532.7660656495608,608.8719371243643,730.0,735.0
677,704,11.283333333333331,11.733333333333333,0.6320446419123633,0.177948932277106,-0.364384412766,0.6214689792062469,0.1794125711220963,-0.364384412766,0.4531738144137995,-0.0850490450513532,-0.364384412766,538.2569444444445,606.5507478632478,730.0,735.0
678,705,11.3,11.75,0.6350750980828388,0.1725731380474024,-0.364384412766,0.6239253790660972,0.1740682321214599,-0.364384412766,0.4531738144137995,-0.0850490450513532,-0.364384412766,543.3462493790362,604.9374068554397,730.0,735.0
679,706,11.316666666666666,11.766666666666667,0.636982566813704,0.1686348414950086,-0.364384412766,0.6272251118230203,0.1684317823659722,-0.364384412766,0.4531738144137995,-0.0850490450513532,-0.364384412766,548.8275245755138,602.6447721179625,730.0,735.0
680,707,11.333333333333334,11.783333333333331,0.6389645875150731,0.1638034689225139,-0.364384412766,0.6303633987342888,0.1618523900044275,-0.364384412766,0.4531738144137995,-0.0850490450513532,-0.364384412766,555.1112774451097,600.563373253493,730.0,735.0
681,708,11.35,11.8,0.641549353882111,0.1555359121068587,-0.364384412766,0.6343535811626125,0.1564831284536435,-0.364384412766,0.4531738144137995,-0.0850490450513532,-0.364384412766,560.4686346863468,597.6734317343173,730.0,735.0
682,709,11.366666666666667,11.816666666666666,0.6424320995131295,0.1512980674920016,-0.364384412766,0.6375070383528249,0.1511598132406902,-0.364384412766,0.4531738144137995,-0.0850490450513532,-0.364384412766,565.6513409961685,595.4772851669403,730.0,735.0
683,710,11.383333333333333,11.833333333333334,0.6433639746338109,0.1444189166624165,-0.364384412766,0.6393205047129003,0.1446974832017316,-0.364384412766,0.4531738144137995,-0.0850490450513532,-0.364384412766,571.6196319018405,594.4907975460122,730.0,735.0
684,711,11.4,11.85,0.643643021118463,0.1400646557360462,-0.364384412766,0.6427255632029782,0.1395601206982529,-0.364384412766,0.4531738144137995,-0.0850490450513532,-0.364384412766,576.6793557833089,592.0697901415324,730.0,735.0
685,712,11.416666666666666,11.866666666666667,0.6434767262194594,0.1330130858037018,-0.364384412766,0.6445511814501207,0.1329976169788158,-0.364384412766,0.4531738144137995,-0.0850490450513532,-0.364384412766,582.737600922722,591.0813148788927,730.0,735.0
686,713,11.433333333333334,11.883333333333333,0.6429527252166616,0.1276824268189484,-0.364384412766,0.6466114331992133,0.1274371305554253,-0.364384412766,0.4531738144137995,-0.0850490450513532,-0.364384412766,587.953216374269,589.8157894736842,730.0,735.0
687,714,11.45,11.9,0.6418720510848862,0.1214289159993498,-0.364384412766,0.6475424719542517,0.1218892960237553,-0.364384412766,0.4531738144137995,-0.0850490450513532,-0.364384412766,592.9764890282132,589.4905956112852,730.0,735.0
688,715,11.466666666666669,11.916666666666666,0.6403059609658303,0.1151551651179414,-0.364384412766,0.6487151916012776,0.114315949731241,-0.364384412766,0.4531738144137995,-0.0850490450513532,-0.364384412766,599.8179894179893,589.1285714285714,730.0,735.0
689,716,11.483333333333333,11.933333333333334,0.6385705485780004,0.1097732899644851,-0.364384412766,0.6481804043229125,0.1081317072700259,-0.364384412766,0.4531738144137995,-0.0850490450513532,-0.364384412766,605.1651041666667,590.0770833333333,730.0,735.0
690,717,11.5,11.95,0.635748147964,0.102606713772,-0.364384412766,0.6480196939498576,0.1017540756551362,-0.364384412766,0.4531738144137995,-0.0850490450513532,-0.364384412766,610.742149758454,590.7294685990338,730.0,735.0
691,718,11.516666666666667,11.966666666666669,0.6336264192688951,0.0981445754234063,-0.364384412766,0.6474033773226137,0.0947694410993006,-0.364384412766,0.4531738144137995,-0.0850490450513532,-0.364384412766,616.7793354101765,591.8110072689511,730.0,735.0
692,719,11.533333333333331,11.983333333333333,0.6297900824531986,0.0910412411174115,-0.364384412766,0.646180682429192,0.0886381727476095,-0.364384412766,0.4531738144137995,-0.0850490450513532,-0.364384412766,621.9695090439276,593.3286821705426,730.0,735.0
693,720,11.55,12.0,0.6271228622853232,0.0866287919648059,-0.364384412766,0.6449712833546004,0.0825395429243215,-0.364384412766,0.4531738144137995,-0.0850490450513532,-0.364384412766,627.1331431288635,594.8326200665715,730.0,735.0
694,721,11.566666666666666,12.016666666666667,0.622341739941263,0.0796376574351217,-0.364384412766,0.6437728849677045,0.0769402725652117,-0.364384412766,0.4531738144137995,-0.0850490450513532,-0.364384412766,631.8598484848484,596.2867965367965,730.0,735.0
695,722,11.583333333333334,12.033333333333331,0.6184366615964271,0.0744456387909847,-0.364384412766,0.6413819481069423,0.071938167135473,-0.364384412766,0.4531738144137995,-0.0850490450513532,-0.364384412766,635.8705450733752,598.6865828092242,730.0,735.0
696,723,11.6,12.05,0.6135222703549147,0.0684553923758237,-0.364384412766,0.6379381675363526,0.0672692396381652,-0.364384412766,0.4531738144137995,-0.0850490450513532,-0.364384412766,639.4195688225539,601.9369817578773,730.0,735.0
697,724,11.616666666666667,12.066666666666666,0.6082536262064663,0.062540671228386,-0.364384412766,0.634424614025563,0.0633639805304561,-0.364384412766,0.4531738144137995,-0.0850490450513532,-0.364384412766,642.2865013774104,605.1834710743801,730.0,735.0
698,725,11.633333333333333,12.083333333333334,0.6034636187764618,0.0575365579162201,-0.364384412766,0.630224434146891,0.0596225379302227,-0.364384412766,0.4531738144137995,-0.0850490450513532,-0.364384412766,644.8993218570682,608.9890453834116,730.0,735.0
699,726,11.65,12.1,0.5967374659626749,0.0509540575501468,-0.364384412766,0.6257224226593093,0.0565267144499936,-0.364384412766,0.4531738144137995,-0.0850490450513532,-0.364384412766,646.8965158606344,612.99375975039,730.0,735.0
700,727,11.666666666666666,12.116666666666667,0.5923052138464794,0.0469061052700704,-0.364384412766,0.6200474114121692,0.0522929528319294,-0.364384412766,0.4531738144137995,-0.0850490450513532,-0.364384412766,649.7051490514905,618.0688346883469,730.0,735.0
701,728,11.683333333333334,12.133333333333333,0.5849460147520753,0.0405144245792047,-0.364384412766,0.6150940881956641,0.0494663281533941,-0.364384412766,0.4531738144137995,-0.0850490450513532,-0.364384412766,651.3934169278997,622.4278996865204,730.0,735.0
702,729,11.7,12.15,0.5801881687863067,0.0365725421435162,-0.364384412766,0.6093622818453739,0.0466499258061952,-0.364384412766,0.4531738144137995,-0.0850490450513532,-0.364384412766,652.9477652127086,627.4351103931072,730.0,735.0
703,730,11.716666666666669,12.166666666666666,0.5722894764656838,0.0303689519529203,-0.364384412766,0.6028234439065029,0.043469076949656,-0.364384412766,0.4531738144137995,-0.0850490450513532,-0.364384412766,654.6927639383155,633.1447212336892,730.0,735.0
704,731,11.733333333333333,12.183333333333334,0.567227746003345,0.0265393960738878,-0.364384412766,0.5977248801715578,0.0421785760807522,-0.364384412766,0.4531738144137995,-0.0850490450513532,-0.364384412766,655.0082159624412,637.5,730.0,735.0
705,732,11.75,12.2,0.562067866325,0.022748824209,-0.364384412766,0.5912834735151223,0.0395815042965044,-0.364384412766,0.4531738144137995,-0.0850490450513532,-0.364384412766,656.2559952038368,643.0809352517986,730.0,735.0
706,733,11.766666666666667,12.216666666666669,0.551443367882402,0.015295554966009,-0.364384412766,0.5843160555300498,0.0373457900421826,-0.364384412766,0.4531738144137995,-0.0850490450513532,-0.364384412766,657.1018970189701,649.0710027100271,730.0,735.0
707,734,11.783333333333331,12.233333333333333,0.5449232950902194,0.0108876683174977,-0.364384412766,0.5783171836850297,0.0342646688946072,-0.364384412766,0.4531738144137995,-0.0850490450513532,-0.364384412766,658.8459429824561,654.3223684210526,730.0,735.0
708,735,11.8,12.25,0.5360848743020343,0.0050770290902449,-0.364384412766,0.5714155959816005,0.0308175876937419,-0.364384412766,0.4531738144137995,-0.0850490450513532,-0.364384412766,660.7666126418152,660.3560237709346,730.0,735.0
709,736,11.816666666666666,12.266666666666667,0.5304701114090461,0.0014884437736159,-0.364384412766,0.5649651302739254,0.0268450838624286,-0.364384412766,0.4531738144137995,-0.0850490450513532,-0.364384412766,663.221274175199,666.0563139931741,730.0,735.0
710,737,11.833333333333334,12.283333333333331,0.5213910664223076,-0.0042063520962249,-0.364384412766,0.5582916797191606,0.0216502291694868,-0.364384412766,0.4531738144137995,-0.0850490450513532,-0.364384412766,666.7140009965121,672.0418535127055,730.0,735.0
711,738,11.85,12.3,0.5156639154154431,-0.0077393503385718,-0.364384412766,0.5497614192585627,0.0172472875764606,-0.364384412766,0.4531738144137995,-0.0850490450513532,-0.364384412766,669.2130208333333,679.5109375,730.0,735.0
712,739,11.866666666666667,12.316666666666666,0.506420136501001,-0.0133508677108888,-0.364384412766,0.5433896007829433,0.0126123578032525,-0.364384412766,0.4531738144137995,-0.0850490450513532,-0.364384412766,672.2622549019608,685.1995098039215,730.0,735.0
713,740,11.883333333333333,12.333333333333334,0.5006132029047305,-0.0168427519405408,-0.364384412766,0.5361068853148424,0.0081751506104814,-0.364384412766,0.4531738144137995,-0.0850490450513532,-0.364384412766,674.9915966386554,691.6313725490195,730.0,735.0
714,741,11.9,12.35,0.4947869669063565,-0.0203246120631673,-0.364384412766,0.5270272745303277,0.004002978573639,-0.364384412766,0.4531738144137995,-0.0850490450513532,-0.364384412766,677.199716713881,699.5396600566572,730.0,735.0
715,742,11.916666666666666,12.366666666666667,0.4830997051158159,-0.0272695991473251,-0.364384412766,0.5195123593911348,-0.0003570835613796,-0.364384412766,0.4531738144137995,-0.0850490450513532,-0.364384412766,679.8240196078431,706.1588235294117,730.0,735.0
716,743,11.933333333333334,12.383333333333333,0.4760847811344733,-0.0314353745856054,-0.364384412766,0.510924192024697,-0.0039859769991382,-0.364384412766,0.4531738144137995,-0.0850490450513532,-0.364384412766,681.6337338673786,713.6132621272807,730.0,735.0
717,744,11.95,12.4,0.4667466318616247,-0.0369976708959109,-0.364384412766,0.5035177567526467,-0.008078720089226,-0.364384412766,0.4531738144137995,-0.0850490450513532,-0.364384412766,684.0406032482599,720.1202629543697,730.0,735.0
718,745,11.966666666666669,12.416666666666666,0.4609333685648878,-0.0404862881222429,-0.364384412766,0.4960736876261457,-0.0118960897680577,-0.364384412766,0.4531738144137995,-0.0850490450513532,-0.364384412766,686.1995133819952,726.6362530413626,730.0,735.0
719,746,11.983333333333333,12.433333333333334,0.4551434870087576,-0.0439870671791947,-0.364384412766,0.4876372778221816,-0.0151295126724456,-0.364384412766,0.4531738144137995,-0.0850490450513532,-0.364384412766,687.6861569215391,733.9320339830084,730.0,735.0
720,747,12.0,12.45,0.445935040712,-0.0496167875826,-0.364384412766,0.4811052638804038,-0.0192503736044705,-0.364384412766,0.4531738144137995,-0.0850490450513532,-0.364384412766,690.258064516129,739.7123655913979,730.0,735.0
721,748,12.016666666666667,12.466666666666669,0.4368406778420492,-0.055304046404989,-0.364384412766,0.4750479367190281,-0.023027548248909,-0.364384412766,0.4531738144137995,-0.0850490450513532,-0.364384412766,692.604221635884,745.0690413368512,730.0,735.0
722,749,12.033333333333331,12.483333333333333,0.4312127026880494,-0.058886140015712,-0.364384412766,0.4680132993514708,-0.0261685013097918,-0.364384412766,0.4531738144137995,-0.0850490450513532,-0.364384412766,694.2346002621232,751.1887287024902,730.0,735.0
723,750,12.05,12.5,0.4256379587739898,-0.0624939486261335,-0.364384412766,0.459822877544056,-0.0317072490650163,-0.364384412766,0.4531738144137995,-0.0850490450513532,-0.364384412766,697.7859824780976,758.4668335419274,730.0,735.0
724,751,12.066666666666666,12.516666666666667,0.4147103313967049,-0.0698127953068918,-0.364384412766,0.4534192905894569,-0.035211387782703,-0.364384412766,0.4531738144137995,-0.0850490450513532,-0.364384412766,699.8367023384859,764.0899722552516,730.0,735.0
725,752,12.083333333333334,12.533333333333331,0.4082934106261531,-0.0742664415465918,-0.364384412766,0.4412879474056184,-0.0384939014261221,-0.364384412766,0.4531738144137995,-0.0850490450513532,-0.364384412766,700.7734711455641,774.4699971289118,730.0,735.0
726,753,12.1,12.55,0.3999179012418151,-0.0802817637681573,-0.364384412766,0.4405291204337613,-0.0410554046630478,-0.364384412766,0.4531738144137995,-0.0850490450513532,-0.364384412766,702.9020028612302,775.3108011444921,730.0,735.0
727,754,12.116666666666667,12.566666666666666,0.3948282557704507,-0.084100512824417,-0.364384412766,0.4369120356547559,-0.0442873077021943,-0.364384412766,0.4531738144137995,-0.0850490450513532,-0.364384412766,705.1607669616518,778.5888643067846,730.0,735.0
728,755,12.133333333333333,12.583333333333334,0.3868938813447451,-0.0902906123362283,-0.364384412766,0.426466664710647,-0.0469801021782068,-0.364384412766,0.4531738144137995,-0.0850490450513532,-0.364384412766,705.8500417710943,787.5154553049289,730.0,735.0
729,756,12.15,12.6,0.382074007732782,-0.0942107301411889,-0.364384412766,0.4204675009494765,-0.0529330963462688,-0.364384412766,0.4531738144137995,-0.0850490450513532,-0.364384412766,710.1170212765958,793.0005065856129,730.0,735.0
730,757,12.166666666666666,12.616666666666667,0.3746712124538854,-0.100588146027026,-0.364384412766,0.4149071466790847,-0.0589304819670667,-0.364384412766,0.4531738144137995,-0.0850490450513532,-0.364384412766,714.4934240362811,798.1233560090702,730.0,735.0
731,758,12.183333333333334,12.633333333333333,0.3693366082934506,-0.1054403768710951,-0.364384412766,0.4116804732545996,-0.0659637137949747,-0.364384412766,0.4531738144137995,-0.0850490450513532,-0.364384412766,720.154365653642,801.3849493487699,730.0,735.0
732,759,12.2,12.65,0.3633890568481694,-0.1111825437358996,-0.364384412766,0.4065672598213005,-0.0747675831649092,-0.364384412766,0.4531738144137995,-0.0850490450513532,-0.364384412766,727.0680652680652,806.3631701631701,730.0,735.0
733,760,12.216666666666669,12.666666666666666,0.357750639456274,-0.1170079101493757,-0.364384412766,0.4008409260947843,-0.0826316228269921,-0.364384412766,0.4531738144137995,-0.0850490450513532,-0.364384412766,733.0577114427861,811.776119402985,730.0,735.0
734,761,12.233333333333333,12.683333333333334,0.3531887864887349,-0.122067209021807,-0.364384412766,0.3945112735285535,-0.0909366590169195,-0.364384412766,0.4531738144137995,-0.0850490450513532,-0.364384412766,739.3379522709777,817.7278675904541,730.0,735.0
735,762,12.25,12.7,0.347485512495,-0.128895878792,-0.364384412766,0.3903444424668153,-0.1003637207540951,-0.364384412766,0.4531738144137995,-0.0850490450513532,-0.364384412766,746.9510204081632,821.9678004535147,730.0,735.0
736,763,12.266666666666667,12.716666666666669,0.3442101347996896,-0.1332194796711406,-0.364384412766,0.3859533132473476,-0.1092076343795799,-0.364384412766,0.4531738144137995,-0.0850490450513532,-0.364384412766,754.0157870996842,826.3473161930536,730.0,735.0
737,764,12.283333333333331,12.733333333333333,0.3393626160122463,-0.1402004022858553,-0.364384412766,0.3793350119328714,-0.1177876971618517,-0.364384412766,0.4531738144137995,-0.0850490450513532,-0.364384412766,760.4913172384582,832.5620499788224,730.0,735.0
738,765,12.3,12.75,0.3365863715929802,-0.1445995524664391,-0.364384412766,0.375065319481795,-0.1253342961650659,-0.364384412766,0.4531738144137995,-0.0850490450513532,-0.364384412766,766.4358644358643,836.7348777348777,730.0,735.0
739,766,12.316666666666666,12.766666666666667,0.3326770875904437,-0.1516964009430877,-0.364384412766,0.3722862813936741,-0.1343810426485386,-0.364384412766,0.4531738144137995,-0.0850490450513532,-0.364384412766,773.9375478927203,839.7869731800765,730.0,735.0
740,767,12.333333333333334,12.783333333333331,0.3304952687109684,-0.1561538343277194,-0.364384412766,0.3694770335291025,-0.1424524545468527,-0.364384412766,0.4531738144137995,-0.0850490450513532,-0.364384412766,780.5775379696242,842.784972022382,730.0,735.0
741,768,12.35,12.8,0.3285387861622251,-0.1606256282723868,-0.364384412766,0.3653171585078887,-0.1518219282591678,-0.364384412766,0.4531738144137995,-0.0850490450513532,-0.364384412766,788.1411306042885,847.014424951267,730.0,735.0
742,769,12.366666666666667,12.816666666666666,0.3254397526925098,-0.1695934387942239,-0.364384412766,0.3620442823461867,-0.1593396908481891,-0.364384412766,0.4531738144137995,-0.0850490450513532,-0.364384412766,794.2203241349101,850.3539202803328,730.0,735.0
743,770,12.383333333333333,12.833333333333334,0.3240328547994733,-0.1749725435319418,-0.364384412766,0.3580168549624793,-0.1666533520549996,-0.364384412766,0.4531738144137995,-0.0850490450513532,-0.364384412766,799.9991134751772,854.3058510638298,730.0,735.0
744,771,12.4,12.85,0.3226816018475912,-0.1821261280864068,-0.364384412766,0.3546804238229162,-0.1728091496424412,-0.364384412766,0.4531738144137995,-0.0850490450513532,-0.364384412766,804.8716018402341,857.5876202425762,730.0,735.0
745,772,12.416666666666666,12.866666666666667,0.3222192487216691,-0.186571555168109,-0.364384412766,0.3534179762205324,-0.1791154348978526,-0.364384412766,0.4531738144137995,-0.0850490450513532,-0.364384412766,810.2091503267973,859.1526610644257,730.0,735.0
746,773,12.433333333333334,12.883333333333333,0.321970973826572,-0.1936325139845898,-0.364384412766,0.3513008794495674,-0.1844712606166222,-0.364384412766,0.4531738144137995,-0.0850490450513532,-0.364384412766,814.574543836226,861.3529149977747,730.0,735.0
747,774,12.45,12.9,0.322122692627929,-0.1980063194074421,-0.364384412766,0.3505066586514085,-0.1899346037023263,-0.364384412766,0.4531738144137995,-0.0850490450513532,-0.364384412766,819.2467018469657,862.4591029023746,730.0,735.0
748,775,12.466666666666669,12.916666666666666,0.3229740644929038,-0.2049012649169411,-0.364384412766,0.3481444922006156,-0.1947600852951269,-0.364384412766,0.4531738144137995,-0.0850490450513532,-0.364384412766,823.1068493150685,864.8205479452055,730.0,735.0
749,776,12.483333333333333,12.933333333333334,0.3240028400956006,-0.2099921623284709,-0.364384412766,0.3496903164713981,-0.1994802937256538,-0.364384412766,0.4531738144137995,-0.0850490450513532,-0.364384412766,827.5017081503172,863.915568570034,730.0,735.0
750,777,12.5,12.95,0.3256547003985,-0.215821824968,-0.364384412766,0.3515793173598294,-0.2054613656826992,-0.364384412766,0.4531738144137995,-0.0850490450513532,-0.364384412766,833.0593297101449,862.8269927536231,730.0,735.0
751,778,12.516666666666667,12.966666666666669,0.327765895057203,-0.2215214895669233,-0.364384412766,0.3523990596887032,-0.2106471858693034,-0.364384412766,0.4531738144137995,-0.0850490450513532,-0.364384412766,837.7467057101024,862.5651537335285,730.0,735.0
752,779,12.533333333333331,12.983333333333333,0.3299409783445382,-0.2262879784565782,-0.364384412766,0.3530847007354075,-0.216777730733881,-0.364384412766,0.4531738144137995,-0.0850490450513532,-0.364384412766,843.2425135002454,862.4918998527246,730.0,735.0
753,780,12.55,13.0,0.3333054552266301,-0.2324717002564938,-0.364384412766,0.3536185553743912,-0.2226912974210914,-0.364384412766,0.4531738144137995,-0.0850490450513532,-0.364384412766,848.5233426704015,862.5275443510737,730.0,735.0
754,781,12.566666666666666,13.016666666666667,0.3357285850291732,-0.2362027062246582,-0.364384412766,0.3553603666486016,-0.2280914041034601,-0.364384412766,0.4531738144137995,-0.0850490450513532,-0.364384412766,853.5469556243548,861.5144478844168,730.0,735.0
755,782,12.583333333333334,13.033333333333331,0.3399909475435428,-0.2419871357846994,-0.364384412766,0.359229367272354,-0.2337480901460079,-0.364384412766,0.4531738144137995,-0.0850490450513532,-0.364384412766,859.1373707533235,858.7488921713442,730.0,735.0
756,783,12.6,13.05,0.3428864955191969,-0.2454822554250375,-0.364384412766,0.3624556677897138,-0.2398150641384161,-0.364384412766,0.4531738144137995,-0.0850490450513532,-0.364384412766,864.9850823045266,856.5524691358024,730.0,735.0
757,784,12.616666666666667,13.066666666666666,0.3459990530375632,-0.2488513366780439,-0.364384412766,0.3648696540819538,-0.2450432660056264,-0.364384412766,0.4531738144137995,-0.0850490450513532,-0.364384412766,869.965552178318,854.9650455927052,730.0,735.0
758,785,12.633333333333333,13.083333333333334,0.3520035185966521,-0.254653133632287,-0.364384412766,0.3686319501906555,-0.2516622783160028,-0.364384412766,0.4531738144137995,-0.0850490450513532,-0.364384412766,876.3842592592592,852.3666666666667,730.0,735.0
759,786,12.65,13.1,0.3570178203805508,-0.2589166653872029,-0.364384412766,0.3713812308986275,-0.2566263922411035,-0.364384412766,0.4531738144137995,-0.0850490450513532,-0.364384412766,881.1865357643759,850.4782608695652,730.0,735.0
760,787,12.666666666666666,13.116666666666667,0.3623029719692577,-0.2629585989895791,-0.364384412766,0.3754990381251664,-0.2624594279609097,-0.364384412766,0.4531738144137995,-0.0850490450513532,-0.364384412766,886.9718076285241,847.5196241017136,730.0,735.0
761,788,12.683333333333334,13.133333333333333,0.3670358207467141,-0.2662382023395815,-0.364384412766,0.3799683239242036,-0.2669496279243374,-0.364384412766,0.4531738144137995,-0.0850490450513532,-0.364384412766,891.6337885685381,844.1588265048052,730.0,735.0
762,789,12.7,13.15,0.3735882701637258,-0.2703646275895074,-0.364384412766,0.3842652433827416,-0.2723411704400803,-0.364384412766,0.4531738144137995,-0.0850490450513532,-0.364384412766,897.0599483204134,841.0149870801033,730.0,735.0
763,790,12.716666666666669,13.166666666666666,0.3778401830161417,-0.2727651152919477,-0.364384412766,0.3905963489533195,-0.2761875837887851,-0.364384412766,0.4531738144137995,-0.0850490450513532,-0.364384412766,901.455158113012,836.049766718507,730.0,735.0
764,791,12.733333333333333,13.183333333333334,0.3848174469848342,-0.2763774176132197,-0.364384412766,0.3950000583317005,-0.2796177094863835,-0.364384412766,0.4531738144137995,-0.0850490450513532,-0.364384412766,905.1753246753246,832.6574675324675,730.0,735.0
765,792,12.75,13.2,0.389278262854,-0.278492689133,-0.364384412766,0.3995432787596988,-0.2824773094798486,-0.364384412766,0.4531738144137995,-0.0850490450513532,-0.364384412766,908.4166666666666,829.1024904214559,730.0,735.0
766,793,12.766666666666667,13.216666666666669,0.3965862934194344,-0.2815948543554799,-0.364384412766,0.4050846888443166,-0.2845810607996361,-0.364384412766,0.4531738144137995,-0.0850490450513532,-0.364384412766,911.1541850220264,824.6539402838961,730.0,735.0
767,794,12.783333333333331,13.233333333333333,0.4021636923356693,-0.2837399507657029,-0.364384412766,0.4105956295005634,-0.2853601944514882,-0.364384412766,0.4531738144137995,-0.0850490450513532,-0.364384412766,912.7231182795698,820.1231182795699,730.0,735.0
768,795,12.8,13.25,0.4087686376610484,-0.2860311910393021,-0.364384412766,0.4161133202554055,-0.2854014289270709,-0.364384412766,0.4531738144137995,-0.0850490450513532,-0.364384412766,913.644880174292,815.526688453159,730.0,735.0
769,796,12.816666666666666,13.266666666666667,0.4154608317984814,-0.2881052205305069,-0.364384412766,0.4222048384161575,-0.2864424486142644,-0.364384412766,0.4531738144137995,-0.0850490450513532,-0.364384412766,915.5370611183356,810.5331599479844,730.0,735.0
770,797,12.833333333333334,13.283333333333331,0.4212573699702315,-0.2897074184778894,-0.364384412766,0.4277866417670056,-0.287314162393035,-0.364384412766,0.4531738144137995,-0.0850490450513532,-0.364384412766,917.1987000928503,805.9507892293407,730.0,735.0
771,798,12.85,13.3,0.4290528280462551,-0.2916160582917683,-0.364384412766,0.4342558324309921,-0.2878493186609024,-0.364384412766,0.4531738144137995,-0.0850490450513532,-0.364384412766,918.7070858283432,800.6012974051896,730.0,735.0
772,799,12.866666666666667,13.316666666666666,0.4339647521656312,-0.2926476418297298,-0.364384412766,0.4403685757623155,-0.2878550698195782,-0.364384412766,0.4531738144137995,-0.0850490450513532,-0.364384412766,919.6931754089114,795.5059221658206,730.0,735.0
773,800,12.883333333333333,13.333333333333334,0.4418635150568908,-0.2940958897187239,-0.364384412766,0.4485691240156009,-0.2884155007558345,-0.364384412766,0.4531738144137995,-0.0850490450513532,-0.364384412766,921.5016317016316,788.7151515151514,730.0,735.0
774,801,12.9,13.35,0.4468216259910401,-0.2948760205041867,-0.364384412766,0.4536993902295146,-0.2889092529535485,-0.364384412766,0.4531738144137995,-0.0850490450513532,-0.364384412766,922.7587587587586,784.4784784784785,730.0,735.0
775,802,12.916666666666666,13.366666666666667,0.4547865252275064,-0.2958785866006841,-0.364384412766,0.4603661710552587,-0.2911372223046963,-0.364384412766,0.4531738144137995,-0.0850490450513532,-0.364384412766,925.7860156720916,779.1018685955395,730.0,735.0
776,803,12.933333333333334,13.383333333333333,0.4597765115972746,-0.2963899209166251,-0.364384412766,0.4673375788209332,-0.2917292900551517,-0.364384412766,0.4531738144137995,-0.0850490450513532,-0.364384412766,927.425,773.3383333333334,730.0,735.0
777,804,12.95,13.4,0.4647745645104557,-0.2968049931574688,-0.364384412766,0.4736613361993698,-0.2945070280682705,-0.364384412766,0.4531738144137995,-0.0850490450513532,-0.364384412766,930.8801843317972,768.2923707117255,730.0,735.0
778,805,12.966666666666669,13.416666666666666,0.4727848374653279,-0.2972307301164936,-0.364384412766,0.4790919113038436,-0.2951574759781118,-0.364384412766,0.4531738144137995,-0.0850490450513532,-0.364384412766,932.3231674692348,763.8180845371857,730.0,735.0
779,806,12.983333333333333,13.433333333333334,0.4787976546849695,-0.2973960338897832,-0.364384412766,0.4830244312519806,-0.2966279863445308,-0.364384412766,0.4531738144137995,-0.0850490450513532,-0.364384412766,934.246163290362,760.659300184162,730.0,735.0
780,807,13.0,13.45,0.482807427645,-0.297443240881,-0.364384412766,0.4878722309869278,-0.298268173564531,-0.364384412766,0.4531738144137995,-0.0850490450513532,-0.364384412766,936.4651162790698,756.751291989664,730.0,735.0
781,808,13.016666666666667,13.466666666666669,0.482807427645,-0.297443240881,-0.364384412766,0.4910270578672074,-0.3001465566478939,-0.364384412766,0.4531738144137995,-0.0850490450513532,-0.364384412766,938.6216216216216,754.2739798622151,730.0,735.0
782,809,13.033333333333331,13.483333333333333,0.482807427645,-0.297443240881,-0.364384412766,0.4955166069802837,-0.302035543681057,-0.364384412766,0.4531738144137995,-0.0850490450513532,-0.364384412766,941.001652892562,750.6848484848484,730.0,735.0
783,810,13.05,13.5,0.482807427645,-0.297443240881,-0.364384412766,0.5006397413569575,-0.3069335188875502,-0.364384412766,0.4531738144137995,-0.0850490450513532,-0.364384412766,946.1268065268064,746.8121212121212,730.0,735.0
784,811,13.066666666666666,13.516666666666667,0.482807427645,-0.297443240881,-0.364384412766,0.5046174178821901,-0.3045435025622937,-0.364384412766,0.4531738144137995,-0.0850490450513532,-0.364384412766,944.6655231560892,743.3018867924528,730.0,735.0
785,812,13.083333333333334,13.533333333333331,0.482807427645,-0.297443240881,-0.364384412766,0.5076988040127135,-0.3067858244676257,-0.364384412766,0.4531738144137995,-0.0850490450513532,-0.364384412766,947.1299672744271,740.9153810191677,730.0,735.0
786,813,13.1,13.55,0.482807427645,-0.297443240881,-0.364384412766,0.510264821398626,-0.3074882050881707,-0.364384412766,0.4531738144137995,-0.0850490450513532,-0.364384412766,948.1588397790056,738.8333333333333,730.0,735.0
787,814,13.116666666666667,13.566666666666666,0.482807427645,-0.297443240881,-0.364384412766,0.5140194480372732,-0.305154809323067,-0.364384412766,0.4531738144137995,-0.0850490450513532,-0.364384412766,946.7115009746587,735.5136452241715,730.0,735.0
788,815,13.133333333333333,13.583333333333334,0.482807427645,-0.297443240881,-0.364384412766,0.5172251413469701,-0.3023064086190844,-0.364384412766,0.4531738144137995,-0.0850490450513532,-0.364384412766,944.7236245954692,732.609708737864,730.0,735.0
789,816,13.15,13.6,0.482807427645,-0.297443240881,-0.364384412766,0.5197768269865355,-0.2997726502819186,-0.364384412766,0.4531738144137995,-0.0850490450513532,-0.364384412766,942.907203907204,730.2765567765567,730.0,735.0
790,817,13.166666666666666,13.616666666666667,0.482807427645,-0.297443240881,-0.364384412766,0.5218615392304389,-0.2982623343721663,-0.364384412766,0.4531738144137995,-0.0850490450513532,-0.364384412766,941.914946841776,728.41588492808,730.0,735.0
791,818,13.183333333333334,13.633333333333333,0.482807427645,-0.297443240881,-0.364384412766,0.5233079215139266,-0.2964546084952076,-0.364384412766,0.4531738144137995,-0.0850490450513532,-0.364384412766,940.5589651022864,727.0631768953068,730.0,735.0
792,819,13.2,13.65,0.482807427645,-0.297443240881,-0.364384412766,0.5254283899745876,-0.2953720937724716,-0.364384412766,0.4531738144137995,-0.0850490450513532,-0.364384412766,939.948275862069,725.2074712643678,730.0,735.0
793,820,13.216666666666669,13.666666666666666,0.482807427645,-0.297443240881,-0.364384412766,0.5264237315134116,-0.2919734276296893,-0.364384412766,0.4531738144137995,-0.0850490450513532,-0.364384412766,937.122243226213,724.1014492753623,730.0,735.0
794,821,13.233333333333333,13.683333333333334,0.482807427645,-0.297443240881,-0.364384412766,0.5275925570954275,-0.2903296531213456,-0.364384412766,0.4531738144137995,-0.0850490450513532,-0.364384412766,935.8657498362802,722.9934512115258,730.0,735.0
795,822,13.25,13.7,0.482807427645,-0.297443240881,-0.364384412766,0.5273020118080668,-0.2874680919293056,-0.364384412766,0.4531738144137995,-0.0850490450513532,-0.364384412766,933.3051987767584,723.0030581039755,730.0,735.0
796,823,13.266666666666667,13.716666666666669,0.482807427645,-0.297443240881,-0.364384412766,0.5270074878087689,-0.2867850486919406,-0.364384412766,0.4531738144137995,-0.0850490450513532,-0.364384412766,932.657867494824,723.1930641821946,730.0,735.0
797,824,13.283333333333331,13.733333333333333,0.482807427645,-0.297443240881,-0.364384412766,0.5276215323295809,-0.2855419966531859,-0.364384412766,0.4531738144137995,-0.0850490450513532,-0.364384412766,931.6643772893772,722.5801282051281,730.0,735.0
798,825,13.3,13.75,0.482807427645,-0.297443240881,-0.364384412766,0.5285411116146119,-0.2859266812935249,-0.364384412766,0.4531738144137995,-0.0850490450513532,-0.364384412766,932.1499118165784,721.8447971781304,730.0,735.0
799,826,13.316666666666666,13.766666666666667,0.482807427645,-0.297443240881,-0.364384412766,0.5264448371551878,-0.2854741400145552,-0.364384412766,0.4531738144137995,-0.0850490450513532,-0.364384412766,931.415915915916,723.5555555555555,730.0,735.0
800,827,13.333333333333334,13.783333333333331,0.482807427645,-0.297443240881,-0.364384412766,0.5253176769200558,-0.2862921575080009,-0.364384412766,0.4531738144137995,-0.0850490450513532,-0.364384412766,931.9536571747626,724.5616973757677,730.0,735.0
801,828,13.35,13.8,0.482807427645,-0.297443240881,-0.364384412766,0.5230481397438335,-0.2878372220005508,-0.364384412766,0.4531738144137995,-0.0850490450513532,-0.364384412766,932.9467787114844,726.5792717086835,730.0,735.0
802,829,13.366666666666667,13.816666666666666,0.482807427645,-0.297443240881,-0.364384412766,0.5199289079161038,-0.289836647472585,-0.364384412766,0.4531738144137995,-0.0850490450513532,-0.364384412766,934.2026947861744,729.3421206795547,730.0,735.0
803,830,13.383333333333333,13.833333333333334,0.482807427645,-0.297443240881,-0.364384412766,0.5172447075155343,-0.2919091828622625,-0.364384412766,0.4531738144137995,-0.0850490450513532,-0.364384412766,935.5926573426574,731.7482517482517,730.0,735.0
804,831,13.4,13.85,0.482807427645,-0.297443240881,-0.364384412766,0.5143201210209053,-0.2937939570315145,-0.364384412766,0.4531738144137995,-0.0850490450513532,-0.364384412766,936.779089376054,734.3395165823496,730.0,735.0
805,832,13.416666666666666,13.866666666666667,0.482807427645,-0.297443240881,-0.364384412766,0.5129478540953001,-0.2965151903861823,-0.364384412766,0.4531738144137995,-0.0850490450513532,-0.364384412766,938.9494949494948,735.7046939988116,730.0,735.0
806,833,13.433333333333334,13.883333333333333,0.482807427645,-0.297443240881,-0.364384412766,0.5108901987696794,-0.2984741996874457,-0.364384412766,0.4531738144137995,-0.0850490450513532,-0.364384412766,940.3402777777778,737.5792824074074,730.0,735.0
807,834,13.45,13.9,0.482807427645,-0.297443240881,-0.364384412766,0.508409888398001,-0.3002672202315516,-0.364384412766,0.4531738144137995,-0.0850490450513532,-0.364384412766,941.5174050632912,739.7927215189874,730.0,735.0
808,835,13.466666666666669,13.916666666666666,0.482807427645,-0.297443240881,-0.364384412766,0.5064880848509692,-0.3017413761906956,-0.364384412766,0.4531738144137995,-0.0850490450513532,-0.364384412766,942.5040404040404,741.5146464646464,730.0,735.0
809,836,13.483333333333333,13.933333333333334,0.482807427645,-0.297443240881,-0.364384412766,0.503866327284245,-0.3034403019825548,-0.364384412766,0.4531738144137995,-0.0850490450513532,-0.364384412766,943.5758032128512,743.8383534136545,730.0,735.0
810,837,13.5,13.95,0.482807427645,-0.297443240881,-0.364384412766,0.5026523781645094,-0.3073825556467807,-0.364384412766,0.4531738144137995,-0.0850490450513532,-0.364384412766,946.8443006112908,745.1708018698309,730.0,735.0
811,838,13.516666666666667,13.966666666666669,0.482807427645,-0.297443240881,-0.364384412766,0.4998394594431721,-0.306027242455357,-0.364384412766,0.4531738144137995,-0.0850490450513532,-0.364384412766,945.202192448234,747.4056029232643,730.0,735.0
812,839,13.533333333333331,13.983333333333333,0.482807427645,-0.297443240881,-0.364384412766,0.4995858638563251,-0.3077018162132862,-0.364384412766,0.4531738144137995,-0.0850490450513532,-0.364384412766,946.6326291079812,747.7531298904538,730.0,735.0
813,840,13.55,14.0,0.482807427645,-0.297443240881,-0.364384412766,0.4967990627044628,-0.3045789261312782,-0.364384412766,0.4531738144137995,-0.0850490450513532,-0.364384412766,943.4418716835504,749.8224794983116,730.0,735.0
814,841,13.566666666666666,14.016666666666667,0.482807427645,-0.297443240881,-0.364384412766,0.4955000471277311,-0.3037314686751678,-0.364384412766,0.4531738144137995,-0.0850490450513532,-0.364384412766,942.4888888888888,750.8365079365079,730.0,735.0
815,842,13.583333333333334,14.033333333333331,0.482807427645,-0.297443240881,-0.364384412766,0.4955631998738573,-0.3062150925626302,-0.364384412766,0.4531738144137995,-0.0850490450513532,-0.364384412766,944.6809224318656,750.9857442348008,730.0,735.0
816,843,13.6,14.05,0.482807427645,-0.297443240881,-0.364384412766,0.4930610529076149,-0.3054014908837309,-0.364384412766,0.4531738144137995,-0.0850490450513532,-0.364384412766,943.5645912748836,753.0055061414654,730.0,735.0
817,844,13.616666666666667,14.066666666666666,0.482807427645,-0.297443240881,-0.364384412766,0.490898743273756,-0.3026007801042029,-0.364384412766,0.4531738144137995,-0.0850490450513532,-0.364384412766,940.757097791798,754.5804416403786,730.0,735.0
818,845,13.633333333333333,14.083333333333334,0.482807427645,-0.297443240881,-0.364384412766,0.4902884082639327,-0.3036375322756467,-0.364384412766,0.4531738144137995,-0.0850490450513532,-0.364384412766,941.5699460356994,755.173515981735,730.0,735.0
819,846,13.65,14.1,0.482807427645,-0.297443240881,-0.364384412766,0.4905994845115483,-0.3040942087153323,-0.364384412766,0.4531738144137995,-0.0850490450513532,-0.364384412766,942.0210674157304,754.9513108614232,730.0,735.0
820,847,13.666666666666666,14.116666666666667,0.482807427645,-0.297443240881,-0.364384412766,0.4893785088927112,-0.3046120940527653,-0.364384412766,0.4531738144137995,-0.0850490450513532,-0.364384412766,942.280081925243,756.0112647209421,730.0,735.0
821,848,13.683333333333334,14.133333333333333,0.482807427645,-0.297443240881,-0.364384412766,0.4874536112285345,-0.3066644880038046,-0.364384412766,0.4531738144137995,-0.0850490450513532,-0.364384412766,943.7742108079184,757.7827715355804,730.0,735.0
822,849,13.7,14.15,0.482807427645,-0.297443240881,-0.364384412766,0.4884156796078986,-0.3094857226652211,-0.364384412766,0.4531738144137995,-0.0850490450513532,-0.364384412766,946.4071075123708,757.2100764732343,730.0,735.0
823,850,13.716666666666669,14.166666666666666,0.482807427645,-0.297443240881,-0.364384412766,0.4883792665962834,-0.3129825795398492,-0.364384412766,0.4531738144137995,-0.0850490450513532,-0.364384412766,949.4733009708738,757.5246763754044,730.0,735.0
824,851,13.733333333333333,14.183333333333334,0.482807427645,-0.297443240881,-0.364384412766,0.4845081329025152,-0.3152790972874438,-0.364384412766,0.4531738144137995,-0.0850490450513532,-0.364384412766,950.8695436507936,760.938492063492,730.0,735.0
825,852,13.75,14.2,0.482807427645,-0.297443240881,-0.364384412766,0.4834001108409067,-0.3180526547988834,-0.364384412766,0.4531738144137995,-0.0850490450513532,-0.364384412766,953.1283255086072,762.0876369327074,730.0,735.0
826,853,13.766666666666667,14.216666666666669,0.482807427645,-0.297443240881,-0.364384412766,0.4813813585800344,-0.3221560568556,-0.364384412766,0.4531738144137995,-0.0850490450513532,-0.364384412766,956.4092307692308,764.1041025641025,730.0,735.0
827,854,13.783333333333331,14.233333333333333,0.482807427645,-0.297443240881,-0.364384412766,0.4816650226112287,-0.3249701483518602,-0.364384412766,0.4531738144137995,-0.0850490450513532,-0.364384412766,958.9269746646796,764.0963735717834,730.0,735.0
828,855,13.8,14.25,0.482807427645,-0.297443240881,-0.364384412766,0.4819992293174699,-0.328220930381656,-0.364384412766,0.4531738144137995,-0.0850490450513532,-0.364384412766,961.836468885673,764.0820067534972,730.0,735.0
829,856,13.816666666666666,14.266666666666667,0.482807427645,-0.297443240881,-0.364384412766,0.4830704434431325,-0.3308775003523251,-0.364384412766,0.4531738144137995,-0.0850490450513532,-0.364384412766,964.3422222222222,763.4049382716049,730.0,735.0
830,857,13.833333333333334,14.283333333333331,0.482807427645,-0.297443240881,-0.364384412766,0.4867979856563427,-0.3327089618544706,-0.364384412766,0.4531738144137995,-0.0850490450513532,-0.364384412766,966.5494216614088,760.4463722397477,730.0,735.0
831,858,13.85,14.3,0.482807427645,-0.297443240881,-0.364384412766,0.4885861482763691,-0.3333864344127114,-0.364384412766,0.4531738144137995,-0.0850490450513532,-0.364384412766,967.4315738025414,759.010752688172,730.0,735.0
832,859,13.866666666666667,14.316666666666666,0.482807427645,-0.297443240881,-0.364384412766,0.4907754124372101,-0.3348025726864795,-0.364384412766,0.4531738144137995,-0.0850490450513532,-0.364384412766,969.027027027027,757.3008008008007,730.0,735.0
833,860,13.883333333333333,14.333333333333334,0.482807427645,-0.297443240881,-0.364384412766,0.4929781945730505,-0.3351364414168826,-0.364384412766,0.4531738144137995,-0.0850490450513532,-0.364384412766,969.6738609112708,755.4916067146282,730.0,735.0
834,861,13.9,14.35,0.482807427645,-0.297443240881,-0.364384412766,0.4948305415073145,-0.3359429021770211,-0.364384412766,0.4531738144137995,-0.0850490450513532,-0.364384412766,970.6796319531576,754.012965286491,730.0,735.0
835,862,13.916666666666666,14.366666666666667,0.482807427645,-0.297443240881,-0.364384412766,0.4964442396006328,-0.3335462166056896,-0.364384412766,0.4531738144137995,-0.0850490450513532,-0.364384412766,968.8330935251798,752.472901678657,730.0,735.0
836,863,13.933333333333334,14.383333333333333,0.482807427645,-0.297443240881,-0.364384412766,0.4975846465984077,-0.3321072047257966,-0.364384412766,0.4531738144137995,-0.0850490450513532,-0.364384412766,967.7519260400616,751.4052388289676,730.0,735.0
837,864,13.95,14.4,0.482807427645,-0.297443240881,-0.364384412766,0.4989868481082684,-0.3295758157276728,-0.364384412766,0.4531738144137995,-0.0850490450513532,-0.364384412766,965.753105590062,750.0305383022774,730.0,735.0
838,865,13.966666666666669,14.416666666666666,0.482807427645,-0.297443240881,-0.364384412766,0.5015979905082769,-0.3268491845971796,-0.364384412766,0.4531738144137995,-0.0850490450513532,-0.364384412766,963.7767857142856,747.6321428571429,730.0,735.0
839,866,13.983333333333333,14.433333333333334,0.482807427645,-0.297443240881,-0.364384412766,0.5033851526855246,-0.3242335999423494,-0.364384412766,0.4531738144137995,-0.0850490450513532,-0.364384412766,961.7657807308972,745.9296788482834,730.0,735.0
840,867,14.0,14.45,0.482807427645,-0.297443240881,-0.364384412766,0.5067024265085192,-0.3195422434891418,-0.364384412766,0.4531738144137995,-0.0850490450513532,-0.364384412766,958.17674970344,742.7829181494662,730.0,735.0
841,868,14.016666666666667,14.466666666666669,0.482807427645,-0.297443240881,-0.364384412766,0.509349930543192,-0.3170066979217311,-0.364384412766,0.4531738144137995,-0.0850490450513532,-0.364384412766,956.3741368487132,740.3697426239798,730.0,735.0
842,869,14.033333333333331,14.483333333333333,0.482807427645,-0.297443240881,-0.364384412766,0.5111523913758494,-0.3153924864734555,-0.364384412766,0.4531738144137995,-0.0850490450513532,-0.364384412766,955.2453074433656,738.7359223300971,730.0,735.0
843,870,14.05,14.5,0.482807427645,-0.297443240881,-0.364384412766,0.5146444956225574,-0.3136865711778037,-0.364384412766,0.4531738144137995,-0.0850490450513532,-0.364384412766,954.3070866141732,735.686089238845,730.0,735.0
844,871,14.066666666666666,14.516666666666667,0.482807427645,-0.297443240881,-0.364384412766,0.5157452714658545,-0.3126419213296919,-0.364384412766,0.4531738144137995,-0.0850490450513532,-0.364384412766,953.5660112359552,734.6835205992509,730.0,735.0
845,872,14.083333333333334,14.533333333333331,0.482807427645,-0.297443240881,-0.364384412766,0.5188051058309683,-0.3097549787941115,-0.364384412766,0.4531738144137995,-0.0850490450513532,-0.364384412766,951.5208663497094,731.8980454305334,730.0,735.0
846,873,14.1,14.55,0.482807427645,-0.297443240881,-0.364384412766,0.5210091886708615,-0.3085823664917074,-0.364384412766,0.4531738144137995,-0.0850490450513532,-0.364384412766,950.8444444444444,729.9653116531165,730.0,735.0
847,874,14.116666666666667,14.566666666666666,0.482807427645,-0.297443240881,-0.364384412766,0.5230398221970045,-0.3082556070115653,-0.364384412766,0.4531738144137995,-0.0850490450513532,-0.364384412766,950.8832790445168,728.2459283387623,730.0,735.0
848,875,14.133333333333333,14.583333333333334,0.482807427645,-0.297443240881,-0.364384412766,0.5230027738350337,-0.3088262679045866,-0.364384412766,0.4531738144137995,-0.0850490450513532,-0.364384412766,951.3786666666666,728.3232,730.0,735.0
849,876,14.15,14.6,0.482807427645,-0.297443240881,-0.364384412766,0.520883130549652,-0.3112250694964108,-0.364384412766,0.4531738144137995,-0.0850490450513532,-0.364384412766,953.1458646616542,730.2852130325814,730.0,735.0
850,877,14.166666666666666,14.616666666666667,0.482807427645,-0.297443240881,-0.364384412766,0.5183170246997135,-0.3135342231500465,-0.364384412766,0.4531738144137995,-0.0850490450513532,-0.364384412766,954.762652705061,732.6121291448516,730.0,735.0
851,878,14.183333333333334,14.633333333333333,0.482807427645,-0.297443240881,-0.364384412766,0.5190992739174362,-0.3136285417284133,-0.364384412766,0.4531738144137995,-0.0850490450513532,-0.364384412766,954.971056439942,731.9676796912686,730.0,735.0
852,879,14.2,14.65,0.482807427645,-0.297443240881,-0.364384412766,0.5161392060404689,-0.3142017547471519,-0.364384412766,0.4531738144137995,-0.0850490450513532,-0.364384412766,954.9995693367786,734.4819121447028,730.0,735.0
853,880,14.216666666666669,14.666666666666666,0.482807427645,-0.297443240881,-0.364384412766,0.5169113202686203,-0.315217417804177,-0.364384412766,0.4531738144137995,-0.0850490450513532,-0.364384412766,956.0157604412924,733.9208037825059,730.0,735.0
854,881,14.233333333333333,14.683333333333334,0.482807427645,-0.297443240881,-0.364384412766,0.5190831256212299,-0.3168218834358874,-0.364384412766,0.4531738144137995,-0.0850490450513532,-0.364384412766,957.7738598965678,732.2407146215327,730.0,735.0
855,882,14.25,14.7,0.482807427645,-0.297443240881,-0.364384412766,0.5170438914724246,-0.3175800811546639,-0.364384412766,0.4531738144137995,-0.0850490450513532,-0.364384412766,958.1126694717155,734.0023375409069,730.0,735.0
856,883,14.266666666666667,14.716666666666669,0.482807427645,-0.297443240881,-0.364384412766,0.5172662828391708,-0.3180945888169363,-0.364384412766,0.4531738144137995,-0.0850490450513532,-0.364384412766,958.6003633060852,733.8587647593096,730.0,735.0
857,884,14.283333333333331,14.733333333333333,0.482807427645,-0.297443240881,-0.364384412766,0.5178075598101577,-0.3179000634534531,-0.364384412766,0.4531738144137995,-0.0850490450513532,-0.364384412766,958.5163398692812,733.3917211328976,730.0,735.0
858,885,14.3,14.75,0.482807427645,-0.297443240881,-0.364384412766,0.5183910711697479,-0.3160950676269484,-0.364384412766,0.4531738144137995,-0.0850490450513532,-0.364384412766,957.0242739488511,732.7585609016037,730.0,735.0
859,886,14.316666666666666,14.766666666666667,0.482807427645,-0.297443240881,-0.364384412766,0.5204079180341344,-0.3149396340017624,-0.364384412766,0.4531738144137995,-0.0850490450513532,-0.364384412766,956.332894158981,730.9833113746156,730.0,735.0
860,887,14.333333333333334,14.783333333333331,0.482807427645,-0.297443240881,-0.364384412766,0.5207770559899706,-0.3133575302505808,-0.364384412766,0.4531738144137995,-0.0850490450513532,-0.364384412766,955.0022371364652,730.5469798657718,730.0,735.0
861,888,14.35,14.8,0.482807427645,-0.297443240881,-0.364384412766,0.5214626858229515,-0.3109614812536733,-0.364384412766,0.4531738144137995,-0.0850490450513532,-0.364384412766,953.007311827957,729.7806451612903,730.0,735.0
862,889,14.366666666666667,14.816666666666666,0.482807427645,-0.297443240881,-0.364384412766,0.5196150469075203,-0.309425351110035,-0.364384412766,0.4531738144137995,-0.0850490450513532,-0.364384412766,951.3612716763006,731.196050096339,730.0,735.0
863,890,14.383333333333333,14.833333333333334,0.482807427645,-0.297443240881,-0.364384412766,0.5191177194756665,-0.3066442681462392,-0.364384412766,0.4531738144137995,-0.0850490450513532,-0.364384412766,948.8382352941176,731.3845811051693,730.0,735.0
864,891,14.4,14.85,0.482807427645,-0.297443240881,-0.364384412766,0.515699406234238,-0.3067215780720963,-0.364384412766,0.4531738144137995,-0.0850490450513532,-0.364384412766,948.3575464083938,734.2405165456013,730.0,735.0
865,892,14.416666666666666,14.866666666666667,0.482807427645,-0.297443240881,-0.364384412766,0.5149017341729584,-0.3039724303693277,-0.364384412766,0.4531738144137995,-0.0850490450513532,-0.364384412766,945.8143631436316,734.6820234869015,730.0,735.0
866,893,14.433333333333334,14.883333333333333,0.482807427645,-0.297443240881,-0.364384412766,0.5144160492224221,-0.3026125157451064,-0.364384412766,0.4531738144137995,-0.0850490450513532,-0.364384412766,944.5417114214106,734.9763694951665,730.0,735.0
867,894,14.45,14.9,0.482807427645,-0.297443240881,-0.364384412766,0.5147499185819182,-0.2971035835527974,-0.364384412766,0.4531738144137995,-0.0850490450513532,-0.364384412766,939.7556207233624,734.2502443792766,730.0,735.0
868,895,14.466666666666669,14.916666666666666,0.482807427645,-0.297443240881,-0.364384412766,0.5148025215778393,-0.2965542809211569,-0.364384412766,0.4531738144137995,-0.0850490450513532,-0.364384412766,939.2814930015552,734.1617418351477,730.0,735.0
869,896,14.483333333333333,14.933333333333334,0.482807427645,-0.297443240881,-0.364384412766,0.5124213840256974,-0.296662048587781,-0.364384412766,0.4531738144137995,-0.0850490450513532,-0.364384412766,938.9940184883088,736.1555193039695,730.0,735.0
870,897,14.5,14.95,0.482807427645,-0.297443240881,-0.364384412766,0.5104525257805732,-0.297159394322482,-0.364384412766,0.4531738144137995,-0.0850490450513532,-0.364384412766,939.1149606299213,737.8372703412073,730.0,735.0
871,898,14.516666666666667,14.966666666666669,0.482807427645,-0.297443240881,-0.364384412766,0.5091026000074557,-0.299669562804474,-0.364384412766,0.4531738144137995,-0.0850490450513532,-0.364384412766,941.1035283194057,739.1666666666666,730.0,735.0
872,899,14.533333333333331,14.983333333333333,0.482807427645,-0.297443240881,-0.364384412766,0.506077081824539,-0.3062086182498175,-0.364384412766,0.4531738144137995,-0.0850490450513532,-0.364384412766,946.3626126126126,742.220398970399,730.0,735.0
873,900,14.55,15.0,0.482807427645,-0.297443240881,-0.364384412766,0.5038306763525386,-0.3076437385340062,-0.364384412766,0.4531738144137995,-0.0850490450513532,-0.364384412766,947.2628590514362,744.2097528390112,730.0,735.0
874,901,14.566666666666666,15.016666666666667,0.482807427645,-0.297443240881,-0.364384412766,0.5018074860084687,-0.3089461116103674,-0.364384412766,0.4531738144137995,-0.0850490450513532,-0.364384412766,948.0823091247672,746.0022346368715,730.0,735.0
875,902,14.583333333333334,15.033333333333331,0.482807427645,-0.297443240881,-0.364384412766,0.500577681251128,-0.3120389416708463,-0.364384412766,0.4531738144137995,-0.0850490450513532,-0.364384412766,950.6020313942752,747.2788550323176,730.0,735.0
876,903,14.6,15.05,0.482807427645,-0.297443240881,-0.364384412766,0.4990565378605462,-0.3156089424262635,-0.364384412766,0.4531738144137995,-0.0850490450513532,-0.364384412766,953.4941976790716,748.8371348539415,730.0,735.0
877,904,14.616666666666667,15.066666666666666,0.482807427645,-0.297443240881,-0.364384412766,0.496781895174206,-0.3178801849247513,-0.364384412766,0.4531738144137995,-0.0850490450513532,-0.364384412766,955.1244573082488,750.9179932465026,730.0,735.0
878,905,14.633333333333333,15.083333333333334,0.482807427645,-0.297443240881,-0.364384412766,0.4955120636082386,-0.320774783866751,-0.364384412766,0.4531738144137995,-0.0850490450513532,-0.364384412766,957.4636068613814,752.2118683356513,730.0,735.0
879,906,14.65,15.1,0.482807427645,-0.297443240881,-0.364384412766,0.4952680831089129,-0.3244686239808562,-0.364384412766,0.4531738144137995,-0.0850490450513532,-0.364384412766,960.669540229885,752.7155172413793,730.0,735.0
880,907,14.666666666666666,15.116666666666667,0.482807427645,-0.297443240881,-0.364384412766,0.4968841794598954,-0.3262340430105847,-0.364384412766,0.4531738144137995,-0.0850490450513532,-0.364384412766,962.4798534798534,751.5117739403454,730.0,735.0
881,908,14.683333333333334,15.133333333333333,0.482807427645,-0.297443240881,-0.364384412766,0.4973489255425044,-0.3287798418067499,-0.364384412766,0.4531738144137995,-0.0850490450513532,-0.364384412766,964.7909604519772,751.331278890601,730.0,735.0
882,909,14.7,15.15,0.482807427645,-0.297443240881,-0.364384412766,0.4987595501695305,-0.3300936051316058,-0.364384412766,0.4531738144137995,-0.0850490450513532,-0.364384412766,966.171511627907,750.2621124031008,730.0,735.0
883,910,14.716666666666669,15.166666666666666,0.482807427645,-0.297443240881,-0.364384412766,0.5011181673122203,-0.3297249856663259,-0.364384412766,0.4531738144137995,-0.0850490450513532,-0.364384412766,966.2262098966828,748.2659053833605,730.0,735.0
884,911,14.733333333333333,15.183333333333334,0.482807427645,-0.297443240881,-0.364384412766,0.5012286094360907,-0.3298197419135419,-0.364384412766,0.4531738144137995,-0.0850490450513532,-0.364384412766,966.3271794871796,748.1815384615385,730.0,735.0
885,912,14.75,15.2,0.482807427645,-0.297443240881,-0.364384412766,0.5026851571179446,-0.3290991449178829,-0.364384412766,0.4531738144137995,-0.0850490450513532,-0.364384412766,965.9278870398384,746.9087241553202,730.0,735.0
886,913,14.766666666666667,15.216666666666669,0.482807427645,-0.297443240881,-0.364384412766,0.5037648548008328,-0.3279905623633922,-0.364384412766,0.4531738144137995,-0.0850490450513532,-0.364384412766,965.1272630457934,745.9185303514377,730.0,735.0
887,914,14.783333333333331,15.233333333333333,0.482807427645,-0.297443240881,-0.364384412766,0.503731924358326,-0.3255745277300058,-0.364384412766,0.4531738144137995,-0.0850490450513532,-0.364384412766,962.99945799458,745.749593495935,730.0,735.0
888,915,14.8,15.25,0.482807427645,-0.297443240881,-0.364384412766,0.5040764658265899,-0.3239663820902209,-0.364384412766,0.4531738144137995,-0.0850490450513532,-0.364384412766,961.6419753086418,745.3316498316499,730.0,735.0
889,916,14.816666666666666,15.266666666666667,0.482807427645,-0.297443240881,-0.364384412766,0.5051796522909429,-0.3210509039022041,-0.364384412766,0.4531738144137995,-0.0850490450513532,-0.364384412766,959.257738095238,744.175,730.0,735.0
890,917,14.833333333333334,15.283333333333331,0.482807427645,-0.297443240881,-0.364384412766,0.505224221935568,-0.3173818590419252,-0.364384412766,0.4531738144137995,-0.0850490450513532,-0.364384412766,956.0415841584158,743.8396039603961,730.0,735.0
891,918,14.85,15.3,0.482807427645,-0.297443240881,-0.364384412766,0.5075543769916825,-0.3149474127885124,-0.364384412766,0.4531738144137995,-0.0850490450513532,-0.364384412766,954.2768569674648,741.6992019643952,730.0,735.0
892,919,14.866666666666667,15.316666666666666,0.482807427645,-0.297443240881,-0.364384412766,0.5104670598636792,-0.3130826399753558,-0.364384412766,0.4531738144137995,-0.0850490450513532,-0.364384412766,953.1060859854828,739.1194863204913,730.0,735.0
893,920,14.883333333333333,15.333333333333334,0.482807427645,-0.297443240881,-0.364384412766,0.5096934237654354,-0.3121796485068765,-0.364384412766,0.4531738144137995,-0.0850490450513532,-0.364384412766,952.188634192932,739.6910219675262,730.0,735.0
894,921,14.9,15.35,0.482807427645,-0.297443240881,-0.364384412766,0.5089672915592887,-0.3127469692876862,-0.364384412766,0.4531738144137995,-0.0850490450513532,-0.364384412766,952.5704960835508,740.3424717145343,730.0,735.0
895,922,14.916666666666666,15.366666666666667,0.482807427645,-0.297443240881,-0.364384412766,0.5106699744704174,-0.3116869622457435,-0.364384412766,0.4531738144137995,-0.0850490450513532,-0.364384412766,951.9125295508272,738.8368794326241,730.0,735.0
896,923,14.933333333333334,15.383333333333333,0.482807427645,-0.297443240881,-0.364384412766,0.5114715189482946,-0.3113517334703718,-0.364384412766,0.4531738144137995,-0.0850490450513532,-0.364384412766,951.7466666666666,738.1414285714286,730.0,735.0
897,924,14.95,15.4,0.482807427645,-0.297443240881,-0.364384412766,0.5105932191111864,-0.3118841712410146,-0.364384412766,0.4531738144137995,-0.0850490450513532,-0.364384412766,952.0734618916435,738.916896235078,730.0,735.0
898,925,14.966666666666669,15.416666666666666,0.482807427645,-0.297443240881,-0.364384412766,0.5109917195283427,-0.3118978202786394,-0.364384412766,0.4531738144137995,-0.0850490450513532,-0.364384412766,952.1494082840236,738.5857988165681,730.0,735.0
899,926,14.983333333333333,15.433333333333334,0.482807427645,-0.297443240881,-0.364384412766,0.5107205180505499,-0.3134050771506761,-0.364384412766,0.4531738144137995,-0.0850490450513532,-0.364384412766,953.4300291545188,738.9344023323615,730.0,735.0
900,927,15.0,15.45,0.482807427645,-0.297443240881,-0.364384412766,0.5119237001605672,-0.3129925050680852,-0.364384412766,0.4531738144137995,-0.0850490450513532,-0.364384412766,953.2606781153676,737.8978423601937,730.0,735.0
901,928,15.016666666666667,15.466666666666669,0.482807427645,-0.297443240881,-0.364384412766,0.5137353061753407,-0.3145530390367447,-0.364384412766,0.4531738144137995,-0.0850490450513532,-0.364384412766,954.9223744292236,736.5144596651446,730.0,735.0
902,929,15.033333333333331,15.483333333333333,0.482807427645,-0.297443240881,-0.364384412766,0.5153430443751722,-0.315907564281335,-0.364384412766,0.4531738144137995,-0.0850490450513532,-0.364384412766,956.3703703703704,735.2842842842842,730.0,735.0
903,930,15.05,15.5,0.482807427645,-0.297443240881,-0.364384412766,0.5162310116990589,-0.3170247809146772,-0.364384412766,0.4531738144137995,-0.0850490450513532,-0.364384412766,957.4943710230052,734.6348507097406,730.0,735.0
904,931,15.066666666666666,15.516666666666667,0.482807427645,-0.297443240881,-0.364384412766,0.5186401689095977,-0.3179178237485111,-0.364384412766,0.4531738144137995,-0.0850490450513532,-0.364384412766,958.665568369028,732.6990664470071,730.0,735.0
905,932,15.083333333333334,15.533333333333331,0.482807427645,-0.297443240881,-0.364384412766,0.5196420774060986,-0.3185863270799728,-0.364384412766,0.4531738144137995,-0.0850490450513532,-0.364384412766,959.413654618474,731.918172690763,730.0,735.0
906,933,15.1,15.55,0.482807427645,-0.297443240881,-0.364384412766,0.521299732373177,-0.3183116941900684,-0.364384412766,0.4531738144137995,-0.0850490450513532,-0.364384412766,959.4384236453202,730.5139573070608,730.0,735.0
907,934,15.116666666666667,15.566666666666666,0.482807427645,-0.297443240881,-0.364384412766,0.5225752915896025,-0.3179971052359037,-0.364384412766,0.4531738144137995,-0.0850490450513532,-0.364384412766,959.3667679837891,729.4250253292806,730.0,735.0
908,935,15.133333333333333,15.583333333333334,0.482807427645,-0.297443240881,-0.364384412766,0.5241938869122416,-0.3174051708169004,-0.364384412766,0.4531738144137995,-0.0850490450513532,-0.364384412766,959.1065145030908,728.0275796481217,730.0,735.0
909,936,15.15,15.6,0.482807427645,-0.297443240881,-0.364384412766,0.5268473939356236,-0.3156049717430108,-0.364384412766,0.4531738144137995,-0.0850490450513532,-0.364384412766,957.9508771929824,725.6691729323309,730.0,735.0
910,937,15.166666666666666,15.616666666666667,0.482807427645,-0.297443240881,-0.364384412766,0.5262649755596484,-0.3146150070714649,-0.364384412766,0.4531738144137995,-0.0850490450513532,-0.364384412766,956.987706855792,726.074231678487,730.0,735.0
911,938,15.183333333333334,15.633333333333333,0.482807427645,-0.297443240881,-0.364384412766,0.5272427045930208,-0.3130777619009904,-0.364384412766,0.4531738144137995,-0.0850490450513532,-0.364384412766,955.7941317941315,725.1341991341991,730.0,735.0
912,939,15.2,15.65,0.482807427645,-0.297443240881,-0.364384412766,0.5298282359488659,-0.3096371171332567,-0.364384412766,0.4531738144137995,-0.0850490450513532,-0.364384412766,953.186430678466,722.6991150442478,730.0,735.0
913,940,15.216666666666669,15.666666666666666,0.482807427645,-0.297443240881,-0.364384412766,0.5308783572174127,-0.3070257374604562,-0.364384412766,0.4531738144137995,-0.0850490450513532,-0.364384412766,951.060831781502,721.6114214773432,730.0,735.0
914,941,15.233333333333333,15.683333333333334,0.482807427645,-0.297443240881,-0.364384412766,0.5316386748450638,-0.3062990431287228,-0.364384412766,0.4531738144137995,-0.0850490450513532,-0.364384412766,950.5444444444444,720.9185185185186,730.0,735.0
915,942,15.25,15.7,0.482807427645,-0.297443240881,-0.364384412766,0.529922235815351,-0.3040344168821461,-0.364384412766,0.4531738144137995,-0.0850490450513532,-0.364384412766,948.2794666666666,722.1653333333333,730.0,735.0
916,943,15.266666666666667,15.716666666666669,0.482807427645,-0.297443240881,-0.364384412766,0.5301582738600741,-0.3037050630346384,-0.364384412766,0.4531738144137995,-0.0850490450513532,-0.364384412766,948.0280065897858,721.941790225151,730.0,735.0
917,944,15.283333333333331,15.733333333333333,0.482807427645,-0.297443240881,-0.364384412766,0.5305083420319273,-0.3027089657054828,-0.364384412766,0.4531738144137995,-0.0850490450513532,-0.364384412766,947.2091038406828,721.5689900426743,730.0,735.0
918,945,15.3,15.75,0.482807427645,-0.297443240881,-0.364384412766,0.5282723554245425,-0.3027545495945126,-0.364384412766,0.4531738144137995,-0.0850490450513532,-0.364384412766,946.8902953586496,723.4367088607595,730.0,735.0
919,946,15.316666666666666,15.766666666666667,0.482807427645,-0.297443240881,-0.364384412766,0.5274950575616794,-0.3042131909667748,-0.364384412766,0.4531738144137995,-0.0850490450513532,-0.364384412766,948.0469831849654,724.2032640949554,730.0,735.0
920,947,15.333333333333334,15.783333333333331,0.482807427645,-0.297443240881,-0.364384412766,0.526935994906985,-0.3048191102054004,-0.364384412766,0.4531738144137995,-0.0850490450513532,-0.364384412766,948.4895674300254,724.7185750636131,730.0,735.0
921,948,15.35,15.8,0.482807427645,-0.297443240881,-0.364384412766,0.527262325261806,-0.3063035105520723,-0.364384412766,0.4531738144137995,-0.0850490450513532,-0.364384412766,949.846006695361,724.5671927307508,730.0,735.0
922,949,15.366666666666667,15.816666666666666,0.482807427645,-0.297443240881,-0.364384412766,0.5255968666368596,-0.3088833485818897,-0.364384412766,0.4531738144137995,-0.0850490450513532,-0.364384412766,951.845140032949,726.1652937946183,730.0,735.0
923,950,15.383333333333333,15.833333333333334,0.482807427645,-0.297443240881,-0.364384412766,0.5202917618615758,-0.3133208129132124,-0.364384412766,0.4531738144137995,-0.0850490450513532,-0.364384412766,954.892095357591,730.948557089084,730.0,735.0
924,951,15.4,15.85,0.482807427645,-0.297443240881,-0.364384412766,0.5243837294614122,-0.3150872288790135,-0.364384412766,0.4531738144137995,-0.0850490450513532,-0.364384412766,957.1006381934216,727.6809032891507,730.0,735.0
925,952,15.416666666666666,15.866666666666667,0.482807427645,-0.297443240881,-0.364384412766,0.5217832560571218,-0.3163940586432651,-0.364384412766,0.4531738144137995,-0.0850490450513532,-0.364384412766,957.8313550939664,729.9549950544015,730.0,735.0
926,953,15.433333333333334,15.883333333333333,0.482807427645,-0.297443240881,-0.364384412766,0.5191971996314078,-0.319537651709412,-0.364384412766,0.4531738144137995,-0.0850490450513532,-0.364384412766,960.1780078895464,732.3663708086784,730.0,735.0
927,954,15.45,15.9,0.482807427645,-0.297443240881,-0.364384412766,0.5199942333416957,-0.3219328865865908,-0.364384412766,0.4531738144137995,-0.0850490450513532,-0.364384412766,962.4101713653952,731.8966279712548,730.0,735.0
928,955,15.466666666666669,15.916666666666666,0.482807427645,-0.297443240881,-0.364384412766,0.5192645199843934,-0.3233634597473139,-0.364384412766,0.4531738144137995,-0.0850490450513532,-0.364384412766,963.5498377375984,732.6212331942512,730.0,735.0
929,956,15.483333333333333,15.933333333333334,0.482807427645,-0.297443240881,-0.364384412766,0.5197165553548964,-0.3246345877367173,-0.364384412766,0.4531738144137995,-0.0850490450513532,-0.364384412766,964.7390887290168,732.3477218225419,730.0,735.0
930,957,15.5,15.95,0.482807427645,-0.297443240881,-0.364384412766,0.518676143921966,-0.3256029686093916,-0.364384412766,0.4531738144137995,-0.0850490450513532,-0.364384412766,965.4228486646884,733.2937685459941,730.0,735.0
931,958,15.516666666666667,15.966666666666669,0.482807427645,-0.297443240881,-0.364384412766,0.5181196773352955,-0.3261993865342113,-0.364384412766,0.4531738144137995,-0.0850490450513532,-0.364384412766,965.8575025176232,733.806143001007,730.0,735.0
932,959,15.533333333333331,15.983333333333333,0.482807427645,-0.297443240881,-0.364384412766,0.51832381257094,-0.326621703118095,-0.364384412766,0.4531738144137995,-0.0850490450513532,-0.364384412766,966.2612752721616,733.6702954898911,730.0,735.0
933,960,15.55,16.0,0.482807427645,-0.297443240881,-0.364384412766,0.5178557159071465,-0.3269166992852573,-0.364384412766,0.4531738144137995,-0.0850490450513532,-0.364384412766,966.445308449974,734.0844997407983,730.0,735.0
934,961,15.566666666666666,16.016666666666666,0.482807427645,-0.297443240881,-0.364384412766,0.5173517802118078,-0.3267882560006708,-0.364384412766,0.4531738144137995,-0.0850490450513532,-0.364384412766,966.251592356688,734.494161358811,730.0,735.0
935,962,15.583333333333334,16.033333333333335,0.482807427645,-0.297443240881,-0.364384412766,0.5158633690573481,-0.3260931443478586,-0.364384412766,0.4531738144137995,-0.0850490450513532,-0.364384412766,965.4020512820512,735.6784615384615,730.0,735.0
936,963,15.6,16.05,0.482807427645,-0.297443240881,-0.364384412766,0.5135525827334864,-0.3254175536525844,-0.364384412766,0.4531738144137995,-0.0850490450513532,-0.364384412766,964.4376762549352,737.5499153976311,730.0,735.0
937,964,15.616666666666667,16.066666666666666,0.482807427645,-0.297443240881,-0.364384412766,0.5104056036016074,-0.3244107762882692,-0.364384412766,0.4531738144137995,-0.0850490450513532,-0.364384412766,963.048148148148,740.0915343915343,730.0,735.0
938,965,15.633333333333333,16.083333333333332,0.482807427645,-0.297443240881,-0.364384412766,0.5093781333748966,-0.3240508351587089,-0.364384412766,0.4531738144137995,-0.0850490450513532,-0.364384412766,962.5670356703566,740.9188191881918,730.0,735.0
939,966,15.65,16.1,0.482807427645,-0.297443240881,-0.364384412766,0.5078731435218674,-0.3238890443954344,-0.364384412766,0.4531738144137995,-0.0850490450513532,-0.364384412766,962.1833636915604,742.1602914389799,730.0,735.0
940,967,15.666666666666666,16.116666666666667,0.482807427645,-0.297443240881,-0.364384412766,0.5067682464116072,-0.3225258508311955,-0.364384412766,0.4531738144137995,-0.0850490450513532,-0.364384412766,960.808453718566,742.9705724986624,730.0,735.0
941,968,15.683333333333334,16.133333333333333,0.482807427645,-0.297443240881,-0.364384412766,0.5030318655036757,-0.3218489030802248,-0.364384412766,0.4531738144137995,-0.0850490450513532,-0.364384412766,959.6140921409212,746.0303523035229,730.0,735.0
942,969,15.7,16.15,0.482807427645,-0.297443240881,-0.364384412766,0.5017935169050217,-0.3229081290414793,-0.364384412766,0.4531738144137995,-0.0850490450513532,-0.364384412766,960.3458937198068,747.1487922705313,730.0,735.0
943,970,15.716666666666669,16.166666666666668,0.482807427645,-0.297443240881,-0.364384412766,0.5005222665489402,-0.3224272558867328,-0.364384412766,0.4531738144137995,-0.0850490450513532,-0.364384412766,959.7194163860828,748.1694725028058,730.0,735.0
944,971,15.733333333333333,16.183333333333334,0.482807427645,-0.297443240881,-0.364384412766,0.5007422133341075,-0.3237026064954421,-0.364384412766,0.4531738144137995,-0.0850490450513532,-0.364384412766,960.875128998968,748.0897832817337,730.0,735.0
945,972,15.75,16.2,0.482807427645,-0.297443240881,-0.364384412766,0.5002639718433742,-0.3239767871505926,-0.364384412766,0.4531738144137995,-0.0850490450513532,-0.364384412766,961.0392473118278,748.510752688172,730.0,735.0
946,973,15.766666666666667,16.216666666666665,0.482807427645,-0.297443240881,-0.364384412766,0.4988125791179099,-0.3270269863937752,-0.364384412766,0.4531738144137995,-0.0850490450513532,-0.364384412766,963.4859550561798,749.9686329588014,730.0,735.0
947,974,15.783333333333331,16.233333333333334,0.482807427645,-0.297443240881,-0.364384412766,0.4998459760896832,-0.326315884359836,-0.364384412766,0.4531738144137995,-0.0850490450513532,-0.364384412766,963.0270924044509,749.0493468795355,730.0,735.0
948,975,15.8,16.25,0.482807427645,-0.297443240881,-0.364384412766,0.5005292545623933,-0.3281712486986344,-0.364384412766,0.4531738144137995,-0.0850490450513532,-0.364384412766,964.7667154709612,748.630551488531,730.0,735.0
949,976,15.816666666666666,16.266666666666666,0.482807427645,-0.297443240881,-0.364384412766,0.5017742719603245,-0.3281554011692905,-0.364384412766,0.4531738144137995,-0.0850490450513532,-0.364384412766,964.9526066350712,747.591363875724,730.0,735.0
950,977,15.833333333333334,16.283333333333335,0.482807427645,-0.297443240881,-0.364384412766,0.50174842841785,-0.3279790363478242,-0.364384412766,0.4531738144137995,-0.0850490450513532,-0.364384412766,964.7935200439318,747.5985722130697,730.0,735.0
951,978,15.85,16.3,0.482807427645,-0.297443240881,-0.364384412766,0.503536488935209,-0.3280576996014334,-0.364384412766,0.4531738144137995,-0.0850490450513532,-0.364384412766,965.1495934959348,746.1143631436314,730.0,735.0
952,979,15.866666666666667,16.316666666666666,0.482807427645,-0.297443240881,-0.364384412766,0.503778453813441,-0.3269613011030622,-0.364384412766,0.4531738144137995,-0.0850490450513532,-0.364384412766,964.2252252252252,745.8235294117648,730.0,735.0
953,980,15.883333333333333,16.333333333333332,0.482807427645,-0.297443240881,-0.364384412766,0.5061826438717658,-0.3259152992748476,-0.364384412766,0.4531738144137995,-0.0850490450513532,-0.364384412766,963.6921476859072,743.7342693707748,730.0,735.0
954,981,15.9,16.35,0.482807427645,-0.297443240881,-0.364384412766,0.5059964855041249,-0.3254094881166191,-0.364384412766,0.4531738144137995,-0.0850490450513532,-0.364384412766,963.2179089026914,743.8483436853002,730.0,735.0
955,982,15.916666666666666,16.366666666666667,0.482807427645,-0.297443240881,-0.364384412766,0.5066455677052151,-0.3233452243521565,-0.364384412766,0.4531738144137995,-0.0850490450513532,-0.364384412766,961.5085959885388,743.1394460362942,730.0,735.0
956,983,15.933333333333334,16.383333333333333,0.482807427645,-0.297443240881,-0.364384412766,0.5078506829912147,-0.3213397024743184,-0.364384412766,0.4531738144137995,-0.0850490450513532,-0.364384412766,959.9401266551524,741.971790443293,730.0,735.0
957,984,15.95,16.4,0.482807427645,-0.297443240881,-0.364384412766,0.5084660612260393,-0.3191772399320308,-0.364384412766,0.4531738144137995,-0.0850490450513532,-0.364384412766,958.1391355831852,741.283007696862,730.0,735.0
958,985,15.966666666666669,16.416666666666668,0.482807427645,-0.297443240881,-0.364384412766,0.5086329123163817,-0.3169495948379021,-0.364384412766,0.4531738144137995,-0.0850490450513532,-0.364384412766,956.2088963963964,740.9628378378378,730.0,735.0
959,986,15.983333333333333,16.433333333333334,0.482807427645,-0.297443240881,-0.364384412766,0.5084275515362865,-0.3156440350418866,-0.364384412766,0.4531738144137995,-0.0850490450513532,-0.364384412766,955.0289855072464,741.0279119699409,730.0,735.0
960,987,16.0,16.45,0.482807427645,-0.297443240881,-0.364384412766,0.508356768990584,-0.3134077916525736,-0.364384412766,0.4531738144137995,-0.0850490450513532,-0.364384412766,953.0530546623794,740.9051446945338,730.0,735.0
961,988,16.016666666666666,16.466666666666665,0.482807427645,-0.297443240881,-0.364384412766,0.5086422837952018,-0.3117675140359878,-0.364384412766,0.4531738144137995,-0.0850490450513532,-0.364384412766,951.6578703703703,740.5337962962961,730.0,735.0
962,989,16.033333333333335,16.483333333333334,0.482807427645,-0.297443240881,-0.364384412766,0.5096982468345815,-0.3098468160636684,-0.364384412766,0.4531738144137995,-0.0850490450513532,-0.364384412766,950.1399825021872,739.497375328084,730.0,735.0
963,990,16.05,16.5,0.482807427645,-0.297443240881,-0.364384412766,0.5103156167592712,-0.3089051123711784,-0.364384412766,0.4531738144137995,-0.0850490450513532,-0.364384412766,949.4117647058824,738.906162464986,730.0,735.0
964,991,16.066666666666666,16.516666666666666,0.482807427645,-0.297443240881,-0.364384412766,0.5109534417644109,-0.3061902099077495,-0.364384412766,0.4531738144137995,-0.0850490450513532,-0.364384412766,947.1290499725424,738.1537616694123,730.0,735.0
965,992,16.083333333333332,16.533333333333335,0.482807427645,-0.297443240881,-0.364384412766,0.510618097574972,-0.3061916777198287,-0.364384412766,0.4531738144137995,-0.0850490450513532,-0.364384412766,947.0765199161424,738.4334381551362,730.0,735.0
966,993,16.1,16.55,0.482807427645,-0.297443240881,-0.364384412766,0.5098722033399332,-0.3066992412025014,-0.364384412766,0.4531738144137995,-0.0850490450513532,-0.364384412766,947.4027125717264,739.0965049556598,730.0,735.0
967,994,16.116666666666667,16.566666666666666,0.482807427645,-0.297443240881,-0.364384412766,0.5098981957623376,-0.3078175703881313,-0.364384412766,0.4531738144137995,-0.0850490450513532,-0.364384412766,948.3893518518518,739.1657407407406,730.0,735.0
968,995,16.133333333333333,16.583333333333332,0.482807427645,-0.297443240881,-0.364384412766,0.5098831266055348,-0.309973985249938,-0.364384412766,0.4531738144137995,-0.0850490450513532,-0.364384412766,950.2813738441216,739.3535887274328,730.0,735.0
969,996,16.15,16.6,0.482807427645,-0.297443240881,-0.364384412766,0.5123390451098028,-0.3100831048849753,-0.364384412766,0.4531738144137995,-0.0850490450513532,-0.364384412766,950.7713884992988,737.3151005142589,730.0,735.0
970,997,16.166666666666668,16.616666666666667,0.482807427645,-0.297443240881,-0.364384412766,0.5112882316241529,-0.3136678110339052,-0.364384412766,0.4531738144137995,-0.0850490450513532,-0.364384412766,953.7519571487431,738.4824886691388,730.0,735.0
971,998,16.183333333333334,16.633333333333333,0.482807427645,-0.297443240881,-0.364384412766,0.5138914540640239,-0.3134007037786416,-0.364384412766,0.4531738144137995,-0.0850490450513532,-0.364384412766,953.935092127303,736.2906197654941,730.0,735.0
972,999,16.2,16.65,0.482807427645,-0.297443240881,-0.364384412766,0.5142791501153089,-0.3133880394291947,-0.364384412766,0.4531738144137995,-0.0850490450513532,-0.364384412766,953.986187845304,735.9663904235726,730.0,735.0
973,1000,16.216666666666665,16.666666666666668,0.482807427645,-0.297443240881,-0.364384412766,0.5160336622807736,-0.3152806824853519,-0.364384412766,0.4531738144137995,-0.0850490450513532,-0.364384412766,955.9304835924006,734.6575993091536,730.0,735.0
974,1001,16.233333333333334,16.683333333333334,0.482807427645,-0.297443240881,-0.364384412766,0.5153333019851792,-0.315743201900006,-0.364384412766,0.4531738144137995,-0.0850490450513532,-0.364384412766,956.2244121715077,735.2790456431535,730.0,735.0
975,1002,16.25,16.7,0.482807427645,-0.297443240881,-0.364384412766,0.5178994311488387,-0.318123965735683,-0.364384412766,0.4531738144137995,-0.0850490450513532,-0.364384412766,958.7277856135402,733.3333333333333,730.0,735.0
976,1003,16.266666666666666,16.716666666666665,0.482807427645,-0.297443240881,-0.364384412766,0.5209336140661602,-0.317451993873758,-0.364384412766,0.4531738144137995,-0.0850490450513532,-0.364384412766,958.6244064577396,730.7492877492878,730.0,735.0
977,1004,16.283333333333335,16.733333333333334,0.482807427645,-0.297443240881,-0.364384412766,0.5201964582227878,-0.3182577310863542,-0.364384412766,0.4531738144137995,-0.0850490450513532,-0.364384412766,959.2139513108611,731.4293071161048,730.0,735.0
978,1005,16.3,16.75,0.482807427645,-0.297443240881,-0.364384412766,0.5207922946761986,-0.3193729554545644,-0.364384412766,0.4531738144137995,-0.0850490450513532,-0.364384412766,960.2893175074184,731.0232443125618,730.0,735.0
979,1006,16.316666666666666,16.766666666666666,0.482807427645,-0.297443240881,-0.364384412766,0.5190316898547721,-0.3189228661912452,-0.364384412766,0.4531738144137995,-0.0850490450513532,-0.364384412766,959.6113475177305,732.4543735224586,730.0,735.0
980,1007,16.333333333333332,16.783333333333335,0.482807427645,-0.297443240881,-0.364384412766,0.5206732312914192,-0.3185951026498953,-0.364384412766,0.4531738144137995,-0.0850490450513532,-0.364384412766,959.5868544600936,731.0592723004694,730.0,735.0
981,1008,16.35,16.8,0.482807427645,-0.297443240881,-0.364384412766,0.5214932515197019,-0.3187526612524888,-0.364384412766,0.4531738144137995,-0.0850490450513532,-0.364384412766,959.85687732342,730.3884758364312,730.0,735.0
982,1009,16.366666666666667,16.816666666666666,0.482807427645,-0.297443240881,-0.364384412766,0.5186592784818683,-0.3187150709251535,-0.364384412766,0.4531738144137995,-0.0850490450513532,-0.364384412766,959.3690280065898,732.7479406919275,730.0,735.0
983,1010,16.383333333333333,16.833333333333332,0.482807427645,-0.297443240881,-0.364384412766,0.5187702805747907,-0.3190335905049578,-0.364384412766,0.4531738144137995,-0.0850490450513532,-0.364384412766,959.6666666666664,732.6812957157784,730.0,735.0
984,1011,16.4,16.85,0.482807427645,-0.297443240881,-0.364384412766,0.5163250059666836,-0.3197322766809179,-0.364384412766,0.4531738144137995,-0.0850490450513532,-0.364384412766,959.8880288957688,734.7765737874097,730.0,735.0
985,1012,16.416666666666668,16.866666666666667,0.482807427645,-0.297443240881,-0.364384412766,0.5172382692187693,-0.3206455012434449,-0.364384412766,0.4531738144137995,-0.0850490450513532,-0.364384412766,960.836879432624,734.089470812875,730.0,735.0
986,1013,16.433333333333334,16.883333333333333,0.482807427645,-0.297443240881,-0.364384412766,0.5166740074789304,-0.3217885606738654,-0.364384412766,0.4531738144137995,-0.0850490450513532,-0.364384412766,961.750514403292,734.6527777777778,730.0,735.0
987,1014,16.45,16.9,0.482807427645,-0.297443240881,-0.364384412766,0.5147839046806774,-0.3225618906665594,-0.364384412766,0.4531738144137995,-0.0850490450513532,-0.364384412766,962.126552053486,736.2913085004775,730.0,735.0
988,1015,16.466666666666665,16.916666666666668,0.482807427645,-0.297443240881,-0.364384412766,0.5155049517713398,-0.3225755091662617,-0.364384412766,0.4531738144137995,-0.0850490450513532,-0.364384412766,962.2542372881356,735.6913199794556,730.0,735.0
989,1016,16.483333333333334,16.933333333333334,0.482807427645,-0.297443240881,-0.364384412766,0.5139701023854473,-0.3230109467196363,-0.364384412766,0.4531738144137995,-0.0850490450513532,-0.364384412766,962.3904465212876,737.006230529595,730.0,735.0
990,1017,16.5,16.95,0.482807427645,-0.297443240881,-0.364384412766,0.5140684141337258,-0.3232044164571758,-0.364384412766,0.4531738144137995,-0.0850490450513532,-0.364384412766,962.5761904761904,736.94,730.0,735.0
991,1018,16.516666666666666,16.966666666666665,0.482807427645,-0.297443240881,-0.364384412766,0.5145479568401236,-0.3253867466944585,-0.364384412766,0.4531738144137995,-0.0850490450513532,-0.364384412766,964.5703599812996,736.7176250584384,730.0,735.0
992,1019,16.533333333333335,16.983333333333334,0.482807427645,-0.297443240881,-0.364384412766,0.5133784535985476,-0.3245377272325852,-0.364384412766,0.4531738144137995,-0.0850490450513532,-0.364384412766,963.6367904396072,737.6235595390525,730.0,735.0
993,1020,16.55,17.0,0.482807427645,-0.297443240881,-0.364384412766,0.5148889251640918,-0.3243237406825278,-0.364384412766,0.4531738144137995,-0.0850490450513532,-0.364384412766,963.6912165848336,736.3469721767594,730.0,735.0
994,1021,16.566666666666666,17.016666666666666,0.482807427645,-0.297443240881,-0.364384412766,0.5146268879881046,-0.3237041926866534,-0.364384412766,0.4531738144137995,-0.0850490450513532,-0.364384412766,963.104880581516,736.5150571131879,730.0,735.0
995,1022,16.583333333333332,17.033333333333335,0.482807427645,-0.297443240881,-0.364384412766,0.517812165019603,-0.3225478749470082,-0.364384412766,0.4531738144137995,-0.0850490450513532,-0.364384412766,962.60024600246,733.7656826568266,730.0,735.0
996,1023,16.6,17.05,0.482807427645,-0.297443240881,-0.364384412766,0.5169898587947651,-0.3227843722315126,-0.364384412766,0.4531738144137995,-0.0850490450513532,-0.364384412766,962.6760398359696,734.4704159343878,730.0,735.0
997,1024,16.616666666666667,17.066666666666666,0.482807427645,-0.297443240881,-0.364384412766,0.5173325049730594,-0.320766694829694,-0.364384412766,0.4531738144137995,-0.0850490450513532,-0.364384412766,960.9584736251402,734.0207631874298,730.0,735.0
998,1025,16.633333333333333,17.083333333333332,0.482807427645,-0.297443240881,-0.364384412766,0.5138854995569974,-0.3183975319758773,-0.364384412766,0.4531738144137995,-0.0850490450513532,-0.364384412766,958.323919554985,736.7017543859648,730.0,735.0
999,1026,16.65,17.1,0.482807427645,-0.297443240881,-0.364384412766,0.5143418087732078,-0.3175029977420268,-0.364384412766,0.4531738144137995,-0.0850490450513532,-0.364384412766,957.6112920738328,736.2486427795874,730.0,735.0
1000,1027,16.666666666666668,17.116666666666667,0.482807427645,-0.297443240881,-0.364384412766,0.5145993524580705,-0.3148666462673656,-0.364384412766,0.4531738144137995,-0.0850490450513532,-0.364384412766,955.3365539452496,735.8196457326892,730.0,735.0
1001,1028,16.683333333333334,17.133333333333333,0.482807427645,-0.297443240881,-0.364384412766,0.5122771713206902,-0.314005294312503,-0.364384412766,0.4531738144137995,-0.0850490450513532,-0.364384412766,954.2071563088512,737.6854990583804,730.0,735.0
1002,1029,16.7,17.15,0.482807427645,-0.297443240881,-0.364384412766,0.5115057452496954,-0.3112874361246068,-0.364384412766,0.4531738144137995,-0.0850490450513532,-0.364384412766,951.6956735496558,738.1076696165192,730.0,735.0
1003,1030,16.716666666666665,17.166666666666668,0.482807427645,-0.297443240881,-0.364384412766,0.5084888882028671,-0.3089959054014469,-0.364384412766,0.4531738144137995,-0.0850490450513532,-0.364384412766,949.1983551040154,740.436381228834,730.0,735.0
1004,1031,16.733333333333334,17.183333333333334,0.482807427645,-0.297443240881,-0.364384412766,0.5083328430976125,-0.3089781330095541,-0.364384412766,0.4531738144137995,-0.0850490450513532,-0.364384412766,949.1576980568012,740.5650224215246,730.0,735.0
1005,1032,16.75,17.2,0.482807427645,-0.297443240881,-0.364384412766,0.5048893966919797,-0.3050305733773598,-0.364384412766,0.4531738144137995,-0.0850490450513532,-0.364384412766,945.1370716510904,743.1147455867082,730.0,735.0
1006,1033,16.766666666666666,17.216666666666665,0.482807427645,-0.297443240881,-0.364384412766,0.5032411978010239,-0.3031762978737576,-0.364384412766,0.4531738144137995,-0.0850490450513532,-0.364384412766,943.2435446009388,744.3380281690141,730.0,735.0
1007,1034,16.783333333333335,17.233333333333334,0.482807427645,-0.297443240881,-0.364384412766,0.5013925336304357,-0.3028443397182842,-0.364384412766,0.4531738144137995,-0.0850490450513532,-0.364384412766,942.6552217453504,745.8521697663328,730.0,735.0
1008,1035,16.8,17.25,0.482807427645,-0.297443240881,-0.364384412766,0.5026803933625258,-0.3051519122062128,-0.364384412766,0.4531738144137995,-0.0850490450513532,-0.364384412766,944.8891454965358,744.9661277906081,730.0,735.0
1009,1036,16.816666666666666,17.266666666666666,0.482807427645,-0.297443240881,-0.364384412766,0.5020284814107012,-0.3055081795698416,-0.364384412766,0.4531738144137995,-0.0850490450513532,-0.364384412766,945.0975056689342,745.5385487528345,730.0,735.0
1010,1037,16.833333333333332,17.283333333333335,0.482807427645,-0.297443240881,-0.364384412766,0.5001870626535576,-0.3031537626311785,-0.364384412766,0.4531738144137995,-0.0850490450513532,-0.364384412766,942.7335874629392,746.8822532825073,730.0,735.0
1011,1038,16.85,17.3,0.482807427645,-0.297443240881,-0.364384412766,0.498841002264332,-0.303748687688029,-0.364384412766,0.4531738144137995,-0.0850490450513532,-0.364384412766,943.0402075226978,748.0527453523562,730.0,735.0
1012,1039,16.866666666666667,17.316666666666666,0.482807427645,-0.297443240881,-0.364384412766,0.498646511812186,-0.304239854801725,-0.364384412766,0.4531738144137995,-0.0850490450513532,-0.364384412766,943.440490797546,748.2548057259713,730.0,735.0
1013,1040,16.883333333333333,17.333333333333332,0.482807427645,-0.297443240881,-0.364384412766,0.4982022470046493,-0.3036513196338412,-0.364384412766,0.4531738144137995,-0.0850490450513532,-0.364384412766,942.8521541950112,748.5773242630385,730.0,735.0
1014,1041,16.9,17.35,0.482807427645,-0.297443240881,-0.364384412766,0.4989391474972334,-0.3070933806466761,-0.364384412766,0.4531738144137995,-0.0850490450513532,-0.364384412766,945.994318181818,748.242803030303,730.0,735.0
1015,1042,16.916666666666668,17.366666666666667,0.482807427645,-0.297443240881,-0.364384412766,0.5008160228171299,-0.307211652708767,-0.364384412766,0.4531738144137995,-0.0850490450513532,-0.364384412766,946.3994424532058,746.6877737953006,730.0,735.0
1016,1043,16.933333333333334,17.383333333333333,0.482807427645,-0.297443240881,-0.364384412766,0.5017631092161299,-0.3045961195399173,-0.364384412766,0.4531738144137995,-0.0850490450513532,-0.364384412766,944.2536585365854,745.6856368563685,730.0,735.0
1017,1044,16.95,17.4,0.482807427645,-0.297443240881,-0.364384412766,0.5038286597784513,-0.3093989168913654,-0.364384412766,0.4531738144137995,-0.0850490450513532,-0.364384412766,948.8044840092316,744.3541048466865,730.0,735.0
1018,1045,16.966666666666665,17.416666666666668,0.482807427645,-0.297443240881,-0.364384412766,0.5047333618143464,-0.306789771045013,-0.364384412766,0.4531738144137995,-0.0850490450513532,-0.364384412766,946.6575091575093,743.3878205128204,730.0,735.0
1019,1046,16.983333333333334,17.433333333333334,0.482807427645,-0.297443240881,-0.364384412766,0.506996687429928,-0.309015143229196,-0.364384412766,0.4531738144137995,-0.0850490450513532,-0.364384412766,948.9757717858538,741.6819069949198,730.0,735.0
1020,1047,17.0,17.45,0.482807427645,-0.297443240881,-0.364384412766,0.5089760779381125,-0.3059071397498475,-0.364384412766,0.4531738144137995,-0.0850490450513532,-0.364384412766,946.5630208333332,739.7791666666666,730.0,735.0
1021,1048,17.016666666666666,17.466666666666665,0.482807427645,-0.297443240881,-0.364384412766,0.5085531616129725,-0.3085739978719012,-0.364384412766,0.4531738144137995,-0.0850490450513532,-0.364384412766,948.8380187416332,740.3485051316376,730.0,735.0
1022,1049,17.033333333333335,17.483333333333334,0.482807427645,-0.297443240881,-0.364384412766,0.5079444175000372,-0.3082823642335074,-0.364384412766,0.4531738144137995,-0.0850490450513532,-0.364384412766,948.4841168996188,740.8322744599745,730.0,735.0
1023,1050,17.05,17.5,0.482807427645,-0.297443240881,-0.364384412766,0.5089747390281669,-0.3093534263555996,-0.364384412766,0.4531738144137995,-0.0850490450513532,-0.364384412766,949.5904166666666,740.0604166666666,730.0,735.0
1024,1051,17.066666666666666,17.516666666666666,0.482807427645,-0.297443240881,-0.364384412766,0.5100851136669268,-0.3077743085930341,-0.364384412766,0.4531738144137995,-0.0850490450513532,-0.364384412766,948.3813443072702,739.0064014631915,730.0,735.0
1025,1052,17.083333333333332,17.533333333333335,0.482807427645,-0.297443240881,-0.364384412766,0.5121623421532727,-0.3052131986683434,-0.364384412766,0.4531738144137995,-0.0850490450513532,-0.364384412766,946.4647490129724,737.0665538635081,730.0,735.0
